<COLLADA xmlns="http://www.collada.org/2005/11/COLLADASchema" version="1.4.1">
  <asset>
    <created>2026-07-22T20:42:48.342323</created>
    <modified>2026-07-22T20:42:48.342323</modified>
    <up_axis>Y_UP</up_axis>
  </asset>
  <library_effects>
    <effect id="e7d2633eebbc4c8babcadfd64919defa" name="e7d2633eebbc4c8babcadfd64919defa">
      <profile_COMMON>
        <technique sid="common">
          <phong>
            <emission>
              <color>0.0 0.0 0.0 1.0</color>
            </emission>
            <ambient>
              <color>0.0 0.0 0.0 1.0</color>
            </ambient>
            <diffuse>
              <color>0.29411764705882354 0.29411764705882354 0.29411764705882354 1.0</color>
            </diffuse>
            <specular>
              <color>0.0 0.0 0.0 1.0</color>
            </specular>
            <shininess>
              <float>0.0</float>
            </shininess>
            <reflective>
              <color>0.0 0.0 0.0 1.0</color>
            </reflective>
            <reflectivity>
              <float>0.0</float>
            </reflectivity>
            <transparent>
              <color>0.0 0.0 0.0 1.0</color>
            </transparent>
            <transparency>
              <float>1.0</float>
            </transparency>
          </phong>
        </technique>
        <extra>
          <technique profile="GOOGLEEARTH">
            <double_sided>0</double_sided>
          </technique>
        </extra>
      </profile_COMMON>
    </effect>
  </library_effects>
  <library_geometries>
    <geometry id="b0acf54406b74978abf8720522401064" name="917b6445ac74484c835adb71e181fc52">
      <mesh>
        <source id="verts-array">
          <float_array count="6105" id="verts-array-array">0.008213564 0.001433553 -0.01318937 0.009887384 0.001433553 -0.01151555 0.008213564 -0.001066447 -0.01318937 0.009887384 -0.001066447 -0.01151555 0.009887384 0.001433553 0.004911486 0.008213564 0.001433553 0.006585306 0.009887384 -0.001066447 0.004911486 0.008213564 -0.001066447 0.006585306 0.008826224 0.001433553 0.008871766 0.009757584 0.001433553 0.007940466 0.009975044 0.001433553 0.008107266 0.01111274 0.001433553 0.009484466 0.01022824 0.001433553 0.008212166 0.01050004 0.001433553 0.008247966 0.01217384 0.001433553 0.005524146 0.01140934 0.001433553 0.006672966 0.01124254 0.001433553 0.006455506 0.01022824 0.001433553 0.006183746 0.009975044 0.001433553 0.006288636 0.009887384 0.001433553 0.004911486 0.009757584 0.001433553 0.006455506 0.008213564 0.001433553 0.006585306 0.009590714 0.001433553 0.006672966 0.009485824 0.001433553 0.006926166 0.009450044 0.001433553 0.007197966 0.009485824 0.001433553 0.007469766 0.009590714 0.001433553 0.007722966 0.01077184 0.001433553 0.008212166 0.01102504 0.001433553 0.008107266 0.01278654 0.001433553 0.007810666 0.01124254 0.001433553 0.007940466 0.01140934 0.001433553 0.007722966 0.01151424 0.001433553 0.007469766 0.01155004 0.001433553 0.007197966 0.01151424 0.001433553 0.006926166 0.01102504 0.001433553 0.006288636 0.01077184 0.001433553 0.006183746 0.01050004 0.001433553 0.006147966 0.008213564 0.001433553 0.006585306 0.008826224 0.001433553 0.008871766 0.008213564 -0.001066447 0.006585306 0.008826224 -0.003066447 0.008871766 0.008213564 -0.003066447 0.006585306 0.008826224 0.001433553 0.008871766 0.01111274 0.001433553 0.009484466 0.008826224 -0.003066447 0.008871766 0.01111274 -0.003066447 0.009484466 0.01111274 0.001433553 0.009484466 0.01278654 0.001433553 0.007810666 0.01111274 -0.003066447 0.009484466 0.01278654 -0.003066447 0.007810666 0.01278654 0.001433553 0.007810666 0.01217384 0.001433553 0.005524146 0.01278654 -0.003066447 0.007810666 0.01217384 -0.003066447 0.005524146 0.01217384 0.001433553 0.005524146 0.009887384 0.001433553 0.004911486 0.01217384 -0.003066447 0.005524146 0.009887384 -0.001066447 0.004911486 0.009887384 -0.003066447 0.004911486 -0.01049996 0.001433553 -0.01485203 -0.01077176 0.001433553 -0.01481623 -0.01111266 0.001433553 -0.01608853 -0.01102496 0.001433553 -0.01471133 -0.01278646 0.001433553 -0.01441473 -0.01124246 0.001433553 -0.01454453 -0.01140926 0.001433553 -0.01432703 -0.01049996 0.001433553 -0.01275203 -0.01022816 0.001433553 -0.01278781 -0.009887296 0.001433553 -0.01151555 -0.01140926 0.001433553 -0.01327703 -0.01124246 0.001433553 -0.01305957 -0.01217376 0.001433553 -0.01212821 -0.01102496 0.001433553 -0.0128927 -0.01077176 0.001433553 -0.01278781 -0.01151416 0.001433553 -0.01407383 -0.01154996 0.001433553 -0.01380203 -0.01151416 0.001433553 -0.01353023 -0.009590626 0.001433553 -0.01432703 -0.008826136 0.001433553 -0.01547583 -0.009485736 0.001433553 -0.01407383 -0.008213476 0.001433553 -0.01318937 -0.009449956 0.001433553 -0.01380203 -0.009485736 0.001433553 -0.01353023 -0.009974956 0.001433553 -0.0128927 -0.009757496 0.001433553 -0.01305957 -0.009590626 0.001433553 -0.01327703 -0.009757496 0.001433553 -0.01454453 -0.009974956 0.001433553 -0.01471133 -0.01022816 0.001433553 -0.01481623 -0.008213476 0.001433553 -0.01318937 -0.008826136 0.001433553 -0.01547583 -0.008213476 -0.001066447 -0.01318937 -0.008826136 -0.003066447 -0.01547583 -0.008213476 -0.003066447 -0.01318937 -0.008826136 0.001433553 -0.01547583 -0.01111266 0.001433553 -0.01608853 -0.008826136 -0.003066447 -0.01547583 -0.01111266 -0.003066447 -0.01608853 -0.01111266 0.001433553 -0.01608853 -0.01278646 0.001433553 -0.01441473 -0.01111266 -0.003066447 -0.01608853 -0.01278646 -0.003066447 -0.01441473 -0.01278646 0.001433553 -0.01441473 -0.01217376 0.001433553 -0.01212821 -0.01278646 -0.003066447 -0.01441473 -0.01217376 -0.003066447 -0.01212821 -0.01217376 0.001433553 -0.01212821 -0.009887296 0.001433553 -0.01151555 -0.01217376 -0.003066447 -0.01212821 -0.009887296 -0.001066447 -0.01151555 -0.009887296 -0.003066447 -0.01151555 -0.009887296 0.001433553 -0.01151555 -0.008213476 0.001433553 -0.01318937 -0.009887296 -0.001066447 -0.01151555 -0.008213476 -0.001066447 -0.01318937 0.01102504 0.001433553 -0.01471133 0.01077184 0.001433553 -0.01481623 0.01111274 0.001433553 -0.01608853 0.01050004 0.001433553 -0.01485203 0.008826224 0.001433553 -0.01547583 0.01022824 0.001433553 -0.01481623 0.009975044 0.001433553 -0.01471133 0.009757584 0.001433553 -0.01454453 0.009590714 0.001433553 -0.01432703 0.008213564 0.001433553 -0.01318937 0.009485824 0.001433553 -0.01407383 0.009450044 0.001433553 -0.01380203 0.009485824 0.001433553 -0.01353023 0.009590714 0.001433553 -0.01327703 0.009887384 0.001433553 -0.01151555 0.009757584 0.001433553 -0.01305957 0.009975044 0.001433553 -0.0128927 0.01022824 0.001433553 -0.01278781 0.01050004 0.001433553 -0.01275203 0.01217384 0.001433553 -0.01212821 0.01077184 0.001433553 -0.01278781 0.01102504 0.001433553 -0.0128927 0.01155004 0.001433553 -0.01380203 0.01151424 0.001433553 -0.01407383 0.01278654 0.001433553 -0.01441473 0.01140934 0.001433553 -0.01432703 0.01124254 0.001433553 -0.01454453 0.01124254 0.001433553 -0.01305957 0.01140934 0.001433553 -0.01327703 0.01151424 0.001433553 -0.01353023 0.009887384 0.001433553 -0.01151555 0.01217384 0.001433553 -0.01212821 0.009887384 -0.001066447 -0.01151555 0.01217384 -0.003066447 -0.01212821 0.009887384 -0.003066447 -0.01151555 0.01217384 0.001433553 -0.01212821 0.01278654 0.001433553 -0.01441473 0.01217384 -0.003066447 -0.01212821 0.01278654 -0.003066447 -0.01441473 0.01278654 0.001433553 -0.01441473 0.01111274 0.001433553 -0.01608853 0.01278654 -0.003066447 -0.01441473 0.01111274 -0.003066447 -0.01608853 0.01111274 0.001433553 -0.01608853 0.008826224 0.001433553 -0.01547583 0.01111274 -0.003066447 -0.01608853 0.008826224 -0.003066447 -0.01547583 0.008826224 0.001433553 -0.01547583 0.008213564 0.001433553 -0.01318937 0.008826224 -0.003066447 -0.01547583 0.008213564 -0.001066447 -0.01318937 0.008213564 -0.003066447 -0.01318937 -0.009887296 -0.003066447 -0.01151555 -0.009887296 -0.001066447 -0.01151555 -0.005356226 -0.003066447 -0.006984484 -0.005356226 -0.001066447 -0.006984484 -0.008213476 -0.001066447 -0.01318937 -0.008213476 -0.003066447 -0.01318937 -0.003682406 -0.001066447 -0.008658304 -0.003682406 -0.003066447 -0.008658304 -0.008213476 -0.001066447 -0.01318937 -0.003682406 -0.001066447 -0.008658304 -0.004276556 -0.001066447 -0.008196994 -0.009887296 -0.001066447 -0.01151555 -0.005081856 -0.001066447 -0.007354714 -0.005356226 -0.001066447 -0.006984484 0.009887384 -0.003066447 0.004911486 0.009887384 -0.001066447 0.004911486 0.005356314 -0.003066447 0.0003804164 0.005356314 -0.001066447 0.0003804164 0.008213564 -0.001066447 0.006585306 0.008213564 -0.003066447 0.006585306 0.003682494 -0.001066447 0.002054236 0.003682494 -0.003066447 0.002054236 0.004698214 -0.001066447 0.001189876 0.005356314 -0.001066447 0.0003804164 0.009887384 -0.001066447 0.004911486 0.003820644 -0.001066447 0.001956576 0.008213564 -0.001066447 0.006585306 0.003682494 -0.001066447 0.002054236 0.008213564 -0.003066447 -0.01318937 0.008213564 -0.001066447 -0.01318937 0.003682494 -0.003066447 -0.008658304 0.003682494 -0.001066447 -0.008658304 0.009887384 -0.001066447 -0.01151555 0.009887384 -0.003066447 -0.01151555 0.005356314 -0.001066447 -0.006984484 0.005356314 -0.003066447 -0.006984484 0.004276644 -0.001066447 -0.008196994 0.003682494 -0.001066447 -0.008658304 0.008213564 -0.001066447 -0.01318937 0.005081944 -0.001066447 -0.007354714 0.009887384 -0.001066447 -0.01151555 0.005356314 -0.001066447 -0.006984484 0.01050004 0.001433553 0.008247966 0.01050004 0.003433553 0.008247966 0.01077184 0.001433553 0.008212166 0.01077184 0.003433553 0.008212166 0.01102504 0.001433553 0.008107266 0.01102504 0.003433553 0.008107266 0.01124254 0.001433553 0.007940466 0.01124254 0.003433553 0.007940466 0.01140934 0.001433553 0.007722966 0.01140934 0.003433553 0.007722966 0.01151424 0.001433553 0.007469766 0.01151424 0.003433553 0.007469766 0.01155004 0.001433553 0.007197966 0.01155004 0.003433553 0.007197966 0.01151424 0.001433553 0.006926166 0.01151424 0.003433553 0.006926166 0.01140934 0.001433553 0.006672966 0.01140934 0.003433553 0.006672966 0.01124254 0.001433553 0.006455506 0.01124254 0.003433553 0.006455506 0.01102504 0.001433553 0.006288636 0.01102504 0.003433553 0.006288636 0.01077184 0.001433553 0.006183746 0.01077184 0.003433553 0.006183746 0.01050004 0.001433553 0.006147966 0.01050004 0.003433553 0.006147966 0.01022824 0.001433553 0.006183746 0.01022824 0.003433553 0.006183746 0.009975044 0.001433553 0.006288636 0.009975044 0.003433553 0.006288636 0.009757584 0.001433553 0.006455506 0.009757584 0.003433553 0.006455506 0.009590714 0.001433553 0.006672966 0.009590714 0.003433553 0.006672966 0.009485824 0.001433553 0.006926166 0.009485824 0.003433553 0.006926166 0.009450044 0.001433553 0.007197966 0.009450044 0.003433553 0.007197966 0.009485824 0.001433553 0.007469766 0.009485824 0.003433553 0.007469766 0.009590714 0.001433553 0.007722966 0.009590714 0.003433553 0.007722966 0.009757584 0.001433553 0.007940466 0.009757584 0.003433553 0.007940466 0.009975044 0.001433553 0.008107266 0.009975044 0.003433553 0.008107266 0.01022824 0.001433553 0.008212166 0.01022824 0.003433553 0.008212166 0.01050004 0.001433553 -0.01275203 0.01050004 0.003433553 -0.01275203 0.01077184 0.001433553 -0.01278781 0.01077184 0.003433553 -0.01278781 0.01102504 0.001433553 -0.0128927 0.01102504 0.003433553 -0.0128927 0.01124254 0.001433553 -0.01305957 0.01124254 0.003433553 -0.01305957 0.01140934 0.001433553 -0.01327703 0.01140934 0.003433553 -0.01327703 0.01151424 0.001433553 -0.01353023 0.01151424 0.003433553 -0.01353023 0.01155004 0.001433553 -0.01380203 0.01155004 0.003433553 -0.01380203 0.01151424 0.001433553 -0.01407383 0.01151424 0.003433553 -0.01407383 0.01140934 0.001433553 -0.01432703 0.01140934 0.003433553 -0.01432703 0.01124254 0.001433553 -0.01454453 0.01124254 0.003433553 -0.01454453 0.01102504 0.001433553 -0.01471133 0.01102504 0.003433553 -0.01471133 0.01077184 0.001433553 -0.01481623 0.01077184 0.003433553 -0.01481623 0.01050004 0.001433553 -0.01485203 0.01050004 0.003433553 -0.01485203 0.01022824 0.001433553 -0.01481623 0.01022824 0.003433553 -0.01481623 0.009975044 0.001433553 -0.01471133 0.009975044 0.003433553 -0.01471133 0.009757584 0.001433553 -0.01454453 0.009757584 0.003433553 -0.01454453 0.009590714 0.001433553 -0.01432703 0.009590714 0.003433553 -0.01432703 0.009485824 0.001433553 -0.01407383 0.009485824 0.003433553 -0.01407383 0.009450044 0.001433553 -0.01380203 0.009450044 0.003433553 -0.01380203 0.009485824 0.001433553 -0.01353023 0.009485824 0.003433553 -0.01353023 0.009590714 0.001433553 -0.01327703 0.009590714 0.003433553 -0.01327703 0.009757584 0.001433553 -0.01305957 0.009757584 0.003433553 -0.01305957 0.009975044 0.001433553 -0.0128927 0.009975044 0.003433553 -0.0128927 0.01022824 0.001433553 -0.01278781 0.01022824 0.003433553 -0.01278781 -0.01049996 0.001433553 0.008247966 -0.01049996 0.003433553 0.008247966 -0.01022816 0.001433553 0.008212166 -0.01022816 0.003433553 0.008212166 -0.009974956 0.001433553 0.008107266 -0.009974956 0.003433553 0.008107266 -0.009757496 0.001433553 0.007940466 -0.009757496 0.003433553 0.007940466 -0.009590626 0.001433553 0.007722966 -0.009590626 0.003433553 0.007722966 -0.009485736 0.001433553 0.007469766 -0.009485736 0.003433553 0.007469766 -0.009449956 0.001433553 0.007197966 -0.009449956 0.003433553 0.007197966 -0.009485736 0.001433553 0.006926166 -0.009485736 0.003433553 0.006926166 -0.009590626 0.001433553 0.006672966 -0.009590626 0.003433553 0.006672966 -0.009757496 0.001433553 0.006455506 -0.009757496 0.003433553 0.006455506 -0.009974956 0.001433553 0.006288636 -0.009974956 0.003433553 0.006288636 -0.01022816 0.001433553 0.006183746 -0.01022816 0.003433553 0.006183746 -0.01049996 0.001433553 0.006147966 -0.01049996 0.003433553 0.006147966 -0.01077176 0.001433553 0.006183746 -0.01077176 0.003433553 0.006183746 -0.01102496 0.001433553 0.006288636 -0.01102496 0.003433553 0.006288636 -0.01124246 0.001433553 0.006455506 -0.01124246 0.003433553 0.006455506 -0.01140926 0.001433553 0.006672966 -0.01140926 0.003433553 0.006672966 -0.01151416 0.001433553 0.006926166 -0.01151416 0.003433553 0.006926166 -0.01154996 0.001433553 0.007197966 -0.01154996 0.003433553 0.007197966 -0.01151416 0.001433553 0.007469766 -0.01151416 0.003433553 0.007469766 -0.01140926 0.001433553 0.007722966 -0.01140926 0.003433553 0.007722966 -0.01124246 0.001433553 0.007940466 -0.01124246 0.003433553 0.007940466 -0.01102496 0.001433553 0.008107266 -0.01102496 0.003433553 0.008107266 -0.01077176 0.001433553 0.008212166 -0.01077176 0.003433553 0.008212166 -0.01049996 0.001433553 -0.01275203 -0.01049996 0.003433553 -0.01275203 -0.01022816 0.001433553 -0.01278781 -0.01022816 0.003433553 -0.01278781 -0.009974956 0.001433553 -0.0128927 -0.009974956 0.003433553 -0.0128927 -0.009757496 0.001433553 -0.01305957 -0.009757496 0.003433553 -0.01305957 -0.009590626 0.001433553 -0.01327703 -0.009590626 0.003433553 -0.01327703 -0.009485736 0.001433553 -0.01353023 -0.009485736 0.003433553 -0.01353023 -0.009449956 0.001433553 -0.01380203 -0.009449956 0.003433553 -0.01380203 -0.009485736 0.001433553 -0.01407383 -0.009485736 0.003433553 -0.01407383 -0.009590626 0.001433553 -0.01432703 -0.009590626 0.003433553 -0.01432703 -0.009757496 0.001433553 -0.01454453 -0.009757496 0.003433553 -0.01454453 -0.009974956 0.001433553 -0.01471133 -0.009974956 0.003433553 -0.01471133 -0.01022816 0.001433553 -0.01481623 -0.01022816 0.003433553 -0.01481623 -0.01049996 0.001433553 -0.01485203 -0.01049996 0.003433553 -0.01485203 -0.01077176 0.001433553 -0.01481623 -0.01077176 0.003433553 -0.01481623 -0.01102496 0.001433553 -0.01471133 -0.01102496 0.003433553 -0.01471133 -0.01124246 0.001433553 -0.01454453 -0.01124246 0.003433553 -0.01454453 -0.01140926 0.001433553 -0.01432703 -0.01140926 0.003433553 -0.01432703 -0.01151416 0.001433553 -0.01407383 -0.01151416 0.003433553 -0.01407383 -0.01154996 0.001433553 -0.01380203 -0.01154996 0.003433553 -0.01380203 -0.01151416 0.001433553 -0.01353023 -0.01151416 0.003433553 -0.01353023 -0.01140926 0.001433553 -0.01327703 -0.01140926 0.003433553 -0.01327703 -0.01124246 0.001433553 -0.01305957 -0.01124246 0.003433553 -0.01305957 -0.01102496 0.001433553 -0.0128927 -0.01102496 0.003433553 -0.0128927 -0.01077176 0.001433553 -0.01278781 -0.01077176 0.003433553 -0.01278781 -0.009974956 0.001433553 0.006288636 -0.01022816 0.001433553 0.006183746 -0.009887296 0.001433553 0.004911486 -0.01049996 0.001433553 0.006147966 -0.01217376 0.001433553 0.005524146 -0.01077176 0.001433553 0.006183746 -0.01102496 0.001433553 0.006288636 -0.01102496 0.001433553 0.008107266 -0.01077176 0.001433553 0.008212166 -0.01111266 0.001433553 0.009484466 -0.01049996 0.001433553 0.008247966 -0.008826136 0.001433553 0.008871766 -0.01022816 0.001433553 0.008212166 -0.009974956 0.001433553 0.008107266 -0.01124246 0.001433553 0.006455506 -0.01140926 0.001433553 0.006672966 -0.01278646 0.001433553 0.007810666 -0.01151416 0.001433553 0.006926166 -0.01154996 0.001433553 0.007197966 -0.01151416 0.001433553 0.007469766 -0.01140926 0.001433553 0.007722966 -0.01124246 0.001433553 0.007940466 -0.009757496 0.001433553 0.007940466 -0.009590626 0.001433553 0.007722966 -0.008213476 0.001433553 0.006585306 -0.009485736 0.001433553 0.007469766 -0.009449956 0.001433553 0.007197966 -0.009485736 0.001433553 0.006926166 -0.009590626 0.001433553 0.006672966 -0.009757496 0.001433553 0.006455506 -0.009887296 0.001433553 0.004911486 -0.01217376 0.001433553 0.005524146 -0.009887296 -0.001066447 0.004911486 -0.01217376 -0.003066447 0.005524146 -0.009887296 -0.003066447 0.004911486 -0.01217376 0.001433553 0.005524146 -0.01278646 0.001433553 0.007810666 -0.01217376 -0.003066447 0.005524146 -0.01278646 -0.003066447 0.007810666 -0.01278646 0.001433553 0.007810666 -0.01111266 0.001433553 0.009484466 -0.01278646 -0.003066447 0.007810666 -0.01111266 -0.003066447 0.009484466 -0.01111266 0.001433553 0.009484466 -0.008826136 0.001433553 0.008871766 -0.01111266 -0.003066447 0.009484466 -0.008826136 -0.003066447 0.008871766 -0.008826136 0.001433553 0.008871766 -0.008213476 0.001433553 0.006585306 -0.008826136 -0.003066447 0.008871766 -0.008213476 -0.001066447 0.006585306 -0.008213476 -0.003066447 0.006585306 -0.008213476 0.001433553 0.006585306 -0.009887296 0.001433553 0.004911486 -0.008213476 -0.001066447 0.006585306 -0.009887296 -0.001066447 0.004911486 -0.01349996 0.003433553 -0.01127703 -0.01349996 0.003433553 -0.01450203 -0.01349996 -0.003066447 -0.01450203 -0.01349996 -0.003066447 0.01769797 -0.01349996 0.0001668835 0.01769797 -0.01349996 -0.003066447 0.01299117 -0.01349996 0.003433553 0.007897966 -0.01349996 0.003433553 0.004672966 -0.01349996 0.003433553 0.0009729664 -0.01349996 0.003433553 -0.007577034 -0.01049996 -0.003066447 0.02069797 -0.006999956 -0.003066447 0.02069797 -0.01049996 -6.644654e-05 0.02069797 -0.006999956 -6.644654e-05 0.02069797 -0.006499956 -0.003066447 0.02019797 -0.006499956 -0.003066447 0.01769797 -0.006499956 0.0001002235 0.02019797 -0.006499956 0.0009335535 0.01769797 -0.006401206 -0.003066447 0.01656927 -0.006401206 0.001309793 0.01656927 -0.006107956 -0.003066447 0.01547487 -0.006107956 0.001674593 0.01547487 -0.005629126 -0.003066447 0.01444797 -0.005629126 0.002016883 0.01444797 -0.004979246 -0.003066447 0.01351987 -0.004979246 0.002326263 0.01351987 -0.004450606 -0.003066447 0.01299117 -0.004178076 0.002593313 0.01271867 -0.004178076 -0.003066447 0.01271867 -0.003249956 -0.003066447 0.01206877 -0.003249956 0.002809943 0.01206877 -0.002223086 -0.003066447 0.01158997 -0.002223086 0.002969553 0.01158997 -0.001128666 -0.003066447 0.01129667 -0.001128666 0.003067303 0.01129667 4.436874e-08 -0.003066447 0.01119797 4.436874e-08 0.003100223 0.01119797 0.001128754 -0.003066447 0.01129667 0.001128754 0.003067303 0.01129667 0.002223174 -0.003066447 0.01158997 0.002223174 0.002969553 0.01158997 0.003250044 -0.003066447 0.01206877 0.003250044 0.002809943 0.01206877 0.004178164 -0.003066447 0.01271867 0.004178164 0.002593313 0.01271867 0.004450694 -0.003066447 0.01299117 0.004979334 0.002326263 0.01351987 0.004979334 -0.003066447 0.01351987 0.005629214 -0.003066447 0.01444797 0.005629214 0.002016883 0.01444797 0.006108044 -0.003066447 0.01547487 0.006108044 0.001674593 0.01547487 0.006401294 -0.003066447 0.01656927 0.006401294 0.001309793 0.01656927 0.006500044 -0.003066447 0.01769797 0.006500044 0.0009335535 0.01769797 0.006500044 0.0001002235 0.02019797 0.006500044 -0.003066447 0.02019797 0.01050004 -6.644654e-05 0.02069797 0.007000044 -6.644654e-05 0.02069797 0.01050004 -0.003066447 0.02069797 0.007000044 -0.003066447 0.02069797 0.01350004 0.0001668835 0.01769797 0.01350004 -0.003066447 0.01769797 0.01350004 0.003433553 0.007897966 0.01350004 -0.003066447 0.01299117 0.01350004 0.003433553 0.004672966 0.01350004 0.003433553 -0.01450203 0.01350004 0.003433553 -0.01127703 0.01350004 -0.003066447 -0.01450203 0.01350004 0.003433553 -0.007577034 0.01350004 0.003433553 0.0009729664 0.008950044 0.003433553 -0.01680203 0.01120004 0.003433553 -0.01680203 0.01120004 -0.003066447 -0.01680203 0.007475044 0.003433553 -0.01680203 4.436874e-08 -0.003066447 -0.01680203 -0.007474956 0.003433553 -0.01680203 -0.01119996 -0.003066447 -0.01680203 -0.01119996 0.003433553 -0.01680203 0.01081064 -0.003066447 0.01653887 0.01050004 -0.003066447 0.01649797 0.01350004 -0.003066447 0.01299117 -0.003682406 -0.003066447 -0.008658304 -0.008213476 -0.003066447 -0.01318937 -0.003333806 -0.003066447 -0.008881954 -0.008826136 -0.003066447 -0.01547583 -0.002283896 -0.003066447 -0.009387564 -0.001160576 -0.003066447 -0.009697574 -0.01049996 -0.003066447 -0.004502034 -0.01278646 -0.003066447 -0.01441473 -0.01217376 -0.003066447 -0.01212821 -0.004450606 -0.003066447 0.01299117 -0.008826136 -0.003066447 0.008871766 -0.008213476 -0.003066447 0.006585306 -0.009651426 -0.003066447 -0.004150562 -0.009460726 -0.003066447 -0.003902034 -0.009340846 -0.003066447 -0.003612617 -0.009899956 -0.003066447 -0.004341264 -0.01018936 -0.003066447 -0.004461144 -0.003249956 -0.003066447 0.01206877 -0.004178076 -0.003066447 0.01271867 -0.001729196 -0.003066447 0.002963726 -0.002820196 -0.003066447 0.002554266 -0.003682406 -0.003066447 0.002054236 -0.01349996 -0.003066447 -0.01450203 -0.01342156 -0.003066447 -0.01509733 -0.01319186 -0.003066447 -0.01565203 -0.009887296 -0.003066447 0.004911486 -0.01217376 -0.003066447 0.005524146 -0.01081056 -0.003066447 -0.002142924 -0.01282626 -0.003066447 -0.01612833 -0.01234996 -0.003066447 -0.01649393 -0.01111266 -0.003066447 -0.01608853 4.436874e-08 -0.003066447 -0.009802034 4.436874e-08 -0.003066447 -0.01680203 -0.01119996 -0.003066447 -0.01680203 -0.01179526 -0.003066447 -0.01672363 -0.01049996 -0.003066447 -0.002102034 -0.01018936 -0.003066447 -0.002142924 -0.005356226 -0.003066447 0.0003804164 -0.009899956 -0.003066447 -0.002262804 -0.009651426 -0.003066447 -0.002453506 -0.01081056 -0.003066447 -0.004461144 -0.01109996 -0.003066447 -0.004341264 -0.01134846 -0.003066447 -0.004150562 -0.01165906 -0.003066447 -0.002991451 -0.01153916 -0.003066447 -0.002702034 -0.01153916 -0.003066447 -0.003902034 -0.01165906 -0.003066447 -0.003612617 -0.01169996 -0.003066447 -0.003302034 -0.01111266 -0.003066447 0.009484466 -0.01349996 -0.003066447 0.01299117 -0.01278646 -0.003066447 0.007810666 -0.01134846 -0.003066447 -0.002453506 -0.01109996 -0.003066447 -0.002262804 -0.009887296 -0.003066447 -0.01151555 -0.005356226 -0.003066447 -0.006984484 -0.005723826 -0.003066447 -0.006382184 -0.006181826 -0.003066447 -0.005310644 -0.006441126 -0.003066447 -0.00417455 -0.009299956 -0.003066447 -0.003302034 -0.006493406 -0.003066447 -0.003010413 -0.009340846 -0.003066447 -0.002991451 -0.006336986 -0.003066447 -0.001855644 -0.009460726 -0.003066447 -0.002702034 -0.005976886 -0.003066447 -0.0007473736 -0.005424686 -0.003066447 0.0002787964 0.01111274 -0.003066447 -0.01608853 0.008826224 -0.003066447 -0.01547583 0.008213564 -0.003066447 0.006585306 0.008826224 -0.003066447 0.008871766 0.004450694 -0.003066447 0.01299117 0.008213564 -0.003066447 -0.01318937 0.003682494 -0.003066447 -0.008658304 0.003333894 -0.003066447 -0.008881954 0.002283984 -0.003066447 -0.009387564 0.001160664 -0.003066447 -0.009697574 0.003682494 -0.003066447 0.002054236 0.002820284 -0.003066447 0.002554266 0.001729284 -0.003066447 0.002963726 0.004178164 -0.003066447 0.01271867 0.003250044 -0.003066447 0.01206877 0.002223174 -0.003066447 0.01158997 0.0005826994 -0.003066447 0.003171796 0.001128754 -0.003066447 0.01129667 4.436874e-08 -0.003066447 0.003171796 4.436874e-08 -0.003066447 0.01119797 -0.0005826106 -0.003066447 0.003171796 -0.001128666 -0.003066447 0.01129667 -0.002223086 -0.003066447 0.01158997 0.01110004 -0.003066447 -0.004341264 0.01081064 -0.003066447 -0.004461144 0.01217384 -0.003066447 -0.01212821 0.009887384 -0.003066447 -0.01151555 0.01282634 -0.003066447 -0.01612833 0.01319194 -0.003066447 -0.01565203 0.01278654 -0.003066447 -0.01441473 0.01170004 -0.003066447 -0.003302034 0.01165914 -0.003066447 -0.003612617 0.01120004 -0.003066447 -0.01680203 0.01179534 -0.003066447 -0.01672363 0.01235004 -0.003066447 -0.01649393 0.01350004 -0.003066447 -0.01450203 0.01342164 -0.003066447 -0.01509733 0.01050004 -0.003066447 -0.004502034 0.01018944 -0.003066447 -0.004461144 0.005356314 -0.003066447 -0.006984484 0.01110004 -0.003066447 -0.002262804 0.01134854 -0.003066447 -0.002453506 0.01217384 -0.003066447 0.005524146 0.01153924 -0.003066447 -0.002702034 0.01165914 -0.003066447 -0.002991451 0.01153924 -0.003066447 -0.003902034 0.01134854 -0.003066447 -0.004150562 0.01111274 -0.003066447 0.009484466 0.01278654 -0.003066447 0.007810666 0.01018944 -0.003066447 -0.002142924 0.01050004 -0.003066447 -0.002102034 0.009887384 -0.003066447 0.004911486 0.009460814 -0.003066447 -0.003902034 0.005723914 -0.003066447 -0.006382184 0.009651514 -0.003066447 -0.004150562 0.009900044 -0.003066447 -0.004341264 0.01081064 -0.003066447 -0.002142924 0.009900044 -0.003066447 -0.002262804 0.005356314 -0.003066447 0.0003804164 0.009651514 -0.003066447 -0.002453506 0.005424774 -0.003066447 0.0002787964 0.009460814 -0.003066447 -0.002702034 0.005976974 -0.003066447 -0.0007473736 0.009340934 -0.003066447 -0.002991451 0.006337074 -0.003066447 -0.001855644 0.009300044 -0.003066447 -0.003302034 0.006493494 -0.003066447 -0.003010413 0.009340934 -0.003066447 -0.003612617 0.006441214 -0.003066447 -0.00417455 0.006181914 -0.003066447 -0.005310644 -0.01081056 -0.003066447 0.01653887 -0.01109996 -0.003066447 0.01665877 -0.006999956 -0.003066447 0.02069797 -0.01049996 -0.003066447 0.02069797 -0.01018936 -0.003066447 0.01885707 -0.009651426 -0.003066447 0.01684947 -0.009899956 -0.003066447 0.01665877 -0.01018936 -0.003066447 0.01653887 -0.01049996 -0.003066447 0.01649797 -0.01134846 -0.003066447 0.01684947 -0.01153916 -0.003066447 0.01709797 -0.01349996 -0.003066447 0.01769797 -0.01165906 -0.003066447 0.01738737 -0.01169996 -0.003066447 0.01769797 -0.01339776 -0.003066447 0.01847447 -0.01165906 -0.003066447 0.01800857 -0.01309806 -0.003066447 0.01919797 -0.01153916 -0.003066447 0.01829797 -0.01262126 -0.003066447 0.01981927 -0.01134846 -0.003066447 0.01854647 -0.01199996 -0.003066447 0.02029607 -0.01109996 -0.003066447 0.01873717 -0.01127646 -0.003066447 0.02059577 -0.01081056 -0.003066447 0.01885707 -0.01049996 -0.003066447 0.01889797 -0.009899956 -0.003066447 0.01873717 -0.009651426 -0.003066447 0.01854647 -0.006499956 -0.003066447 0.02019797 -0.009460726 -0.003066447 0.01829797 -0.006499956 -0.003066447 0.01769797 -0.009340846 -0.003066447 0.01800857 -0.009299956 -0.003066447 0.01769797 -0.006401206 -0.003066447 0.01656927 -0.009340846 -0.003066447 0.01738737 -0.006107956 -0.003066447 0.01547487 -0.009460726 -0.003066447 0.01709797 -0.005629126 -0.003066447 0.01444797 -0.004979246 -0.003066447 0.01351987 0.01018944 -0.003066447 0.01653887 0.01050004 -0.003066447 0.02069797 0.007000044 -0.003066447 0.02069797 0.009900044 -0.003066447 0.01873717 0.009900044 -0.003066447 0.01665877 0.009651514 -0.003066447 0.01684947 0.004979334 -0.003066447 0.01351987 0.005629214 -0.003066447 0.01444797 0.006108044 -0.003066447 0.01547487 0.009460814 -0.003066447 0.01709797 0.006401294 -0.003066447 0.01656927 0.009340934 -0.003066447 0.01738737 0.006500044 -0.003066447 0.01769797 0.009300044 -0.003066447 0.01769797 0.009340934 -0.003066447 0.01800857 0.006500044 -0.003066447 0.02019797 0.009460814 -0.003066447 0.01829797 0.009651514 -0.003066447 0.01854647 0.01350004 -0.003066447 0.01769797 0.01165914 -0.003066447 0.01738737 0.01153924 -0.003066447 0.01709797 0.01134854 -0.003066447 0.01684947 0.01110004 -0.003066447 0.01665877 0.01018944 -0.003066447 0.01885707 0.01050004 -0.003066447 0.01889797 0.01127654 -0.003066447 0.02059577 0.01081064 -0.003066447 0.01885707 0.01200004 -0.003066447 0.02029607 0.01110004 -0.003066447 0.01873717 0.01262134 -0.003066447 0.01981927 0.01134854 -0.003066447 0.01854647 0.01309814 -0.003066447 0.01919797 0.01153924 -0.003066447 0.01829797 0.01339784 -0.003066447 0.01847447 0.01165914 -0.003066447 0.01800857 0.01170004 -0.003066447 0.01769797 0.01077184 0.003433553 -0.01278781 0.01050004 0.003433553 -0.01275203 0.01205004 0.003433553 -0.01127703 -0.01194956 0.003433553 -0.001852464 -0.01204996 0.003433553 -0.001983354 -0.01204996 0.003433553 0.0009729664 -0.01140926 0.003433553 0.007722966 -0.01151416 0.003433553 0.007469766 -0.01204996 0.003433553 0.01001847 -0.007474956 0.003433553 0.004672966 -0.01022816 0.003433553 0.006183746 -0.009974956 0.003433553 0.006288636 -0.009757496 0.003433553 0.006455506 -0.009590626 0.003433553 0.006672966 -0.009485736 0.003433553 0.006926166 -0.01119996 0.003433553 0.01019797 -0.01077176 0.003433553 0.008212166 -0.01177066 0.003433553 0.01012607 -0.01102496 0.003433553 0.008107266 -0.01124246 0.003433553 0.007940466 -0.01154996 0.003433553 0.007197966 -0.01151416 0.003433553 0.006926166 -0.01204996 0.003433553 0.004672966 -0.01140926 0.003433553 0.006672966 -0.01124246 0.003433553 0.006455506 -0.01102496 0.003433553 0.006288636 -0.01077176 0.003433553 0.006183746 -0.01049996 0.003433553 0.006147966 -0.009757496 0.003433553 0.007940466 -0.009974956 0.003433553 0.008107266 -0.007474956 0.003433553 0.01019797 -0.01022816 0.003433553 0.008212166 -0.01049996 0.003433553 0.008247966 -0.009449956 0.003433553 0.007197966 -0.009485736 0.003433553 0.007469766 -0.009590626 0.003433553 0.007722966 -0.01349996 0.003433553 0.004672966 -0.01349996 0.003433553 0.007897966 -0.01346546 0.003433553 0.008294566 -0.01330876 0.003433553 0.008815966 -0.01302576 0.003433553 0.009296766 -0.01275326 0.003433553 0.009594166 -0.01227146 0.003433553 0.009933166 -0.01349996 0.003433553 -0.01127703 -0.01204996 0.003433553 -0.01127703 -0.01349996 0.003433553 -0.01450203 -0.01204996 0.003433553 -0.01582703 -0.01342156 0.003433553 -0.01509733 -0.01319186 0.003433553 -0.01565203 -0.01179526 0.003433553 -0.01672363 -0.01204996 0.003433553 -0.01661813 -0.01234996 0.003433553 -0.01649393 -0.01282626 0.003433553 -0.01612833 -0.01305756 0.003433553 -0.01582703 0.01305764 0.003433553 -0.01582703 0.01282634 0.003433553 -0.01612833 0.01205004 0.003433553 -0.01582703 0.01235004 0.003433553 -0.01649393 0.01205004 0.003433553 -0.01661813 0.01350004 0.003433553 -0.01127703 0.01350004 0.003433553 -0.01450203 0.01342164 0.003433553 -0.01509733 0.01319194 0.003433553 -0.01565203 0.01350004 0.003433553 0.004672966 0.01205004 0.003433553 0.004672966 0.01350004 0.003433553 0.007897966 0.01205004 0.003433553 0.01002727 0.01211804 0.003433553 0.01000677 0.01259884 0.003433553 0.009723766 0.01289624 0.003433553 0.009451266 0.01342814 0.003433553 0.008468666 0.01323524 0.003433553 0.008969466 0.01077184 0.003433553 0.006183746 0.01102504 0.003433553 0.006288636 0.01124254 0.003433553 0.006455506 0.01140934 0.003433553 0.006672966 0.009975044 0.003433553 0.008107266 0.009757584 0.003433553 0.007940466 0.008950044 0.003433553 0.01019797 0.009590714 0.003433553 0.007722966 0.009485824 0.003433553 0.007469766 0.009450044 0.003433553 0.007197966 0.009485824 0.003433553 0.006926166 0.008950044 0.003433553 0.004672966 0.009590714 0.003433553 0.006672966 0.009757584 0.003433553 0.006455506 0.01140934 0.003433553 0.007722966 0.01124254 0.003433553 0.007940466 0.01102504 0.003433553 0.008107266 0.01159664 0.003433553 0.01016347 0.01077184 0.003433553 0.008212166 0.01120004 0.003433553 0.01019797 0.01050004 0.003433553 0.008247966 0.01022824 0.003433553 0.008212166 0.009975044 0.003433553 0.006288636 0.01022824 0.003433553 0.006183746 0.01050004 0.003433553 0.006147966 0.01151424 0.003433553 0.006926166 0.01155004 0.003433553 0.007197966 0.01151424 0.003433553 0.007469766 -0.001729196 0.003433553 0.002963726 -0.002820196 0.003433553 0.002554266 0.004871184 0.003433553 0.0009729664 0.004698214 0.003433553 0.001189876 0.007475044 0.003433553 0.004672966 -0.003820556 0.003433553 0.001956576 -0.004698126 0.003433553 0.001189876 -0.007474956 0.003433553 0.0009729664 0.003820644 0.003433553 0.001956576 0.002820284 0.003433553 0.002554266 0.001729284 0.003433553 0.002963726 0.0005826994 0.003433553 0.003171796 4.436874e-08 0.003433553 0.003197966 -0.0005826106 0.003433553 0.003171796 0.004276644 0.003433553 -0.008196994 0.004869394 0.003433553 -0.007577034 0.007475044 0.003433553 -0.007577034 0.005081944 0.003433553 -0.007354714 0.005723914 0.003433553 -0.006382184 0.006181914 0.003433553 -0.005310644 0.006441214 0.003433553 -0.00417455 0.006493494 0.003433553 -0.003010413 0.006337074 0.003433553 -0.001855644 0.007475044 0.003433553 0.0009729664 0.005976974 0.003433553 -0.0007473736 0.005424774 0.003433553 0.0002787964 0.002283984 0.003433553 -0.009387564 0.003333894 0.003433553 -0.008881954 0.007475044 0.003433553 -0.01127703 -0.004869306 0.003433553 -0.007577034 -0.004276556 0.003433553 -0.008196994 -0.007474956 0.003433553 -0.01127703 -0.003333806 0.003433553 -0.008881954 -0.002283896 0.003433553 -0.009387564 -0.001160576 0.003433553 -0.009697574 4.436874e-08 0.003433553 -0.009802034 0.001160664 0.003433553 -0.009697574 -0.004871096 0.003433553 0.0009729664 -0.005424686 0.003433553 0.0002787964 -0.005976886 0.003433553 -0.0007473736 -0.006181826 0.003433553 -0.005310644 -0.005723826 0.003433553 -0.006382184 -0.007474956 0.003433553 -0.007577034 -0.005081856 0.003433553 -0.007354714 -0.006336986 0.003433553 -0.001855644 -0.006493406 0.003433553 -0.003010413 -0.006441126 0.003433553 -0.00417455 0.009969464 0.003433553 -0.001321884 0.009475044 0.003433553 -0.001526684 0.008950044 0.003433553 0.0009729664 0.01194964 0.003433553 -0.001852464 0.01152504 0.003433553 -0.001526684 0.01205004 0.003433553 0.0009729664 0.01103064 0.003433553 -0.001321884 0.01050004 0.003433553 -0.001252034 0.01205004 0.003433553 -0.007577034 0.01205004 0.003433553 -0.004620714 0.01350004 0.003433553 -0.007577034 0.01227544 0.003433553 -0.004327034 0.01350004 0.003433553 0.0009729664 0.01227544 0.003433553 -0.002277034 0.01205004 0.003433553 -0.001983354 0.01248014 0.003433553 -0.003832613 0.01255004 0.003433553 -0.003302034 0.01248014 0.003433553 -0.002771455 0.01103064 0.003433553 -0.005282184 0.01152504 0.003433553 -0.005077384 0.01194964 0.003433553 -0.004751604 0.009050474 0.003433553 -0.004751604 0.009475044 0.003433553 -0.005077384 0.008950044 0.003433553 -0.007577034 0.009969464 0.003433553 -0.005282184 0.01050004 0.003433553 -0.005352034 0.009050474 0.003433553 -0.001852464 0.008950044 0.003433553 -0.001983354 0.008724694 0.003433553 -0.002277034 0.008519894 0.003433553 -0.002771455 0.008450044 0.003433553 -0.003302034 0.008519894 0.003433553 -0.003832613 0.008724694 0.003433553 -0.004327034 0.008950044 0.003433553 -0.004620714 -0.01152496 0.003433553 -0.001526684 -0.01194956 0.003433553 -0.004751604 -0.01152496 0.003433553 -0.005077384 -0.01204996 0.003433553 -0.007577034 -0.009969376 0.003433553 -0.005282184 -0.01049996 0.003433553 -0.005352034 -0.01103056 0.003433553 -0.005282184 -0.009474956 0.003433553 -0.005077384 -0.009050386 0.003433553 -0.004751604 -0.008724606 0.003433553 -0.004327034 -0.008724606 0.003433553 -0.002277034 -0.009050386 0.003433553 -0.001852464 -0.009474956 0.003433553 -0.001526684 -0.009969376 0.003433553 -0.001321884 -0.008519806 0.003433553 -0.003832613 -0.008449956 0.003433553 -0.003302034 -0.008519806 0.003433553 -0.002771455 -0.01049996 0.003433553 -0.001252034 -0.01103056 0.003433553 -0.001321884 -0.01227536 0.003433553 -0.002277034 -0.01248006 0.003433553 -0.002771455 -0.01349996 0.003433553 0.0009729664 -0.01254996 0.003433553 -0.003302034 -0.01349996 0.003433553 -0.007577034 -0.01248006 0.003433553 -0.003832613 -0.01227536 0.003433553 -0.004327034 -0.01204996 0.003433553 -0.004620714 0.009450044 0.003433553 -0.01380203 0.009485824 0.003433553 -0.01407383 0.008950044 0.003433553 -0.01582703 0.009975044 0.003433553 -0.01471133 0.01022824 0.003433553 -0.01481623 0.01050004 0.003433553 -0.01485203 0.01077184 0.003433553 -0.01481623 0.009590714 0.003433553 -0.01432703 0.009757584 0.003433553 -0.01454453 0.008950044 0.003433553 -0.01127703 0.01022824 0.003433553 -0.01278781 0.009975044 0.003433553 -0.0128927 0.009757584 0.003433553 -0.01305957 0.009590714 0.003433553 -0.01327703 0.009485824 0.003433553 -0.01353023 0.01102504 0.003433553 -0.01471133 0.01124254 0.003433553 -0.01454453 0.01140934 0.003433553 -0.01432703 0.01140934 0.003433553 -0.01327703 0.01124254 0.003433553 -0.01305957 0.01102504 0.003433553 -0.0128927 0.01151424 0.003433553 -0.01407383 0.01155004 0.003433553 -0.01380203 0.01151424 0.003433553 -0.01353023 0.007475044 0.003433553 0.01019797 0.01179534 0.003433553 -0.01672363 0.01120004 0.003433553 -0.01680203 0.008950044 0.003433553 -0.01680203 0.007475044 0.003433553 -0.01582703 0.007475044 0.003433553 -0.01680203 -0.007474956 0.003433553 -0.01582703 -0.007474956 0.003433553 -0.01680203 -0.01119996 0.003433553 -0.01680203 -0.01124246 0.003433553 -0.01454453 -0.01102496 0.003433553 -0.01471133 -0.01140926 0.003433553 -0.01432703 -0.01077176 0.003433553 -0.01481623 -0.01049996 0.003433553 -0.01485203 -0.01022816 0.003433553 -0.01481623 -0.009974956 0.003433553 -0.01471133 -0.009449956 0.003433553 -0.01380203 -0.009485736 0.003433553 -0.01353023 -0.009590626 0.003433553 -0.01327703 -0.01022816 0.003433553 -0.01278781 -0.01049996 0.003433553 -0.01275203 -0.01077176 0.003433553 -0.01278781 -0.01102496 0.003433553 -0.0128927 -0.01124246 0.003433553 -0.01305957 -0.01140926 0.003433553 -0.01327703 -0.009757496 0.003433553 -0.01454453 -0.009590626 0.003433553 -0.01432703 -0.009485736 0.003433553 -0.01407383 -0.009757496 0.003433553 -0.01305957 -0.009974956 0.003433553 -0.0128927 -0.01151416 0.003433553 -0.01353023 -0.01154996 0.003433553 -0.01380203 -0.01151416 0.003433553 -0.01407383 -0.003682406 -0.001066447 -0.008658304 -0.003682406 -0.003066447 -0.008658304 -0.003333806 -0.003066447 -0.008881954 0.005356314 -0.001066447 -0.006984484 0.005356314 -0.003066447 -0.006984484 0.005723914 -0.003066447 -0.006382184 0.003682494 -0.001066447 0.002054236 0.003682494 -0.003066447 0.002054236 0.002820284 -0.003066447 0.002554266 -0.005356226 -0.001066447 0.0003804164 -0.005356226 -0.003066447 0.0003804164 -0.005424686 -0.003066447 0.0002787964 -0.002820196 -0.003066447 0.002554266 -0.003682406 -0.003066447 0.002054236 -0.003682406 -0.001066447 0.002054236 0.002820284 0.003433553 0.002554266 0.003820644 0.003433553 0.001956576 0.003820644 -0.001066447 0.001956576 0.004698214 -0.001066447 0.001189876 0.005424774 0.003433553 0.0002787964 0.005356314 -0.001066447 0.0003804164 0.004871184 0.003433553 0.0009729664 0.004698214 0.003433553 0.001189876 0.005723914 0.003433553 -0.006382184 0.005081944 0.003433553 -0.007354714 0.005081944 -0.001066447 -0.007354714 0.004869394 0.003433553 -0.007577034 0.004276644 -0.001066447 -0.008196994 0.004276644 0.003433553 -0.008196994 0.003682494 -0.001066447 -0.008658304 0.003333894 0.003433553 -0.008881954 -0.003333806 0.003433553 -0.008881954 -0.004276556 0.003433553 -0.008196994 -0.004276556 -0.001066447 -0.008196994 -0.004869306 0.003433553 -0.007577034 -0.005081856 -0.001066447 -0.007354714 -0.005081856 0.003433553 -0.007354714 -0.005356226 -0.001066447 -0.006984484 -0.005723826 0.003433553 -0.006382184 0.006181914 0.003433553 -0.005310644 0.006181914 -0.003066447 -0.005310644 0.006441214 0.003433553 -0.00417455 0.006441214 -0.003066447 -0.00417455 0.006493494 0.003433553 -0.003010413 0.006493494 -0.003066447 -0.003010413 0.006337074 0.003433553 -0.001855644 0.006337074 -0.003066447 -0.001855644 0.005976974 0.003433553 -0.0007473736 0.005976974 -0.003066447 -0.0007473736 0.005424774 -0.003066447 0.0002787964 0.005356314 -0.003066447 0.0003804164 0.001729284 0.003433553 0.002963726 0.001729284 -0.003066447 0.002963726 0.0005826994 0.003433553 0.003171796 0.0005826994 -0.003066447 0.003171796 4.436874e-08 0.003433553 0.003197966 4.436874e-08 -0.003066447 0.003171796 -0.0005826106 0.003433553 0.003171796 -0.0005826106 -0.003066447 0.003171796 -0.001729196 0.003433553 0.002963726 -0.001729196 -0.003066447 0.002963726 -0.002820196 0.003433553 0.002554266 -0.003820556 0.003433553 0.001956576 -0.003820556 -0.001066447 0.001956576 -0.004698126 0.003433553 0.001189876 -0.004698126 -0.001066447 0.001189876 -0.004871096 0.003433553 0.0009729664 -0.005424686 0.003433553 0.0002787964 -0.005976886 0.003433553 -0.0007473736 -0.005976886 -0.003066447 -0.0007473736 -0.006336986 0.003433553 -0.001855644 -0.006336986 -0.003066447 -0.001855644 -0.006493406 0.003433553 -0.003010413 -0.006493406 -0.003066447 -0.003010413 -0.006441126 0.003433553 -0.00417455 -0.006441126 -0.003066447 -0.00417455 -0.006181826 0.003433553 -0.005310644 -0.006181826 -0.003066447 -0.005310644 -0.005723826 -0.003066447 -0.006382184 -0.005356226 -0.003066447 -0.006984484 -0.002283896 0.003433553 -0.009387564 -0.002283896 -0.003066447 -0.009387564 -0.001160576 0.003433553 -0.009697574 -0.001160576 -0.003066447 -0.009697574 4.436874e-08 0.003433553 -0.009802034 4.436874e-08 -0.003066447 -0.009802034 0.001160664 0.003433553 -0.009697574 0.001160664 -0.003066447 -0.009697574 0.002283984 0.003433553 -0.009387564 0.002283984 -0.003066447 -0.009387564 0.003333894 -0.003066447 -0.008881954 0.003682494 -0.003066447 -0.008658304 0.008724694 0.001275223 0.01667297 0.004178164 0.002593313 0.01271867 0.004979334 0.002326263 0.01351987 0.01050004 0.0002502235 0.01974797 0.01050004 -6.644654e-05 0.02069797 0.01076764 0.0002560635 0.01973047 0.01120004 -3.884654e-05 0.02061517 0.01103064 0.0002735035 0.01967807 0.01120004 0.0002912935 0.01962477 -0.005629126 0.002016883 0.01444797 -0.009050386 0.001416743 0.01624837 -0.006107956 0.001674593 0.01547487 -0.008724606 0.001275223 0.01667297 -0.006401206 0.001309793 0.01656927 -0.008519806 0.001110413 0.01716737 -0.006499956 0.0009335535 0.01769797 -0.01119996 0.0002912935 0.01962477 -0.01119996 -3.884654e-05 0.02061517 -0.01102776 0.0002772635 0.01966687 -0.01076756 0.0002560635 0.01973047 -0.003249956 0.002809943 0.01206877 -0.002223086 0.002969553 0.01158997 -0.007474956 0.003433553 0.01019797 0.001128754 0.003067303 0.01129667 0.007475044 0.003433553 0.01019797 4.436874e-08 0.003100223 0.01119797 -0.001128666 0.003067303 0.01129667 -0.01049996 0.0002502235 0.01974797 -0.01049996 -6.644654e-05 0.02069797 -0.01023236 0.0002560635 0.01973047 0.01023244 0.0002560635 0.01973047 0.009969464 0.0002735035 0.01967807 0.007000044 -6.644654e-05 0.02069797 0.009715544 0.0003022335 0.01959197 0.009475044 0.0003417735 0.01947337 0.006500044 0.0009335535 0.01769797 0.008450044 0.0009335535 0.01769797 0.006401294 0.001309793 0.01656927 0.008519894 0.001110413 0.01716737 0.006108044 0.001674593 0.01547487 0.005629214 0.002016883 0.01444797 0.01120004 0.001575813 0.01577117 0.01120004 0.003433553 0.01019797 0.01102784 0.001589843 0.01572907 0.01076764 0.001611043 0.01566547 0.009252084 0.0003914335 0.01932437 0.009050474 0.0004503635 0.01914757 0.006500044 0.0001002235 0.02019797 0.008724694 0.0005918835 0.01872297 0.008519894 0.0007566935 0.01822857 -0.009251996 0.0003914335 0.01932437 -0.009474956 0.0003417735 0.01947337 -0.006999956 -6.644654e-05 0.02069797 -0.009715456 0.0003022335 0.01959197 -0.009969376 0.0002735035 0.01967807 -0.01076756 0.001611043 0.01566547 -0.01119996 0.003433553 0.01019797 -0.01103056 0.001593603 0.01571787 -0.01119996 0.001575813 0.01577117 -0.008449956 0.0009335535 0.01769797 -0.008519806 0.0007566935 0.01822857 -0.006499956 0.0001002235 0.02019797 -0.008724606 0.0005918835 0.01872297 -0.009050386 0.0004503635 0.01914757 -0.01049996 0.001616883 0.01564797 -0.01023236 0.001611043 0.01566547 -0.009969376 0.001593603 0.01571787 0.008950044 0.003433553 0.01019797 0.01023244 0.001611043 0.01566547 0.01050004 0.001616883 0.01564797 0.009252084 0.001475673 0.01607157 0.009475044 0.001525333 0.01592257 0.009715544 0.001564873 0.01580397 0.009969464 0.001593603 0.01571787 -0.009715456 0.001564873 0.01580397 -0.009474956 0.001525333 0.01592257 -0.009251996 0.001475673 0.01607157 -0.004178076 0.002593313 0.01271867 -0.004979246 0.002326263 0.01351987 0.009050474 0.001416743 0.01624837 0.003250044 0.002809943 0.01206877 0.002223174 0.002969553 0.01158997 0.01342164 -0.003066447 -0.01509733 0.01342164 0.003433553 -0.01509733 0.01319194 -0.003066447 -0.01565203 0.01319194 0.003433553 -0.01565203 0.01305764 0.003433553 -0.01582703 0.01282634 -0.003066447 -0.01612833 0.01282634 0.003433553 -0.01612833 0.01235004 -0.003066447 -0.01649393 0.01235004 0.003433553 -0.01649393 0.01205004 0.003433553 -0.01661813 0.01179534 -0.003066447 -0.01672363 0.01179534 0.003433553 -0.01672363 -0.01179526 -0.003066447 -0.01672363 -0.01179526 0.003433553 -0.01672363 -0.01204996 0.003433553 -0.01661813 -0.01234996 -0.003066447 -0.01649393 -0.01234996 0.003433553 -0.01649393 -0.01282626 -0.003066447 -0.01612833 -0.01282626 0.003433553 -0.01612833 -0.01305756 0.003433553 -0.01582703 -0.01319186 -0.003066447 -0.01565203 -0.01319186 0.003433553 -0.01565203 -0.01342156 -0.003066447 -0.01509733 -0.01342156 0.003433553 -0.01509733 -0.01277626 7.382346e-05 0.01965207 -0.01275216 7.208346e-05 0.01967747 -0.01275326 0.003433553 0.009594166 -0.01127596 -3.293654e-05 0.02059407 -0.01140576 -2.285654e-05 0.02055797 -0.01174116 1.623461e-06 0.02042917 -0.01149886 0.0003303235 0.01948817 -0.01176996 3.633461e-06 0.02041437 -0.01152376 0.0003342735 0.01947147 -0.01177066 0.0003733535 0.01930667 -0.01199996 1.965346e-05 0.02029597 -0.01194366 0.0004096935 0.01914137 -0.01227036 3.816346e-05 0.02011747 -0.01200066 1.970346e-05 0.02029567 -0.01227486 0.0005030435 0.01872277 -0.01239476 0.0005611535 0.01848047 -0.01227146 0.0005014035 0.01872957 -0.01261956 6.247346e-05 0.01981757 -0.01257556 5.929346e-05 0.01986407 -0.01204926 0.0004318735 0.01904047 -0.01229996 4.018346e-05 0.02009797 -0.01247956 0.0006271135 0.01822837 -0.01248226 0.0006291935 0.01822037 -0.01253426 0.0007069435 0.01795117 -0.01247926 0.0009807935 0.01716757 -0.01247646 0.0009859835 0.01715397 -0.01254896 0.0007878435 0.01769787 -0.01254986 0.0007929035 0.01768207 -0.01253026 0.0008866935 0.01741477 -0.01239016 0.001087413 0.01690447 -0.01227486 0.001186223 0.01667317 -0.01227146 0.003433553 0.009933166 -0.01317586 0.0001071835 0.01905437 -0.01309336 9.979346e-05 0.01919527 -0.01302576 0.003433553 0.009296766 -0.01302306 9.349346e-05 0.01931537 -0.01299326 9.081346e-05 0.01936637 -0.01339526 0.0001340735 0.01847387 -0.01338466 0.0001320135 0.01852157 -0.01330876 0.003433553 0.008815966 -0.01330426 0.0001215935 0.01875037 -0.01326566 0.0001165935 0.01886017 -0.01349996 0.0001664135 0.01770947 -0.01346546 0.003433553 0.008294566 -0.01347706 0.0001514735 0.01806817 -0.01346526 0.0001479635 0.01815137 -0.01346276 0.0001472235 0.01816907 -0.01150146 0.001523173 0.01590927 -0.01177066 0.003433553 0.01012607 -0.01152386 0.001516733 0.01592427 -0.01227146 0.001189133 0.01666637 -0.01205096 0.001325983 0.01635747 -0.01204996 0.003433553 0.01001847 -0.01194356 0.001371903 0.01625467 -0.01177066 0.001445793 0.01608927 0.01343884 0.0001416235 0.01830057 0.01345924 0.0001463035 0.01819077 0.01342814 0.003433553 0.008468666 0.01349694 0.0001612735 0.01783327 0.01350004 0.0001664135 0.01770947 0.01323524 0.003433553 0.008969466 0.01323464 0.0001132335 0.01893017 0.01323964 0.0001137235 0.01892047 0.01334574 0.0001263835 0.01864777 0.01339264 0.0001340535 0.01847307 0.01342554 0.0001394335 0.01835047 0.01309594 9.984346e-05 0.01919687 0.01289624 0.003433553 0.009451266 0.01307414 9.773346e-05 0.01923877 0.01259884 0.003433553 0.009723766 0.01259544 6.079346e-05 0.01983827 0.01261874 6.243346e-05 0.01981647 0.01267954 6.671346e-05 0.01975947 0.01287004 8.094346e-05 0.01953727 0.01289434 8.294346e-05 0.01950177 0.01211804 0.003433553 0.01000677 0.01211804 0.001289423 0.01643917 0.01227234 0.001185683 0.01667497 0.01230124 0.001166233 0.01671917 0.01243524 0.001039103 0.01702147 0.01247364 0.0009813435 0.01716907 0.01251924 0.0009129435 0.01734387 0.01254994 0.0007949735 0.01767587 0.01254834 0.0007880435 0.01769787 0.01252554 0.0006881535 0.01801377 0.01247384 0.0006287235 0.01822697 0.01244484 0.0005954435 0.01834637 0.01230824 0.0005167335 0.01866387 0.01227154 0.0005038835 0.01872047 0.01241784 4.828346e-05 0.02000487 0.01211804 0.0004502435 0.01895677 0.01212654 2.832346e-05 0.02021877 0.01211784 2.772346e-05 0.02022387 0.01194514 0.0004093935 0.01914337 0.01187834 0.0003936335 0.01921547 0.01199824 1.949346e-05 0.02029297 0.01159664 0.0003447235 0.01942997 0.01127544 -3.308654e-05 0.02059217 0.01154544 -1.246654e-05 0.02050997 0.01152184 0.0003346435 0.01946677 0.01159544 -8.896539e-06 0.02048787 0.01187344 1.090346e-05 0.02036517 0.01159664 0.003433553 0.01016347 0.01140554 0.001543553 0.01585877 0.01152364 0.001516263 0.01592507 0.01159664 0.001499413 0.01596597 0.01205004 0.003433553 0.01002727 0.01188004 0.001404593 0.01618207 0.01194524 0.001373053 0.01625247 -0.006999956 -0.003066447 0.02069797 -0.006499956 -0.003066447 0.02019797 -0.006999956 -6.644654e-05 0.02069797 -0.006499956 0.0001002235 0.02019797 0.006500044 -0.003066447 0.02019797 0.007000044 -0.003066447 0.02069797 0.006500044 0.0001002235 0.02019797 0.007000044 -6.644654e-05 0.02069797 -0.01127646 -0.003066447 0.02059577 -0.01119996 -3.884654e-05 0.02061517 -0.01346526 0.0001479635 0.01815137 -0.01346276 0.0001472235 0.01816907 -0.01339776 -0.003066447 0.01847447 -0.01347706 0.0001514735 0.01806817 -0.01349996 0.0001664135 0.01770947 -0.01309806 -0.003066447 0.01919797 -0.01317586 0.0001071835 0.01905437 -0.01326566 0.0001165935 0.01886017 -0.01330426 0.0001215935 0.01875037 -0.01338466 0.0001320135 0.01852157 -0.01339526 0.0001340735 0.01847387 -0.01299326 9.081346e-05 0.01936637 -0.01302306 9.349346e-05 0.01931537 -0.01309336 9.979346e-05 0.01919527 -0.01277626 7.382346e-05 0.01965207 -0.01262126 -0.003066447 0.01981927 -0.01275216 7.208346e-05 0.01967747 -0.01229996 4.018346e-05 0.02009797 -0.01257556 5.929346e-05 0.01986407 -0.01261956 6.247346e-05 0.01981757 -0.01176996 3.633461e-06 0.02041437 -0.01199996 1.965346e-05 0.02029597 -0.01199996 -0.003066447 0.02029607 -0.01200066 1.970346e-05 0.02029567 -0.01227036 3.816346e-05 0.02011747 -0.01127596 -3.293654e-05 0.02059407 -0.01140576 -2.285654e-05 0.02055797 -0.01174116 1.623461e-06 0.02042917 0.01120004 -3.884654e-05 0.02061517 0.01127654 -0.003066447 0.02059577 0.01200004 -0.003066447 0.02029607 0.01199824 1.949346e-05 0.02029297 0.01187344 1.090346e-05 0.02036517 0.01159544 -8.896539e-06 0.02048787 0.01154544 -1.246654e-05 0.02050997 0.01127544 -3.308654e-05 0.02059217 0.01259544 6.079346e-05 0.01983827 0.01241784 4.828346e-05 0.02000487 0.01262134 -0.003066447 0.01981927 0.01212654 2.832346e-05 0.02021877 0.01211784 2.772346e-05 0.02022387 0.01307414 9.773346e-05 0.01923877 0.01289434 8.294346e-05 0.01950177 0.01309814 -0.003066447 0.01919797 0.01287004 8.094346e-05 0.01953727 0.01267954 6.671346e-05 0.01975947 0.01261874 6.243346e-05 0.01981647 0.01339784 -0.003066447 0.01847447 0.01339264 0.0001340535 0.01847307 0.01334574 0.0001263835 0.01864777 0.01323964 0.0001137235 0.01892047 0.01323464 0.0001132335 0.01893017 0.01309594 9.984346e-05 0.01919687 0.01350004 0.0001664135 0.01770947 0.01349694 0.0001612735 0.01783327 0.01345924 0.0001463035 0.01819077 0.01343884 0.0001416235 0.01830057 0.01342554 0.0001394335 0.01835047 -0.01023236 0.0002560635 0.01973047 -0.009969376 0.0002735035 0.01967807 -0.009969376 -0.001066447 0.01967807 -0.01103056 0.001593603 0.01571787 -0.01119996 0.001575813 0.01577117 -0.01103056 -0.001066447 0.01571787 -0.01150146 0.001523173 0.01590927 -0.01152496 -0.001066447 0.01592257 -0.01076756 0.001611043 0.01566547 -0.01049996 -0.001066447 0.01564797 -0.01049996 0.001616883 0.01564797 -0.01023236 0.001611043 0.01566547 -0.009969376 -0.001066447 0.01571787 -0.009969376 0.001593603 0.01571787 -0.009715456 0.001564873 0.01580397 -0.009474956 -0.001066447 0.01592257 -0.009474956 0.001525333 0.01592257 -0.009251996 0.001475673 0.01607157 -0.009050386 -0.001066447 0.01624837 -0.009050386 0.001416743 0.01624837 -0.008724606 -0.001066447 0.01667297 -0.008724606 0.001275223 0.01667297 -0.008519806 -0.001066447 0.01716737 -0.008519806 0.001110413 0.01716737 -0.008449956 -0.001066447 0.01769797 -0.008449956 0.0009335535 0.01769797 -0.008519806 -0.001066447 0.01822857 -0.008519806 0.0007566935 0.01822857 -0.008724606 -0.001066447 0.01872297 -0.008724606 0.0005918835 0.01872297 -0.009050386 -0.001066447 0.01914757 -0.009050386 0.0004503635 0.01914757 -0.009474956 -0.001066447 0.01947337 -0.009715456 0.0003022335 0.01959197 -0.009474956 0.0003417735 0.01947337 -0.009251996 0.0003914335 0.01932437 -0.01049996 0.0002502235 0.01974797 -0.01049996 -0.001066447 0.01974797 -0.01076756 0.0002560635 0.01973047 -0.01103056 -0.001066447 0.01967807 -0.01102776 0.0002772635 0.01966687 -0.01119996 0.0002912935 0.01962477 -0.01152496 -0.001066447 0.01947337 -0.01149886 0.0003303235 0.01948817 -0.01204926 0.0004318735 0.01904047 -0.01194366 0.0004096935 0.01914137 -0.01194956 -0.001066447 0.01914757 -0.01177066 0.0003733535 0.01930667 -0.01152376 0.0003342735 0.01947147 -0.01248006 -0.001066447 0.01822857 -0.01239476 0.0005611535 0.01848047 -0.01227536 -0.001066447 0.01872297 -0.01227486 0.0005030435 0.01872277 -0.01227146 0.0005014035 0.01872957 -0.01254896 0.0007878435 0.01769787 -0.01253426 0.0007069435 0.01795117 -0.01254996 -0.001066447 0.01769797 -0.01248226 0.0006291935 0.01822037 -0.01247956 0.0006271135 0.01822837 -0.01254986 0.0007929035 0.01768207 -0.01248006 -0.001066447 0.01716737 -0.01253026 0.0008866935 0.01741477 -0.01227486 0.001186223 0.01667317 -0.01239016 0.001087413 0.01690447 -0.01227536 -0.001066447 0.01667297 -0.01247646 0.0009859835 0.01715397 -0.01247926 0.0009807935 0.01716757 -0.01227146 0.001189133 0.01666637 -0.01194956 -0.001066447 0.01624837 -0.01205096 0.001325983 0.01635747 -0.01152386 0.001516733 0.01592427 -0.01177066 0.001445793 0.01608927 -0.01194356 0.001371903 0.01625467 -0.009651426 -0.001066447 0.01854647 -0.009050386 -0.001066447 0.01914757 -0.009460726 -0.001066447 0.01829797 -0.008724606 -0.001066447 0.01872297 -0.009340846 -0.001066447 0.01800857 -0.008519806 -0.001066447 0.01822857 -0.009299956 -0.001066447 0.01769797 -0.008449956 -0.001066447 0.01769797 -0.009340846 -0.001066447 0.01738737 -0.008519806 -0.001066447 0.01716737 -0.009460726 -0.001066447 0.01709797 -0.008724606 -0.001066447 0.01667297 -0.009651426 -0.001066447 0.01684947 -0.009050386 -0.001066447 0.01624837 -0.009899956 -0.001066447 0.01665877 -0.009474956 -0.001066447 0.01592257 -0.01018936 -0.001066447 0.01653887 -0.009969376 -0.001066447 0.01571787 -0.01049996 -0.001066447 0.01649797 -0.01049996 -0.001066447 0.01564797 -0.01081056 -0.001066447 0.01653887 -0.01103056 -0.001066447 0.01571787 -0.01109996 -0.001066447 0.01665877 -0.01152496 -0.001066447 0.01592257 -0.01134846 -0.001066447 0.01684947 -0.01194956 -0.001066447 0.01624837 -0.01153916 -0.001066447 0.01709797 -0.01227536 -0.001066447 0.01667297 -0.01165906 -0.001066447 0.01738737 -0.01248006 -0.001066447 0.01716737 -0.01169996 -0.001066447 0.01769797 -0.01254996 -0.001066447 0.01769797 -0.01165906 -0.001066447 0.01800857 -0.01248006 -0.001066447 0.01822857 -0.01153916 -0.001066447 0.01829797 -0.01227536 -0.001066447 0.01872297 -0.01134846 -0.001066447 0.01854647 -0.01194956 -0.001066447 0.01914757 -0.01109996 -0.001066447 0.01873717 -0.01152496 -0.001066447 0.01947337 -0.01081056 -0.001066447 0.01885707 -0.01103056 -0.001066447 0.01967807 -0.01049996 -0.001066447 0.01889797 -0.01049996 -0.001066447 0.01974797 -0.01018936 -0.001066447 0.01885707 -0.009969376 -0.001066447 0.01967807 -0.009899956 -0.001066447 0.01873717 -0.009474956 -0.001066447 0.01947337 -0.01049996 -0.003066447 0.01889797 -0.01049996 -0.001066447 0.01889797 -0.01018936 -0.003066447 0.01885707 -0.01018936 -0.001066447 0.01885707 -0.009899956 -0.003066447 0.01873717 -0.009899956 -0.001066447 0.01873717 -0.009651426 -0.003066447 0.01854647 -0.009651426 -0.001066447 0.01854647 -0.009460726 -0.003066447 0.01829797 -0.009460726 -0.001066447 0.01829797 -0.009340846 -0.003066447 0.01800857 -0.009340846 -0.001066447 0.01800857 -0.009299956 -0.003066447 0.01769797 -0.009299956 -0.001066447 0.01769797 -0.009340846 -0.003066447 0.01738737 -0.009340846 -0.001066447 0.01738737 -0.009460726 -0.003066447 0.01709797 -0.009460726 -0.001066447 0.01709797 -0.009651426 -0.003066447 0.01684947 -0.009651426 -0.001066447 0.01684947 -0.009899956 -0.003066447 0.01665877 -0.009899956 -0.001066447 0.01665877 -0.01018936 -0.003066447 0.01653887 -0.01018936 -0.001066447 0.01653887 -0.01049996 -0.003066447 0.01649797 -0.01049996 -0.001066447 0.01649797 -0.01081056 -0.003066447 0.01653887 -0.01081056 -0.001066447 0.01653887 -0.01109996 -0.003066447 0.01665877 -0.01109996 -0.001066447 0.01665877 -0.01134846 -0.003066447 0.01684947 -0.01134846 -0.001066447 0.01684947 -0.01153916 -0.003066447 0.01709797 -0.01153916 -0.001066447 0.01709797 -0.01165906 -0.003066447 0.01738737 -0.01165906 -0.001066447 0.01738737 -0.01169996 -0.003066447 0.01769797 -0.01169996 -0.001066447 0.01769797 -0.01165906 -0.003066447 0.01800857 -0.01165906 -0.001066447 0.01800857 -0.01153916 -0.003066447 0.01829797 -0.01153916 -0.001066447 0.01829797 -0.01134846 -0.003066447 0.01854647 -0.01134846 -0.001066447 0.01854647 -0.01109996 -0.003066447 0.01873717 -0.01109996 -0.001066447 0.01873717 -0.01081056 -0.003066447 0.01885707 -0.01081056 -0.001066447 0.01885707 -0.01194956 -0.001066447 -0.004751604 -0.01204996 0.003433553 -0.004620714 -0.01227536 -0.001066447 -0.004327034 -0.01227536 0.003433553 -0.004327034 -0.01248006 -0.001066447 -0.003832613 -0.01248006 0.003433553 -0.003832613 -0.01254996 -0.001066447 -0.003302034 -0.01254996 0.003433553 -0.003302034 -0.01248006 -0.001066447 -0.002771455 -0.01248006 0.003433553 -0.002771455 -0.01227536 -0.001066447 -0.002277034 -0.01227536 0.003433553 -0.002277034 -0.01204996 0.003433553 -0.001983354 -0.01194956 -0.001066447 -0.001852464 -0.01194956 0.003433553 -0.001852464 -0.01152496 -0.001066447 -0.001526684 -0.01152496 0.003433553 -0.001526684 -0.01103056 -0.001066447 -0.001321884 -0.01103056 0.003433553 -0.001321884 -0.01049996 -0.001066447 -0.001252034 -0.01049996 0.003433553 -0.001252034 -0.009969376 -0.001066447 -0.001321884 -0.009969376 0.003433553 -0.001321884 -0.009474956 -0.001066447 -0.001526684 -0.009474956 0.003433553 -0.001526684 -0.009050386 -0.001066447 -0.001852464 -0.009050386 0.003433553 -0.001852464 -0.008724606 -0.001066447 -0.002277034 -0.008724606 0.003433553 -0.002277034 -0.008519806 -0.001066447 -0.002771455 -0.008519806 0.003433553 -0.002771455 -0.008449956 -0.001066447 -0.003302034 -0.008449956 0.003433553 -0.003302034 -0.008519806 -0.001066447 -0.003832613 -0.008519806 0.003433553 -0.003832613 -0.008724606 -0.001066447 -0.004327034 -0.008724606 0.003433553 -0.004327034 -0.009050386 -0.001066447 -0.004751604 -0.009050386 0.003433553 -0.004751604 -0.009474956 -0.001066447 -0.005077384 -0.009474956 0.003433553 -0.005077384 -0.009969376 -0.001066447 -0.005282184 -0.009969376 0.003433553 -0.005282184 -0.01049996 -0.001066447 -0.005352034 -0.01049996 0.003433553 -0.005352034 -0.01103056 -0.001066447 -0.005282184 -0.01103056 0.003433553 -0.005282184 -0.01152496 -0.001066447 -0.005077384 -0.01152496 0.003433553 -0.005077384 -0.01194956 0.003433553 -0.004751604 -0.01049996 -0.001066447 -0.004502034 -0.01049996 -0.001066447 -0.005352034 -0.01081056 -0.001066447 -0.004461144 -0.01103056 -0.001066447 -0.005282184 -0.01109996 -0.001066447 -0.004341264 -0.01152496 -0.001066447 -0.005077384 -0.01134846 -0.001066447 -0.004150562 -0.01194956 -0.001066447 -0.004751604 -0.01153916 -0.001066447 -0.003902034 -0.01227536 -0.001066447 -0.004327034 -0.01165906 -0.001066447 -0.003612617 -0.01248006 -0.001066447 -0.003832613 -0.01169996 -0.001066447 -0.003302034 -0.01254996 -0.001066447 -0.003302034 -0.01165906 -0.001066447 -0.002991451 -0.01248006 -0.001066447 -0.002771455 -0.01153916 -0.001066447 -0.002702034 -0.01227536 -0.001066447 -0.002277034 -0.01134846 -0.001066447 -0.002453506 -0.01194956 -0.001066447 -0.001852464 -0.01109996 -0.001066447 -0.002262804 -0.01152496 -0.001066447 -0.001526684 -0.01081056 -0.001066447 -0.002142924 -0.01103056 -0.001066447 -0.001321884 -0.01049996 -0.001066447 -0.002102034 -0.01049996 -0.001066447 -0.001252034 -0.01018936 -0.001066447 -0.002142924 -0.009969376 -0.001066447 -0.001321884 -0.009899956 -0.001066447 -0.002262804 -0.009474956 -0.001066447 -0.001526684 -0.009651426 -0.001066447 -0.002453506 -0.009050386 -0.001066447 -0.001852464 -0.009460726 -0.001066447 -0.002702034 -0.008724606 -0.001066447 -0.002277034 -0.009340846 -0.001066447 -0.002991451 -0.008519806 -0.001066447 -0.002771455 -0.009299956 -0.001066447 -0.003302034 -0.008449956 -0.001066447 -0.003302034 -0.009340846 -0.001066447 -0.003612617 -0.008519806 -0.001066447 -0.003832613 -0.009460726 -0.001066447 -0.003902034 -0.008724606 -0.001066447 -0.004327034 -0.009651426 -0.001066447 -0.004150562 -0.009050386 -0.001066447 -0.004751604 -0.009899956 -0.001066447 -0.004341264 -0.009474956 -0.001066447 -0.005077384 -0.01018936 -0.001066447 -0.004461144 -0.009969376 -0.001066447 -0.005282184 -0.01049996 -0.003066447 -0.002102034 -0.01049996 -0.001066447 -0.002102034 -0.01018936 -0.003066447 -0.002142924 -0.01018936 -0.001066447 -0.002142924 -0.009899956 -0.003066447 -0.002262804 -0.009899956 -0.001066447 -0.002262804 -0.009651426 -0.003066447 -0.002453506 -0.009651426 -0.001066447 -0.002453506 -0.009460726 -0.003066447 -0.002702034 -0.009460726 -0.001066447 -0.002702034 -0.009340846 -0.003066447 -0.002991451 -0.009340846 -0.001066447 -0.002991451 -0.009299956 -0.003066447 -0.003302034 -0.009299956 -0.001066447 -0.003302034 -0.009340846 -0.003066447 -0.003612617 -0.009340846 -0.001066447 -0.003612617 -0.009460726 -0.003066447 -0.003902034 -0.009460726 -0.001066447 -0.003902034 -0.009651426 -0.003066447 -0.004150562 -0.009651426 -0.001066447 -0.004150562 -0.009899956 -0.003066447 -0.004341264 -0.009899956 -0.001066447 -0.004341264 -0.01018936 -0.003066447 -0.004461144 -0.01018936 -0.001066447 -0.004461144 -0.01049996 -0.003066447 -0.004502034 -0.01049996 -0.001066447 -0.004502034 -0.01081056 -0.003066447 -0.004461144 -0.01081056 -0.001066447 -0.004461144 -0.01109996 -0.003066447 -0.004341264 -0.01109996 -0.001066447 -0.004341264 -0.01134846 -0.003066447 -0.004150562 -0.01134846 -0.001066447 -0.004150562 -0.01153916 -0.003066447 -0.003902034 -0.01153916 -0.001066447 -0.003902034 -0.01165906 -0.003066447 -0.003612617 -0.01165906 -0.001066447 -0.003612617 -0.01169996 -0.003066447 -0.003302034 -0.01169996 -0.001066447 -0.003302034 -0.01165906 -0.003066447 -0.002991451 -0.01165906 -0.001066447 -0.002991451 -0.01153916 -0.003066447 -0.002702034 -0.01153916 -0.001066447 -0.002702034 -0.01134846 -0.003066447 -0.002453506 -0.01134846 -0.001066447 -0.002453506 -0.01109996 -0.003066447 -0.002262804 -0.01109996 -0.001066447 -0.002262804 -0.01081056 -0.003066447 -0.002142924 -0.01081056 -0.001066447 -0.002142924 0.01194964 -0.001066447 -0.001852464 0.01205004 0.003433553 -0.001983354 0.01227544 -0.001066447 -0.002277034 0.01227544 0.003433553 -0.002277034 0.01248014 -0.001066447 -0.002771455 0.01248014 0.003433553 -0.002771455 0.01255004 -0.001066447 -0.003302034 0.01255004 0.003433553 -0.003302034 0.01248014 -0.001066447 -0.003832613 0.01248014 0.003433553 -0.003832613 0.01227544 -0.001066447 -0.004327034 0.01227544 0.003433553 -0.004327034 0.01205004 0.003433553 -0.004620714 0.01194964 -0.001066447 -0.004751604 0.01194964 0.003433553 -0.004751604 0.01152504 -0.001066447 -0.005077384 0.01152504 0.003433553 -0.005077384 0.01103064 -0.001066447 -0.005282184 0.01103064 0.003433553 -0.005282184 0.01050004 -0.001066447 -0.005352034 0.01050004 0.003433553 -0.005352034 0.009969464 -0.001066447 -0.005282184 0.009969464 0.003433553 -0.005282184 0.009475044 -0.001066447 -0.005077384 0.009475044 0.003433553 -0.005077384 0.009050474 -0.001066447 -0.004751604 0.009050474 0.003433553 -0.004751604 0.008950044 0.003433553 -0.004620714 0.008724694 -0.001066447 -0.004327034 0.008724694 0.003433553 -0.004327034 0.008519894 -0.001066447 -0.003832613 0.008519894 0.003433553 -0.003832613 0.008450044 -0.001066447 -0.003302034 0.008450044 0.003433553 -0.003302034 0.008519894 -0.001066447 -0.002771455 0.008519894 0.003433553 -0.002771455 0.008724694 -0.001066447 -0.002277034 0.008724694 0.003433553 -0.002277034 0.008950044 0.003433553 -0.001983354 0.009050474 -0.001066447 -0.001852464 0.009050474 0.003433553 -0.001852464 0.009475044 -0.001066447 -0.001526684 0.009475044 0.003433553 -0.001526684 0.009969464 -0.001066447 -0.001321884 0.009969464 0.003433553 -0.001321884 0.01050004 -0.001066447 -0.001252034 0.01050004 0.003433553 -0.001252034 0.01103064 -0.001066447 -0.001321884 0.01103064 0.003433553 -0.001321884 0.01152504 -0.001066447 -0.001526684 0.01152504 0.003433553 -0.001526684 0.01194964 0.003433553 -0.001852464 0.01110004 -0.001066447 -0.004341264 0.01152504 -0.001066447 -0.005077384 0.01081064 -0.001066447 -0.004461144 0.01103064 -0.001066447 -0.005282184 0.01050004 -0.001066447 -0.004502034 0.01050004 -0.001066447 -0.005352034 0.01018944 -0.001066447 -0.004461144 0.009969464 -0.001066447 -0.005282184 0.009900044 -0.001066447 -0.004341264 0.009475044 -0.001066447 -0.005077384 0.009651514 -0.001066447 -0.004150562 0.009050474 -0.001066447 -0.004751604 0.009460814 -0.001066447 -0.003902034 0.008724694 -0.001066447 -0.004327034 0.009340934 -0.001066447 -0.003612617 0.008519894 -0.001066447 -0.003832613 0.009300044 -0.001066447 -0.003302034 0.008450044 -0.001066447 -0.003302034 0.009340934 -0.001066447 -0.002991451 0.008519894 -0.001066447 -0.002771455 0.009460814 -0.001066447 -0.002702034 0.008724694 -0.001066447 -0.002277034 0.009651514 -0.001066447 -0.002453506 0.009050474 -0.001066447 -0.001852464 0.009900044 -0.001066447 -0.002262804 0.009475044 -0.001066447 -0.001526684 0.01018944 -0.001066447 -0.002142924 0.009969464 -0.001066447 -0.001321884 0.01050004 -0.001066447 -0.002102034 0.01050004 -0.001066447 -0.001252034 0.01081064 -0.001066447 -0.002142924 0.01103064 -0.001066447 -0.001321884 0.01110004 -0.001066447 -0.002262804 0.01152504 -0.001066447 -0.001526684 0.01134854 -0.001066447 -0.002453506 0.01194964 -0.001066447 -0.001852464 0.01153924 -0.001066447 -0.002702034 0.01227544 -0.001066447 -0.002277034 0.01165914 -0.001066447 -0.002991451 0.01248014 -0.001066447 -0.002771455 0.01170004 -0.001066447 -0.003302034 0.01255004 -0.001066447 -0.003302034 0.01165914 -0.001066447 -0.003612617 0.01248014 -0.001066447 -0.003832613 0.01153924 -0.001066447 -0.003902034 0.01227544 -0.001066447 -0.004327034 0.01134854 -0.001066447 -0.004150562 0.01194964 -0.001066447 -0.004751604 0.01050004 -0.003066447 -0.002102034 0.01050004 -0.001066447 -0.002102034 0.01081064 -0.003066447 -0.002142924 0.01081064 -0.001066447 -0.002142924 0.01110004 -0.003066447 -0.002262804 0.01110004 -0.001066447 -0.002262804 0.01134854 -0.003066447 -0.002453506 0.01134854 -0.001066447 -0.002453506 0.01153924 -0.003066447 -0.002702034 0.01153924 -0.001066447 -0.002702034 0.01165914 -0.003066447 -0.002991451 0.01165914 -0.001066447 -0.002991451 0.01170004 -0.003066447 -0.003302034 0.01170004 -0.001066447 -0.003302034 0.01165914 -0.003066447 -0.003612617 0.01165914 -0.001066447 -0.003612617 0.01153924 -0.003066447 -0.003902034 0.01153924 -0.001066447 -0.003902034 0.01134854 -0.003066447 -0.004150562 0.01134854 -0.001066447 -0.004150562 0.01110004 -0.003066447 -0.004341264 0.01110004 -0.001066447 -0.004341264 0.01081064 -0.003066447 -0.004461144 0.01081064 -0.001066447 -0.004461144 0.01050004 -0.003066447 -0.004502034 0.01050004 -0.001066447 -0.004502034 0.01018944 -0.003066447 -0.004461144 0.01018944 -0.001066447 -0.004461144 0.009900044 -0.003066447 -0.004341264 0.009900044 -0.001066447 -0.004341264 0.009651514 -0.003066447 -0.004150562 0.009651514 -0.001066447 -0.004150562 0.009460814 -0.003066447 -0.003902034 0.009460814 -0.001066447 -0.003902034 0.009340934 -0.003066447 -0.003612617 0.009340934 -0.001066447 -0.003612617 0.009300044 -0.003066447 -0.003302034 0.009300044 -0.001066447 -0.003302034 0.009340934 -0.003066447 -0.002991451 0.009340934 -0.001066447 -0.002991451 0.009460814 -0.003066447 -0.002702034 0.009460814 -0.001066447 -0.002702034 0.009651514 -0.003066447 -0.002453506 0.009651514 -0.001066447 -0.002453506 0.009900044 -0.003066447 -0.002262804 0.009900044 -0.001066447 -0.002262804 0.01018944 -0.003066447 -0.002142924 0.01018944 -0.001066447 -0.002142924 0.01187834 0.0003936335 0.01921547 0.01194514 0.0004093935 0.01914337 0.01194964 -0.001066447 0.01914757 0.01244484 0.0005954435 0.01834637 0.01247384 0.0006287235 0.01822697 0.01248014 -0.001066447 0.01822857 0.01251924 0.0009129435 0.01734387 0.01247364 0.0009813435 0.01716907 0.01248014 -0.001066447 0.01716737 0.01152504 -0.001066447 0.01947337 0.01103064 -0.001066447 0.01967807 0.01103064 0.0002735035 0.01967807 0.009969464 -0.001066447 0.01967807 0.01023244 0.0002560635 0.01973047 0.01050004 -0.001066447 0.01974797 0.01050004 0.0002502235 0.01974797 0.01076764 0.0002560635 0.01973047 0.009475044 -0.001066447 0.01947337 0.009715544 0.0003022335 0.01959197 0.009969464 0.0002735035 0.01967807 0.009050474 -0.001066447 0.01624837 0.008724694 0.001275223 0.01667297 0.008724694 -0.001066447 0.01667297 0.008519894 0.001110413 0.01716737 0.008519894 -0.001066447 0.01716737 0.008450044 0.0009335535 0.01769797 0.008450044 -0.001066447 0.01769797 0.008519894 0.0007566935 0.01822857 0.008519894 -0.001066447 0.01822857 0.008724694 0.0005918835 0.01872297 0.008724694 -0.001066447 0.01872297 0.009050474 0.0004503635 0.01914757 0.009050474 -0.001066447 0.01914757 0.009252084 0.0003914335 0.01932437 0.009475044 0.0003417735 0.01947337 0.009475044 -0.001066447 0.01592257 0.009252084 0.001475673 0.01607157 0.009050474 0.001416743 0.01624837 0.009969464 -0.001066447 0.01571787 0.009715544 0.001564873 0.01580397 0.009475044 0.001525333 0.01592257 0.01050004 -0.001066447 0.01564797 0.01023244 0.001611043 0.01566547 0.009969464 0.001593603 0.01571787 0.01103064 -0.001066447 0.01571787 0.01076764 0.001611043 0.01566547 0.01050004 0.001616883 0.01564797 0.01152504 -0.001066447 0.01592257 0.01152364 0.001516263 0.01592507 0.01140554 0.001543553 0.01585877 0.01120004 0.001575813 0.01577117 0.01102784 0.001589843 0.01572907 0.01194964 -0.001066447 0.01624837 0.01188004 0.001404593 0.01618207 0.01159664 0.001499413 0.01596597 0.01230124 0.001166233 0.01671917 0.01227234 0.001185683 0.01667497 0.01227544 -0.001066447 0.01667297 0.01211804 0.001289423 0.01643917 0.01194524 0.001373053 0.01625247 0.01243524 0.001039103 0.01702147 0.01255004 -0.001066447 0.01769797 0.01252554 0.0006881535 0.01801377 0.01254834 0.0007880435 0.01769787 0.01254994 0.0007949735 0.01767587 0.01227544 -0.001066447 0.01872297 0.01211804 0.0004502435 0.01895677 0.01227154 0.0005038835 0.01872047 0.01230824 0.0005167335 0.01866387 0.01120004 0.0002912935 0.01962477 0.01152184 0.0003346435 0.01946677 0.01159664 0.0003447235 0.01942997 0.01050004 -0.003066447 0.01889797 0.01050004 -0.001066447 0.01889797 0.01081064 -0.003066447 0.01885707 0.01081064 -0.001066447 0.01885707 0.01110004 -0.003066447 0.01873717 0.01110004 -0.001066447 0.01873717 0.01134854 -0.003066447 0.01854647 0.01134854 -0.001066447 0.01854647 0.01153924 -0.003066447 0.01829797 0.01153924 -0.001066447 0.01829797 0.01165914 -0.003066447 0.01800857 0.01165914 -0.001066447 0.01800857 0.01170004 -0.003066447 0.01769797 0.01170004 -0.001066447 0.01769797 0.01165914 -0.003066447 0.01738737 0.01165914 -0.001066447 0.01738737 0.01153924 -0.003066447 0.01709797 0.01153924 -0.001066447 0.01709797 0.01134854 -0.003066447 0.01684947 0.01134854 -0.001066447 0.01684947 0.01110004 -0.003066447 0.01665877 0.01110004 -0.001066447 0.01665877 0.01081064 -0.003066447 0.01653887 0.01081064 -0.001066447 0.01653887 0.01050004 -0.003066447 0.01649797 0.01050004 -0.001066447 0.01649797 0.01018944 -0.003066447 0.01653887 0.01018944 -0.001066447 0.01653887 0.009900044 -0.003066447 0.01665877 0.009900044 -0.001066447 0.01665877 0.009651514 -0.003066447 0.01684947 0.009651514 -0.001066447 0.01684947 0.009460814 -0.003066447 0.01709797 0.009460814 -0.001066447 0.01709797 0.009340934 -0.003066447 0.01738737 0.009340934 -0.001066447 0.01738737 0.009300044 -0.003066447 0.01769797 0.009300044 -0.001066447 0.01769797 0.009340934 -0.003066447 0.01800857 0.009340934 -0.001066447 0.01800857 0.009460814 -0.003066447 0.01829797 0.009460814 -0.001066447 0.01829797 0.009651514 -0.003066447 0.01854647 0.009651514 -0.001066447 0.01854647 0.009900044 -0.003066447 0.01873717 0.009900044 -0.001066447 0.01873717 0.01018944 -0.003066447 0.01885707 0.01018944 -0.001066447 0.01885707 0.01165914 -0.001066447 0.01800857 0.01248014 -0.001066447 0.01822857 0.01170004 -0.001066447 0.01769797 0.01255004 -0.001066447 0.01769797 0.01165914 -0.001066447 0.01738737 0.01248014 -0.001066447 0.01716737 0.01153924 -0.001066447 0.01709797 0.01227544 -0.001066447 0.01667297 0.01134854 -0.001066447 0.01684947 0.01194964 -0.001066447 0.01624837 0.01110004 -0.001066447 0.01665877 0.01152504 -0.001066447 0.01592257 0.01081064 -0.001066447 0.01653887 0.01103064 -0.001066447 0.01571787 0.01050004 -0.001066447 0.01649797 0.01050004 -0.001066447 0.01564797 0.01018944 -0.001066447 0.01653887 0.009969464 -0.001066447 0.01571787 0.009900044 -0.001066447 0.01665877 0.009475044 -0.001066447 0.01592257 0.009651514 -0.001066447 0.01684947 0.009050474 -0.001066447 0.01624837 0.009460814 -0.001066447 0.01709797 0.008724694 -0.001066447 0.01667297 0.009340934 -0.001066447 0.01738737 0.008519894 -0.001066447 0.01716737 0.009300044 -0.001066447 0.01769797 0.008450044 -0.001066447 0.01769797 0.009340934 -0.001066447 0.01800857 0.008519894 -0.001066447 0.01822857 0.009460814 -0.001066447 0.01829797 0.008724694 -0.001066447 0.01872297 0.009651514 -0.001066447 0.01854647 0.009050474 -0.001066447 0.01914757 0.009900044 -0.001066447 0.01873717 0.009475044 -0.001066447 0.01947337 0.01018944 -0.001066447 0.01885707 0.009969464 -0.001066447 0.01967807 0.01050004 -0.001066447 0.01889797 0.01050004 -0.001066447 0.01974797 0.01081064 -0.001066447 0.01885707 0.01103064 -0.001066447 0.01967807 0.01110004 -0.001066447 0.01873717 0.01152504 -0.001066447 0.01947337 0.01134854 -0.001066447 0.01854647 0.01194964 -0.001066447 0.01914757 0.01153924 -0.001066447 0.01829797 0.01227544 -0.001066447 0.01872297 -0.009887296 -0.001066447 0.004911486 -0.005356226 -0.001066447 0.0003804164 -0.004698126 -0.001066447 0.001189876 -0.008213476 -0.001066447 0.006585306 -0.003820556 -0.001066447 0.001956576 -0.003682406 -0.001066447 0.002054236 -0.008213476 -0.003066447 0.006585306 -0.008213476 -0.001066447 0.006585306 -0.003682406 -0.003066447 0.002054236 -0.003682406 -0.001066447 0.002054236 -0.009887296 -0.001066447 0.004911486 -0.009887296 -0.003066447 0.004911486 -0.005356226 -0.001066447 0.0003804164 -0.005356226 -0.003066447 0.0003804164</float_array>
          <technique_common>
            <accessor count="2035" source="#verts-array-array" stride="3">
              <param type="float" name="X"/>
              <param type="float" name="Y"/>
              <param type="float" name="Z"/>
            </accessor>
          </technique_common>
        </source>
        <source id="normals-array">
          <float_array count="6105" id="normals-array-array">0.7071068 0 -0.7071068 0.7071068 0 -0.7071068 0.7071068 0 -0.7071068 0.7071068 0 -0.7071068 0.7071068 0 0.7071068 0.7071068 0 0.7071068 0.7071068 0 0.7071068 0.7071068 0 0.7071068 0 -1 0 0 -1 0 0 -1 0 0 -1 0 0 -1 0 0 -1 0 0 -1 0 0 -1 0 0 -1 0 0 -1 0 0 -1 0 0 -1 0 0 -1 0 0 -1 0 0 -1 0 0 -1 0 0 -1 0 0 -1 0 0 -1 0 0 -1 0 0 -1 0 0 -1 0 0 -1 0 0 -1 0 0 -1 0 0 -1 0 0 -1 0 0 -1 0 0 -1 0 0 -1 0 0.9659253 0 -0.258821 0.9659253 0 -0.258821 0.9659253 0 -0.258821 0.9659253 0 -0.258821 0.9659253 0 -0.258821 0.2588304 0 -0.9659228 0.2588304 0 -0.9659228 0.2588304 0 -0.9659228 0.2588304 0 -0.9659228 -0.7071068 0 -0.7071068 -0.7071068 0 -0.7071068 -0.7071068 0 -0.7071068 -0.7071068 0 -0.7071068 -0.9659228 0 0.2588304 -0.9659228 0 0.2588304 -0.9659228 0 0.2588304 -0.9659228 0 0.2588304 -0.258821 0 0.9659253 -0.258821 0 0.9659253 -0.258821 0 0.9659253 -0.258821 0 0.9659253 -0.258821 0 0.9659253 0 -1 0 0 -1 0 0 -1 0 0 -1 0 0 -1 0 0 -1 0 0 -1 0 0 -1 0 0 -1 0 0 -1 0 0 -1 0 0 -1 0 0 -1 0 0 -1 0 0 -1 0 0 -1 0 0 -1 0 0 -1 0 0 -1 0 0 -1 0 0 -1 0 0 -1 0 0 -1 0 0 -1 0 0 -1 0 0 -1 0 0 -1 0 0 -1 0 0 -1 0 0 -1 0 -0.9659253 0 0.258821 -0.9659253 0 0.258821 -0.9659253 0 0.258821 -0.9659253 0 0.258821 -0.9659253 0 0.258821 -0.2588304 0 0.9659228 -0.2588304 0 0.9659228 -0.2588304 0 0.9659228 -0.2588304 0 0.9659228 0.7071068 0 0.7071068 0.7071068 0 0.7071068 0.7071068 0 0.7071068 0.7071068 0 0.7071068 0.9659228 0 -0.2588304 0.9659228 0 -0.2588304 0.9659228 0 -0.2588304 0.9659228 0 -0.2588304 0.258821 0 -0.9659253 0.258821 0 -0.9659253 0.258821 0 -0.9659253 0.258821 0 -0.9659253 0.258821 0 -0.9659253 -0.7071068 0 -0.7071068 -0.7071068 0 -0.7071068 -0.7071068 0 -0.7071068 -0.7071068 0 -0.7071068 0 -1 0 0 -1 0 0 -1 0 0 -1 0 0 -1 0 0 -1 0 0 -1 0 0 -1 0 0 -1 0 0 -1 0 0 -1 0 0 -1 0 0 -1 0 0 -1 0 0 -1 0 0 -1 0 0 -1 0 0 -1 0 0 -1 0 0 -1 0 0 -1 0 0 -1 0 0 -1 0 0 -1 0 0 -1 0 0 -1 0 0 -1 0 0 -1 0 0 -1 0 0 -1 0 -0.258821 0 -0.9659253 -0.258821 0 -0.9659253 -0.258821 0 -0.9659253 -0.258821 0 -0.9659253 -0.258821 0 -0.9659253 -0.9659228 0 -0.2588304 -0.9659228 0 -0.2588304 -0.9659228 0 -0.2588304 -0.9659228 0 -0.2588304 -0.7071068 0 0.7071068 -0.7071068 0 0.7071068 -0.7071068 0 0.7071068 -0.7071068 0 0.7071068 0.2588304 0 0.9659228 0.2588304 0 0.9659228 0.2588304 0 0.9659228 0.2588304 0 0.9659228 0.9659253 0 0.258821 0.9659253 0 0.258821 0.9659253 0 0.258821 0.9659253 0 0.258821 0.9659253 0 0.258821 0.7071068 0 -0.7071068 0.7071068 0 -0.7071068 0.7071068 0 -0.7071068 0.7071068 0 -0.7071068 -0.7071068 0 0.7071068 -0.7071068 0 0.7071068 -0.7071068 0 0.7071068 -0.7071068 0 0.7071068 0 -1 0 0 -1 0 0 -1 0 0 -1 0 0 -1 0 0 -1 0 -0.7071068 0 0.7071068 -0.7071068 0 0.7071068 -0.7071068 0 0.7071068 -0.7071068 0 0.7071068 0.7071068 0 -0.7071068 0.7071068 0 -0.7071068 0.7071068 0 -0.7071068 0.7071068 0 -0.7071068 0 -1 0 0 -1 0 0 -1 0 0 -1 0 0 -1 0 0 -1 0 0.7071068 0 0.7071068 0.7071068 0 0.7071068 0.7071068 0 0.7071068 0.7071068 0 0.7071068 -0.7071068 0 -0.7071068 -0.7071068 0 -0.7071068 -0.7071068 0 -0.7071068 -0.7071068 0 -0.7071068 0 -1 0 0 -1 0 0 -1 0 0 -1 0 0 -1 0 0 -1 0 -1.113898e-18 0 -1 0 0 -1 -0.2588829 0 -0.9659087 -0.2588829 0 -0.9659087 -0.4999135 0 -0.8660753 -0.4999135 0 -0.8660753 -0.7071068 0 -0.7071068 -0.7071068 0 -0.7071068 -0.8660753 0 -0.4999135 -0.8660753 0 -0.4999135 -0.9659087 0 -0.2588829 -0.9659087 0 -0.2588829 -1 0 0 -1 0 0 -0.9659087 0 0.2588829 -0.9659087 0 0.2588829 -0.8660531 0 0.499952 -0.8660531 0 0.499952 -0.707147 0 0.7070665 -0.707147 0 0.7070665 -0.4999866 0 0.8660331 -0.4999866 0 0.8660331 -0.2588317 0 0.9659224 -0.2588317 0 0.9659224 8.911097e-18 0 1 -8.911097e-18 0 1 0.2588317 0 0.9659224 0.2588317 0 0.9659224 0.5000251 0 0.8660109 0.5000251 0 0.8660109 0.7071068 0 0.7071068 0.7071068 0 0.7071068 0.8660109 0 0.5000251 0.8660109 0 0.5000251 0.9659224 0 0.2588317 0.9659224 0 0.2588317 1 0 -8.911097e-18 1 0 8.911097e-18 0.9659224 0 -0.2588317 0.9659224 0 -0.2588317 0.8660331 0 -0.4999866 0.8660331 0 -0.4999866 0.7070665 0 -0.707147 0.7070665 0 -0.707147 0.499952 0 -0.8660531 0.499952 0 -0.8660531 0.2588829 0 -0.9659087 0.2588829 0 -0.9659087 -5.569435e-18 0 -1 8.911097e-18 0 -1 -0.2588317 0 -0.9659224 -0.2588317 0 -0.9659224 -0.4999866 0 -0.8660331 -0.4999866 0 -0.8660331 -0.707147 0 -0.7070665 -0.707147 0 -0.7070665 -0.8660531 0 -0.499952 -0.8660531 0 -0.499952 -0.9659087 0 -0.2588829 -0.9659087 0 -0.2588829 -1 0 0 -1 0 0 -0.9659087 0 0.2588829 -0.9659087 0 0.2588829 -0.8660753 0 0.4999135 -0.8660753 0 0.4999135 -0.7071068 0 0.7071068 -0.7071068 0 0.7071068 -0.4999135 0 0.8660753 -0.4999135 0 0.8660753 -0.2588829 0 0.9659087 -0.2588829 0 0.9659087 0 0 1 0 0 1 0.2588829 0 0.9659087 0.2588829 0 0.9659087 0.499952 0 0.8660531 0.499952 0 0.8660531 0.7070665 0 0.707147 0.7070665 0 0.707147 0.8660331 0 0.4999866 0.8660331 0 0.4999866 0.9659224 0 0.2588317 0.9659224 0 0.2588317 1 0 -8.911097e-18 1 0 8.911097e-18 0.9659224 0 -0.2588317 0.9659224 0 -0.2588317 0.8660109 0 -0.5000251 0.8660109 0 -0.5000251 0.7071068 0 -0.7071068 0.7071068 0 -0.7071068 0.5000251 0 -0.8660109 0.5000251 0 -0.8660109 0.2588317 0 -0.9659224 0.2588317 0 -0.9659224 -1.113898e-18 0 -1 0 0 -1 -0.2588829 0 -0.9659087 -0.2588829 0 -0.9659087 -0.499952 0 -0.8660531 -0.499952 0 -0.8660531 -0.7070665 0 -0.707147 -0.7070665 0 -0.707147 -0.8660331 0 -0.4999866 -0.8660331 0 -0.4999866 -0.9659224 0 -0.2588317 -0.9659224 0 -0.2588317 -1 0 8.911097e-18 -1 0 -8.911097e-18 -0.9659224 0 0.2588317 -0.9659224 0 0.2588317 -0.8660109 0 0.5000251 -0.8660109 0 0.5000251 -0.7071068 0 0.7071068 -0.7071068 0 0.7071068 -0.5000251 0 0.8660109 -0.5000251 0 0.8660109 -0.2588317 0 0.9659224 -0.2588317 0 0.9659224 8.911097e-18 0 1 -8.911097e-18 0 1 0.2588317 0 0.9659224 0.2588317 0 0.9659224 0.4999866 0 0.8660331 0.4999866 0 0.8660331 0.707147 0 0.7070665 0.707147 0 0.7070665 0.8660531 0 0.499952 0.8660531 0 0.499952 0.9659087 0 0.2588829 0.9659087 0 0.2588829 1 0 0 1 0 0 0.9659087 0 -0.2588829 0.9659087 0 -0.2588829 0.8660753 0 -0.4999135 0.8660753 0 -0.4999135 0.7071068 0 -0.7071068 0.7071068 0 -0.7071068 0.4999135 0 -0.8660753 0.4999135 0 -0.8660753 0.2588829 0 -0.9659087 0.2588829 0 -0.9659087 -5.569435e-18 0 -1 8.911097e-18 0 -1 -0.2588317 0 -0.9659224 -0.2588317 0 -0.9659224 -0.5000251 0 -0.8660109 -0.5000251 0 -0.8660109 -0.7071068 0 -0.7071068 -0.7071068 0 -0.7071068 -0.8660109 0 -0.5000251 -0.8660109 0 -0.5000251 -0.9659224 0 -0.2588317 -0.9659224 0 -0.2588317 -1 0 8.911097e-18 -1 0 -8.911097e-18 -0.9659224 0 0.2588317 -0.9659224 0 0.2588317 -0.8660331 0 0.4999866 -0.8660331 0 0.4999866 -0.7070665 0 0.707147 -0.7070665 0 0.707147 -0.499952 0 0.8660531 -0.499952 0 0.8660531 -0.2588829 0 0.9659087 -0.2588829 0 0.9659087 0 0 1 0 0 1 0.2588829 0 0.9659087 0.2588829 0 0.9659087 0.4999135 0 0.8660753 0.4999135 0 0.8660753 0.7071068 0 0.7071068 0.7071068 0 0.7071068 0.8660753 0 0.4999135 0.8660753 0 0.4999135 0.9659087 0 0.2588829 0.9659087 0 0.2588829 1 0 0 1 0 0 0.9659087 0 -0.2588829 0.9659087 0 -0.2588829 0.8660531 0 -0.499952 0.8660531 0 -0.499952 0.707147 0 -0.7070665 0.707147 0 -0.7070665 0.4999866 0 -0.8660331 0.4999866 0 -0.8660331 0.2588317 0 -0.9659224 0.2588317 0 -0.9659224 0 -1 0 0 -1 0 0 -1 0 0 -1 0 0 -1 0 0 -1 0 0 -1 0 0 -1 0 0 -1 0 0 -1 0 0 -1 0 0 -1 0 0 -1 0 0 -1 0 0 -1 0 0 -1 0 0 -1 0 0 -1 0 0 -1 0 0 -1 0 0 -1 0 0 -1 0 0 -1 0 0 -1 0 0 -1 0 0 -1 0 0 -1 0 0 -1 0 0 -1 0 0 -1 0 0.258821 0 0.9659253 0.258821 0 0.9659253 0.258821 0 0.9659253 0.258821 0 0.9659253 0.258821 0 0.9659253 0.9659228 0 0.2588304 0.9659228 0 0.2588304 0.9659228 0 0.2588304 0.9659228 0 0.2588304 0.7071068 0 -0.7071068 0.7071068 0 -0.7071068 0.7071068 0 -0.7071068 0.7071068 0 -0.7071068 -0.2588304 0 -0.9659228 -0.2588304 0 -0.9659228 -0.2588304 0 -0.9659228 -0.2588304 0 -0.9659228 -0.9659253 0 -0.258821 -0.9659253 0 -0.258821 -0.9659253 0 -0.258821 -0.9659253 0 -0.258821 -0.9659253 0 -0.258821 -0.7071068 0 0.7071068 -0.7071068 0 0.7071068 -0.7071068 0 0.7071068 -0.7071068 0 0.7071068 -1 0 0 -0.9978575 0 -0.06542559 -0.9978575 0 -0.06542559 -0.9980095 -0.003576311 0.06296276 -0.9999822 0.005948538 0.0003961611 -1 0 0 -0.9996052 0.02665579 0.008885274 -1 0 0 -1 0 0 -1 0 0 -0.06538534 0 0.9978601 0 0 1 -0.06066743 -0.001447081 0.998157 0 0 1 1 0 0 0.9990482 0 0.04362007 1 0 0 0.9986188 0 0.05254021 0.9848072 0 0.1736515 0.9815884 0 0.1910084 0.9396946 0 0.3420147 0.9337668 0 0.357882 0.8660265 0 0.4999981 0.8580552 0 0.5135575 0.7660586 0 0.6427707 0.7569594 -2.745429e-06 0.6534619 0.7071074 -3.343328e-07 0.7071062 0.6336646 -2.102059e-06 0.7736079 0.642773 0 0.7660567 0.4999944 0 0.8660286 0.4919139 0 0.8706439 0.3420266 0 0.9396903 0.3360045 0 0.9418604 0.1736482 0 0.9848077 0.1704305 0 0.9853697 3.724807e-16 0 1 3.659448e-16 0 1 -0.1736482 0 0.9848077 -0.1704305 0 0.9853697 -0.3420266 0 0.9396903 -0.3360045 0 0.9418604 -0.4999944 0 0.8660286 -0.4919139 0 0.8706439 -0.642773 0 0.7660567 -0.6336646 -2.102059e-06 0.7736079 -0.7071074 -3.343328e-07 0.7071062 -0.7569594 -2.745429e-06 0.6534619 -0.7660586 0 0.6427707 -0.8660265 0 0.4999981 -0.8580552 0 0.5135575 -0.9396946 0 0.3420147 -0.9337668 0 0.357882 -0.9848072 0 0.1736515 -0.9815884 0 0.1910084 -0.9990482 0 0.04362007 -0.9986188 0 0.05254021 -1 0 0 -1 0 0 0.05955921 0 0.9982248 0 0 1 0.06443159 -0.001308111 0.9979213 0 0 1 0.9999681 0.005789779 0.005497634 0.9978601 0 0.06538534 0.9991765 0.03849251 0.01283085 1 0 0 1 0 0 0.9978575 0 -0.06542559 1 0 0 0.9978575 0 -0.06542559 1 0 0 1 0 0 0 0 -1 0.06542559 0 -0.9978575 0.06542559 0 -0.9978575 0 0 -1 0 0 -1 0 0 -1 -0.06542559 0 -0.9978575 -0.06542559 0 -0.9978575 0 -1 0 0 -1 0 0 -1 0 0 -1 0 0 -1 0 0 -1 0 0 -1 0 0 -1 0 0 -1 0 0 -1 0 0 -1 0 0 -1 0 0 -1 0 0 -1 0 0 -1 0 0 -1 0 0 -1 0 0 -1 0 0 -1 0 0 -1 0 0 -1 0 0 -1 0 0 -1 0 0 -1 0 0 -1 0 0 -1 0 0 -1 0 0 -1 0 0 -1 0 0 -1 0 0 -1 0 0 -1 0 0 -1 0 0 -1 0 0 -1 0 0 -1 0 0 -1 0 0 -1 0 0 -1 0 0 -1 0 0 -1 0 0 -1 0 0 -1 0 0 -1 0 0 -1 0 0 -1 0 0 -1 0 0 -1 0 0 -1 0 0 -1 0 0 -1 0 0 -1 0 0 -1 0 0 -1 0 0 -1 0 0 -1 0 0 -1 0 0 -1 0 0 -1 0 0 -1 0 0 -1 0 0 -1 0 0 -1 0 0 -1 0 0 -1 0 0 -1 0 0 -1 0 0 -1 0 0 -1 0 0 -1 0 0 -1 0 0 -1 0 0 -1 0 0 -1 0 0 -1 0 0 -1 0 0 -1 0 0 -1 0 0 -1 0 0 -1 0 0 -1 0 0 -1 0 0 -1 0 0 -1 0 0 -1 0 0 -1 0 0 -1 0 0 -1 0 0 -1 0 0 -1 0 0 -1 0 0 -1 0 0 -1 0 0 -1 0 0 -1 0 0 -1 0 0 -1 0 0 -1 0 0 -1 0 0 -1 0 0 -1 0 0 -1 0 0 -1 0 0 -1 0 0 -1 0 0 -1 0 0 -1 0 0 -1 0 0 -1 0 0 -1 0 0 -1 0 0 -1 0 0 -1 0 0 -1 0 0 -1 0 0 -1 0 0 -1 0 0 -1 0 0 -1 0 0 -1 0 0 -1 0 0 -1 0 0 -1 0 0 -1 0 0 -1 0 0 -1 0 0 -1 0 0 -1 0 0 -1 0 0 -1 0 0 -1 0 0 -1 0 0 -1 0 0 -1 0 0 -1 0 0 -1 0 0 -1 0 0 -1 0 0 -1 0 0 -1 0 0 -1 0 0 -1 0 0 -1 0 0 -1 0 0 -1 0 0 -1 0 0 -1 0 0 -1 0 0 -1 0 0 -1 0 0 -1 0 0 -1 0 0 -1 0 0 -1 0 0 -1 0 0 -1 0 0 -1 0 0 -1 0 0 -1 0 0 -1 0 0 -1 0 0 -1 0 0 -1 0 0 -1 0 0 -1 0 0 -1 0 0 -1 0 0 -1 0 0 -1 0 0 -1 0 0 -1 0 0 -1 0 0 -1 0 0 -1 0 0 -1 0 0 -1 0 0 -1 0 0 -1 0 0 -1 0 0 -1 0 0 -1 0 0 -1 0 0 -1 0 0 -1 0 0 -1 0 0 -1 0 0 -1 0 0 -1 0 0 -1 0 0 -1 0 0 -1 0 0 -1 0 0 -1 0 0 -1 0 0 -1 0 0 -1 0 0 -1 0 0 -1 0 0 -1 0 0 -1 0 0 -1 0 0 -1 0 0 -1 0 0 -1 0 0 -1 0 0 -1 0 0 -1 0 0 -1 0 0 -1 0 0 -1 0 0 -1 0 0 -1 0 0 1 0 0 1 0 0 1 0 0 1 0 0 1 0 0 1 0 0 1 0 0 1 0 0 1 0 0 1 0 0 1 0 0 1 0 0 1 0 0 1 0 0 1 0 0 1 0 0 1 0 0 1 0 0 1 0 0 1 0 0 1 0 0 1 0 0 1 0 0 1 0 0 1 0 0 1 0 0 1 0 0 1 0 0 1 0 0 1 0 0 1 0 0 1 0 0 1 0 0 1 0 0 1 0 0 1 0 0 1 0 0 1 0 0 1 0 0 1 0 0 1 0 0 1 0 0 1 0 0 1 0 0 1 0 0 1 0 0 1 0 0 1 0 0 1 0 0 1 0 0 1 0 0 1 0 0 1 0 0 1 0 0 1 0 0 1 0 0 1 0 0 1 0 0 1 0 0 1 0 0 1 0 0 1 0 0 1 0 0 1 0 0 1 0 0 1 0 0 1 0 0 1 0 0 1 0 0 1 0 0 1 0 0 1 0 0 1 0 0 1 0 0 1 0 0 1 0 0 1 0 0 1 0 0 1 0 0 1 0 0 1 0 0 1 0 0 1 0 0 1 0 0 1 0 0 1 0 0 1 0 0 1 0 0 1 0 0 1 0 0 1 0 0 1 0 0 1 0 0 1 0 0 1 0 0 1 0 0 1 0 0 1 0 0 1 0 0 1 0 0 1 0 0 1 0 0 1 0 0 1 0 0 1 0 0 1 0 0 1 0 0 1 0 0 1 0 0 1 0 0 1 0 0 1 0 0 1 0 0 1 0 0 1 0 0 1 0 0 1 0 0 1 0 0 1 0 0 1 0 0 1 0 0 1 0 0 1 0 0 1 0 0 1 0 0 1 0 0 1 0 0 1 0 0 1 0 0 1 0 0 1 0 0 1 0 0 1 0 0 1 0 0 1 0 0 1 0 0 1 0 0 1 0 0 1 0 0 1 0 0 1 0 0 1 0 0 1 0 0 1 0 0 1 0 0 1 0 0 1 0 0 1 0 0 1 0 0 1 0 0 1 0 0 1 0 0 1 0 0 1 0 0 1 0 0 1 0 0 1 0 0 1 0 0 1 0 0 1 0 0 1 0 0 1 0 0 1 0 0 1 0 0 1 0 0 1 0 0 1 0 0 1 0 0 1 0 0 1 0 0 1 0 0 1 0 0 1 0 0 1 0 0 1 0 0 1 0 0 1 0 0 1 0 0 1 0 0 1 0 0 1 0 0 1 0 0 1 0 0 1 0 0 1 0 0 1 0 0 1 0 0 1 0 0 1 0 0 1 0 0 1 0 0 1 0 0 1 0 0 1 0 0 1 0 0 1 0 0 1 0 0 1 0 0 1 0 0 1 0 0 1 0 0 1 0 0 1 0 0 1 0 0 1 0 0 1 0 0 1 0 0 1 0 0 1 0 0 1 0 0 1 0 0 1 0 0 1 0 0 1 0 0 1 0 0 1 0 0 1 0 0 1 0 0 1 0 0 1 0 0 1 0 0 1 0 0 1 0 0 1 0 0 1 0 0 1 0 0 1 0 0 1 0 0 1 0 0 1 0 0 1 0 0 1 0 0 1 0 0 1 0 0 1 0 0 1 0 0 1 0 0 1 0 0 1 0 0 1 0 0 1 0 0 1 0 0 1 0 0 1 0 0 1 0 0 1 0 0 1 0 0 1 0 0 1 0 0 1 0 0 1 0 0 1 0 0 1 0 0 1 0 0 1 0 0 1 0 0 1 0 0 1 0 0 1 0 0 1 0 0 1 0 0 1 0 0 1 0 0 1 0 0 1 0 0.566358 -0.002913405 0.8241542 0.5399886 0 0.8416723 0.4878379 0 0.8729342 -0.8359829 -0.005154114 0.5487313 -0.8535795 0 0.5209627 -0.8888581 0 0.4581826 -0.5308395 -0.007544512 -0.8474388 -0.5016792 0 -0.8650537 -0.4280096 0 -0.9037742 0.8121957 -0.0002644347 -0.583385 0.8293536 0 -0.5587241 0.8560277 0 -0.5169299 0.4280096 0 -0.9037742 0.5016792 0 -0.8650537 0.5273322 -0.0001564675 -0.8496592 -0.4338529 -0.0002256565 -0.9009837 -0.5877835 0 -0.8090183 -0.6135103 -0.008347606 -0.7896426 -0.7196563 -0.0002810195 -0.6943304 -0.834955 -0.001078249 -0.5503171 -0.8121957 -0.0002644347 -0.583385 -0.7814069 -0.001018283 -0.6240211 -0.7228024 0 -0.6910548 -0.8806222 -0.000440797 0.4738189 -0.7818367 0 0.6234833 -0.7674101 -0.005909821 0.6411294 -0.7228005 1.196504e-07 0.6910567 -0.6698581 6.464046e-07 0.7424892 -0.659202 -0.002391765 0.7519621 -0.5649281 -0.0002909322 0.8251401 -0.5114489 -0.00251757 0.85931 0.5128606 -0.0004268095 0.8584718 0.6579395 0 0.7530708 0.6679439 -0.003469928 0.7442035 0.7228005 1.196504e-07 0.6910567 0.764609 7.020239e-07 0.6444944 0.7807329 -0.002609766 0.6248594 0.837615 -0.0003038946 0.5462609 0.8814217 -0.002514644 0.4723236 -0.9510571 0 0.3090153 -0.9510571 0 0.3090153 -0.9909502 0 0.1342301 -0.9909502 0 0.1342301 -0.9989931 0 -0.04486372 -0.9989931 0 -0.04486372 -0.9749282 0 -0.2225197 -0.9749282 0 -0.2225197 -0.9195284 0 -0.3930235 -0.9195284 0 -0.3930235 -0.8560277 0 -0.5169299 -0.8293536 0 -0.5587241 -0.2660353 0 -0.9639633 -0.2660353 0 -0.9639633 -0.1119651 0 -0.9937121 -0.09091037 0.001905946 -0.9958573 0.001276741 0.00212764 -0.9999969 0.001278143 0.002127635 -0.9999969 0.1106961 0.001901164 -0.9938525 0.08963742 0 -0.9959745 0.2660353 0 -0.9639633 0.2660353 0 -0.9639633 0.4330704 -0.001246902 -0.9013593 0.5885251 -0.001413252 -0.8084777 0.6184048 0 -0.7858597 0.7228024 0 -0.6910548 0.7196563 -0.0002810195 -0.6943304 0.7814069 -0.001018283 -0.6240211 0.834955 -0.001078249 -0.5503171 0.9195284 0 -0.3930235 0.9195284 0 -0.3930235 0.9749282 0 -0.2225197 0.9749282 0 -0.2225197 0.9989931 0 -0.04486372 0.9989931 0 -0.04486372 0.9909502 0 0.1342301 0.9909502 0 0.1342301 0.9510571 0 0.3090153 0.9510571 0 0.3090153 0.8888581 0 0.4581826 0.8535795 0 0.5209627 0.3513723 0 0.9362358 0.3513723 0 0.9362358 0.1785552 0 0.9839299 0.1785552 0 0.9839299 1.153176e-16 0 1 1.197529e-16 0 1 -0.1785552 0 0.9839299 -0.1785552 0 0.9839299 -0.3513723 0 0.9362358 -0.3513723 0 0.9362358 -0.4878379 0 0.8729342 -0.5399886 0 0.8416723 3.460078e-06 0.9486835 0.3162271 7.731617e-05 0.9487176 0.3161249 0.0001048342 0.94872 0.3161175 -6.636662e-17 0.9486823 0.3162308 -6.475572e-06 0.9486829 0.3162291 2.806864e-05 0.9486863 0.3162186 0.01026209 0.948632 0.3162151 -2.581923e-05 0.948687 0.3162168 0.01629994 0.9487366 0.3156472 5.040829e-06 0.9486794 0.3162395 -8.84133e-06 0.9486874 0.3162153 -7.025118e-06 0.9486864 0.3162184 -6.007743e-06 0.9486845 0.3162242 -2.444459e-06 0.9486824 0.3162306 -9.839918e-07 0.9486814 0.3162333 -8.016464e-07 0.9486834 0.3162275 -0.01688631 0.947648 0.31887 -0.006061483 0.9486639 0.316228 -1.158994e-05 0.9486809 0.3162349 1.196245e-05 0.9486783 0.3162427 -2.762969e-06 0.9486807 0.3162355 4.872483e-06 0.9486888 0.3162112 6.751503e-07 0.9486824 0.3162305 7.931125e-06 0.9486652 0.3162819 -3.786041e-07 0.9486825 0.3162302 -8.023474e-21 0.948681 0.3162346 -7.931125e-06 0.9486652 0.3162819 -5.104191e-06 0.9486807 0.3162357 -1.551617e-06 0.948682 0.3162315 5.554152e-05 0.9486757 0.3162504 -5.554152e-05 0.9486757 0.3162504 -1.624895e-05 0.9486726 0.3162598 7.72915e-07 0.9486815 0.3162333 4.562636e-05 0.9486463 0.3163389 7.1908e-07 0.9486782 0.316243 1.778312e-07 0.9486825 0.3162302 3.103601e-06 0.9486859 0.3162199 4.762892e-06 0.9486834 0.3162275 2.811492e-06 0.9486831 0.3162284 6.068991e-06 0.9486859 0.31622 -1.913876e-05 0.9486762 0.3162492 0.009000938 0.9488049 0.3157345 0.01410126 0.9485886 0.3161976 -1.082046e-05 0.9486829 0.316229 1.087866e-05 0.9486825 0.3162301 -1.3766e-05 0.9486873 0.3162157 -9.562185e-06 0.9486868 0.3162173 -8.905132e-08 0.948683 0.3162286 -6.629471e-06 0.9486849 0.316223 -5.989229e-06 0.94868 0.3162376 1.3766e-05 0.9486873 0.3162157 -7.1908e-07 0.9486782 0.316243 -3.512717e-07 0.9486827 0.3162295 -3.013332e-05 0.9486839 0.316226 -7.44361e-05 0.9486996 0.316179 3.809548e-05 0.9486837 0.3162266 -0.02028499 0.9486383 0.3157117 -3.387554e-05 0.9486838 0.3162261 -0.01290175 0.948604 0.3162025 0 0.9486869 0.316217 -3.244157e-06 0.9486832 0.316228 -2.587435e-06 0.9486827 0.3162295 -1.460289e-07 0.9486829 0.3162289 1.334487e-05 0.9486868 0.3162174 1.943326e-06 0.9486832 0.3162281 -2.592628e-05 0.9486887 0.3162116 -2.207403e-06 0.9486845 0.3162243 -1.751139e-07 0.9486827 0.3162295 3.414753e-05 0.9486864 0.3162185 -1.943326e-06 0.9486832 0.3162281 1.231537e-05 0.948685 0.3162228 5.045875e-06 0.9486828 0.3162292 -5.48591e-05 0.9486795 0.3162391 -1.324228e-05 0.9486834 0.3162274 5.838594e-05 0.9486756 0.3162508 3.952008e-06 0.948684 0.3162257 -1.16295e-05 0.9486882 0.3162132 -7.71055e-05 0.9487176 0.3161247 -4.724921e-05 0.9487024 0.3161706 1.071667e-05 0.9486875 0.3162153 2.458685e-06 0.9486807 0.3162354 -4.872483e-06 0.9486888 0.3162112 0.9659328 0 -0.258793 0.9659328 0 -0.258793 0.8660103 -1.632194e-06 -0.5000262 0.8660341 0 -0.4999849 0.7932675 -9.717984e-08 -0.6088733 0.707106 -1.606169e-06 -0.7071075 0.7070868 0 -0.7071268 0.5000259 2.034546e-06 -0.8660104 0.499991 0 -0.8660306 0.3825989 1.224135e-07 -0.9239145 0.2587943 2.044557e-06 -0.9659325 0.2588405 0 -0.9659201 -0.2587943 2.044557e-06 -0.9659325 -0.2588405 0 -0.9659201 -0.3825989 1.224135e-07 -0.9239145 -0.5000259 2.034546e-06 -0.8660104 -0.499991 0 -0.8660306 -0.707106 -1.606169e-06 -0.7071075 -0.7070868 0 -0.7071268 -0.7932675 -9.717984e-08 -0.6088733 -0.8660103 -1.632194e-06 -0.5000262 -0.8660341 0 -0.4999849 -0.9659328 0 -0.258793 -0.9659328 0 -0.258793 -0.2715608 0.913026 0.3043652 -0.2437278 0.9222382 0.3001224 -0.2943154 0.9066453 0.3022791 -0.01413068 0.9485892 0.3161943 -0.03042083 0.9493104 0.3128646 -0.06538391 0.948527 0.3098733 -0.04660645 0.9465271 0.3192401 -0.09079609 0.9461317 0.3107907 -0.06131914 0.9467791 0.3159893 -0.09701084 0.943112 0.3180072 -0.08519555 0.9443006 0.3178649 -0.1094976 0.9406018 0.3213697 -0.1363818 0.9409028 0.310003 -0.09764481 0.944094 0.3148842 -0.1964688 0.9267772 0.3201313 -0.2102665 0.9253986 0.3153178 -0.1883867 0.9294477 0.3172339 -0.2443946 0.9238662 0.294521 -0.2139722 0.928212 0.3043657 -0.1342562 0.9392785 0.3158025 -0.1591938 0.9365353 0.3123442 -0.2160274 0.9246791 0.3135295 -0.2262957 0.923072 0.3110119 -0.2403118 0.9204759 0.308179 -0.2172612 0.9262952 0.3078551 -0.2186969 0.9259748 0.3078023 -0.238529 0.9208443 0.3084635 -0.2507733 0.9183353 0.3062239 -0.2279349 0.9238872 0.3073729 -0.1981917 0.9303702 0.3084336 -0.1811737 0.9336328 0.3090401 -0.1825724 0.9328293 0.3106395 -0.4297524 0.8566491 0.2854212 -0.4145007 0.8633011 0.2879243 -0.4393835 0.8521378 0.2842593 -0.4113177 0.865321 0.2864215 -0.3414989 0.89183 0.2966779 -0.7750211 0.6000918 0.1980712 -0.6347323 0.733064 0.2444016 -0.6836069 0.6923816 0.230845 -0.6052374 0.7564409 0.2479614 -0.518271 0.811938 0.2686108 -0.9783324 0.1966822 0.06466725 -0.9453421 0.3093469 0.1031153 -0.8997152 0.4140915 0.1379885 -0.8816969 0.4492948 0.1440304 -0.788751 0.5839015 0.1921743 -0.04739176 0.9476272 0.3158428 -0.08604231 0.9453775 0.3144169 -0.06106831 0.9469125 0.315638 -0.1709202 0.9347225 0.3115769 -0.1345659 0.9401136 0.3131748 -0.1205713 0.9419747 0.3132831 -0.1032485 0.9438006 0.3139749 -0.09065941 0.9447753 0.3149293 0.7310155 0.647294 0.2159323 0.841181 0.5130743 0.1707905 0.8997675 0.413995 0.1379367 0.9413926 0.3205262 0.1050855 0.9949298 0.09700298 0.02655472 0.59156 0.7650177 0.2545678 0.4594224 0.842627 0.2809107 0.4789838 0.8327692 0.2776148 0.5918903 0.7647618 0.2545688 0.7108147 0.6679348 0.2204666 0.7158115 0.6623992 0.2210006 0.4558224 0.8448758 0.2800193 0.3752454 0.8795476 0.2925523 0.3773099 0.8786461 0.2926061 0.247921 0.9190979 0.3062583 0.2192004 0.9265033 0.3058478 0.2236123 0.9246039 0.3083913 0.2392595 0.9211117 0.3070964 0.3008817 0.9047947 0.3013583 0.3586249 0.8855465 0.295289 0.1494347 0.9381275 0.3123875 0.1480528 0.9386895 0.3113559 0.1560485 0.9376609 0.3105492 0.1799265 0.9334854 0.3102119 0.2047778 0.9286572 0.3092926 0.2070907 0.9281782 0.3091904 0.219649 0.9255349 0.3084469 0.2581543 0.9164646 0.3056943 0.2404508 0.9206588 0.3075238 0.2295655 0.923072 0.3086061 0.2146851 0.9261067 0.3102204 0.2113267 0.9266959 0.3107663 0.187279 0.9303039 0.3153748 0.1683836 0.9328485 0.3184974 0.1816902 0.9333832 0.3094908 0.1482198 0.937743 0.3141161 0.1335889 0.9401699 0.3134239 0.1175048 0.9420758 0.3141429 0.1165695 0.94218 0.3141789 0.1052005 0.9430014 0.3157233 0.1100847 0.9444564 0.3096504 0.06305793 0.9461025 0.3176694 0.02391499 0.9484084 0.316148 0.04247667 0.9481155 0.3150756 0.02834793 0.948265 0.3162117 0.07047153 0.9466093 0.3145863 0.08925551 0.9461118 0.3112972 0.06467394 0.9467007 0.3155552 0.03186581 0.948302 0.3157657 0.04173204 0.9478583 0.3159479 0.06646861 0.9468551 0.3147178 0.09437215 0.9446096 0.3143352 0.1057981 0.9434706 0.3141177 0.1166676 0.9422049 0.3140678 0.7071068 0 0.7071068 0.7071068 0 0.7071068 0.7071068 0 0.7071068 0.7071068 0 0.7071068 -0.7071068 0 0.7071068 -0.7071068 0 0.7071068 -0.7071068 0 0.7071068 -0.7071068 0 0.7071068 -0.2573623 -0.002581366 0.9663115 -0.194566 -0.001369051 0.9808885 -0.9901467 -0.009022354 0.1397433 -0.9847489 -0.004423119 0.1739252 -0.9657222 -0.006262742 0.2595021 -0.9945945 -0.004854536 0.1037216 -0.9995162 -0.0001106426 0.03110364 -0.8662134 -0.005766586 0.499641 -0.8892349 -0.00555703 0.4574171 -0.9257193 -0.007401943 0.378139 -0.9434375 -0.001023482 0.3315488 -0.9618109 -9.137166e-05 0.2737149 -0.9762606 0.0008031852 0.2165977 -0.8310959 -0.002075415 0.5561252 -0.8631752 0.001728738 0.5049015 -0.8629476 0.001711853 0.5052905 -0.764565 -0.002816747 0.6445404 -0.7056525 -0.003929398 0.7085472 -0.7257954 0.0008089911 0.6879102 -0.5976371 -0.01011186 0.801703 -0.688535 -0.0003272981 0.7252031 -0.7262935 0.0007680772 0.6873843 -0.4573788 -1.22278e-06 0.889272 -0.4247781 2.933468e-05 0.9052975 -0.5013557 -0.002485904 0.8652377 -0.4828818 -0.007811842 0.8756507 -0.551493 -0.01777259 0.8339901 -0.2676998 0.0005840771 0.9635022 -0.3191967 -0.004769254 0.9476765 -0.4077746 -0.005214111 0.9130677 0.2080759 0.0003887289 0.9781126 0.2573737 -0.005141719 0.9662983 0.5007527 -0.006086061 0.865569 0.5004445 0.001161617 0.8657678 0.4535074 -0.001355529 0.8912515 0.4042691 -0.00387863 0.9146319 0.3524891 -0.001881904 0.935814 0.2914077 0.001240968 0.9565981 0.6836265 0.001227644 0.729831 0.6383161 -0.004164312 0.7697631 0.707548 -0.004068722 0.7066536 0.5539864 -0.004226909 0.832515 0.5031234 0.001011034 0.864214 0.8584627 -0.0001018377 0.5128759 0.8253779 -0.001050145 0.5645797 0.8653279 -0.005322052 0.5011779 0.7918652 -0.008440292 0.6106376 0.7275796 -0.006387615 0.6859935 0.6835418 0.00122119 0.7299103 0.9665059 -0.004183468 0.2566103 0.9657959 0.001682598 0.2592981 0.9501501 -0.001418908 0.3117897 0.9104 -0.01270716 0.4135341 0.8912042 -0.009511523 0.4535027 0.8871388 0.0007767316 0.461502 0.9995249 -0.0294394 0.00912156 0.9981265 -0.01909825 0.05812621 0.9900808 -0.00652849 0.1403474 0.9759691 -0.0006609973 0.217908 0.9660402 0.001647171 0.2583867 -0.1245408 0.0145441 -0.9921079 -0.2707992 0.01026764 -0.9625811 -0.2590831 0.00158606 -0.9658537 0.2453466 0 0.9694354 0.3560544 0.003977305 0.9344568 0.2603845 0.004004012 0.9654967 0.4758353 0.003900673 0.8795258 0.4983858 0.003821066 0.8669469 0.1287841 0.0004235663 0.9916726 -2.285624e-06 0.006206695 0.9999807 -8.978197e-18 0 1 -0.1287911 0.0004235829 0.9916717 -0.2587445 0.006253681 0.9659255 -0.2553268 0 0.9668548 -0.3775675 0.0004374524 0.925982 -0.4998706 0.006393205 0.8660765 -0.4939893 0 0.869468 -0.6020829 0.0004661752 0.7984334 -0.7086705 0.003243775 0.7055322 -0.7194709 0 0.6945226 -0.8660299 0 0.4999922 -0.8539659 0 0.5203289 -0.9659241 0 0.2588254 -0.9588514 0 0.2839083 -1 0 -2.67333e-17 -0.9996424 0 0.02673913 -0.9659241 0 -0.2588254 -0.9722622 0 -0.2338938 -0.8660299 0 -0.4999922 -0.8773229 0 -0.4799006 -0.7073037 0.00135593 -0.7069085 -0.7398356 0 -0.6727877 -0.5001897 0.001509744 -0.8659145 -0.3812756 0.01310265 -0.9243686 -0.5139225 0.01018517 -0.8577762 -0.6110386 0.01148846 -0.7915174 -0.008170664 0.01004814 -0.9999161 -0.004184659 0.005855202 -0.9999741 0.1516792 -0.002241137 -0.9884272 0.2592873 0.01024012 -0.965746 0.236795 -0.00859119 -0.9715217 0.3365143 -0.001450149 -0.9416772 0.4997402 0.01012718 -0.8661162 0.4925596 1.741005e-05 -0.8702787 0.7662559 0.005060532 -0.6425156 0.6901852 -0.005797873 -0.7236095 0.7097308 0.005834789 -0.7044488 0.6299282 -0.002092405 -0.7766505 0.5558342 -0.001603786 -0.8312916 0.9667433 0.005188041 -0.2556959 0.9277802 0.000815055 -0.3731263 0.8642974 0.0046828 -0.5029594 0.8884827 0.02260285 -0.4583531 0.8736835 0.05037279 -0.4838798 0.998347 -0.0005414979 -0.0574709 0.9932634 0.007714705 -0.1156217 0.9999986 0.001680225 -3.60192e-06 0.9715934 0.008557849 -0.2365017 0.9476038 -0.0003174918 -0.319448 0.9995282 0.007985091 0.02965914 0.9658951 0.00159225 0.2589287 0.9888053 0.006532276 0.1490686 0.8946756 -0.0002382422 0.4467163 0.9170122 0.006011347 0.3988138 0.8659565 0.001176093 0.500118 0.9579164 0.00774713 0.2869428 0.9794553 -0.0004024425 0.2016612 0.8451772 0.004182238 0.5344698 0.7085271 0.003684001 0.705674 0.7451871 0.001173771 0.6668544 0.5563015 -0.0007837618 0.8309802 0.6137473 -0.001323417 0.7895015 0.6921354 -0.003567943 0.7217588 0 1 0 0 1 0 0 1 0 0 1 0 0 1 0 0 1 0 0 1 0 0 1 0 0 1 0 0 1 0 0 1 0 0 1 0 0 1 0 0 1 0 0 1 0 0 1 0 0 1 0 0 1 0 0 1 0 0 1 0 0 1 0 0 1 0 0 1 0 0 1 0 0 1 0 0 1 0 0 1 0 0 1 0 0 1 0 0 1 0 0 1 0 0 1 0 0 1 0 0 1 0 0 1 0 0 1 0 0 1 0 0 1 0 0 1 0 0 1 0 0 1 0 0 1 0 0 1 0 0 1 0 0 1 0 0 1 0 0 1 0 0 1 0 -5.569464e-18 0 -1 8.911142e-18 0 -1 -0.2588703 0 -0.9659121 -0.2588703 0 -0.9659121 -0.5000298 0 -0.8660082 -0.5000298 0 -0.8660082 -0.7070862 0 -0.7071274 -0.7070862 0 -0.7071274 -0.8660084 0 -0.5000295 -0.8660084 0 -0.5000295 -0.9659238 0 -0.2588265 -0.9659238 0 -0.2588265 -1 0 -8.911105e-18 -1 0 0 -0.9659238 0 0.2588265 -0.9659238 0 0.2588265 -0.8660084 0 0.5000295 -0.8660084 0 0.5000295 -0.7070862 0 0.7071274 -0.7070862 0 0.7071274 -0.5000298 0 0.8660082 -0.5000298 0 0.8660082 -0.2588703 0 0.9659121 -0.2588703 0 0.9659121 8.911142e-18 0 1 -8.911142e-18 0 1 0.2588703 0 0.9659121 0.2588703 0 0.9659121 0.5000551 0 0.8659936 0.5000551 0 0.8659936 0.7071068 0 0.7071068 0.7071068 0 0.7071068 0.8659936 0 0.5000551 0.8659936 0 0.5000551 0.9659121 0 0.2588703 0.9659121 0 0.2588703 1 0 -8.911142e-18 1 0 8.911142e-18 0.9659121 0 -0.2588703 0.9659121 0 -0.2588703 0.8659936 0 -0.5000551 0.8659936 0 -0.5000551 0.7071068 0 -0.7071068 0.7071068 0 -0.7071068 0.5000551 0 -0.8659936 0.5000551 0 -0.8659936 0.2588703 0 -0.9659121 0.2588703 0 -0.9659121 0.7070858 -3.504346e-06 0.7071277 0.7933717 -2.688737e-07 0.6087375 0.8660597 -3.400586e-06 0.4999405 0.8660392 0 0.499976 0.9659358 0 0.258782 0.9659358 0 0.258782 1 0 5.346728e-16 1 0 5.346728e-16 0.9659358 0 -0.258782 0.9659358 0 -0.258782 0.8660597 -3.400586e-06 -0.4999405 0.8660392 0 -0.499976 0.7933717 -2.688737e-07 -0.6087375 0.7070858 -3.504346e-06 -0.7071277 0.7071529 0 -0.7070607 0.4999922 0 -0.8660299 0.4999922 0 -0.8660299 0.2588254 0 -0.9659241 0.2588254 0 -0.9659241 -2.438856e-06 0 -1 -2.438856e-06 0 -1 -0.2588209 0 -0.9659253 -0.2588209 0 -0.9659253 -0.5000008 0 -0.8660249 -0.5000008 0 -0.8660249 -0.7071068 0 -0.7071068 -0.7071068 0 -0.7071068 -0.8660251 0 -0.5000005 -0.8660251 0 -0.5000005 -0.9659254 0 -0.2588206 -0.9659254 0 -0.2588206 -1 0 -8.911105e-17 -1 0 -1.069333e-16 -0.9659254 0 0.2588206 -0.9659254 0 0.2588206 -0.8660251 0 0.5000005 -0.8660251 0 0.5000005 -0.7071068 0 0.7071068 -0.7071068 0 0.7071068 -0.5000008 0 0.8660249 -0.5000008 0 0.8660249 -0.2588209 0 0.9659253 -0.2588209 0 0.9659253 -2.438856e-06 0 1 -2.438856e-06 0 1 0.2588254 0 0.9659241 0.2588254 0 0.9659241 0.4999922 0 0.8660299 0.4999922 0 0.8660299 0.7071529 0 0.7070607 0 1 0 0 1 0 0 1 0 0 1 0 0 1 0 0 1 0 0 1 0 0 1 0 0 1 0 0 1 0 0 1 0 0 1 0 0 1 0 0 1 0 0 1 0 0 1 0 0 1 0 0 1 0 0 1 0 0 1 0 0 1 0 0 1 0 0 1 0 0 1 0 0 1 0 0 1 0 0 1 0 0 1 0 0 1 0 0 1 0 0 1 0 0 1 0 0 1 0 0 1 0 0 1 0 0 1 0 0 1 0 0 1 0 0 1 0 0 1 0 0 1 0 0 1 0 0 1 0 0 1 0 0 1 0 0 1 0 0 1 0 0 1 0 -1.113888e-18 0 -1 0 0 -1 -0.2588265 0 -0.9659238 -0.2588265 0 -0.9659238 -0.5000065 0 -0.8660217 -0.5000065 0 -0.8660217 -0.7071072 0 -0.7071064 -0.7071072 0 -0.7071064 -0.8660272 0 -0.499997 -0.8660272 0 -0.499997 -0.9659256 0 -0.2588199 -0.9659256 0 -0.2588199 -1 0 -1.960445e-16 -1 0 -1.960445e-16 -0.9659256 0 0.2588199 -0.9659256 0 0.2588199 -0.8660272 0 0.499997 -0.8660272 0 0.499997 -0.7071072 0 0.7071064 -0.7071072 0 0.7071064 -0.5000065 0 0.8660217 -0.5000065 0 0.8660217 -0.2588265 0 0.9659238 -0.2588265 0 0.9659238 0 0 1 0 0 1 0.2588265 0 0.9659238 0.2588265 0 0.9659238 0.5000317 0 0.8660071 0.5000317 0 0.8660071 0.7071278 0 0.7070858 0.7071278 0 0.7070858 0.8660124 0 0.5000225 0.8660124 0 0.5000225 0.9659139 0 0.2588637 0.9659139 0 0.2588637 1 0 5.524913e-16 1 0 5.435802e-16 0.9659139 0 -0.2588637 0.9659139 0 -0.2588637 0.8660124 0 -0.5000225 0.8660124 0 -0.5000225 0.7071278 0 -0.7070858 0.7071278 0 -0.7070858 0.5000317 0 -0.8660071 0.5000317 0 -0.8660071 0.2588265 0 -0.9659238 0.2588265 0 -0.9659238 -0.7070858 -3.504346e-06 -0.7071277 -0.7933717 -2.688737e-07 -0.6087375 -0.8660597 -3.400586e-06 -0.4999405 -0.8660392 0 -0.499976 -0.9659358 0 -0.258782 -0.9659358 0 -0.258782 -1 0 -3.208037e-16 -1 0 -3.208037e-16 -0.9659358 0 0.258782 -0.9659358 0 0.258782 -0.8660597 -3.400586e-06 0.4999405 -0.8660392 0 0.499976 -0.7933717 -2.688737e-07 0.6087375 -0.7070858 -3.504346e-06 0.7071277 -0.7071529 0 0.7070607 -0.4999922 0 0.8660299 -0.4999922 0 0.8660299 -0.2588254 0 0.9659241 -0.2588254 0 0.9659241 2.438856e-06 0 1 2.438856e-06 0 1 0.2588209 0 0.9659253 0.2588209 0 0.9659253 0.5000008 0 0.8660249 0.5000008 0 0.8660249 0.7071069 -3.638791e-07 0.7071066 0.7071139 0 0.7070997 0.7933604 -2.791837e-08 0.6087523 0.866025 -3.531029e-07 0.5000007 0.8660229 0 0.5000044 0.9659254 0 0.2588206 0.9659254 0 0.2588206 1 0 3.207998e-16 1 0 3.207998e-16 0.9659254 0 -0.2588206 0.9659254 0 -0.2588206 0.866025 -3.531029e-07 -0.5000007 0.8660229 0 -0.5000044 0.7933604 -2.791837e-08 -0.6087523 0.7071069 -3.638791e-07 -0.7071066 0.7071139 0 -0.7070997 0.5000008 0 -0.8660249 0.5000008 0 -0.8660249 0.2588209 0 -0.9659253 0.2588209 0 -0.9659253 2.438856e-06 0 -1 2.438856e-06 0 -1 -0.2588254 0 -0.9659241 -0.2588254 0 -0.9659241 -0.4999922 0 -0.8660299 -0.4999922 0 -0.8660299 -0.7071529 0 -0.7070607 0 1 0 0 1 0 0 1 0 0 1 0 0 1 0 0 1 0 0 1 0 0 1 0 0 1 0 0 1 0 0 1 0 0 1 0 0 1 0 0 1 0 0 1 0 0 1 0 0 1 0 0 1 0 0 1 0 0 1 0 0 1 0 0 1 0 0 1 0 0 1 0 0 1 0 0 1 0 0 1 0 0 1 0 0 1 0 0 1 0 0 1 0 0 1 0 0 1 0 0 1 0 0 1 0 0 1 0 0 1 0 0 1 0 0 1 0 0 1 0 0 1 0 0 1 0 0 1 0 0 1 0 0 1 0 0 1 0 0 1 0 0 1 0 -1.113888e-18 0 -1 0 0 -1 -0.2588265 0 -0.9659238 -0.2588265 0 -0.9659238 -0.5000317 0 -0.8660071 -0.5000317 0 -0.8660071 -0.7071278 0 -0.7070858 -0.7071278 0 -0.7070858 -0.8660124 0 -0.5000225 -0.8660124 0 -0.5000225 -0.9659139 0 -0.2588637 -0.9659139 0 -0.2588637 -1 0 -5.524913e-16 -1 0 -5.435802e-16 -0.9659139 0 0.2588637 -0.9659139 0 0.2588637 -0.8660124 0 0.5000225 -0.8660124 0 0.5000225 -0.7071278 0 0.7070858 -0.7071278 0 0.7070858 -0.5000317 0 0.8660071 -0.5000317 0 0.8660071 -0.2588265 0 0.9659238 -0.2588265 0 0.9659238 0 0 1 0 0 1 0.2588265 0 0.9659238 0.2588265 0 0.9659238 0.5000065 0 0.8660217 0.5000065 0 0.8660217 0.7071072 0 0.7071064 0.7071072 0 0.7071064 0.8660272 0 0.499997 0.8660272 0 0.499997 0.9659256 0 0.2588199 0.9659256 0 0.2588199 1 0 1.960445e-16 1 0 1.960445e-16 0.9659256 0 -0.2588199 0.9659256 0 -0.2588199 0.8660272 0 -0.499997 0.8660272 0 -0.499997 0.7071072 0 -0.7071064 0.7071072 0 -0.7071064 0.5000065 0 -0.8660217 0.5000065 0 -0.8660217 0.2588265 0 -0.9659238 0.2588265 0 -0.9659238 -0.6755646 0.001297795 -0.7372996 -0.7415568 0.00991645 -0.6708167 -0.7071742 -0.002421538 -0.7070352 -0.9514205 0.001615221 -0.3078902 -0.9748499 0.01144239 -0.2225686 -0.9660721 -0.001862931 -0.2582657 -0.9823661 0.002735331 0.1869475 -0.9632657 0.01437308 0.2681654 -0.9657094 -0.001269836 0.2596225 -0.5015549 -0.001695948 -0.8651241 -0.2590877 0.00158599 -0.9658525 -0.2622754 0.0137071 -0.9648957 0.2589027 0.01152767 -0.9658346 0.1323922 0.001671948 -0.991196 -0.004180088 0.005855637 -0.9999741 -0.00817033 0.01004765 -0.9999161 -0.1245335 0.01454369 -0.9921088 0.500128 0.01103192 -0.8658812 0.3873527 0.001562109 -0.9219303 0.262213 0 -0.96501 0.7086705 0.003243775 0.7055322 0.8539659 0 0.5203289 0.8660299 0 0.4999922 0.9588514 0 0.2839083 0.9659241 0 0.2588254 0.9996424 0 0.02673913 1 0 1.78222e-17 0.9722622 0 -0.2338938 0.9659241 0 -0.2588254 0.8773229 0 -0.4799006 0.8660299 0 -0.4999922 0.7398356 0 -0.6727877 0.7097915 0.005359149 -0.7043915 0.6152977 0.001377418 -0.7882936 0.505905 0 -0.8625892 0.4998706 0.006393205 0.8660765 0.6020829 0.0004661752 0.7984334 0.7194709 0 0.6945226 0.2587445 0.006253681 0.9659255 0.3775675 0.0004374524 0.925982 0.4939893 0 0.869468 2.285624e-06 0.006206695 0.9999807 0.1287911 0.0004235829 0.9916717 0.2553268 0 0.9668548 -0.2610757 0.002945737 0.9653138 -0.1478766 -0.001542643 0.9890046 0 0 1 -0.4984862 0.001445219 0.8668964 -0.4805259 0.01068765 0.8769154 -0.4383609 0.01445099 0.8986829 -0.3133603 0.0009339539 0.9496339 -0.2377936 -0.00434608 0.971306 -0.7063681 0.005398519 0.7078241 -0.6588562 0.001167661 0.752268 -0.5411453 0.0008767834 0.8409286 -0.870018 -0.0001482786 0.49302 -0.837176 -0.001638053 0.5469311 -0.8676798 0.002837166 0.4971153 -0.7774524 -0.001458112 0.6289401 -0.7343175 -0.002465294 0.6788017 -0.9389461 0.01436283 0.3437645 -0.9999993 -0.0009266109 -0.0007079011 -0.989282 0.01237265 -0.1454923 -0.9985963 0.02638028 -0.04592909 -0.999252 0.0312457 0.02278549 -0.8660179 -0.001796595 -0.5000097 -0.7898055 0.01256518 -0.6132287 -0.8512152 0.02369474 -0.5242816 -0.8825703 0.03312769 -0.469012 -0.366352 0.01604782 -0.9303379 -0.4640702 0.02520339 -0.8854398 -0.5206367 0.04042869 -0.8528206 -5.569464e-18 0 -1 8.911142e-18 0 -1 -0.2588703 0 -0.9659121 -0.2588703 0 -0.9659121 -0.5000551 0 -0.8659936 -0.5000551 0 -0.8659936 -0.7071068 0 -0.7071068 -0.7071068 0 -0.7071068 -0.8659936 0 -0.5000551 -0.8659936 0 -0.5000551 -0.9659121 0 -0.2588703 -0.9659121 0 -0.2588703 -1 0 8.911142e-18 -1 0 -8.911142e-18 -0.9659121 0 0.2588703 -0.9659121 0 0.2588703 -0.8659936 0 0.5000551 -0.8659936 0 0.5000551 -0.7071068 0 0.7071068 -0.7071068 0 0.7071068 -0.5000551 0 0.8659936 -0.5000551 0 0.8659936 -0.2588703 0 0.9659121 -0.2588703 0 0.9659121 8.911142e-18 0 1 -8.911142e-18 0 1 0.2588703 0 0.9659121 0.2588703 0 0.9659121 0.5000298 0 0.8660082 0.5000298 0 0.8660082 0.7070862 0 0.7071274 0.7070862 0 0.7071274 0.8660084 0 0.5000295 0.8660084 0 0.5000295 0.9659238 0 0.2588265 0.9659238 0 0.2588265 1 0 8.911105e-18 1 0 0 0.9659238 0 -0.2588265 0.9659238 0 -0.2588265 0.8660084 0 -0.5000295 0.8660084 0 -0.5000295 0.7070862 0 -0.7071274 0.7070862 0 -0.7071274 0.5000298 0 -0.8660082 0.5000298 0 -0.8660082 0.2588703 0 -0.9659121 0.2588703 0 -0.9659121 0 1 0 0 1 0 0 1 0 0 1 0 0 1 0 0 1 0 0 1 0 0 1 0 0 1 0 0 1 0 0 1 0 0 1 0 0 1 0 0 1 0 0 1 0 0 1 0 0 1 0 0 1 0 0 1 0 0 1 0 0 1 0 0 1 0 0 1 0 0 1 0 0 1 0 0 1 0 0 1 0 0 1 0 0 1 0 0 1 0 0 1 0 0 1 0 0 1 0 0 1 0 0 1 0 0 1 0 0 1 0 0 1 0 0 1 0 0 1 0 0 1 0 0 1 0 0 1 0 0 1 0 0 1 0 0 1 0 0 1 0 0 1 0 0 -1 0 0 -1 0 0 -1 0 0 -1 0 0 -1 0 0 -1 0 -0.7071068 0 -0.7071068 -0.7071068 0 -0.7071068 -0.7071068 0 -0.7071068 -0.7071068 0 -0.7071068 0.7071068 0 0.7071068 0.7071068 0 0.7071068 0.7071068 0 0.7071068 0.7071068 0 0.7071068</float_array>
          <technique_common>
            <accessor count="2035" source="#normals-array-array" stride="3">
              <param type="float" name="X"/>
              <param type="float" name="Y"/>
              <param type="float" name="Z"/>
            </accessor>
          </technique_common>
        </source>
        <vertices id="verts-array-vertices">
          <input semantic="POSITION" source="#verts-array"/>
        </vertices>
        <triangles count="2006" material="material0">
          <input offset="0" semantic="VERTEX" source="#verts-array-vertices"/>
          <input offset="1" semantic="NORMAL" source="#normals-array"/>
          <p>0 0 1 1 2 2 3 3 2 2 1 1 4 4 5 5 6 6 7 7 6 6 5 5 8 8 9 9 10 10 8 8 10 10 11 11 12 12 11 11 10 10 11 11 12 12 13 13 14 14 15 15 16 16 17 17 18 18 19 19 20 20 19 19 18 18 19 19 20 20 21 21 22 22 21 21 20 20 21 21 22 22 23 23 23 23 24 24 21 21 25 25 21 21 24 24 21 21 25 25 8 8 26 26 8 8 25 25 8 8 26 26 9 9 13 13 27 27 11 11 28 28 11 11 27 27 11 11 28 28 29 29 30 30 29 29 28 28 29 29 30 30 31 31 31 31 32 32 29 29 33 33 29 29 32 32 29 29 33 33 14 14 34 34 14 14 33 33 14 14 34 34 15 15 16 16 35 35 14 14 36 36 14 14 35 35 14 14 36 36 19 19 37 37 19 19 36 36 19 19 37 37 17 17 38 38 39 39 40 40 41 41 40 40 39 39 40 40 41 41 42 42 43 43 44 44 45 45 46 46 45 45 44 44 47 47 48 48 49 49 50 50 49 49 48 48 51 51 52 52 53 53 54 54 53 53 52 52 55 55 56 56 57 57 58 58 57 57 56 56 57 57 58 58 59 59 60 60 61 61 62 62 63 63 62 62 61 61 62 62 63 63 64 64 65 65 64 64 63 63 64 64 65 65 66 66 67 67 68 68 69 69 70 70 71 71 72 72 73 73 72 72 71 71 72 72 73 73 69 69 74 74 69 69 73 73 69 69 74 74 67 67 66 66 75 75 64 64 76 76 64 64 75 75 64 64 76 76 72 72 77 77 72 72 76 76 72 72 77 77 70 70 78 78 79 79 80 80 81 81 80 80 79 79 80 80 81 81 82 82 83 83 82 82 81 81 68 68 84 84 69 69 85 85 69 69 84 84 69 69 85 85 81 81 86 86 81 81 85 85 81 81 86 86 83 83 78 78 87 87 79 79 88 88 79 79 87 87 79 79 88 88 62 62 89 89 62 62 88 88 62 62 89 89 60 60 90 90 91 91 92 92 93 93 92 92 91 91 92 92 93 93 94 94 95 95 96 96 97 97 98 98 97 97 96 96 99 99 100 100 101 101 102 102 101 101 100 100 103 103 104 104 105 105 106 106 105 105 104 104 107 107 108 108 109 109 110 110 109 109 108 108 109 109 110 110 111 111 112 112 113 113 114 114 115 115 114 114 113 113 116 116 117 117 118 118 119 119 118 118 117 117 118 118 119 119 120 120 121 121 120 120 119 119 120 120 121 121 122 122 122 122 123 123 120 120 124 124 120 120 123 123 120 120 124 124 125 125 126 126 125 125 124 124 125 125 126 126 127 127 127 127 128 128 125 125 129 129 125 125 128 128 125 125 129 129 130 130 131 131 130 130 129 129 130 130 131 131 132 132 132 132 133 133 130 130 134 134 130 130 133 133 130 130 134 134 135 135 136 136 135 135 134 134 135 135 136 136 137 137 138 138 139 139 140 140 141 141 140 140 139 139 140 140 141 141 118 118 142 142 118 118 141 141 118 118 142 142 116 116 137 137 143 143 135 135 144 144 135 135 143 143 135 135 144 144 140 140 145 145 140 140 144 144 140 140 145 145 138 138 146 146 147 147 148 148 149 149 148 148 147 147 148 148 149 149 150 150 151 151 152 152 153 153 154 154 153 153 152 152 155 155 156 156 157 157 158 158 157 157 156 156 159 159 160 160 161 161 162 162 161 161 160 160 163 163 164 164 165 165 166 166 165 165 164 164 165 165 166 166 167 167 168 168 169 169 170 170 171 171 170 170 169 169 172 172 173 173 174 174 175 175 174 174 173 173 176 176 177 177 178 178 176 176 178 178 179 179 180 180 179 179 178 178 179 179 180 180 181 181 182 182 183 183 184 184 185 185 184 184 183 183 186 186 187 187 188 188 189 189 188 188 187 187 190 190 191 191 192 192 190 190 192 192 193 193 194 194 193 193 192 192 193 193 194 194 195 195 196 196 197 197 198 198 199 199 198 198 197 197 200 200 201 201 202 202 203 203 202 202 201 201 204 204 205 205 206 206 204 204 206 206 207 207 208 208 207 207 206 206 207 207 208 208 209 209 210 210 211 211 212 212 213 213 212 212 211 211 212 212 213 213 214 214 215 215 214 214 213 213 214 214 215 215 216 216 217 217 216 216 215 215 216 216 217 217 218 218 219 219 218 218 217 217 218 218 219 219 220 220 221 221 220 220 219 219 220 220 221 221 222 222 223 223 222 222 221 221 222 222 223 223 224 224 225 225 224 224 223 223 224 224 225 225 226 226 227 227 226 226 225 225 226 226 227 227 228 228 229 229 228 228 227 227 228 228 229 229 230 230 231 231 230 230 229 229 230 230 231 231 232 232 233 233 232 232 231 231 232 232 233 233 234 234 235 235 234 234 233 233 234 234 235 235 236 236 237 237 236 236 235 235 236 236 237 237 238 238 239 239 238 238 237 237 238 238 239 239 240 240 241 241 240 240 239 239 240 240 241 241 242 242 243 243 242 242 241 241 242 242 243 243 244 244 245 245 244 244 243 243 244 244 245 245 246 246 247 247 246 246 245 245 246 246 247 247 248 248 249 249 248 248 247 247 248 248 249 249 250 250 251 251 250 250 249 249 250 250 251 251 252 252 253 253 252 252 251 251 252 252 253 253 254 254 255 255 254 254 253 253 254 254 255 255 256 256 257 257 256 256 255 255 256 256 257 257 210 210 211 211 210 210 257 257 258 258 259 259 260 260 261 261 260 260 259 259 260 260 261 261 262 262 263 263 262 262 261 261 262 262 263 263 264 264 265 265 264 264 263 263 264 264 265 265 266 266 267 267 266 266 265 265 266 266 267 267 268 268 269 269 268 268 267 267 268 268 269 269 270 270 271 271 270 270 269 269 270 270 271 271 272 272 273 273 272 272 271 271 272 272 273 273 274 274 275 275 274 274 273 273 274 274 275 275 276 276 277 277 276 276 275 275 276 276 277 277 278 278 279 279 278 278 277 277 278 278 279 279 280 280 281 281 280 280 279 279 280 280 281 281 282 282 283 283 282 282 281 281 282 282 283 283 284 284 285 285 284 284 283 283 284 284 285 285 286 286 287 287 286 286 285 285 286 286 287 287 288 288 289 289 288 288 287 287 288 288 289 289 290 290 291 291 290 290 289 289 290 290 291 291 292 292 293 293 292 292 291 291 292 292 293 293 294 294 295 295 294 294 293 293 294 294 295 295 296 296 297 297 296 296 295 295 296 296 297 297 298 298 299 299 298 298 297 297 298 298 299 299 300 300 301 301 300 300 299 299 300 300 301 301 302 302 303 303 302 302 301 301 302 302 303 303 304 304 305 305 304 304 303 303 304 304 305 305 258 258 259 259 258 258 305 305 306 306 307 307 308 308 309 309 308 308 307 307 308 308 309 309 310 310 311 311 310 310 309 309 310 310 311 311 312 312 313 313 312 312 311 311 312 312 313 313 314 314 315 315 314 314 313 313 314 314 315 315 316 316 317 317 316 316 315 315 316 316 317 317 318 318 319 319 318 318 317 317 318 318 319 319 320 320 321 321 320 320 319 319 320 320 321 321 322 322 323 323 322 322 321 321 322 322 323 323 324 324 325 325 324 324 323 323 324 324 325 325 326 326 327 327 326 326 325 325 326 326 327 327 328 328 329 329 328 328 327 327 328 328 329 329 330 330 331 331 330 330 329 329 330 330 331 331 332 332 333 333 332 332 331 331 332 332 333 333 334 334 335 335 334 334 333 333 334 334 335 335 336 336 337 337 336 336 335 335 336 336 337 337 338 338 339 339 338 338 337 337 338 338 339 339 340 340 341 341 340 340 339 339 340 340 341 341 342 342 343 343 342 342 341 341 342 342 343 343 344 344 345 345 344 344 343 343 344 344 345 345 346 346 347 347 346 346 345 345 346 346 347 347 348 348 349 349 348 348 347 347 348 348 349 349 350 350 351 351 350 350 349 349 350 350 351 351 352 352 353 353 352 352 351 351 352 352 353 353 306 306 307 307 306 306 353 353 354 354 355 355 356 356 357 357 356 356 355 355 356 356 357 357 358 358 359 359 358 358 357 357 358 358 359 359 360 360 361 361 360 360 359 359 360 360 361 361 362 362 363 363 362 362 361 361 362 362 363 363 364 364 365 365 364 364 363 363 364 364 365 365 366 366 367 367 366 366 365 365 366 366 367 367 368 368 369 369 368 368 367 367 368 368 369 369 370 370 371 371 370 370 369 369 370 370 371 371 372 372 373 373 372 372 371 371 372 372 373 373 374 374 375 375 374 374 373 373 374 374 375 375 376 376 377 377 376 376 375 375 376 376 377 377 378 378 379 379 378 378 377 377 378 378 379 379 380 380 381 381 380 380 379 379 380 380 381 381 382 382 383 383 382 382 381 381 382 382 383 383 384 384 385 385 384 384 383 383 384 384 385 385 386 386 387 387 386 386 385 385 386 386 387 387 388 388 389 389 388 388 387 387 388 388 389 389 390 390 391 391 390 390 389 389 390 390 391 391 392 392 393 393 392 392 391 391 392 392 393 393 394 394 395 395 394 394 393 393 394 394 395 395 396 396 397 397 396 396 395 395 396 396 397 397 398 398 399 399 398 398 397 397 398 398 399 399 400 400 401 401 400 400 399 399 400 400 401 401 354 354 355 355 354 354 401 401 402 402 403 403 404 404 405 405 404 404 403 403 404 404 405 405 406 406 407 407 406 406 405 405 406 406 407 407 408 408 409 409 410 410 411 411 412 412 411 411 410 410 411 411 412 412 413 413 414 414 413 413 412 412 413 413 414 414 415 415 408 408 416 416 406 406 417 417 406 406 416 416 406 406 417 417 418 418 419 419 418 418 417 417 418 418 419 419 420 420 420 420 421 421 418 418 422 422 418 418 421 421 418 418 422 422 411 411 423 423 411 411 422 422 411 411 423 423 409 409 415 415 424 424 413 413 425 425 413 413 424 424 413 413 425 425 426 426 427 427 426 426 425 425 426 426 427 427 428 428 428 428 429 429 426 426 430 430 426 426 429 429 426 426 430 430 404 404 431 431 404 404 430 430 404 404 431 431 402 402 432 432 433 433 434 434 435 435 434 434 433 433 434 434 435 435 436 436 437 437 438 438 439 439 440 440 439 439 438 438 441 441 442 442 443 443 444 444 443 443 442 442 445 445 446 446 447 447 448 448 447 447 446 446 449 449 450 450 451 451 452 452 451 451 450 450 451 451 452 452 453 453 454 454 455 455 456 456 457 457 456 456 455 455 458 458 459 459 460 460 461 461 462 462 463 463 464 464 463 463 462 462 464 464 465 465 463 463 466 466 463 463 465 465 463 463 466 466 460 460 467 467 460 460 466 466 460 460 467 467 458 458 468 468 469 469 470 470 471 471 470 470 469 469 472 472 473 473 474 474 475 475 474 474 473 473 475 475 473 473 476 476 475 475 476 476 477 477 478 478 477 477 476 476 477 477 478 478 479 479 480 480 479 479 478 478 479 479 480 480 481 481 482 482 481 481 480 480 481 481 482 482 483 483 484 484 483 483 482 482 483 483 484 484 485 485 484 484 486 486 485 485 487 487 485 485 486 486 485 485 487 487 488 488 489 489 488 488 487 487 488 488 489 489 490 490 491 491 490 490 489 489 490 490 491 491 492 492 493 493 492 492 491 491 492 492 493 493 494 494 495 495 494 494 493 493 494 494 495 495 496 496 497 497 496 496 495 495 496 496 497 497 498 498 499 499 498 498 497 497 498 498 499 499 500 500 501 501 500 500 499 499 500 500 501 501 502 502 503 503 502 502 501 501 502 502 503 503 504 504 503 503 505 505 504 504 506 506 504 504 505 505 504 504 506 506 507 507 508 508 507 507 506 506 507 507 508 508 509 509 510 510 509 509 508 508 509 509 510 510 511 511 512 512 511 511 510 510 511 511 512 512 513 513 514 514 513 513 515 515 512 512 515 515 513 513 516 516 517 517 518 518 519 519 518 518 517 517 520 520 521 521 522 522 523 523 522 522 521 521 522 522 523 523 524 524 525 525 526 526 527 527 528 528 527 527 526 526 527 527 528 528 523 523 529 529 523 523 528 528 523 523 529 529 524 524 530 530 531 531 532 532 530 530 532 532 533 533 534 534 533 533 532 532 533 533 534 534 535 535 536 536 535 535 534 534 535 535 536 536 537 537 538 538 539 539 540 540 541 541 542 542 543 543 544 544 543 543 542 542 543 543 544 544 545 545 546 546 545 545 544 544 547 547 548 548 549 549 550 550 551 551 552 552 553 553 549 549 554 554 555 555 554 554 549 549 553 553 556 556 549 549 557 557 549 549 556 556 549 549 557 557 547 547 558 558 559 559 560 560 550 550 560 560 559 559 560 560 550 550 561 561 552 552 561 561 550 550 561 561 552 552 562 562 547 547 563 563 548 548 564 564 548 548 563 563 548 548 564 564 565 565 566 566 567 567 568 568 565 565 569 569 548 548 570 570 548 548 569 569 548 548 570 570 571 571 572 572 546 546 573 573 544 544 573 573 546 546 573 573 544 544 574 574 571 571 574 574 544 544 574 574 571 571 575 575 570 570 575 575 571 571 568 568 576 576 566 566 577 577 566 566 576 576 566 566 577 577 578 578 579 579 578 578 577 577 578 578 579 579 580 580 547 547 581 581 563 563 582 582 563 563 581 581 563 563 582 582 583 583 567 567 584 584 585 585 583 583 586 586 563 563 587 587 563 563 586 586 563 563 587 587 588 588 551 551 550 550 589 589 590 590 589 589 550 550 589 589 590 590 591 591 563 563 591 591 590 590 591 591 563 563 567 567 588 588 567 567 563 563 567 567 588 588 584 584 585 585 592 592 567 567 593 593 567 567 592 592 567 567 593 593 568 568 549 549 594 594 595 595 595 595 596 596 549 549 597 597 549 549 596 596 549 549 597 597 555 555 598 598 555 555 597 597 555 555 598 598 599 599 600 600 599 599 598 598 599 599 600 600 601 601 602 602 601 601 600 600 601 601 602 602 603 603 604 604 603 603 602 602 603 603 604 604 580 580 605 605 580 580 604 604 580 580 605 605 578 578 606 606 607 607 573 573 608 608 609 609 610 610 607 607 611 611 612 612 612 612 613 613 607 607 614 614 607 607 613 613 607 607 614 614 573 573 615 615 573 573 614 614 573 573 615 615 572 572 616 616 608 608 617 617 610 610 617 617 608 608 617 617 610 610 618 618 619 619 618 618 610 610 619 619 620 620 618 618 621 621 618 618 620 620 618 618 621 621 622 622 623 623 622 622 621 621 622 622 623 623 624 624 625 625 624 624 623 623 624 624 625 625 626 626 627 627 626 626 625 625 626 626 627 627 560 560 628 628 560 560 627 627 560 560 628 628 558 558 629 629 630 630 631 631 631 631 630 630 632 632 633 633 634 634 635 635 636 636 637 637 631 631 573 573 638 638 606 606 639 639 606 606 638 638 606 606 639 639 635 635 640 640 635 635 639 639 635 635 640 640 633 633 540 540 631 631 641 641 635 635 641 641 631 631 641 641 635 635 642 642 634 634 642 642 635 635 630 630 643 643 632 632 644 644 632 632 643 643 632 632 644 644 645 645 646 646 647 647 648 648 649 649 648 648 647 647 648 648 649 649 650 650 637 637 651 651 631 631 652 652 631 631 651 651 631 631 652 652 629 629 609 609 653 653 540 540 654 654 540 540 653 653 540 540 654 654 631 631 648 648 631 631 654 654 631 631 648 648 636 636 650 650 636 636 648 648 655 655 656 656 657 657 658 658 659 659 660 660 645 645 660 660 659 659 660 660 645 645 661 661 644 644 661 661 645 645 657 657 656 656 648 648 662 662 648 648 656 656 648 648 662 662 646 646 655 655 657 657 663 663 664 664 663 663 657 657 663 663 664 664 665 665 666 666 665 665 664 664 665 665 666 666 667 667 668 668 667 667 666 666 667 667 668 668 669 669 670 670 669 669 668 668 669 669 670 670 671 671 672 672 671 671 670 670 671 671 672 672 673 673 674 674 673 673 672 672 673 673 674 674 658 658 675 675 658 658 674 674 658 658 675 675 659 659 590 590 676 676 677 677 678 678 679 679 680 680 681 681 682 682 550 550 683 683 550 550 682 682 550 550 683 683 590 590 684 684 590 590 683 683 590 590 684 684 676 676 677 677 685 685 590 590 686 686 590 590 685 685 590 590 686 686 687 687 686 686 688 688 687 687 689 689 687 687 688 688 687 687 689 689 690 690 691 691 690 690 689 689 690 690 691 691 692 692 693 693 692 692 691 691 692 692 693 693 694 694 695 695 694 694 693 693 694 694 695 695 696 696 697 697 696 696 695 695 696 696 697 697 698 698 699 699 698 698 697 697 698 698 699 699 679 679 700 700 679 679 699 699 679 679 700 700 680 680 680 680 701 701 678 678 702 702 678 678 701 701 678 678 702 702 703 703 704 704 703 703 702 702 703 703 704 704 705 705 704 704 706 706 705 705 707 707 705 705 706 706 705 705 707 707 708 708 709 709 708 708 707 707 708 708 709 709 710 710 711 711 710 710 709 709 710 710 711 711 712 712 681 681 712 712 711 711 712 712 681 681 713 713 550 550 713 713 681 681 609 609 540 540 610 610 539 539 610 610 540 540 610 610 539 539 714 714 715 715 716 716 717 717 714 714 718 718 610 610 719 719 610 610 718 718 610 610 719 719 720 720 721 721 720 720 719 719 721 721 719 719 722 722 723 723 722 722 719 719 722 722 723 723 724 724 725 725 724 724 723 723 724 724 725 725 726 726 725 725 727 727 726 726 728 728 726 726 727 727 726 726 728 728 729 729 730 730 729 729 728 728 729 729 730 730 716 716 731 731 716 716 730 730 716 716 731 731 717 717 732 732 733 733 540 540 734 734 540 540 733 733 734 734 735 735 540 540 736 736 540 540 735 735 540 540 736 736 538 538 717 717 737 737 715 715 738 738 715 715 737 737 715 715 738 738 739 739 740 740 739 739 738 738 739 739 740 740 741 741 742 742 741 741 740 740 741 741 742 742 743 743 744 744 743 743 742 742 743 743 744 744 745 745 746 746 745 745 744 744 745 745 746 746 747 747 748 748 747 747 746 746 747 747 748 748 732 732 749 749 732 732 748 748 732 732 749 749 733 733 750 750 751 751 752 752 753 753 754 754 755 755 756 756 757 757 758 758 759 759 760 760 761 761 761 761 762 762 759 759 763 763 759 759 762 762 759 759 763 763 764 764 765 765 766 766 767 767 768 768 767 767 766 766 767 767 768 768 758 758 769 769 758 758 768 768 758 758 769 769 756 756 770 770 771 771 772 772 773 773 772 772 771 771 772 772 773 773 774 774 774 774 775 775 772 772 776 776 772 772 775 775 772 772 776 776 777 777 778 778 779 779 780 780 781 781 780 780 779 779 780 780 781 781 765 765 782 782 765 765 781 781 765 765 782 782 766 766 783 783 784 784 780 780 785 785 780 780 784 784 780 780 785 785 778 778 786 786 787 787 758 758 788 788 758 758 787 787 758 758 788 788 789 789 789 789 790 790 758 758 791 791 758 758 790 790 758 758 791 791 792 792 793 793 794 794 795 795 796 796 795 795 794 794 795 795 796 796 797 797 798 798 797 797 796 796 799 799 800 800 796 796 801 801 796 796 800 800 801 801 802 802 796 796 803 803 796 796 802 802 796 796 803 803 798 798 804 804 805 805 806 806 807 807 806 806 805 805 806 806 807 807 808 808 752 752 809 809 806 806 810 810 806 806 809 809 810 810 811 811 806 806 812 812 806 806 811 811 806 806 812 812 804 804 813 813 814 814 815 815 816 816 815 815 814 814 815 815 816 816 817 817 817 817 818 818 815 815 819 819 815 815 818 818 815 815 819 819 820 820 821 821 820 820 819 819 822 822 823 823 814 814 824 824 814 814 823 823 814 814 824 824 825 825 826 826 827 827 828 828 829 829 828 828 827 827 828 828 829 829 830 830 831 831 832 832 833 833 834 834 833 833 832 832 833 833 834 834 835 835 836 836 837 837 816 816 838 838 816 816 837 837 816 816 838 838 839 839 840 840 839 839 838 838 839 839 840 840 841 841 842 842 841 841 840 840 841 841 842 842 828 828 843 843 828 828 842 842 828 828 843 843 826 826 835 835 844 844 833 833 845 845 833 833 844 844 833 833 845 845 814 814 846 846 814 814 845 845 814 814 846 846 822 822 825 825 847 847 814 814 848 848 814 814 847 847 814 814 848 848 816 816 849 849 816 816 848 848 816 816 849 849 836 836 759 759 850 850 851 851 852 852 853 853 854 854 851 851 855 855 759 759 856 856 759 759 855 855 759 759 856 856 857 857 853 853 858 858 854 854 859 859 854 854 858 858 854 854 859 859 860 860 860 860 861 861 854 854 862 862 854 854 861 861 854 854 862 862 759 759 863 863 759 759 862 862 759 759 863 863 850 850 864 864 865 865 866 866 867 867 866 866 865 865 867 867 868 868 866 866 869 869 866 866 868 868 866 866 869 869 870 870 871 871 872 872 873 873 874 874 873 873 872 872 873 873 874 874 875 875 876 876 877 877 878 878 879 879 880 880 881 881 882 882 881 881 880 880 881 881 882 882 883 883 883 883 884 884 881 881 885 885 881 881 884 884 881 881 885 885 878 878 886 886 878 878 885 885 878 878 886 886 876 876 856 856 887 887 857 857 888 888 857 857 887 887 857 857 888 888 889 889 890 890 891 891 892 892 893 893 892 892 891 891 889 889 894 894 857 857 895 895 857 857 894 894 857 857 895 895 892 892 896 896 892 892 895 895 892 892 896 896 890 890 897 897 898 898 899 899 900 900 901 901 902 902 903 903 902 902 901 901 902 902 903 903 899 899 904 904 899 899 903 903 899 899 904 904 897 897 905 905 906 906 907 907 908 908 907 907 906 906 909 909 910 910 902 902 911 911 902 902 910 910 902 902 911 911 900 900 908 908 912 912 907 907 913 913 907 907 912 912 907 907 913 913 909 909 914 914 909 909 913 913 909 909 914 914 910 910 915 915 916 916 905 905 917 917 905 905 916 916 905 905 917 917 906 906 918 918 919 919 920 920 921 921 920 920 919 919 920 920 921 921 905 905 922 922 905 905 921 921 905 905 922 922 915 915 898 898 923 923 899 899 924 924 899 899 923 923 899 899 924 924 873 873 925 925 873 873 924 924 873 873 925 925 926 926 870 870 871 871 866 866 873 873 866 866 871 871 866 866 873 873 927 927 926 926 927 927 873 873 927 927 928 928 866 866 929 929 866 866 928 928 866 866 929 929 920 920 930 930 920 920 929 929 920 920 930 930 918 918 753 753 755 755 931 931 932 932 933 933 934 934 935 935 892 892 936 936 934 934 936 936 892 892 936 936 934 934 937 937 933 933 937 937 934 934 935 935 938 938 892 892 939 939 892 892 938 938 892 892 939 939 940 940 941 941 942 942 857 857 943 943 857 857 942 942 857 857 943 943 944 944 940 940 945 945 892 892 946 946 892 892 945 945 892 892 946 946 857 857 947 947 857 857 946 946 857 857 947 947 941 941 944 944 948 948 755 755 949 949 755 755 948 948 755 755 949 949 931 931 950 950 951 951 952 952 953 953 952 952 951 951 952 952 953 953 954 954 953 953 955 955 954 954 956 956 954 954 955 955 954 954 956 956 934 934 957 957 934 934 956 956 934 934 957 957 932 932 958 958 959 959 960 960 961 961 962 962 960 960 963 963 960 960 962 962 960 960 963 963 806 806 964 964 806 806 963 963 959 959 965 965 960 960 966 966 960 960 965 965 960 960 966 966 961 961 752 752 751 751 967 967 968 968 967 967 751 751 967 967 968 968 969 969 969 969 970 970 967 967 971 971 967 967 970 970 967 967 971 971 972 972 964 964 973 973 806 806 974 974 806 806 973 973 806 806 974 974 975 975 976 976 977 977 752 752 978 978 752 752 977 977 752 752 978 978 750 750 975 975 979 979 806 806 980 980 806 806 979 979 806 806 980 980 752 752 981 981 752 752 980 980 752 752 981 981 976 976 813 813 909 909 814 814 902 902 814 814 909 909 814 814 902 902 833 833 899 899 833 833 902 902 833 833 899 899 854 854 873 873 854 854 899 899 854 854 873 873 852 852 875 875 852 852 873 873 907 907 809 809 905 905 752 752 905 905 809 809 905 905 752 752 920 920 967 967 920 920 752 752 920 920 967 967 866 866 878 878 866 866 967 967 866 866 878 878 864 864 877 877 864 864 878 878 830 830 831 831 828 828 833 833 828 828 831 831 828 828 833 833 982 982 854 854 982 982 833 833 982 982 854 854 780 780 759 759 780 780 854 854 780 780 759 759 783 783 764 764 783 783 759 759 808 808 983 983 806 806 984 984 806 806 983 983 806 806 984 984 960 960 985 985 960 960 984 984 960 960 985 985 986 986 987 987 986 986 985 985 986 986 987 987 988 988 989 989 988 988 987 987 988 988 989 989 796 796 990 990 796 796 989 989 796 796 990 990 799 799 944 944 755 755 857 857 772 772 857 857 755 755 857 857 772 772 759 759 777 777 759 759 772 772 759 759 777 777 760 760 991 991 992 992 796 796 991 991 796 796 993 993 992 992 994 994 796 796 995 995 796 796 994 994 796 796 995 995 988 988 996 996 988 988 995 995 988 988 996 996 997 997 998 998 999 999 881 881 1000 1000 881 881 999 999 881 881 1001 1001 794 794 1002 1002 794 794 1001 1001 794 794 1002 1002 1003 1003 1003 1003 1004 1004 794 794 1005 1005 794 794 1004 1004 794 794 1005 1005 1006 1006 997 997 1007 1007 988 988 1008 1008 988 988 1007 1007 988 988 1008 1008 1009 1009 1000 1000 1010 1010 881 881 1011 1011 881 881 1010 1010 881 881 1011 1011 1001 1001 1006 1006 1012 1012 794 794 1013 1013 794 794 1012 1012 794 794 1013 1013 796 796 1014 1014 796 796 1013 1013 796 796 1014 1014 993 993 1009 1009 998 998 988 988 881 881 988 988 998 998 988 988 881 881 986 986 878 878 986 986 881 881 986 986 878 878 960 960 967 967 960 960 878 878 960 960 967 967 958 958 972 972 958 958 967 967 757 757 770 770 758 758 772 772 758 758 770 770 758 758 772 772 786 786 755 755 786 786 772 772 786 786 755 755 952 952 754 754 952 952 755 755 952 952 754 754 950 950 893 893 879 879 892 892 881 881 892 892 879 879 892 892 881 881 934 934 794 794 934 934 881 881 934 934 794 794 954 954 793 793 954 954 794 794 1015 1015 1016 1016 1017 1017 1018 1018 1019 1019 1020 1020 1021 1021 1022 1022 1023 1023 1024 1024 1025 1025 1026 1026 1027 1027 1028 1028 1029 1029 1030 1030 1031 1031 1032 1032 1032 1032 1031 1031 1033 1033 1034 1034 1035 1035 1036 1036 1033 1033 1036 1036 1035 1035 1036 1036 1033 1033 1037 1037 1031 1031 1037 1037 1033 1033 1038 1038 1039 1039 1040 1040 1041 1041 1040 1040 1039 1039 1040 1040 1041 1041 1042 1042 1043 1043 1042 1042 1041 1041 1042 1042 1043 1043 1044 1044 1045 1045 1044 1044 1043 1043 1046 1046 1047 1047 1048 1048 1049 1049 1048 1048 1047 1047 1048 1048 1049 1049 1050 1050 1051 1051 1050 1050 1049 1049 1050 1050 1051 1051 1052 1052 1053 1053 1052 1052 1051 1051 1040 1040 1018 1018 1038 1038 1020 1020 1038 1038 1018 1018 1038 1038 1020 1020 1054 1054 1055 1055 1054 1054 1020 1020 1054 1054 1055 1055 1056 1056 1057 1057 1056 1056 1055 1055 1056 1056 1057 1057 1058 1058 1059 1059 1058 1058 1057 1057 1058 1058 1059 1059 1060 1060 1061 1061 1060 1060 1059 1059 1060 1060 1061 1061 1062 1062 1063 1063 1062 1062 1061 1061 1062 1062 1063 1063 1034 1034 1064 1064 1034 1034 1063 1063 1034 1034 1064 1064 1035 1035 1065 1065 1035 1035 1064 1064 1032 1032 1021 1021 1030 1030 1023 1023 1030 1030 1021 1021 1030 1030 1023 1023 1066 1066 1067 1067 1066 1066 1023 1023 1066 1066 1067 1067 1068 1068 1069 1069 1068 1068 1067 1067 1068 1068 1069 1069 1070 1070 1071 1071 1070 1070 1069 1069 1070 1070 1071 1071 1072 1072 1073 1073 1072 1072 1071 1071 1072 1072 1073 1073 1074 1074 1075 1075 1074 1074 1073 1073 1074 1074 1075 1075 1076 1076 1075 1075 1027 1027 1076 1076 1029 1029 1076 1076 1027 1027 1076 1076 1029 1029 1077 1077 1078 1078 1077 1077 1029 1029 1077 1077 1078 1078 1079 1079 1080 1080 1079 1079 1078 1078 1079 1079 1080 1080 1081 1081 1024 1024 1081 1081 1080 1080 1081 1081 1024 1024 1082 1082 1026 1026 1082 1082 1024 1024 1082 1082 1026 1026 1083 1083 1084 1084 1083 1083 1026 1026 1083 1083 1084 1084 1085 1085 1086 1086 1085 1085 1084 1084 1085 1085 1086 1086 1087 1087 1088 1088 1087 1087 1086 1086 1087 1087 1088 1088 1089 1089 1090 1090 1089 1089 1088 1088 1089 1089 1090 1090 1091 1091 1092 1092 1091 1091 1090 1090 1091 1091 1092 1092 1053 1053 1093 1093 1053 1053 1092 1092 1053 1053 1093 1093 1052 1052 1094 1094 1052 1052 1093 1093 1048 1048 1015 1015 1046 1046 1017 1017 1046 1046 1015 1015 1046 1046 1017 1017 1095 1095 1096 1096 1095 1095 1017 1017 1095 1095 1096 1096 1097 1097 1098 1098 1097 1097 1096 1096 1097 1097 1098 1098 1099 1099 1100 1100 1099 1099 1098 1098 1099 1099 1100 1100 1101 1101 1102 1102 1101 1101 1100 1100 1101 1101 1102 1102 1103 1103 1104 1104 1103 1103 1102 1102 1103 1103 1104 1104 1045 1045 1105 1105 1045 1045 1104 1104 1045 1045 1105 1105 1044 1044 1106 1106 1044 1044 1105 1105 1107 1107 1108 1108 1109 1109 1110 1110 1111 1111 1112 1112 1113 1113 1112 1112 1111 1111 1112 1112 1113 1113 1114 1114 1115 1115 1114 1114 1113 1113 1116 1116 1117 1117 1118 1118 1119 1119 1118 1118 1117 1117 1118 1118 1119 1119 1120 1120 1121 1121 1120 1120 1119 1119 1120 1120 1121 1121 1122 1122 1123 1123 1124 1124 1125 1125 1126 1126 1125 1125 1124 1124 1127 1127 1128 1128 1129 1129 1130 1130 1131 1131 1132 1132 1129 1129 1132 1132 1131 1131 1132 1132 1129 1129 1133 1133 1128 1128 1133 1133 1129 1129 1126 1126 1124 1124 1134 1134 1135 1135 1134 1134 1124 1124 1134 1134 1135 1135 1136 1136 1110 1110 1137 1137 1111 1111 1138 1138 1111 1111 1137 1137 1111 1111 1138 1138 1139 1139 1140 1140 1139 1139 1138 1138 1139 1139 1140 1140 1141 1141 1142 1142 1143 1143 1144 1144 1145 1145 1144 1144 1143 1143 1144 1144 1145 1145 1146 1146 1107 1107 1146 1146 1145 1145 1146 1146 1107 1107 1147 1147 1109 1109 1147 1147 1107 1107 1148 1148 1149 1149 1150 1150 1151 1151 1150 1150 1149 1149 1141 1141 1152 1152 1139 1139 1153 1153 1139 1139 1152 1152 1139 1139 1153 1153 1154 1154 1155 1155 1154 1154 1153 1153 1154 1154 1155 1155 1142 1142 1156 1156 1142 1142 1155 1155 1142 1142 1156 1156 1143 1143 1157 1157 1158 1158 1159 1159 1160 1160 1159 1159 1158 1158 1159 1159 1160 1160 1135 1135 1161 1161 1135 1135 1160 1160 1135 1135 1161 1161 1136 1136 1162 1162 1163 1163 1164 1164 1165 1165 1164 1164 1163 1163 1121 1121 1166 1166 1122 1122 1167 1167 1122 1122 1166 1166 1122 1122 1167 1167 1168 1168 1169 1169 1168 1168 1167 1167 1168 1168 1169 1169 1159 1159 1170 1170 1159 1159 1169 1169 1159 1159 1170 1170 1157 1157 1162 1162 1171 1171 1163 1163 1172 1172 1163 1163 1171 1171 1163 1163 1172 1172 1129 1129 1173 1173 1129 1129 1172 1172 1174 1174 1175 1175 1149 1149 1176 1176 1149 1149 1175 1175 1149 1149 1176 1176 1151 1151 1177 1177 1178 1178 1131 1131 1179 1179 1131 1131 1178 1178 1131 1131 1179 1179 1174 1174 1180 1180 1174 1174 1179 1179 1174 1174 1180 1180 1175 1175 1173 1173 1181 1181 1129 1129 1182 1182 1129 1129 1181 1181 1129 1129 1182 1182 1127 1127 1183 1183 1127 1127 1182 1182 1127 1127 1183 1183 1184 1184 1117 1117 1184 1184 1183 1183 1184 1184 1117 1117 1185 1185 1116 1116 1185 1185 1117 1117 1107 1107 1186 1186 1108 1108 1177 1177 1108 1108 1186 1186 1108 1108 1177 1177 1187 1187 1131 1131 1187 1187 1177 1177 1187 1187 1131 1131 1188 1188 1130 1130 1188 1188 1131 1131 525 525 527 527 1189 1189 525 525 1189 1189 1190 1190 1191 1191 1190 1190 1189 1189 1190 1190 1191 1191 1192 1192 1192 1192 1191 1191 1193 1193 1194 1194 1193 1193 1191 1191 1193 1193 1194 1194 1195 1195 1196 1196 1195 1195 1194 1194 1195 1195 1196 1196 1197 1197 1197 1197 1196 1196 1198 1198 1199 1199 1198 1198 1196 1196 1198 1198 1199 1199 1200 1200 532 532 1200 1200 1199 1199 1200 1200 532 532 531 531 536 536 1201 1201 537 537 1202 1202 537 537 1201 1201 1202 1202 1201 1201 1203 1203 1204 1204 1203 1203 1201 1201 1203 1203 1204 1204 1205 1205 1206 1206 1205 1205 1204 1204 1205 1205 1206 1206 1207 1207 1207 1207 1206 1206 1208 1208 1209 1209 1208 1208 1206 1206 1208 1208 1209 1209 1210 1210 1211 1211 1210 1210 1209 1209 1210 1210 1211 1211 1212 1212 460 460 1212 1212 1211 1211 1212 1212 460 460 459 459 1213 1213 1214 1214 1215 1215 1216 1216 1124 1124 1123 1123 1216 1216 1123 1123 1217 1217 1217 1217 1123 1123 1218 1218 1219 1219 1218 1218 1123 1123 1218 1218 1219 1219 1220 1220 1219 1219 1221 1221 1220 1220 1222 1222 1220 1220 1221 1221 1220 1220 1222 1222 1223 1223 1224 1224 1225 1225 1222 1222 1226 1226 1222 1222 1225 1225 1222 1222 1226 1226 1223 1223 1227 1227 1228 1228 1214 1214 1227 1227 1214 1214 1229 1229 1230 1230 1229 1229 1214 1214 1229 1229 1230 1230 1231 1231 1224 1224 1232 1232 1225 1225 1229 1229 1225 1225 1232 1232 1225 1225 1229 1229 1233 1233 1231 1231 1233 1233 1229 1229 1228 1228 1234 1234 1214 1214 1235 1235 1214 1214 1234 1234 1214 1214 1235 1235 1236 1236 1237 1237 1238 1238 1215 1215 1236 1236 1239 1239 1214 1214 1240 1240 1214 1214 1239 1239 1214 1214 1240 1240 1215 1215 1241 1241 1215 1215 1240 1240 1215 1215 1241 1241 1237 1237 1238 1238 1242 1242 1215 1215 1243 1243 1215 1215 1242 1242 1215 1215 1243 1243 1244 1244 1245 1245 1246 1246 1247 1247 1248 1248 1247 1247 1246 1246 1247 1247 1248 1248 1215 1215 1249 1249 1215 1215 1248 1248 1215 1215 1249 1249 1213 1213 1250 1250 1251 1251 1252 1252 1253 1253 1252 1252 1251 1251 1252 1252 1253 1253 1247 1247 1254 1254 1247 1247 1253 1253 1247 1247 1254 1254 1245 1245 1255 1255 1256 1256 462 462 464 464 462 462 1256 1256 1255 1255 1257 1257 1256 1256 1258 1258 1256 1256 1257 1257 1256 1256 1258 1258 1252 1252 1259 1259 1252 1252 1258 1258 1252 1252 1259 1259 1250 1250 1165 1165 1163 1163 1260 1260 1261 1261 1260 1260 1163 1163 1260 1260 1261 1261 1262 1262 1243 1243 1263 1263 1244 1244 1264 1264 1244 1244 1263 1263 1244 1244 1264 1264 1265 1265 1266 1266 1265 1265 1264 1264 1265 1265 1266 1266 1261 1261 1267 1267 1261 1261 1266 1266 1261 1261 1267 1267 1262 1262 1268 1268 1269 1269 1270 1270 1271 1271 1270 1270 1269 1269 1271 1271 1272 1272 1270 1270 520 520 1270 1270 1272 1272 1270 1270 520 520 522 522 1273 1273 1274 1274 1275 1275 1275 1275 1276 1276 1273 1273 1277 1277 1273 1273 1276 1276 1273 1273 1277 1277 1270 1270 1278 1278 1270 1270 1277 1277 1270 1270 1278 1278 1268 1268 1274 1274 1273 1273 1279 1279 1280 1280 1279 1279 1273 1273 1279 1279 1280 1280 1281 1281 1282 1282 1283 1283 1284 1284 1284 1284 1285 1285 1282 1282 1286 1286 1282 1282 1285 1285 1282 1282 1286 1286 1280 1280 1287 1287 1280 1280 1286 1286 1280 1280 1287 1287 1281 1281 1288 1288 1289 1289 1282 1282 1290 1290 1282 1282 1289 1289 1290 1290 1291 1291 1282 1282 1292 1292 1282 1282 1291 1291 1282 1282 1292 1292 1293 1293 1293 1293 1294 1294 1282 1282 1295 1295 1282 1282 1294 1294 1282 1282 1295 1295 1283 1283 1296 1296 1283 1283 1295 1295 1296 1296 1297 1297 1283 1283 1298 1298 1283 1283 1297 1297 1283 1283 1298 1298 1299 1299 1299 1299 1300 1300 1283 1283 1301 1301 1283 1283 1300 1300 1283 1283 1301 1301 1302 1302 1303 1303 1302 1302 1301 1301 1302 1302 1303 1303 1304 1304 1305 1305 1304 1304 1303 1303 1303 1303 1306 1306 1305 1305 1307 1307 1305 1305 1306 1306 1305 1305 1307 1307 1308 1308 1309 1309 1308 1308 1307 1307 1113 1113 1310 1310 1115 1115 1311 1311 1115 1115 1310 1310 1115 1115 1311 1311 1312 1312 1313 1313 1312 1312 1311 1311 1312 1312 1313 1313 1309 1309 1314 1314 1309 1309 1313 1313 1309 1309 1314 1314 1308 1308 1149 1149 1148 1148 1315 1315 1316 1316 1315 1315 1148 1148 1316 1316 1317 1317 1315 1315 1318 1318 1315 1315 1317 1317 1315 1315 1318 1318 1319 1319 1320 1320 1319 1319 1318 1318 1319 1319 1320 1320 1288 1288 1321 1321 1288 1288 1320 1320 1288 1288 1321 1321 1289 1289 1322 1322 1323 1323 1324 1324 1325 1325 1324 1324 1323 1323 1326 1326 1327 1327 1328 1328 1329 1329 1328 1328 1327 1327 468 468 470 470 1330 1330 1331 1331 1330 1330 470 470 1332 1332 461 461 1333 1333 1334 1334 1333 1333 461 461 1332 1332 1335 1335 461 461 1336 1336 461 461 1335 1335 461 461 1336 1336 462 462 1337 1337 1338 1338 1334 1334 1339 1339 1334 1334 1338 1338 1334 1334 1339 1339 1340 1340 1340 1340 1341 1341 1334 1334 1342 1342 1334 1334 1341 1341 1334 1334 1342 1342 1333 1333 1343 1343 1344 1344 1337 1337 1345 1345 1337 1337 1344 1344 1337 1337 1345 1345 1338 1338 1343 1343 1337 1337 1346 1346 1347 1347 1346 1346 1337 1337 1346 1346 1347 1347 1348 1348 1349 1349 1350 1350 1347 1347 1351 1351 1347 1347 1350 1350 1347 1347 1351 1351 1348 1348 1352 1352 1353 1353 1354 1354 1355 1355 1354 1354 1353 1353 1354 1354 1355 1355 1347 1347 1356 1356 1347 1347 1355 1355 1347 1347 1356 1356 1349 1349 1331 1331 1357 1357 1330 1330 1358 1358 1330 1330 1357 1357 1330 1330 1358 1358 1354 1354 1359 1359 1354 1354 1358 1358 1354 1354 1359 1359 1352 1352 516 516 518 518 1360 1360 1361 1361 1360 1360 518 518 1362 1362 1363 1363 1364 1364 1364 1364 1365 1365 1362 1362 1366 1366 1362 1362 1365 1365 1362 1362 1366 1366 1361 1361 1367 1367 1361 1361 1366 1366 1361 1361 1367 1367 1360 1360 1368 1368 1369 1369 1370 1370 1371 1371 1370 1370 1369 1369 1370 1370 1371 1371 1362 1362 1372 1372 1362 1362 1371 1371 1362 1362 1372 1372 1363 1363 1373 1373 1374 1374 1375 1375 1374 1374 1376 1376 1375 1375 1377 1377 1375 1375 1376 1376 1375 1375 1377 1377 1370 1370 1378 1378 1370 1370 1377 1377 1370 1370 1378 1378 1368 1368 1379 1379 1380 1380 1381 1381 1381 1381 1382 1382 1379 1379 1383 1383 1379 1379 1382 1382 1379 1379 1383 1383 1375 1375 1384 1384 1375 1375 1383 1383 1375 1375 1384 1384 1373 1373 1379 1379 521 521 520 520 520 520 1385 1385 1379 1379 1386 1386 1379 1379 1385 1385 1379 1379 1386 1386 1387 1387 1387 1387 1388 1388 1379 1379 1389 1389 1379 1379 1388 1388 1379 1379 1389 1389 1380 1380 1390 1390 1391 1391 1392 1392 1393 1393 1394 1394 1395 1395 1396 1396 1395 1395 1394 1394 1395 1395 1396 1396 1397 1397 1393 1393 1395 1395 1398 1398 1399 1399 1398 1398 1395 1395 1398 1398 1399 1399 1400 1400 1400 1400 1399 1399 1401 1401 1402 1402 1401 1401 1399 1399 1401 1401 1402 1402 1403 1403 1403 1403 1402 1402 1404 1404 1405 1405 1404 1404 1402 1402 1404 1404 1405 1405 1406 1406 1406 1406 1405 1405 1407 1407 1408 1408 1407 1407 1405 1405 1407 1407 1408 1408 1409 1409 1410 1410 1409 1409 1408 1408 1409 1409 1410 1410 1411 1411 1412 1412 1411 1411 1410 1410 1411 1411 1412 1412 1413 1413 1414 1414 1413 1413 1412 1412 1413 1413 1414 1414 1415 1415 1416 1416 1415 1415 1414 1414 1415 1415 1416 1416 1417 1417 1418 1418 1417 1417 1416 1416 1417 1417 1418 1418 1419 1419 1420 1420 1419 1419 1418 1418 1419 1419 1420 1420 1421 1421 1392 1392 1391 1391 1422 1422 1391 1391 1423 1423 1422 1422 1424 1424 1422 1422 1423 1423 1422 1422 1424 1424 1420 1420 1425 1425 1420 1420 1424 1424 1420 1420 1425 1425 1421 1421 1390 1390 1392 1392 1426 1426 1427 1427 1426 1426 1392 1392 1426 1426 1427 1427 1428 1428 1429 1429 1428 1428 1427 1427 1428 1428 1429 1429 1430 1430 1430 1430 1429 1429 1431 1431 1432 1432 1431 1431 1429 1429 1431 1431 1432 1432 1433 1433 1434 1434 1435 1435 1436 1436 1437 1437 1436 1436 1435 1435 1436 1436 1437 1437 1432 1432 1438 1438 1432 1432 1437 1437 1432 1432 1438 1438 1433 1433 1439 1439 1440 1440 1441 1441 1442 1442 1441 1441 1440 1440 1441 1441 1442 1442 1436 1436 1443 1443 1436 1436 1442 1442 1436 1436 1443 1443 1434 1434 1444 1444 1445 1445 1446 1446 1447 1447 1446 1446 1445 1445 1446 1446 1447 1447 1439 1439 1448 1448 1439 1439 1447 1447 1439 1439 1448 1448 1440 1440 1444 1444 1446 1446 1449 1449 1450 1450 1449 1449 1446 1446 1449 1449 1450 1450 1451 1451 1452 1452 1453 1453 1454 1454 1455 1455 1454 1454 1453 1453 1454 1454 1455 1455 1450 1450 1456 1456 1450 1450 1455 1455 1450 1450 1456 1456 1451 1451 1452 1452 1454 1454 1457 1457 1458 1458 1457 1457 1454 1454 1457 1457 1458 1458 1459 1459 1396 1396 1460 1460 1397 1397 1461 1461 1397 1397 1460 1460 1397 1397 1461 1461 1458 1458 1462 1462 1458 1458 1461 1461 1458 1458 1462 1462 1459 1459 1463 1463 1464 1464 1465 1465 1466 1466 1465 1465 1464 1464 1465 1465 1466 1466 1467 1467 1468 1468 1467 1467 1466 1466 1467 1467 1468 1468 1469 1469 1470 1470 1469 1469 1468 1468 1469 1469 1470 1470 1471 1471 1472 1472 1471 1471 1470 1470 1471 1471 1472 1472 1473 1473 1474 1474 1473 1473 1472 1472 1473 1473 1474 1474 1475 1475 1476 1476 1475 1475 1474 1474 1475 1475 1476 1476 1477 1477 1478 1478 1477 1477 1476 1476 1477 1477 1478 1478 1479 1479 1480 1480 1479 1479 1478 1478 1479 1479 1480 1480 1481 1481 1482 1482 1481 1481 1480 1480 1481 1481 1482 1482 1483 1483 1484 1484 1483 1483 1482 1482 1483 1483 1484 1484 1485 1485 1486 1486 1485 1485 1484 1484 1485 1485 1486 1486 1487 1487 1488 1488 1487 1487 1486 1486 1487 1487 1488 1488 1489 1489 1490 1490 1489 1489 1488 1488 1489 1489 1490 1490 1491 1491 1492 1492 1491 1491 1490 1490 1491 1491 1492 1492 1493 1493 1494 1494 1493 1493 1492 1492 1493 1493 1494 1494 1495 1495 1496 1496 1495 1495 1494 1494 1495 1495 1496 1496 1497 1497 1498 1498 1497 1497 1496 1496 1497 1497 1498 1498 1499 1499 1500 1500 1499 1499 1498 1498 1499 1499 1500 1500 1501 1501 1502 1502 1501 1501 1500 1500 1501 1501 1502 1502 1503 1503 1504 1504 1503 1503 1502 1502 1503 1503 1504 1504 1505 1505 1506 1506 1505 1505 1504 1504 1505 1505 1506 1506 1507 1507 1508 1508 1507 1507 1506 1506 1507 1507 1508 1508 1509 1509 1510 1510 1509 1509 1508 1508 1509 1509 1510 1510 1463 1463 1464 1464 1463 1463 1510 1510 1511 1511 1512 1512 1513 1513 1514 1514 1513 1513 1512 1512 1513 1513 1514 1514 1515 1515 1516 1516 1515 1515 1514 1514 1515 1515 1516 1516 1517 1517 1518 1518 1517 1517 1516 1516 1517 1517 1518 1518 1519 1519 1520 1520 1519 1519 1518 1518 1519 1519 1520 1520 1521 1521 1522 1522 1521 1521 1520 1520 1521 1521 1522 1522 1523 1523 1524 1524 1523 1523 1522 1522 1523 1523 1524 1524 1525 1525 1526 1526 1525 1525 1524 1524 1525 1525 1526 1526 1527 1527 1528 1528 1527 1527 1526 1526 1527 1527 1528 1528 1529 1529 1530 1530 1529 1529 1528 1528 1529 1529 1530 1530 1531 1531 1532 1532 1531 1531 1530 1530 1531 1531 1532 1532 1533 1533 1534 1534 1533 1533 1532 1532 1533 1533 1534 1534 1535 1535 1536 1536 1535 1535 1534 1534 1535 1535 1536 1536 1537 1537 1538 1538 1537 1537 1536 1536 1537 1537 1538 1538 1539 1539 1540 1540 1539 1539 1538 1538 1539 1539 1540 1540 1541 1541 1542 1542 1541 1541 1540 1540 1541 1541 1542 1542 1543 1543 1544 1544 1543 1543 1542 1542 1543 1543 1544 1544 1545 1545 1546 1546 1545 1545 1544 1544 1545 1545 1546 1546 1547 1547 1548 1548 1547 1547 1546 1546 1547 1547 1548 1548 1549 1549 1550 1550 1549 1549 1548 1548 1549 1549 1550 1550 1551 1551 1552 1552 1551 1551 1550 1550 1551 1551 1552 1552 1553 1553 1554 1554 1553 1553 1552 1552 1553 1553 1554 1554 1555 1555 1556 1556 1555 1555 1554 1554 1555 1555 1556 1556 1557 1557 1558 1558 1557 1557 1556 1556 1557 1557 1558 1558 1511 1511 1512 1512 1511 1511 1558 1558 1559 1559 1560 1560 1561 1561 1562 1562 1561 1561 1560 1560 1561 1561 1562 1562 1563 1563 1564 1564 1563 1563 1562 1562 1563 1563 1564 1564 1565 1565 1566 1566 1565 1565 1564 1564 1565 1565 1566 1566 1567 1567 1568 1568 1567 1567 1566 1566 1567 1567 1568 1568 1569 1569 1568 1568 1570 1570 1569 1569 1571 1571 1569 1569 1570 1570 1569 1569 1571 1571 1572 1572 1573 1573 1572 1572 1571 1571 1572 1572 1573 1573 1574 1574 1575 1575 1574 1574 1573 1573 1574 1574 1575 1575 1576 1576 1577 1577 1576 1576 1575 1575 1576 1576 1577 1577 1578 1578 1579 1579 1578 1578 1577 1577 1578 1578 1579 1579 1580 1580 1581 1581 1580 1580 1579 1579 1580 1580 1581 1581 1582 1582 1583 1583 1582 1582 1581 1581 1582 1582 1583 1583 1584 1584 1585 1585 1584 1584 1583 1583 1584 1584 1585 1585 1586 1586 1587 1587 1586 1586 1585 1585 1586 1586 1587 1587 1588 1588 1589 1589 1588 1588 1587 1587 1588 1588 1589 1589 1590 1590 1591 1591 1590 1590 1589 1589 1590 1590 1591 1591 1592 1592 1593 1593 1592 1592 1591 1591 1592 1592 1593 1593 1594 1594 1595 1595 1594 1594 1593 1593 1594 1594 1595 1595 1596 1596 1597 1597 1596 1596 1595 1595 1596 1596 1597 1597 1598 1598 1599 1599 1598 1598 1597 1597 1598 1598 1599 1599 1600 1600 1601 1601 1600 1600 1599 1599 1600 1600 1601 1601 1602 1602 1603 1603 1602 1602 1601 1601 1602 1602 1603 1603 1604 1604 1605 1605 1604 1604 1603 1603 1604 1604 1605 1605 1606 1606 1607 1607 1606 1606 1605 1605 1606 1606 1607 1607 1559 1559 1608 1608 1559 1559 1607 1607 1559 1559 1608 1608 1560 1560 1609 1609 1610 1610 1611 1611 1612 1612 1611 1611 1610 1610 1611 1611 1612 1612 1613 1613 1614 1614 1613 1613 1612 1612 1613 1613 1614 1614 1615 1615 1616 1616 1615 1615 1614 1614 1615 1615 1616 1616 1617 1617 1618 1618 1617 1617 1616 1616 1617 1617 1618 1618 1619 1619 1620 1620 1619 1619 1618 1618 1619 1619 1620 1620 1621 1621 1622 1622 1621 1621 1620 1620 1621 1621 1622 1622 1623 1623 1624 1624 1623 1623 1622 1622 1623 1623 1624 1624 1625 1625 1626 1626 1625 1625 1624 1624 1625 1625 1626 1626 1627 1627 1628 1628 1627 1627 1626 1626 1627 1627 1628 1628 1629 1629 1630 1630 1629 1629 1628 1628 1629 1629 1630 1630 1631 1631 1632 1632 1631 1631 1630 1630 1631 1631 1632 1632 1633 1633 1634 1634 1633 1633 1632 1632 1633 1633 1634 1634 1635 1635 1636 1636 1635 1635 1634 1634 1635 1635 1636 1636 1637 1637 1638 1638 1637 1637 1636 1636 1637 1637 1638 1638 1639 1639 1640 1640 1639 1639 1638 1638 1639 1639 1640 1640 1641 1641 1642 1642 1641 1641 1640 1640 1641 1641 1642 1642 1643 1643 1644 1644 1643 1643 1642 1642 1643 1643 1644 1644 1645 1645 1646 1646 1645 1645 1644 1644 1645 1645 1646 1646 1647 1647 1648 1648 1647 1647 1646 1646 1647 1647 1648 1648 1649 1649 1650 1650 1649 1649 1648 1648 1649 1649 1650 1650 1651 1651 1652 1652 1651 1651 1650 1650 1651 1651 1652 1652 1653 1653 1654 1654 1653 1653 1652 1652 1653 1653 1654 1654 1655 1655 1656 1656 1655 1655 1654 1654 1655 1655 1656 1656 1609 1609 1610 1610 1609 1609 1656 1656 1657 1657 1658 1658 1659 1659 1660 1660 1659 1659 1658 1658 1659 1659 1660 1660 1661 1661 1662 1662 1661 1661 1660 1660 1661 1661 1662 1662 1663 1663 1664 1664 1663 1663 1662 1662 1663 1663 1664 1664 1665 1665 1666 1666 1665 1665 1664 1664 1665 1665 1666 1666 1667 1667 1668 1668 1667 1667 1666 1666 1667 1667 1668 1668 1669 1669 1670 1670 1669 1669 1668 1668 1669 1669 1670 1670 1671 1671 1672 1672 1671 1671 1670 1670 1671 1671 1672 1672 1673 1673 1674 1674 1673 1673 1672 1672 1673 1673 1674 1674 1675 1675 1676 1676 1675 1675 1674 1674 1675 1675 1676 1676 1677 1677 1678 1678 1677 1677 1676 1676 1677 1677 1678 1678 1679 1679 1680 1680 1679 1679 1678 1678 1679 1679 1680 1680 1681 1681 1682 1682 1681 1681 1680 1680 1681 1681 1682 1682 1683 1683 1684 1684 1683 1683 1682 1682 1683 1683 1684 1684 1685 1685 1686 1686 1685 1685 1684 1684 1685 1685 1686 1686 1687 1687 1688 1688 1687 1687 1686 1686 1687 1687 1688 1688 1689 1689 1690 1690 1689 1689 1688 1688 1689 1689 1690 1690 1691 1691 1692 1692 1691 1691 1690 1690 1691 1691 1692 1692 1693 1693 1694 1694 1693 1693 1692 1692 1693 1693 1694 1694 1695 1695 1696 1696 1695 1695 1694 1694 1695 1695 1696 1696 1697 1697 1698 1698 1697 1697 1696 1696 1697 1697 1698 1698 1699 1699 1700 1700 1699 1699 1698 1698 1699 1699 1700 1700 1701 1701 1702 1702 1701 1701 1700 1700 1701 1701 1702 1702 1703 1703 1704 1704 1703 1703 1702 1702 1703 1703 1704 1704 1657 1657 1658 1658 1657 1657 1704 1704 1705 1705 1706 1706 1707 1707 1708 1708 1707 1707 1706 1706 1707 1707 1708 1708 1709 1709 1710 1710 1709 1709 1708 1708 1709 1709 1710 1710 1711 1711 1712 1712 1711 1711 1710 1710 1711 1711 1712 1712 1713 1713 1714 1714 1713 1713 1712 1712 1713 1713 1714 1714 1715 1715 1714 1714 1716 1716 1715 1715 1717 1717 1715 1715 1716 1716 1715 1715 1717 1717 1718 1718 1719 1719 1718 1718 1717 1717 1718 1718 1719 1719 1720 1720 1721 1721 1720 1720 1719 1719 1720 1720 1721 1721 1722 1722 1723 1723 1722 1722 1721 1721 1722 1722 1723 1723 1724 1724 1725 1725 1724 1724 1723 1723 1724 1724 1725 1725 1726 1726 1727 1727 1726 1726 1725 1725 1726 1726 1727 1727 1728 1728 1729 1729 1728 1728 1727 1727 1728 1728 1729 1729 1730 1730 1729 1729 1731 1731 1730 1730 1732 1732 1730 1730 1731 1731 1730 1730 1732 1732 1733 1733 1734 1734 1733 1733 1732 1732 1733 1733 1734 1734 1735 1735 1736 1736 1735 1735 1734 1734 1735 1735 1736 1736 1737 1737 1738 1738 1737 1737 1736 1736 1737 1737 1738 1738 1739 1739 1740 1740 1739 1739 1738 1738 1739 1739 1740 1740 1741 1741 1740 1740 1742 1742 1741 1741 1743 1743 1741 1741 1742 1742 1741 1741 1743 1743 1744 1744 1745 1745 1744 1744 1743 1743 1744 1744 1745 1745 1746 1746 1747 1747 1746 1746 1745 1745 1746 1746 1747 1747 1748 1748 1749 1749 1748 1748 1747 1747 1748 1748 1749 1749 1750 1750 1751 1751 1750 1750 1749 1749 1750 1750 1751 1751 1752 1752 1753 1753 1752 1752 1751 1751 1752 1752 1753 1753 1754 1754 1755 1755 1754 1754 1753 1753 1754 1754 1755 1755 1705 1705 1756 1756 1705 1705 1755 1755 1705 1705 1756 1756 1706 1706 1757 1757 1758 1758 1759 1759 1760 1760 1759 1759 1758 1758 1759 1759 1760 1760 1761 1761 1762 1762 1761 1761 1760 1760 1761 1761 1762 1762 1763 1763 1764 1764 1763 1763 1762 1762 1763 1763 1764 1764 1765 1765 1766 1766 1765 1765 1764 1764 1765 1765 1766 1766 1767 1767 1768 1768 1767 1767 1766 1766 1767 1767 1768 1768 1769 1769 1770 1770 1769 1769 1768 1768 1769 1769 1770 1770 1771 1771 1772 1772 1771 1771 1770 1770 1771 1771 1772 1772 1773 1773 1774 1774 1773 1773 1772 1772 1773 1773 1774 1774 1775 1775 1776 1776 1775 1775 1774 1774 1775 1775 1776 1776 1777 1777 1778 1778 1777 1777 1776 1776 1777 1777 1778 1778 1779 1779 1780 1780 1779 1779 1778 1778 1779 1779 1780 1780 1781 1781 1782 1782 1781 1781 1780 1780 1781 1781 1782 1782 1783 1783 1784 1784 1783 1783 1782 1782 1783 1783 1784 1784 1785 1785 1786 1786 1785 1785 1784 1784 1785 1785 1786 1786 1787 1787 1788 1788 1787 1787 1786 1786 1787 1787 1788 1788 1789 1789 1790 1790 1789 1789 1788 1788 1789 1789 1790 1790 1791 1791 1792 1792 1791 1791 1790 1790 1791 1791 1792 1792 1793 1793 1794 1794 1793 1793 1792 1792 1793 1793 1794 1794 1795 1795 1796 1796 1795 1795 1794 1794 1795 1795 1796 1796 1797 1797 1798 1798 1797 1797 1796 1796 1797 1797 1798 1798 1799 1799 1800 1800 1799 1799 1798 1798 1799 1799 1800 1800 1801 1801 1802 1802 1801 1801 1800 1800 1801 1801 1802 1802 1803 1803 1804 1804 1803 1803 1802 1802 1803 1803 1804 1804 1757 1757 1758 1758 1757 1757 1804 1804 1805 1805 1806 1806 1807 1807 1808 1808 1807 1807 1806 1806 1807 1807 1808 1808 1809 1809 1810 1810 1809 1809 1808 1808 1809 1809 1810 1810 1811 1811 1812 1812 1811 1811 1810 1810 1811 1811 1812 1812 1813 1813 1814 1814 1813 1813 1812 1812 1813 1813 1814 1814 1815 1815 1816 1816 1815 1815 1814 1814 1815 1815 1816 1816 1817 1817 1818 1818 1817 1817 1816 1816 1817 1817 1818 1818 1819 1819 1820 1820 1819 1819 1818 1818 1819 1819 1820 1820 1821 1821 1822 1822 1821 1821 1820 1820 1821 1821 1822 1822 1823 1823 1824 1824 1823 1823 1822 1822 1823 1823 1824 1824 1825 1825 1826 1826 1825 1825 1824 1824 1825 1825 1826 1826 1827 1827 1828 1828 1827 1827 1826 1826 1827 1827 1828 1828 1829 1829 1830 1830 1829 1829 1828 1828 1829 1829 1830 1830 1831 1831 1832 1832 1831 1831 1830 1830 1831 1831 1832 1832 1833 1833 1834 1834 1833 1833 1832 1832 1833 1833 1834 1834 1835 1835 1836 1836 1835 1835 1834 1834 1835 1835 1836 1836 1837 1837 1838 1838 1837 1837 1836 1836 1837 1837 1838 1838 1839 1839 1840 1840 1839 1839 1838 1838 1839 1839 1840 1840 1841 1841 1842 1842 1841 1841 1840 1840 1841 1841 1842 1842 1843 1843 1844 1844 1843 1843 1842 1842 1843 1843 1844 1844 1845 1845 1846 1846 1845 1845 1844 1844 1845 1845 1846 1846 1847 1847 1848 1848 1847 1847 1846 1846 1847 1847 1848 1848 1849 1849 1850 1850 1849 1849 1848 1848 1849 1849 1850 1850 1851 1851 1852 1852 1851 1851 1850 1850 1851 1851 1852 1852 1805 1805 1806 1806 1805 1805 1852 1852 1853 1853 1854 1854 1855 1855 1856 1856 1857 1857 1858 1858 1859 1859 1860 1860 1861 1861 1862 1862 1863 1863 1864 1864 1865 1865 1866 1866 1867 1867 1868 1868 1867 1867 1866 1866 1867 1867 1868 1868 1863 1863 1869 1869 1863 1863 1868 1868 1863 1863 1869 1869 1864 1864 1870 1870 1871 1871 1865 1865 1872 1872 1865 1865 1871 1871 1865 1865 1872 1872 1866 1866 1873 1873 1874 1874 1875 1875 1876 1876 1875 1875 1874 1874 1875 1875 1876 1876 1877 1877 1878 1878 1877 1877 1876 1876 1877 1877 1878 1878 1879 1879 1880 1880 1879 1879 1878 1878 1879 1879 1880 1880 1881 1881 1882 1882 1881 1881 1880 1880 1881 1881 1882 1882 1883 1883 1884 1884 1883 1883 1882 1882 1883 1883 1884 1884 1885 1885 1886 1886 1885 1885 1884 1884 1885 1885 1886 1886 1870 1870 1887 1887 1870 1870 1886 1886 1870 1870 1887 1887 1871 1871 1888 1888 1889 1889 1873 1873 1890 1890 1873 1873 1889 1889 1873 1873 1890 1890 1874 1874 1891 1891 1892 1892 1888 1888 1893 1893 1888 1888 1892 1892 1888 1888 1893 1893 1889 1889 1894 1894 1895 1895 1891 1891 1896 1896 1891 1891 1895 1895 1891 1891 1896 1896 1892 1892 1897 1897 1898 1898 1894 1894 1899 1899 1894 1894 1898 1898 1894 1894 1899 1899 1895 1895 1900 1900 1901 1901 1897 1897 1902 1902 1897 1897 1901 1901 1902 1902 1903 1903 1897 1897 1904 1904 1897 1897 1903 1903 1897 1897 1904 1904 1898 1898 1905 1905 1906 1906 1900 1900 1907 1907 1900 1900 1906 1906 1900 1900 1907 1907 1901 1901 1908 1908 1909 1909 1910 1910 1911 1911 1910 1910 1909 1909 1910 1910 1911 1911 1905 1905 1912 1912 1905 1905 1911 1911 1905 1905 1912 1912 1906 1906 1861 1861 1860 1860 1910 1910 1913 1913 1910 1910 1860 1860 1910 1910 1913 1913 1908 1908 1858 1858 1857 1857 1914 1914 1857 1857 1915 1915 1914 1914 1916 1916 1914 1914 1915 1915 1914 1914 1916 1916 1861 1861 1917 1917 1861 1861 1916 1916 1861 1861 1917 1917 1859 1859 1855 1855 1854 1854 1918 1918 1854 1854 1919 1919 1918 1918 1920 1920 1918 1918 1919 1919 1918 1918 1920 1920 1858 1858 1921 1921 1858 1858 1920 1920 1858 1858 1921 1921 1856 1856 1864 1864 1922 1922 1862 1862 1923 1923 1862 1862 1922 1922 1862 1862 1923 1923 1855 1855 1924 1924 1855 1855 1923 1923 1855 1855 1924 1924 1853 1853 1925 1925 1926 1926 1927 1927 1928 1928 1927 1927 1926 1926 1927 1927 1928 1928 1929 1929 1930 1930 1929 1929 1928 1928 1929 1929 1930 1930 1931 1931 1932 1932 1931 1931 1930 1930 1931 1931 1932 1932 1933 1933 1934 1934 1933 1933 1932 1932 1933 1933 1934 1934 1935 1935 1936 1936 1935 1935 1934 1934 1935 1935 1936 1936 1937 1937 1938 1938 1937 1937 1936 1936 1937 1937 1938 1938 1939 1939 1940 1940 1939 1939 1938 1938 1939 1939 1940 1940 1941 1941 1942 1942 1941 1941 1940 1940 1941 1941 1942 1942 1943 1943 1944 1944 1943 1943 1942 1942 1943 1943 1944 1944 1945 1945 1946 1946 1945 1945 1944 1944 1945 1945 1946 1946 1947 1947 1948 1948 1947 1947 1946 1946 1947 1947 1948 1948 1949 1949 1950 1950 1949 1949 1948 1948 1949 1949 1950 1950 1951 1951 1952 1952 1951 1951 1950 1950 1951 1951 1952 1952 1953 1953 1954 1954 1953 1953 1952 1952 1953 1953 1954 1954 1955 1955 1956 1956 1955 1955 1954 1954 1955 1955 1956 1956 1957 1957 1958 1958 1957 1957 1956 1956 1957 1957 1958 1958 1959 1959 1960 1960 1959 1959 1958 1958 1959 1959 1960 1960 1961 1961 1962 1962 1961 1961 1960 1960 1961 1961 1962 1962 1963 1963 1964 1964 1963 1963 1962 1962 1963 1963 1964 1964 1965 1965 1966 1966 1965 1965 1964 1964 1965 1965 1966 1966 1967 1967 1968 1968 1967 1967 1966 1966 1967 1967 1968 1968 1969 1969 1970 1970 1969 1969 1968 1968 1969 1969 1970 1970 1971 1971 1972 1972 1971 1971 1970 1970 1971 1971 1972 1972 1925 1925 1926 1926 1925 1925 1972 1972 1973 1973 1974 1974 1975 1975 1976 1976 1975 1975 1974 1974 1975 1975 1976 1976 1977 1977 1978 1978 1977 1977 1976 1976 1977 1977 1978 1978 1979 1979 1980 1980 1979 1979 1978 1978 1979 1979 1980 1980 1981 1981 1982 1982 1981 1981 1980 1980 1981 1981 1982 1982 1983 1983 1984 1984 1983 1983 1982 1982 1983 1983 1984 1984 1985 1985 1986 1986 1985 1985 1984 1984 1985 1985 1986 1986 1987 1987 1988 1988 1987 1987 1986 1986 1987 1987 1988 1988 1989 1989 1990 1990 1989 1989 1988 1988 1989 1989 1990 1990 1991 1991 1992 1992 1991 1991 1990 1990 1991 1991 1992 1992 1993 1993 1994 1994 1993 1993 1992 1992 1993 1993 1994 1994 1995 1995 1996 1996 1995 1995 1994 1994 1995 1995 1996 1996 1997 1997 1998 1998 1997 1997 1996 1996 1997 1997 1998 1998 1999 1999 2000 2000 1999 1999 1998 1998 1999 1999 2000 2000 2001 2001 2002 2002 2001 2001 2000 2000 2001 2001 2002 2002 2003 2003 2004 2004 2003 2003 2002 2002 2003 2003 2004 2004 2005 2005 2006 2006 2005 2005 2004 2004 2005 2005 2006 2006 2007 2007 2008 2008 2007 2007 2006 2006 2007 2007 2008 2008 2009 2009 2010 2010 2009 2009 2008 2008 2009 2009 2010 2010 2011 2011 2012 2012 2011 2011 2010 2010 2011 2011 2012 2012 2013 2013 2014 2014 2013 2013 2012 2012 2013 2013 2014 2014 2015 2015 2016 2016 2015 2015 2014 2014 2015 2015 2016 2016 2017 2017 2018 2018 2017 2017 2016 2016 2017 2017 2018 2018 2019 2019 2020 2020 2019 2019 2018 2018 2019 2019 2020 2020 1973 1973 1974 1974 1973 1973 2020 2020 2021 2021 2022 2022 2023 2023 2021 2021 2023 2023 2024 2024 2025 2025 2024 2024 2023 2023 2024 2024 2025 2025 2026 2026 2027 2027 2028 2028 2029 2029 2030 2030 2029 2029 2028 2028 2031 2031 2032 2032 2033 2033 2034 2034 2033 2033 2032 2032</p>
        </triangles>
      </mesh>
    </geometry>
  </library_geometries>
  <library_materials>
    <material id="753d29f9aa1f40919618dacc7a6ff7af" name="defaultmaterial">
      <instance_effect url="#e7d2633eebbc4c8babcadfd64919defa"/>
    </material>
  </library_materials>
  <library_visual_scenes>
    <visual_scene id="scene">
      <node id="node0" name="node0">
        <instance_geometry url="#b0acf54406b74978abf8720522401064">
          <bind_material>
            <technique_common>
              <instance_material symbol="material0" target="#753d29f9aa1f40919618dacc7a6ff7af"/>
            </technique_common>
          </bind_material>
        </instance_geometry>
      </node>
    </visual_scene>
  </library_visual_scenes>
  <scene>
    <instance_visual_scene url="#scene"/>
  </scene>
</COLLADA>
