<COLLADA xmlns="http://www.collada.org/2005/11/COLLADASchema" version="1.4.1">
  <asset>
    <created>2026-07-22T20:42:48.589576</created>
    <modified>2026-07-22T20:42:48.589576</modified>
    <up_axis>Y_UP</up_axis>
  </asset>
  <library_effects>
    <effect id="4d63b7d24d5d4d0d8c9b02a2fecf2e68" name="4d63b7d24d5d4d0d8c9b02a2fecf2e68">
      <profile_COMMON>
        <technique sid="common">
          <phong>
            <emission>
              <color>0.0 0.0 0.0 1.0</color>
            </emission>
            <ambient>
              <color>0.0 0.0 0.0 1.0</color>
            </ambient>
            <diffuse>
              <color>0.23137254901960785 0.3803921568627451 0.7058823529411765 1.0</color>
            </diffuse>
            <specular>
              <color>0.0 0.0 0.0 1.0</color>
            </specular>
            <shininess>
              <float>0.0</float>
            </shininess>
            <reflective>
              <color>0.0 0.0 0.0 1.0</color>
            </reflective>
            <reflectivity>
              <float>0.0</float>
            </reflectivity>
            <transparent>
              <color>0.0 0.0 0.0 1.0</color>
            </transparent>
            <transparency>
              <float>1.0</float>
            </transparency>
          </phong>
        </technique>
        <extra>
          <technique profile="GOOGLEEARTH">
            <double_sided>0</double_sided>
          </technique>
        </extra>
      </profile_COMMON>
    </effect>
    <effect id="58da3176c0a44be68313996928f95377" name="58da3176c0a44be68313996928f95377">
      <profile_COMMON>
        <technique sid="common">
          <phong>
            <emission>
              <color>0.0 0.0 0.0 1.0</color>
            </emission>
            <ambient>
              <color>0.0 0.0 0.0 1.0</color>
            </ambient>
            <diffuse>
              <color>1.0 1.0 1.0 1.0</color>
            </diffuse>
            <specular>
              <color>0.0 0.0 0.0 1.0</color>
            </specular>
            <shininess>
              <float>0.0</float>
            </shininess>
            <reflective>
              <color>0.0 0.0 0.0 1.0</color>
            </reflective>
            <reflectivity>
              <float>0.0</float>
            </reflectivity>
            <transparent>
              <color>0.0 0.0 0.0 1.0</color>
            </transparent>
            <transparency>
              <float>1.0</float>
            </transparency>
          </phong>
        </technique>
        <extra>
          <technique profile="GOOGLEEARTH">
            <double_sided>0</double_sided>
          </technique>
        </extra>
      </profile_COMMON>
    </effect>
  </library_effects>
  <library_geometries>
    <geometry id="82532fb61d364a648cb1dda4699719a3" name="a09fbf2b1a954f55b66e7021b1a99468">
      <mesh>
        <source id="verts-array">
          <float_array count="12474" id="verts-array-array">0.001757809 -0.01136272 0.04014999 0.001757809 -0.01115 0.04017749 0.001757809 -0.01115 0.03991859 0.001757809 -0.01115 0.03810259 0.001757809 -0.0108847 0.03821249 0.001757809 -0.0106 0.03824999 0.001757809 -0.0106 0.03604999 0.001757809 -0.0101 0.03364999 0.001757809 -0.0108847 0.03608749 0.001757809 -0.01115 0.03391999 0.001757809 -0.0103153 0.03608749 0.001757809 -0.01005 0.03619739 0.001757809 -0.00982218 0.03637219 0.001757809 -0.0103153 0.03821249 0.001757809 -0.0088 0.03991859 0.001757809 -0.01005 0.03810259 0.001757809 -0.00964737 0.03659999 0.001757809 -0.00953748 0.03686529 0.001757809 -0.0095 0.03714999 0.001757809 -0.00953748 0.03743469 0.001757809 -0.00964737 0.03769999 0.001757809 -0.00982218 0.03792779 0.001757809 -0.01137782 0.03792779 0.001757809 -0.0126 0.03988209 0.001757809 -0.01251176 0.03991859 0.001757809 -0.01155263 0.03769999 0.001757809 -0.01166252 0.03743469 0.001757809 -0.0136 0.03814999 0.001757809 -0.0117 0.03714999 0.001757809 -0.0136 0.03454999 0.001757809 -0.01166252 0.03686529 0.001757809 -0.01155263 0.03659999 0.001757809 -0.01137782 0.03637219 0.001757809 -0.01115 0.03619739 0.001757809 -0.01353185 0.03866769 0.001757809 -0.01333205 0.03914999 0.001757809 -0.01301421 0.03956419 0.00175781 -0.01115 0.01519739 0.00175781 -0.0108847 0.01508749 0.00175781 -0.01115 0.01314999 0.00175781 -0.0106 0.01504999 0.00175781 -0.0088 0.01314999 0.00175781 -0.0103153 0.01508749 0.00175781 -0.00964737 0.01669999 0.00175781 -0.00982218 0.01692779 0.00175781 -0.0101 0.01964999 0.00175781 -0.01115 0.01937999 0.00175781 -0.0106 0.01724999 0.00175781 -0.01005 0.01519739 0.00175781 -0.00982218 0.01537219 0.00175781 -0.00964737 0.01559999 0.00175781 -0.01005 0.01710259 0.00175781 -0.0103153 0.01721249 0.00175781 -0.00953748 0.01586529 0.00175781 -0.0095 0.01614999 0.00175781 -0.00953748 0.01643469 0.00175781 -0.01155263 0.01669999 0.00175781 -0.01166252 0.01643469 0.00175781 -0.0136 0.01874999 0.00175781 -0.0136 0.01514999 0.00175781 -0.01137782 0.01537219 0.00175781 -0.0116 0.01314999 0.001757811 -0.01211764 0.01321819 0.00175781 -0.0108847 0.01721249 0.00175781 -0.01115 0.01710259 0.00175781 -0.01137782 0.01692779 0.001757811 -0.01333205 0.01414999 0.00175781 -0.01155263 0.01559999 0.001757811 -0.01353185 0.01463239 0.00175781 -0.01166252 0.01586529 0.00175781 -0.0117 0.01614999 0.001757811 -0.0126 0.01341799 0.001757811 -0.01301421 0.01373579 0.001757808 0.0101153 0.03608749 0.001757808 0.0104 0.03604999 0.001757808 0.0099 0.03364999 0.001757808 0.01095 0.03391999 0.001757808 0.0104 0.03824999 0.001757808 0.0101153 0.03821249 0.001757808 0.0086 0.03991859 0.001757808 0.00985 0.03810259 0.001757808 0.0096222 0.03792779 0.001757808 0.0094474 0.03769999 0.001757808 0.0094474 0.03659999 0.001757808 0.0096222 0.03637219 0.001757808 0.00985 0.03619739 0.001757808 0.0093375 0.03743469 0.001757808 0.0093 0.03714999 0.001757808 0.0093375 0.03686529 0.001757808 0.0106847 0.03608749 0.001757808 0.01095 0.03619739 0.001757808 0.0134 0.03454999 0.001757808 0.0111778 0.03637219 0.001757808 0.0113526 0.03659999 0.001757808 0.0114625 0.03686529 0.001757808 0.0134 0.03814999 0.001757808 0.0111778 0.03792779 0.001757808 0.01095 0.03810259 0.001757808 0.01095 0.03991859 0.001757808 0.0106847 0.03821249 0.001757808 0.0115 0.03714999 0.001757808 0.0114625 0.03743469 0.001757808 0.0133319 0.03866769 0.001757808 0.0113526 0.03769999 0.001757808 0.013132 0.03914999 0.001757808 0.0128142 0.03956419 0.001757809 0.0093375 0.01586529 0.001757809 0.0094474 0.01559999 0.00175781 0.0086 0.01314999 0.001757809 0.0096222 0.01537219 0.001757809 0.0104 0.01724999 0.001757809 0.0099 0.01964999 0.001757809 0.0106847 0.01721249 0.001757809 0.01095 0.01937999 0.001757809 0.01095 0.01710259 0.001757809 0.0101153 0.01721249 0.001757809 0.00985 0.01710259 0.001757809 0.0096222 0.01692779 0.001757809 0.0094474 0.01669999 0.001757809 0.0093375 0.01643469 0.001757809 0.0093 0.01614999 0.001757809 0.0104 0.01504999 0.001757809 0.01095 0.01314999 0.001757809 0.0101153 0.01508749 0.001757809 0.00985 0.01519739 0.001757809 0.0111778 0.01692779 0.001757809 0.0134 0.01874999 0.001757809 0.0113526 0.01669999 0.001757809 0.0134 0.01514999 0.001757809 0.0133319 0.01463239 0.001757809 0.0113526 0.01559999 0.001757809 0.013132 0.01414999 0.001757809 0.0111778 0.01537219 0.001757809 0.0128142 0.01373579 0.001757809 0.0124 0.01341799 0.001757809 0.0106847 0.01508749 0.001757809 0.01095 0.01519739 0.001757809 0.0114 0.01314999 0.001757809 0.0119176 0.01321819 0.001757809 0.0114625 0.01586529 0.001757809 0.0115 0.01614999 0.001757809 0.0114625 0.01643469 0.001757809 0.0099 0.02214999 0.001757809 0.0099 0.02152499 0.001757809 0.0086 0.02152499 0.001757809 0.0104 0.02579999 0.001757809 0.0104 0.02749999 0.001757809 0.01095 0.03069999 0.001757809 0.01095 0.02259999 0.001757809 0.0086 0.02579999 0.001757809 0.0079 0.02579999 0.00175781 -9.999977e-05 0.02152499 0.001757809 0.0079 0.02749999 0.001757809 -9.999977e-05 0.03177499 0.001757809 0.0086 0.02749999 0.001757809 0.0086 0.03177499 0.001757809 0.0099 0.03114999 0.001757808 0.0099 0.03177499 0.001757809 -0.0101 0.03114999 0.001757809 -0.0101 0.03177499 0.001757809 -0.0088 0.03177499 0.00175781 -0.0088 0.02749999 0.00175781 -0.0106 0.02749999 0.00175781 -0.01115 0.03069999 0.00175781 -0.0081 0.02749999 0.00175781 -0.0081 0.02579999 0.00175781 -0.0088 0.02579999 0.00175781 -0.0088 0.02152499 0.00175781 -0.01115 0.02259999 0.00175781 -0.0106 0.02579999 0.00175781 -0.0101 0.02214999 0.00175781 -0.0101 0.02152499 0.001757809 -0.0116 0.04014999 0.001757809 -0.01211764 0.04008189 0.00175781 -0.0136 0.02799999 0.00175781 -0.0136 0.02964999 0.00175781 -0.0116 0.02799999 0.00175781 -0.0136 0.02364999 0.00175781 -0.0136 0.02529999 0.00175781 -0.0116 0.02529999 0.001757809 0.0134 0.02529999 0.001757809 0.0134 0.02364999 0.001757809 0.0114 0.02529999 0.001757808 0.0134 0.02964999 0.001757809 0.0134 0.02799999 0.001757809 0.0114 0.02799999 0.001757808 0.0104741 0.04021579 0.001757808 0.01095 0.04015419 0.001757808 0.0109827 0.04014999 0.001757808 0.0114 0.04014999 0.001757808 0.0119176 0.04008189 0.001757808 0.0123118 0.03991859 0.001757808 0.0124 0.03988209 0.001757808 0.009485 0.04014999 0.001757808 0.0090635 0.04158719 0.001757808 0.0092697 0.04111769 0.001757808 0.0095885 0.04071599 0.001757808 0.009999 0.04040869 0.001757809 -0.01085415 0.04021579 0.001757809 -0.01037901 0.04040869 0.001757809 -0.009865 0.04014999 0.001757809 -0.0088 0.04014999 0.001757809 -9.999977e-05 0.03991859 0.001757809 -9.999977e-05 0.04014999 0.001757808 0.0086 0.04014999 0.001757809 -0.00996855 0.04071599 0.001757809 -0.00964974 0.04111769 0.001757809 -0.00944354 0.04158719 0.00175781 -9.999977e-05 0.01314999 0.00550781 -0.0136 0.02314999 0.00550781 -0.0101 0.02164999 0.00550781 -0.0136 0.02364999 0.00550781 -0.0101 0.02214999 0.007757809 0.008585001 0.01452009 0.00775781 0.008585001 0.01414999 0.007757809 0.008624101 0.01437409 0.007757809 0.009460501 0.01414999 0.006757809 0.0079 0.03288219 0.008029309 0.007900001 0.03288219 0.007891809 0.008085001 0.03306729 0.007757808 0.009745901 0.03472819 0.006757808 0.0097459 0.03472819 0.007757808 0.008585001 0.03356719 0.007791908 0.008326201 0.03330839 0.001757809 0.0134 0.01514999 0.001757809 0.0134 0.01874999 0.006757809 0.0134 0.01514999 0.004007809 0.0134 0.01874999 0.006757809 0.0134 0.01874999 0.005507809 0.0134 0.01874999 0.005507809 0.0134 0.01924999 0.004007809 0.0134 0.01924999 0.001757809 -0.0136 0.03814999 0.001757809 -0.0136 0.03454999 0.007757809 -0.0136 0.03814999 0.004007809 -0.0136 0.03454999 0.007757809 -0.0136 0.03454999 0.005507809 -0.0136 0.03454999 0.005507809 -0.0136 0.03404999 0.004007809 -0.0136 0.03404999 0.007757808 0.0114 0.04014999 0.007757808 0.0119176 0.04008189 0.001757808 0.0114 0.04014999 0.001757808 0.0119176 0.04008189 0.001757808 0.0123118 0.03991859 0.007757808 0.0124 0.03988209 0.001757808 0.0124 0.03988209 0.007757808 0.0128142 0.03956419 0.001757808 0.0128142 0.03956419 0.007757808 0.013132 0.03914999 0.001757808 0.013132 0.03914999 0.007757808 0.0133319 0.03866769 0.001757808 0.0133319 0.03866769 0.007757808 0.0134 0.03814999 0.001757808 0.0134 0.03814999 0.007757809 -0.01353185 0.03866769 0.001757809 -0.01353185 0.03866769 0.007757809 -0.01333205 0.03914999 0.001757809 -0.01333205 0.03914999 0.007757809 -0.01301421 0.03956419 0.001757809 -0.01301421 0.03956419 0.007757809 -0.0126 0.03988209 0.001757809 -0.0126 0.03988209 0.001757809 -0.01251176 0.03991859 0.007757809 -0.01211764 0.04008189 0.001757809 -0.01211764 0.04008189 0.007757809 -0.0116 0.04014999 0.001757809 -0.0116 0.04014999 0.006757809 0.0133499 0.01470499 0.001757809 0.0133319 0.01463239 0.006757809 0.0133253 0.01463469 0.006757809 0.0132019 0.01428219 0.001757809 0.013132 0.01414999 0.006757809 0.0131226 0.01415599 0.006757809 0.0129637 0.01390299 0.001757809 0.0128142 0.01373579 0.006757809 0.0128053 0.01374469 0.006757809 0.012647 0.01358639 0.001757809 0.0124 0.01341799 0.006757809 0.0123941 0.01342739 0.006757809 0.0122678 0.01334809 0.001757809 0.0119176 0.01321819 0.006757809 0.0114 0.01314999 0.001757809 0.0114 0.01314999 0.006757809 0.011845 0.01320019 0.006757809 0.0119153 0.01322479 0.00675781 -0.0116 0.01314999 0.006757811 -0.01204504 0.01320019 0.00175781 -0.0116 0.01314999 0.001757811 -0.01211764 0.01321819 0.006757811 -0.01211533 0.01322479 0.006757811 -0.01246777 0.01334809 0.001757811 -0.0126 0.01341799 0.006757811 -0.01259405 0.01342739 0.006757811 -0.01284698 0.01358639 0.001757811 -0.01301421 0.01373579 0.006757811 -0.01300532 0.01374469 0.006757811 -0.01316366 0.01390299 0.001757811 -0.01333205 0.01414999 0.006757811 -0.01332259 0.01415599 0.006757811 -0.01340194 0.01428219 0.001757811 -0.01353185 0.01463239 0.00675781 -0.0136 0.01514999 0.00175781 -0.0136 0.01514999 0.006757811 -0.01354986 0.01470499 0.006757811 -0.01352526 0.01463469 0.00825601 -0.008099999 0.02041779 0.00814821 -0.008172269 0.02034549 0.00675781 -0.0081 0.02041779 0.00805071 -0.008257889 0.02025989 0.00789181 -0.008464999 0.02005279 0.00775781 -0.009945929 0.01857189 0.00675781 -0.00994593 0.01857189 0.00775781 -0.008964999 0.01955279 0.00779191 -0.008706179 0.01981159 0.007791909 -0.008706179 0.03348839 0.007891809 -0.008464999 0.03324719 0.006757809 -0.0081 0.03288219 0.008050709 -0.008257889 0.03304009 0.008148209 -0.008172269 0.03295449 0.008256009 -0.008099999 0.03288219 0.006757809 -0.00994593 0.03472819 0.007757809 -0.009945929 0.03472819 0.007757809 -0.008964999 0.03374729 0.008140609 -0.008178159 0.03649589 0.006757809 -0.00817816 0.03649589 0.008256009 -0.008099999 0.03641779 0.006757809 -0.0081 0.03641779 0.00675781 -0.00994593 0.01857189 0.00675781 -0.00817816 0.01680409 0.00675781 -0.0081 0.02041779 0.00675781 -0.0081 0.01688219 0.006757808 0.0079782 0.03649589 0.007963008 0.007978201 0.03649589 0.006757808 0.0079 0.03641779 0.008029308 0.007900001 0.03641779 0.00675781 -0.00817816 0.01680409 0.00814061 -0.008178159 0.01680409 0.00675781 -0.0081 0.01688219 0.00825601 -0.008099999 0.01688219 0.003657808 0.0106847 0.03821249 0.003657808 0.01095 0.03810259 0.003657808 0.01105 0.03957589 0.003657808 0.0128259 0.03779999 0.003657808 0.0111778 0.03792779 0.003657808 0.0113526 0.03769999 0.003657808 0.0121759 0.03537409 0.003657808 0.0113526 0.03659999 0.003657808 0.0111778 0.03637219 0.003657808 0.0114625 0.03743469 0.003657808 0.0115 0.03714999 0.003657808 0.0114625 0.03686529 0.003657808 0.01095 0.03619739 0.003657808 0.0106847 0.03608749 0.003657808 0.00975 0.03472409 0.003657808 0.0104 0.03604999 0.003657808 0.0101153 0.03608749 0.003657808 0.00985 0.03619739 0.003657808 0.0096222 0.03637219 0.003657808 0.0079741 0.03649999 0.003657808 0.0094474 0.03659999 0.003657808 0.0093375 0.03686529 0.003657808 0.0093 0.03714999 0.003657808 0.0093375 0.03743469 0.003657808 0.0086241 0.03892589 0.003657808 0.0094474 0.03769999 0.003657808 0.0096222 0.03792779 0.003657808 0.00985 0.03810259 0.003657808 0.0101153 0.03821249 0.003657808 0.0104 0.03824999 0.003657808 0.0086241 0.03892589 0.003657808 0.01105 0.03957589 0.007757808 0.008624101 0.03892589 0.007757808 0.01105 0.03957589 0.003657808 0.01105 0.03957589 0.003657808 0.0128259 0.03779999 0.007757808 0.01105 0.03957589 0.007757808 0.0128259 0.03779999 0.003657808 0.0128259 0.03779999 0.003657808 0.0121759 0.03537409 0.007757808 0.0128259 0.03779999 0.007757808 0.0121759 0.03537409 0.003657808 0.0121759 0.03537409 0.003657808 0.00975 0.03472409 0.007757808 0.0121759 0.03537409 0.007757808 0.009750001 0.03472409 0.007966108 0.007974101 0.03649999 0.007963008 0.007978201 0.03649589 0.006757808 0.0079782 0.03649589 0.007757808 0.009745901 0.03472819 0.007757808 0.009750001 0.03472409 0.006757808 0.0097459 0.03472819 0.003657808 0.00975 0.03472409 0.003657808 0.0079741 0.03649999 0.007891808 0.008085001 0.03691389 0.007966108 0.007974101 0.03649999 0.003657808 0.0079741 0.03649999 0.007833908 0.008202301 0.03735169 0.007757808 0.008624101 0.03892589 0.007757808 0.008585001 0.03877989 0.003657808 0.0086241 0.03892589 0.007766308 0.008454501 0.03829279 0.007791908 0.008326201 0.03781399 0.003657809 -0.00953748 0.03686529 0.003657809 -0.00964737 0.03659999 0.003657809 -0.0081741 0.03649999 0.003657809 -0.00982218 0.03637219 0.003657809 -0.00994998 0.03472409 0.003657809 -0.01005 0.03619739 0.003657809 -0.0103153 0.03608749 0.003657809 -0.0106 0.03604999 0.003657809 -0.0108847 0.03608749 0.003657809 -0.01237588 0.03537409 0.003657809 -0.01115 0.03619739 0.003657809 -0.01137782 0.03637219 0.003657809 -0.01155263 0.03659999 0.003657809 -0.01166252 0.03686529 0.003657809 -0.0130259 0.03779999 0.003657809 -0.0117 0.03714999 0.003657809 -0.01166252 0.03743469 0.003657809 -0.01155263 0.03769999 0.003657809 -0.01137782 0.03792779 0.003657809 -0.01125002 0.03957589 0.003657809 -0.01115 0.03810259 0.003657809 -0.0108847 0.03821249 0.003657809 -0.0106 0.03824999 0.003657809 -0.0103153 0.03821249 0.003657809 -0.00882412 0.03892589 0.003657809 -0.01005 0.03810259 0.003657809 -0.00982218 0.03792779 0.003657809 -0.00964737 0.03769999 0.003657809 -0.00953748 0.03743469 0.003657809 -0.0095 0.03714999 0.003657809 -0.01237588 0.03537409 0.003657809 -0.0130259 0.03779999 0.007757809 -0.01237588 0.03537409 0.007757809 -0.0130259 0.03779999 0.003657809 -0.0130259 0.03779999 0.003657809 -0.01125002 0.03957589 0.007757809 -0.0130259 0.03779999 0.007757809 -0.01125002 0.03957589 0.007757809 -0.01125002 0.03957589 0.003657809 -0.01125002 0.03957589 0.007757809 -0.008964999 0.03896359 0.003657809 -0.00882412 0.03892589 0.007767809 -0.008824119 0.03892589 0.008145809 -0.008174099 0.03649999 0.008050709 -0.008257889 0.03681269 0.003657809 -0.0081741 0.03649999 0.007964409 -0.008356239 0.03717969 0.007767809 -0.008824119 0.03892589 0.003657809 -0.00882412 0.03892589 0.007799509 -0.008708249 0.03849339 0.007891809 -0.008464999 0.03758559 0.007833909 -0.008582319 0.03802349 0.007757809 -0.009949979 0.03472409 0.007757809 -0.009945929 0.03472819 0.006757809 -0.00994593 0.03472819 0.008140609 -0.008178159 0.03649589 0.008145809 -0.008174099 0.03649999 0.006757809 -0.00817816 0.03649589 0.003657809 -0.0081741 0.03649999 0.003657809 -0.00994998 0.03472409 0.003657809 -0.00994998 0.03472409 0.003657809 -0.01237588 0.03537409 0.007757809 -0.009949979 0.03472409 0.007757809 -0.01237588 0.03537409 0.00365781 -0.00882412 0.01437409 0.00365781 -0.00982218 0.01537219 0.00365781 -0.01005 0.01519739 0.00365781 -0.0103153 0.01721249 0.00365781 -0.01005 0.01710259 0.00365781 -0.00994998 0.01857589 0.00365781 -0.00982218 0.01692779 0.00365781 -0.0081741 0.01679999 0.00365781 -0.00964737 0.01669999 0.00365781 -0.00953748 0.01643469 0.00365781 -0.01125002 0.01372409 0.00365781 -0.0103153 0.01508749 0.00365781 -0.0106 0.01504999 0.00365781 -0.01237588 0.01792589 0.00365781 -0.01155263 0.01669999 0.00365781 -0.01137782 0.01692779 0.00365781 -0.01115 0.01710259 0.00365781 -0.0108847 0.01721249 0.00365781 -0.0106 0.01724999 0.00365781 -0.0108847 0.01508749 0.00365781 -0.01115 0.01519739 0.00365781 -0.0130259 0.01549999 0.00365781 -0.01137782 0.01537219 0.00365781 -0.01155263 0.01559999 0.00365781 -0.0095 0.01614999 0.00365781 -0.00953748 0.01586529 0.00365781 -0.00964737 0.01559999 0.00365781 -0.01166252 0.01586529 0.00365781 -0.0117 0.01614999 0.00365781 -0.01166252 0.01643469 0.00774921 -0.01014768 0.01401949 0.00775781 -0.009660549 0.01414999 0.00365781 -0.00882412 0.01437409 0.00775781 -0.008964999 0.01433639 0.00776781 -0.008824119 0.01437409 0.00772371 -0.01062647 0.01389119 0.00365781 -0.01125002 0.01372409 0.00766261 -0.01125002 0.01372409 0.00775781 -0.01167904 0.01415309 0.00365781 -0.01125002 0.01372409 0.00775781 -0.01259687 0.01507099 0.00365781 -0.0130259 0.01549999 0.00775491 -0.0116 0.01407409 0.00772371 -0.0114171 0.01389119 0.00766261 -0.01125002 0.01372409 0.00766261 -0.0130259 0.01549999 0.00773271 -0.01282252 0.01529659 0.00775491 -0.01267591 0.01514999 0.00766261 -0.0130259 0.01549999 0.00365781 -0.0130259 0.01549999 0.00773271 -0.01282252 0.01625899 0.00365781 -0.01237588 0.01792589 0.00775781 -0.0126 0.01708949 0.00775781 -0.01237588 0.01792589 0.00365781 -0.01237588 0.01792589 0.00365781 -0.00994998 0.01857589 0.00775781 -0.01237588 0.01792589 0.00775781 -0.009949979 0.01857589 0.00814581 -0.008174099 0.01679999 0.00814061 -0.008178159 0.01680409 0.00675781 -0.00817816 0.01680409 0.00775781 -0.009945929 0.01857189 0.00775781 -0.009949979 0.01857589 0.00675781 -0.00994593 0.01857189 0.00365781 -0.00994998 0.01857589 0.00365781 -0.0081741 0.01679999 0.00805071 -0.008257889 0.01648729 0.00814581 -0.008174099 0.01679999 0.00365781 -0.0081741 0.01679999 0.00783391 -0.008582319 0.01527659 0.00789181 -0.008464999 0.01571439 0.00796441 -0.008356239 0.01612029 0.00779191 -0.008706179 0.01481429 0.00365781 -0.00882412 0.01437409 0.00776781 -0.008824119 0.01437409 0.006757809 0.0079782 0.01680409 0.006757809 0.0097459 0.01857189 0.006757809 0.0079 0.01688219 0.006757809 0.0079 0.02041779 0.007891809 0.008085001 0.02023279 0.008029309 0.007900001 0.02041779 0.006757809 0.0079 0.02041779 0.007791909 0.008326201 0.01999159 0.006757809 0.0097459 0.01857189 0.007757809 0.009745901 0.01857189 0.007757809 0.008585001 0.01973279 0.007963009 0.007978201 0.01680409 0.006757809 0.0079782 0.01680409 0.008029309 0.007900001 0.01688219 0.006757809 0.0079 0.01688219 0.003657809 0.0114625 0.01586529 0.003657809 0.0113526 0.01559999 0.003657809 0.0128259 0.01549999 0.003657809 0.0111778 0.01537219 0.003657809 0.01105 0.01372409 0.003657809 0.01095 0.01519739 0.003657809 0.0106847 0.01508749 0.003657809 0.0104 0.01504999 0.003657809 0.0101153 0.01508749 0.003657809 0.0086241 0.01437409 0.003657809 0.00985 0.01519739 0.003657809 0.0096222 0.01537219 0.003657809 0.0101153 0.01721249 0.003657809 0.0104 0.01724999 0.003657809 0.00975 0.01857589 0.003657809 0.0106847 0.01721249 0.003657809 0.0121759 0.01792589 0.003657809 0.01095 0.01710259 0.003657809 0.0111778 0.01692779 0.003657809 0.0094474 0.01559999 0.003657809 0.0093375 0.01586529 0.003657809 0.0079741 0.01679999 0.003657809 0.0093 0.01614999 0.003657809 0.0093375 0.01643469 0.003657809 0.0094474 0.01669999 0.003657809 0.0096222 0.01692779 0.003657809 0.00985 0.01710259 0.003657809 0.0113526 0.01669999 0.003657809 0.0114625 0.01643469 0.003657809 0.0115 0.01614999 0.007757809 0.0124 0.01708949 0.007757809 0.0121759 0.01792589 0.003657809 0.0121759 0.01792589 0.007749209 0.0125305 0.01660229 0.007723709 0.0126588 0.01612349 0.003657809 0.0128259 0.01549999 0.007662609 0.0128259 0.01549999 0.007757809 0.0123969 0.01507099 0.003657809 0.0128259 0.01549999 0.007757809 0.011479 0.01415309 0.003657809 0.01105 0.01372409 0.007754909 0.0124759 0.01514999 0.007723709 0.0126588 0.01533289 0.007662609 0.0128259 0.01549999 0.007662609 0.01105 0.01372409 0.007723709 0.0112171 0.01389119 0.007754909 0.0114 0.01407409 0.003657809 0.0086241 0.01437409 0.007757809 0.008624101 0.01437409 0.007757809 0.009460501 0.01414999 0.007662609 0.01105 0.01372409 0.003657809 0.01105 0.01372409 0.007723709 0.0104265 0.01389119 0.007749209 0.009947701 0.01401949 0.007757809 0.008585001 0.01452009 0.007757809 0.008624101 0.01437409 0.003657809 0.0086241 0.01437409 0.003657809 0.0079741 0.01679999 0.007966109 0.007974101 0.01679999 0.007891809 0.008085001 0.01638619 0.007833909 0.008202301 0.01594829 0.007791909 0.008326201 0.01548609 0.007766309 0.008454501 0.01500729 0.007757809 0.009750001 0.01857589 0.007757809 0.009745901 0.01857189 0.006757809 0.0097459 0.01857189 0.007963009 0.007978201 0.01680409 0.007966109 0.007974101 0.01679999 0.006757809 0.0079782 0.01680409 0.003657809 0.0079741 0.01679999 0.003657809 0.00975 0.01857589 0.003657809 0.00975 0.01857589 0.003657809 0.0121759 0.01792589 0.007757809 0.009750001 0.01857589 0.007757809 0.0121759 0.01792589 0.001757809 0.0104 0.02749999 0.001757809 0.0104 0.02579999 0.002361809 0.0104 0.02749999 0.002361809 0.0104 0.02579999 0.007757809 0.0104 0.02414999 0.005107209 0.0104 0.02534599 0.003314409 0.0104 0.02414999 0.004757809 0.0104 0.02529999 0.004408409 0.0104 0.02534599 0.004082809 0.0104 0.02548089 0.003803209 0.0104 0.02569539 0.003453809 0.0104 0.02630059 0.003407809 0.0104 0.02664999 0.003453809 0.0104 0.02699939 0.003588709 0.0104 0.02732499 0.003314409 0.0104 0.02914999 0.003803209 0.0104 0.02760459 0.004082809 0.0104 0.02781909 0.006061809 0.0104 0.02630059 0.005926909 0.0104 0.02597499 0.003588709 0.0104 0.02597499 0.007757809 0.0104 0.02914999 0.005432809 0.0104 0.02781909 0.005712409 0.0104 0.02760459 0.005712409 0.0104 0.02569539 0.005432809 0.0104 0.02548089 0.004408409 0.0104 0.02795399 0.004757809 0.0104 0.02799999 0.005107209 0.0104 0.02795399 0.005926909 0.0104 0.02732499 0.006061809 0.0104 0.02699939 0.006107809 0.0104 0.02664999 0.003314409 0.0079 0.02414999 0.008029309 0.007900001 0.02414999 0.007891809 0.008085001 0.02414999 0.007757809 0.0104 0.02414999 0.003314409 0.0104 0.02414999 0.007757809 0.008585001 0.02414999 0.007791909 0.008326201 0.02414999 0.008029309 0.007900001 0.02914999 0.003314409 0.0079 0.02914999 0.007891809 0.008085001 0.02914999 0.007791909 0.008326201 0.02914999 0.003314409 0.0104 0.02914999 0.007757809 0.0104 0.02914999 0.007757809 0.008585001 0.02914999 0.002361809 0.0104 0.02749999 0.003314409 0.0104 0.02914999 0.002361809 0.0079 0.02749999 0.003314409 0.0079 0.02914999 0.001757809 0.0104 0.02749999 0.002361809 0.0104 0.02749999 0.001757809 0.0086 0.02749999 0.002361809 0.0079 0.02749999 0.001757809 0.0079 0.02749999 0.002361809 0.0104 0.02579999 0.001757809 0.0104 0.02579999 0.002361809 0.0079 0.02579999 0.001757809 0.0086 0.02579999 0.001757809 0.0079 0.02579999 0.003314409 0.0104 0.02414999 0.002361809 0.0104 0.02579999 0.003314409 0.0079 0.02414999 0.002361809 0.0079 0.02579999 0.00175781 -0.0106 0.02579999 0.00175781 -0.0106 0.02749999 0.00236181 -0.0106 0.02579999 0.00236181 -0.0106 0.02749999 0.00775781 -0.0106 0.02914999 0.00510721 -0.0106 0.02795399 0.00331441 -0.0106 0.02914999 0.00475781 -0.0106 0.02799999 0.00440841 -0.0106 0.02795399 0.00408281 -0.0106 0.02781909 0.00380321 -0.0106 0.02760459 0.00345381 -0.0106 0.02699939 0.00340781 -0.0106 0.02664999 0.00345381 -0.0106 0.02630059 0.00358871 -0.0106 0.02597499 0.00331441 -0.0106 0.02414999 0.00380321 -0.0106 0.02569539 0.00408281 -0.0106 0.02548089 0.00358871 -0.0106 0.02732499 0.00592691 -0.0106 0.02597499 0.00775781 -0.0106 0.02414999 0.00571241 -0.0106 0.02569539 0.00543281 -0.0106 0.02548089 0.00592691 -0.0106 0.02732499 0.00571241 -0.0106 0.02760459 0.00543281 -0.0106 0.02781909 0.00440841 -0.0106 0.02534599 0.00475781 -0.0106 0.02529999 0.00510721 -0.0106 0.02534599 0.00606181 -0.0106 0.02630059 0.00610781 -0.0106 0.02664999 0.00606181 -0.0106 0.02699939 0.007891809 -0.008464999 0.02914999 0.003314409 -0.0081 0.02914999 0.008050709 -0.008257889 0.02914999 0.008256009 -0.008099999 0.02914999 0.00775781 -0.0106 0.02914999 0.00331441 -0.0106 0.02914999 0.00775781 -0.008964999 0.02914999 0.007791909 -0.008706179 0.02914999 0.00779191 -0.008706179 0.02414999 0.00789181 -0.008464999 0.02414999 0.00331441 -0.0081 0.02414999 0.00805071 -0.008257889 0.02414999 0.00825601 -0.008099999 0.02414999 0.00331441 -0.0106 0.02414999 0.00775781 -0.0106 0.02414999 0.00775781 -0.008964999 0.02414999 0.00236181 -0.0106 0.02579999 0.00331441 -0.0106 0.02414999 0.00236181 -0.0081 0.02579999 0.00331441 -0.0081 0.02414999 0.00175781 -0.0106 0.02579999 0.00236181 -0.0106 0.02579999 0.00175781 -0.0088 0.02579999 0.00236181 -0.0081 0.02579999 0.00175781 -0.0081 0.02579999 0.00236181 -0.0106 0.02749999 0.00175781 -0.0106 0.02749999 0.00236181 -0.0081 0.02749999 0.00175781 -0.0088 0.02749999 0.00175781 -0.0081 0.02749999 0.00331441 -0.0106 0.02914999 0.00236181 -0.0106 0.02749999 0.003314409 -0.0081 0.02914999 0.00236181 -0.0081 0.02749999 0.004007809 0.0134 0.02314999 0.004007809 0.0099 0.02164999 0.004007809 0.0134 0.02364999 0.004007809 0.0099 0.02214999 0.005507809 0.0099 0.02164999 0.005507809 0.0134 0.02314999 0.005507809 0.0099 0.02214999 0.005507809 0.0134 0.02364999 0.004007809 0.0099 0.02164999 0.004007809 0.0134 0.02314999 0.005507809 0.0099 0.02164999 0.005507809 0.0134 0.02314999 0.004007809 0.0099 0.01964999 0.004007809 0.0099 0.02014999 0.004007809 0.0134 0.01874999 0.004007809 0.0134 0.01924999 0.005507809 0.0099 0.02014999 0.005507809 0.0099 0.01964999 0.005507809 0.0134 0.01924999 0.005507809 0.0134 0.01874999 0.004007809 0.0134 0.01924999 0.004007809 0.0099 0.02014999 0.005507809 0.0134 0.01924999 0.005507809 0.0099 0.02014999 0.00400781 -0.0136 0.03014999 0.004007809 -0.0101 0.03164999 0.00400781 -0.0136 0.02964999 0.004007809 -0.0101 0.03114999 0.005507809 -0.0101 0.03164999 0.00550781 -0.0136 0.03014999 0.005507809 -0.0101 0.03114999 0.00550781 -0.0136 0.02964999 0.004007809 -0.0101 0.03164999 0.00400781 -0.0136 0.03014999 0.005507809 -0.0101 0.03164999 0.00550781 -0.0136 0.03014999 0.004007809 -0.0101 0.03364999 0.004007809 -0.0101 0.03314999 0.004007809 -0.0136 0.03454999 0.004007809 -0.0136 0.03404999 0.005507809 -0.0101 0.03314999 0.005507809 -0.0101 0.03364999 0.005507809 -0.0136 0.03404999 0.005507809 -0.0136 0.03454999 0.004007809 -0.0136 0.03404999 0.004007809 -0.0101 0.03314999 0.005507809 -0.0136 0.03404999 0.005507809 -0.0101 0.03314999 0.004007808 0.0099 0.03164999 0.004007808 0.0134 0.03014999 0.004007809 0.0099 0.03114999 0.004007808 0.0134 0.02964999 0.005507808 0.0134 0.03014999 0.005507808 0.0099 0.03164999 0.005507808 0.0134 0.02964999 0.005507809 0.0099 0.03114999 0.004007808 0.0134 0.03014999 0.004007808 0.0099 0.03164999 0.005507808 0.0134 0.03014999 0.005507808 0.0099 0.03164999 0.004007808 0.0099 0.03314999 0.004007808 0.0099 0.03364999 0.004007808 0.0134 0.03404999 0.004007808 0.0134 0.03454999 0.005507808 0.0099 0.03364999 0.005507808 0.0099 0.03314999 0.005507808 0.0134 0.03454999 0.005507808 0.0134 0.03404999 0.004007808 0.0099 0.03314999 0.004007808 0.0134 0.03404999 0.005507808 0.0099 0.03314999 0.005507808 0.0134 0.03404999 0.006757808 0.0097459 0.03472819 0.006757808 0.0079782 0.03649589 0.006757809 0.0079 0.03288219 0.006757808 0.0079 0.03641779 0.006757809 -0.00817816 0.03649589 0.006757809 -0.00994593 0.03472819 0.006757809 -0.0081 0.03641779 0.006757809 -0.0081 0.03288219 0.003657808 0.0104 0.03604999 0.001757808 0.0104 0.03604999 0.003657808 0.0101153 0.03608749 0.001757808 0.0101153 0.03608749 0.003657808 0.00985 0.03619739 0.001757808 0.00985 0.03619739 0.003657808 0.0096222 0.03637219 0.001757808 0.0096222 0.03637219 0.003657808 0.0094474 0.03659999 0.001757808 0.0094474 0.03659999 0.003657808 0.0093375 0.03686529 0.001757808 0.0093375 0.03686529 0.003657808 0.0093 0.03714999 0.001757808 0.0093 0.03714999 0.003657808 0.0093375 0.03743469 0.001757808 0.0093375 0.03743469 0.003657808 0.0094474 0.03769999 0.001757808 0.0094474 0.03769999 0.003657808 0.0096222 0.03792779 0.001757808 0.0096222 0.03792779 0.003657808 0.00985 0.03810259 0.001757808 0.00985 0.03810259 0.003657808 0.0101153 0.03821249 0.001757808 0.0101153 0.03821249 0.003657808 0.0104 0.03824999 0.001757808 0.0104 0.03824999 0.003657808 0.0106847 0.03821249 0.001757808 0.0106847 0.03821249 0.003657808 0.01095 0.03810259 0.001757808 0.01095 0.03810259 0.003657808 0.0111778 0.03792779 0.001757808 0.0111778 0.03792779 0.003657808 0.0113526 0.03769999 0.001757808 0.0113526 0.03769999 0.003657808 0.0114625 0.03743469 0.001757808 0.0114625 0.03743469 0.003657808 0.0115 0.03714999 0.001757808 0.0115 0.03714999 0.003657808 0.0114625 0.03686529 0.001757808 0.0114625 0.03686529 0.003657808 0.0113526 0.03659999 0.001757808 0.0113526 0.03659999 0.003657808 0.0111778 0.03637219 0.001757808 0.0111778 0.03637219 0.003657808 0.01095 0.03619739 0.001757808 0.01095 0.03619739 0.003657808 0.0106847 0.03608749 0.001757808 0.0106847 0.03608749 0.00365781 -0.0106 0.01504999 0.00175781 -0.0106 0.01504999 0.00365781 -0.0108847 0.01508749 0.00175781 -0.0108847 0.01508749 0.00365781 -0.01115 0.01519739 0.00175781 -0.01115 0.01519739 0.00365781 -0.01137782 0.01537219 0.00175781 -0.01137782 0.01537219 0.00365781 -0.01155263 0.01559999 0.00175781 -0.01155263 0.01559999 0.00365781 -0.01166252 0.01586529 0.00175781 -0.01166252 0.01586529 0.00365781 -0.0117 0.01614999 0.00175781 -0.0117 0.01614999 0.00365781 -0.01166252 0.01643469 0.00175781 -0.01166252 0.01643469 0.00365781 -0.01155263 0.01669999 0.00175781 -0.01155263 0.01669999 0.00365781 -0.01137782 0.01692779 0.00175781 -0.01137782 0.01692779 0.00365781 -0.01115 0.01710259 0.00175781 -0.01115 0.01710259 0.00365781 -0.0108847 0.01721249 0.00175781 -0.0108847 0.01721249 0.00365781 -0.0106 0.01724999 0.00175781 -0.0106 0.01724999 0.00365781 -0.0103153 0.01721249 0.00175781 -0.0103153 0.01721249 0.00365781 -0.01005 0.01710259 0.00175781 -0.01005 0.01710259 0.00365781 -0.00982218 0.01692779 0.00175781 -0.00982218 0.01692779 0.00365781 -0.00964737 0.01669999 0.00175781 -0.00964737 0.01669999 0.00365781 -0.00953748 0.01643469 0.00175781 -0.00953748 0.01643469 0.00365781 -0.0095 0.01614999 0.00175781 -0.0095 0.01614999 0.00365781 -0.00953748 0.01586529 0.00175781 -0.00953748 0.01586529 0.00365781 -0.00964737 0.01559999 0.00175781 -0.00964737 0.01559999 0.00365781 -0.00982218 0.01537219 0.00175781 -0.00982218 0.01537219 0.00365781 -0.01005 0.01519739 0.00175781 -0.01005 0.01519739 0.00365781 -0.0103153 0.01508749 0.00175781 -0.0103153 0.01508749 0.003657809 -0.0106 0.03604999 0.001757809 -0.0106 0.03604999 0.003657809 -0.0108847 0.03608749 0.001757809 -0.0108847 0.03608749 0.003657809 -0.01115 0.03619739 0.001757809 -0.01115 0.03619739 0.003657809 -0.01137782 0.03637219 0.001757809 -0.01137782 0.03637219 0.003657809 -0.01155263 0.03659999 0.001757809 -0.01155263 0.03659999 0.003657809 -0.01166252 0.03686529 0.001757809 -0.01166252 0.03686529 0.003657809 -0.0117 0.03714999 0.001757809 -0.0117 0.03714999 0.003657809 -0.01166252 0.03743469 0.001757809 -0.01166252 0.03743469 0.003657809 -0.01155263 0.03769999 0.001757809 -0.01155263 0.03769999 0.003657809 -0.01137782 0.03792779 0.001757809 -0.01137782 0.03792779 0.003657809 -0.01115 0.03810259 0.001757809 -0.01115 0.03810259 0.003657809 -0.0108847 0.03821249 0.001757809 -0.0108847 0.03821249 0.003657809 -0.0106 0.03824999 0.001757809 -0.0106 0.03824999 0.003657809 -0.0103153 0.03821249 0.001757809 -0.0103153 0.03821249 0.003657809 -0.01005 0.03810259 0.001757809 -0.01005 0.03810259 0.003657809 -0.00982218 0.03792779 0.001757809 -0.00982218 0.03792779 0.003657809 -0.00964737 0.03769999 0.001757809 -0.00964737 0.03769999 0.003657809 -0.00953748 0.03743469 0.001757809 -0.00953748 0.03743469 0.003657809 -0.0095 0.03714999 0.001757809 -0.0095 0.03714999 0.003657809 -0.00953748 0.03686529 0.001757809 -0.00953748 0.03686529 0.003657809 -0.00964737 0.03659999 0.001757809 -0.00964737 0.03659999 0.003657809 -0.00982218 0.03637219 0.001757809 -0.00982218 0.03637219 0.003657809 -0.01005 0.03619739 0.001757809 -0.01005 0.03619739 0.003657809 -0.0103153 0.03608749 0.001757809 -0.0103153 0.03608749 0.003657809 0.0104 0.01504999 0.001757809 0.0104 0.01504999 0.003657809 0.0101153 0.01508749 0.001757809 0.0101153 0.01508749 0.003657809 0.00985 0.01519739 0.001757809 0.00985 0.01519739 0.003657809 0.0096222 0.01537219 0.001757809 0.0096222 0.01537219 0.003657809 0.0094474 0.01559999 0.001757809 0.0094474 0.01559999 0.003657809 0.0093375 0.01586529 0.001757809 0.0093375 0.01586529 0.003657809 0.0093 0.01614999 0.001757809 0.0093 0.01614999 0.003657809 0.0093375 0.01643469 0.001757809 0.0093375 0.01643469 0.003657809 0.0094474 0.01669999 0.001757809 0.0094474 0.01669999 0.003657809 0.0096222 0.01692779 0.001757809 0.0096222 0.01692779 0.003657809 0.00985 0.01710259 0.001757809 0.00985 0.01710259 0.003657809 0.0101153 0.01721249 0.001757809 0.0101153 0.01721249 0.003657809 0.0104 0.01724999 0.001757809 0.0104 0.01724999 0.003657809 0.0106847 0.01721249 0.001757809 0.0106847 0.01721249 0.003657809 0.01095 0.01710259 0.001757809 0.01095 0.01710259 0.003657809 0.0111778 0.01692779 0.001757809 0.0111778 0.01692779 0.003657809 0.0113526 0.01669999 0.001757809 0.0113526 0.01669999 0.003657809 0.0114625 0.01643469 0.001757809 0.0114625 0.01643469 0.003657809 0.0115 0.01614999 0.001757809 0.0115 0.01614999 0.003657809 0.0114625 0.01586529 0.001757809 0.0114625 0.01586529 0.003657809 0.0113526 0.01559999 0.001757809 0.0113526 0.01559999 0.003657809 0.0111778 0.01537219 0.001757809 0.0111778 0.01537219 0.003657809 0.01095 0.01519739 0.001757809 0.01095 0.01519739 0.003657809 0.0106847 0.01508749 0.001757809 0.0106847 0.01508749 0.005507809 0.0099 0.02164999 0.005507809 0.0099 0.02214999 0.007757809 0.009900001 0.02214999 0.001757809 0.0099 0.02214999 0.004007809 0.0099 0.02214999 0.001757809 0.0099 0.02152499 0.004007809 0.0099 0.02164999 0.001757809 0.0099 0.01964999 0.007757809 0.009900001 0.01964999 0.005507809 0.0099 0.01964999 0.005507809 0.0099 0.02014999 0.004007809 0.0099 0.01964999 0.004007809 0.0099 0.02014999 0.001757809 0.0134 0.02364999 0.004007809 0.0134 0.02364999 0.001757809 0.01095 0.02259999 0.004007809 0.0099 0.02214999 0.001757809 0.0099 0.02214999 0.001757809 0.0099 0.01964999 0.004007809 0.0099 0.01964999 0.001757809 0.01095 0.01937999 0.004007809 0.0134 0.01874999 0.001757809 0.0134 0.01874999 0.005507809 -0.0101 0.03164999 0.005507809 -0.0101 0.03114999 0.007757809 -0.0101 0.03114999 0.001757809 -0.0101 0.03114999 0.004007809 -0.0101 0.03114999 0.001757809 -0.0101 0.03177499 0.004007809 -0.0101 0.03164999 0.001757809 -0.0101 0.03364999 0.007757809 -0.0101 0.03364999 0.005507809 -0.0101 0.03364999 0.005507809 -0.0101 0.03314999 0.004007809 -0.0101 0.03364999 0.004007809 -0.0101 0.03314999 0.00175781 -0.0136 0.02964999 0.00400781 -0.0136 0.02964999 0.00175781 -0.01115 0.03069999 0.004007809 -0.0101 0.03114999 0.001757809 -0.0101 0.03114999 0.001757809 -0.0101 0.03364999 0.004007809 -0.0101 0.03364999 0.001757809 -0.01115 0.03391999 0.004007809 -0.0136 0.03454999 0.001757809 -0.0136 0.03454999 0.007757809 0.009900001 0.03114999 0.005507809 0.0099 0.03114999 0.007757808 0.009900001 0.03364999 0.005507808 0.0099 0.03164999 0.001757808 0.0099 0.03364999 0.004007808 0.0099 0.03364999 0.001757808 0.0099 0.03177499 0.004007808 0.0099 0.03314999 0.001757809 0.0099 0.03114999 0.004007809 0.0099 0.03114999 0.004007808 0.0099 0.03164999 0.005507808 0.0099 0.03314999 0.005507808 0.0099 0.03364999 0.001757809 0.0099 0.03114999 0.004007809 0.0099 0.03114999 0.001757809 0.01095 0.03069999 0.004007808 0.0134 0.02964999 0.001757808 0.0134 0.02964999 0.001757808 0.0134 0.03454999 0.004007808 0.0134 0.03454999 0.001757808 0.01095 0.03391999 0.004007808 0.0099 0.03364999 0.001757808 0.0099 0.03364999 0.00775781 -0.0101 0.02214999 0.00550781 -0.0101 0.02214999 0.00775781 -0.0101 0.01964999 0.00550781 -0.0101 0.02164999 0.00175781 -0.0101 0.01964999 0.00400781 -0.0101 0.01964999 0.00175781 -0.0101 0.02152499 0.00400781 -0.0101 0.02014999 0.00175781 -0.0101 0.02214999 0.00400781 -0.0101 0.02214999 0.00400781 -0.0101 0.02164999 0.00550781 -0.0101 0.02014999 0.00550781 -0.0101 0.01964999 0.00175781 -0.0101 0.02214999 0.00400781 -0.0101 0.02214999 0.00175781 -0.01115 0.02259999 0.00400781 -0.0136 0.02364999 0.00175781 -0.0136 0.02364999 0.00175781 -0.0136 0.01874999 0.00400781 -0.0136 0.01874999 0.00175781 -0.01115 0.01937999 0.00400781 -0.0101 0.01964999 0.00175781 -0.0101 0.01964999 0.00400781 -0.0136 0.02364999 0.00571241 -0.0136 0.02569539 0.00543281 -0.0136 0.02548089 0.00550781 -0.0136 0.03014999 0.00400781 -0.0136 0.03014999 0.00550781 -0.0136 0.02964999 0.00400781 -0.0136 0.02964999 0.00175781 -0.0136 0.02964999 0.00175781 -0.0136 0.02799999 0.00475781 -0.0136 0.02799999 0.00510721 -0.0136 0.02795399 0.00543281 -0.0136 0.02781909 0.00571241 -0.0136 0.02760459 0.00775781 -0.0136 0.02964999 0.00175781 -0.0136 0.02529999 0.00175781 -0.0136 0.02364999 0.00475781 -0.0136 0.02529999 0.00510721 -0.0136 0.02534599 0.00592691 -0.0136 0.02732499 0.00606181 -0.0136 0.02699939 0.00775781 -0.0136 0.02364999 0.00610781 -0.0136 0.02664999 0.00606181 -0.0136 0.02630059 0.00592691 -0.0136 0.02597499 0.00550781 -0.0136 0.02364999 0.00550781 -0.0136 0.02314999 0.00400781 -0.0136 0.02314999 0.007757808 0.0134 0.02964999 0.007757809 0.0134 0.02364999 0.005507809 0.0134 0.02364999 0.004007809 0.0134 0.02364999 0.005107209 0.0134 0.02534599 0.005432809 0.0134 0.02548089 0.001757809 0.0134 0.02364999 0.001757809 0.0134 0.02529999 0.004757809 0.0134 0.02529999 0.006061809 0.0134 0.02699939 0.005507808 0.0134 0.02964999 0.001757809 0.0134 0.02799999 0.001757808 0.0134 0.02964999 0.004757809 0.0134 0.02799999 0.004007808 0.0134 0.02964999 0.005107209 0.0134 0.02795399 0.004007808 0.0134 0.03014999 0.005507808 0.0134 0.03014999 0.005926909 0.0134 0.02732499 0.005712409 0.0134 0.02760459 0.005432809 0.0134 0.02781909 0.005712409 0.0134 0.02569539 0.004007809 0.0134 0.02314999 0.005507809 0.0134 0.02314999 0.005926909 0.0134 0.02597499 0.006061809 0.0134 0.02630059 0.006107809 0.0134 0.02664999 0.004757809 0.0114 0.02799999 0.004757809 0.0134 0.02799999 0.005107209 0.0134 0.02795399 0.005107209 0.0134 0.02534599 0.005107209 0.0104 0.02534599 0.005432809 0.0134 0.02548089 0.005432809 0.0104 0.02548089 0.005712409 0.0134 0.02569539 0.005712409 0.0104 0.02569539 0.005926909 0.0134 0.02597499 0.005926909 0.0104 0.02597499 0.006061809 0.0134 0.02630059 0.006061809 0.0104 0.02630059 0.006107809 0.0134 0.02664999 0.006107809 0.0104 0.02664999 0.006061809 0.0134 0.02699939 0.006061809 0.0104 0.02699939 0.005926909 0.0134 0.02732499 0.005926909 0.0104 0.02732499 0.005712409 0.0134 0.02760459 0.005712409 0.0104 0.02760459 0.005432809 0.0134 0.02781909 0.005432809 0.0104 0.02781909 0.005107209 0.0104 0.02795399 0.004757809 0.0104 0.02799999 0.004408409 0.0114 0.02795399 0.004408409 0.0104 0.02795399 0.004082809 0.0114 0.02781909 0.004082809 0.0104 0.02781909 0.003803209 0.0114 0.02760459 0.003803209 0.0104 0.02760459 0.003588709 0.0114 0.02732499 0.003588709 0.0104 0.02732499 0.003453809 0.0114 0.02699939 0.003453809 0.0104 0.02699939 0.003407809 0.0114 0.02664999 0.003407809 0.0104 0.02664999 0.003453809 0.0114 0.02630059 0.003453809 0.0104 0.02630059 0.003588709 0.0114 0.02597499 0.003588709 0.0104 0.02597499 0.003803209 0.0114 0.02569539 0.003803209 0.0104 0.02569539 0.004082809 0.0114 0.02548089 0.004082809 0.0104 0.02548089 0.004408409 0.0114 0.02534599 0.004408409 0.0104 0.02534599 0.004757809 0.0114 0.02529999 0.004757809 0.0134 0.02529999 0.004757809 0.0104 0.02529999 0.00475781 -0.0116 0.02529999 0.00475781 -0.0136 0.02529999 0.00510721 -0.0136 0.02534599 0.00510721 -0.0136 0.02795399 0.00510721 -0.0106 0.02795399 0.00543281 -0.0136 0.02781909 0.00543281 -0.0106 0.02781909 0.00571241 -0.0136 0.02760459 0.00571241 -0.0106 0.02760459 0.00592691 -0.0136 0.02732499 0.00592691 -0.0106 0.02732499 0.00606181 -0.0136 0.02699939 0.00606181 -0.0106 0.02699939 0.00610781 -0.0136 0.02664999 0.00610781 -0.0106 0.02664999 0.00606181 -0.0136 0.02630059 0.00606181 -0.0106 0.02630059 0.00592691 -0.0136 0.02597499 0.00592691 -0.0106 0.02597499 0.00571241 -0.0136 0.02569539 0.00571241 -0.0106 0.02569539 0.00543281 -0.0136 0.02548089 0.00543281 -0.0106 0.02548089 0.00510721 -0.0106 0.02534599 0.00475781 -0.0106 0.02529999 0.00440841 -0.0116 0.02534599 0.00440841 -0.0106 0.02534599 0.00408281 -0.0116 0.02548089 0.00408281 -0.0106 0.02548089 0.00380321 -0.0116 0.02569539 0.00380321 -0.0106 0.02569539 0.00358871 -0.0116 0.02597499 0.00358871 -0.0106 0.02597499 0.00345381 -0.0116 0.02630059 0.00345381 -0.0106 0.02630059 0.00340781 -0.0116 0.02664999 0.00340781 -0.0106 0.02664999 0.00345381 -0.0116 0.02699939 0.00345381 -0.0106 0.02699939 0.00358871 -0.0116 0.02732499 0.00358871 -0.0106 0.02732499 0.00380321 -0.0116 0.02760459 0.00380321 -0.0106 0.02760459 0.00408281 -0.0116 0.02781909 0.00408281 -0.0106 0.02781909 0.00440841 -0.0116 0.02795399 0.00440841 -0.0106 0.02795399 0.00475781 -0.0116 0.02799999 0.00475781 -0.0136 0.02799999 0.00475781 -0.0106 0.02799999 0.00400781 -0.0101 0.02014999 0.00400781 -0.0136 0.01924999 0.00550781 -0.0101 0.02014999 0.00550781 -0.0136 0.01924999 0.00400781 -0.0101 0.02014999 0.00400781 -0.0101 0.01964999 0.00400781 -0.0136 0.01924999 0.00400781 -0.0136 0.01874999 0.00550781 -0.0101 0.01964999 0.00550781 -0.0101 0.02014999 0.00550781 -0.0136 0.01874999 0.00550781 -0.0136 0.01924999 0.00400781 -0.0136 0.02314999 0.00400781 -0.0101 0.02164999 0.00550781 -0.0136 0.02314999 0.00550781 -0.0101 0.02164999 0.00400781 -0.0101 0.02164999 0.00400781 -0.0136 0.02314999 0.00400781 -0.0101 0.02214999 0.00400781 -0.0136 0.02364999 0.005507809 -0.0101 0.03364999 0.007757809 -0.0101 0.03364999 0.005507809 -0.0136 0.03454999 0.007757809 -0.0136 0.03454999 0.00550781 -0.0136 0.02964999 0.00775781 -0.0136 0.02964999 0.005507809 -0.0101 0.03114999 0.007757809 -0.0101 0.03114999 0.007757809 0.009900001 0.01964999 0.007757809 0.0124 0.01900719 0.005507809 0.0099 0.01964999 0.007723709 0.0126588 0.01894059 0.007623809 0.0129 0.01887859 0.007464909 0.0131071 0.01882529 0.007366609 0.0131934 0.01880319 0.007257809 0.013266 0.01878449 0.007140509 0.0133239 0.01876959 0.007016609 0.0133659 0.01875879 0.006888309 0.0133914 0.01875219 0.006757809 0.0134 0.01874999 0.005507809 0.0134 0.01874999 0.005507809 0.0134 0.02364999 0.007757809 0.0134 0.02364999 0.005507809 0.0099 0.02214999 0.007757809 0.009900001 0.02214999 0.00775781 -0.0101 0.01964999 0.00550781 -0.0101 0.01964999 0.00775781 -0.0126 0.01900719 0.00550781 -0.0136 0.01874999 0.00675781 -0.0136 0.01874999 0.00753961 -0.01322349 0.01884679 0.00765881 -0.01303388 0.01889559 0.00773271 -0.01282252 0.01894989 0.00698031 -0.01357493 0.01875649 0.00719171 -0.01350097 0.01877549 0.00738131 -0.01338183 0.01880609 0.00775781 -0.0101 0.02214999 0.00775781 -0.0136 0.02364999 0.00550781 -0.0101 0.02214999 0.00550781 -0.0136 0.02364999 0.007757808 0.0134 0.03454999 0.007757808 0.009900001 0.03364999 0.005507808 0.0134 0.03454999 0.005507808 0.0099 0.03364999 0.007757809 0.009900001 0.03114999 0.007757808 0.0134 0.02964999 0.005507809 0.0099 0.03114999 0.005507808 0.0134 0.02964999 0.00440841 -0.0116 0.02795399 0.00475781 -0.0116 0.02799999 0.00175781 -0.0116 0.02799999 0.00475781 -0.0116 0.02529999 0.00440841 -0.0116 0.02534599 0.00175781 -0.0116 0.02529999 0.00408281 -0.0116 0.02548089 0.00380321 -0.0116 0.02569539 0.00345381 -0.0116 0.02699939 0.00358871 -0.0116 0.02732499 0.00358871 -0.0116 0.02597499 0.00345381 -0.0116 0.02630059 0.00340781 -0.0116 0.02664999 0.00380321 -0.0116 0.02760459 0.00408281 -0.0116 0.02781909 0.00175781 -0.0116 0.02799999 0.00175781 -0.0136 0.02799999 0.00175781 -0.0116 0.02529999 0.00175781 -0.0136 0.02529999 0.004408409 0.0114 0.02534599 0.004757809 0.0114 0.02529999 0.001757809 0.0114 0.02529999 0.004757809 0.0114 0.02799999 0.004408409 0.0114 0.02795399 0.001757809 0.0114 0.02799999 0.004082809 0.0114 0.02781909 0.003803209 0.0114 0.02760459 0.003453809 0.0114 0.02630059 0.003588709 0.0114 0.02597499 0.003588709 0.0114 0.02732499 0.003453809 0.0114 0.02699939 0.003407809 0.0114 0.02664999 0.003803209 0.0114 0.02569539 0.004082809 0.0114 0.02548089 0.001757809 0.0114 0.02799999 0.001757809 0.0134 0.02799999 0.001757809 0.0114 0.02529999 0.001757809 0.0134 0.02529999 0.00675781 -0.0136 0.01874999 0.00550781 -0.0136 0.01874999 0.00175781 -0.0136 0.01874999 0.00400781 -0.0136 0.01874999 0.00400781 -0.0136 0.01924999 0.00550781 -0.0136 0.01924999 0.004007808 0.0134 0.03454999 0.001757808 0.0134 0.03454999 0.007757808 0.0134 0.03454999 0.005507808 0.0134 0.03454999 0.005507808 0.0134 0.03404999 0.004007808 0.0134 0.03404999 0.001757809 -0.01136272 0.04014999 0.007757809 -0.01136272 0.04014999 0.007757808 0.0109827 0.04014999 0.001757808 0.0109827 0.04014999 0.00775781 -0.009660549 0.01414999 0.00775781 -0.008964999 0.01414999 0.00775781 -0.008964999 0.01433639 0.00775781 -0.01182252 0.01417509 0.00775781 -0.01167904 0.01415309 0.00775781 -0.01257493 0.01492749 0.00775781 -0.01259687 0.01507099 0.00775781 -0.01250097 0.01471609 0.00775781 -0.01238183 0.01452649 0.00775781 -0.01222349 0.01436819 0.00775781 -0.01203388 0.01424899 0.00775781 -0.0101 0.01964999 0.00775781 -0.008964999 0.01955279 0.00775781 -0.0101 0.02214999 0.00775781 -0.008964999 0.02414999 0.00775781 -0.0106 0.02414999 0.007757809 -0.008964999 0.03374729 0.007757809 -0.0101 0.03364999 0.00775781 -0.008964999 0.02914999 0.007757809 -0.0101 0.03114999 0.00775781 -0.0106 0.02914999 0.00775781 -0.0136 0.02964999 0.00775781 -0.0136 0.02364999 0.00775781 -0.009945929 0.01857189 0.00775781 -0.009949979 0.01857589 0.00775781 -0.01237588 0.01792589 0.00775781 -0.0126 0.01900719 0.00775781 -0.0126 0.01708949 0.007757809 -0.009945929 0.03472819 0.007757809 -0.009949979 0.03472409 0.007757809 -0.0136 0.03454999 0.007757809 -0.01237588 0.03537409 0.007757809 -0.0136 0.03814999 0.007757809 -0.0130259 0.03779999 0.007757809 -0.009443539 0.04158719 0.007757809 -0.009649739 0.04111769 0.007757809 -0.009489229 0.04143139 0.007757809 -0.009528219 0.04120319 0.007757809 -0.009968549 0.04071599 0.007757809 -0.01037901 0.04040869 0.007757809 -0.008964999 0.03896359 0.007757809 -0.01085415 0.04021579 0.007757809 -0.01125002 0.03957589 0.007757809 -0.0126 0.03988209 0.007757809 -0.01301421 0.03956419 0.007757809 -0.009446449 0.04075069 0.007757809 -0.009513699 0.04097219 0.007757809 -0.01136272 0.04014999 0.007757809 -0.0116 0.04014999 0.007757809 -0.01211764 0.04008189 0.007757809 -0.01333205 0.03914999 0.007757809 -0.01353185 0.03866769 0.007757809 -0.008964999 0.04024979 0.007757809 -0.008977179 0.04025579 0.007757809 -0.009170809 0.04038259 0.007757809 -0.009330079 0.04055059 0.007757809 0.0123749 0.01492749 0.007757809 0.0123969 0.01507099 0.007757809 0.0116225 0.01417509 0.007757809 0.011479 0.01415309 0.007757809 0.0120235 0.01436819 0.007757809 0.0121818 0.01452649 0.007757809 0.012301 0.01471609 0.007757809 0.0118339 0.01424899 0.007757808 0.009750001 0.03472409 0.007757808 0.009745901 0.03472819 0.007757808 0.008585001 0.03356719 0.007757808 0.008585001 0.04024979 0.007757808 0.008585001 0.03877989 0.007757808 0.008624101 0.03892589 0.007757809 0.008585001 0.01973279 0.007757809 0.009900001 0.01964999 0.007757809 0.008585001 0.02414999 0.007757809 0.009900001 0.02214999 0.007757809 0.0104 0.02414999 0.007757809 0.0134 0.02364999 0.007757809 0.0104 0.02914999 0.007757808 0.0134 0.02964999 0.007757809 0.009900001 0.03114999 0.007757809 0.008585001 0.02914999 0.007757808 0.009900001 0.03364999 0.007757809 0.009745901 0.01857189 0.007757809 0.009750001 0.01857589 0.007757809 0.0124 0.01900719 0.007757809 0.0121759 0.01792589 0.007757809 0.0124 0.01708949 0.007757808 0.008597201 0.04025579 0.007757808 0.013132 0.03914999 0.007757808 0.0128142 0.03956419 0.007757808 0.01105 0.03957589 0.007757808 0.0124 0.03988209 0.007757808 0.0119176 0.04008189 0.007757808 0.009999001 0.04040869 0.007757808 0.009588501 0.04071599 0.007757808 0.0121759 0.03537409 0.007757808 0.0134 0.03454999 0.007757808 0.0128259 0.03779999 0.007757808 0.0134 0.03814999 0.007757808 0.0133319 0.03866769 0.007757808 0.0114 0.04014999 0.007757808 0.0109827 0.04014999 0.007757808 0.0104741 0.04021579 0.007757808 0.009269701 0.04111769 0.007757808 0.009063501 0.04158719 0.007757808 0.009109201 0.04143139 0.007757808 0.009148201 0.04120319 0.007757808 0.009133701 0.04097219 0.007757808 0.009066501 0.04075069 0.007757808 0.008950101 0.04055059 0.007757808 0.008790801 0.04038259 -0.000242203 0.0005719001 0.06699049 -0.0002422029 -0.0009518999 0.06699049 -0.0002276529 -0.0009518999 0.06710269 -0.000227653 0.0005719001 0.06710269 -0.0001849729 -0.0009518999 0.06720749 -0.000184973 0.0005719001 0.06720749 -0.0001169929 -0.0009518999 0.06729789 -0.000116993 0.0005719001 0.06729789 -2.819293e-05 -0.0009518999 0.06736799 -2.8193e-05 0.0005719001 0.06736799 7.560707e-05 -0.0009518998 0.06741319 7.5607e-05 0.0005719002 0.06741319 0.0001874071 -0.0009518998 0.06743029 0.000187407 0.0005719002 0.06743029 0.0002999071 -0.0009518998 0.06741849 0.000299907 0.0005719002 0.06741849 0.0004057071 -0.0009518998 0.06737829 0.000405707 0.0005719002 0.06737829 0.0004977071 -0.0009518998 0.06731239 0.000497707 0.0005719002 0.06731239 0.0005699071 -0.0009518998 0.06722529 0.000569907 0.0005719002 0.06722529 0.004205608 -0.00466628 0.05787789 0.004205607 0.0042863 0.05787789 0.0007578081 -0.00606913 0.05309419 0.0007578075 0.0056891 0.05309419 0.0005498081 -0.00613097 0.05280559 0.0005498075 0.005751 0.05280559 0.004205608 -0.00466628 0.05787789 0.002842308 -0.00377622 0.06091309 0.004205607 0.0042863 0.05787789 0.002842307 0.0033962 0.06091309 0.0005498073 0.0041573 0.05823999 0.0005498077 -0.00453733 0.05823999 0.0007578077 -0.00446248 0.05857289 0.0007578073 0.0040825 0.05857289 0.002575808 -0.00360909 0.06148299 0.002575807 0.0032291 0.06148299 0.005636608 -0.00567305 0.05444479 0.004449208 -0.004832 0.05731279 0.005636607 0.005293 0.05444479 0.004449207 0.004452 0.05731279 0.01018451 0.009133701 0.04097219 0.01018311 0.009107201 0.04097699 0.01012021 0.009147901 0.04120329 0.01011931 -0.009528059 0.04120629 0.01011931 0.009148101 0.04120629 0.01024571 0.009066501 0.04075069 0.01030061 0.008950101 0.04055059 0.01035531 0.008549901 0.04035039 0.01034651 0.008790801 0.04038259 0.01038101 0.008597201 0.04025579 0.01068201 0.007585001 0.03912569 0.01068201 -0.007964999 0.03912569 0.01040961 0.007585001 0.04014999 0.01040961 -0.007964999 0.04014999 0.01040241 0.008379601 0.04017679 0.01040961 0.008149601 0.04014999 0.01012021 -0.009527869 0.04120329 0.01030061 -0.009330079 0.04055059 0.01024571 -0.009446449 0.04075069 0.01026601 -0.009028759 0.04067689 0.01018451 -0.009513699 0.04097219 0.01040241 -0.008759569 0.04017679 0.01038101 -0.008977179 0.04025579 0.01034651 -0.009170809 0.04038259 0.01040961 -0.008529639 0.04014999 0.01011491 -0.009527869 0.04120329 0.009776009 -0.009513699 0.04097219 0.009451109 -0.009446449 0.04075069 0.01011931 0.009148101 0.04120629 0.01011931 -0.009528059 0.04120629 0.01011491 0.009147901 0.04120329 0.009257809 -0.009376939 0.04061889 0.009257808 0.008996901 0.04061889 0.009451108 0.009066501 0.04075069 0.009776008 0.009133701 0.04097219 0.009866509 -0.009293479 0.04209889 0.009219709 -0.008654229 0.04427879 0.009866508 0.008913501 0.04209889 0.009219708 0.008274201 0.04427879 0.008939809 -0.008389629 0.04518109 0.008193308 -0.007715129 0.04748119 0.008939808 0.008009601 0.04518109 0.008193308 0.007335101 0.04748119 0.008008208 -0.007554269 0.04802969 0.007099308 -0.00679661 0.05061339 0.008008208 0.007174301 0.04802969 0.007099308 0.0064166 0.05061339 0.002842307 0.0033962 0.06091309 0.002842308 -0.00377622 0.06091309 0.0007578074 0.0043747 0.05757639 0.0007578078 -0.00475472 0.05757639 0.0005498074 0.0044496 0.05724339 0.0005498078 -0.00482957 0.05724339 0.0005498079 0.0082024 0.04444599 0.0005498087 -0.00858241 0.04444599 0.0007578086 -0.0085406 0.04466629 0.0007578079 0.0081606 0.04466629 0.006896308 -0.00663412 0.05116749 0.006896308 0.0062541 0.05116749 0.0005498087 -0.00880794 0.04367689 0.0005498079 0.0084279 0.04367689 0.0007578079 0.0083861 0.04389719 0.0007578087 -0.00876613 0.04389719 0.007099308 0.0064166 0.05061339 0.007099308 -0.00679661 0.05061339 0.009745708 -0.006292349 0.04914689 0.009893808 -0.006409189 0.04874479 0.008968308 0.005356401 0.05106029 0.01151381 -0.007686999 0.04434699 0.01166771 -0.007823959 0.04387559 0.01082721 0.006741101 0.04629459 0.01246021 0.006585001 0.04144689 0.01246021 0.008149601 0.04144689 0.01164471 0.007446201 0.04386779 0.01246021 -0.008529639 0.04144689 0.01246021 -0.006964999 0.04144689 0.009874508 0.006031401 0.04873709 0.007894708 -0.005020069 0.05352569 0.007874608 0.004642701 0.05351649 0.006887607 0.0039986 0.05573329 0.0005716071 -0.0009976998 0.06722259 0.0005763071 -0.0010425 0.06721519 0.003118707 -0.0022746 0.06297469 0.002079907 0.0013758 0.06476039 0.003204507 0.001956 0.06276329 0.003225907 -0.0023325 0.06277549 0.004589807 0.0026708 0.06030329 0.005543408 -0.00358315 0.05847109 0.005649607 0.0032832 0.05819549 0.005670408 -0.00366014 0.05820609 0.007754108 -0.004923389 0.05385839 0.000576307 0.0006625002 0.06721519 0.000571607 0.0006177002 0.06722259 0.01450981 -0.006964999 0.03391129 0.01450981 0.006585001 0.03391129 0.01388281 -0.006964999 0.03645439 0.01388281 0.006585001 0.03645439 0.01320951 -0.006964999 0.03892789 0.01320951 0.006585001 0.03892789 0.01319491 -0.006964999 0.03898169 0.01319491 0.006585001 0.03898169 0.006896308 -0.00663412 0.05116749 0.005859008 -0.00583719 0.05388509 0.006896308 0.0062541 0.05116749 0.005859008 0.0054572 0.05388509 0.0005498078 0.0073185 0.04746029 0.0005498085 -0.00769848 0.04746029 0.0005498079 0.0082024 0.04444599 0.0005498087 -0.00858241 0.04444599 0.005636608 -0.00567305 0.05444479 0.005636607 0.005293 0.05444479 0.0007578084 -0.00740439 0.04854079 0.0007578077 0.0070244 0.04854079 0.0005498084 -0.00745541 0.04828909 0.0005498077 0.0070754 0.04828909 0.0005498082 -0.00639578 0.05190249 0.0005498076 0.0060158 0.05190249 0.0007578076 0.0059539 0.05219109 0.0007578081 -0.00633394 0.05219109 0.004449207 0.004452 0.05731279 0.004449208 -0.004832 0.05731279 0.0005498072 -0.0023799 0.06559699 0.000549807 0.0019999 0.06559699 0.0007578073 -0.0025217 0.06519109 0.000757807 0.0021417 0.06519109 0.002575808 -0.00360909 0.06148299 0.002575807 0.0032291 0.06148299 0.000549807 0.0019999 0.06559699 0.0005498072 -0.0023799 0.06559699 0.0005498073 0.0041573 0.05823999 0.0005498077 -0.00453733 0.05823999 0.00751081 -0.00740134 0.01314999 0.00719411 -0.00771802 0.01314999 0.00175781 -9.999977e-05 0.01314999 0.00695591 -0.00809723 0.01314999 0.00175781 -0.0088 0.01314999 0.001757809 0.01095 0.01314999 0.00675781 0.008585 0.01314999 0.00175781 0.0086 0.01314999 0.00680791 0.00814 0.01314999 0.00695591 0.0077172 0.01314999 0.00719411 0.007338 0.01314999 0.00751081 0.0070213 0.01314999 0.00789001 0.006783101 0.01314999 0.00680791 -0.00851996 0.01314999 0.00675781 -0.008965 0.01314999 0.00175781 -0.01115 0.01314999 0.00831281 -0.007015139 0.01314999 0.00789001 -0.007163059 0.01314999 0.00875781 0.006585001 0.01314999 0.01591641 0.006585001 0.01314999 0.01591641 -0.006964999 0.01314999 0.00831281 0.006635101 0.01314999 0.00875781 -0.006964999 0.01314999 -0.0002422019 0.0084429 0.04014999 -0.0002422011 -0.00882289 0.04014999 0.0005498074 0.0044496 0.05724339 0.0005498078 -0.00482957 0.05724339 0.0005498075 0.005751 0.05280559 0.0005498081 -0.00613097 0.05280559 0.0005498076 0.0060158 0.05190249 0.0005498082 -0.00639578 0.05190249 0.0005498077 0.0070754 0.04828909 0.0005498084 -0.00745541 0.04828909 0.0005498085 -0.00769848 0.04746029 0.0005498078 0.0073185 0.04746029 0.0007578078 0.0072675 0.04771199 0.0007578084 -0.00764746 0.04771199 0.005859008 0.0054572 0.05388509 0.005859008 -0.00583719 0.05388509 0.009866508 0.008913501 0.04209889 0.009208008 0.009045101 0.04164999 0.009866509 -0.009293479 0.04209889 0.009208009 -0.009425119 0.04164999 0.008939808 0.008009601 0.04518109 0.004511708 0.0090451 0.04164999 0.008939809 -0.008389629 0.04518109 0.004511709 -0.00942512 0.04164999 0.005923208 0.0090451 0.04164999 0.009219708 0.008274201 0.04427879 0.005923209 -0.00942512 0.04164999 0.009219709 -0.008654229 0.04427879 0.008008208 0.007174301 0.04802969 0.001132208 0.0090451 0.04164999 0.008008208 -0.007554269 0.04802969 0.001132209 -0.00942512 0.04164999 0.001908508 0.0090451 0.04164999 0.008193308 0.007335101 0.04748119 0.001908509 -0.00942512 0.04164999 0.008193308 -0.007715129 0.04748119 0.0005498079 0.0084279 0.04367689 0.0005498087 -0.00880794 0.04367689 0.000549808 0.0090223 0.04164999 0.0005498089 -0.00940233 0.04164999 0.009257809 0.007585001 0.01974999 0.00925781 -0.007964999 0.01974999 0.01330081 0.007585001 0.01974999 0.01330081 -0.007964999 0.01974999 0.01370051 0.007585001 0.01974999 0.01370051 -0.007964999 0.01974999 0.01419961 0.007585001 0.01974999 0.01419961 -0.007964999 0.01974999 0.01428791 0.007585001 0.01886999 0.01428791 -0.007964999 0.01886999 0.01423871 0.007585001 0.01886999 0.01423871 -0.007964999 0.01886999 0.01370051 0.007585001 0.01886999 0.01370051 -0.007964999 0.01886999 0.01330081 0.007585001 0.01886999 0.01330081 -0.007964999 0.01886999 0.009257809 0.007585001 0.01886999 0.00925781 -0.007964999 0.01886999 0.01440891 0.007585001 0.01754999 0.01440891 -0.007964999 0.01754999 0.01428791 0.007585001 0.01886999 0.01428791 -0.007964999 0.01886999 0.01419961 0.007585001 0.01974999 0.01419961 -0.007964999 0.01974999 0.01399231 0.007585001 0.02161539 0.01399231 -0.007964999 0.02161539 0.009257809 0.007585001 0.02214309 0.00925781 -0.007964999 0.02214309 0.01330081 0.007585001 0.02244599 0.01330081 -0.007964999 0.02244599 0.01370051 0.007585001 0.02247599 0.01370051 -0.007964999 0.02247599 0.01388571 0.007585001 0.02248989 0.01388571 -0.007964999 0.02248989 0.01399231 0.007585001 0.02161539 0.01399231 -0.007964999 0.02161539 0.01370051 0.007585001 0.02159349 0.01370051 -0.007964999 0.02159349 0.01330081 0.007585001 0.02156359 0.01330081 -0.007964999 0.02156359 0.009257809 0.007585001 0.02126059 0.00925781 -0.007964999 0.02126059 0.01388571 0.007585001 0.02248989 0.01388571 -0.007964999 0.02248989 0.01370051 0.007585001 0.02388529 0.01370051 -0.007964999 0.02388529 0.01364041 0.007585001 0.02433869 0.01364041 -0.007964999 0.02433869 0.009257809 0.007585001 0.02456809 0.00925781 -0.007964999 0.02456809 0.01330081 0.007585001 0.02517749 0.01330081 -0.007964999 0.02517749 0.01351531 0.007585001 0.02520979 0.01351531 -0.007964999 0.02520979 0.01364041 0.007585001 0.02433869 0.01364041 -0.007964999 0.02433869 0.01330081 0.007585001 0.02428749 0.01330081 -0.007964999 0.02428749 0.009257809 0.007585001 0.02367819 0.00925781 -0.007964999 0.02367819 0.01351531 0.007585001 0.02520979 0.01351531 -0.007964999 0.02520979 0.01342261 0.007585001 0.02581089 0.01342261 -0.007964999 0.02581089 0.01330081 0.007585001 0.02659929 0.01330081 -0.007964999 0.02659929 0.01323011 0.007585001 0.02705759 0.01323011 -0.007964999 0.02705759 0.009257809 0.007585001 0.02705359 0.00925781 -0.007964999 0.02705359 0.01308631 0.007585001 0.02792739 0.01308631 -0.007964999 0.02792739 0.01323011 0.007585001 0.02705759 0.01323011 -0.007964999 0.02705759 0.009257809 0.007585001 0.02615099 0.00925781 -0.007964999 0.02615099 0.01308631 0.007585001 0.02792739 0.01308631 -0.007964999 0.02792739 0.01301281 0.007585001 0.02834419 0.01301281 -0.007964999 0.02834419 0.01275801 0.007585001 0.02978949 0.01275801 -0.007964999 0.02978949 0.009257809 0.007585001 0.02963079 0.009257809 -0.007964999 0.02963079 0.009902909 0.007585001 0.02982979 0.01259491 -0.007964999 0.03066009 0.01259491 0.007585001 0.03066009 0.01275801 0.007585001 0.02978949 0.01275801 -0.007964999 0.02978949 0.009257809 0.007585001 0.02870989 0.009257809 -0.007964999 0.02870989 0.01259491 0.007585001 0.03066009 0.01259491 -0.007964999 0.03066009 0.01233211 0.007585001 0.03198259 0.01233211 -0.007964999 0.03198259 0.01221901 0.007585001 0.03255199 0.01221901 -0.007964999 0.03255199 0.009257809 0.007585001 0.03233519 0.009257809 -0.007964999 0.03233519 0.01203551 0.007585001 0.03342529 0.01203551 -0.007964999 0.03342529 0.01221901 0.007585001 0.03255199 0.01221901 -0.007964999 0.03255199 0.01076821 0.007585001 0.03198259 0.01076821 -0.007964999 0.03198259 0.009257809 0.007585001 0.03138979 0.009257809 -0.007964999 0.03138979 0.01203551 0.007585001 0.03342529 0.01203551 -0.007964999 0.03342529 0.01193461 0.007585001 0.03388039 0.01193461 -0.007964999 0.03388039 0.01160601 0.007585001 0.03536299 0.01160601 -0.007964999 0.03536299 0.009257808 0.007585001 0.03520889 0.009257809 -0.007964999 0.03520889 0.01140101 0.007585001 0.03624099 0.01140101 -0.007964999 0.03624099 0.01160601 0.007585001 0.03536299 0.01160601 -0.007964999 0.03536299 0.009257808 0.007585001 0.03423219 0.009257809 -0.007964999 0.03423219 0.01090991 -0.007964999 0.03824119 0.01090991 0.007585001 0.03824119 0.01126331 -0.007964999 0.03680209 0.01140101 0.007585001 0.03624099 0.01140101 -0.007964999 0.03624099 0.009257808 0.007585001 0.03830349 0.009257809 -0.007964999 0.03830349 0.01068201 0.007585001 0.03912569 0.01068201 -0.007964999 0.03912569 0.01090991 0.007585001 0.03824119 0.01090991 -0.007964999 0.03824119 0.009257808 0.007585001 0.03728739 0.009257809 -0.007964999 0.03728739 0.01555611 0.006585001 0.03291359 0.01555611 -0.006964999 0.03291359 0.01605451 -0.006964999 0.03275899 0.01605451 0.006585001 0.03275899 0.01650241 -0.006964999 0.03249129 0.01650241 0.006585001 0.03249129 0.01687461 -0.006964999 0.03212569 0.01687461 0.006585001 0.03212569 0.01715031 -0.006964999 0.03168269 0.01715031 0.006585001 0.03168269 0.01731391 -0.006964999 0.03118719 0.01731391 0.006585001 0.03118719 0.01735621 -0.006964999 0.03066709 0.01735621 0.006585001 0.03066709 0.01727491 -0.006964999 0.03015169 0.01727491 0.006585001 0.03015169 0.01707441 -0.006964999 0.02966999 0.01707441 0.006585001 0.02966999 0.01676621 -0.006964999 0.02924899 0.01676621 0.006585001 0.02924899 0.01636741 -0.006964999 0.02891239 0.01636741 0.006585001 0.02891239 0.009257809 0.007585001 0.01754999 0.00925781 -0.007964999 0.01754999 0.01330081 0.007585001 0.01754999 0.01330081 -0.007964999 0.01754999 0.01370051 0.007585001 0.01754999 0.01370051 -0.007964999 0.01754999 0.01423871 0.007585001 0.01754999 0.01423871 -0.007964999 0.01754999 0.01440891 0.007585001 0.01754999 0.01440891 -0.007964999 0.01754999 0.01579241 0.006585001 0.02758599 0.01579241 -0.006964999 0.02758599 0.01630051 0.006585001 0.02434119 0.01630051 -0.006964999 0.02434119 0.01643711 0.006585001 0.02325499 0.01643711 -0.006964999 0.02325499 0.01671041 0.006585001 0.02108259 0.01671041 -0.006964999 0.02108259 0.01691811 0.006585001 0.01890289 0.01691811 -0.006964999 0.01890289 0.01702201 0.006585001 0.01781309 0.01702201 -0.006964999 0.01781309 0.01723471 0.006585001 0.01453569 0.01723471 -0.006964999 0.01453569 0.01526431 -0.006964999 0.03300329 0.01526431 0.006585001 0.03300329 0.01500091 -0.006964999 0.03315759 0.01500091 0.006585001 0.03315759 0.01477991 -0.006964999 0.03336819 0.01477991 0.006585001 0.03336819 0.01461321 -0.006964999 0.03362399 0.01461321 0.006585001 0.03362399 0.01577571 -0.006964999 0.02789089 0.01577571 0.006585001 0.02789089 0.01582961 -0.006964999 0.02819139 0.01582961 0.006585001 0.02819139 0.01595101 -0.006964999 0.02847149 0.01595101 0.006585001 0.02847149 0.01613361 -0.006964999 0.02871619 0.01613361 0.006585001 0.02871619 0.01721461 -0.006964999 0.01423139 0.01721461 0.006585001 0.01423139 0.01712521 -0.006964999 0.01393989 0.01712521 0.006585001 0.01393989 0.01697141 -0.006964999 0.01367669 0.01697141 0.006585001 0.01367669 0.01676121 -0.006964999 0.01345579 0.01676121 0.006585001 0.01345579 0.01650591 -0.006964999 0.01328899 0.01650591 0.006585001 0.01328899 0.01621921 -0.006964999 0.01318519 0.01621921 0.006585001 0.01318519 0.01515781 -0.007964999 0.01622999 0.01515781 0.007585001 0.01622999 0.01522341 -0.007964999 0.01622139 0.01522341 0.007585001 0.01622139 0.01538561 -0.007964999 0.01619999 0.01538561 0.007585001 0.01619999 0.01559781 -0.007964999 0.01611209 0.01559781 0.007585001 0.01611209 0.01578001 -0.007964999 0.01597229 0.01578001 0.007585001 0.01597229 0.01591991 -0.007964999 0.01578999 0.01591991 0.007585001 0.01578999 0.01600781 -0.007964999 0.01557779 0.01600781 0.007585001 0.01557779 0.01603781 -0.007964999 0.01534999 0.01603781 0.007585001 0.01534999 0.01600781 -0.007964999 0.01512229 0.01600781 0.007585001 0.01512229 0.01591991 -0.007964999 0.01490999 0.01591991 0.007585001 0.01490999 0.01578001 -0.007964999 0.01472779 0.01578001 0.007585001 0.01472779 0.01559781 -0.007964999 0.01458789 0.01559781 0.007585001 0.01458789 0.01538561 -0.007964999 0.01449999 0.01538561 0.007585001 0.01449999 0.01522341 -0.007964999 0.01447859 0.01522341 0.007585001 0.01447859 0.01515781 -0.007964999 0.01446999 0.01515781 0.007585001 0.01446999 0.01493001 -0.007964999 0.01449999 0.01493001 0.007585001 0.01449999 0.01471781 -0.007964999 0.01458789 0.01471781 0.007585001 0.01458789 0.01453551 -0.007964999 0.01472779 0.01453551 0.007585001 0.01472779 0.01439571 -0.007964999 0.01490999 0.01439571 0.007585001 0.01490999 0.01430781 -0.007964999 0.01512229 0.01430781 0.007585001 0.01512229 0.01427781 -0.007964999 0.01534999 0.01427781 0.007585001 0.01534999 0.01430781 -0.007964999 0.01557779 0.01430781 0.007585001 0.01557779 0.01439571 -0.007964999 0.01578999 0.01439571 0.007585001 0.01578999 0.01453551 -0.007964999 0.01597229 0.01453551 0.007585001 0.01597229 0.01471781 -0.007964999 0.01611209 0.01471781 0.007585001 0.01611209 0.01493001 -0.007964999 0.01619999 0.01493001 0.007585001 0.01619999 0.01515781 -0.007964999 0.03162999 0.01515781 0.007585001 0.03162999 0.01522341 -0.007964999 0.03162139 0.01522341 0.007585001 0.03162139 0.01538561 -0.007964999 0.03159999 0.01538561 0.007585001 0.03159999 0.01559781 -0.007964999 0.03151209 0.01559781 0.007585001 0.03151209 0.01578001 -0.007964999 0.03137229 0.01578001 0.007585001 0.03137229 0.01591991 -0.007964999 0.03118999 0.01591991 0.007585001 0.03118999 0.01600781 -0.007964999 0.03097779 0.01600781 0.007585001 0.03097779 0.01603781 -0.007964999 0.03074999 0.01603781 0.007585001 0.03074999 0.01600781 -0.007964999 0.03052229 0.01600781 0.007585001 0.03052229 0.01591991 -0.007964999 0.03030999 0.01591991 0.007585001 0.03030999 0.01578001 -0.007964999 0.03012779 0.01578001 0.007585001 0.03012779 0.01559781 -0.007964999 0.02998789 0.01559781 0.007585001 0.02998789 0.01538561 -0.007964999 0.02989999 0.01538561 0.007585001 0.02989999 0.01522341 -0.007964999 0.02987859 0.01522341 0.007585001 0.02987859 0.01515781 -0.007964999 0.02986999 0.01515781 0.007585001 0.02986999 0.01493001 -0.007964999 0.02989999 0.01493001 0.007585001 0.02989999 0.01471781 -0.007964999 0.02998789 0.01471781 0.007585001 0.02998789 0.01453551 -0.007964999 0.03012779 0.01453551 0.007585001 0.03012779 0.01439571 -0.007964999 0.03030999 0.01439571 0.007585001 0.03030999 0.01430781 -0.007964999 0.03052229 0.01430781 0.007585001 0.03052229 0.01427781 -0.007964999 0.03074999 0.01427781 0.007585001 0.03074999 0.01430781 -0.007964999 0.03097779 0.01430781 0.007585001 0.03097779 0.01439571 -0.007964999 0.03118999 0.01439571 0.007585001 0.03118999 0.01453551 -0.007964999 0.03137229 0.01453551 0.007585001 0.03137229 0.01471781 -0.007964999 0.03151209 0.01471781 0.007585001 0.03151209 0.01493001 -0.007964999 0.03159999 0.01493001 0.007585001 0.03159999 0.009257809 -0.009330079 0.04055059 0.009257809 -0.008529639 0.04014999 0.009257809 -0.009376939 0.04061889 0.009257809 -0.007964999 0.04014999 0.009257808 0.008996901 0.04061889 0.009257809 -0.009170809 0.04038259 0.009257809 -0.008977179 0.04025579 0.009257809 -0.008759569 0.04017679 0.009257809 -0.007964999 0.03830349 0.009257808 0.007585001 0.03830349 0.009257808 0.007585001 0.04014999 0.009257808 0.008149601 0.04014999 0.009257808 0.008950101 0.04055059 0.009257808 0.008379601 0.04017679 0.009257808 0.008790801 0.04038259 0.009257808 0.008597201 0.04025579 0.009257809 -0.007964999 0.03520889 0.009257808 0.007585001 0.03520889 0.009257809 -0.007964999 0.03680209 0.009257808 0.007585001 0.03728739 0.009257809 -0.007964999 0.03728739 0.009257808 0.007585001 0.03423219 0.009257809 -0.007964999 0.03423219 0.009257808 0.007585001 0.03388039 0.009257809 -0.007964999 0.03388039 0.009257809 0.007585001 0.03233519 0.009257809 -0.007964999 0.03233519 0.009257809 0.007585001 0.03138979 0.009257809 -0.007964999 0.03138979 0.009257809 0.007585001 0.02982979 0.009257809 -0.007964999 0.02963079 0.009257809 0.007585001 0.02963079 0.009257809 0.007585001 0.02870989 0.009257809 -0.007964999 0.02870989 0.009257809 0.007585001 0.02834419 0.00925781 -0.007964999 0.02834419 0.009257809 0.007585001 0.02705359 0.00925781 -0.007964999 0.02705359 0.009257809 0.007585001 0.02615099 0.00925781 -0.007964999 0.02615099 0.009257809 0.007585001 0.02581089 0.00925781 -0.007964999 0.02581089 0.009257809 0.007585001 0.02456809 0.00925781 -0.007964999 0.02456809 0.009257809 0.007585001 0.02367819 0.00925781 -0.007964999 0.02367819 0.009257809 0.007585001 0.02214309 0.00925781 -0.007964999 0.02214309 0.009257809 0.007585001 0.01886999 0.00925781 -0.007964999 0.01886999 0.009257809 0.007585001 0.01754999 0.00925781 -0.007964999 0.01754999 0.009257809 0.007585001 0.02126059 0.00925781 -0.007964999 0.02126059 0.009257809 0.007585001 0.01974999 0.00925781 -0.007964999 0.01974999 0.008029309 0.007900001 0.03288219 0.006757809 0.0079 0.03288219 0.008029308 0.007900001 0.03641779 0.006757808 0.0079 0.03641779 0.008029309 0.007900001 0.01688219 0.006757809 0.0079 0.01688219 0.008029309 0.007900001 0.02041779 0.006757809 0.0079 0.02041779 0.003675309 0.0079 0.02602499 0.003873909 0.0079 0.02576609 0.002361809 0.0079 0.02749999 0.002361809 0.0079 0.02579999 0.001757809 0.0079 0.02579999 0.001757809 0.0079 0.02749999 0.003314409 0.0079 0.02414999 0.004132809 0.0079 0.02556749 0.003550409 0.0079 0.02697349 0.003507809 0.0079 0.02664999 0.003550409 0.0079 0.02632649 0.008029309 0.007900001 0.02914999 0.005081309 0.0079 0.02785739 0.003314409 0.0079 0.02914999 0.004757809 0.0079 0.02789999 0.004434309 0.0079 0.02785739 0.004132809 0.0079 0.02773249 0.003873909 0.0079 0.02753389 0.003675309 0.0079 0.02727499 0.004434309 0.0079 0.02544259 0.004757809 0.0079 0.02539999 0.008029309 0.007900001 0.02414999 0.005081309 0.0079 0.02544259 0.005382809 0.0079 0.02556749 0.005641709 0.0079 0.02576609 0.005840309 0.0079 0.02602499 0.005965209 0.0079 0.02632649 0.006007809 0.0079 0.02664999 0.005965209 0.0079 0.02697349 0.005840309 0.0079 0.02727499 0.005641709 0.0079 0.02753389 0.005382809 0.0079 0.02773249 0.008256009 -0.008099999 0.03641779 0.006757809 -0.0081 0.03641779 0.008256009 -0.008099999 0.03288219 0.006757809 -0.0081 0.03288219 0.00825601 -0.008099999 0.02041779 0.00675781 -0.0081 0.02041779 0.00825601 -0.008099999 0.01688219 0.00675781 -0.0081 0.01688219 0.00236181 -0.0081 0.02749999 0.00175781 -0.0081 0.02749999 0.00175781 -0.0081 0.02579999 0.00443431 -0.0081 0.02544259 0.00413281 -0.0081 0.02556749 0.00331441 -0.0081 0.02414999 0.00387391 -0.0081 0.02576609 0.00236181 -0.0081 0.02579999 0.00387391 -0.0081 0.02753389 0.003314409 -0.0081 0.02914999 0.00413281 -0.0081 0.02773249 0.00367531 -0.0081 0.02602499 0.00355041 -0.0081 0.02632649 0.00350781 -0.0081 0.02664999 0.00443431 -0.0081 0.02785739 0.00475781 -0.0081 0.02789999 0.008256009 -0.008099999 0.02914999 0.00508131 -0.0081 0.02785739 0.00538281 -0.0081 0.02773249 0.00355041 -0.0081 0.02697349 0.00367531 -0.0081 0.02727499 0.00600781 -0.0081 0.02664999 0.00825601 -0.008099999 0.02414999 0.00596521 -0.0081 0.02697349 0.00596521 -0.0081 0.02632649 0.00584031 -0.0081 0.02602499 0.00564171 -0.0081 0.02576609 0.00538281 -0.0081 0.02556749 0.00508131 -0.0081 0.02544259 0.00475781 -0.0081 0.02539999 0.00564171 -0.0081 0.02753389 0.00584031 -0.0081 0.02727499 -0.0002171211 -0.00905478 0.04014999 -0.0002422011 -0.00882289 0.04014999 0.001757809 -0.0088 0.04014999 0.001757809 -9.999977e-05 0.04014999 -0.0002422019 0.0084429 0.04014999 0.001757808 0.0086 0.04014999 -0.0002171219 0.0086748 0.04014999 -0.0001431719 0.008895 0.04014999 0.001757809 -0.009865 0.04014999 0.000757809 -0.009865 0.04014999 -2.399193e-05 0.0090926 0.04014999 0.0001343081 0.0092576 0.04014999 0.0003239081 0.0093818 0.04014999 0.0005353081 0.0094589 0.04014999 0.0007578081 0.009485 0.04014999 0.001757808 0.009485 0.04014999 0.0001343089 -0.00963764 0.04014999 -2.399106e-05 -0.00947263 0.04014999 -0.0001431711 -0.00927504 0.04014999 0.000535309 -0.00983887 0.04014999 0.0003239089 -0.0097618 0.04014999 0.01150531 0.009109201 0.04143139 0.007757808 0.009109201 0.04143139 0.007757808 0.009063501 0.04158719 0.002842307 0.0033962 0.06091309 0.001220407 0.0023353 0.06453069 0.003707207 0.0036304 0.06011469 0.002575807 0.0032291 0.06148299 0.000757807 0.0021417 0.06519109 0.000757807 0.0021093 0.06530149 0.008045408 0.006316001 0.05095649 0.009887308 0.007700701 0.04623459 0.008193308 0.007335101 0.04748119 0.008939808 0.008009601 0.04518109 0.0007578076 0.0059539 0.05219109 0.0007578075 0.0056891 0.05309419 0.004449207 0.004452 0.05731279 0.004205607 0.0042863 0.05787789 0.0007578073 0.0040825 0.05857289 0.0007578074 0.0043747 0.05757639 0.004511708 0.0090451 0.04164999 0.009219708 0.008274201 0.04427879 0.009866508 0.008913501 0.04209889 0.009208008 0.009045101 0.04164999 0.005923208 0.0090451 0.04164999 0.001757808 0.0090635 0.04158719 0.0007578079 0.0083861 0.04389719 0.0007578079 0.0081606 0.04466629 0.007099308 0.0064166 0.05061339 0.006896308 0.0062541 0.05116749 0.0007578078 0.0072675 0.04771199 0.0007578077 0.0070244 0.04854079 0.005859008 0.0054572 0.05388509 0.005636607 0.005293 0.05444479 0.005983907 0.0049582 0.05558659 0.001757808 0.009485 0.04014999 0.001132208 0.0090451 0.04164999 0.0007578081 0.009485 0.04014999 0.000757808 0.0090451 0.04164999 0.001908508 0.0090451 0.04164999 0.008008208 0.007174301 0.04802969 0.009866509 -0.009293479 0.04209889 0.009208009 -0.009425119 0.04164999 0.01150531 -0.009489229 0.04143139 0.001908509 -0.00942512 0.04164999 0.001757809 -0.00944354 0.04158719 0.004511709 -0.00942512 0.04164999 0.007757809 -0.009443539 0.04158719 0.002249507 -0.00323417 0.06276149 0.0007578073 -0.0024893 0.06530149 0.0007578073 -0.0025217 0.06519109 0.0007578077 -0.00446248 0.05857289 0.0007578078 -0.00475472 0.05757639 0.002575808 -0.00360909 0.06148299 0.002842308 -0.00377622 0.06091309 0.004205608 -0.00466628 0.05787789 0.004652108 -0.00454274 0.05829919 0.0007578081 -0.00606913 0.05309419 0.0007578081 -0.00633394 0.05219109 0.004449208 -0.004832 0.05731279 0.005636608 -0.00567305 0.05444479 0.0007578086 -0.0085406 0.04466629 0.0007578087 -0.00876613 0.04389719 0.006896308 -0.00663412 0.05116749 0.007099308 -0.00679661 0.05061339 0.008939809 -0.008389629 0.04518109 0.005923209 -0.00942512 0.04164999 0.007757809 -0.009489229 0.04143139 0.0007578084 -0.00740439 0.04854079 0.0007578084 -0.00764746 0.04771199 0.005859008 -0.00583719 0.05388509 0.006842408 -0.00588298 0.05372889 0.0007578089 -0.00942512 0.04164999 0.000757809 -0.009865 0.04014999 0.001132209 -0.00942512 0.04164999 0.001757809 -0.009865 0.04014999 0.008008208 -0.007554269 0.04802969 0.008815708 -0.007251939 0.04906069 0.009219709 -0.008654229 0.04427879 0.008193308 -0.007715129 0.04748119 0.01056761 -0.008646589 0.04430489 0.000549808 0.0090223 0.04164999 0.0005498089 -0.00940233 0.04164999 0.000757808 0.0090451 0.04164999 0.0007578089 -0.00942512 0.04164999 0.001132208 0.0090451 0.04164999 0.001132209 -0.00942512 0.04164999 0.009208009 -0.009425119 0.04164999 0.009208008 0.009045101 0.04164999 0.005923209 -0.00942512 0.04164999 0.005923208 0.0090451 0.04164999 0.004511709 -0.00942512 0.04164999 0.004511708 0.0090451 0.04164999 0.001908509 -0.00942512 0.04164999 0.001908508 0.0090451 0.04164999 0.00475781 -0.0081 0.02789999 0.004757809 0.0079 0.02789999 0.00508131 -0.0081 0.02785739 0.005081309 0.0079 0.02785739 0.00538281 -0.0081 0.02773249 0.005382809 0.0079 0.02773249 0.00564171 -0.0081 0.02753389 0.005641709 0.0079 0.02753389 0.00584031 -0.0081 0.02727499 0.005840309 0.0079 0.02727499 0.00596521 -0.0081 0.02697349 0.005965209 0.0079 0.02697349 0.00600781 -0.0081 0.02664999 0.006007809 0.0079 0.02664999 0.00596521 -0.0081 0.02632649 0.005965209 0.0079 0.02632649 0.00584031 -0.0081 0.02602499 0.005840309 0.0079 0.02602499 0.00564171 -0.0081 0.02576609 0.005641709 0.0079 0.02576609 0.00538281 -0.0081 0.02556749 0.005382809 0.0079 0.02556749 0.00508131 -0.0081 0.02544259 0.005081309 0.0079 0.02544259 0.00475781 -0.0081 0.02539999 0.004757809 0.0079 0.02539999 0.00443431 -0.0081 0.02544259 0.004434309 0.0079 0.02544259 0.00413281 -0.0081 0.02556749 0.004132809 0.0079 0.02556749 0.00387391 -0.0081 0.02576609 0.003873909 0.0079 0.02576609 0.00367531 -0.0081 0.02602499 0.003675309 0.0079 0.02602499 0.00355041 -0.0081 0.02632649 0.003550409 0.0079 0.02632649 0.00350781 -0.0081 0.02664999 0.003507809 0.0079 0.02664999 0.00355041 -0.0081 0.02697349 0.003550409 0.0079 0.02697349 0.00367531 -0.0081 0.02727499 0.003675309 0.0079 0.02727499 0.00387391 -0.0081 0.02753389 0.003873909 0.0079 0.02753389 0.00413281 -0.0081 0.02773249 0.004132809 0.0079 0.02773249 0.00443431 -0.0081 0.02785739 0.004434309 0.0079 0.02785739 0.007857509 -0.008529639 0.04014999 0.007891809 -0.008464999 0.04014999 0.009257809 -0.008529639 0.04014999 0.008050709 -0.008257889 0.04014999 0.008257809 -0.008098979 0.04014999 0.008499009 -0.007999069 0.04014999 0.008757809 -0.007964999 0.04014999 0.009257809 -0.007964999 0.04014999 0.01150531 -0.008529639 0.04014999 0.01040961 -0.008529639 0.04014999 0.01150531 -0.007964999 0.04014999 0.01040961 -0.007964999 0.04014999 0.01439911 -0.007964999 0.03235889 0.01423871 -0.007964999 0.03251179 0.01423871 -0.007964999 0.03198259 0.01522341 -0.007964999 0.02475649 0.01522341 -0.007964999 0.02445339 0.01527081 -0.007964999 0.02445339 0.01477761 -0.007964999 0.02795219 0.01484781 -0.007964999 0.02834419 0.01423871 -0.007964999 0.02834419 0.009257809 -0.007964999 0.03830349 0.009257809 -0.007964999 0.04014999 0.008757809 -0.007964999 0.04014999 0.009257809 -0.007964999 0.03233519 0.009257809 -0.007964999 0.03388039 0.008757809 -0.007964999 0.03388039 0.009257809 -0.007964999 0.03138979 0.01076821 -0.007964999 0.03198259 0.008757809 -0.007964999 0.03198259 0.01364041 -0.007964999 0.02433869 0.01370051 -0.007964999 0.02388529 0.01370051 -0.007964999 0.02445339 0.01493001 -0.007964999 0.02989999 0.01471781 -0.007964999 0.02998789 0.01453551 -0.007964999 0.03137229 0.01471781 -0.007964999 0.03151209 0.01493001 -0.007964999 0.03159999 0.01453551 -0.007964999 0.03012779 0.01439571 -0.007964999 0.03030999 0.01430781 -0.007964999 0.03052229 0.01515781 -0.007964999 0.02986999 0.01508571 -0.007964999 0.02897269 0.01487221 -0.007964999 0.02848039 0.01427781 -0.007964999 0.03074999 0.01430781 -0.007964999 0.03097779 0.01439571 -0.007964999 0.03118999 0.01578001 -0.007964999 0.03137229 0.01589121 -0.007964999 0.03169979 0.01559781 -0.007964999 0.03151209 0.01564691 -0.007964999 0.03184579 0.01538561 -0.007964999 0.03159999 0.01537511 -0.007964999 0.03193019 0.01522341 -0.007964999 0.03162139 0.01522341 -0.007964999 0.03197679 0.01515781 -0.007964999 0.03162999 0.01520441 -0.007964999 0.03198259 0.01522341 -0.007964999 0.02987859 0.01522341 -0.007964999 0.02915719 0.01538561 -0.007964999 0.02989999 0.01540651 -0.007964999 0.02940279 0.01559781 -0.007964999 0.02998789 0.01581761 -0.007964999 0.02974769 0.01578001 -0.007964999 0.03012779 0.01603511 -0.007964999 0.02993129 0.01591991 -0.007964999 0.03030999 0.01620321 -0.007964999 0.03016089 0.01600781 -0.007964999 0.03052229 0.01631261 -0.007964999 0.03042369 0.01603781 -0.007964999 0.03074999 0.01635691 -0.007964999 0.03070479 0.01600781 -0.007964999 0.03097779 0.01633391 -0.007964999 0.03098849 0.01591991 -0.007964999 0.03118999 0.01624461 -0.007964999 0.03125869 0.01609431 -0.007964999 0.03150039 0.01538561 -0.007964999 0.01449999 0.01522341 -0.007964999 0.01447859 0.01522341 -0.007964999 0.01414999 0.01515781 -0.007964999 0.01446999 0.01423871 -0.007964999 0.01414999 0.01493001 -0.007964999 0.01449999 0.01471781 -0.007964999 0.01458789 0.01453551 -0.007964999 0.01472779 0.01439571 -0.007964999 0.01490999 0.01430781 -0.007964999 0.01512229 0.01427781 -0.007964999 0.01534999 0.01430781 -0.007964999 0.01557779 0.01423871 -0.007964999 0.01688999 0.01439571 -0.007964999 0.01578999 0.01453551 -0.007964999 0.01597229 0.01471781 -0.007964999 0.01611209 0.01493001 -0.007964999 0.01619999 0.01522341 -0.007964999 0.01688999 0.01515781 -0.007964999 0.01622999 0.01522341 -0.007964999 0.01622139 0.01538561 -0.007964999 0.01619999 0.01591991 -0.007964999 0.01578999 0.01607991 -0.007964999 0.01688999 0.01578001 -0.007964999 0.01597229 0.01559781 -0.007964999 0.01611209 0.01600781 -0.007964999 0.01557779 0.01603781 -0.007964999 0.01534999 0.01623601 -0.007964999 0.01448589 0.01600781 -0.007964999 0.01512229 0.01591991 -0.007964999 0.01490999 0.01623111 -0.007964999 0.01441219 0.01578001 -0.007964999 0.01472779 0.01620941 -0.007964999 0.01434149 0.01559781 -0.007964999 0.01458789 0.01591641 -0.007964999 0.01414999 0.01598981 -0.007964999 0.01415859 0.01605931 -0.007964999 0.01418369 0.01612121 -0.007964999 0.01422409 0.01617211 -0.007964999 0.01427769 0.01522341 -0.007964999 0.01930999 0.01428791 -0.007964999 0.01886999 0.01440891 -0.007964999 0.01754999 0.01423871 -0.007964999 0.01754999 0.01370051 -0.007964999 0.01688999 0.01370051 -0.007964999 0.01754999 0.01330081 -0.007964999 0.01688999 0.01330081 -0.007964999 0.01754999 0.00875781 -0.007964999 0.01688999 0.00925781 -0.007964999 0.01754999 0.00875781 -0.007964999 0.01930999 0.00925781 -0.007964999 0.01886999 0.01330081 -0.007964999 0.01930999 0.01330081 -0.007964999 0.01886999 0.01370051 -0.007964999 0.01930999 0.01370051 -0.007964999 0.01886999 0.01423871 -0.007964999 0.01930999 0.01423871 -0.007964999 0.01886999 0.01370051 -0.007964999 0.02187919 0.01370051 -0.007964999 0.02247599 0.01330081 -0.007964999 0.02244599 0.01308631 -0.007964999 0.02792739 0.00925781 -0.007964999 0.02705359 0.00925781 -0.007964999 0.02615099 0.01330081 -0.007964999 0.02445339 0.01330081 -0.007964999 0.02517749 0.00925781 -0.007964999 0.02456809 0.00925781 -0.007964999 0.02581089 0.00875781 -0.007964999 0.02581089 0.00875781 -0.007964999 0.02445339 0.01370051 -0.007964999 0.02581089 0.01342261 -0.007964999 0.02581089 0.01351531 -0.007964999 0.02520979 0.01370051 -0.007964999 0.02834419 0.01330081 -0.007964999 0.02834419 0.01330081 -0.007964999 0.02659929 0.01323011 -0.007964999 0.02705759 0.01301281 -0.007964999 0.02834419 0.01275801 -0.007964999 0.02978949 0.009257809 -0.007964999 0.02963079 0.01330081 -0.007964999 0.03198259 0.01233211 -0.007964999 0.03198259 0.01259491 -0.007964999 0.03066009 0.00875781 -0.007964999 0.02834419 0.00925781 -0.007964999 0.02834419 0.009257809 -0.007964999 0.02870989 0.01221901 -0.007964999 0.03255199 0.01291491 -0.007964999 0.03620339 0.01160601 -0.007964999 0.03536299 0.01330081 -0.007964999 0.03463789 0.01193461 -0.007964999 0.03388039 0.01330081 -0.007964999 0.03388039 0.01203551 -0.007964999 0.03342529 0.009257809 -0.007964999 0.03520889 0.009257809 -0.007964999 0.03423219 0.01140101 -0.007964999 0.03624099 0.01275191 -0.007964999 0.03680209 0.01179781 -0.007964999 0.04019369 0.01173721 -0.007964999 0.04017729 0.01223321 -0.007964999 0.03870739 0.01090991 -0.007964999 0.03824119 0.01126331 -0.007964999 0.03680209 0.01150531 -0.007964999 0.04014999 0.01040961 -0.007964999 0.04014999 0.01068201 -0.007964999 0.03912569 0.008757809 -0.007964999 0.03680209 0.009257809 -0.007964999 0.03680209 0.009257809 -0.007964999 0.03728739 0.01480681 -0.007964999 0.02741639 0.01423871 -0.007964999 0.02581089 0.01505831 -0.007964999 0.02581089 0.01531031 -0.007964999 0.02420149 0.01522341 -0.007964999 0.02187919 0.01560241 -0.007964999 0.02187919 0.01571651 -0.007964999 0.02097269 0.01587491 -0.007964999 0.01930999 0.01602521 -0.007964999 0.01773329 0.01370051 -0.007964999 0.03322689 0.01353611 -0.007964999 0.03368359 0.01348761 -0.007964999 0.03388039 0.01370051 -0.007964999 0.03198259 0.01371791 -0.007964999 0.03317879 0.01401081 -0.007964999 0.03272919 0.01486211 -0.007964999 0.03208769 0.01419961 -0.007964999 0.01974999 0.01423871 -0.007964999 0.02187919 0.01330081 -0.007964999 0.02428749 0.00925781 -0.007964999 0.02367819 0.00925781 -0.007964999 0.02214309 0.00875781 -0.007964999 0.02187919 0.01330081 -0.007964999 0.02187919 0.01370051 -0.007964999 0.02159349 0.01399231 -0.007964999 0.02161539 0.01370051 -0.007964999 0.01974999 0.01330081 -0.007964999 0.01974999 0.00925781 -0.007964999 0.01974999 0.00925781 -0.007964999 0.02126059 0.01330081 -0.007964999 0.02156359 0.01423871 -0.007964999 0.02445339 0.01388571 -0.007964999 0.02248989 0.01370051 -0.007964999 0.01414999 0.01330081 -0.007964999 0.01414999 0.00875781 -0.007964999 0.01414999 0.007891808 0.008085001 0.04014999 0.007857508 0.008149601 0.04014999 0.009257808 0.008149601 0.04014999 0.009257808 0.007585001 0.04014999 0.008757808 0.007585001 0.04014999 0.008499008 0.007619101 0.04014999 0.008257808 0.007719001 0.04014999 0.008050708 0.007877901 0.04014999 0.01150531 0.007585001 0.04014999 0.01040961 0.007585001 0.04014999 0.01150531 0.008149601 0.04014999 0.01040961 0.008149601 0.04014999 0.01370051 0.007585001 0.02834419 0.01423871 0.007585001 0.02834419 0.01423871 0.007585001 0.02581089 0.01493001 0.007585001 0.03159999 0.01471781 0.007585001 0.03151209 0.01423871 0.007585001 0.03198259 0.01515781 0.007585001 0.03162999 0.01520441 0.007585001 0.03198259 0.01522341 0.007585001 0.03197679 0.01522341 0.007585001 0.03162139 0.01423871 0.007585001 0.02982979 0.01427781 0.007585001 0.03074999 0.01430781 0.007585001 0.03052229 0.01439571 0.007585001 0.03030999 0.01453551 0.007585001 0.03012779 0.01471781 0.007585001 0.02998789 0.01453551 0.007585001 0.03137229 0.01439571 0.007585001 0.03118999 0.01430781 0.007585001 0.03097779 0.01493001 0.007585001 0.02989999 0.01515781 0.007585001 0.02986999 0.01522341 0.007585001 0.02982979 0.01522341 0.007585001 0.02987859 0.01538561 0.007585001 0.02989999 0.01538561 0.007585001 0.03159999 0.01537511 0.007585001 0.03193019 0.01559781 0.007585001 0.03151209 0.01564691 0.007585001 0.03184579 0.01589121 0.007585001 0.03169979 0.01578001 0.007585001 0.03137229 0.01609431 0.007585001 0.03150039 0.01591991 0.007585001 0.03118999 0.01624461 0.007585001 0.03125869 0.01600781 0.007585001 0.03097779 0.01633391 0.007585001 0.03098849 0.01603781 0.007585001 0.03074999 0.01635691 0.007585001 0.03070479 0.01600781 0.007585001 0.03052229 0.01631261 0.007585001 0.03042369 0.01591991 0.007585001 0.03030999 0.01620321 0.007585001 0.03016089 0.01578001 0.007585001 0.03012779 0.01603511 0.007585001 0.02993129 0.01559781 0.007585001 0.02998789 0.01591481 0.007585001 0.02982979 0.01522341 0.007585001 0.01688999 0.01522341 0.007585001 0.01622139 0.01515781 0.007585001 0.01622999 0.01423871 0.007585001 0.01688999 0.01493001 0.007585001 0.01619999 0.01471781 0.007585001 0.01611209 0.01453551 0.007585001 0.01597229 0.01439571 0.007585001 0.01578999 0.01430781 0.007585001 0.01557779 0.01427781 0.007585001 0.01534999 0.01430781 0.007585001 0.01512229 0.01423871 0.007585001 0.01430999 0.01439571 0.007585001 0.01490999 0.01453551 0.007585001 0.01472779 0.01515781 0.007585001 0.01446999 0.01522341 0.007585001 0.01430999 0.01493001 0.007585001 0.01449999 0.01471781 0.007585001 0.01458789 0.01620941 0.007585001 0.01434149 0.01619101 0.007585001 0.01430999 0.01578001 0.007585001 0.01472779 0.01522341 0.007585001 0.01447859 0.01538561 0.007585001 0.01449999 0.01559781 0.007585001 0.01458789 0.01591991 0.007585001 0.01578999 0.01578001 0.007585001 0.01597229 0.01607991 0.007585001 0.01688999 0.01559781 0.007585001 0.01611209 0.01538561 0.007585001 0.01619999 0.01591991 0.007585001 0.01490999 0.01623601 0.007585001 0.01448589 0.01623111 0.007585001 0.01441219 0.01600781 0.007585001 0.01512229 0.01603781 0.007585001 0.01534999 0.01600781 0.007585001 0.01557779 0.01423871 0.007585001 0.01886999 0.01423871 0.007585001 0.01930999 0.01428791 0.007585001 0.01886999 0.01522341 0.007585001 0.01930999 0.01440891 0.007585001 0.01754999 0.01423871 0.007585001 0.01754999 0.01370051 0.007585001 0.01754999 0.01370051 0.007585001 0.01688999 0.01330081 0.007585001 0.01754999 0.01330081 0.007585001 0.01688999 0.009257809 0.007585001 0.01754999 0.008757809 0.007585001 0.01688999 0.009257809 0.007585001 0.01886999 0.008757809 0.007585001 0.01930999 0.01330081 0.007585001 0.01886999 0.01330081 0.007585001 0.01930999 0.01370051 0.007585001 0.01886999 0.01370051 0.007585001 0.01930999 0.01370051 0.007585001 0.02581089 0.01370051 0.007585001 0.02388529 0.01364041 0.007585001 0.02433869 0.01330081 0.007585001 0.02187919 0.01330081 0.007585001 0.02244599 0.01370051 0.007585001 0.02247599 0.009257809 0.007585001 0.02615099 0.009257809 0.007585001 0.02581089 0.008757809 0.007585001 0.02581089 0.009257809 0.007585001 0.02456809 0.008757809 0.007585001 0.02187919 0.01323011 0.007585001 0.02705759 0.009257809 0.007585001 0.02705359 0.009257809 0.007585001 0.02834419 0.008757809 0.007585001 0.02834419 0.009257809 0.007585001 0.02870989 0.009257809 0.007585001 0.02214309 0.009257809 0.007585001 0.02367819 0.01330081 0.007585001 0.02428749 0.01330081 0.007585001 0.02517749 0.01351531 0.007585001 0.02520979 0.01342261 0.007585001 0.02581089 0.01330081 0.007585001 0.02659929 0.01301281 0.007585001 0.02834419 0.01275801 0.007585001 0.02978949 0.01330081 0.007585001 0.02982979 0.009902909 0.007585001 0.02982979 0.009257809 0.007585001 0.02963079 0.009257809 0.007585001 0.02982979 0.008757809 0.007585001 0.02982979 0.009257809 0.007585001 0.03138979 0.008757809 0.007585001 0.03198259 0.01076821 0.007585001 0.03198259 0.01221901 0.007585001 0.03255199 0.01330081 0.007585001 0.03388039 0.01233211 0.007585001 0.03198259 0.01330081 0.007585001 0.03198259 0.01259491 0.007585001 0.03066009 0.008757808 0.007585001 0.03388039 0.008757808 0.007585001 0.04014999 0.009257808 0.007585001 0.03830349 0.009257808 0.007585001 0.04014999 0.01150531 0.007585001 0.04014999 0.01173721 0.007585001 0.04017729 0.01090991 0.007585001 0.03824119 0.01040961 0.007585001 0.04014999 0.01068201 0.007585001 0.03912569 0.009257808 0.007585001 0.03728739 0.009257808 0.007585001 0.03520889 0.01223321 0.007585001 0.03870739 0.01291491 0.007585001 0.03620339 0.01160601 0.007585001 0.03536299 0.01330081 0.007585001 0.03463789 0.01193461 0.007585001 0.03388039 0.01203551 0.007585001 0.03342529 0.009257809 0.007585001 0.03233519 0.01179781 0.007585001 0.04019369 0.01140101 0.007585001 0.03624099 0.009257808 0.007585001 0.03423219 0.009257808 0.007585001 0.03388039 0.01560241 0.007585001 0.02187919 0.01571651 0.007585001 0.02097269 0.01587491 0.007585001 0.01930999 0.01602521 0.007585001 0.01773329 0.01522341 0.007585001 0.02187919 0.01522341 0.007585001 0.02475649 0.01531031 0.007585001 0.02420149 0.01423871 0.007585001 0.02187919 0.01505831 0.007585001 0.02581089 0.01477761 0.007585001 0.02795219 0.01480681 0.007585001 0.02741639 0.01508571 0.007585001 0.02897269 0.01487221 0.007585001 0.02848039 0.01484781 0.007585001 0.02834419 0.01540651 0.007585001 0.02940279 0.01522341 0.007585001 0.02915719 0.01581761 0.007585001 0.02974769 0.01486211 0.007585001 0.03208769 0.01439911 0.007585001 0.03235889 0.01370051 0.007585001 0.03198259 0.01401081 0.007585001 0.03272919 0.01423871 0.007585001 0.03251179 0.01348761 0.007585001 0.03388039 0.01353611 0.007585001 0.03368359 0.01370051 0.007585001 0.03322689 0.01371791 0.007585001 0.03317879 0.01612121 0.007585001 0.01422409 0.01605931 0.007585001 0.01418369 0.01617211 0.007585001 0.01427769 0.01370051 0.007585001 0.02187919 0.01370051 0.007585001 0.02159349 0.01330081 0.007585001 0.02156359 0.01370051 0.007585001 0.01974999 0.01399231 0.007585001 0.02161539 0.01419961 0.007585001 0.01974999 0.01330081 0.007585001 0.01974999 0.009257809 0.007585001 0.01974999 0.009257809 0.007585001 0.02126059 0.01388571 0.007585001 0.02248989 0.01308631 0.007585001 0.02792739 0.01330081 0.007585001 0.02834419 0.01370051 0.007585001 0.02982979 0.01370051 0.007585001 0.01430999 0.01330081 0.007585001 0.01430999 0.00875781 0.007585001 0.01430999 0.01598981 0.007585001 0.01415859 0.01591641 0.007585001 0.01414999 0.01522341 0.007585001 0.01414999 0.01423871 0.007585001 0.01414999 0.01370051 0.007585001 0.01414999 0.01330081 0.007585001 0.01414999 0.00875781 0.007585001 0.01414999 0.001757809 -0.01115 0.04017749 0.007757809 -0.01085415 0.04021579 0.007757809 -0.009649739 0.04111769 0.001757809 -0.00964974 0.04111769 0.007757809 -0.009968549 0.04071599 0.001757809 -0.00996855 0.04071599 0.007757809 -0.01037901 0.04040869 0.001757809 -0.01037901 0.04040869 0.001757809 -0.01085415 0.04021579 0.001757808 0.0092697 0.04111769 0.007757808 0.009269701 0.04111769 0.001757808 0.0095885 0.04071599 0.007757808 0.009588501 0.04071599 0.001757808 0.009999 0.04040869 0.007757808 0.009999001 0.04040869 0.001757808 0.0104741 0.04021579 0.007757808 0.0104741 0.04021579 0.001757808 0.01095 0.04015419 0.0005498073 0.0041573 0.05823999 0.0005498074 0.0044496 0.05724339 0.000537307 0.0019479 0.06572889 0.000549807 0.0019999 0.06559699 0.000695907 0.0020713 0.06542419 0.000754707 0.0021075 0.06530769 0.0005498075 0.005751 0.05280559 0.0005498076 0.0060158 0.05190249 0.0005353081 0.0094589 0.04014999 0.0005498077 0.0070754 0.04828909 0.0005498078 0.0073185 0.04746029 0.0005498079 0.0082024 0.04444599 0.000549808 0.0090223 0.04164999 0.0005498079 0.0084279 0.04367689 0.000419107 0.0018558 0.06595589 0.0003239081 0.0093818 0.04014999 0.0001343081 0.0092576 0.04014999 0.000270107 0.0017049 0.06622949 0.000325207 0.0017607 0.06612829 -2.399193e-05 0.0090926 0.04014999 6.8907e-05 0.0014475 0.06658059 0.000138607 0.0015366 0.06645899 -0.000141803 0.001048 0.06690689 -0.000132723 0.0010739 0.06689549 -0.0001431719 0.008895 0.04014999 -6.5293e-05 0.0012205 0.06679689 -2.0393e-05 0.0012965 0.06672449 -0.000190593 0.0009088001 0.06696839 -0.0002171219 0.0086748 0.04014999 -0.000210393 0.0008334001 0.06698769 -0.000239213 0.0006503001 0.06699739 -0.000230863 0.0007259001 0.06699899 -0.000216103 0.0008035001 0.06699089 0.000500807 0.0006326002 0.06730809 0.000507807 0.0006897002 0.06729769 0.000410407 0.0006464002 0.06737289 0.000420107 0.0007152002 0.06736009 0.000306407 0.0006584002 0.06741269 0.000318707 0.0007373002 0.06739859 0.000195407 0.0006678002 0.06742499 0.000210107 0.0007547002 0.06741059 8.480699e-05 0.0006739002 0.06740889 0.000101207 0.0007663002 0.06739539 -1.849301e-05 0.0006764001 0.06736549 -1.293011e-06 0.0007713001 0.06735399 -0.000107593 0.0006751001 0.06729769 -9.079301e-05 0.0007695001 0.06728889 -0.000176843 0.0006700001 0.06720969 -0.000161603 0.0007609001 0.06720429 -0.000221683 0.0006616001 0.06710739 -0.000209303 0.0007460001 0.06710559 -0.000216103 0.0008035001 0.06699089 0.000588507 0.0009209002 0.06713849 0.000594607 0.0010169 0.06708969 0.000533307 0.0010735 0.06712489 0.000609607 0.0011903 0.06695269 0.000632107 0.0014037 0.06672999 0.000580707 0.001441 0.06673639 -2.0393e-05 0.0012965 0.06672449 -1.839301e-05 0.0012634 0.06684619 0.000639407 0.0014568 0.06665229 0.000669207 0.001674 0.06633459 0.000631007 0.0016937 0.06633229 0.000675107 0.0017086 0.06626859 0.000696507 0.0018345 0.06602849 0.000669307 0.0018446 0.06602469 0.000715707 0.0019235 0.06580259 0.000746707 0.0020675 0.06543739 0.000741607 0.0020681 0.06543609 0.000757007 0.0021073 0.06530829 0.000757207 0.0021073 0.06530829 0.000756707 0.0021074 0.06530819 0.000756507 0.0021074 0.06530809 0.000756207 0.0021074 0.06530809 0.000756007 0.0021074 0.06530799 0.000755707 0.0021074 0.06530789 0.000755507 0.0021075 0.06530789 0.000755207 0.0021075 0.06530779 0.000754907 0.0021075 0.06530769 0.000736507 0.0020687 0.06543489 0.000731407 0.0020693 0.06543359 0.000726407 0.0020697 0.06543229 0.000721307 0.0020702 0.06543099 0.000716207 0.0020705 0.06542969 0.000711107 0.0020708 0.06542829 0.000706007 0.002071 0.06542699 0.000701007 0.0020712 0.06542559 0.000641607 0.001853 0.06601989 0.000613707 0.0018597 0.06601439 0.000585507 0.0018646 0.06600809 0.000557207 0.0018676 0.06600109 0.000529007 0.0018689 0.06599339 0.000501007 0.0018683 0.06598489 0.000473207 0.001866 0.06597579 0.000445907 0.0018618 0.06596619 0.000537307 0.0019479 0.06572889 0.000325207 0.0017607 0.06612829 0.000307007 0.0017187 0.06624699 0.000591307 0.0017098 0.06632799 0.000550607 0.0017225 0.06632169 0.000509207 0.0017314 0.06631349 0.000467707 0.0017365 0.06630339 0.000426307 0.0017378 0.06629159 0.000385407 0.0017352 0.06627819 0.000345507 0.0017288 0.06626329 0.000138607 0.0015366 0.06645899 0.000115207 0.0014772 0.06661299 0.000524907 0.001472 0.06673769 0.000465907 0.0014961 0.06673379 0.000404907 0.0015127 0.06672469 0.000343307 0.0015215 0.06671079 0.000282207 0.0015222 0.06669219 0.000223007 0.001515 0.06666939 0.000166907 0.0014999 0.06664279 0.000607207 0.0011679 0.06697599 0.000548807 0.0012191 0.06699729 0.000482007 0.0012623 0.06700939 0.000409007 0.0012961 0.06701209 0.000332307 0.0013193 0.06700529 0.000254307 0.0013312 0.06698909 0.000177807 0.0013314 0.06696409 0.000105307 0.0013198 0.06693119 3.910699e-05 0.0012969 0.06689149 0.000460407 0.001122 0.06714799 0.000378907 0.0011602 0.06715809 0.000292307 0.0011867 0.06715459 0.000204307 0.0012003 0.06713779 0.000118707 0.0012003 0.06710829 3.900699e-05 0.0011868 0.06706739 -3.139301e-05 0.0011605 0.06701679 -8.949301e-05 0.0011223 0.06695869 0.000583807 0.0008481002 0.06717549 0.000519607 0.0009024002 0.06723169 0.000439907 0.0009499002 0.06727199 0.000348907 0.0009882002 0.06729409 0.000251507 0.0010152 0.06729689 0.000152707 0.0010295 0.06728029 5.790698e-05 0.0010304 0.06724519 -2.799301e-05 0.0010177 0.06719329 -0.000100493 0.0009923001 0.06712749 -0.000155633 0.0009553001 0.06705109 0.000580107 0.0007714002 0.06719929 0.000514307 0.0008189002 0.06726669 0.000431407 0.0008612002 0.06731629 0.000336007 0.0008958002 0.06734519 0.000233707 0.0009207002 0.06735179 0.000130407 0.0009346002 0.06733569 3.200698e-05 0.0009365001 0.06729779 -5.589301e-05 0.0009265001 0.06724029 -0.000128143 0.0009051001 0.06716649 -0.000180663 0.0008734001 0.06708069 0.001618007 0.0021651 0.06471719 0.001788707 0.0020102 0.06477329 0.000609607 0.0011903 0.06695269 0.001927407 0.0018197 0.06479979 0.000588507 0.0009209002 0.06713849 0.002026307 0.0016041 0.06479549 0.000715707 0.0019235 0.06580259 0.001424907 0.0022755 0.06463479 0.004536607 0.0029006 0.06034239 0.006835107 0.00423 0.05577629 0.008916708 0.005589301 0.05110709 0.004436007 0.0031173 0.06035239 0.004293707 0.0033084 0.06033259 0.006733107 0.0044479 0.05579189 0.006587607 0.0046396 0.05577919 0.008813708 0.005808501 0.05112829 0.008665308 0.006000901 0.05112279 0.01067311 0.007196101 0.04637209 0.01052211 0.007389201 0.04637389 0.004117907 0.0034631 0.06028439 0.003918607 0.0035725 0.06021029 0.006407007 0.0047942 0.05573889 0.006201807 0.0049025 0.05567349 0.008480208 0.006155301 0.05109079 0.008269408 0.006262401 0.05103429 0.01033301 0.007543401 0.04635039 0.01011701 0.007649301 0.04630299 0.01241721 0.008357801 0.04149459 0.01077691 0.006975601 0.04634509 0.01241141 0.008385901 0.04150099 0.01233471 0.008549101 0.04152499 0.01230721 0.008607701 0.04153369 0.01221921 0.008719001 0.04153889 0.01215401 0.008801501 0.04154279 0.01207531 0.008864301 0.04153679 0.01196111 0.008955501 0.04152799 0.01190601 0.008981601 0.04151859 0.01174041 0.009060201 0.04149009 0.01171441 0.009065601 0.04148359 0.0005838071 -0.0012281 0.06717549 0.0005885071 -0.0013009 0.06713849 0.003065207 -0.0025035 0.06301149 0.0007572073 -0.0024873 0.06530829 0.002456907 -0.00317513 0.06286219 0.0007467072 -0.0024475 0.06543739 0.002652507 -0.0030651 0.06294129 0.0006965072 -0.0022145 0.06602849 0.0007157072 -0.0023035 0.06580259 0.002825307 -0.0029103 0.06299419 0.0006692072 -0.002054 0.06633459 0.0006751072 -0.0020886 0.06626859 0.002965507 -0.0027195 0.06301809 0.0006321071 -0.0017837 0.06672999 0.0006394071 -0.0018368 0.06665229 0.0005946071 -0.0013969 0.06708969 0.0006072071 -0.0015479 0.06697599 0.0006096071 -0.0015703 0.06695269 0.0005801071 -0.0011514 0.06719929 0.01241141 -0.008765879 0.04150099 0.01241721 -0.008737839 0.04149459 0.01146411 -0.007922229 0.04439899 0.01233471 -0.008929119 0.04152499 0.01136011 -0.008143219 0.04442819 0.01230721 -0.008987679 0.04153369 0.01221921 -0.009098989 0.04153889 0.01120821 -0.008336609 0.04443299 0.01215401 -0.009181489 0.04154279 0.01207531 -0.009244339 0.04153679 0.01101751 -0.008490689 0.04441299 0.01196111 -0.009335449 0.04152799 0.01190601 -0.009361599 0.04151859 0.01079961 -0.008596149 0.04436939 0.01174041 -0.009440169 0.04149009 0.01171441 -0.009445589 0.04148359 0.009694608 -0.006525919 0.04919519 0.009042108 -0.007199229 0.04913469 0.009254908 -0.007092569 0.04918759 0.009441708 -0.006938289 0.04921619 0.009591208 -0.006745589 0.04921879 0.007701908 -0.005155359 0.05390289 0.007062808 -0.00582808 0.05381219 0.007270308 -0.00572025 0.05387409 0.007452708 -0.0055658 0.05391099 0.007599508 -0.005373749 0.05392079 0.005490508 -0.00381358 0.05851169 0.004866108 -0.00448573 0.05839139 0.005067808 -0.00437678 0.05846199 0.005245608 -0.00422215 0.05850709 0.005389308 -0.00403074 0.05852399 0.0005885071 -0.0013009 0.06713849 0.0005196071 -0.0012824 0.06723169 -2.039286e-05 -0.0016765 0.06672449 6.890715e-05 -0.0018275 0.06658059 0.0001152072 -0.0018572 0.06661299 0.0001386072 -0.0019166 0.06645899 0.0002701072 -0.0020849 0.06622949 0.0003070072 -0.0020987 0.06624699 0.0005807071 -0.001821 0.06673639 0.0003252072 -0.0021407 0.06612829 0.0004191072 -0.0022358 0.06595589 0.0004459072 -0.0022418 0.06596619 0.0005373072 -0.0023279 0.06572889 0.0006959072 -0.0024513 0.06542419 0.0007010072 -0.0024512 0.06542559 0.0007549073 -0.0024875 0.06530769 0.0007547073 -0.0024875 0.06530769 0.0007552073 -0.0024875 0.06530779 0.0007555073 -0.0024875 0.06530789 0.0007557073 -0.0024874 0.06530789 0.0007560073 -0.0024874 0.06530799 0.0007562073 -0.0024874 0.06530809 0.0007565073 -0.0024874 0.06530809 0.0007567073 -0.0024874 0.06530819 0.0007570073 -0.0024873 0.06530829 0.0007060072 -0.002451 0.06542699 0.0007111072 -0.0024508 0.06542829 0.0007162072 -0.0024505 0.06542969 0.0007213072 -0.0024502 0.06543099 0.0007264072 -0.0024497 0.06543229 0.0007314072 -0.0024493 0.06543359 0.0007365072 -0.0024487 0.06543489 0.0007416072 -0.0024481 0.06543609 0.0004732072 -0.002246 0.06597579 0.0005010072 -0.0022483 0.06598489 0.0005290072 -0.0022489 0.06599339 0.0005572072 -0.0022476 0.06600109 0.0005855072 -0.0022446 0.06600809 0.0006137072 -0.0022397 0.06601439 0.0006416072 -0.002233 0.06601989 0.0006693072 -0.0022246 0.06602469 0.0007157072 -0.0023035 0.06580259 0.0006310072 -0.0020737 0.06633229 0.0003455072 -0.0021088 0.06626329 0.0003854072 -0.0021152 0.06627819 0.0004263072 -0.0021178 0.06629159 0.0004677072 -0.0021165 0.06630339 0.0005092072 -0.0021114 0.06631349 0.0005506072 -0.0021025 0.06632169 0.0005913072 -0.0020898 0.06632799 0.0001669072 -0.0018799 0.06664279 0.0002230071 -0.001895 0.06666939 0.0002822071 -0.0019022 0.06669219 0.0003433071 -0.0019015 0.06671079 0.0004049071 -0.0018927 0.06672469 0.0004659071 -0.0018761 0.06673379 0.0005249071 -0.001852 0.06673769 -6.529287e-05 -0.0016005 0.06679689 -1.839287e-05 -0.0016434 0.06684619 3.910713e-05 -0.0016769 0.06689149 0.0001053071 -0.0016998 0.06693119 0.0001778071 -0.0017114 0.06696409 0.0002543071 -0.0017112 0.06698909 0.0003323071 -0.0016993 0.06700529 0.0004090071 -0.0016761 0.06701209 0.0004820071 -0.0016423 0.06700939 0.0005488071 -0.0015991 0.06699729 0.0006096071 -0.0015703 0.06695269 0.0005333071 -0.0014535 0.06712489 0.0004604071 -0.001502 0.06714799 0.0003789071 -0.0015402 0.06715809 0.0002923071 -0.0015667 0.06715459 0.0002043071 -0.0015803 0.06713779 0.0001187071 -0.0015803 0.06710829 3.900711e-05 -0.0015668 0.06706739 -3.139289e-05 -0.0015405 0.06701679 -8.949288e-05 -0.0015023 0.06695869 -0.0001905929 -0.0012888 0.06696839 -0.0001418029 -0.001428 0.06690689 -0.0001327229 -0.0014539 0.06689549 0.0005143071 -0.0011989 0.06726669 0.0004399071 -0.0013299 0.06727199 0.0004314071 -0.0012412 0.06731629 0.0003489071 -0.0013682 0.06729409 0.0003360071 -0.0012757 0.06734519 0.0002515071 -0.0013952 0.06729689 0.0002337071 -0.0013007 0.06735179 0.0001527071 -0.0014095 0.06728029 0.0001304071 -0.0013146 0.06733569 5.79071e-05 -0.0014104 0.06724519 3.200709e-05 -0.0013165 0.06729779 -2.79929e-05 -0.0013977 0.06719329 -5.589291e-05 -0.0013065 0.06724029 -0.0001004929 -0.0013723 0.06712749 -0.0001281429 -0.0012851 0.06716649 -0.0001556329 -0.0013353 0.06705109 -0.0001806629 -0.0012534 0.06708069 -0.0002103929 -0.0012134 0.06698769 -0.0002161029 -0.0011835 0.06699089 -0.0002308629 -0.0011059 0.06699899 -0.0002093029 -0.001126 0.06710559 -0.0001616029 -0.0011409 0.06720429 -9.079292e-05 -0.0011495 0.06728889 -1.292922e-06 -0.0011513 0.06735399 0.0001012071 -0.0011463 0.06739539 0.0002101071 -0.0011347 0.06741059 0.0003187071 -0.0011173 0.06739859 0.0004201071 -0.0010952 0.06736009 0.0005078071 -0.0010697 0.06729769 -0.0002392129 -0.0010303 0.06699739 -0.0002216829 -0.0010416 0.06710739 -0.0001768429 -0.00105 0.06720969 -0.0001075929 -0.0010551 0.06729769 -1.849293e-05 -0.0010564 0.06736549 8.480707e-05 -0.0010539 0.06740889 0.0001954071 -0.0010478 0.06742499 0.0003064071 -0.0010384 0.06741269 0.0004104071 -0.0010264 0.06737289 0.0005008071 -0.0010126 0.06730809 -0.0002161029 -0.0011835 0.06699089 -0.0002171211 -0.00905478 0.04014999 -2.399106e-05 -0.00947263 0.04014999 -2.039286e-05 -0.0016765 0.06672449 -0.0001431711 -0.00927504 0.04014999 0.0001343089 -0.00963764 0.04014999 0.0003239089 -0.0097618 0.04014999 0.0003252072 -0.0021407 0.06612829 0.0001386072 -0.0019166 0.06645899 0.000535309 -0.00983887 0.04014999 0.0005498089 -0.00940233 0.04164999 0.0005498087 -0.00880794 0.04367689 0.0005498087 -0.00858241 0.04444599 0.0005498085 -0.00769848 0.04746029 0.0005498084 -0.00745541 0.04828909 0.0005498082 -0.00639578 0.05190249 0.0005498081 -0.00613097 0.05280559 0.0005498078 -0.00482957 0.05724339 0.0005373072 -0.0023279 0.06572889 0.0005498072 -0.0023799 0.06559699 0.0005498077 -0.00453733 0.05823999 0.01173701 0.008149601 0.04017889 0.01195531 0.008149601 0.04026049 0.01188601 0.007580601 0.04022529 0.01175111 0.008149601 0.04018069 0.01179781 0.007585001 0.04019369 0.01173721 0.007585001 0.04017729 0.01214861 0.008149601 0.04039009 0.01208671 0.007533201 0.04033639 0.01203811 0.007550101 0.04030369 0.01198181 0.008149601 0.04027079 0.01200211 0.007557301 0.04028519 0.01195481 0.007566801 0.04026079 0.01231031 0.007387801 0.04055719 0.01230881 0.007389801 0.04055469 0.01230641 0.008149601 0.04056059 0.01223001 0.007456201 0.04046089 0.01218331 0.008149601 0.04041489 0.01218141 0.007482301 0.04041869 0.01214821 0.007500101 0.04038989 0.01242331 0.007226701 0.04076099 0.01240961 0.007258801 0.04072319 0.01242051 0.008149601 0.04076279 0.01232821 0.007364601 0.04058709 0.01234311 0.008149601 0.04060409 0.01248631 0.007032101 0.04098489 0.01247371 0.007108701 0.04090049 0.01248471 0.008149601 0.04098559 0.01243211 0.007206101 0.04078549 0.01245161 0.008149601 0.04082669 0.01248891 0.007016601 0.04100199 0.01250211 0.008149601 0.04106919 0.01250431 0.006922601 0.04110549 0.01249571 0.008149601 0.04121699 0.01250261 0.006815701 0.04121739 0.01246161 0.006589501 0.04144259 0.01250241 0.006807501 0.04122589 0.01250251 0.006808201 0.04122519 0.01249131 0.008149601 0.04131669 0.01174491 0.008204301 0.04018069 0.01165861 0.008341801 0.04018069 0.01169751 0.008302901 0.04018069 0.01150531 0.008595901 0.04025899 0.01150531 0.008626101 0.04027079 0.01161131 0.008614201 0.04027079 0.01150531 0.008788001 0.04038659 0.01150531 0.008827601 0.04041489 0.01165621 0.008810601 0.04041489 0.01150531 0.008945501 0.04055439 0.01150531 0.008987501 0.04060409 0.01169181 0.008966401 0.04060409 0.01150531 0.009060301 0.04075369 0.01150531 0.009095901 0.04082669 0.01171591 0.009072201 0.04082669 0.01172711 0.009121401 0.04106919 0.01172471 0.009110901 0.04131669 0.01193311 0.009038001 0.04131669 0.01239371 0.008577501 0.04131669 0.01246661 0.008369001 0.04131669 0.01212011 0.008920501 0.04131669 0.01150531 0.009135701 0.04131669 0.01150531 0.009140601 0.04120289 0.01150531 0.009146401 0.04106919 0.01150531 0.009126501 0.04097369 0.01247711 0.008371401 0.04106919 0.01193781 0.009047701 0.04106919 0.01242791 0.008360201 0.04082669 0.01191591 0.009002201 0.04082669 0.01212681 0.008928901 0.04106919 0.01227621 0.008764401 0.04131669 0.01232211 0.008336101 0.04060409 0.01186881 0.008904501 0.04060409 0.01209531 0.008889501 0.04082669 0.01228461 0.008771101 0.04106919 0.01216631 0.008300501 0.04041489 0.01179951 0.008760401 0.04041489 0.01202771 0.008804701 0.04060409 0.01224521 0.008739601 0.04082669 0.01196981 0.008255701 0.04027079 0.01216041 0.008672001 0.04060409 0.01192801 0.008679701 0.04041489 0.01171211 0.008578901 0.04027079 0.01156001 0.008389201 0.04018069 0.01187781 0.008446701 0.04027079 0.01240331 0.008582101 0.04106919 0.01235791 0.008560201 0.04082669 0.01226021 0.008513201 0.04060409 0.01211611 0.008443801 0.04041489 0.01193461 0.008356401 0.04027079 0.01172681 0.008256301 0.04018069 0.01150531 0.008379301 0.04017869 0.01150531 0.008395401 0.04018069 0.01203541 0.008572301 0.04041489 0.01180241 0.008522201 0.04027079 0.01161201 0.008371101 0.04018069 0.007791908 0.008326201 0.04016569 0.009257808 0.008379601 0.04017679 0.007757808 0.008585001 0.04024979 0.009257808 0.008597201 0.04025579 0.007762908 0.008483801 0.04020749 0.007779108 0.008379601 0.04017679 0.007757808 0.008597201 0.04025579 0.007757808 0.008790801 0.04038259 0.009257808 0.008790801 0.04038259 0.007757808 0.008950101 0.04055059 0.009257808 0.008950101 0.04055059 0.009257808 0.008996901 0.04061889 0.007757808 0.009066501 0.04075069 0.009451108 0.009066501 0.04075069 0.007757808 0.009133701 0.04097219 0.009776008 0.009133701 0.04097219 0.007757808 0.009148201 0.04120319 0.01011491 0.009147901 0.04120329 0.01011931 0.009148101 0.04120629 0.01012021 0.009147901 0.04120329 0.01018451 0.009133701 0.04097219 0.01024571 0.009066501 0.04075069 0.01030061 0.008950101 0.04055059 0.01034651 0.008790801 0.04038259 0.01038101 0.008597201 0.04025579 0.01040241 0.008379601 0.04017679 0.01203811 -0.007930119 0.04030369 0.01214881 -0.007880669 0.04038949 0.01214861 -0.008529639 0.04039009 0.01246161 -0.006969479 0.04144259 0.01249571 -0.008529639 0.04121699 0.01249681 -0.007194429 0.04121689 0.01249131 -0.008529639 0.04131669 0.01249621 -0.007186109 0.04122549 0.01248931 -0.007086199 0.04132839 0.01248471 -0.008529639 0.04098559 0.01248801 -0.007412839 0.04098459 0.01250211 -0.008529639 0.04106919 0.01249031 -0.007397259 0.04100169 0.01250431 -0.007302619 0.04110549 0.01235501 -0.007718459 0.04062279 0.01242051 -0.008529639 0.04076279 0.01234311 -0.008529639 0.04060409 0.01232801 -0.007743949 0.04058769 0.01230641 -0.008529639 0.04056059 0.01230661 -0.007764029 0.04056009 0.01240961 -0.007638799 0.04072319 0.01242281 -0.007606429 0.04076119 0.01245161 -0.008529639 0.04082669 0.01243121 -0.007585539 0.04078569 0.01248041 -0.007464179 0.04092829 0.01218331 -0.008529639 0.04041489 0.01219091 -0.007861909 0.04042199 0.01223001 -0.007836179 0.04046089 0.01200281 -0.007938919 0.04028379 0.01198181 -0.008529639 0.04027079 0.01195831 -0.007950029 0.04025849 0.01195641 -0.007950209 0.04025769 0.01195531 -0.008529639 0.04026049 0.01179781 -0.007964999 0.04019369 0.01175111 -0.008529639 0.04018069 0.01173721 -0.007964999 0.04017729 0.01173701 -0.008529639 0.04017889 0.01150531 -0.008759339 0.04017869 0.01156001 -0.008769249 0.04018069 0.01169751 -0.008682879 0.04018069 0.01165861 -0.008721789 0.04018069 0.01196981 -0.008635659 0.04027079 0.01216631 -0.008680489 0.04041489 0.01232211 -0.008716069 0.04060409 0.01242791 -0.008740209 0.04082669 0.01247711 -0.008751429 0.04106919 0.01246661 -0.008749049 0.04131669 0.01239371 -0.008957459 0.04131669 0.01193311 -0.009418009 0.04131669 0.01172471 -0.009490929 0.04131669 0.01227621 -0.009144409 0.04131669 0.01150531 -0.009515659 0.04131669 0.01150531 -0.009520579 0.04120289 0.01172711 -0.009501379 0.04106919 0.01240331 -0.008962099 0.04106919 0.01150531 -0.009526369 0.04106919 0.01150531 -0.009506509 0.04097369 0.01171591 -0.009452209 0.04082669 0.01235791 -0.008940219 0.04082669 0.01228461 -0.009151089 0.04106919 0.01212011 -0.009300539 0.04131669 0.01150531 -0.009475939 0.04082669 0.01150531 -0.009440349 0.04075369 0.01169181 -0.009346449 0.04060409 0.01226021 -0.008893149 0.04060409 0.01224521 -0.009119649 0.04082669 0.01212681 -0.009308909 0.04106919 0.01150531 -0.009367449 0.04060409 0.01150531 -0.009325519 0.04055439 0.01165621 -0.009190579 0.04041489 0.01211611 -0.008823779 0.04041489 0.01216041 -0.009052009 0.04060409 0.01209531 -0.009269479 0.04082669 0.01150531 -0.009207569 0.04041489 0.01150531 -0.009167969 0.04038659 0.01161131 -0.008994159 0.04027079 0.01202771 -0.009184669 0.04060409 0.01203541 -0.008952319 0.04041489 0.01193461 -0.008736369 0.04027079 0.01174491 -0.008584329 0.04018069 0.01180241 -0.008902159 0.04027079 0.01193781 -0.009427659 0.04106919 0.01191591 -0.009382219 0.04082669 0.01186881 -0.009284479 0.04060409 0.01179951 -0.009140439 0.04041489 0.01171211 -0.008958919 0.04027079 0.01161201 -0.008751069 0.04018069 0.01192801 -0.009059669 0.04041489 0.01187781 -0.008826709 0.04027079 0.01172681 -0.008636279 0.04018069 0.01150531 -0.009006109 0.04027079 0.01150531 -0.008975899 0.04025899 0.01150531 -0.008775409 0.04018069 0.01040241 -0.008759569 0.04017679 0.01038101 -0.008977179 0.04025579 0.01034651 -0.009170809 0.04038259 0.01030061 -0.009330079 0.04055059 0.01024571 -0.009446449 0.04075069 0.01018451 -0.009513699 0.04097219 0.01012021 -0.009527869 0.04120329 0.01011491 -0.009527869 0.04120329 0.01011931 -0.009528059 0.04120629 0.007757809 -0.009446449 0.04075069 0.009776009 -0.009513699 0.04097219 0.007757809 -0.009513699 0.04097219 0.007757809 -0.009528219 0.04120319 0.009257809 -0.009330079 0.04055059 0.009257809 -0.009376939 0.04061889 0.009451109 -0.009446449 0.04075069 0.007757809 -0.009330079 0.04055059 0.007757809 -0.009170809 0.04038259 0.009257809 -0.009170809 0.04038259 0.007757809 -0.008977179 0.04025579 0.009257809 -0.008977179 0.04025579 0.007757809 -0.008964999 0.04024979 0.007762909 -0.008863609 0.04020739 0.009257809 -0.008759569 0.04017679 0.007791909 -0.008706179 0.04016569 0.007782209 -0.008758809 0.04017969 0.00789181 -0.008464999 0.01571439 0.00783391 -0.008582319 0.01527659 0.00785681 -0.008531119 0.01414999 0.00779191 -0.008706179 0.01481429 0.00779521 -0.008707329 0.01414999 0.00776781 -0.008824119 0.01437409 0.00778291 -0.008742479 0.01414999 0.00789651 -0.008467969 0.01414999 0.00797601 -0.008341509 0.01414999 0.00796441 -0.008356239 0.01612029 0.008145809 -0.008174099 0.03649999 0.008140609 -0.008178159 0.03649589 0.008256009 -0.008099999 0.03641779 0.008256009 -0.008099999 0.03288219 0.008257809 -0.008098979 0.04014999 0.008050709 -0.008257889 0.04014999 0.008050709 -0.008257889 0.03681269 0.00814061 -0.008178159 0.01680409 0.00814581 -0.008174099 0.01679999 0.00825601 -0.008099999 0.01688219 0.00805071 -0.008257889 0.01648729 0.00805511 -0.008262339 0.01414999 0.00813431 -0.008183169 0.01414999 0.00826081 -0.008103709 0.01414999 0.008148209 -0.008172269 0.03295449 0.008050709 -0.008257889 0.02914999 0.008256009 -0.008099999 0.02914999 0.00825601 -0.008099999 0.02414999 0.00825601 -0.008099999 0.02041779 0.00814821 -0.008172269 0.02034549 0.00805071 -0.008257889 0.02414999 0.00805071 -0.008257889 0.02025989 0.00789181 -0.008464999 0.02414999 0.00789181 -0.008464999 0.02005279 0.00779191 -0.008706179 0.02414999 0.00779191 -0.008706179 0.01981159 0.008050709 -0.008257889 0.03304009 0.007891809 -0.008464999 0.03324719 0.007891809 -0.008464999 0.02914999 0.007791909 -0.008706179 0.03348839 0.007791909 -0.008706179 0.02914999 0.007762909 -0.008863609 0.04020739 0.007782209 -0.008758809 0.04017969 0.007767809 -0.008824119 0.03892589 0.007791909 -0.008706179 0.04016569 0.007799509 -0.008708249 0.03849339 0.007857509 -0.008529639 0.04014999 0.007833909 -0.008582319 0.03802349 0.007891809 -0.008464999 0.04014999 0.007891809 -0.008464999 0.03758559 0.007964409 -0.008356239 0.03717969 0.008499009 -0.007999069 0.04014999 0.00832391 -0.008064029 0.01414999 0.00850011 -0.008002369 0.01414999 0.00853531 -0.007990069 0.01414999 0.008499008 0.007619101 0.04014999 0.00853531 0.007610101 0.01414999 0.00850011 0.007622401 0.01414999 0.00832391 0.007684001 0.01414999 0.008257808 0.007719001 0.04014999 0.00805511 0.007882301 0.01414999 0.008050708 0.007877901 0.04014999 0.00813431 0.007803201 0.01414999 0.00826081 0.007723701 0.01414999 0.007966109 0.007974101 0.01679999 0.007963009 0.007978201 0.01680409 0.008029309 0.007900001 0.01688219 0.008029309 0.007900001 0.02041779 0.007891809 0.008085001 0.03306729 0.008029309 0.007900001 0.03288219 0.008029309 0.007900001 0.02914999 0.008029309 0.007900001 0.02414999 0.007891809 0.008085001 0.02414999 0.007963008 0.007978201 0.03649589 0.007966108 0.007974101 0.03649999 0.008029308 0.007900001 0.03641779 0.007891808 0.008085001 0.03691389 0.007762908 0.008483801 0.04020749 0.007779108 0.008379601 0.04017679 0.007766308 0.008454501 0.03829279 0.007791908 0.008326201 0.04016569 0.007791908 0.008326201 0.03781399 0.007857508 0.008149601 0.04014999 0.007833908 0.008202301 0.03735169 0.007891808 0.008085001 0.04014999 0.007891809 0.008085001 0.02914999 0.007791909 0.008326201 0.02914999 0.007791908 0.008326201 0.03330839 0.007891809 0.008085001 0.02023279 0.007791909 0.008326201 0.01999159 0.007791909 0.008326201 0.02414999 0.00797601 0.007961501 0.01414999 0.007891809 0.008085001 0.01638619 0.00789651 0.008088001 0.01414999 0.007833909 0.008202301 0.01594829 0.00785681 0.008151101 0.01414999 0.007791909 0.008326201 0.01548609 0.00779521 0.008327301 0.01414999 0.00778291 0.008362501 0.01414999 0.007766309 0.008454501 0.01500729 0.01375221 -0.007935779 0.03373419 0.01250431 -0.007302619 0.04110549 0.01249031 -0.007397259 0.04100169 0.01309961 -0.007398879 0.03895449 0.01195641 -0.007950209 0.04025769 0.01219091 -0.007861909 0.04042199 0.01214881 -0.007880669 0.04038949 0.01265051 -0.007865969 0.03882639 0.01203811 -0.007930119 0.04030369 0.01244721 -0.007939929 0.03876839 0.01200281 -0.007938919 0.04028379 0.01195831 -0.007950029 0.04025849 0.01223001 -0.007836179 0.04046089 0.01283281 -0.007746829 0.03887839 0.01230661 -0.007764029 0.04056009 0.01242281 -0.007606429 0.04076119 0.01240961 -0.007638799 0.04072319 0.01298511 -0.007588489 0.03892179 0.01235501 -0.007718459 0.04062279 0.01232801 -0.007743949 0.04058769 0.01248801 -0.007412839 0.04098459 0.01248041 -0.007464179 0.04092829 0.01243121 -0.007585539 0.04078569 0.01248931 -0.007086199 0.04132839 0.01249621 -0.007186109 0.04122549 0.01317081 -0.007187519 0.03897479 0.01249681 -0.007194429 0.04121689 0.01246161 -0.006969479 0.04144259 0.01330081 -0.007964999 0.03463789 0.01275191 -0.007964999 0.03680209 0.01313031 -0.007939929 0.03625919 0.01378811 -0.007930929 0.03374249 0.01333491 -0.007865969 0.03631229 0.01395601 -0.007859519 0.03378179 0.01402301 -0.007831029 0.03379749 0.01351841 -0.007746829 0.03635989 0.01413821 -0.007740179 0.03382439 0.01422461 -0.007672109 0.03384459 0.01367171 -0.007588489 0.03639959 0.01378701 -0.007398879 0.03642949 0.01429091 -0.007583389 0.03386009 0.01437941 -0.007464999 0.03388079 0.01440711 -0.007396209 0.03388729 0.01447661 -0.007223819 0.03390349 0.01385861 -0.007187519 0.03644809 0.01448141 -0.007186969 0.03390459 0.01522341 -0.007964999 0.03197679 0.01542191 -0.007930929 0.03218469 0.01458271 -0.007223819 0.03360889 0.01449331 -0.007464999 0.03356439 0.01435101 -0.007672109 0.03349359 0.01525061 -0.007223819 0.03297209 0.01498041 -0.007223819 0.03313029 0.01521041 -0.007464999 0.03288059 0.01492021 -0.007464999 0.03305059 0.01514651 -0.007672109 0.03273509 0.01482461 -0.007672109 0.03292359 0.01506321 -0.007831029 0.03254549 0.01470001 -0.007831029 0.03275819 0.01496621 -0.007930929 0.03232469 0.01416561 -0.007831029 0.03340139 0.01555001 -0.007223819 0.03288009 0.01553191 -0.007464999 0.03278189 0.01550311 -0.007672109 0.03262559 0.01546561 -0.007831029 0.03242189 0.01475371 -0.007223819 0.03334649 0.01467691 -0.007464999 0.03328259 0.01455461 -0.007672109 0.03318109 0.01439531 -0.007831029 0.03304869 0.01420981 -0.007930929 0.03289459 0.01394961 -0.007930929 0.03329399 0.01455491 -0.007930929 0.03256559 0.01520441 -0.007964999 0.03198259 0.01423871 -0.007964999 0.03251179 0.01604061 -0.007223819 0.03272789 0.01599991 -0.007464999 0.03263659 0.01593511 -0.007672109 0.03249149 0.01585071 -0.007831029 0.03230239 0.01575241 -0.007930929 0.03208219 0.01604941 -0.007930929 0.03190469 0.01629621 -0.007930929 0.03166219 0.01647901 -0.007930929 0.03136849 0.01658751 -0.007930929 0.03103989 0.01661561 -0.007930929 0.03069509 0.01656161 -0.007930929 0.03035329 0.01642871 -0.007930929 0.03003379 0.01622431 -0.007930929 0.02975469 0.01595991 -0.007930929 0.02953149 0.01619681 -0.007831029 0.03209559 0.01648441 -0.007831029 0.03181299 0.01669751 -0.007831029 0.03147069 0.01682391 -0.007831029 0.03108779 0.01685661 -0.007831029 0.03068599 0.01679371 -0.007831029 0.03028769 0.01663881 -0.007831029 0.02991539 0.01640061 -0.007831029 0.02959009 0.01609251 -0.007831029 0.02933009 0.01632341 -0.007672109 0.03225949 0.01664611 -0.007672109 0.03194249 0.01688501 -0.007672109 0.03155849 0.01702691 -0.007672109 0.03112899 0.01706351 -0.007672109 0.03067819 0.01699301 -0.007672109 0.03023139 0.01681931 -0.007672109 0.02981379 0.01655211 -0.007672109 0.02944879 0.01620641 -0.007672109 0.02915709 0.01642051 -0.007464999 0.03238529 0.01677011 -0.007464999 0.03204189 0.01702901 -0.007464999 0.03162589 0.01718261 -0.007464999 0.03116059 0.01722241 -0.007464999 0.03067219 0.01714601 -0.007464999 0.03018819 0.01695771 -0.007464999 0.02973579 0.01666821 -0.007464999 0.02934039 0.01629381 -0.007464999 0.02902429 0.01648161 -0.007223819 0.03246429 0.01684801 -0.007223819 0.03210439 0.01711951 -0.007223819 0.03166819 0.01728051 -0.007223819 0.03118039 0.01732221 -0.007223819 0.03066839 0.01724211 -0.007223819 0.03016099 0.01704481 -0.007223819 0.02968669 0.01674131 -0.007223819 0.02927219 0.01634871 -0.007223819 0.02894089 0.01484781 -0.007964999 0.02834419 0.01503591 -0.007930929 0.02793629 0.01579701 -0.007223819 0.02820119 0.01592151 -0.007223819 0.02848859 0.01570131 -0.007464999 0.02823009 0.01583511 -0.007464999 0.02853859 0.01554921 -0.007672109 0.02827599 0.01569761 -0.007672109 0.02861829 0.01535091 -0.007831029 0.02833589 0.01551841 -0.007831029 0.02872209 0.01512001 -0.007930929 0.02840559 0.01530971 -0.007930929 0.02884299 0.01610881 -0.007223819 0.02873959 0.01603621 -0.007464999 0.02880819 0.01592061 -0.007672109 0.02891729 0.01577011 -0.007831029 0.02905949 0.01559471 -0.007930929 0.02922509 0.01575881 -0.007223819 0.02758019 0.01574171 -0.007223819 0.02789299 0.01566031 -0.007464999 0.02756329 0.01564201 -0.007464999 0.02789909 0.01550371 -0.007672109 0.02753629 0.01548341 -0.007672109 0.02790879 0.01529961 -0.007831029 0.02750119 0.01527671 -0.007831029 0.02792149 0.01506191 -0.007930929 0.02746029 0.01522341 -0.007964999 0.02915719 0.01667661 -0.007223819 0.02107889 0.01626671 -0.007223819 0.02433649 0.01607991 -0.007964999 0.01688999 0.01649451 -0.007930929 0.01449879 0.01587491 -0.007964999 0.01930999 0.01628311 -0.007930929 0.01775389 0.01560241 -0.007964999 0.02187919 0.01597371 -0.007930929 0.02100119 0.01505831 -0.007964999 0.02581089 0.01522341 -0.007964999 0.02475649 0.01556651 -0.007930929 0.02423759 0.01580541 -0.007831029 0.02427129 0.01601041 -0.007672109 0.02430029 0.01616781 -0.007464999 0.02432249 0.01621351 -0.007831029 0.02102769 0.01641931 -0.007672109 0.02105039 0.01657731 -0.007464999 0.02106789 0.01698801 -0.007223819 0.01781039 0.01688841 -0.007464999 0.01780239 0.01673001 -0.007672109 0.01778969 0.01652361 -0.007831029 0.01777319 0.01673541 -0.007831029 0.01451079 0.01694221 -0.007672109 0.01452109 0.01710091 -0.007464999 0.01452899 0.01720071 -0.007223819 0.01453399 0.01718111 -0.007223819 0.01423759 0.01708291 -0.007464999 0.01425559 0.01692661 -0.007672109 0.01428439 0.01672291 -0.007831029 0.01432179 0.01648561 -0.007930929 0.01436539 0.01644651 -0.007930929 0.01423759 0.01637901 -0.007930929 0.01412209 0.01628681 -0.007930929 0.01402529 0.01617491 -0.007930929 0.01395209 0.01604921 -0.007930929 0.01390659 0.01591641 -0.007930929 0.01389119 0.01666731 -0.007831029 0.01414069 0.01657171 -0.007831029 0.01397719 0.01644121 -0.007831029 0.01383999 0.01628261 -0.007831029 0.01373639 0.01610451 -0.007831029 0.01367189 0.01591641 -0.007831029 0.01364999 0.01685701 -0.007672109 0.01405749 0.01673731 -0.007672109 0.01385269 0.01657371 -0.007672109 0.01368079 0.01637511 -0.007672109 0.01355109 0.01615201 -0.007672109 0.01347029 0.01591641 -0.007672109 0.01344289 0.01700251 -0.007464999 0.01399369 0.01686431 -0.007464999 0.01375719 0.01667541 -0.007464999 0.01355869 0.01644611 -0.007464999 0.01340889 0.01618851 -0.007464999 0.01331559 0.01591641 -0.007464999 0.01328399 0.01709401 -0.007223819 0.01395359 0.01694411 -0.007223819 0.01369719 0.01673941 -0.007223819 0.01348199 0.01649071 -0.007223819 0.01331949 0.01621141 -0.007223819 0.01321839 0.01591641 -0.007223819 0.01318409 0.00875781 -0.007930929 0.01389119 0.00875781 -0.007831029 0.01364999 0.00875781 -0.007672109 0.01344289 0.00875781 -0.007464999 0.01328399 0.00875781 -0.007223819 0.01318409 0.00837031 -0.007267469 0.01318409 0.00842401 -0.007502609 0.01328399 0.00847011 -0.007704519 0.01344289 0.00850551 -0.007859459 0.01364999 0.00852771 -0.007956849 0.01389119 0.00830911 -0.008033329 0.01389119 0.00811311 -0.008156529 0.01389119 0.00794931 -0.008320269 0.01389119 0.00782611 -0.008516329 0.01389119 0.00774961 -0.008734899 0.01389119 0.00772371 -0.008964999 0.01389119 0.00826581 -0.007943319 0.01364999 0.00805081 -0.008078419 0.01364999 0.00787121 -0.008257979 0.01364999 0.00773611 -0.008472989 0.01364999 0.00765231 -0.008712669 0.01364999 0.00762381 -0.008964999 0.01364999 0.00819681 -0.007800139 0.01344289 0.00795171 -0.007954179 0.01344289 0.00774701 -0.008158889 0.01344289 0.00759291 -0.008404029 0.01344289 0.00749731 -0.0086773 0.01344289 0.00746491 -0.008965 0.01344289 0.00810701 -0.007613549 0.01328399 0.00782261 -0.007792249 0.01328399 0.00758501 -0.008029769 0.01328399 0.00740631 -0.00831417 0.01328399 0.00729541 -0.00863122 0.01328399 0.00725781 -0.008965 0.01328399 0.00800231 -0.007396249 0.01318409 0.00767221 -0.007603689 0.01318409 0.00739651 -0.00787939 0.01318409 0.00718901 -0.00820953 0.01318409 0.00706031 -0.00857755 0.01318409 0.00701661 -0.008965 0.01318409 0.00775491 -0.0116 0.01407409 0.00772371 -0.0116 0.01389119 0.00772371 -0.0114171 0.01389119 0.00766261 -0.01125002 0.01372409 0.00772371 -0.01062647 0.01389119 0.00774921 -0.01014768 0.01401949 0.00762381 -0.0116 0.01364999 0.00746491 -0.0116 0.01344289 0.00725781 -0.0116 0.01328399 0.00701661 -0.0116 0.01318409 0.00697981 -0.01357078 0.01514999 0.00772371 -0.01188011 0.01392279 0.00718901 -0.01349452 0.01514999 0.00701661 -0.01356593 0.01514999 0.007016611 -0.01351664 0.01471259 0.007016611 -0.01337124 0.01429699 0.007016611 -0.01313702 0.01392429 0.007016611 -0.01282573 0.01361299 0.007016611 -0.01245298 0.01337879 0.007016611 -0.01203746 0.01323339 0.00737621 -0.01337518 0.01514999 0.00725781 -0.01346602 0.01514999 0.00725781 -0.01341924 0.01473479 0.007257811 -0.01328123 0.01434039 0.007257811 -0.01305892 0.01398659 0.007257811 -0.01276345 0.01369109 0.007257811 -0.01240964 0.01346879 0.007257811 -0.01201523 0.01333079 0.00753301 -0.01321839 0.01514999 0.00746491 -0.01330711 0.01514999 0.00746491 -0.01326431 0.01477009 0.00746491 -0.01313805 0.01440929 0.007464911 -0.01293467 0.01408569 0.007464911 -0.01266436 0.01381529 0.007464911 -0.01234069 0.01361199 0.00746491 -0.01197987 0.01348569 0.00765231 -0.01303121 0.01514999 0.00762381 -0.0131 0.01514999 0.00762381 -0.01306239 0.01481619 0.00762381 -0.01295145 0.01449919 0.00762381 -0.01277275 0.01421479 0.00762381 -0.01253523 0.01397729 0.00762381 -0.01225083 0.01379859 0.00762381 -0.01193378 0.01368759 0.00773001 -0.01282205 0.01514999 0.00772371 -0.01285882 0.01514999 0.00772371 -0.01282726 0.01486989 0.00772371 -0.01273416 0.01460379 0.00772371 -0.01258418 0.01436519 0.00772371 -0.01238486 0.01416579 0.00772371 -0.01214618 0.01401589 0.00775491 -0.01267591 0.01514999 0.00773271 -0.01282252 0.01894989 0.00765881 -0.01303388 0.01889559 0.00766261 -0.0130259 0.01549999 0.00773271 -0.01282252 0.01625899 0.00698031 -0.01357493 0.01875649 0.00719171 -0.01350097 0.01877549 0.00738131 -0.01338183 0.01880609 0.00753961 -0.01322349 0.01884679 0.00773271 -0.01282252 0.01529659 0.007754909 0.0124759 0.01514999 0.007723709 0.0126588 0.01514999 0.007723709 0.0126588 0.01533289 0.007723709 0.0126588 0.01894059 0.007662609 0.0128259 0.01549999 0.007623809 0.0129 0.01887859 0.007723709 0.0126588 0.01612349 0.007749209 0.0125305 0.01660229 0.007623809 0.0129 0.01514999 0.007464909 0.0131071 0.01514999 0.007464909 0.0131071 0.01882529 0.007257809 0.013266 0.01514999 0.007257809 0.013266 0.01878449 0.007366609 0.0131934 0.01880319 0.007016609 0.0133659 0.01514999 0.006888309 0.0133914 0.01875219 0.007016609 0.0133659 0.01875879 0.007140509 0.0133239 0.01876959 0.007723709 0.0114 0.01389119 0.007623809 0.0114 0.01364999 0.007623809 0.0117338 0.01368759 0.007464909 0.0114 0.01344289 0.007464909 0.0117799 0.01348569 0.007257809 0.0114 0.01328399 0.007257809 0.0118152 0.01333079 0.007016609 0.0114 0.01318409 0.007016609 0.0118375 0.01323339 0.007723709 0.0126273 0.01486989 0.007016609 0.012253 0.01337879 0.007016609 0.0126257 0.01361299 0.007016609 0.012937 0.01392429 0.007016609 0.0131712 0.01429699 0.007016609 0.0133166 0.01471259 0.007257809 0.0122096 0.01346879 0.007257809 0.0125634 0.01369109 0.007257809 0.0128589 0.01398659 0.007257809 0.0130812 0.01434039 0.007257809 0.0132192 0.01473479 0.007464909 0.0121407 0.01361199 0.007464909 0.0124644 0.01381529 0.007464909 0.0127347 0.01408569 0.007464909 0.012938 0.01440929 0.007464909 0.0130643 0.01477009 0.007623809 0.0120508 0.01379859 0.007623809 0.0123352 0.01397729 0.007623809 0.0125727 0.01421479 0.007623809 0.0127515 0.01449919 0.007623809 0.0128624 0.01481619 0.007723709 0.0116801 0.01392279 0.007723709 0.0119462 0.01401589 0.007723709 0.0121849 0.01416579 0.007723709 0.0123842 0.01436519 0.007723709 0.0125342 0.01460379 0.007754909 0.0114 0.01407409 0.00772371 0.008585001 0.01389119 0.007749209 0.009947701 0.01401949 0.007662609 0.01105 0.01372409 0.007723709 0.0112171 0.01389119 0.007723709 0.0104265 0.01389119 0.00762381 0.008585001 0.01364999 0.00746491 0.008585 0.01344289 0.00725781 0.008585 0.01328399 0.00701661 0.008585 0.01318409 0.00706031 0.0081976 0.01318409 0.00729541 0.0082512 0.01328399 0.00749731 0.0082973 0.01344289 0.00765231 0.008332701 0.01364999 0.00774961 0.008354901 0.01389119 0.00782611 0.008136301 0.01389119 0.00794931 0.007940301 0.01389119 0.00811311 0.007776501 0.01389119 0.00830911 0.007653301 0.01389119 0.00852771 0.007576901 0.01389119 0.00875781 0.007550901 0.01389119 0.00773611 0.008093001 0.01364999 0.00787121 0.007878001 0.01364999 0.00805081 0.007698401 0.01364999 0.00826581 0.007563301 0.01364999 0.00850551 0.007479501 0.01364999 0.00875781 0.007451001 0.01364999 0.00759291 0.008024001 0.01344289 0.00774701 0.007778901 0.01344289 0.00795171 0.007574201 0.01344289 0.00819681 0.007420101 0.01344289 0.00847011 0.007324501 0.01344289 0.00875781 0.007292101 0.01344289 0.00740631 0.0079342 0.01328399 0.00758501 0.007649801 0.01328399 0.00782261 0.007412301 0.01328399 0.00810701 0.007233501 0.01328399 0.00842401 0.007122601 0.01328399 0.00875781 0.007085001 0.01328399 0.00718901 0.0078295 0.01318409 0.00739651 0.0074994 0.01318409 0.00767221 0.007223701 0.01318409 0.00800231 0.007016301 0.01318409 0.00837031 0.006887501 0.01318409 0.00875781 0.006843801 0.01318409 0.01591641 0.006843801 0.01318409 0.01591641 0.007085001 0.01328399 0.01591641 0.007292101 0.01344289 0.01591641 0.007451001 0.01364999 0.01591641 0.007550901 0.01389119 0.01621141 0.006843801 0.01321839 0.01618851 0.007085001 0.01331559 0.01615201 0.007292101 0.01347029 0.01610451 0.007451001 0.01367189 0.01604921 0.007550901 0.01390659 0.01617491 0.007550901 0.01395209 0.01628681 0.007550901 0.01402529 0.01637901 0.007550901 0.01412209 0.01644651 0.007550901 0.01423759 0.01648561 0.007550901 0.01436539 0.01649451 0.007550901 0.01449879 0.01628261 0.007451001 0.01373639 0.01644121 0.007451001 0.01383999 0.01657171 0.007451001 0.01397719 0.01666731 0.007451001 0.01414069 0.01672291 0.007451001 0.01432179 0.01673541 0.007451001 0.01451079 0.01637511 0.007292101 0.01355109 0.01657371 0.007292101 0.01368079 0.01673731 0.007292101 0.01385269 0.01685701 0.007292101 0.01405749 0.01692661 0.007292101 0.01428439 0.01694221 0.007292101 0.01452109 0.01644611 0.007085001 0.01340889 0.01667541 0.007085001 0.01355869 0.01686431 0.007085001 0.01375719 0.01700251 0.007085001 0.01399369 0.01708291 0.007085001 0.01425559 0.01710091 0.007085001 0.01452899 0.01649071 0.006843801 0.01331949 0.01673941 0.006843801 0.01348199 0.01694411 0.006843801 0.01369719 0.01709401 0.006843801 0.01395359 0.01718111 0.006843801 0.01423759 0.01720071 0.006843801 0.01453399 0.01667661 0.006843801 0.02107889 0.01698801 0.006843801 0.01781039 0.01505831 0.007585001 0.02581089 0.01506191 0.007550901 0.02746029 0.01587491 0.007585001 0.01930999 0.01597371 0.007550901 0.02100119 0.01607991 0.007585001 0.01688999 0.01628311 0.007550901 0.01775389 0.01560241 0.007585001 0.02187919 0.01556651 0.007550901 0.02423759 0.01522341 0.007585001 0.02475649 0.01652361 0.007451001 0.01777319 0.01673001 0.007292101 0.01778969 0.01688841 0.007085001 0.01780239 0.01621351 0.007451001 0.02102769 0.01641931 0.007292101 0.02105039 0.01657731 0.007085001 0.02106789 0.01626671 0.006843801 0.02433649 0.01616781 0.007085001 0.02432249 0.01601041 0.007292101 0.02430029 0.01580541 0.007451001 0.02427129 0.01529961 0.007451001 0.02750119 0.01550371 0.007292101 0.02753629 0.01566031 0.007085001 0.02756329 0.01575881 0.006843801 0.02758019 0.01484781 0.007585001 0.02834419 0.01512001 0.007550901 0.02840559 0.01522341 0.007585001 0.02915719 0.01559471 0.007550901 0.02922509 0.01634871 0.006843801 0.02894089 0.01610881 0.006843801 0.02873959 0.01629381 0.007085001 0.02902429 0.01603621 0.007085001 0.02880819 0.01620641 0.007292101 0.02915709 0.01592061 0.007292101 0.02891729 0.01609251 0.007451001 0.02933009 0.01577011 0.007451001 0.02905949 0.01595991 0.007550901 0.02953149 0.01530971 0.007550901 0.02884299 0.01551841 0.007451001 0.02872209 0.01569761 0.007292101 0.02861829 0.01583511 0.007085001 0.02853859 0.01592151 0.006843801 0.02848859 0.01579701 0.006843801 0.02820119 0.01570131 0.007085001 0.02823009 0.01554921 0.007292101 0.02827599 0.01535091 0.007451001 0.02833589 0.01503591 0.007550901 0.02793629 0.01527671 0.007451001 0.02792149 0.01548341 0.007292101 0.02790879 0.01564201 0.007085001 0.02789909 0.01574171 0.006843801 0.02789299 0.01674131 0.006843801 0.02927219 0.01666821 0.007085001 0.02934039 0.01655211 0.007292101 0.02944879 0.01640061 0.007451001 0.02959009 0.01591481 0.007585001 0.02982979 0.01622431 0.007550901 0.02975469 0.01642871 0.007550901 0.03003379 0.01656161 0.007550901 0.03035329 0.01661561 0.007550901 0.03069509 0.01658751 0.007550901 0.03103989 0.01647901 0.007550901 0.03136849 0.01629621 0.007550901 0.03166219 0.01604941 0.007550901 0.03190469 0.01575241 0.007550901 0.03208219 0.01542191 0.007550901 0.03218469 0.01663881 0.007451001 0.02991539 0.01679371 0.007451001 0.03028769 0.01685661 0.007451001 0.03068599 0.01682391 0.007451001 0.03108779 0.01669751 0.007451001 0.03147069 0.01648441 0.007451001 0.03181299 0.01619681 0.007451001 0.03209559 0.01585071 0.007451001 0.03230239 0.01546561 0.007451001 0.03242189 0.01681931 0.007292101 0.02981379 0.01699301 0.007292101 0.03023139 0.01706351 0.007292101 0.03067819 0.01702691 0.007292101 0.03112899 0.01688501 0.007292101 0.03155849 0.01664611 0.007292101 0.03194249 0.01632341 0.007292101 0.03225949 0.01593511 0.007292101 0.03249149 0.01550311 0.007292101 0.03262559 0.01695771 0.007085001 0.02973579 0.01714601 0.007085001 0.03018819 0.01722241 0.007085001 0.03067219 0.01718261 0.007085001 0.03116059 0.01702901 0.007085001 0.03162589 0.01677011 0.007085001 0.03204189 0.01642051 0.007085001 0.03238529 0.01599991 0.007085001 0.03263659 0.01553191 0.007085001 0.03278189 0.01704481 0.006843801 0.02968669 0.01724211 0.006843801 0.03016099 0.01732221 0.006843801 0.03066839 0.01728051 0.006843801 0.03118039 0.01711951 0.006843801 0.03166819 0.01684801 0.006843801 0.03210439 0.01648161 0.006843801 0.03246429 0.01604061 0.006843801 0.03272789 0.01555001 0.006843801 0.03288009 0.01520441 0.007585001 0.03198259 0.01496621 0.007550901 0.03232469 0.01423871 0.007585001 0.03251179 0.01420981 0.007550901 0.03289459 0.01448541 0.006807501 0.03390559 0.01458271 0.006843801 0.03360889 0.01449331 0.007085001 0.03356439 0.01441341 0.007018901 0.03388869 0.01447341 0.006842701 0.03390279 0.01435101 0.007292101 0.03349359 0.01429741 0.007208501 0.03386159 0.01437481 0.007082001 0.03387969 0.01395861 0.007486001 0.03378239 0.01402011 0.007446301 0.03379679 0.01416561 0.007451001 0.03340139 0.01414321 0.007366801 0.03382559 0.01422031 0.007287701 0.03384359 0.01394961 0.007550901 0.03329399 0.01378701 0.007547601 0.03374229 0.01375281 0.007559901 0.03373429 0.01475371 0.006843801 0.03334649 0.01467691 0.007085001 0.03328259 0.01455461 0.007292101 0.03318109 0.01439531 0.007451001 0.03304869 0.01455491 0.007550901 0.03256559 0.01470001 0.007451001 0.03275819 0.01482461 0.007292101 0.03292359 0.01492021 0.007085001 0.03305059 0.01498041 0.006843801 0.03313029 0.01525061 0.006843801 0.03297209 0.01521041 0.007085001 0.03288059 0.01514651 0.007292101 0.03273509 0.01506321 0.007451001 0.03254549 0.01522341 0.007585001 0.03197679 0.01385861 0.006807501 0.03644809 0.01330081 0.007585001 0.03463789 0.01313031 0.007559901 0.03625919 0.01250261 0.006815701 0.04121739 0.01250251 0.006808201 0.04122519 0.01317081 0.006807501 0.03897479 0.01250241 0.006807501 0.04122589 0.01246161 0.006589501 0.04144259 0.01247371 0.007108701 0.04090049 0.01309961 0.007018901 0.03895449 0.01243211 0.007206101 0.04078549 0.01298511 0.007208501 0.03892179 0.01242331 0.007226701 0.04076099 0.01248631 0.007032101 0.04098489 0.01248891 0.007016601 0.04100199 0.01250431 0.006922601 0.04110549 0.01230881 0.007389801 0.04055469 0.01231031 0.007387801 0.04055719 0.01283281 0.007366801 0.03887839 0.01232821 0.007364601 0.04058709 0.01240961 0.007258801 0.04072319 0.01208671 0.007533201 0.04033639 0.01214821 0.007500101 0.04038989 0.01265051 0.007486001 0.03882639 0.01218141 0.007482301 0.04041869 0.01223001 0.007456201 0.04046089 0.01244721 0.007559901 0.03876839 0.01188601 0.007580601 0.04022529 0.01195481 0.007566801 0.04026079 0.01200211 0.007557301 0.04028519 0.01203811 0.007550101 0.04030369 0.01333491 0.007486001 0.03631229 0.01351841 0.007366801 0.03635989 0.01367171 0.007208501 0.03639959 0.01378701 0.007018901 0.03642949</float_array>
          <technique_common>
            <accessor count="4158" source="#verts-array-array" stride="3">
              <param type="float" name="X"/>
              <param type="float" name="Y"/>
              <param type="float" name="Z"/>
            </accessor>
          </technique_common>
        </source>
        <source id="normals-array">
          <float_array count="12474" id="normals-array-array">-1 -4.64102e-08 -5.411361e-08 -1 -4.64102e-08 -5.411362e-08 -1 -4.641021e-08 -5.411359e-08 -1 -4.641021e-08 -5.411357e-08 -1 -4.641019e-08 -5.411356e-08 -1 -4.641021e-08 -5.411357e-08 -1 -4.64102e-08 -5.411357e-08 -1 -4.641021e-08 -5.411357e-08 -1 -4.641018e-08 -5.411357e-08 -1 -4.641021e-08 -5.411358e-08 -1 -4.641023e-08 -5.411358e-08 -1 -4.64102e-08 -5.411358e-08 -1 -4.64102e-08 -5.411358e-08 -1 -4.641021e-08 -5.411357e-08 -1 -4.641021e-08 -5.41136e-08 -1 -4.64102e-08 -5.411357e-08 -1 -4.641003e-08 -5.411361e-08 -1 -4.641016e-08 -5.411358e-08 -1 -4.64098e-08 -5.411367e-08 -1 -4.641026e-08 -5.411355e-08 -1 -4.641019e-08 -5.411357e-08 -1 -4.64102e-08 -5.411357e-08 -1 -4.641021e-08 -5.411358e-08 -1 -4.641017e-08 -5.411355e-08 -1 -4.641016e-08 -5.411355e-08 -1 -4.641021e-08 -5.411358e-08 -1 -4.641021e-08 -5.411356e-08 -1 -4.641022e-08 -5.411359e-08 -1 -4.64102e-08 -5.411357e-08 -1 -4.641021e-08 -5.411357e-08 -1 -4.641019e-08 -5.411359e-08 -1 -4.641023e-08 -5.411356e-08 -1 -4.641021e-08 -5.411358e-08 -1 -4.641021e-08 -5.411358e-08 -1 -4.641021e-08 -5.411359e-08 -1 -4.64102e-08 -5.411357e-08 -1 -4.64102e-08 -5.411357e-08 -1 -4.64102e-08 -5.411357e-08 -1 -4.641021e-08 -5.411357e-08 -1 -4.641021e-08 -5.411357e-08 -1 -4.64102e-08 -5.411358e-08 -1 -4.641021e-08 -5.411357e-08 -1 -4.641021e-08 -5.411358e-08 -1 -4.641017e-08 -5.411357e-08 -1 -4.641016e-08 -5.411356e-08 -1 -4.641021e-08 -5.411357e-08 -1 -4.641021e-08 -5.411357e-08 -1 -4.641021e-08 -5.411358e-08 -1 -4.641021e-08 -5.411357e-08 -1 -4.64102e-08 -5.411357e-08 -1 -4.641021e-08 -5.411357e-08 -1 -4.641023e-08 -5.411357e-08 -1 -4.64102e-08 -5.411357e-08 -1 -4.641027e-08 -5.411359e-08 -1 -4.640992e-08 -5.411351e-08 -1 -4.641026e-08 -5.411358e-08 -1 -4.641022e-08 -5.411359e-08 -1 -4.641021e-08 -5.411357e-08 -1 -4.641021e-08 -5.411357e-08 -1 -4.641021e-08 -5.411356e-08 -1 -4.641021e-08 -5.411356e-08 -1 -4.641021e-08 -5.411357e-08 -1 -4.641021e-08 -5.411357e-08 -1 -4.641021e-08 -5.411357e-08 -1 -4.641019e-08 -5.411357e-08 -1 -4.641021e-08 -5.411358e-08 -1 -4.64102e-08 -5.411358e-08 -1 -4.641021e-08 -5.411356e-08 -1 -4.641021e-08 -5.411356e-08 -1 -4.64102e-08 -5.411358e-08 -1 -4.641021e-08 -5.411356e-08 -1 -4.641021e-08 -5.411357e-08 -1 -4.64102e-08 -5.411358e-08 -1 -4.64102e-08 -5.411358e-08 -1 -4.64102e-08 -5.411358e-08 -1 -4.641021e-08 -5.411357e-08 -1 -4.641021e-08 -5.411358e-08 -1 -4.64102e-08 -5.411356e-08 -1 -4.64102e-08 -5.411356e-08 -1 -4.641021e-08 -5.41136e-08 -1 -4.641022e-08 -5.411357e-08 -1 -4.641021e-08 -5.411357e-08 -1 -4.641022e-08 -5.411357e-08 -1 -4.641039e-08 -5.411361e-08 -1 -4.641021e-08 -5.411358e-08 -1 -4.641022e-08 -5.411358e-08 -1 -4.641018e-08 -5.411356e-08 -1 -4.641052e-08 -5.411365e-08 -1 -4.641025e-08 -5.411358e-08 -1 -4.641022e-08 -5.411358e-08 -1 -4.641021e-08 -5.411357e-08 -1 -4.641021e-08 -5.411357e-08 -1 -4.64102e-08 -5.411357e-08 -1 -4.641019e-08 -5.411355e-08 -1 -4.641019e-08 -5.411358e-08 -1 -4.64102e-08 -5.411358e-08 -1 -4.64102e-08 -5.411357e-08 -1 -4.641018e-08 -5.411356e-08 -1 -4.641021e-08 -5.411359e-08 -1 -4.64102e-08 -5.411357e-08 -1 -4.641019e-08 -5.41136e-08 -1 -4.641021e-08 -5.411356e-08 -1 -4.64102e-08 -5.411358e-08 -1 -4.641021e-08 -5.411358e-08 -1 -4.64102e-08 -5.411358e-08 -1 -4.641021e-08 -5.411358e-08 -1 -4.641018e-08 -5.411358e-08 -1 -4.641021e-08 -5.411357e-08 -1 -4.641021e-08 -5.411357e-08 -1 -4.641021e-08 -5.411357e-08 -1 -4.641019e-08 -5.411357e-08 -1 -4.641021e-08 -5.411357e-08 -1 -4.64102e-08 -5.411357e-08 -1 -4.641021e-08 -5.411357e-08 -1 -4.641023e-08 -5.411357e-08 -1 -4.641022e-08 -5.411357e-08 -1 -4.641019e-08 -5.411357e-08 -1 -4.641025e-08 -5.411357e-08 -1 -4.641025e-08 -5.411357e-08 -1 -4.641016e-08 -5.411358e-08 -1 -4.641037e-08 -5.411354e-08 -1 -4.641019e-08 -5.411357e-08 -1 -4.64102e-08 -5.411357e-08 -1 -4.641021e-08 -5.411356e-08 -1 -4.641022e-08 -5.411357e-08 -1 -4.64102e-08 -5.411359e-08 -1 -4.641021e-08 -5.411357e-08 -1 -4.64102e-08 -5.411359e-08 -1 -4.641021e-08 -5.411358e-08 -1 -4.641021e-08 -5.411357e-08 -1 -4.64102e-08 -5.411356e-08 -1 -4.641021e-08 -5.411357e-08 -1 -4.641021e-08 -5.411356e-08 -1 -4.641021e-08 -5.411358e-08 -1 -4.641021e-08 -5.411358e-08 -1 -4.641019e-08 -5.411357e-08 -1 -4.641021e-08 -5.411357e-08 -1 -4.64102e-08 -5.411357e-08 -1 -4.641021e-08 -5.411357e-08 -1 -4.641022e-08 -5.411359e-08 -1 -4.641022e-08 -5.411358e-08 -1 -4.641024e-08 -5.411355e-08 -1 -4.641021e-08 -5.411357e-08 -1 -4.641021e-08 -5.411357e-08 -1 -4.641021e-08 -5.411357e-08 -1 -4.64102e-08 -5.411357e-08 -1 -4.641024e-08 -5.411357e-08 -1 -4.64102e-08 -5.411357e-08 -1 -4.641021e-08 -5.411357e-08 -1 -4.641021e-08 -5.411357e-08 -1 -4.641021e-08 -5.411357e-08 -1 -4.641021e-08 -5.411357e-08 -1 -4.641021e-08 -5.411357e-08 -1 -4.641021e-08 -5.411357e-08 -1 -4.641021e-08 -5.411358e-08 -1 -4.641021e-08 -5.411357e-08 -1 -4.641022e-08 -5.411357e-08 -1 -4.641021e-08 -5.411357e-08 -1 -4.641021e-08 -5.411357e-08 -1 -4.641021e-08 -5.411357e-08 -1 -4.641021e-08 -5.411357e-08 -1 -4.641021e-08 -5.411358e-08 -1 -4.641016e-08 -5.411357e-08 -1 -4.641021e-08 -5.411357e-08 -1 -4.641021e-08 -5.411357e-08 -1 -4.641021e-08 -5.411357e-08 -1 -4.641021e-08 -5.411357e-08 -1 -4.641021e-08 -5.411357e-08 -1 -4.641021e-08 -5.411357e-08 -1 -4.64102e-08 -5.411357e-08 -1 -4.641021e-08 -5.411357e-08 -1 -4.641021e-08 -5.411357e-08 -1 -4.64102e-08 -5.411362e-08 -1 -4.641021e-08 -5.411363e-08 -1 -4.641021e-08 -5.411357e-08 -1 -4.641021e-08 -5.411357e-08 -1 -4.641021e-08 -5.411357e-08 -1 -4.641021e-08 -5.411357e-08 -1 -4.641021e-08 -5.411357e-08 -1 -4.641023e-08 -5.411357e-08 -1 -4.641021e-08 -5.411357e-08 -1 -4.641021e-08 -5.411357e-08 -1 -4.641019e-08 -5.411357e-08 -1 -4.641021e-08 -5.411357e-08 -1 -4.641021e-08 -5.411357e-08 -1 -4.641022e-08 -5.411358e-08 -1 -4.64102e-08 -5.41136e-08 -1 -4.641022e-08 -5.411361e-08 -1 -4.641022e-08 -5.411361e-08 -1 -4.641021e-08 -5.411362e-08 -1 -4.641021e-08 -5.411361e-08 -1 -4.641025e-08 -5.411355e-08 -1 -4.641025e-08 -5.411355e-08 -1 -4.641021e-08 -5.41136e-08 -1 -4.641008e-08 -5.411354e-08 -1 -4.64101e-08 -5.411354e-08 -1 -4.641021e-08 -5.411357e-08 -1 -4.641021e-08 -5.411359e-08 -1 -4.641021e-08 -5.41136e-08 -1 -4.641021e-08 -5.411356e-08 -1 -4.641021e-08 -5.41136e-08 -1 -4.641021e-08 -5.411362e-08 -1 -4.641021e-08 -5.41136e-08 -1 -4.641021e-08 -5.411362e-08 -1 -4.641021e-08 -5.411362e-08 -1 -4.641021e-08 -5.411356e-08 -1 -4.641035e-08 -5.411353e-08 -1 -4.641037e-08 -5.411353e-08 -1 -4.641021e-08 -5.411357e-08 1 4.641021e-08 5.411357e-08 1 4.641021e-08 5.411358e-08 1 4.641021e-08 5.411357e-08 1 4.641021e-08 5.411358e-08 0.9957329 0.09204981 0.006539124 0.9962712 0.05614818 -0.06550675 1 4.641015e-08 5.411357e-08 0.9954968 -0.007595003 -0.09448999 -6.395446e-06 -0.7071201 0.7070934 -5.427903e-09 -0.7072978 0.7069157 -4.674955e-05 -0.7071546 0.7070589 -5.444031e-09 -0.7071372 0.7070763 9.133073e-06 -0.7071333 0.7070803 1.454211e-05 -0.7071226 0.707091 -4.112776e-05 -0.7070569 0.7071567 -0.0007916778 0.9978959 -0.06483135 -4.641021e-08 1 3.519251e-16 0.06522228 0.9963094 -0.05579937 -4.641021e-08 1 -3.738745e-16 0.03460208 0.9993986 -0.002265331 -4.641021e-08 1 -3.91807e-15 -4.641021e-08 1 -1.354658e-14 -4.641021e-08 1 -2.511422e-15 4.27721e-08 -0.9978595 0.06539508 4.641021e-08 -1 1.418647e-16 4.27721e-08 -0.9978595 0.06539508 4.641021e-08 -1 5.001625e-16 4.641021e-08 -1 -3.797837e-16 4.641021e-08 -1 8.016939e-16 4.641021e-08 -1 2.511422e-15 4.641021e-08 -1 2.511421e-15 -5.703133e-08 0.06536207 0.9978616 -2.332919e-06 0.2587665 0.9659399 -5.703133e-08 0.06536207 0.9978616 -6.428084e-08 0.2587971 0.9659317 -1.980774e-07 0.3825501 0.9239348 -2.422048e-06 0.5000341 0.8660057 -7.006743e-08 0.4999072 0.866079 -7.108063e-08 0.7071605 0.7070531 -7.108063e-08 0.7071605 0.7070531 -6.725133e-08 0.8659804 0.500078 -6.725133e-08 0.8659804 0.500078 -5.883673e-08 0.9659111 0.2588739 -5.883673e-08 0.9659111 0.2588739 -4.98473e-08 0.9978624 0.06534961 -4.98473e-08 0.9978624 0.06534961 3.082224e-08 -0.965922 0.2588333 3.082225e-08 -0.965922 0.2588333 1.313347e-08 -0.86601 0.5000267 1.313347e-08 -0.86601 0.5000267 -5.444286e-09 -0.7071348 0.7070788 -5.444287e-09 -0.7071348 0.7070788 -3.774876e-06 -0.5000385 0.8660032 -2.367135e-08 -0.4998361 0.86612 -2.400926e-07 -0.3825127 0.9239502 -3.658621e-06 -0.2587763 0.9659373 -4.025749e-08 -0.258825 0.9659242 -5.096463e-08 -0.06535733 0.9978619 -5.096463e-08 -0.06535733 0.9978619 0.06557915 0.9728876 -0.2217863 -0.002138206 0.9660066 -0.2585084 0.06582206 0.941822 -0.329604 0.06595558 0.8990306 -0.43289 -0.002950285 0.8660853 -0.4998875 0.06616353 0.8448997 -0.5308171 0.06635305 0.780101 -0.6221251 -0.003217527 0.7070996 -0.7071067 0.06631456 0.7054636 -0.7056369 0.066205 0.622193 -0.7800594 -0.002945478 0.4998167 -0.8661262 0.06616526 0.5308333 -0.8448894 0.06595305 0.4326189 -0.8991613 -0.002139214 0.2585122 -0.9660056 0.06520411 0.05588924 -0.9963056 -0.0007902536 0.06492699 -0.9978897 0.06537197 0.221868 -0.9728829 0.06563177 0.3295388 -0.9418581 0.06518993 -0.05586795 -0.9963077 0.06538822 -0.2219092 -0.9728724 -0.0007903346 -0.06492219 -0.99789 -0.002137724 -0.2585221 -0.966003 0.06566755 -0.3295688 -0.9418451 0.06594225 -0.4326646 -0.8991401 -0.002942018 -0.4998219 -0.8661232 0.06612971 -0.5308265 -0.8448965 0.06614173 -0.6221233 -0.7801204 -0.003210655 -0.7070755 -0.7071308 0.0662672 -0.7054837 -0.7056213 0.06626835 -0.780137 -0.622089 -0.002946187 -0.8661128 -0.49984 0.06611484 -0.8448214 -0.5309479 0.06595731 -0.8990115 -0.4329296 -0.002139201 -0.9660178 -0.2584668 0.06514266 -0.996313 -0.05582796 -0.0007913214 -0.997893 -0.06487701 0.06543005 -0.9728907 -0.2218168 0.06570891 -0.9418596 -0.3295191 5.432358e-09 0.7072535 -0.70696 -6.635139e-06 0.7071896 -0.7070239 -9.579891e-06 0.7071059 -0.7071077 -1.737443e-05 0.707058 -0.7071555 4.199882e-06 0.7071133 -0.7071003 5.4482e-09 0.707096 -0.7071176 -3.947192e-06 0.707098 -0.7071156 -1.583239e-05 0.7070955 -0.707118 -2.180321e-05 0.7070998 -0.7071137 7.488983e-05 0.7071824 0.7070312 4.123355e-06 0.7071133 0.7071003 -5.208471e-06 0.7071249 0.7070886 -1.745097e-05 0.707058 0.7071555 -6.711658e-06 0.7071896 0.7070239 -7.107991e-08 0.7072535 0.70696 -7.108093e-08 0.7071202 0.7070934 -2.089519e-05 0.7071145 0.707099 -4.242164e-05 0.7071232 0.7070904 7.108314e-08 -0.7068352 -0.7073782 7.108313e-08 -0.7068352 -0.7073782 7.108314e-08 -0.7068352 -0.7073782 7.108313e-08 -0.7068352 -0.7073782 1 4.641021e-08 5.411357e-08 1 4.641017e-08 5.411357e-08 1 4.641021e-08 5.411357e-08 1 4.641014e-08 5.411357e-08 5.492587e-09 0.7066542 -0.707559 5.492585e-09 0.7066542 -0.707559 5.492587e-09 0.7066542 -0.707559 5.492585e-09 0.7066542 -0.707559 -5.474398e-09 -0.7068352 0.7073782 -5.474395e-09 -0.7068352 0.7073782 -5.474398e-09 -0.7068352 0.7073782 -5.474395e-09 -0.7068352 0.7073782 1 4.641022e-08 5.411358e-08 1 4.641022e-08 5.411357e-08 1 4.641021e-08 5.411357e-08 1 4.641021e-08 5.411357e-08 1 4.641021e-08 5.411358e-08 1 4.641021e-08 5.41136e-08 1 4.641021e-08 5.411358e-08 1 4.641021e-08 5.411357e-08 1 4.641019e-08 5.411356e-08 1 4.641021e-08 5.411356e-08 1 4.641021e-08 5.411358e-08 1 4.641022e-08 5.411358e-08 1 4.641022e-08 5.41136e-08 1 4.641021e-08 5.411359e-08 1 4.641021e-08 5.411358e-08 1 4.641019e-08 5.411359e-08 1 4.641019e-08 5.411358e-08 1 4.641021e-08 5.411358e-08 1 4.641021e-08 5.411357e-08 1 4.641021e-08 5.411357e-08 1 4.641021e-08 5.411355e-08 1 4.641021e-08 5.411357e-08 1 4.641019e-08 5.411359e-08 1 4.64102e-08 5.411357e-08 1 4.641021e-08 5.411357e-08 1 4.64102e-08 5.411356e-08 1 4.641023e-08 5.411358e-08 1 4.64102e-08 5.411355e-08 1 4.64102e-08 5.411357e-08 1 4.641019e-08 5.411359e-08 4.025826e-08 0.2588124 -0.9659276 4.025826e-08 0.2588124 -0.9659276 4.025826e-08 0.2588124 -0.9659276 4.025826e-08 0.2588124 -0.9659276 7.108105e-08 -0.7071068 -0.7071068 7.108105e-08 -0.7071068 -0.7071068 7.108105e-08 -0.7071068 -0.7071068 7.108105e-08 -0.7071068 -0.7071068 3.082364e-08 -0.9659276 0.2588124 3.082364e-08 -0.9659276 0.2588124 3.082364e-08 -0.9659276 0.2588124 3.082364e-08 -0.9659276 0.2588124 -4.025826e-08 -0.2588124 0.9659276 -4.025826e-08 -0.2588124 0.9659276 -4.025826e-08 -0.2588124 0.9659276 -4.025826e-08 -0.2588124 0.9659276 -7.108105e-08 0.7071068 0.7071068 -7.108105e-08 0.7071068 0.7071068 -7.108105e-08 0.7071068 0.7071068 -7.108104e-08 0.7071068 0.7071068 -7.108104e-08 0.7071068 0.7071068 -7.108105e-08 0.7071068 0.7071068 -7.108105e-08 0.7071068 0.7071068 -7.108104e-08 0.7071068 0.7071068 -4.173794e-07 0.9659292 -0.2588063 -3.08238e-08 0.9659283 -0.25881 -4.899623e-06 0.9659264 -0.2588168 7.109603e-06 0.9659206 -0.2588387 -3.083165e-08 0.9659599 -0.258692 -1.870354e-06 0.965947 -0.2587402 -7.485132e-06 0.9659289 -0.2588075 -2.935907e-06 0.965929 -0.2588074 6.130538e-06 0.9659183 -0.2588473 1 4.641021e-08 5.411358e-08 1 4.641021e-08 5.411355e-08 1 4.64102e-08 5.411357e-08 1 4.64102e-08 5.411357e-08 1 4.641021e-08 5.411358e-08 1 4.641021e-08 5.411358e-08 1 4.641023e-08 5.411358e-08 1 4.641021e-08 5.411357e-08 1 4.64102e-08 5.411359e-08 1 4.64102e-08 5.411358e-08 1 4.641019e-08 5.41136e-08 1 4.641022e-08 5.411356e-08 1 4.641021e-08 5.411357e-08 1 4.64102e-08 5.411357e-08 1 4.641021e-08 5.411357e-08 1 4.64102e-08 5.411358e-08 1 4.641021e-08 5.411356e-08 1 4.64102e-08 5.41136e-08 1 4.641021e-08 5.411359e-08 1 4.64102e-08 5.411357e-08 1 4.641019e-08 5.411357e-08 1 4.641018e-08 5.411357e-08 1 4.641021e-08 5.411358e-08 1 4.641021e-08 5.411357e-08 1 4.64102e-08 5.411357e-08 1 4.641022e-08 5.411354e-08 1 4.641018e-08 5.411358e-08 1 4.641022e-08 5.411356e-08 1 4.641022e-08 5.411357e-08 1 4.641021e-08 5.411359e-08 -5.883443e-08 0.9659259 0.2588188 -5.883443e-08 0.9659259 0.2588188 -5.883443e-08 0.9659259 0.2588188 -5.883443e-08 0.9659259 0.2588188 5.446648e-09 0.7071113 -0.7071023 5.446649e-09 0.7071113 -0.7071023 5.44665e-09 0.7071113 -0.7071023 5.446651e-09 0.7071113 -0.7071023 6.428193e-08 -0.2588312 -0.9659226 -7.420094e-06 -0.2588186 -0.9659259 -1.889785e-06 -0.2586662 -0.9659668 -1.090529e-05 -0.2588055 -0.9659295 6.42716e-08 -0.2585076 -0.9660092 5.883472e-08 -0.9659241 -0.2588256 8.729403e-07 -0.9659212 -0.2588363 -2.833513e-06 -0.965925 -0.2588222 -6.990445e-07 -0.9659217 -0.2588344 5.883288e-08 -0.9659359 -0.2587815 -3.936457e-06 -0.9659263 -0.2588172 4.998687e-06 -0.9659264 -0.258817 -7.621798e-06 -0.9659301 -0.258803 4.182973e-06 -0.9659231 -0.2588292 -5.010919e-09 -0.7114315 0.7027555 -5.010919e-09 -0.7114315 0.7027555 7.877146e-08 -0.7099891 0.7042127 -5.098616e-09 -0.7105645 0.7036321 -5.098615e-09 -0.7105645 0.7036321 3.052015e-06 -0.7094078 0.7047983 -2.51524e-06 -0.7071071 0.7071065 -1.138644e-05 -0.7071159 0.7070977 -6.428133e-08 0.2588124 0.9659276 -6.428133e-08 0.2588124 0.9659276 -6.428133e-08 0.2588124 0.9659276 -6.428133e-08 0.2588124 0.9659276 1 4.641021e-08 5.411357e-08 1 4.641021e-08 5.411357e-08 1 4.641021e-08 5.411357e-08 1 4.64102e-08 5.411357e-08 1 4.641023e-08 5.411357e-08 1 4.641021e-08 5.411357e-08 1 4.641022e-08 5.411358e-08 1 4.641021e-08 5.411357e-08 1 4.641021e-08 5.411359e-08 1 4.641021e-08 5.411356e-08 1 4.641021e-08 5.411357e-08 1 4.641021e-08 5.411357e-08 1 4.641021e-08 5.411357e-08 1 4.64102e-08 5.411358e-08 1 4.64102e-08 5.411358e-08 1 4.64102e-08 5.411358e-08 1 4.64102e-08 5.411358e-08 1 4.64102e-08 5.411358e-08 1 4.641021e-08 5.411357e-08 1 4.64102e-08 5.411357e-08 1 4.64102e-08 5.411357e-08 1 4.641021e-08 5.411358e-08 1 4.641021e-08 5.411357e-08 1 4.64102e-08 5.411356e-08 1 4.64102e-08 5.411358e-08 1 4.641021e-08 5.411358e-08 1 4.641021e-08 5.411357e-08 1 4.64102e-08 5.411358e-08 1 4.64102e-08 5.411358e-08 1 4.641018e-08 5.411357e-08 -7.461521e-06 -0.2588086 0.9659286 -2.439226e-06 -0.2588077 0.9659289 -6.44486e-06 -0.2588087 0.9659286 -6.446645e-06 -0.2586816 0.9659627 -4.027682e-08 -0.2585076 0.9660092 -7.467028e-06 -0.2588362 0.9659212 -5.361418e-06 -0.258816 0.9659266 -4.025607e-08 -0.2588484 0.965918 -1.041884e-05 0.7070408 0.7071727 -3.101361e-06 0.7071134 0.7071001 1.82821e-05 0.7070307 0.7071829 -4.245618e-06 0.7071089 0.7071047 -2.083224e-05 0.7070055 0.7072081 -2.107235e-06 0.7071243 0.7070892 -7.108072e-08 0.7071491 0.7070645 -7.108073e-08 0.707148 0.7070656 3.322279e-06 0.707114 0.7070996 2.261138e-05 0.7069909 0.7072227 -3.082297e-08 0.9659249 -0.2588224 -6.692578e-07 0.9659258 -0.2588192 1.486193e-06 0.9659267 -0.2588159 -5.062411e-08 0.965926 -0.2588185 2.361843e-06 0.9659267 -0.258816 -3.082267e-08 0.9659237 -0.2588269 4.025826e-08 0.2588124 -0.9659276 4.025826e-08 0.2588124 -0.9659276 4.025826e-08 0.2588124 -0.9659276 4.025826e-08 0.2588124 -0.9659276 7.105349e-08 -0.7105645 -0.7036321 7.105349e-08 -0.7105645 -0.7036321 3.548714e-06 -0.7094141 -0.7047919 7.111352e-08 -0.7027013 -0.711485 7.111352e-08 -0.7027013 -0.711485 3.882412e-06 -0.7041765 -0.710025 1.016961e-05 -0.7071065 -0.7071071 9.17376e-06 -0.7071149 -0.7070987 8.449272e-07 -0.9659212 0.2588363 3.082276e-08 -0.9659241 0.2588256 -2.765469e-06 -0.9659251 0.2588216 -7.500914e-06 -0.9659268 0.2588153 1.877506e-07 -0.9659225 0.2588315 -7.270574e-07 -0.9659217 0.2588344 -6.256549e-06 -0.9659309 0.2588 -2.49163e-06 -0.9659261 0.2588181 3.082473e-08 -0.965932 0.258796 1 4.641026e-08 5.411352e-08 1 4.641021e-08 5.411357e-08 1 4.641024e-08 5.411354e-08 1 4.641021e-08 5.411357e-08 7.108105e-08 -0.7071068 -0.7071068 7.108104e-08 -0.7071068 -0.7071068 7.108105e-08 -0.7071068 -0.7071068 7.108105e-08 -0.7071068 -0.7071068 7.108106e-08 -0.7071068 -0.7071068 7.108105e-08 -0.7071068 -0.7071068 7.108103e-08 -0.7071068 -0.7071068 -7.108452e-08 0.7066542 0.707559 -7.108451e-08 0.7066542 0.707559 -7.108452e-08 0.7066542 0.707559 -7.108451e-08 0.7066542 0.707559 1 4.641021e-08 5.411359e-08 1 4.641021e-08 5.411356e-08 1 4.641021e-08 5.411357e-08 1 4.641021e-08 5.411356e-08 1 4.641021e-08 5.411357e-08 1 4.641021e-08 5.411357e-08 1 4.64102e-08 5.411356e-08 1 4.64102e-08 5.411357e-08 1 4.641021e-08 5.411357e-08 1 4.641021e-08 5.411357e-08 1 4.641021e-08 5.411357e-08 1 4.641021e-08 5.411357e-08 1 4.641022e-08 5.411357e-08 1 4.641019e-08 5.411356e-08 1 4.641021e-08 5.411357e-08 1 4.64102e-08 5.411357e-08 1 4.641021e-08 5.411358e-08 1 4.641021e-08 5.411358e-08 1 4.641021e-08 5.411358e-08 1 4.641021e-08 5.411357e-08 1 4.64102e-08 5.411358e-08 1 4.641021e-08 5.411357e-08 1 4.641021e-08 5.411358e-08 1 4.64102e-08 5.411357e-08 1 4.64102e-08 5.411359e-08 1 4.64102e-08 5.411358e-08 1 4.641019e-08 5.411357e-08 1 4.641021e-08 5.411358e-08 1 4.641021e-08 5.411357e-08 1 4.64102e-08 5.411357e-08 8.568528e-06 -0.9659399 -0.2587664 5.883387e-08 -0.9659295 -0.2588054 -6.610746e-06 -0.965929 -0.258807 -3.974314e-06 -0.9659332 -0.2587915 -8.267148e-06 -0.9659196 -0.2588425 -8.126074e-06 -0.9659261 -0.2588179 5.883647e-08 -0.9659128 -0.2588677 -5.447099e-09 -0.7071068 0.7071068 -5.447104e-09 -0.7071068 0.7071068 -5.447098e-09 -0.7071068 0.7071068 -5.447104e-09 -0.7071068 0.7071068 -5.447098e-09 -0.7071068 0.7071068 -5.447103e-09 -0.7071068 0.7071068 -5.447102e-09 -0.7071068 0.7071068 -5.447102e-09 -0.7071068 0.7071068 -5.447104e-09 -0.7071068 0.7071068 -5.447097e-09 -0.7071068 0.7071068 -6.733861e-06 0.258807 0.965929 -6.428111e-08 0.2588054 0.9659295 8.445416e-06 0.2587664 0.9659399 -6.42831e-08 0.2588677 0.9659128 -8.24919e-06 0.2588179 0.9659261 -8.390266e-06 0.2588425 0.9659196 -4.097428e-06 0.2587915 0.9659332 -9.249082e-07 0.9659538 0.2587147 -5.882915e-08 0.9659599 0.258692 -1.135159e-05 0.9659296 0.258805 -8.69906e-06 0.9659258 0.2588193 -5.883649e-08 0.9659126 0.2588683 -6.135114e-06 0.9659282 0.2588103 7.547566e-06 0.96592 0.2588408 1.591935e-06 0.9659133 0.2588659 -1.053521e-05 0.9659338 0.2587893 6.324176e-09 0.6983239 -0.7157819 6.324176e-09 0.6983239 -0.7157819 3.29549e-06 0.7012706 -0.7128952 5.447113e-09 0.7071068 -0.7071068 5.447113e-09 0.7071068 -0.7071068 -1.220914e-08 0.7071135 -0.7071001 1.292112e-05 0.7071154 -0.7070981 2.278851e-05 0.7070965 -0.707117 6.428133e-08 -0.2588124 -0.9659276 6.428133e-08 -0.2588124 -0.9659276 6.428133e-08 -0.2588124 -0.9659276 6.428133e-08 -0.2588124 -0.9659276 4.641021e-08 -1 4.705706e-16 4.641021e-08 -1 4.705707e-16 4.641021e-08 -1 -1.556858e-16 4.641021e-08 -1 3.004966e-16 4.641021e-08 -1 4.010666e-16 4.641021e-08 -1 -1.506405e-15 4.641021e-08 -1 -1.373949e-16 4.641021e-08 -1 -1.34427e-15 4.64102e-08 -1 4.040761e-15 4.641021e-08 -1 -1.508615e-15 4.641021e-08 -1 1.157709e-15 4.641021e-08 -1 -1.814098e-15 4.641021e-08 -1 1.376176e-15 4.64102e-08 -1 -6.213037e-15 4.641021e-08 -1 -9.686246e-16 4.641021e-08 -1 3.1736e-16 4.641021e-08 -1 3.121727e-16 4.641021e-08 -1 2.62118e-15 4.641021e-08 -1 1.732639e-15 4.641021e-08 -1 2.51356e-15 4.64104e-08 -1 1.507029e-13 4.641021e-08 -1 -1.275175e-16 4.641021e-08 -1 1.647219e-15 4.641021e-08 -1 -4.958209e-15 4.641021e-08 -1 5.609897e-18 4.641021e-08 -1 -1.195446e-15 4.64102e-08 -1 -3.847293e-15 4.641021e-08 -1 -1.274351e-15 4.641021e-08 -1 1.36048e-15 4.641021e-08 -1 -2.476533e-15 4.641021e-08 -1 4.149663e-16 4.641021e-08 -1 4.749624e-15 -5.411357e-08 -3.009744e-15 1 -5.411357e-08 -6.909885e-14 1 -5.411357e-08 -3.421835e-14 1 -5.411357e-08 -2.511422e-15 1 -5.411357e-08 -2.511422e-15 1 -5.411357e-08 -4.726776e-16 1 -5.411357e-08 1.612094e-14 1 5.411357e-08 -3.728563e-15 -1 5.411357e-08 1.158156e-15 -1 5.411357e-08 7.935444e-15 -1 5.411358e-08 -8.750564e-15 -1 5.411357e-08 2.511422e-15 -1 5.411357e-08 2.511422e-15 -1 5.411358e-08 -2.44009e-14 -1 0.8660318 4.019272e-08 -0.499989 0.8660318 4.019272e-08 -0.499989 0.8660318 4.019272e-08 -0.499989 0.8660318 4.019272e-08 -0.499989 5.411358e-08 2.511423e-15 -1 5.411358e-08 2.511423e-15 -1 5.411358e-08 2.511423e-15 -1 5.411358e-08 2.511423e-15 -1 5.411358e-08 2.511423e-15 -1 -5.411356e-08 -2.511422e-15 1 -5.411356e-08 -2.511422e-15 1 -5.411356e-08 -2.511422e-15 1 -5.411356e-08 -2.511422e-15 1 -5.411356e-08 -2.511422e-15 1 0.8660317 4.019271e-08 0.499989 0.8660317 4.019271e-08 0.499989 0.8660317 4.019271e-08 0.499989 0.8660317 4.019271e-08 0.499989 -4.641021e-08 1 -4.705707e-16 -4.641021e-08 1 3.280843e-16 -4.641021e-08 1 -8.891094e-17 -4.641021e-08 1 4.692515e-16 -4.641021e-08 1 -8.010154e-17 -4.641021e-08 1 9.733836e-16 -4.641021e-08 1 3.567036e-16 -4.64102e-08 1 5.239867e-15 -4.641021e-08 1 -1.516749e-17 -4.641021e-08 1 8.38652e-16 -4.641021e-08 1 4.766645e-16 -4.641019e-08 1 -1.097962e-14 -4.641021e-08 1 3.828865e-15 -4.641021e-08 1 8.738617e-16 -4.641021e-08 1 -1.083855e-17 -4.641021e-08 1 -7.319817e-16 -4.64102e-08 1 -8.081711e-16 -4.641021e-08 1 5.311602e-16 -4.641025e-08 1 3.814544e-14 -4.641021e-08 1 9.909372e-18 -4.641021e-08 1 -2.243864e-16 -4.641021e-08 1 3.930814e-16 -4.641021e-08 1 2.106148e-15 -4.641021e-08 1 3.029485e-16 -4.641021e-08 1 5.524569e-16 -4.641021e-08 1 6.765327e-17 -4.641021e-08 1 -1.160365e-16 -4.641021e-08 1 -1.43505e-15 -4.641021e-08 1 -2.627524e-15 -4.641021e-08 1 6.101183e-16 -4.641021e-08 1 -6.397589e-17 -4.641021e-08 1 -6.197133e-16 5.411357e-08 -1.844878e-14 -1 5.411357e-08 2.207973e-15 -1 5.411357e-08 -1.21124e-14 -1 5.411357e-08 1.888883e-15 -1 5.411357e-08 2.511422e-15 -1 5.411357e-08 2.511422e-15 -1 5.411357e-08 4.487928e-15 -1 5.411357e-08 2.057299e-14 -1 -5.411357e-08 -2.057299e-14 1 -5.411358e-08 -2.136082e-14 1 -5.411357e-08 -3.989587e-15 1 -5.411357e-08 -2.880286e-15 1 -5.411357e-08 1.762749e-15 1 -5.411357e-08 -2.511422e-15 1 -5.411357e-08 -2.511422e-15 1 -5.411357e-08 -4.487928e-15 1 0.8660317 4.019271e-08 0.499989 0.8660317 4.019271e-08 0.499989 0.8660317 4.019271e-08 0.499989 0.8660317 4.019271e-08 0.499989 -5.411356e-08 -2.511422e-15 1 -5.411356e-08 -2.511422e-15 1 -5.411356e-08 -2.511422e-15 1 -5.411356e-08 -2.511422e-15 1 -5.411356e-08 -2.511422e-15 1 5.411358e-08 2.511423e-15 -1 5.411358e-08 2.511423e-15 -1 5.411358e-08 2.511423e-15 -1 5.411358e-08 2.511423e-15 -1 5.411358e-08 2.511423e-15 -1 0.8660318 4.019272e-08 -0.499989 0.8660318 4.019272e-08 -0.499989 0.8660318 4.019272e-08 -0.499989 0.8660318 4.019272e-08 -0.499989 -1 -4.641022e-08 -5.411356e-08 -1 -4.64102e-08 -5.411358e-08 -1 -4.641021e-08 -5.411356e-08 -1 -4.64102e-08 -5.411358e-08 1 4.64102e-08 5.411358e-08 1 4.641021e-08 5.411357e-08 1 4.64102e-08 5.411358e-08 1 4.641021e-08 5.411357e-08 3.145635e-08 0.3939193 -0.919145 3.145635e-08 0.3939193 -0.919145 3.145635e-08 0.3939193 -0.919145 3.145635e-08 0.3939193 -0.919145 -1 -4.64102e-08 -5.411356e-08 -1 -4.64102e-08 -5.411356e-08 -1 -4.641021e-08 -5.411357e-08 -1 -4.641021e-08 -5.411357e-08 1 4.64102e-08 5.411356e-08 1 4.64102e-08 5.411357e-08 1 4.641021e-08 5.411358e-08 1 4.641021e-08 5.411359e-08 -6.396665e-08 0.249041 0.9684929 -6.396666e-08 0.249041 0.9684929 -6.396665e-08 0.249041 0.9684929 -6.396666e-08 0.249041 0.9684929 -1 -4.64102e-08 -5.411359e-08 -1 -4.64102e-08 -5.411359e-08 -1 -4.64102e-08 -5.411359e-08 -1 -4.64102e-08 -5.411359e-08 1 4.641021e-08 5.411356e-08 1 4.641021e-08 5.411355e-08 1 4.641021e-08 5.411356e-08 1 4.641021e-08 5.411355e-08 -3.145633e-08 -0.3939193 0.919145 -3.145634e-08 -0.3939193 0.919145 -3.145633e-08 -0.3939193 0.919145 -3.145635e-08 -0.3939193 0.919145 -1 -4.641021e-08 -5.411358e-08 -1 -4.641021e-08 -5.411358e-08 -1 -4.64102e-08 -5.411355e-08 -1 -4.64102e-08 -5.411355e-08 1 4.641021e-08 5.411359e-08 1 4.641021e-08 5.411359e-08 1 4.641021e-08 5.411358e-08 1 4.641021e-08 5.411358e-08 6.396666e-08 -0.249041 -0.9684929 6.396665e-08 -0.249041 -0.9684929 6.396666e-08 -0.249041 -0.9684929 6.396664e-08 -0.249041 -0.9684929 -1 -4.641022e-08 -5.411359e-08 -1 -4.641022e-08 -5.411359e-08 -1 -4.641022e-08 -5.411359e-08 -1 -4.641022e-08 -5.411359e-08 1 4.64102e-08 5.411355e-08 1 4.64102e-08 5.411356e-08 1 4.64102e-08 5.411355e-08 1 4.641021e-08 5.411356e-08 -6.802009e-08 0.3939193 0.919145 -6.802008e-08 0.3939193 0.919145 -6.802009e-08 0.3939193 0.919145 -6.802008e-08 0.3939193 0.919145 -1 -4.641021e-08 -5.411358e-08 -1 -4.641021e-08 -5.411358e-08 -1 -4.641021e-08 -5.411355e-08 -1 -4.641021e-08 -5.411355e-08 1 4.64102e-08 5.411359e-08 1 4.64102e-08 5.411359e-08 1 4.641021e-08 5.411358e-08 1 4.641021e-08 5.411358e-08 4.085056e-08 0.249041 -0.9684929 4.085056e-08 0.249041 -0.9684929 4.085056e-08 0.249041 -0.9684929 4.085056e-08 0.249041 -0.9684929 1 4.641021e-08 5.411357e-08 1 4.641015e-08 5.411357e-08 1 4.641021e-08 5.411357e-08 1 4.641009e-08 5.411357e-08 1 4.641028e-08 5.41135e-08 1 4.641021e-08 5.411357e-08 1 4.641025e-08 5.411353e-08 1 4.641021e-08 5.411357e-08 -5.411357e-08 5.781131e-16 1 -5.411357e-08 1.541635e-15 1 -6.428298e-08 0.2588642 0.9659137 -6.428298e-08 0.2588642 0.9659137 -7.006908e-08 0.5000162 0.866016 -7.006908e-08 0.5000162 0.866016 -7.108105e-08 0.7071068 0.7071068 -7.108105e-08 0.7071068 0.7071068 -6.724965e-08 0.866016 0.5000162 -6.724965e-08 0.866016 0.5000162 -5.883632e-08 0.9659137 0.2588642 -5.883632e-08 0.9659137 0.2588642 -4.641021e-08 1 7.699264e-15 -4.641021e-08 1 -2.584244e-15 -3.082019e-08 0.9659137 -0.2588642 -3.082019e-08 0.9659137 -0.2588642 -1.313432e-08 0.866016 -0.5000162 -1.313432e-08 0.866016 -0.5000162 5.447103e-09 0.7071068 -0.7071068 5.447105e-09 0.7071068 -0.7071068 2.365737e-08 0.5000162 -0.866016 2.365737e-08 0.5000162 -0.866016 4.02551e-08 0.2588642 -0.9659137 4.02551e-08 0.2588642 -0.9659137 5.411357e-08 3.965477e-15 -1 5.411357e-08 4.125879e-15 -1 6.428298e-08 -0.2588642 -0.9659137 6.428298e-08 -0.2588642 -0.9659137 7.006908e-08 -0.5000162 -0.866016 7.006908e-08 -0.5000162 -0.866016 7.108105e-08 -0.7071068 -0.7071068 7.108105e-08 -0.7071068 -0.7071068 6.724965e-08 -0.866016 -0.5000162 6.724965e-08 -0.866016 -0.5000162 5.883632e-08 -0.9659137 -0.2588642 5.883632e-08 -0.9659137 -0.2588642 4.641021e-08 -1 6.433876e-15 4.641021e-08 -1 -4.018944e-15 3.082019e-08 -0.9659137 0.2588642 3.082019e-08 -0.9659137 0.2588642 1.313432e-08 -0.866016 0.5000162 1.313432e-08 -0.866016 0.5000162 -5.447104e-09 -0.7071068 0.7071068 -5.447105e-09 -0.7071068 0.7071068 -2.365737e-08 -0.5000162 0.866016 -2.365737e-08 -0.5000162 0.866016 -4.025511e-08 -0.2588642 0.9659137 -4.02551e-08 -0.2588642 0.9659137 -5.411357e-08 -2.256758e-15 1 -5.411357e-08 -3.003069e-15 1 -6.428298e-08 0.2588642 0.9659137 -6.428298e-08 0.2588642 0.9659137 -7.00688e-08 0.4999979 0.8660266 -7.00688e-08 0.4999979 0.8660266 -7.108124e-08 0.707082 0.7071315 -7.108124e-08 0.707082 0.7071315 -6.724959e-08 0.8660172 0.5000143 -6.724959e-08 0.8660172 0.5000143 -5.883428e-08 0.9659268 0.2588153 -5.883428e-08 0.9659268 0.2588153 -4.641021e-08 1 4.099108e-16 -4.641021e-08 1 -8.412082e-15 -3.082344e-08 0.9659268 -0.2588153 -3.082345e-08 0.9659268 -0.2588153 -1.313448e-08 0.8660172 -0.5000143 -1.313448e-08 0.8660172 -0.5000143 5.449593e-09 0.707082 -0.7071315 5.449592e-09 0.707082 -0.7071315 2.365879e-08 0.4999979 -0.8660266 2.365879e-08 0.4999979 -0.8660266 4.02551e-08 0.2588642 -0.9659137 4.02551e-08 0.2588642 -0.9659137 5.411357e-08 3.011981e-15 -1 5.411357e-08 1.924816e-15 -1 6.428298e-08 -0.2588642 -0.9659137 6.428298e-08 -0.2588642 -0.9659137 7.00688e-08 -0.4999979 -0.8660266 7.00688e-08 -0.4999979 -0.8660266 7.108124e-08 -0.707082 -0.7071315 7.108124e-08 -0.707082 -0.7071315 6.724959e-08 -0.8660172 -0.5000143 6.724959e-08 -0.8660172 -0.5000143 5.883428e-08 -0.9659268 -0.2588153 5.883428e-08 -0.9659268 -0.2588153 4.641021e-08 -1 -2.762442e-16 4.641021e-08 -1 -6.54075e-15 3.082344e-08 -0.9659268 0.2588153 3.082345e-08 -0.9659268 0.2588153 1.313448e-08 -0.8660172 0.5000143 1.313448e-08 -0.8660172 0.5000143 -5.449592e-09 -0.707082 0.7071315 -5.449592e-09 -0.707082 0.7071315 -2.365879e-08 -0.4999979 0.8660266 -2.365879e-08 -0.4999979 0.8660266 -4.02551e-08 -0.2588642 0.9659137 -4.02551e-08 -0.2588642 0.9659137 -5.411357e-08 -1.919246e-15 1 -5.411357e-08 -3.38625e-15 1 -6.428298e-08 0.2588642 0.9659137 -6.428298e-08 0.2588642 0.9659137 -7.00688e-08 0.4999979 0.8660266 -7.00688e-08 0.4999979 0.8660266 -7.108124e-08 0.707082 0.7071315 -7.108124e-08 0.707082 0.7071315 -6.724959e-08 0.8660172 0.5000143 -6.724959e-08 0.8660172 0.5000143 -5.883428e-08 0.9659268 0.2588153 -5.883428e-08 0.9659268 0.2588153 -4.641021e-08 1 -1.140621e-15 -4.641021e-08 1 -4.722885e-16 -3.082345e-08 0.9659268 -0.2588153 -3.082345e-08 0.9659268 -0.2588153 -1.313448e-08 0.8660172 -0.5000143 -1.313448e-08 0.8660172 -0.5000143 5.449596e-09 0.707082 -0.7071315 5.449597e-09 0.707082 -0.7071315 2.36588e-08 0.4999979 -0.8660266 2.365879e-08 0.4999979 -0.8660266 4.025511e-08 0.2588642 -0.9659137 4.02551e-08 0.2588642 -0.9659137 5.411357e-08 2.619888e-15 -1 5.411357e-08 2.709e-15 -1 6.428298e-08 -0.2588642 -0.9659137 6.428298e-08 -0.2588642 -0.9659137 7.00688e-08 -0.4999979 -0.8660266 7.006881e-08 -0.4999979 -0.8660266 7.108124e-08 -0.707082 -0.7071315 7.108124e-08 -0.707082 -0.7071315 6.72496e-08 -0.8660172 -0.5000143 6.724959e-08 -0.8660172 -0.5000143 5.883428e-08 -0.9659268 -0.2588153 5.883428e-08 -0.9659268 -0.2588153 4.641021e-08 -1 3.118886e-16 4.641021e-08 -1 -4.571396e-15 3.082345e-08 -0.9659268 0.2588153 3.082345e-08 -0.9659268 0.2588153 1.313448e-08 -0.8660172 0.5000143 1.313448e-08 -0.8660172 0.5000143 -5.44959e-09 -0.707082 0.7071315 -5.449592e-09 -0.707082 0.7071315 -2.365879e-08 -0.4999979 0.8660266 -2.365879e-08 -0.4999979 0.8660266 -4.025511e-08 -0.2588642 0.9659137 -4.02551e-08 -0.2588642 0.9659137 -5.411357e-08 2.92621e-15 1 -5.411357e-08 3.056536e-15 1 -6.428298e-08 0.2588642 0.9659137 -6.428298e-08 0.2588642 0.9659137 -7.006908e-08 0.5000162 0.866016 -7.006908e-08 0.5000162 0.866016 -7.108105e-08 0.7071068 0.7071068 -7.108105e-08 0.7071068 0.7071068 -6.724965e-08 0.866016 0.5000162 -6.724965e-08 0.866016 0.5000162 -5.883632e-08 0.9659137 0.2588642 -5.883632e-08 0.9659137 0.2588642 -4.641021e-08 1 6.478431e-15 -4.641021e-08 1 -4.981352e-15 -3.082019e-08 0.9659137 -0.2588642 -3.082019e-08 0.9659137 -0.2588642 -1.313432e-08 0.866016 -0.5000162 -1.313432e-08 0.866016 -0.5000162 5.447104e-09 0.7071068 -0.7071068 5.447103e-09 0.7071068 -0.7071068 2.365737e-08 0.5000162 -0.866016 2.365736e-08 0.5000162 -0.866016 4.02551e-08 0.2588642 -0.9659137 4.025511e-08 0.2588642 -0.9659137 5.411357e-08 1.764415e-15 -1 5.411357e-08 2.602066e-15 -1 6.428298e-08 -0.2588642 -0.9659137 6.428298e-08 -0.2588642 -0.9659137 7.006908e-08 -0.5000162 -0.866016 7.006908e-08 -0.5000162 -0.866016 7.108105e-08 -0.7071068 -0.7071068 7.108105e-08 -0.7071068 -0.7071068 6.724965e-08 -0.866016 -0.5000162 6.724965e-08 -0.866016 -0.5000162 5.883632e-08 -0.9659137 -0.2588642 5.883632e-08 -0.9659137 -0.2588642 4.641021e-08 -1 6.16654e-15 4.641021e-08 -1 -5.507112e-15 3.082019e-08 -0.9659137 0.2588642 3.082019e-08 -0.9659137 0.2588642 1.313432e-08 -0.866016 0.5000162 1.313432e-08 -0.866016 0.5000162 -5.447103e-09 -0.7071068 0.7071068 -5.447103e-09 -0.7071068 0.7071068 -2.365737e-08 -0.5000162 0.866016 -2.365737e-08 -0.5000162 0.866016 -4.025511e-08 -0.2588642 0.9659137 -4.025511e-08 -0.2588642 0.9659137 -4.641021e-08 1 -7.693204e-16 -4.641021e-08 1 -2.511422e-15 -4.641021e-08 1 -1.222469e-16 -4.641021e-08 1 3.039693e-15 -4.641021e-08 1 -1.55391e-15 -4.641021e-08 1 7.432532e-16 -4.641021e-08 1 -1.062569e-15 -4.641021e-08 1 1.969137e-16 -4.641021e-08 1 -2.718429e-16 -4.641021e-08 1 -2.511422e-15 -4.641021e-08 1 -8.62117e-16 -4.641021e-08 1 4.427473e-15 -4.641021e-08 1 1.128862e-15 3.145634e-08 0.3939193 -0.919145 3.145635e-08 0.3939193 -0.919145 3.145635e-08 0.3939193 -0.919145 3.145635e-08 0.3939193 -0.919145 3.145635e-08 0.3939193 -0.919145 -6.396666e-08 0.249041 0.9684929 -6.396666e-08 0.249041 0.9684929 -6.396666e-08 0.249041 0.9684929 -6.396666e-08 0.249041 0.9684929 -6.396666e-08 0.249041 0.9684929 4.641021e-08 -1 -8.188299e-16 4.641021e-08 -1 -9.580252e-16 4.641021e-08 -1 -3.607312e-16 4.641021e-08 -1 -2.641356e-16 4.641021e-08 -1 2.032667e-15 4.641021e-08 -1 -7.378967e-17 4.641021e-08 -1 7.38056e-16 4.641021e-08 -1 -2.111352e-16 4.641021e-08 -1 -5.851251e-16 4.641021e-08 -1 -9.580239e-16 4.641021e-08 -1 -7.652776e-16 4.641021e-08 -1 -9.580245e-16 4.641021e-08 -1 -1.333724e-16 -3.145634e-08 -0.3939193 0.919145 -3.145635e-08 -0.3939193 0.919145 -3.145635e-08 -0.3939193 0.919145 -3.145635e-08 -0.3939193 0.919145 -3.145634e-08 -0.3939193 0.919145 6.396666e-08 -0.249041 -0.9684929 6.396666e-08 -0.249041 -0.9684929 6.396666e-08 -0.249041 -0.9684929 6.396666e-08 -0.249041 -0.9684929 6.396665e-08 -0.249041 -0.9684929 -4.641021e-08 1 -1.123643e-15 -4.641021e-08 1 1.466088e-15 -4.641021e-08 1 -4.062004e-16 -4.641021e-08 1 1.642496e-15 -4.641021e-08 1 -6.610501e-16 -4.641021e-08 1 -1.693032e-15 -4.64102e-08 1 -1.995431e-15 -4.641021e-08 1 -9.117679e-16 -4.641021e-08 1 -1.015462e-15 -4.641021e-08 1 -2.511423e-15 -4.641021e-08 1 7.871875e-16 -4.641021e-08 1 -5.204431e-16 -4.641021e-08 1 4.427471e-15 -6.802009e-08 0.3939193 0.919145 -6.802009e-08 0.3939193 0.919145 -6.802009e-08 0.3939193 0.919145 -6.802009e-08 0.3939193 0.919145 -6.80201e-08 0.3939193 0.919145 4.085057e-08 0.249041 -0.9684929 4.085057e-08 0.249041 -0.9684929 4.085057e-08 0.249041 -0.9684929 4.085057e-08 0.249041 -0.9684929 4.085057e-08 0.249041 -0.9684929 4.641021e-08 -1 -2.641356e-16 4.641021e-08 -1 -5.878519e-16 4.641021e-08 -1 -2.603185e-16 4.641021e-08 -1 -3.653642e-16 4.641021e-08 -1 -2.641353e-16 4.641021e-08 -1 -6.51129e-16 4.641021e-08 -1 -2.964245e-16 4.641021e-08 -1 -3.391408e-16 4.641021e-08 -1 -2.111351e-16 4.641021e-08 -1 -9.580245e-16 4.641021e-08 -1 -1.333723e-16 4.641021e-08 -1 -1.333726e-16 4.641021e-08 -1 -9.580252e-16 6.80201e-08 -0.3939193 -0.919145 6.80201e-08 -0.3939193 -0.919145 6.80201e-08 -0.3939193 -0.919145 6.80201e-08 -0.3939193 -0.919145 6.80201e-08 -0.3939193 -0.919145 -4.085057e-08 -0.249041 0.9684929 -4.085057e-08 -0.249041 0.9684929 -4.085057e-08 -0.249041 0.9684929 -4.085057e-08 -0.249041 0.9684929 -4.085057e-08 -0.249041 0.9684929 4.641021e-08 -1 -5.100454e-16 4.641021e-08 -1 1.557879e-15 4.64102e-08 -1 8.954897e-15 4.641021e-08 -1 -9.580259e-16 4.641021e-08 -1 -9.580243e-16 4.641021e-08 -1 -1.495961e-16 4.641021e-08 -1 -1.614796e-16 4.641021e-08 -1 -6.426204e-16 4.641021e-08 -1 -2.191163e-16 4.64102e-08 -1 -8.269059e-16 4.641021e-08 -1 1.710354e-15 4.641022e-08 -1 8.500589e-15 4.641021e-08 -1 6.874856e-16 4.641021e-08 -1 7.64458e-17 4.641021e-08 -1 -1.693968e-15 4.641021e-08 -1 -1.245225e-15 4.641021e-08 -1 -2.839761e-15 4.641021e-08 -1 1.064785e-15 4.64102e-08 -1 1.08058e-15 4.641021e-08 -1 -3.721873e-16 4.641021e-08 -1 -2.359073e-16 4.64102e-08 -1 -5.322953e-15 4.641021e-08 -1 3.70852e-16 4.641021e-08 -1 1.53981e-15 4.641021e-08 -1 -5.811142e-16 4.641021e-08 -1 -9.580251e-16 4.641021e-08 -1 -9.580256e-16 -4.641021e-08 1 -5.007504e-16 -4.641021e-08 1 -1.984574e-16 -4.641021e-08 1 -6.288864e-16 -4.641021e-08 1 -4.99538e-17 -4.641023e-08 1 1.432292e-14 -4.641021e-08 1 2.720143e-15 -4.641021e-08 1 1.693968e-15 -4.641021e-08 1 1.270464e-15 -4.64102e-08 1 -1.936543e-15 -4.641019e-08 1 -1.563075e-14 -4.641021e-08 1 2.76121e-15 -4.641021e-08 1 -2.511422e-15 -4.641021e-08 1 -7.164498e-16 -4.64102e-08 1 4.933605e-15 -4.641021e-08 1 1.359033e-15 -4.64102e-08 1 5.360162e-15 -4.64102e-08 1 -2.511423e-15 -4.641021e-08 1 8.523741e-15 -4.641026e-08 1 -1.262724e-14 -4.64102e-08 1 -1.070738e-15 -4.64102e-08 1 4.800896e-15 -4.641021e-08 1 2.185382e-16 -4.641021e-08 1 -2.511422e-15 -4.641021e-08 1 -2.511422e-15 -4.64102e-08 1 -1.422896e-15 -4.641022e-08 1 4.077594e-15 -4.641024e-08 1 1.803246e-14 -0.03282496 -1.523413e-09 -0.9994611 -0.06540394 -3.035411e-09 -0.9978589 -0.2588604 -1.201377e-08 -0.9659147 -0.2588605 -1.201377e-08 0.9659147 -0.2588605 -1.201377e-08 0.9659147 -0.4999929 -2.320478e-08 0.8660295 -0.4999929 -2.320478e-08 0.8660295 -0.7071068 -3.281697e-08 0.7071067 -0.7071068 -3.281697e-08 0.7071067 -0.8660295 -4.019261e-08 0.4999928 -0.8660295 -4.019261e-08 0.4999928 -0.9659147 -4.48283e-08 0.2588604 -0.9659147 -4.48283e-08 0.2588604 -1 -4.641021e-08 -5.411357e-08 -1 -4.641021e-08 -5.411357e-08 -0.9659147 -4.48283e-08 -0.2588605 -0.9659147 -4.48283e-08 -0.2588605 -0.8660295 -4.019261e-08 -0.4999929 -0.8660295 -4.019261e-08 -0.4999929 -0.7071067 -3.281697e-08 -0.7071068 -0.7071067 -3.281697e-08 -0.7071068 -0.4999928 -2.320477e-08 -0.8660295 -0.4999928 -2.320477e-08 -0.8660295 -0.2588604 -1.201377e-08 -0.9659147 5.411358e-08 2.511422e-15 -1 0.2588605 1.201377e-08 -0.9659147 0.2588605 1.201377e-08 -0.9659147 0.4999929 2.320477e-08 -0.8660295 0.4999929 2.320477e-08 -0.8660295 0.7071068 3.281697e-08 -0.7071067 0.7071068 3.281697e-08 -0.7071067 0.8660295 4.019261e-08 -0.4999928 0.8660295 4.019261e-08 -0.4999928 0.9659147 4.48283e-08 -0.2588604 0.9659147 4.48283e-08 -0.2588604 1 4.64102e-08 5.411358e-08 1 4.64102e-08 5.411358e-08 0.9659147 4.48283e-08 0.2588605 0.9659147 4.48283e-08 0.2588605 0.8660295 4.01926e-08 0.4999929 0.8660295 4.01926e-08 0.4999929 0.7071067 3.281697e-08 0.7071068 0.7071067 3.281697e-08 0.7071068 0.4999928 2.320477e-08 0.8660295 0.4999928 2.320477e-08 0.8660295 0.2588604 1.201376e-08 0.9659147 0.2588604 1.201376e-08 0.9659147 -0.03282507 -1.523419e-09 0.9994611 -0.06540405 -3.035415e-09 0.9978589 -5.411356e-08 -2.511421e-15 1 -0.03282507 -1.523418e-09 0.9994611 -0.06540405 -3.035416e-09 0.9978589 -0.2588605 -1.201377e-08 0.9659147 -0.2588604 -1.201377e-08 -0.9659147 -0.2588604 -1.201377e-08 -0.9659147 -0.4999928 -2.320477e-08 -0.8660295 -0.4999928 -2.320477e-08 -0.8660295 -0.7071067 -3.281697e-08 -0.7071068 -0.7071067 -3.281697e-08 -0.7071068 -0.8660295 -4.019261e-08 -0.4999929 -0.8660295 -4.019261e-08 -0.4999929 -0.9659147 -4.48283e-08 -0.2588605 -0.9659147 -4.48283e-08 -0.2588605 -1 -4.641021e-08 -5.411357e-08 -1 -4.641021e-08 -5.411357e-08 -0.9659147 -4.48283e-08 0.2588604 -0.9659147 -4.48283e-08 0.2588604 -0.8660295 -4.019261e-08 0.4999928 -0.8660295 -4.019261e-08 0.4999928 -0.7071068 -3.281697e-08 0.7071067 -0.7071068 -3.281697e-08 0.7071067 -0.4999929 -2.320478e-08 0.8660295 -0.4999929 -2.320478e-08 0.8660295 -0.2588605 -1.201377e-08 0.9659147 -5.411356e-08 -2.511421e-15 1 0.2588604 1.201376e-08 0.9659147 0.2588604 1.201376e-08 0.9659147 0.4999928 2.320477e-08 0.8660295 0.4999928 2.320477e-08 0.8660295 0.7071067 3.281697e-08 0.7071068 0.7071067 3.281697e-08 0.7071068 0.8660295 4.01926e-08 0.4999929 0.8660295 4.01926e-08 0.4999929 0.9659147 4.48283e-08 0.2588605 0.9659147 4.48283e-08 0.2588605 1 4.64102e-08 5.411358e-08 1 4.64102e-08 5.411358e-08 0.9659147 4.48283e-08 -0.2588604 0.9659147 4.48283e-08 -0.2588604 0.8660295 4.019261e-08 -0.4999928 0.8660295 4.019261e-08 -0.4999928 0.7071068 3.281697e-08 -0.7071067 0.7071068 3.281697e-08 -0.7071067 0.4999929 2.320477e-08 -0.8660295 0.4999929 2.320477e-08 -0.8660295 0.2588605 1.201377e-08 -0.9659147 0.2588605 1.201377e-08 -0.9659147 -0.03282496 -1.523414e-09 -0.9994611 -0.06540394 -3.03541e-09 -0.9978589 5.411358e-08 2.511422e-15 -1 -4.085057e-08 -0.249041 0.9684929 -4.085057e-08 -0.249041 0.9684929 -4.085057e-08 -0.249041 0.9684929 -4.085057e-08 -0.249041 0.9684929 -1 -4.641021e-08 -5.411356e-08 -1 -4.641021e-08 -5.411356e-08 -1 -4.641021e-08 -5.411357e-08 -1 -4.641021e-08 -5.411357e-08 1 4.641021e-08 5.411356e-08 1 4.641021e-08 5.411357e-08 1 4.641021e-08 5.411358e-08 1 4.64102e-08 5.411359e-08 6.80201e-08 -0.3939193 -0.919145 6.802009e-08 -0.3939193 -0.919145 6.80201e-08 -0.3939193 -0.919145 6.802009e-08 -0.3939193 -0.919145 -1 -4.641021e-08 -5.411358e-08 -1 -4.64102e-08 -5.411356e-08 -1 -4.641021e-08 -5.411358e-08 -1 -4.64102e-08 -5.411356e-08 6.396666e-08 -0.249041 -0.9684929 6.396666e-08 -0.249041 -0.9684929 6.396666e-08 -0.249041 -0.9684929 6.396666e-08 -0.249041 -0.9684929 -3.145634e-08 -0.3939193 0.919145 -3.145635e-08 -0.3939193 0.919145 -3.145635e-08 -0.3939193 0.919145 -3.145635e-08 -0.3939193 0.919145 -6.396598e-08 0.2490203 0.9684983 -0.0001585841 0.2491541 0.9684638 -9.27074e-06 0.249034 0.9684947 -3.220249e-06 0.2490415 0.9684928 -7.492014e-05 0.2490819 0.9684824 0.0002945129 0.2488773 0.968535 0.0001425375 0.2489451 0.9685176 -0.0001437822 0.2490996 0.9684779 -4.206395e-05 0.2490515 0.9684902 -0.000138266 0.2490892 0.9684805 -0.0001376052 0.249095 0.968479 4.943159e-05 0.2490245 0.9684972 -6.396667e-08 0.249041 0.9684929 3.145635e-08 0.3939193 -0.919145 3.145635e-08 0.3939193 -0.919145 3.145635e-08 0.3939193 -0.919145 3.145635e-08 0.3939193 -0.919145 -4.085182e-08 -0.2490203 0.9684983 -1.126703e-05 -0.2490298 0.9684958 6.176944e-05 -0.2491215 0.9684722 -1.790052e-05 -0.2490553 0.9684893 -1.41419e-05 -0.2490201 0.9684983 0.0001577868 -0.2493078 0.9684243 -0.0001607799 -0.2488448 0.9685434 0.0002261008 -0.2492799 0.9684314 -0.0003791618 -0.2478029 0.9688104 -0.0002318191 -0.2484085 0.9686553 -6.574948e-05 -0.2488624 0.9685388 6.80201e-08 -0.3939193 -0.919145 6.80201e-08 -0.3939193 -0.919145 6.80201e-08 -0.3939193 -0.919145 6.80201e-08 -0.3939193 -0.919145 4.085056e-08 0.249041 -0.9684929 4.085057e-08 0.249041 -0.9684929 4.085057e-08 0.249041 -0.9684929 4.085057e-08 0.249041 -0.9684929 -6.80201e-08 0.3939193 0.919145 -6.80201e-08 0.3939193 0.919145 -6.80201e-08 0.3939193 0.919145 -6.80201e-08 0.3939193 0.919145 4.641021e-08 -1 -2.137697e-14 4.641021e-08 -1 -2.523409e-14 4.641021e-08 -1 -3.768491e-16 4.641021e-08 -1 3.025695e-14 4.641021e-08 -1 2.639982e-14 4.641021e-08 -1 2.947004e-16 4.641021e-08 -1 -6.483253e-16 4.641021e-08 -1 7.775235e-16 4.641021e-08 -1 -1.202209e-15 4.641021e-08 -1 -1.946816e-15 4.641021e-08 -1 -1.360316e-15 4.641021e-08 -1 1.082202e-15 4.641021e-08 -1 3.230653e-17 4.641021e-08 -1 7.29587e-16 4.641021e-08 -1 5.671169e-15 5.411357e-08 2.511422e-15 -1 5.411357e-08 2.511422e-15 -1 -5.411357e-08 -2.511422e-15 1 -5.411357e-08 -2.511422e-15 1 -4.641021e-08 1 -5.826217e-14 -4.641021e-08 1 -6.796833e-14 -4.641021e-08 1 -2.163422e-16 -4.641021e-08 1 6.294547e-14 -4.641021e-08 1 5.323932e-14 -4.641021e-08 1 3.918903e-16 -4.641021e-08 1 -1.41686e-14 -4.641021e-08 1 -7.29587e-16 -4.641021e-08 1 -1.763728e-15 -4.641021e-08 1 3.439835e-15 -4.641021e-08 1 1.946816e-15 -4.641021e-08 1 1.230105e-15 -4.641021e-08 1 -1.373386e-15 -4.641021e-08 1 -7.775235e-16 -4.641021e-08 1 9.145755e-15 5.411357e-08 2.511422e-15 -1 5.411357e-08 2.511422e-15 -1 -5.411357e-08 -2.511422e-15 1 -5.411357e-08 -2.511422e-15 1 0.05697031 -0.9983757 -0.0005631234 4.641021e-08 -1 -8.265325e-18 4.641021e-08 -1 -3.797836e-16 4.641021e-08 -1 -3.547883e-16 4.641021e-08 -1 -9.580247e-16 4.641021e-08 -1 -9.580243e-16 -4.641021e-08 1 -5.503269e-16 -4.641021e-08 1 1.343519e-15 -4.641021e-08 1 1.343519e-15 -4.641021e-08 1 2.430472e-15 -4.641021e-08 1 1.136637e-14 -4.641021e-08 1 3.312044e-16 -5.10205e-08 -0.06423817 0.9979346 -1.849415e-06 -0.06428827 0.9979314 -2.578528e-06 0.06428408 0.9979316 -5.696546e-08 0.06382708 0.997961 0.9951406 0.00819007 -0.09812268 0.9962711 -0.05611554 -0.06553517 0.9983685 -0.05593309 0.01148102 0.9975962 -0.01684203 -0.06721658 0.9955791 -0.03462126 -0.08731377 0.997596 -0.0672225 -0.01683579 0.9935288 -0.1089844 -0.0319819 0.9975394 -0.06316437 -0.03041977 0.9975391 -0.05481615 -0.04371447 0.9975403 -0.04369967 -0.05480548 0.9975378 -0.03043147 -0.0631839 1 4.64102e-08 5.411357e-08 0.9994605 -0.03284399 5.408438e-08 1 4.641021e-08 5.411357e-08 0.9978557 -0.06545178 5.399754e-08 1 4.641021e-08 5.411357e-08 0.9994607 -0.03283796 5.408439e-08 1 4.641021e-08 5.411357e-08 0.9978557 -0.06545178 5.399754e-08 1 4.64102e-08 5.411357e-08 1 4.641021e-08 5.411358e-08 1 4.641021e-08 5.411357e-08 1 4.641021e-08 5.411357e-08 1 4.640893e-08 5.411486e-08 1 4.640973e-08 5.411405e-08 1 4.641019e-08 5.411358e-08 0.9988873 -0.04716105 5.405336e-08 0.9947029 -0.1027914 5.382693e-08 1 4.641017e-08 5.411358e-08 1 4.641016e-08 5.411358e-08 1 4.641021e-08 5.411357e-08 1 4.641021e-08 5.411357e-08 1 4.641023e-08 5.411359e-08 1 4.641022e-08 5.411358e-08 1 4.641044e-08 5.411346e-08 1 4.641017e-08 5.411358e-08 1 4.641041e-08 5.411348e-08 1 4.641012e-08 5.411361e-08 1 4.641021e-08 5.411357e-08 1 4.641021e-08 5.411357e-08 0.9989844 -0.04489937 -0.00376347 1 4.641021e-08 5.411357e-08 1 4.64102e-08 5.411357e-08 1 4.641022e-08 5.411357e-08 1 4.641021e-08 5.411357e-08 1 4.641021e-08 5.411357e-08 1 4.641016e-08 5.411356e-08 1 4.64102e-08 5.411357e-08 1 4.64102e-08 5.411358e-08 1 4.64102e-08 5.411358e-08 1 4.641022e-08 5.411357e-08 1 4.64102e-08 5.411357e-08 0.9998301 -0.01843322 5.410437e-08 1 4.641005e-08 5.411357e-08 1 4.641021e-08 5.411357e-08 1 4.641022e-08 5.411359e-08 0.9975981 0.06719105 -0.01683277 0.9955824 0.08728008 -0.03460971 0.997596 0.01684506 -0.06721927 0.9933112 0.03206963 -0.1109251 0.9975408 0.04371134 -0.0547884 0.9975399 0.05480067 -0.04371598 0.9975394 0.06316349 -0.03042173 0.997538 0.03041521 -0.06318842 1 4.641004e-08 5.411374e-08 1 4.640975e-08 5.411403e-08 0.9994605 0.03284479 5.408438e-08 0.9998294 0.01847333 5.410435e-08 0.9973152 0.07316717 -0.003001347 1 4.640997e-08 5.411357e-08 0.9994604 0.03284524 5.408438e-08 1 4.641021e-08 5.411358e-08 0.9978554 0.06545687 5.399752e-08 1 4.64102e-08 5.411357e-08 1 4.641021e-08 5.411357e-08 1 4.641021e-08 5.411357e-08 1 4.641021e-08 5.411357e-08 1 4.641021e-08 5.411357e-08 1 4.641021e-08 5.411357e-08 0.9978554 0.06545687 5.399752e-08 1 4.641021e-08 5.411357e-08 1 4.641093e-08 5.411348e-08 1 4.641124e-08 5.411344e-08 0.9984857 0.05501152 5.403163e-08 1 4.641023e-08 5.411358e-08 0.9965589 0.08272037 0.005257403 1 4.641044e-08 5.411359e-08 1 4.64102e-08 5.411357e-08 1 4.641021e-08 5.411359e-08 1 4.641021e-08 5.411357e-08 1 4.641021e-08 5.411357e-08 1 4.641021e-08 5.411357e-08 1 4.64102e-08 5.411358e-08 1 4.641021e-08 5.411357e-08 1 4.641021e-08 5.411357e-08 1 4.641021e-08 5.411357e-08 1 4.64102e-08 5.411357e-08 1 4.64102e-08 5.411357e-08 1 4.64102e-08 5.411357e-08 1 4.641021e-08 5.411356e-08 1 4.641021e-08 5.411356e-08 1 4.641021e-08 5.411357e-08 1 4.641023e-08 5.411357e-08 1 4.64098e-08 5.411338e-08 1 4.640985e-08 5.411341e-08 1 4.641031e-08 5.411362e-08 1 4.641021e-08 5.411357e-08 1 4.641021e-08 5.411356e-08 1 4.64102e-08 5.411357e-08 1 4.641022e-08 5.411358e-08 -0.9975003 0.01745667 0.06847207 -0.9977836 -0.01439563 0.06496631 -0.9664716 -0.02201867 0.2558279 -0.9664912 0.02832913 0.2551317 -0.8692623 -0.02740492 0.4935909 -0.8694496 0.03282466 0.4929299 -0.7149709 -0.030586 0.6984849 -0.7151904 0.03524298 0.6980406 -0.5137902 -0.03171763 0.8573293 -0.5141516 0.03577508 0.8569529 -0.2784316 -0.03075061 0.9599637 -0.2790291 0.03403804 0.9596792 -0.02542208 -0.02718323 0.9993072 -0.02559749 0.02992602 0.9992243 0.2296331 -0.02252855 0.9730165 0.2289972 0.02491396 0.9731082 0.4703873 -0.01619098 0.8823116 0.4698316 0.01770926 0.8825784 0.6796141 -0.008187376 0.7335241 0.6793207 0.008966283 0.7337867 0.8153664 -0.001782142 0.5789425 0.8136251 0.0007885267 0.5813894 -0.8112499 -3.765028e-08 0.5846995 -0.8112499 -3.765028e-08 0.5846995 -0.8112539 -3.765046e-08 0.584694 -0.8112539 -3.765046e-08 0.584694 -0.811257 -3.765061e-08 0.5846897 -0.811257 -3.765061e-08 0.5846897 -0.9122069 -4.233571e-08 -0.4097298 -0.9122069 -4.233571e-08 -0.4097298 -0.9122069 -4.233571e-08 -0.4097298 -0.9122069 -4.233571e-08 -0.4097298 -0.8480699 -3.93591e-08 0.5298844 -0.8480699 -3.93591e-08 0.5298844 -0.8480849 -3.935979e-08 0.5298604 -0.8480849 -3.935979e-08 0.5298604 -0.8481047 -3.936072e-08 0.5298286 -0.8481047 -3.936072e-08 0.5298286 -0.9239438 -4.288042e-08 -0.3825283 -0.9239438 -4.288042e-08 -0.3825283 -0.9239438 -4.288042e-08 -0.3825283 -0.9239438 -4.288042e-08 -0.3825283 -0.9635259 0.002431578 -0.2676039 -0.9636461 0.001517334 -0.2671775 -0.9605863 8.432749e-05 -0.277982 -0.9602676 -0.01012797 -0.2788972 -0.9578263 -4.445292e-08 -0.2873479 -0.9635447 0.005310018 -0.2674946 -0.963999 0.001448676 -0.2659018 -0.9642638 0.001579658 -0.2649392 -0.9647026 -4.062556e-05 -0.2633419 -0.9650251 2.237826e-05 -0.2621574 -0.9664101 -4.485129e-08 -0.2570049 -0.9664101 -4.485129e-08 -0.2570049 -0.9651138 2.747008e-05 -0.2618309 -0.9649879 -0.0001196191 -0.2622944 -0.9650297 0.0003208861 -0.2621403 -0.964463 0.0003195465 -0.2642176 -0.9591272 -0.01271015 -0.2826895 -0.9644721 -1.393906e-05 -0.2641849 -0.964023 -0.000114379 -0.2658188 -0.9636833 -0.001980878 -0.2670405 -0.9635026 -0.001083481 -0.2676968 -0.9646811 -0.0005709837 -0.2634198 -0.9646494 -0.000775695 -0.2635353 -0.9646282 -0.000500213 -0.2636138 -0.9647826 -0.0001153452 -0.2630487 0.5633421 1.734131e-05 -0.8262237 0.563413 0.0008195148 -0.826175 0.5633485 1.856998e-05 -0.8262194 0.5633369 2.614458e-08 -0.8262273 0.5633369 2.614458e-08 -0.8262273 0.5633627 2.614578e-08 -0.8262097 0.5633501 2.61452e-08 -0.8262183 0.5633501 2.61452e-08 -0.8262183 0.5633206 -1.349236e-06 -0.8262384 0.5633462 -1.133329e-06 -0.8262209 -0.9586898 -4.449299e-08 -0.2844537 -0.9586898 -4.449299e-08 -0.2844537 -0.9586898 -4.449299e-08 -0.2844537 -0.9586898 -4.449299e-08 -0.2844537 -0.9511595 -4.414351e-08 -0.3086999 -0.9511595 -4.414351e-08 -0.3086999 -0.9511595 -4.414351e-08 -0.3086999 -0.9511595 -4.414351e-08 -0.3086999 -0.9433329 -4.378027e-08 -0.3318479 -0.9433329 -4.378027e-08 -0.3318479 -0.9433329 -4.378028e-08 -0.3318479 -0.9433329 -4.378028e-08 -0.3318479 0.8481054 3.936075e-08 -0.5298275 0.8481054 3.936075e-08 -0.5298275 0.8481259 3.93617e-08 -0.5297947 0.8481259 3.93617e-08 -0.5297947 0.8481414 3.936242e-08 -0.5297699 0.8481414 3.936242e-08 -0.5297699 -0.7271139 -3.37455e-08 0.6865169 -0.7271139 -3.37455e-08 0.6865169 -0.7271069 -3.374518e-08 0.6865243 -0.7271069 -3.374518e-08 0.6865243 -0.7270982 -3.374478e-08 0.6865335 -0.7270982 -3.374478e-08 0.6865335 0.7271139 3.37455e-08 -0.6865169 0.7271139 3.374551e-08 -0.6865169 0.727107 3.374519e-08 -0.6865241 0.727107 3.374519e-08 -0.6865241 0.7270985 3.374479e-08 -0.6865332 0.7270985 3.374479e-08 -0.6865332 0.923848 -0.05743172 0.3784263 0.9302293 -0.06127497 0.3618271 0.91574 0.05942932 0.3973518 0.9385286 -0.0579393 0.3403043 0.9434179 -0.06049707 0.3260412 0.9332446 0.0597156 0.3542437 0.952324 -0.002709111 0.3050764 0.9570006 0.06166231 0.2834565 0.9405278 0.06012349 0.3343541 0.9593694 -0.06925084 0.2735227 0.9536355 0.00314964 0.3009475 0.9238547 0.05987121 0.3780317 0.9122951 -0.06058985 0.4050266 0.9052446 0.05968601 0.4206778 0.8962662 0.05901275 0.4395731 0.8155363 -0.006857394 0.5786653 0.8158041 -0.03500938 0.5772678 0.8626717 -0.05624648 0.502627 0.8526961 0.05644247 0.5193492 0.8620049 0.06105151 0.50321 0.8707118 -0.05982651 0.4881412 0.8746975 0.05892073 0.4810744 0.8844201 -0.05761945 0.463121 0.8846439 0.06010317 0.4623773 0.8925982 -0.06084276 0.4467288 0.9055002 -0.05649337 0.4205685 0.8152978 0.02893266 0.5783185 0.8124729 0.007449469 0.5829514 0.9551255 -0.06532319 0.2889086 0.955672 0.05602759 0.2890536 0.9665463 -0.05615622 0.2502695 0.9664645 0.05590671 0.2506409 0.9634703 -0.05600138 0.2618947 0.96347 0.05600645 0.2618947 0.9605146 -0.05554213 0.2726293 0.9603553 0.05588249 0.2731206 -0.9342561 -4.335902e-08 -0.3566029 -0.9342561 -4.335902e-08 -0.3566029 -0.9342561 -4.335902e-08 -0.3566029 -0.9342561 -4.335902e-08 -0.3566029 1 4.641021e-08 5.411357e-08 1 4.641021e-08 5.411357e-08 1 4.641021e-08 5.411357e-08 1 4.641021e-08 5.411357e-08 -0.7708603 -3.577579e-08 0.6370042 -0.7708603 -3.577579e-08 0.6370042 -0.7708549 -3.577553e-08 0.6370108 -0.7708549 -3.577553e-08 0.6370108 -0.7708506 -3.577534e-08 0.6370159 -0.7708506 -3.577534e-08 0.6370159 0.811257 3.765061e-08 -0.5846897 0.811257 3.765061e-08 -0.5846897 0.8112543 3.765048e-08 -0.5846935 0.8112543 3.765048e-08 -0.5846935 0.8112507 3.765031e-08 -0.5846985 0.8112507 3.765031e-08 -0.5846985 -0.8899544 -4.130297e-08 -0.4560496 -0.8899544 -4.130297e-08 -0.4560496 -0.894673 -4.152196e-08 -0.4467217 -0.894673 -4.152196e-08 -0.4467217 -0.8978916 -4.167134e-08 -0.4402166 -0.8978916 -4.167134e-08 -0.4402166 1 4.641021e-08 5.411357e-08 1 4.641021e-08 5.411357e-08 1 4.641021e-08 5.411357e-08 1 4.641021e-08 5.411357e-08 0.03790331 -0.04752805 -0.9981505 0.04752454 -0.0379009 -0.9981508 5.411357e-08 2.485566e-15 -1 0.05479238 -0.02638151 -0.9981492 5.411357e-08 2.387594e-15 -1 5.411357e-08 2.511422e-15 -1 0.06312538 0.003426851 -0.9979997 5.411357e-08 3.060406e-15 -1 0.05925757 0.01351941 -0.9981512 0.0547874 0.02639049 -0.9981492 0.04752122 0.03789212 -0.9981513 0.03789443 0.04752144 -0.9981512 0.02637745 0.0547756 -0.9981502 0.05925174 -0.01352935 -0.9981514 0.06312933 -0.003422853 -0.9979995 5.411357e-08 2.511422e-15 -1 0.01352766 -0.05927473 -0.99815 0.02637629 -0.05477136 -0.9981505 0.003423191 0.06312906 -0.9979995 0.0575755 0.06519622 -0.9962101 0.05757257 -0.06518839 -0.9962108 0.01352778 0.0592577 -0.9981511 0.00342497 -0.0631229 -0.9979999 -0.99781 0.06350564 0.01850096 -0.9978098 -0.06350843 0.01850171 1 4.641021e-08 5.411357e-08 1 4.641021e-08 5.411357e-08 1 4.641021e-08 5.411357e-08 1 4.641021e-08 5.411357e-08 1 4.641021e-08 5.411357e-08 1 4.641021e-08 5.411357e-08 1 4.641021e-08 5.411357e-08 1 4.641021e-08 5.411357e-08 0.7708506 3.577534e-08 -0.6370159 0.7708506 3.577534e-08 -0.6370159 0.7708541 3.57755e-08 -0.6370117 0.7708541 3.57755e-08 -0.6370117 0.7708586 3.577571e-08 -0.6370063 0.7708586 3.577571e-08 -0.6370063 -0.5632707 -2.614151e-08 0.8262724 -0.5632707 -2.614151e-08 0.8262724 -0.5632707 -2.614151e-08 0.8262724 -0.5632707 -2.614151e-08 0.8262724 -0.6234691 -2.893533e-08 0.781848 -0.6234691 -2.893533e-08 0.781848 -0.6234691 -2.893533e-08 0.781848 -0.6234691 -2.893533e-08 0.781848 0.6234795 2.893581e-08 -0.7818397 0.6234795 2.893581e-08 -0.7818397 0.6234795 2.893581e-08 -0.7818397 0.6234795 2.893581e-08 -0.7818397 -0.6801558 -3.156617e-08 0.7330676 -0.6801558 -3.156617e-08 0.7330676 -0.6801558 -3.156617e-08 0.7330676 -0.6801558 -3.156617e-08 0.7330676 0.6801576 3.156625e-08 -0.7330659 0.6801576 3.156625e-08 -0.7330659 0.6801576 3.156625e-08 -0.7330659 0.6801576 3.156625e-08 -0.7330659 1 4.641021e-08 5.411357e-08 1 4.641021e-08 5.411357e-08 1 4.641021e-08 5.411357e-08 1 4.641021e-08 5.411357e-08 -5.411357e-08 -2.511422e-15 1 -5.411357e-08 -2.511422e-15 1 -5.411358e-08 -2.511422e-15 1 -5.411356e-08 -2.950352e-15 1 -5.411358e-08 -2.964954e-15 1 -5.411358e-08 -2.966768e-15 1 -5.411359e-08 -3.385655e-15 1 -5.411361e-08 -2.511424e-15 1 5.411378e-08 2.511432e-15 -1 5.411378e-08 2.511432e-15 -1 5.411367e-08 2.511426e-15 -1 5.411368e-08 2.94783e-15 -1 5.411358e-08 2.967482e-15 -1 5.411358e-08 2.964954e-15 -1 5.411359e-08 2.950354e-15 -1 5.411358e-08 2.885393e-15 -1 5.411357e-08 2.655943e-15 -1 5.411357e-08 3.403884e-15 -1 -0.9958249 -4.621644e-08 -0.091284 -0.9958249 -4.621644e-08 -0.091284 -0.9958249 -4.621644e-08 -0.091284 -0.9958249 -4.621644e-08 -0.091284 -0.9938818 -4.612626e-08 -0.1104491 -0.9938818 -4.612626e-08 -0.1104491 -0.9938818 -4.612626e-08 -0.1104491 -0.9938818 -4.612626e-08 -0.1104491 -0.07471029 -3.467321e-09 0.9972053 -0.07471029 -3.467321e-09 0.9972053 -0.07477806 -3.470466e-09 0.9972002 -0.07477806 -3.470466e-09 0.9972002 -0.07484468 -3.473558e-09 0.9971952 -0.07484468 -3.473558e-09 0.9971952 -0.07484355 -3.473505e-09 0.9971953 -0.07484355 -3.473504e-09 0.9971953 0.07484098 3.473385e-09 -0.9971955 0.07484098 3.473386e-09 -0.9971955 0.07471935 3.467741e-09 -0.9972046 0.07471935 3.467741e-09 -0.9972046 0.07466627 3.465278e-09 -0.9972086 0.07466627 3.465277e-09 -0.9972086 0.07473482 3.468458e-09 -0.9972034 0.07473482 3.468459e-09 -0.9972034 -0.9913071 -4.600677e-08 -0.1315681 -0.9913071 -4.600677e-08 -0.1315681 -0.991318 -4.600727e-08 -0.1314864 -0.991318 -4.600727e-08 -0.1314864 -0.9913288 -4.600777e-08 -0.1314047 -0.9913288 -4.600777e-08 -0.1314047 -0.1490461 -6.91726e-09 0.9888302 -0.1490461 -6.91726e-09 0.9888302 -0.1489751 -6.913964e-09 0.988841 -0.1489751 -6.913964e-09 0.988841 -0.1489041 -6.910668e-09 0.9888516 -0.1489041 -6.910668e-09 0.9888516 0.1490809 6.918873e-09 -0.988825 0.1490809 6.918873e-09 -0.988825 0.1490515 6.917512e-09 -0.9888294 0.1490515 6.917512e-09 -0.9888294 0.1490222 6.91615e-09 -0.9888339 0.1490222 6.91615e-09 -0.9888339 -0.9883165 -4.586797e-08 -0.1524155 -0.9883165 -4.586797e-08 -0.1524155 -0.9882962 -4.586703e-08 -0.1525472 -0.9882962 -4.586703e-08 -0.1525472 -0.9882926 -4.586686e-08 -0.1525706 -0.9882926 -4.586686e-08 -0.1525706 -0.9883093 -4.586764e-08 -0.1524623 -0.9883093 -4.586764e-08 -0.1524623 -0.2225137 -1.032691e-08 0.9749296 -0.2225137 -1.032691e-08 0.9749296 -0.2225137 -1.032691e-08 0.9749296 -0.2225137 -1.032691e-08 0.9749296 0.222509 1.032669e-08 -0.9749306 0.222509 1.032669e-08 -0.9749306 0.222509 1.032669e-08 -0.9749306 0.222509 1.032669e-08 -0.9749306 -0.9848049 -4.5705e-08 -0.1736641 -0.9848049 -4.5705e-08 -0.1736641 -0.984809 -4.570519e-08 -0.1736412 -0.984809 -4.570519e-08 -0.1736412 -0.984813 -4.570538e-08 -0.1736182 -0.984813 -4.570538e-08 -0.1736182 -0.2947728 -1.368047e-08 0.9555674 -0.2947407 -1.472492e-06 0.9555773 -0.2947523 -1.199857e-07 0.9555737 -0.2947389 -1.342757e-06 0.9555778 -0.2947319 -1.367857e-08 0.95558 0.2947381 1.367886e-08 -0.9555781 0.2947381 1.367886e-08 -0.9555781 0.2947381 1.367886e-08 -0.9555781 0.2947381 1.367886e-08 -0.9555781 -0.9808224 -4.552017e-08 -0.1949037 -0.9808224 -4.552017e-08 -0.1949037 -0.9808303 -4.552054e-08 -0.1948639 -0.9808303 -4.552054e-08 -0.1948639 -0.9808382 -4.55209e-08 -0.1948241 -0.9808382 -4.55209e-08 -0.1948241 -0.3653216 -1.695465e-08 0.9308814 -0.3653216 -1.695465e-08 0.9308814 -0.3653216 -1.695465e-08 0.9308814 -0.3653216 -1.695465e-08 0.9308814 0.3653427 1.695563e-08 -0.9308731 0.3653427 1.695563e-08 -0.9308731 0.365345 1.695574e-08 -0.9308722 0.365345 1.695574e-08 -0.9308722 0.3653473 1.695584e-08 -0.9308713 0.3653473 1.695584e-08 -0.9308713 -0.9762929 -4.530996e-08 -0.2164535 -0.9762929 -4.530996e-08 -0.2164535 -0.9763003 -4.53103e-08 -0.2164201 -0.9763003 -4.53103e-08 -0.2164201 -0.9763078 -4.531064e-08 -0.2163866 -0.9763078 -4.531064e-08 -0.2163866 -0.4338801 -2.013647e-08 0.9009706 -0.4338801 -2.013647e-08 0.9009706 -0.4338801 -2.013647e-08 0.9009706 -0.4338801 -2.013647e-08 0.9009706 0.4338733 2.013615e-08 -0.9009739 0.4338733 2.013615e-08 -0.9009739 0.4338733 2.013615e-08 -0.9009739 0.4338733 2.013615e-08 -0.9009739 -0.9711463 -4.50711e-08 -0.2384846 -0.9711557 -3.819632e-06 -0.2384461 -0.9711642 -2.140649e-07 -0.2384116 -0.9711569 -3.96765e-06 -0.2384412 -0.9711821 -4.507276e-08 -0.2383386 -0.4999717 -2.320379e-08 0.8660418 -0.4999717 -2.320379e-08 0.8660418 -0.4999717 -2.320379e-08 0.8660418 -0.4999717 -2.320379e-08 0.8660418 0.4999842 2.320437e-08 -0.8660345 0.4999842 2.320437e-08 -0.8660345 0.4999842 2.320437e-08 -0.8660345 0.4999842 2.320437e-08 -0.8660345 0.2944067 0.06491585 0.9534729 0.2944277 -0.06490112 0.9534674 0.4066734 -0.06507115 0.9112532 0.406673 0.06506505 0.9112539 0.6099031 -0.06509856 0.7897977 0.6099091 0.06509832 0.7897931 0.7787249 -0.06508088 0.6239808 0.7787294 0.06509414 0.6239737 0.9037739 -0.06503867 0.4230399 0.9037625 0.0650359 0.4230646 0.9779784 -0.06508699 0.1982975 0.9779855 0.06509309 0.1982605 0.9971767 -0.06500779 -0.03758473 0.9971779 0.06501208 -0.03754494 0.9602748 -0.06508656 -0.2713598 0.960258 0.06510558 -0.2714144 0.8693436 -0.06493112 -0.4899241 0.869368 0.06495407 -0.4898777 0.7295526 -0.06502008 -0.680827 0.7295546 0.0649973 -0.6808271 0.6425398 -0.06497394 -0.7634926 0.6425323 0.06495855 -0.7635002 -5.411357e-08 -2.511422e-15 1 -5.411357e-08 -2.511422e-15 1 -5.411356e-08 -2.511421e-15 1 -5.411356e-08 -2.511421e-15 1 -5.411356e-08 -2.511422e-15 1 -5.411356e-08 -2.511422e-15 1 -5.411358e-08 -2.511422e-15 1 -5.411358e-08 -2.511422e-15 1 -5.411359e-08 -2.511423e-15 1 -5.411359e-08 -2.511423e-15 1 0.992375 0.06543224 0.1044532 0.992373 -0.06544242 0.1044658 0.9880625 0.06546204 0.1394533 0.9880625 -0.06545827 0.1394553 0.9900577 0.06536466 0.1245519 0.9900581 -0.06535959 0.1245519 0.9918311 0.06523019 0.1096181 0.9918314 -0.06522513 0.1096181 0.993363 0.0653352 0.09466365 0.9933634 -0.06533012 0.09466368 0.9946714 0.06542905 0.07967317 0.9946716 -0.06542087 0.07967784 0.9978791 0.06509341 -0.0004340591 0.997879 -0.06509456 -0.000448401 0.4014598 -0.06570664 0.9135166 0.401443 0.06575727 0.9135204 0.6003613 -0.0658139 0.7970162 0.6004317 0.06579772 0.7969645 0.7673684 -0.06566692 0.637835 0.767336 0.0656196 0.637879 0.8934467 -0.06563873 0.4443474 0.8944636 0.0637799 0.4425685 0.9959584 -0.06571584 -0.06122355 0.9959599 0.0656991 -0.06121728 0.9552453 -0.0656636 -0.2884349 0.955254 0.06568585 -0.2884011 0.8634523 -0.06573987 -0.5001285 0.8634375 0.06577045 -0.50015 0.725429 -0.06576207 -0.6851482 0.7254242 0.06576138 -0.6851534 0.9814391 -0.06508116 -0.1803932 0.9814377 0.06507671 -0.1804027 0.9138817 -0.06512123 -0.4007236 0.9138943 0.06509871 -0.4006985 0.7975924 -0.06519057 -0.5996636 0.7975607 0.06519197 -0.5997057 0.638622 -0.06510421 -0.7667616 0.638636 0.06513745 -0.7667472 0.4457188 -0.0651065 -0.8928023 0.4457305 0.0651074 -0.8927963 0.2289978 -0.06514404 -0.9712447 0.2289864 0.06514343 -0.9712474 0.0002934427 1.361918e-11 -1 0.0002934427 1.361874e-11 -1 -0.1303938 -6.051603e-09 -0.9914623 -0.1303938 -6.051603e-09 -0.9914623 -0.2589611 -1.201844e-08 -0.9658878 -0.2589611 -1.201844e-08 -0.9658878 -0.4999963 -2.320493e-08 -0.8660276 -0.4999963 -2.320493e-08 -0.8660276 -0.7070783 -3.281565e-08 -0.7071352 -0.7070783 -3.281565e-08 -0.7071352 -0.8660074 -4.019158e-08 -0.5000312 -0.8660074 -4.019158e-08 -0.5000312 -0.9659185 -4.482847e-08 -0.2588466 -0.9659185 -4.482847e-08 -0.2588466 -1 -4.641021e-08 2.83711e-05 -1 -4.641021e-08 2.83711e-05 -0.9659327 -4.482913e-08 0.2587935 -0.9659327 -4.482913e-08 0.2587935 -0.8659828 -4.019044e-08 0.5000737 -0.8659828 -4.019044e-08 0.5000737 -0.7071068 -3.281697e-08 0.7071067 -0.7071068 -3.281697e-08 0.7071067 -0.5001459 -2.321188e-08 0.8659411 -0.5001459 -2.321188e-08 0.8659411 -0.2589612 -1.201844e-08 0.9658877 -0.2589612 -1.201844e-08 0.9658877 -0.1303939 -6.051608e-09 0.9914623 -0.1303939 -6.051608e-09 0.9914623 0.0002933345 1.361327e-11 1 0.0002933345 1.361371e-11 1 0.2588465 1.201312e-08 0.9659185 0.2588465 1.201312e-08 0.9659185 0.5000311 2.320655e-08 0.8660075 0.5000311 2.320654e-08 0.8660075 0.7071351 3.281829e-08 0.7070784 0.7071351 3.281829e-08 0.7070784 0.8660691 4.019445e-08 0.4999243 0.8660691 4.019445e-08 0.4999243 0.9659326 4.482913e-08 0.2587936 0.9659326 4.482913e-08 0.2587936 1 4.641021e-08 2.847932e-05 1 4.641021e-08 2.847932e-05 0.9659185 4.482848e-08 -0.2588465 0.9659185 4.482848e-08 -0.2588465 0.8660938 4.019559e-08 -0.4998815 0.8660938 4.019559e-08 -0.4998815 0.7071068 3.281697e-08 -0.7071067 0.7071068 3.281697e-08 -0.7071067 0.4998816 2.319961e-08 -0.8660937 0.4998816 2.319961e-08 -0.8660937 0.2588466 1.201312e-08 -0.9659185 0.2588466 1.201312e-08 -0.9659185 0.0002934427 1.361874e-11 -1 0.0002934427 1.361874e-11 -1 -0.1303938 -6.051603e-09 -0.9914623 -0.1303938 -6.051603e-09 -0.9914623 -0.2589611 -1.201844e-08 -0.9658878 -0.2589611 -1.201844e-08 -0.9658878 -0.4999963 -2.320493e-08 -0.8660276 -0.4999963 -2.320493e-08 -0.8660276 -0.7070783 -3.281565e-08 -0.7071352 -0.7070783 -3.281565e-08 -0.7071352 -0.8660074 -4.019158e-08 -0.5000312 -0.8660074 -4.019158e-08 -0.5000312 -0.9659185 -4.482847e-08 -0.2588466 -0.9659185 -4.482847e-08 -0.2588466 -1 -4.641021e-08 2.83711e-05 -1 -4.641021e-08 2.83711e-05 -0.9659327 -4.482913e-08 0.2587935 -0.9659327 -4.482913e-08 0.2587935 -0.8659828 -4.019044e-08 0.5000737 -0.8659828 -4.019044e-08 0.5000737 -0.7071068 -3.281697e-08 0.7071067 -0.7071068 -3.281697e-08 0.7071067 -0.5001459 -2.321188e-08 0.8659411 -0.5001459 -2.321188e-08 0.8659411 -0.2589612 -1.201844e-08 0.9658877 -0.2589612 -1.201844e-08 0.9658877 -0.1303939 -6.051608e-09 0.9914623 -0.1303939 -6.051608e-09 0.9914623 0.0002933345 1.361371e-11 1 0.0002933345 1.361371e-11 1 0.2588465 1.201312e-08 0.9659185 0.2588465 1.201312e-08 0.9659185 0.5000311 2.320655e-08 0.8660075 0.5000311 2.320655e-08 0.8660075 0.7071351 3.281829e-08 0.7070784 0.7071351 3.281829e-08 0.7070784 0.8660691 4.019445e-08 0.4999243 0.8660691 4.019445e-08 0.4999243 0.9659326 4.482913e-08 0.2587936 0.9659326 4.482913e-08 0.2587936 1 4.641021e-08 2.847932e-05 1 4.641021e-08 2.847932e-05 0.9659185 4.482848e-08 -0.2588465 0.9659185 4.482848e-08 -0.2588465 0.8660938 4.019559e-08 -0.4998815 0.8660938 4.019559e-08 -0.4998815 0.7071068 3.281697e-08 -0.7071067 0.7071068 3.281697e-08 -0.7071067 0.4998816 2.319961e-08 -0.8660937 0.4998816 2.319961e-08 -0.8660937 0.2588466 1.201312e-08 -0.9659185 0.2588466 1.201312e-08 -0.9659185 1 4.641029e-08 5.411373e-08 1 4.641021e-08 5.411359e-08 1 4.641025e-08 5.411366e-08 1 4.641021e-08 5.411358e-08 1 4.641021e-08 5.411358e-08 1 4.641022e-08 5.41136e-08 1 4.641023e-08 5.41136e-08 1 4.641022e-08 5.411359e-08 1 4.641021e-08 5.411358e-08 1 4.641021e-08 5.411358e-08 1 4.641021e-08 5.411358e-08 1 4.641022e-08 5.411357e-08 1 4.64102e-08 5.411359e-08 1 4.641023e-08 5.411353e-08 1 4.641015e-08 5.411365e-08 1 4.641017e-08 5.411362e-08 1 4.641021e-08 5.411356e-08 1 4.641021e-08 5.411357e-08 1 4.641021e-08 5.411358e-08 1 4.641021e-08 5.411357e-08 1 4.641021e-08 5.411359e-08 1 4.641021e-08 5.411361e-08 1 4.641021e-08 5.411361e-08 1 4.641021e-08 5.411359e-08 1 4.641021e-08 5.411359e-08 1 4.641021e-08 5.411357e-08 1 4.641021e-08 5.411357e-08 1 4.641021e-08 5.411357e-08 1 4.641021e-08 5.411357e-08 1 4.641021e-08 5.411357e-08 1 4.641021e-08 5.411357e-08 1 4.641021e-08 5.411357e-08 1 4.641021e-08 5.411357e-08 1 4.641021e-08 5.411357e-08 1 4.641021e-08 5.411357e-08 1 4.641021e-08 5.411357e-08 1 4.641021e-08 5.411357e-08 1 4.641021e-08 5.411357e-08 1 4.641021e-08 5.41136e-08 1 4.641021e-08 5.41136e-08 1 4.641021e-08 5.411359e-08 1 4.641021e-08 5.411359e-08 1 4.641021e-08 5.411357e-08 1 4.641021e-08 5.411357e-08 1 4.641021e-08 5.411357e-08 1 4.641021e-08 5.411357e-08 1 4.641021e-08 5.411357e-08 1 4.641021e-08 5.411357e-08 1 4.641021e-08 5.411358e-08 1 4.641021e-08 5.411358e-08 1 4.641021e-08 5.411358e-08 1 4.641021e-08 5.411358e-08 1 4.641021e-08 5.411357e-08 1 4.641021e-08 5.411357e-08 1 4.641021e-08 5.411357e-08 1 4.641021e-08 5.411357e-08 -4.641021e-08 1 -5.488432e-16 -4.641021e-08 1 -5.488432e-16 -4.641021e-08 1 -5.488432e-16 -4.641021e-08 1 -5.488432e-16 -4.64102e-08 1 -5.48843e-16 -4.641021e-08 1 -1.17512e-16 -4.641021e-08 1 9.824044e-16 -4.641021e-08 1 1.413735e-15 -4.64102e-08 1 8.936884e-15 -4.641021e-08 1 4.265423e-16 -4.641021e-08 1 -1.692281e-16 -4.641021e-08 1 2.843014e-16 -4.641021e-08 1 1.570281e-15 -4.641021e-08 1 -2.702992e-17 -4.641021e-08 1 -3.938233e-16 -4.641021e-08 1 8.220146e-16 -4.641021e-08 1 -1.214146e-15 -4.64102e-08 1 5.528721e-15 -4.641021e-08 1 -6.032654e-15 -4.641021e-08 1 5.006834e-16 -4.641021e-08 1 2.654419e-16 -4.641021e-08 1 7.484636e-16 -4.641021e-08 1 -1.38149e-15 -4.641021e-08 1 2.223499e-16 -4.64102e-08 1 3.188436e-15 -4.641021e-08 1 -2.614389e-17 -4.641021e-08 1 -3.578947e-15 -4.641021e-08 1 -3.016116e-16 -4.641021e-08 1 -1.684494e-15 -4.641021e-08 1 -3.160289e-18 -4.641021e-08 1 -9.215743e-16 -4.64102e-08 1 5.976321e-15 -4.641021e-08 1 9.215987e-16 -4.64102e-08 1 2.94607e-15 -4.641021e-08 1 -4.59155e-15 -4.641021e-08 1 -8.732271e-16 -4.641021e-08 1 3.449032e-15 -4.64102e-08 1 -1.474178e-15 -4.641021e-08 1 1.870668e-15 -4.641021e-08 1 3.008367e-15 4.641021e-08 -1 5.81984e-17 4.641021e-08 -1 5.819842e-17 4.641021e-08 -1 5.819847e-17 4.641021e-08 -1 5.819849e-17 4.641021e-08 -1 5.819851e-17 4.641021e-08 -1 -6.69958e-17 4.641021e-08 -1 -3.072519e-16 4.641021e-08 -1 -4.324462e-16 4.641021e-08 -1 1.114191e-16 4.64102e-08 -1 4.705704e-16 4.641021e-08 -1 -3.280844e-16 4.641021e-08 -1 -6.013709e-16 4.64102e-08 -1 9.410146e-16 4.641021e-08 -1 -4.677837e-16 4.641021e-08 -1 8.955025e-17 4.641021e-08 -1 -4.256047e-16 4.641021e-08 -1 3.549825e-16 4.641021e-08 -1 7.43301e-16 4.641021e-08 -1 4.103388e-16 4.641021e-08 -1 -6.836383e-16 4.641021e-08 -1 -1.496054e-15 4.64102e-08 -1 5.129511e-15 4.641021e-08 -1 1.124517e-15 4.641021e-08 -1 6.315607e-16 4.641021e-08 -1 -1.413311e-16 4.641021e-08 -1 -1.342962e-15 4.641021e-08 -1 -1.596811e-15 4.641022e-08 -1 -7.449898e-15 4.641021e-08 -1 -3.922978e-15 4.641021e-08 -1 1.733353e-15 4.641021e-08 -1 -2.315003e-16 4.641021e-08 -1 2.333504e-16 4.641021e-08 -1 -1.829968e-15 4.641021e-08 -1 -2.383446e-16 4.641021e-08 -1 -1.446904e-16 4.641021e-08 -1 3.597977e-15 4.641021e-08 -1 6.377341e-17 4.641021e-08 -1 -2.476349e-15 4.641021e-08 -1 1.098191e-15 4.641021e-08 -1 -7.039832e-16 5.411357e-08 1.857109e-15 -1 5.411358e-08 -1.800953e-14 -1 5.411357e-08 9.271339e-18 -1 5.411357e-08 2.511422e-15 -1 5.411357e-08 2.197052e-14 -1 5.411357e-08 5.757901e-15 -1 5.411357e-08 5.513664e-15 -1 5.411357e-08 -2.233291e-14 -1 5.411356e-08 2.511422e-15 -1 5.411361e-08 -4.783137e-14 -1 5.411357e-08 2.222773e-15 -1 5.411358e-08 1.110764e-14 -1 5.411359e-08 5.066056e-14 -1 5.411358e-08 2.604923e-14 -1 5.411357e-08 1.706372e-14 -1 5.411356e-08 2.511422e-15 -1 5.411358e-08 -7.12072e-15 -1 5.411357e-08 3.374126e-15 -1 5.411357e-08 2.499632e-14 -1 5.411357e-08 1.276889e-14 -1 5.411358e-08 -1.946004e-14 -1 0.07091418 0.9635033 0.258133 -8.439283e-05 0.9742668 0.2253979 -1.559458e-07 0.950093 0.3119668 -4.408491e-05 0.9595985 0.2813728 0.0524831 0.9496293 0.3089494 0.05418264 0.9500185 0.3074558 0.001949622 0.9593526 0.2822033 -0.01396536 0.9601673 0.2790766 0.02569332 0.9581126 0.2852368 0.05733014 0.9513005 0.3028871 0.05887303 0.9519518 0.3005357 1.870122e-05 0.9595987 0.2813721 -2.109679e-05 0.9595924 0.2813938 -0.08415523 0.9561963 0.2803685 -0.02040272 0.9594005 0.2813085 -4.105858e-06 0.9595966 0.2813794 2.85006e-05 0.959594 0.2813884 -0.01827054 0.9594365 0.2813321 -0.08652491 0.9559845 0.2803695 -3.812021e-08 0.9596449 0.2812146 -3.323823e-05 0.9595905 0.2814 5.316959e-06 0.9596005 0.281366 -6.481853e-06 0.9596148 0.2813173 -5.975722e-08 0.9596277 0.2812733 7.268193e-06 0.950095 0.3119609 -0.08000546 0.9565275 0.2804537 -0.02492117 0.9593052 0.2812693 -1.512697e-05 0.9595891 0.2814049 -7.937545e-05 0.959594 0.2813884 -0.08236666 0.956313 0.2805016 -0.02281287 0.9593237 0.2813851 -1.511563e-05 0.959579 0.2814393 -0.0001471945 0.9595805 0.2814344 0.05563727 0.9506857 0.3051249 6.59281e-06 0.9595855 0.2814172 8.361766e-06 0.9595884 0.2814074 -0.05512955 0.9582512 0.2805627 -0.05288246 0.9582436 0.2810209 -5.975712e-08 0.9596284 0.2812709 0.0001794999 0.9595947 0.2813859 -3.474978e-06 -0.9595907 0.2813995 -2.928383e-07 -0.9595851 0.2814186 0.06291054 -0.9627434 0.2629968 -1.485509e-07 -0.9595813 0.2814315 -1.550348e-06 -0.9500528 0.3120892 2.930421e-08 -0.9595775 0.2814447 5.785517e-07 -0.9500519 0.3120919 0.05305225 -0.9497966 0.3083374 0.003935263 -0.9595037 0.2816686 -0.01404725 -0.9601679 0.2790704 -0.01829548 -0.9594267 0.2813641 -0.08666553 -0.9559759 0.2803553 -4.076513e-05 -0.9595927 0.2813927 3.878619e-06 -0.9595886 0.2814066 -9.351929e-06 -0.9595908 0.2813992 0.05475275 -0.9502936 0.3065032 -0.02045646 -0.9593967 0.2813175 -0.08438713 -0.9561744 0.2803734 -7.849123e-06 -0.95959 0.2814018 -6.338503e-05 -0.9595937 0.2813894 -0.02494494 -0.9592949 0.2813025 -0.08000818 -0.9565172 0.2804882 7.482318e-06 -0.9595899 0.2814024 7.737452e-07 -0.9595903 0.281401 -3.043145e-06 -0.9595907 0.2813994 -2.746653e-08 -0.9595817 0.2814303 5.734709e-05 -0.9743008 0.2252511 -0.0227573 -0.9593344 0.2813531 -0.08225583 -0.9563313 0.2804719 3.707458e-06 -0.9595886 0.2814066 0.05638002 -0.9509208 0.3042548 -0.05321022 -0.9583687 0.2805317 -0.05548785 -0.9581113 0.2809693 -1.611481e-06 -0.9595896 0.2814031 -1.402615e-06 -0.9595899 0.2814023 -1.972945e-05 -0.9595882 0.2814081 0.05795019 -0.9515636 0.3019412 -6.042428e-06 -0.9595912 0.281398 -8.203907e-06 -0.9595885 0.281407 0.05911412 -0.9521901 0.2997323 -5.41135e-08 -3.264638e-15 1 -5.411356e-08 -2.516477e-15 1 -5.411356e-08 -2.871671e-15 1 -5.411358e-08 -2.895601e-15 1 -5.411362e-08 -2.521119e-15 1 -5.411359e-08 -3.262783e-15 1 -5.411357e-08 -2.511422e-15 1 -5.411357e-08 -2.511422e-15 1 -5.411357e-08 -2.511422e-15 1 -5.411357e-08 -2.511422e-15 1 -5.411358e-08 -2.511422e-15 1 -5.411358e-08 -2.511422e-15 1 -5.411358e-08 -2.511422e-15 1 -5.411358e-08 -2.511422e-15 1 5.411359e-08 2.939474e-15 -1 5.411357e-08 2.511422e-15 -1 -0.2588543 -1.201348e-08 -0.9659164 -0.2588543 -1.201348e-08 -0.9659164 -0.4999537 -2.320295e-08 -0.8660521 -0.4999537 -2.320295e-08 -0.8660521 -0.7071067 -3.281697e-08 -0.7071068 -0.7071067 -3.281697e-08 -0.7071068 -0.8660521 -4.019366e-08 -0.4999538 -0.8660521 -4.019366e-08 -0.4999538 -0.9659164 -4.482838e-08 -0.2588544 -0.9659164 -4.482838e-08 -0.2588544 -1 -4.641021e-08 -5.411358e-08 -1 -4.641021e-08 -5.411358e-08 -0.9659164 -4.482838e-08 0.2588543 -0.9659164 -4.482838e-08 0.2588543 -0.8660521 -4.019366e-08 0.4999537 -0.8660521 -4.019366e-08 0.4999537 -0.7071068 -3.281697e-08 0.7071067 -0.7071068 -3.281697e-08 0.7071067 -0.4999538 -2.320296e-08 0.8660521 -0.4999538 -2.320296e-08 0.8660521 -0.2588544 -1.201348e-08 0.9659164 -0.2588544 -1.201348e-08 0.9659164 -5.411355e-08 -2.511421e-15 1 -5.411355e-08 -2.511421e-15 1 0.2588543 1.201348e-08 0.9659164 0.2588543 1.201348e-08 0.9659164 0.4999537 2.320295e-08 0.8660521 0.4999537 2.320295e-08 0.8660521 0.7071067 3.281697e-08 0.7071068 0.7071067 3.281697e-08 0.7071068 0.8660521 4.019366e-08 0.4999538 0.8660521 4.019366e-08 0.4999538 0.9659164 4.482838e-08 0.2588544 0.9659164 4.482838e-08 0.2588544 1 4.641021e-08 5.411359e-08 1 4.641021e-08 5.411359e-08 0.9659164 4.482838e-08 -0.2588543 0.9659164 4.482838e-08 -0.2588543 0.8660521 4.019366e-08 -0.4999537 0.8660521 4.019366e-08 -0.4999537 0.7071068 3.281697e-08 -0.7071067 0.7071068 3.281697e-08 -0.7071067 0.4999538 2.320296e-08 -0.8660521 0.4999538 2.320296e-08 -0.8660521 0.2588544 1.201348e-08 -0.9659164 0.2588544 1.201348e-08 -0.9659164 5.665989e-08 -0.0567445 -0.9983887 5.411357e-08 -2.277114e-13 -1 0.001528311 -0.05693906 -0.9983765 5.411357e-08 4.028542e-14 -1 5.411356e-08 -2.387842e-14 -1 5.411358e-08 1.389336e-14 -1 5.411356e-08 -6.270167e-15 -1 5.411357e-08 2.511422e-15 -1 0.05049373 -0.05155611 -0.9973928 0.00076364 -0.05911781 -0.9982507 0.05855844 2.717709e-09 -0.998284 5.411357e-08 2.511422e-15 -1 0.03645802 -0.9981629 0.04839031 4.641021e-08 -1 -7.129657e-16 4.641021e-08 -1 -3.892988e-16 4.641021e-08 -1 8.108816e-16 4.641021e-08 -1 1.824307e-15 0.06461013 -0.9978594 0.01011088 0.06048392 -0.9981622 -0.003717538 4.64102e-08 -1 5.2603e-15 4.641021e-08 -1 -9.479422e-17 4.641021e-08 -1 -6.763562e-16 4.641021e-08 -1 6.324909e-16 0.06540002 -0.9978591 3.539026e-09 4.641021e-08 -1 -1.774192e-15 4.641021e-08 -1 -1.076727e-15 0.06540002 -0.9978591 3.539026e-09 4.641021e-08 -1 4.131303e-16 4.641021e-08 -1 -1.021013e-15 0.06540002 -0.9978591 3.539026e-09 4.641019e-08 -1 -7.948138e-15 4.641021e-08 -1 1.050878e-16 4.641021e-08 -1 -2.41102e-15 4.641021e-08 -1 5.429861e-17 4.641021e-08 -1 -1.676905e-16 4.64102e-08 -1 -1.108537e-15 4.641021e-08 -1 -4.382017e-16 4.641021e-08 -1 1.11904e-15 4.64102e-08 -1 -9.642679e-17 4.64102e-08 -1 1.789752e-16 4.641024e-08 -1 -9.630463e-16 4.641021e-08 -1 5.442267e-16 0.05241648 -0.9981634 -0.03037152 0.05799341 -0.9981634 -0.01751038 4.64102e-08 -1 -3.347809e-16 4.641023e-08 -1 5.348847e-16 4.641021e-08 -1 -9.245753e-16 4.641021e-08 -1 4.005682e-15 0.04296141 -0.9975257 0.05564873 4.641021e-08 -1 1.10079e-15 0.02865439 -0.9975253 0.06420466 4.64102e-08 -1 -4.178697e-15 0.0194608 -0.9978248 0.06298446 4.641021e-08 -1 -3.670656e-15 4.641018e-08 -1 4.717205e-15 4.641021e-08 -1 1.534529e-15 4.641018e-08 -1 6.248329e-15 4.64102e-08 -1 -9.500551e-16 4.641022e-08 -1 -2.32767e-15 4.641021e-08 -1 -2.44866e-15 0.0440471 -0.9981632 -0.04159319 4.641021e-08 -1 1.711356e-15 0.04244171 -0.9978259 -0.05042052 4.64102e-08 -1 1.013301e-15 0.05140914 -0.9975246 -0.04797712 4.641021e-08 -1 -8.803458e-16 0.06125597 -0.9975251 -0.03451588 4.641021e-08 -1 2.731755e-15 0.06768407 -0.9975233 -0.01913369 4.641021e-08 -1 -2.367394e-15 0.07025006 -0.9975259 -0.002641686 4.641021e-08 -1 1.854607e-16 0.06894109 -0.9975229 0.01397207 4.641021e-08 -1 1.680155e-15 0.06367533 -0.9975253 0.02981147 0.05490563 -0.9975227 0.04397607 4.64102e-08 -1 -1.455488e-15 4.641021e-08 -1 2.511424e-15 4.984987e-08 -0.9978591 -0.06539997 4.641022e-08 -1 -6.94786e-16 4.984987e-08 -0.9978591 -0.06539997 4.641021e-08 -1 -6.378018e-15 4.64102e-08 -1 2.983922e-15 4.641021e-08 -1 1.200129e-15 4.641021e-08 -1 2.641814e-16 4.641023e-08 -1 -1.397252e-15 4.641019e-08 -1 -5.826234e-17 4.641022e-08 -1 8.839104e-16 4.641021e-08 -1 3.361302e-16 4.641021e-08 -1 -1.415645e-16 4.64102e-08 -1 -3.873427e-16 4.641021e-08 -1 6.416018e-16 4.641021e-08 -1 6.774656e-16 4.641021e-08 -1 1.200846e-16 4.641021e-08 -1 1.052324e-15 4.641021e-08 -1 -8.313834e-17 4.641021e-08 -1 7.204205e-16 4.641022e-08 -1 -6.458297e-16 4.641021e-08 -1 -4.507676e-17 4.641021e-08 -1 1.136547e-15 4.64102e-08 -1 2.352279e-15 4.64102e-08 -1 1.42688e-16 4.641021e-08 -1 5.998279e-17 0.06820728 -0.9976712 -0.00020499 4.641022e-08 -1 1.137597e-15 4.641021e-08 -1 -1.760835e-15 0.06903821 -0.997533 -0.01271653 4.641021e-08 -1 -1.76783e-15 0.06427436 -0.9975341 -0.0281887 4.641021e-08 -1 -1.925596e-18 0.004099516 -0.9976905 -0.06780013 0.01610993 -0.9975369 -0.06826902 0.03132494 -0.997533 -0.06282312 0.0449435 -0.9975312 -0.05395829 0.05609368 -0.997536 -0.04213484 4.641021e-08 -1 -1.346502e-16 4.64102e-08 -1 9.174911e-15 4.641021e-08 -1 -3.642239e-16 4.641021e-08 -1 -8.587936e-16 4.641021e-08 -1 -1.012245e-15 4.641021e-08 -1 -1.886706e-15 4.641021e-08 -1 -4.98289e-16 4.64102e-08 -1 -1.547727e-16 0.07194041 -0.9974089 -3.910162e-05 4.641021e-08 -1 -6.172159e-16 0.0719427 -0.9974088 3.893074e-09 4.641021e-08 -1 -2.524657e-16 4.641021e-08 -1 3.620522e-17 4.641021e-08 -1 -1.431131e-15 4.641021e-08 -1 -8.905598e-16 4.641021e-08 -1 -1.431131e-15 4.641021e-08 -1 5.698919e-18 4.641021e-08 -1 9.098196e-16 4.641021e-08 -1 1.107695e-15 4.641021e-08 -1 -3.952867e-16 4.641021e-08 -1 -4.733801e-16 4.641021e-08 -1 1.199271e-15 4.641021e-08 -1 2.372517e-16 4.64102e-08 -1 -4.172939e-17 4.641021e-08 -1 -2.78e-15 4.64102e-08 -1 2.511422e-15 4.641021e-08 -1 7.40912e-15 4.641021e-08 -1 -1.43471e-15 0.06900475 -0.9976163 6.508003e-05 0.0719427 -0.9974088 3.893076e-09 4.641021e-08 -1 6.427961e-16 4.641021e-08 -1 6.280639e-16 4.641021e-08 -1 1.339516e-15 4.641021e-08 -1 -2.884604e-16 4.641021e-08 -1 -4.789661e-17 4.641021e-08 -1 6.377749e-16 4.641021e-08 -1 1.010125e-15 4.641021e-08 -1 3.552112e-17 4.641021e-08 -1 -1.201902e-15 4.641021e-08 -1 -4.738585e-16 4.641021e-08 -1 -1.615367e-16 4.641021e-08 -1 3.802971e-16 4.641021e-08 -1 -1.63536e-15 0.06540002 -0.9978591 3.539026e-09 4.641021e-08 -1 -5.324235e-16 4.641021e-08 -1 -1.529347e-15 4.641021e-08 -1 -6.391803e-16 0.05468861 -0.9984027 0.01418302 4.641021e-08 -1 1.012554e-15 4.641021e-08 -1 3.026254e-16 4.641021e-08 -1 2.960853e-16 4.641021e-08 -1 -6.792455e-16 4.641021e-08 -1 -4.729198e-16 4.641021e-08 -1 3.600375e-16 4.64102e-08 -1 1.154777e-16 4.641021e-08 -1 3.331866e-16 4.641021e-08 -1 -7.690235e-16 0.04256893 -0.9990157 0.01247022 4.64102e-08 -1 -4.368757e-15 0.05403402 -0.9984327 0.01457863 4.641021e-08 -1 7.398349e-16 4.641021e-08 -1 -1.536275e-15 4.641021e-08 -1 -1.25183e-15 4.641021e-08 -1 -1.44359e-15 4.64102e-08 -1 4.711483e-16 0.06540002 -0.9978591 3.539026e-09 4.64102e-08 -1 8.781776e-16 4.641021e-08 -1 -2.39982e-17 0.06306105 -0.9979867 0.006769989 4.641021e-08 -1 1.933964e-16 4.641021e-08 -1 3.171682e-16 0.0653986 -0.9978165 0.009238497 4.641021e-08 -1 -3.580387e-16 4.641021e-08 -1 -8.118066e-16 0.06563332 -0.9978174 0.007255078 4.641021e-08 -1 9.591495e-17 0.06583636 -0.9978165 0.005272073 0.06189273 -0.9978329 0.02233385 0.06069324 -0.9979902 0.01821691 0.06351588 -0.9978579 0.01566041 4.641021e-08 -1 -3.787211e-16 0.05427104 -0.9981601 0.02703721 0.04661018 -0.9981621 0.03872854 0.02436566 -0.9981634 0.05546356 4.641018e-08 -1 2.803692e-16 4.64102e-08 -1 -5.037745e-16 4.641021e-08 -1 -8.604513e-15 4.641021e-08 -1 -1.032531e-15 4.641021e-08 -1 2.340547e-16 0.0719427 -0.9974088 3.893074e-09 4.641021e-08 -1 -1.140305e-15 4.641021e-08 -1 -2.660746e-16 4.64102e-08 -1 -5.182989e-15 4.641021e-08 -1 -3.853094e-16 4.64102e-08 -1 2.337299e-15 4.641021e-08 -1 -1.692132e-15 4.641021e-08 -1 2.857889e-16 4.641021e-08 -1 -2.985166e-15 4.641021e-08 -1 -3.67463e-16 4.64102e-08 -1 -1.107156e-15 4.984988e-08 -0.9978591 -0.06539997 4.984987e-08 -0.9978591 -0.06539997 0.05608165 -0.9962787 -0.06544983 5.411357e-08 2.329092e-13 -1 5.139361e-08 0.05672901 -0.9983896 0.001528496 0.05692143 -0.9983775 5.411357e-08 2.511423e-15 -1 5.411356e-08 1.129277e-14 -1 5.411358e-08 -8.8722e-15 -1 5.411356e-08 2.890536e-14 -1 5.411357e-08 -3.526762e-14 -1 0.05941883 0.001073354 -0.9982326 5.411357e-08 2.511422e-15 -1 0.05130127 0.05074184 -0.9973933 5.130418e-08 0.05853472 -0.9982854 -4.641021e-08 1 2.908521e-16 -4.641021e-08 1 3.269276e-16 -4.641021e-08 1 1.624099e-16 -4.641021e-08 1 -1.663579e-14 -4.64102e-08 1 3.745653e-15 -4.641021e-08 1 -1.405102e-15 -4.64102e-08 1 -3.319809e-15 -4.641022e-08 1 1.161284e-15 -4.641023e-08 1 -1.654604e-15 -4.64102e-08 1 -1.469525e-15 -4.641021e-08 1 -3.424058e-16 -4.641023e-08 1 -8.025272e-16 -4.641021e-08 1 -1.796731e-15 -4.641021e-08 1 -3.538026e-15 -4.64102e-08 1 -1.38186e-15 -4.641021e-08 1 5.880468e-15 -4.641022e-08 1 -4.157704e-15 -4.64102e-08 1 -3.190195e-15 -4.641014e-08 1 1.777105e-15 -4.641021e-08 1 1.523904e-14 -4.641019e-08 1 9.224229e-14 -4.641021e-08 1 2.834676e-14 -4.641021e-08 1 6.85838e-14 -4.641021e-08 1 4.080948e-14 -4.641021e-08 1 -5.985116e-16 0.01946829 0.9978215 0.0630341 -4.641021e-08 1 -2.362909e-15 0.02868436 0.9975214 0.06425105 0.04301074 0.9975208 0.05569775 -4.64102e-08 1 -4.191335e-15 0.05494143 0.9975184 0.04402904 -4.641021e-08 1 3.589392e-15 0.06373514 0.9975212 0.02982195 -4.64102e-08 1 -5.066189e-15 0.06899492 0.9975188 0.01399971 -4.641021e-08 1 3.042799e-15 0.07030953 0.9975217 -0.002662764 -4.641021e-08 1 3.726029e-15 0.06774892 0.9975189 -0.01913602 -4.641021e-08 1 3.293264e-15 0.06130204 0.997521 -0.034553 -4.641021e-08 1 2.722494e-15 0.05145518 0.9975197 -0.04802839 -4.641021e-08 1 1.198895e-15 -4.64102e-08 1 1.256793e-14 -4.641021e-08 1 3.631768e-16 -4.641018e-08 1 -2.511421e-15 -4.641018e-08 1 -2.618575e-15 -4.641021e-08 1 -1.208079e-15 -4.641022e-08 1 -9.263437e-15 -4.641021e-08 1 -2.371982e-15 -4.641019e-08 1 3.08121e-15 -4.641022e-08 1 9.542299e-17 -4.641015e-08 1 2.776624e-15 -4.641026e-08 1 4.801709e-17 -4.641013e-08 1 -4.285533e-15 -4.64102e-08 1 1.000682e-14 -4.641021e-08 1 1.846491e-15 -4.64102e-08 1 -1.416679e-15 -4.641019e-08 1 1.800672e-16 -4.641021e-08 1 1.463724e-15 -4.641021e-08 1 6.673062e-15 -4.641021e-08 1 5.869949e-15 0.0643139 0.9975311 -0.02820195 0.05688198 0.997827 -0.03325309 -4.64102e-08 1 -2.863157e-15 -4.641019e-08 1 1.806655e-14 -4.641021e-08 1 -2.418313e-15 -4.64102e-08 1 -1.222565e-14 -4.641019e-08 1 1.007459e-15 -4.641021e-08 1 3.942903e-15 -4.64102e-08 1 -1.39544e-15 -4.641021e-08 1 1.491497e-15 -4.641021e-08 1 -3.736976e-15 -4.641019e-08 1 4.721375e-15 0.06826951 0.9976669 -0.0002077632 0.06909215 0.9975293 -0.01271278 -4.641024e-08 1 -7.404422e-15 -4.64102e-08 1 1.22475e-15 -4.641026e-08 1 4.463123e-15 -4.641024e-08 1 -6.956226e-15 -4.641021e-08 1 -2.867053e-15 -4.641023e-08 1 -4.606918e-15 -4.64102e-08 1 -2.435767e-16 -4.64102e-08 1 1.000742e-14 -4.641021e-08 1 1.63346e-15 -4.641021e-08 1 -2.511422e-15 -4.641021e-08 1 -7.864733e-16 -4.64102e-08 1 -2.511422e-15 -4.64102e-08 1 -9.047465e-16 -4.641021e-08 1 -4.313216e-16 0.05613747 0.998423 3.037801e-09 -4.641021e-08 1 3.990028e-16 0.05613747 0.998423 3.037801e-09 -4.641021e-08 1 -2.428227e-15 -4.641021e-08 1 -1.507165e-15 -4.64102e-08 1 3.282042e-15 -4.641021e-08 1 -3.185753e-15 -4.641021e-08 1 -7.040004e-16 -4.641021e-08 1 1.239472e-15 -4.641021e-08 1 -1.087841e-16 -4.64102e-08 1 2.943498e-15 -4.64102e-08 1 -2.511422e-15 -4.641021e-08 1 -4.180636e-15 -4.64102e-08 1 4.986562e-16 -4.64102e-08 1 -1.115604e-15 0.05613747 0.998423 3.037802e-09 -4.641021e-08 1 1.699338e-16 0.05613747 0.998423 3.037801e-09 -4.641022e-08 1 9.992615e-16 -4.64102e-08 1 6.314048e-16 -4.641021e-08 1 -5.452197e-16 0.06842399 0.9976563 6.359796e-05 -4.641021e-08 1 2.640965e-16 -4.641021e-08 1 -3.714347e-15 -4.641021e-08 1 1.289916e-15 -4.64102e-08 1 1.386864e-15 -4.64102e-08 1 7.031143e-16 -4.641021e-08 1 -6.572144e-16 -4.641021e-08 1 -1.835469e-15 -4.641021e-08 1 -3.481527e-17 -4.64102e-08 1 -1.080696e-15 -4.641021e-08 1 -3.664815e-16 -4.641021e-08 1 -6.81059e-16 -4.641021e-08 1 6.668053e-17 -4.641021e-08 1 -8.270065e-16 -4.641021e-08 1 -4.730689e-16 0.06545677 0.9978554 3.542102e-09 -4.641021e-08 1 -8.906595e-16 0.06545677 0.9978554 3.542103e-09 -4.641021e-08 1 3.803532e-15 -4.641021e-08 1 -7.962249e-17 -4.64102e-08 1 5.413275e-16 -4.641021e-08 1 1.112165e-15 -4.641021e-08 1 7.972072e-16 -4.641021e-08 1 -1.565213e-15 0.06545677 0.9978554 3.542103e-09 0.06545677 0.9978554 3.542103e-09 -4.641021e-08 1 -3.743713e-16 -4.641021e-08 1 1.246441e-15 -4.641021e-08 1 -9.096048e-16 -4.641021e-08 1 5.83425e-16 -4.641021e-08 1 2.024165e-16 -4.641021e-08 1 -1.94355e-15 -4.641021e-08 1 7.128673e-16 -4.641019e-08 1 -2.395287e-15 -4.641021e-08 1 1.100721e-15 0.05434542 0.9984041 0.01535516 0.05475323 0.9983989 0.01419947 -4.641021e-08 1 1.063724e-15 -4.641021e-08 1 3.673204e-16 -4.641021e-08 1 9.655951e-16 -4.641021e-08 1 5.185984e-16 -4.641021e-08 1 2.250388e-15 0.02706908 0.9996277 0.003433065 -4.641021e-08 1 2.343622e-15 -4.641021e-08 1 2.429194e-16 -4.641021e-08 1 -7.989809e-16 -4.641021e-08 1 3.9451e-17 0.06569027 0.9978136 0.007261384 -4.64102e-08 1 2.55546e-16 0.06589349 0.9978127 0.005276655 -4.64102e-08 1 4.892347e-17 -4.641021e-08 1 8.870125e-16 0.06545176 0.997813 0.009238397 -4.641021e-08 1 -1.242335e-15 -4.641021e-08 1 4.314676e-16 0.06053435 0.9981592 -0.003718334 0.06311398 0.9979833 0.006773225 0.05246209 0.9981601 -0.03039838 0.05804415 0.9981602 -0.01752539 -4.641021e-08 1 2.069139e-14 0.04408488 0.9981603 -0.04162343 -4.64102e-08 1 -9.114342e-16 0.04249086 0.9978216 -0.05046281 0.02438308 0.9981604 0.05550959 0.03648885 0.9981597 0.0484323 -4.641021e-08 1 -3.945772e-16 0.04665846 0.9981586 0.0387612 -4.64102e-08 1 4.044601e-15 0.05450435 0.9984231 0.01343856 0.05208118 0.9985205 0.01563149 0.06111811 0.9979247 0.02026979 0.05431799 0.9981569 0.02706078 0.04500949 0.9975265 -0.05399015 0.03133862 0.9975303 -0.06285923 0.05612924 0.9975311 -0.04220413 -4.641021e-08 1 1.818424e-15 -4.64102e-08 1 9.63225e-15 -4.64102e-08 1 8.520691e-15 -4.641021e-08 1 -5.212291e-15 -4.641021e-08 1 -8.025895e-16 -4.641029e-08 1 4.661329e-15 -4.641021e-08 1 -4.603066e-15 -4.641021e-08 1 -2.57584e-15 -4.641021e-08 1 2.23317e-15 -4.641021e-08 1 -2.886812e-15 -4.641021e-08 1 -2.464622e-16 -4.641021e-08 1 -1.316358e-16 -4.641021e-08 1 -8.794614e-17 -4.641021e-08 1 -9.645099e-15 -4.641021e-08 1 -2.480742e-15 0.05613747 0.998423 3.0378e-09 0.01610298 0.9975322 -0.06833924 0.004117159 0.9976854 -0.06787413 -4.276857e-08 0.9978554 -0.06545682 -4.276858e-08 0.9978554 -0.06545682 -4.276857e-08 0.9978554 -0.06545682 -4.276857e-08 0.9978554 -0.06545682 0.05616944 0.9962714 -0.06548476 -1.475692e-07 -0.1282986 0.9917356 -1.833686e-06 -0.2543377 0.9671155 1.181999e-08 -0.8565015 0.5161445 1.181999e-08 -0.8565015 0.5161445 -6.449034e-09 -0.697064 0.7170089 -6.449034e-09 -0.697064 0.7170089 -2.429277e-08 -0.4917978 0.8707095 -2.429277e-08 -0.4917978 0.8707095 -4.052811e-08 -0.2543723 0.9671064 -6.768067e-08 0.8565054 0.516138 -6.768067e-08 0.8565054 0.516138 -7.115087e-08 0.6970527 0.7170199 -7.115087e-08 0.6970527 0.7170199 -6.994151e-08 0.4917902 0.8707137 -6.994151e-08 0.4917902 0.8707137 -6.413922e-08 0.2543777 0.967105 -2.48093e-06 0.2543487 0.9671126 -1.967349e-07 0.127881 0.9917895 -0.4591186 0.8524732 0.2499992 -0.6423844 0.7354111 0.2156682 -0.2039403 0.9364277 0.2855023 -0.4194733 0.8588377 0.2940068 -0.1146639 0.9528104 0.2810776 -0.01471213 0.9582619 0.285513 -0.3354816 0.9039281 0.265266 -0.1735349 0.945041 0.2770976 -0.2181289 0.9366553 0.2740375 -0.1633118 0.9467013 0.2776434 -0.2205306 0.9359489 0.2745284 -0.1644921 0.9465271 0.2775406 -0.1771379 0.9444216 0.2769296 -0.1818024 0.9436119 0.2766669 -0.3479318 0.8999325 0.262802 -0.4257265 0.8683465 0.2544236 -0.6133357 0.757962 0.2220651 -0.5116569 0.8206333 0.254496 -0.4139393 0.8734871 0.2562704 -0.7716236 0.6104344 0.1787929 -0.6898143 0.6912167 0.2153503 -0.5923997 0.7730157 0.2269566 -0.8997419 0.4040379 0.1649782 -0.8795273 0.4406871 0.1795175 -0.8927317 0.4324387 0.1265977 -0.8096502 0.55313 0.1962492 -0.7600892 0.6235123 0.1830213 -0.9353663 0.3220355 0.1462292 -0.9703038 0.2321746 0.06786362 -0.9611052 0.2454286 0.1266552 -0.9935446 0.06819695 0.09065478 -0.9835192 0.1450672 0.1079142 -0.9796539 0.1925741 0.05651104 0.6807176 0.0329891 0.7318027 0.6883116 0.08531314 0.720381 0.4747842 0.06434019 0.8777473 0.4898477 0.1488268 0.859011 0.2387428 0.09047549 0.9668589 0.2609412 0.2025606 0.9438638 -0.01265206 0.110918 0.993749 0.01580874 0.2436506 0.9697342 -0.2632386 0.1247682 0.9566286 -0.2298546 0.2689872 0.9353143 -0.4963809 0.1299276 0.8583268 -0.4613127 0.2777177 0.8426527 -0.6979451 0.1271868 0.7047668 -0.6643598 0.2695343 0.6971208 -0.8547655 0.1163183 0.5058122 -0.8258726 0.2443916 0.5081409 -0.9566085 0.09785227 0.274454 -0.9348563 0.1989916 0.294017 -0.9667064 0.2011612 0.1581549 0.7274557 0.2971229 0.618487 0.7348144 0.3052026 0.605722 0.6212931 0.4238039 0.659079 0.6429565 0.5306707 0.5522641 0.5825447 0.5875312 0.5616483 0.4788544 0.6772532 0.5585934 -0.7606363 0.6231486 0.1819843 -0.7141489 0.6426367 0.2775056 0.5331569 0.6778608 0.5062099 0.4313341 0.7449423 0.5089321 0.3338592 0.8044871 0.4912621 0.3801296 0.8065178 0.4528029 0.2985222 0.8491231 0.4357458 0.2365901 0.8799438 0.4119759 0.2538827 0.8934318 0.3705715 0.08390103 0.9333388 0.3490549 0.03401276 0.9440735 0.3279761 0.1028552 0.9484198 0.2998679 0.0292566 0.9560471 0.29175 0.04050921 0.957186 0.2866252 -0.064346 0.96064 0.2702415 -0.06200392 0.961261 0.2685754 -0.1054813 0.9610874 0.2553128 0.1663434 0.9268086 0.3366833 0.1705772 0.9271153 0.3337074 -0.08320317 0.9645126 0.2505846 -0.04200364 0.9624708 0.268115 0.03333445 0.9460327 0.3223522 0.01297956 0.9485648 0.3163169 0.003801671 0.9494773 0.3138128 -0.004968179 0.9503482 0.3111488 -0.0258741 0.9514429 0.306736 -0.03521499 0.9514295 0.305846 -0.04570367 0.9508495 0.306262 -0.05818903 0.950399 0.3055417 0.1714829 0.9002511 0.4001769 0.1079295 0.9146935 0.3894702 0.04107343 0.9256887 0.3760498 -0.02337691 0.9322396 0.3610858 -0.08824529 0.9349091 0.3437408 -0.1522536 0.9335199 0.3245911 -0.2145325 0.9282297 0.3039167 -0.2750271 0.9200542 0.2790346 -0.2644713 0.9347143 0.2374111 -0.4379323 0.86653 0.2394599 -0.403716 0.8644572 0.299545 0.2402793 0.8449325 0.4778649 0.1480728 0.873507 0.4637456 0.05235423 0.8938755 0.4452479 -0.04254264 0.9052121 0.4228252 -0.1368775 0.9076764 0.3967217 -0.230512 0.9012655 0.366858 -0.3214841 0.8860118 0.3341125 -0.6241155 0.7561362 0.1968194 -0.5791585 0.7644535 0.2831717 0.3480192 0.7521114 0.5596527 0.2131436 0.8061991 0.5519174 0.07395121 0.8432968 0.5323362 -0.06689351 0.8627506 0.5011852 -0.2060852 0.8640056 0.4593726 -0.3401815 0.8471988 0.4080818 -0.4683851 0.8124103 0.3472822 0.6933615 0.4359122 0.573786 0.5763181 0.5498527 0.604582 0.4207532 0.6450684 0.6378507 0.254946 0.72089 0.6444534 0.08042477 0.7731254 0.6291335 -0.09672438 0.7997914 0.5924341 -0.2705105 0.7998825 0.535735 -0.4346189 0.7735034 0.4613013 -0.5844934 0.7215154 0.3711914 0.4514 0.5385809 0.7114553 0.2659389 0.6236998 0.735034 0.06983107 0.6823811 0.7276535 -0.1296049 0.7126226 0.689472 -0.3239411 0.7127976 0.6220785 -0.5037583 0.682774 0.5291949 -0.6627966 0.623934 0.4140133 -0.791221 0.5431553 0.2809832 0.7874661 0.1901791 0.5862841 0.6652775 0.3038646 0.681962 0.4830054 0.4110761 0.773125 0.277222 0.4992026 0.8209414 0.05745177 0.5612788 0.8256303 -0.1651267 0.5940246 0.787317 -0.3794569 0.5959893 0.7076788 -0.5736761 0.5673958 0.5907264 -0.7378699 0.5091649 0.4430566 -0.8624931 0.419625 0.2828789 0.8016683 0.1002941 0.5892953 0.671486 0.1945249 0.7150291 0.4818741 0.2852977 0.8284942 0.2648268 0.3599641 0.8945908 0.03342497 0.4139226 0.9096982 -0.2000238 0.4445596 0.8731307 -0.4221321 0.4494925 0.787249 -0.6204043 0.4291804 0.6564318 -0.7836012 0.3839992 0.4883787 -0.8997074 0.3219635 0.2947306 0.3987491 0.7896605 0.4662998 0.571026 0.6343668 0.5210644 0.6802692 0.48995 0.5451448 0.7095915 0.4442825 0.546894 0.8036803 0.2253379 0.5507457 0.8085632 0.2288929 0.5420642 0.2059836 0.9028679 0.3773597 0.2064685 0.8991218 0.3859413 0.8297054 0.2292124 0.5089702 0.8514729 0.2307968 0.4708786 0.8714984 0.2324813 0.4317906 0.7293027 0.4456965 0.5191072 0.5873828 0.6367452 0.4995368 0.7497312 0.4484274 0.4866374 0.60463 0.6400417 0.4740982 0.7688254 0.451149 0.45318 0.6207827 0.6435091 0.4478 0.7863181 0.4541115 0.4189112 0.6358024 0.6470793 0.4207656 0.4120144 0.7914429 0.4515111 0.2129888 0.9011087 0.3776758 0.4244732 0.7946054 0.4340793 0.2193433 0.903272 0.3687658 0.4360244 0.7980208 0.4159873 0.2254862 0.9054472 0.3596127 0.4469428 0.8014525 0.3973865 0.231241 0.9076962 0.3501647 0.942579 0.1238586 0.3101675 0.8898149 0.2339885 0.3917638 0.9135179 0.2474516 0.322882 0.8682749 0.356917 0.3445418 0.8119751 0.4690111 0.3474552 0.7400789 0.568174 0.3598077 0.6610262 0.6621559 0.3529786 0.5661998 0.7435017 0.3558413 0.4698487 0.814898 0.3393869 0.3568253 0.8728844 0.332789 0.2493994 0.9183373 0.3073379 0.1218718 0.9497038 0.2884613 0.7827517 -0.184015 0.5945067 0.8043516 -0.2273188 0.5489487 0.816406 -0.2285674 0.530319 0.01902892 -0.9561427 0.2922824 0.2090328 -0.9004536 0.3814296 0.08998065 -0.932181 0.350631 0.4051993 -0.7900749 0.4599947 0.3065803 -0.8480052 0.4323142 0.1752589 -0.9108106 0.3737759 0.5775095 -0.6351792 0.5128646 0.442588 -0.7431841 0.50179 0.3780328 -0.8056251 0.4561352 0.7171592 -0.4443718 0.5368579 0.5868589 -0.5839199 0.5609226 0.5361969 -0.6725633 0.5100505 0.746209 -0.316114 0.5858704 0.6872139 -0.4298123 0.5856607 0.6718184 -0.4985047 0.5478623 0.7955439 -0.09893931 0.5977633 0.914563 -0.2487788 0.3188787 0.9451742 -0.1222277 0.3028302 0.8953213 -0.2334922 0.3793167 0.8693294 -0.3580724 0.3406618 0.7917275 -0.4545523 0.4081052 0.8128121 -0.4701986 0.3438746 0.7409964 -0.5690232 0.3565626 0.6404017 -0.6480004 0.4122877 0.6617546 -0.6629661 0.3500812 0.5668817 -0.7441732 0.3533431 0.4502487 -0.8024627 0.3915733 0.4702432 -0.8155162 0.3373495 0.3575594 -0.8731605 0.3312732 0.23287 -0.9084215 0.3471916 0.2496215 -0.9186166 0.3063212 0.1250838 -0.9484714 0.2911289 0.8791317 -0.2329033 0.4157927 0.2279519 -0.906312 0.3558601 0.4405207 -0.7993962 0.4085428 0.6268836 -0.6450496 0.436953 0.7760333 -0.452415 0.4394235 0.8597919 -0.231252 0.4552806 0.2218609 -0.9041419 0.3651097 0.4292038 -0.7959849 0.4268396 0.611256 -0.6414547 0.4635752 0.757624 -0.4494891 0.4732498 0.8387319 -0.2295807 0.4937829 0.2155369 -0.9019986 0.3740887 0.417015 -0.7927824 0.444516 0.5943896 -0.6381394 0.4893661 0.7377386 -0.4467432 0.5061248 0.7509209 -0.2604999 0.6068423 0.6585255 -0.2999897 0.6901814 -0.7277966 -0.6561741 0.1993683 -0.688546 -0.6881147 0.2289162 -0.588756 -0.7597929 0.2758282 -0.5804105 -0.7845786 0.2180827 -0.5101788 -0.8185279 0.2640637 -0.4116964 -0.8620539 0.2955827 0.4706981 -0.6773686 0.5653451 -0.4027294 -0.8800351 0.2516889 -0.3468141 -0.8987075 0.2684117 -0.279562 -0.919364 0.2767941 -0.2644713 -0.9347143 0.2374111 -0.1146802 -0.9528051 0.2810886 -0.05881726 -0.951239 0.3027951 -0.04153399 -0.9624105 0.2684046 -0.01505289 -0.9585371 0.28457 -0.0834734 -0.964242 0.2515343 0.1682698 -0.9293794 0.3285411 0.1699453 -0.9270542 0.3341993 -0.105811 -0.9605325 0.2572573 -0.06366729 -0.9607984 0.2698386 -0.06391598 -0.9602583 0.2716959 0.03807093 -0.9572007 0.28691 0.1048183 -0.9486035 0.2986043 -0.04433743 -0.9519533 0.3030167 -0.03443521 -0.9520894 0.3038748 -0.02502491 -0.9516899 0.3060394 -0.004715642 -0.9503899 0.3110255 0.00409859 -0.949093 0.3149695 0.01259384 -0.9478009 0.3186141 0.03270445 -0.9449207 0.3256613 0.03212828 -0.9434271 0.3300197 -0.2127452 -0.9299553 0.2998712 -0.1507206 -0.9346518 0.3220394 -0.08722394 -0.9354543 0.342516 -0.02268587 -0.9321905 0.3612565 0.04134497 -0.9250498 0.377589 0.1077648 -0.913496 0.3923159 0.170875 -0.8984584 0.4044432 0.2316723 -0.8814169 0.4116215 0.2538828 -0.8934318 0.3705715 0.3253267 -0.8079735 0.4912651 -0.3190998 -0.8881862 0.3306064 -0.2283751 -0.9026576 0.3647658 -0.1352251 -0.908336 0.3957775 -0.04107709 -0.9050935 0.4232238 0.05325028 -0.8930133 0.4468688 0.1485938 -0.8719132 0.4665697 0.2403678 -0.8425521 0.4820055 -0.4655851 -0.8153818 0.3440684 -0.3376322 -0.8491618 0.4061143 -0.2037331 -0.8648939 0.4587498 -0.06494993 -0.8626129 0.5016776 0.07554321 -0.842154 0.5339193 0.2140965 -0.8040089 0.5547362 0.348448 -0.7489048 0.5636715 -0.810538 -0.5572058 0.180416 -0.7129066 -0.649205 0.265136 -0.5823659 -0.7233501 0.3709643 -0.4322777 -0.7746084 0.4616468 -0.2679692 -0.8003532 0.5363089 -0.09418185 -0.7995753 0.5931349 0.08275046 -0.7722645 0.6298888 0.256975 -0.7194744 0.645229 0.4223218 -0.6428919 0.6390104 0.5710158 -0.5449479 0.6139811 0.6429565 -0.5306706 0.5522641 0.615607 -0.4359246 0.6565042 0.4537607 -0.5364853 0.7115369 0.2685894 -0.6223005 0.7352563 0.07265171 -0.6817079 0.7280083 -0.1267977 -0.7124165 0.6902065 -0.3211493 -0.7130791 0.6232025 -0.5011946 -0.6837685 0.5303439 -0.6604191 -0.625778 0.4150284 -0.7979428 -0.5333045 0.2808445 -0.932205 -0.3355577 0.1356277 -0.89757 -0.3981258 0.1893781 -0.8832298 -0.4333332 0.1792415 0.673348 -0.1932946 0.7136103 0.4860003 -0.4133787 0.7700141 0.4838392 -0.2846443 0.8275731 0.2800907 -0.5004367 0.8192145 0.2670666 -0.3594198 0.8941436 0.0603148 -0.561675 0.8251565 0.03580323 -0.4137751 0.9096748 -0.1625289 -0.5939159 0.7879393 -0.1978955 -0.4442474 0.8737744 -0.3775134 -0.5951233 0.7094448 -0.4203619 -0.4492863 0.7883132 -0.5721287 -0.5656532 0.5938899 -0.6185343 -0.4292721 0.6581343 -0.7372939 -0.5064825 0.4470718 -0.7822652 -0.3843925 0.4902078 -0.8649954 -0.4263988 0.2645128 -0.9024663 -0.3159129 0.2928371 -0.9631946 -0.2322723 0.1352986 -0.9578886 -0.2196869 0.1848974 -0.9834644 -0.150104 0.1013237 -0.9359116 -0.202853 0.2879585 -0.8253652 -0.2438205 0.5092386 -0.6633453 -0.2705974 0.6976748 -0.4599324 -0.280365 0.8425305 -0.2281329 -0.2729966 0.9345738 0.01801172 -0.2488053 0.968386 0.2633257 -0.2093399 0.9417199 0.4925114 -0.157285 0.8559754 0.6914076 -0.09583439 0.7160805 -0.9942585 -0.06865642 0.08207506 -0.9564834 -0.09643266 0.2753909 -0.8544034 -0.1149638 0.5067329 -0.697436 -0.1259721 0.7054885 -0.4957709 -0.1288556 0.8588408 -0.2622301 -0.123549 0.9570637 -0.01194847 -0.1100856 0.9938503 0.23976 -0.08999859 0.9666516 0.4758914 -0.06376015 0.8771899 0.6814121 -0.03269046 0.7311695 -0.9796539 -0.1925742 0.05651089 -0.9702833 -0.2322082 0.06804147 -0.7715446 -0.6104061 0.1792301 -0.7611189 -0.6226136 0.1817974 -0.8926905 -0.4324252 0.1269332 -0.6132728 -0.7579027 0.2224407 -0.4254744 -0.8683311 0.2548971 -0.4158166 -0.8729237 0.2551486 -0.5940376 -0.7721393 0.2256552 -0.2179791 -0.9364791 0.274758 -0.1791036 -0.9441735 0.276511 -0.1922167 -0.9416995 0.2761429 -0.1674241 -0.9460478 0.2774215 -0.2077593 -0.9386448 0.2752852 -0.1670116 -0.9461097 0.2774591 -0.1809303 -0.9437602 0.2767325 -0.3351942 -0.9040251 0.2652987 -0.6416484 -0.736004 0.2158364 -0.2061338 -0.9362584 0.2844804 -0.4194635 -0.8588416 0.2940093 -0.4680029 -0.848019 0.2486705 0.1270998 0.004644956 -0.9918791 0.3665366 0.02100889 -0.9301664 0.400978 0.003573524 -0.9160807 0.2473247 0.01415677 -0.9688292 0.3012208 0.00453954 -0.9535436 0.1895761 0.002849627 -0.9818619 0.5833636 0.03357881 -0.8115167 0.6160489 0.006756904 -0.7876789 0.5230936 0.00648124 -0.8522506 0.4761508 0.02683541 -0.8789541 0.455638 -0.003927252 -0.8901565 0.4583577 -0.0008507149 -0.8887674 0.8601211 0.006679784 -0.5100461 0.8317195 0.006938085 -0.5551526 0.7642545 0.0449721 -0.6433448 0.7316134 0.002956947 -0.6817133 0.6780037 0.03861879 -0.7340433 0.6528577 -0.004033135 -0.7574698 0.6556225 -0.0001712263 -0.7550888 0.9417883 0.003513042 -0.3361881 0.9194494 0.006227145 -0.3931591 0.8973419 0.04939763 -0.4385629 0.8624122 0.008733536 -0.5061313 0.8389911 0.04491818 -0.5422881 0.988946 0.001508862 -0.1482686 0.9792614 0.006207515 -0.2025056 0.9772523 0.05300844 -0.2053487 0.9453267 0.0112128 -0.325932 0.9461859 0.05004529 -0.3197307 0.9885802 -0.001478743 -0.1506885 0.9951263 0.05655129 -0.08078059 0.9997456 0.003109163 -0.02233905 0.997371 0.05816402 0.04322047 0.9998173 0.00517742 0.01839747 0.9603893 9.382045e-05 0.2786617 0.9847373 0.002306034 0.1740319 0.9932972 0.005860919 0.1154394 0.9886131 0.05456678 0.1402378 0.2477361 0.0564982 -0.9671788 0.1584242 0.1985591 -0.9672001 0.1985961 0.1584314 -0.9671913 0.02197822 0.3637402 -0.9312411 0.02865217 0.4795418 -0.8770511 0.1075089 0.4711048 -0.8755011 0.03476833 0.5812645 -0.8129715 0.04028743 0.6795512 -0.732521 0.1520048 0.6655902 -0.7306739 0.04551124 0.7630139 -0.6447779 0.04954427 0.8381876 -0.5431269 0.1870742 0.8193891 -0.5418531 0.05317821 0.8976962 -0.4373941 0.05532903 0.9452078 -0.3217468 0.2107059 0.9234121 -0.3208008 0.2217616 0.9718082 -0.08006682 0.215847 0.9649513 0.149262 0.4288535 0.8901559 0.153971 0.8900171 0.428593 0.1554918 0.9641737 0.2198243 0.1484798 0.615823 0.7718054 0.1583619 0.05934569 0.9882378 0.1409405 0.05874172 0.9973402 0.04315101 0.05810986 0.9950658 -0.08041891 0.05765817 0.9773691 -0.2035316 0.9717641 0.2219664 -0.08003417 0.4325154 0.8980621 -0.08009326 0.9234288 0.2107646 -0.320714 0.4109647 0.8533625 -0.3207499 0.621535 0.7792813 -0.08009317 0.7718595 0.6156129 0.1589138 0.8193431 0.1869403 -0.5419688 0.3645367 0.7572638 -0.5419082 0.5905181 0.7405927 -0.3206413 0.7793457 0.6214512 -0.08011647 0.6656079 0.1520184 -0.7306548 0.2962607 0.6150718 -0.7306957 0.5239371 0.6571256 -0.5419186 0.740602 0.5905185 -0.320619 0.4710295 0.1074088 -0.8755538 0.65707 0.5240216 -0.5419043 0.4256063 0.5338292 -0.7306748 0.2096456 0.4354001 -0.8754858 0.05637648 0.2476026 -0.9672201 0.3778349 0.3012195 -0.8755042 0.898073 0.4324845 -0.08013767 0.8534141 0.4110085 -0.3205565 0.7572188 0.364573 -0.5419467 0.6150699 0.296203 -0.7307208 0.4353797 0.2097562 -0.8754695 0.2289711 0.1101094 -0.9671857 0.007820981 0.1236455 -0.9922956 0.01542492 0.2493568 -0.9682888 0.5337787 0.4255724 -0.7307315 0.3013448 0.3777923 -0.8754795 0.1100697 0.2290141 -0.96718 0.0001726717 0.1574259 -0.9875308 0.003776233 0.2296827 -0.9732582 0.0002744813 0.4139454 -0.9103017 0.002151349 0.4488492 -0.8936049 0.0005082959 0.338117 -0.9411039 4.090357e-08 0.2481623 -0.9687185 2.400382e-08 0.495544 -0.8685829 1.177752e-08 0.6410865 -0.7674686 1.177752e-08 0.6410865 -0.7674686 -0.001978545 0.799616 -0.6005084 -2.076914e-09 0.7777124 -0.6286202 -0.0001548921 0.862639 -0.50582 -0.001921212 0.9173508 -0.3980751 -2.610788e-08 0.9447491 -0.3277943 -3.60571e-08 0.984089 -0.1776759 9.996081e-05 0.9942786 -0.1068176 -8.54828e-05 0.9985835 0.05320711 0.0001297453 0.9978382 -0.06571866 0.003643686 0.9967482 0.08049705 0.006224491 0.9983797 -0.05656106 -0.004295489 0.9872606 -0.1590538 -0.004021643 0.9234145 -0.3837832 -0.003629365 0.8090344 -0.58775 -0.002954525 0.6499703 -0.7599539 -0.00197184 0.4547128 -0.8906359 -0.0006882675 0.2338592 -0.9722702 0.5581058 -0.01669153 -0.8296019 0.610924 0.0004828241 -0.7916891 0.58153 -0.03391368 -0.8128178 0.9566684 -5.588769e-05 0.2911798 0.9976984 -0.05367221 0.04144019 0.9976942 0.0005070118 0.06786763 0.987781 -0.05722694 0.144961 0.9966258 -0.008698545 0.08161715 0.9812546 -0.003964449 0.1926752 0.9771211 -0.05338836 -0.2058736 0.9907284 0.0007162263 -0.1358558 0.9955544 -0.0530089 -0.07785556 0.9931567 -0.01073568 -0.1162952 0.9998871 -0.005746601 0.01388148 0.8571758 -0.005716749 -0.5149922 0.8977653 -0.05212244 -0.4373794 0.8379086 -0.04744398 -0.5437447 0.790736 0.001455201 -0.6121556 0.7637089 -0.04335829 -0.644103 0.7908971 -0.0006062169 -0.6119488 0.9279762 -0.005208689 -0.3726031 0.943687 0.003324999 -0.3308228 0.9463463 -0.05036228 -0.3192058 0.9493817 -0.006034957 -0.314067 0.9824419 -0.006063307 -0.1864705 0.6796345 -0.03892586 -0.7325174 0.6805942 -0.01166746 -0.7325677 0.7608524 -0.0094624 -0.648856 0.5052125 -0.01545055 -0.8628566 0.4792868 -0.02915065 -0.8771741 0.4453088 -0.0009460916 -0.8953766 0.3814752 -0.004484075 -0.9243682 0.3635438 -0.02373352 -0.9312747 0.3217429 -0.002930568 -0.9468225 0.2503497 -0.01721498 -0.9680024 0.1893463 -7.530452e-05 -0.9819104 0.1251303 -0.008721252 -0.992102 0.007420153 -0.1234825 -0.992319 0.0564614 -0.247646 -0.967204 0.1986063 -0.158401 -0.9671942 0.158405 -0.1985962 -0.9671956 0.4710369 -0.1074743 -0.8755419 0.6655455 -0.1519894 -0.7307177 0.819383 -0.1869713 -0.5418978 0.923403 -0.210835 -0.320742 0.9717576 -0.2219598 -0.08013159 0.964528 -0.2156457 0.1522587 0.889969 -0.4286822 0.155521 0.4288524 -0.8901572 0.1539666 0.2198595 -0.9645715 0.1458205 0.7719434 -0.6155174 0.1588764 0.05425792 -0.9892096 0.1360895 0.05865667 -0.9973447 0.04316185 0.2217969 -0.9717984 -0.08008726 0.8980328 -0.4325685 -0.0801347 0.05808597 -0.9950802 -0.08025795 0.05768273 -0.9774232 -0.2032649 0.2107844 -0.9234403 -0.3206679 0.8534539 -0.4109038 -0.3205846 0.7794041 -0.6213908 -0.08001677 0.6157808 -0.7718402 0.1583561 0.05537736 -0.9452517 -0.3216094 0.05312416 -0.8976406 -0.4375148 0.1871052 -0.8193536 -0.5418961 0.7572576 -0.3645197 -0.5419283 0.7405561 -0.5905731 -0.3206245 0.6214744 -0.7793278 -0.08011093 0.04930431 -0.838265 -0.5430294 0.04540715 -0.7631869 -0.6445805 0.1518871 -0.6655575 -0.7307281 0.6150502 -0.2961994 -0.7307387 0.6570441 -0.5239994 -0.5419573 0.590486 -0.7405962 -0.3206922 0.04026046 -0.6794776 -0.7325908 0.03478547 -0.5812878 -0.8129541 0.1074476 -0.4711363 -0.8754916 0.5239084 -0.6571254 -0.5419466 0.5337732 -0.42562 -0.7307077 0.435423 -0.2096141 -0.875482 0.2477685 -0.05658342 -0.9671655 0.3014052 -0.3777594 -0.8754728 0.4324841 -0.8980771 -0.08009364 0.4109857 -0.8533767 -0.3206851 0.3646433 -0.7571824 -0.5419503 0.2963017 -0.6151108 -0.7306463 0.2096579 -0.4353881 -0.8754888 0.1101864 -0.2288883 -0.9671965 0.4256342 -0.5337882 -0.7306885 0.3777706 -0.3012991 -0.8755046 0.2290045 -0.1101273 -0.9671758 0.02876981 -0.4795555 -0.8770398 0.02202757 -0.3637205 -0.9312477 0.01533194 -0.2494456 -0.9682674 3.191501e-05 -0.2333704 -0.9723879 -0.001983801 -0.4546706 -0.8906574 -0.002946791 -0.6499948 -0.7599329 -0.003614407 -0.8090977 -0.587663 -0.004050296 -0.9233757 -0.3838762 -0.0043094 -0.9872616 -0.1590473 0.00608483 -0.9984851 -0.0546845 -0.01533904 -0.9993294 -0.0332499 0.0008219955 -0.9967048 0.08111001 -0.0002001436 -0.9168249 -0.3992893 5.191241e-08 -0.994306 -0.1065623 7.126071e-05 -0.9840715 -0.177773 0.0001460639 -0.9985841 0.0531963 -0.005207623 -0.7798212 -0.6259806 -0.004740454 -0.8612471 -0.5081644 6.158587e-08 -0.9447331 -0.3278404 6.958452e-08 -0.8004567 -0.5993905 7.128344e-08 -0.6410953 -0.7674613 7.128344e-08 -0.6410953 -0.7674613 7.000433e-08 -0.4957954 -0.8684393 0.002163366 -0.4488181 -0.8936205 0.0002763022 -0.4143213 -0.9101306 -0.0003773935 -0.3269226 -0.9450511 0.003717029 -0.2296855 -0.9732578 -0.001000311 -0.1876942 -0.982227 -0.002031596 -0.2558669 -0.9667099 0.8371195 -0.5470196 0.0006727163 0.9041547 -0.427204 -0.001036437 0.8990415 -0.4332128 -0.06364745 0.9459309 -0.3243413 0.004184743 0.9443479 -0.3207184 -0.07312196 0.9856267 -0.1681657 0.01613095 0.9695176 -0.2315527 -0.08011775 0.8449206 -0.5311366 -0.06327005 0.7801913 -0.6222273 -0.06430154 0.7611827 -0.6485374 -0.0003670283 0.5512049 -0.8342672 -0.01309522 0.586058 -0.8082562 0.05707786 0.5136555 -0.8579703 -0.006702237 0.5203156 -0.8539724 0.001672311 0.4999185 -0.8660725 6.83584e-05 0.7071398 -0.7070737 -0.0001311047 0.6211637 -0.7836681 -0.00446512 0.586058 -0.8082562 -0.05707779 0.5512049 -0.8342672 0.01309528 -0.3362709 -0.9417306 0.008085784 0.6178471 -0.7862701 0.006658169 0.7041738 -0.7068952 -0.06662236 0.6234228 -0.778945 -0.06774 0.530538 -0.8451771 -0.06484675 0.6265657 -0.7793672 0.001482297 0.707518 -0.7066953 4.92694e-05 0.5330462 -0.8460861 2.884503e-08 0.5326491 -0.8463358 -0.0007241805 0.518785 -0.8549047 2.807331e-08 0.6269941 -0.779024 -4.693613e-05 0.7080146 -0.706197 -0.001093141 0.7556165 -0.6550143 4.088911e-08 0.8660415 -0.4999722 4.68646e-08 0.8935206 -0.4490222 4.835159e-08 0.9659132 -0.2588661 5.226902e-08 0.9803288 -0.1973711 5.30491e-08 0.7556165 -0.6550143 4.08891e-08 0.8935206 -0.4490222 4.835159e-08 0.8660415 -0.4999722 4.68646e-08 0.9803297 -0.1973671 5.304914e-08 0.9659132 -0.2588661 5.226901e-08 0.9944602 -0.1050183 0.004483141 0.9843815 -0.1759918 0.004463902 0.9816813 -0.1905292 0.0006114303 0.9658293 -0.2591756 0.001293211 0.9609235 -0.2768002 -0.002768952 0.9134824 -0.4068669 0.003043782 0.9039606 -0.4276157 -0.0003439444 0.8415941 -0.5401098 0.0008719992 0.8295483 -0.5584173 -0.004456102 0.7603013 -0.6495703 -0.0005819757 0.2588842 -0.9659084 0.0001060876 0.4333371 -0.8988072 -0.06606545 0.3265527 -0.9426399 -0.06923395 0.2245493 -0.9719088 -0.07050489 0.2587735 0.965938 -0.0001347216 0.2224212 0.9726752 -0.0665716 0.3286741 0.9421472 -0.0658182 0.4330738 0.8989651 -0.06564218 0.4999554 0.8660511 -0.0002975919 0.7057149 0.7054999 -0.06508729 0.7071787 0.7070348 -0.0001858326 0.6219352 0.7803131 -0.06563604 0.5311816 0.8447659 -0.06493552 0.7727177 0.6346167 -0.01300032 0.779611 0.6252412 -0.03577912 0.6140636 0.7892565 0.0002006972 0.6734053 0.7392735 3.644037e-08 0.8955644 0.4449318 4.846219e-08 0.7550619 0.6556535 4.08591e-08 0.7087768 0.7054328 0.0001597847 0.6525629 0.7577346 3.531251e-08 0.8698411 0.493332 4.707021e-08 0.779611 0.6252412 0.0357792 0.7520525 0.6589146 -0.01576456 0.7302561 0.683154 -0.005157948 0.8085549 0.5884134 -0.002919242 0.9956899 0.09269629 0.003014092 0.9827675 0.1847823 0.004856625 0.9827675 0.1848459 -0.0003272289 0.9584896 0.285124 0.001379917 0.9485328 0.3166749 -0.001610297 0.9128415 0.4083135 0.0006503502 0.9017844 0.4321862 -0.0001600133 0.8414457 0.5403413 0.0006733174 0.8698411 0.493332 4.707021e-08 0.9659157 0.2588569 5.226915e-08 0.9803261 0.1973848 5.304895e-08 0.8955599 0.444941 4.846195e-08 0.9803286 0.1973725 5.304908e-08 0.9659157 0.2588569 5.226915e-08 0.780009 0.6223492 -0.06532592 0.8367697 0.5475545 0.0006819255 0.8453205 0.5302371 -0.06543529 0.8981376 0.439708 0.002406721 0.898444 0.4340676 -0.06620986 0.9475999 0.3194511 0.002321192 0.9420626 0.3293125 -0.06380692 0.9729917 0.2216112 -0.06461986 0.9837336 0.1796335 -0.0002289242 0.1250454 -0.9914474 0.03735967 0.9211372 -0.2748387 0.2756266 0.8723079 -0.4141319 0.2599493 0.8671998 -0.4335464 0.2449532 0.08363338 -0.9961969 0.02443622 0.4092916 -0.9044521 0.1201946 0.3396468 -0.9351984 0.1002197 0.4183462 -0.9007234 0.1169776 0.2865241 -0.9543369 0.08452871 0.2151469 -0.9747679 0.05949214 0.2085147 -0.9760648 0.06179871 0.1529252 -0.9872121 0.04501221 0.5184961 -0.841192 0.1534858 0.6008182 -0.7813595 0.1688037 0.5537895 -0.8161585 0.164932 0.776827 -0.5855131 0.2317635 0.7468548 -0.6271597 0.2210851 0.752864 -0.6230055 0.2122734 0.6399309 -0.7453279 0.1870154 0.5544307 -0.8156866 0.1651119 0.8723147 -0.4141165 0.2599511 0.8491246 -0.4636856 0.2529488 0.7764163 -0.5860996 0.2316573 0.9539619 -0.09488294 0.2845239 0.9336449 -0.2234237 0.2799804 0.9381228 -0.2222673 0.2655614 0.9338483 -0.2224977 0.2800394 0.9583366 0.006074968 0.2855767 0.120233 -0.9923459 0.02817322 0.108033 -0.9937122 0.02941116 0.2158946 -0.9747923 0.05629898 0.2444104 -0.9669467 0.07264739 0.4203756 -0.9006749 0.1098594 0.3671305 -0.9236799 0.109684 0.4765802 -0.8674968 0.1425502 0.6037472 -0.7814281 0.1576685 0.5839499 -0.7927047 0.1749908 0.6757522 -0.708677 0.2028198 0.7568912 -0.6230212 0.1973836 0.8721316 -0.4334223 0.2270058 0.7602961 -0.6081368 0.228297 0.8287724 -0.5009804 0.249309 0.8850881 -0.3817272 0.2662769 0.9244665 -0.2600729 0.2787898 0.9438935 -0.2217818 0.2446996 0.9490831 -0.1308415 0.2865689 0.03846543 -0.9913188 0.125728 0.07684994 -0.9654666 0.2489345 0.8643015 -0.2611567 0.4298606 0.7732392 -0.5041832 0.3845783 0.6287581 -0.7119445 0.312727 0.3882035 -0.2613229 0.8837468 0.5808055 -0.261321 0.7709581 0.3472857 -0.5042463 0.7906505 0.5197193 -0.5042227 0.6896747 0.2824105 -0.7119438 0.6429466 0.422573 -0.7119634 0.5608388 0.1981714 -0.8701783 0.4511296 0.2965176 -0.8701692 0.3935516 0.1004695 -0.9683011 0.2286894 0.4412025 -0.8701716 0.2194123 0.2851337 -0.2570936 0.9233643 0.255929 -0.4974167 0.8289011 0.2092903 -0.7046976 0.6779372 0.1482497 -0.8645307 0.4802173 0.7424368 -0.2611558 0.616916 0.6641886 -0.5042303 0.5519106 0.5401078 -0.7119719 0.4487534 0.3789622 -0.8701951 0.314878 0.1921324 -0.9682969 0.159644 0.2236255 -0.9683081 0.1112252 0.1503213 -0.9682958 0.1995163 0.03851154 -0.9913242 0.1256713 0.09064397 -0.9913378 0.09504217 0.393895 -0.2564411 0.8826577 0.3539199 -0.4958396 0.7930219 0.2901814 -0.7021839 0.6501788 0.2067796 -0.8617284 0.4633211 0.1092138 -0.9634207 0.2447302 0.1637986 -0.9634232 0.2120987 0.209152 -0.9634209 0.1675579 0.2426746 -0.9634309 0.113622 0.2626138 -0.9634301 0.05325785 0.2677913 -0.963424 -0.01009815 0.2578721 -0.9634264 -0.07288063 0.2334692 -0.9634224 -0.1315655 0.1959088 -0.963428 -0.1828281 0.1677797 -0.965456 -0.1993607 0.3101003 -0.86174 0.4015495 0.3958641 -0.8617835 0.3172077 0.4595247 -0.8617287 0.2150831 0.4971862 -0.8617654 0.1008281 0.5070254 -0.8617182 -0.01915693 0.4882242 -0.8617428 -0.1379727 0.4419782 -0.8617556 -0.2490633 0.3708516 -0.8617804 -0.3461265 0.3236064 -0.8645311 -0.3845321 0.4351487 -0.7021992 0.5635263 0.5556215 -0.7022312 0.4451473 0.6447864 -0.7022408 0.3018415 0.6978034 -0.7021806 0.1414666 0.7114248 -0.7022499 -0.02682783 0.6850795 -0.7022808 -0.1935659 0.6203046 -0.7021895 -0.3495026 0.5205349 -0.7021575 -0.4858171 0.4568254 -0.7047308 -0.5428306 0.5307782 -0.4957474 0.6873929 0.6777483 -0.4957533 0.543034 0.7865057 -0.4958328 0.3681828 0.851159 -0.4957287 0.1725727 0.8677955 -0.495847 -0.03266177 0.8357049 -0.4957916 -0.2361948 0.7565771 -0.4958153 -0.4263312 0.6349051 -0.4958231 -0.5924989 0.558549 -0.4974604 -0.6637441 0.5908008 -0.2563507 0.7650089 0.7542872 -0.2563567 0.6044271 0.8754496 -0.256324 0.409739 0.947305 -0.2563599 0.192075 0.9659209 -0.2562641 -0.03640798 0.930149 -0.256392 -0.2628421 0.8420809 -0.2563944 -0.4745119 0.7066428 -0.2563893 -0.659485 0.6222019 -0.2571097 -0.7394318 0.1293117 -0.9913333 -0.02316733 0.2492709 -0.9683127 -0.01531105 0.9240802 -0.2612986 -0.2789245 0.8352762 -0.2612243 -0.4838136 0.826728 -0.5042081 -0.2495897 0.7473078 -0.5041099 -0.4329021 0.6722757 -0.7119381 -0.2029521 0.607656 -0.7119547 -0.3519583 0.4716354 -0.8702212 -0.1423906 0.4263592 -0.8701804 -0.2469896 0.2391022 -0.9683062 -0.07220242 0.21613 -0.9683032 -0.1252068 0.7017714 -0.2612342 -0.6627772 0.6278434 -0.5042115 -0.5929447 0.5105605 -0.7119488 -0.4821378 0.35825 -0.8701796 -0.3382962 0.1815917 -0.9683085 -0.1714732 0.9604631 -0.2594566 0.1009595 0.9634524 -0.2612305 -0.05931427 0.8606731 -0.5010602 0.09044635 0.8619678 -0.5041808 -0.05303945 0.7018955 -0.7084427 0.07383485 0.7009525 -0.7119039 -0.04311018 0.4948803 -0.8673936 0.05217217 0.4917555 -0.8702088 -0.03021831 0.2539339 -0.9668463 0.0269418 0.1053422 -0.9913281 -0.0785599 0.9601933 -0.258392 0.1061242 0.9565111 -0.2585653 0.1350203 0.130268 -0.9914427 0.008459108 0.2641965 -0.9644687 -0.0005259011 0.1299515 -0.991443 0.01238191 0.259104 -0.9656265 0.02075178 0.129507 -0.9914446 0.01629481 0.2583593 -0.9656267 0.02855578 0.1289923 -0.9914399 0.02019771 0.1289922 -0.99144 0.02019433 0.2573852 -0.9656254 0.03633698 0.4960348 -0.8654745 0.0700247 0.7008 -0.7064641 0.09893403 0.8578159 -0.4994868 0.1210986 0.497918 -0.8654762 0.05503274 0.7034494 -0.7064799 0.07774946 0.8610559 -0.4995253 0.09516873 0.9629031 -0.2585922 0.07712142 0.8635655 -0.4994725 0.06915118 0.7055271 -0.7064272 0.05649851 0.4993337 -0.8654863 0.03999182 0.5045482 -0.8633834 -0.000535172 0.7102839 -0.7039152 -0.0004338338 0.8676193 -0.497229 -0.0003142493 0.9663752 -0.257136 -0.0003291267 0.9506507 -0.2563546 -0.1747727 0.8541182 -0.4958009 -0.1570463 0.7001194 -0.7023425 -0.1286386 0.4987782 -0.8618615 -0.09173357 0.2632493 -0.9635149 -0.04836096 0.2452298 -0.96349 -0.1074683 0.2140106 -0.9634708 -0.1610079 0.1713676 -0.9634944 -0.2056982 0.1196441 -0.9634788 -0.2395704 0.0614213 -0.9634775 -0.2606502 0.01551808 -0.9646061 -0.2632381 0.4644185 -0.8618578 -0.2037562 0.4053 -0.861888 -0.3047638 0.3245708 -0.8618743 -0.3896491 0.2265339 -0.8618427 -0.4537727 0.1164433 -0.8618576 -0.4936016 0.02940239 -0.863589 -0.5033384 0.6518996 -0.7023365 -0.2859202 0.5689348 -0.7023426 -0.4278177 0.455502 -0.7023217 -0.5470486 0.3179443 -0.7023506 -0.6368792 0.1634096 -0.7023628 -0.6928087 0.04113006 -0.704122 -0.7088868 0.7953019 -0.495815 -0.3488015 0.6940955 -0.4957862 -0.521946 0.5557406 -0.4958477 -0.6672985 0.3879242 -0.495921 -0.7769023 0.1992834 -0.4958595 -0.8452275 0.05004498 -0.4972952 -0.8661368 0.8851845 -0.2564322 -0.3881892 0.7725347 -0.256472 -0.5808719 0.6186338 -0.2564887 -0.7426343 0.4317397 -0.2564536 -0.864773 0.2217873 -0.2564472 -0.9407684 0.05566597 -0.2572949 -0.9647283 0.05437726 -0.9641841 -0.2596001 0.0486815 -0.8638221 -0.5014394 0.0396018 -0.7041629 -0.7089332 0.02780043 -0.4962545 -0.8677319 0.01410209 -0.2544715 -0.9669775 0.0556627 -0.2438517 -0.9682138 0.1096879 -0.4805613 -0.8700744 0.1562696 -0.6847437 -0.7118328 0.1921547 -0.8420176 -0.5040664 0.214767 -0.9411051 -0.2611443 0.4188982 -0.8696682 -0.261154 0.6018102 -0.7547374 -0.2611435 0.7546529 -0.6018978 -0.2611858 0.8696801 -0.4188398 -0.2612084 0.9411034 -0.2147618 -0.2611545 0.9641869 -0.05397183 -0.2596741 0.3747175 -0.7781278 -0.5040873 0.5384478 -0.6752536 -0.5040898 0.6752363 -0.5385237 -0.5040318 0.7781723 -0.3746893 -0.5040396 0.8420331 -0.1921837 -0.5040295 0.8638127 -0.04867931 -0.5014558 0.3047747 -0.6327966 -0.7118152 0.4379505 -0.5491315 -0.7117963 0.5490756 -0.4379665 -0.7118295 0.6327535 -0.3047287 -0.7118732 0.684723 -0.1562624 -0.7118543 0.7041976 -0.03959176 -0.7088993 0.2138842 -0.4441114 -0.8700682 0.3073061 -0.3853938 -0.8700773 0.3853425 -0.3073473 -0.8700855 0.4441172 -0.2138581 -0.8700716 0.4806069 -0.1096525 -0.8700536 0.4962574 -0.02780567 -0.8677301 0.1085276 -0.2253427 -0.9682161 0.155951 -0.195559 -0.9682128 0.1955678 -0.1559768 -0.9682068 0.22537 -0.1085196 -0.9682106 0.2438763 -0.05565807 -0.9682079 0.2544544 -0.01411212 -0.9669818 0.9898874 -0.03073479 -0.1384856 0.9604599 -0.01979283 -0.2777138 0.9540051 4.427557e-08 -0.2997904 0.9012992 -0.003243151 -0.4331849 0.9385107 0.003696009 -0.3452303 0.9828882 0.00120992 -0.1841991 0.8618768 -0.03304419 -0.50604 0.7042464 -0.03986422 -0.7088356 0.4973979 -0.0485595 -0.8661624 0.2573432 -0.05398108 -0.9648111 0.1302128 -0.9899088 -0.05590308 0.9629337 -0.06286868 -0.2623095 0.3821153 -0.9226047 -0.05280658 0.2572489 -0.9647944 -0.05472526 0.256514 -0.9423127 -0.215052 0.2565343 -0.8708024 -0.4193964 0.2565564 -0.7556636 -0.6026204 0.2565006 -0.6026408 -0.7556662 0.2565204 -0.4193264 -0.8708402 0.2564927 -0.2151045 -0.9423065 0.608142 -0.7925113 -0.04570762 0.4973091 -0.8661557 -0.04957863 0.4959821 -0.8465629 -0.1932176 0.4960073 -0.7823253 -0.3767545 0.4960191 -0.678874 -0.5413826 0.4959615 -0.5414245 -0.6788827 0.496006 -0.3767181 -0.7823436 0.4959809 -0.1932414 -0.8465582 0.7928721 -0.6083609 -0.03536688 0.7041997 -0.7088188 -0.04097155 0.7024875 -0.6938459 -0.1583955 0.7024975 -0.6411892 -0.3088262 0.7025027 -0.5564249 -0.4437131 0.7025043 -0.4437231 -0.5564149 0.7025304 -0.3087484 -0.6411906 0.7024605 -0.1584208 -0.6938675 0.9223337 -0.3854301 -0.02728036 0.8637139 -0.5031209 -0.02945774 0.8620142 -0.4941697 -0.1128172 0.8620081 -0.4566889 -0.2199482 0.862006 -0.3963106 -0.3160437 0.8620245 -0.3160164 -0.3962921 0.8620046 -0.2199583 -0.4566907 0.8620136 -0.1128231 -0.4941696 0.9866882 -0.1606826 -0.02505017 0.9594634 -0.2810016 -0.02163559 0.9633373 -0.2613336 -0.06071252 0.9635489 -0.2410343 -0.116086 0.9635546 -0.2091461 -0.1667948 0.9635423 -0.1668209 -0.2091818 0.9635553 -0.1160558 -0.2410231 0.9805584 -0.1670708 -0.1029205 0.9786805 -0.2053887 0.0001135199 0.9079423 -0.4190945 0.0007805623 0.6440441 -0.7649852 -0.002210704 0.9512427 -0.3084433 5.147514e-08 0.2257277 -0.9741904 -6.563268e-05 0.4405684 -0.8977182 0.001209085 0.631989 -0.7749758 0.001553828 0.7902749 -0.6127506 0.001510849 0.9647773 -0.2630006 0.00595112 0.9898917 0.1384594 -0.03071643 0.9604641 0.277703 -0.01974139 0.9540048 0.2997913 5.162465e-08 0.9709254 0.2393823 0.0001624702 0.9012953 0.4331924 -0.003345601 0.8749133 0.4842796 6.656104e-05 0.9400514 0.3410226 0.002653267 0.9828849 0.1842194 0.000610846 0.8618695 0.5060536 -0.0330275 0.7042466 0.708834 -0.03988846 0.7378096 0.6750088 3.992552e-08 0.4973963 0.8661617 -0.0485887 0.5060094 0.8625245 -0.002433899 0.6129081 0.7901512 -0.002173724 0.2573425 0.9648094 -0.05401489 0.1305626 0.9914372 -0.002368118 0.2628155 0.9648432 -0.002362593 0.385209 0.9228266 -0.002278309 0.9613683 0.02056398 -0.2744961 0.862971 0.03144355 -0.504274 0.8620196 0.1128336 -0.4941566 0.704243 0.03987071 -0.7088386 0.7024529 0.158401 -0.6938797 0.4974048 0.04856221 -0.8661583 0.4959786 0.1932205 -0.8465643 0.2573248 0.05399533 -0.9648152 0.2564737 0.2151162 -0.942309 0.9629212 0.2623601 -0.0628477 0.2565765 0.4193341 -0.87082 0.2565611 0.6026463 -0.7556413 0.2566056 0.7556398 -0.6026292 0.256576 0.8708007 -0.4193744 0.2566462 0.9422784 -0.2150444 0.4960074 0.3767475 -0.7823286 0.4959161 0.5413939 -0.6789402 0.4959653 0.6789079 -0.5413893 0.4960164 0.7823396 -0.3767128 0.495955 0.8465712 -0.193251 0.7025002 0.308801 -0.6411984 0.7024814 0.443728 -0.5564399 0.7025244 0.5564473 -0.4436507 0.7024542 0.6412296 -0.308841 0.7024341 0.6938945 -0.1584195 0.8620321 0.2199304 -0.4566523 0.8620357 0.3160203 -0.3962646 0.862005 0.3962926 -0.3160688 0.861959 0.4567459 -0.2200224 0.8619921 0.4942169 -0.1127798 0.9634414 0.05999984 -0.2611145 0.9635442 0.1160632 -0.2410641 0.9635328 0.1668321 -0.2092168 0.9635519 0.2091586 -0.1667943 0.963547 0.2410322 -0.1161059 0.9809743 0.09842247 -0.1673395 0.9641694 0.05407253 -0.2597183 0.9828876 -0.001049577 -0.1842035 0.901723 0.006079941 -0.4322714 0.9466077 0.01129685 -0.3221897 0.93885 -0.003473724 -0.344309 0.8638517 0.04869761 -0.5013869 0.7041721 0.03961816 -0.7089232 0.4962525 0.02779255 -0.8677332 0.2544655 0.01411193 -0.9669789 0.2438861 0.05565078 -0.9682058 0.4806044 0.1096846 -0.870051 0.6847149 0.1562118 -0.7118731 0.8420471 0.1921818 -0.5040067 0.9410899 0.2147993 -0.2611723 0.8696789 0.4188756 -0.2611549 0.7546973 0.6018582 -0.2611486 0.601869 0.7546831 -0.261165 0.4187486 0.8697357 -0.2611693 0.214771 0.9411069 -0.2611346 0.05453625 0.9641598 -0.2596569 0.7781453 0.3746405 -0.5041174 0.6752208 0.5385164 -0.5040605 0.5385176 0.6752473 -0.5040236 0.3746386 0.7781749 -0.5040732 0.1921947 0.8419675 -0.5041348 0.04876499 0.8638108 -0.5014507 0.6327735 0.3047839 -0.7118318 0.5490904 0.4379866 -0.7118059 0.4379832 0.5491205 -0.7117847 0.3047724 0.6327483 -0.7118591 0.1562602 0.6847194 -0.7118583 0.03959112 0.7041971 -0.7088998 0.4441095 0.2138528 -0.8700769 0.3853413 0.3073519 -0.8700844 0.3073715 0.3853898 -0.870056 0.2138998 0.4441371 -0.8700512 0.1096774 0.4806015 -0.8700535 0.02780353 0.4962572 -0.8677302 0.2253509 0.1085165 -0.9682154 0.1955516 0.1559819 -0.9682093 0.1559414 0.1955293 -0.9682203 0.1085428 0.2253909 -0.9682032 0.05567943 0.2438554 -0.9682119 0.01411105 0.2544554 -0.9669816 0.055654 0.2572683 -0.9647361 0.05004027 0.4973196 -0.8661231 0.0411541 0.7041442 -0.7088634 0.02940015 0.8635925 -0.5033325 0.01550556 0.9645994 -0.2632632 0.2218105 0.2564497 -0.9407623 0.1993112 0.495862 -0.8452195 0.1633766 0.7023861 -0.6927928 0.1164382 0.8618593 -0.4935997 0.06143029 0.9634717 -0.2606695 0.1197143 0.9634553 -0.2396297 0.171359 0.9634814 -0.2057659 0.2140484 0.9634646 -0.1609946 0.245344 0.9634592 -0.1074835 0.2633088 0.9634948 -0.04843915 0.2642227 0.9644616 -0.0004994485 0.2265447 0.8618635 -0.4537278 0.3245569 0.8618747 -0.3896597 0.405284 0.8618923 -0.3047728 0.4643422 0.8619101 -0.2037089 0.4987019 0.8619032 -0.091757 0.5045189 0.8634005 -0.000499373 0.3179151 0.7023966 -0.636843 0.4554812 0.7023828 -0.5469874 0.5688821 0.7023864 -0.4278159 0.6519125 0.7023367 -0.2858904 0.700117 0.7023388 -0.1286719 0.7102595 0.7039398 -0.0004125195 0.3878892 0.4958915 -0.7769386 0.5557273 0.4958609 -0.6672999 0.6941339 0.4957745 -0.5219059 0.7952786 0.4958294 -0.348834 0.8541235 0.4958082 -0.1569946 0.8676417 0.4971899 -0.0003464919 0.431725 0.2564615 -0.864778 0.618649 0.2564188 -0.7426458 0.7725315 0.2564648 -0.5808794 0.8851722 0.2564436 -0.3882098 0.9506597 0.256357 -0.1747206 0.9663676 0.2571644 -0.0003474523 0.9601963 0.2583812 0.106124 0.962907 0.2585792 0.07711643 0.1291039 0.991425 0.02021519 0.2539975 0.9668292 0.02695468 0.1300639 0.9914282 0.01239263 0.2584132 0.9656121 0.02856231 0.1303806 0.9914279 0.00846643 0.2591595 0.9656115 0.02075371 0.129619 0.9914297 0.01630891 0.2574414 0.9656103 0.03634049 0.1291104 0.9914241 0.02021627 0.4993063 0.8655023 0.03998667 0.7054994 0.7064549 0.05649846 0.8635651 0.4994729 0.06915316 0.4978912 0.8654918 0.05503043 0.703422 0.706508 0.07774264 0.8610562 0.4995257 0.09516442 0.9565124 0.2585588 0.1350236 0.8578187 0.4994811 0.1211019 0.700768 0.7064963 0.09892995 0.4960106 0.8654885 0.07002197 0.494848 0.8674116 0.05217762 0.7018639 0.7084745 0.0738305 0.8606688 0.5010716 0.09042396 0.9604712 0.259442 0.1009204 0.1294235 0.9913183 -0.02318738 0.2391546 0.9682928 -0.07220918 0.1054055 0.9913162 -0.07862486 0.1816266 0.9682937 -0.1715199 0.6222307 0.2571352 -0.7393987 0.7017355 0.2612389 -0.6628134 0.5585699 0.4974225 -0.6637549 0.6278176 0.5042177 -0.5929667 0.4567347 0.7047956 -0.5428228 0.5105676 0.7119713 -0.482097 0.3236129 0.8645349 -0.384518 0.3582398 0.8701882 -0.3382849 0.1678347 0.9654412 -0.1993862 0.2161858 0.9682867 -0.1252383 0.4263215 0.8702076 -0.2469588 0.6076553 0.7119529 -0.3519633 0.747317 0.504155 -0.4328337 0.8353241 0.2611597 -0.4837657 0.9240727 0.2612515 -0.2789935 0.826696 0.5042348 -0.2496416 0.6722506 0.7119599 -0.2029585 0.4716141 0.870232 -0.1423953 0.2493313 0.968297 -0.0153261 0.4917391 0.8702177 -0.03022728 0.7009115 0.7119452 -0.04309474 0.8619798 0.5041653 -0.05299302 0.9634504 0.2612535 -0.05924522 0.7066106 0.2564423 -0.6594989 0.6349313 0.4957669 -0.5925179 0.5205323 0.7022002 -0.4857583 0.3708015 0.8618028 -0.3461245 0.08484614 0.9913122 -0.1005055 0.1959343 0.9634137 -0.1828764 0.2335186 0.9634074 -0.1315872 0.2579201 0.9634124 -0.07289573 0.2678452 0.963409 -0.01009885 0.2626741 0.9634126 0.05327715 0.24273 0.9634169 0.1136228 0.2091746 0.9634081 0.167603 0.1638342 0.9634119 0.2121221 0.1092258 0.9634042 0.2447899 0.07687971 0.9654481 0.2489969 0.4419433 0.8617827 -0.2490313 0.4881764 0.8617702 -0.1379706 0.5070024 0.8617328 -0.01910897 0.4971582 0.8617887 0.1007668 0.4594808 0.8617415 0.2151255 0.3958845 0.8617903 0.317164 0.3100707 0.8617624 0.4015243 0.2067444 0.8617431 0.4633094 0.1482712 0.8645456 0.4801839 0.6203269 0.7021792 -0.3494838 0.6850802 0.7022715 -0.1935971 0.7113713 0.7023031 -0.02685455 0.6977644 0.7022111 0.1415076 0.6447714 0.7022656 0.3018158 0.5555906 0.7022862 0.4450991 0.435123 0.7022212 0.5635187 0.2901534 0.7022127 0.6501602 0.2093121 0.7047264 0.6779005 0.7565424 0.4958638 -0.4263365 0.8356831 0.4958402 -0.2361702 0.8678129 0.4958139 -0.03269999 0.8511568 0.4957089 0.1726405 0.7865313 0.4958376 0.3681218 0.6777413 0.4957372 0.5430573 0.5307581 0.4957187 0.6874291 0.3539786 0.4958448 0.7929925 0.2558769 0.4974138 0.8289189 0.8421028 0.2563447 -0.4745001 0.9301535 0.2563446 -0.2628723 0.9659229 0.2562633 -0.0363606 0.9473122 0.2563622 0.1920363 0.8754437 0.2563233 0.4097521 0.7542934 0.2563335 0.6044292 0.5907814 0.2563704 0.7650173 0.3939501 0.2564391 0.8826337 0.2850473 0.2570833 0.9233939 0.03855001 0.9913109 0.1257639 0.1004896 0.9682864 0.228743 0.09073005 0.9913187 0.0951596 0.1921809 0.9682807 0.1596839 0.9331924 0.2208495 0.2835092 0.867021 0.2602571 0.424901 0.7766885 0.5038773 0.3779717 0.8618221 0.4331035 0.2639773 0.9020969 0.3295834 0.2785606 0.6321387 0.7119647 0.305789 0.7468443 0.6239364 0.2300587 0.8086971 0.530931 0.2532217 0.4089915 0.9048923 0.1178804 0.5085441 0.8458966 0.1607537 0.439253 0.8721064 0.2156092 0.594127 0.7831151 0.1836948 0.6752309 0.7061888 0.2129802 0.2257505 0.9677495 0.1117927 0.3210887 0.9421812 0.09589942 0.2089519 0.9758385 0.06386177 0.7424127 0.2611907 0.6169302 0.664198 0.5042244 0.5519046 0.5401006 0.712007 0.4487063 0.3789463 0.8702152 0.3148416 0.1503489 0.9682811 0.199567 0.2964915 0.8701773 0.3935535 0.4225551 0.7119961 0.5608108 0.5197084 0.5042465 0.6896656 0.5808384 0.2613107 0.7709367 0.3882588 0.2612735 0.8837371 0.3473102 0.5042517 0.7906364 0.2823775 0.7119596 0.6429436 0.1981566 0.8701936 0.4511064 0.03849862 0.9913037 0.1258368 0.9437763 0.2222151 0.2447584 0.1088138 0.9937001 0.0268277 0.2161163 0.9747577 0.05604689 0.9224037 0.2723643 0.2738415 0.9432204 0.1786226 0.2800521 0.9376076 0.2226667 0.2670421 0.9521503 0.1146697 0.283303 0.9583369 0.00707316 0.2855527 0.8424361 0.4778575 0.2489051 0.8666588 0.4334419 0.2470437 0.7738227 0.5923328 0.2243663 0.7523554 0.6230019 0.2140795 0.7675709 0.5988375 0.2285356 0.8652407 0.4295402 0.258561 0.8719902 0.4189234 0.2532515 0.9109246 0.3136758 0.2679998 0.6117102 0.7701795 0.1806491 0.6460257 0.7388197 0.1918235 0.6001121 0.7814827 0.1707343 0.6476608 0.7382782 0.1883634 0.7337831 0.6439836 0.2164427 0.3454327 0.9331208 0.09980909 0.3891868 0.9137249 0.1167925 0.4179497 0.9006274 0.1191145 0.401253 0.9094267 0.1092663 0.4776253 0.8684576 0.1328736 0.2148292 0.9747397 0.06108081 0.1112032 0.9933826 0.02872144 0.1707808 0.9839466 0.05179794 0.182271 0.982283 0.04355979 0.2353771 0.9703198 0.05547111 0.420682 0.9006241 0.1091005 0.6040786 0.7813735 0.1566669 0.7570865 0.6231118 0.1963459 0.872287 0.4335203 0.2262201</float_array>
          <technique_common>
            <accessor count="4158" source="#normals-array-array" stride="3">
              <param type="float" name="X"/>
              <param type="float" name="Y"/>
              <param type="float" name="Z"/>
            </accessor>
          </technique_common>
        </source>
        <vertices id="verts-array-vertices">
          <input semantic="POSITION" source="#verts-array"/>
        </vertices>
        <triangles count="5280" material="material0">
          <input offset="0" semantic="VERTEX" source="#verts-array-vertices"/>
          <input offset="1" semantic="NORMAL" source="#normals-array"/>
          <p>0 0 1 1 2 2 3 3 2 2 4 4 5 5 4 4 2 2 6 6 7 7 8 8 9 9 8 8 7 7 6 6 10 10 7 7 11 11 7 7 10 10 7 7 11 11 12 12 5 5 2 2 13 13 14 14 13 13 2 2 13 13 14 14 15 15 12 12 16 16 7 7 17 17 7 7 16 16 7 7 17 17 14 14 18 18 14 14 17 17 14 14 18 18 19 19 19 19 20 20 14 14 21 21 14 14 20 20 14 14 21 21 15 15 22 22 23 23 24 24 22 22 24 24 3 3 25 25 26 26 27 27 28 28 27 27 26 26 27 27 28 28 29 29 30 30 29 29 28 28 30 30 31 31 29 29 32 32 29 29 31 31 29 29 32 32 9 9 33 33 9 9 32 32 9 9 33 33 8 8 27 27 34 34 25 25 35 35 25 25 34 34 25 25 35 35 22 22 36 36 22 22 35 35 22 22 36 36 23 23 37 37 38 38 39 39 40 40 39 39 38 38 39 39 40 40 41 41 42 42 41 41 40 40 43 43 44 44 45 45 46 46 45 45 47 47 42 42 48 48 41 41 49 49 41 41 48 48 41 41 49 49 50 50 44 44 51 51 45 45 52 52 45 45 51 51 45 45 52 52 47 47 50 50 53 53 41 41 54 54 41 41 53 53 41 41 54 54 55 55 56 56 57 57 58 58 58 58 57 57 59 59 37 37 39 39 60 60 61 61 60 60 39 39 60 60 61 61 62 62 47 47 63 63 46 46 64 64 46 46 63 63 46 46 64 64 58 58 65 65 58 58 64 64 58 58 65 65 56 56 60 60 66 66 67 67 68 68 67 67 66 66 67 67 68 68 69 69 59 59 69 69 68 68 69 69 59 59 70 70 57 57 70 70 59 59 62 62 71 71 60 60 72 72 60 60 71 71 60 60 72 72 66 66 73 73 74 74 75 75 75 75 74 74 76 76 77 77 78 78 79 79 78 78 80 80 79 79 81 81 79 79 80 80 79 79 81 81 82 82 83 83 84 84 75 75 85 85 75 75 84 84 75 75 85 85 73 73 82 82 86 86 79 79 87 87 79 79 86 86 79 79 87 87 88 88 74 74 89 89 76 76 90 90 76 76 89 89 76 76 90 90 91 91 92 92 91 91 90 90 92 92 93 93 91 91 94 94 91 91 93 93 91 91 94 94 95 95 96 96 97 97 98 98 99 99 98 98 97 97 98 98 99 99 77 77 94 94 100 100 95 95 101 101 95 95 100 100 95 95 101 101 102 102 103 103 102 102 101 101 102 102 103 103 104 104 96 96 104 104 103 103 104 104 96 96 105 105 106 106 107 107 108 108 109 109 108 108 107 107 110 110 111 111 112 112 113 113 112 112 111 111 112 112 113 113 114 114 110 110 115 115 111 111 116 116 111 111 115 115 111 111 116 116 117 117 117 117 118 118 111 111 119 119 111 111 118 118 111 111 119 119 108 108 120 120 108 108 119 119 108 108 120 120 106 106 121 121 122 122 123 123 108 108 123 123 122 122 123 123 108 108 124 124 109 109 124 124 108 108 114 114 113 113 125 125 126 126 125 125 113 113 125 125 126 126 127 127 128 128 129 129 130 130 131 131 130 130 129 129 130 130 131 131 132 132 133 133 132 132 131 131 132 132 133 133 134 134 121 121 135 135 122 122 136 136 122 122 135 135 122 122 136 136 137 137 132 132 137 137 136 136 137 137 132 132 138 138 134 134 138 138 132 132 130 130 139 139 128 128 140 140 128 128 139 139 128 128 140 140 126 126 141 141 126 126 140 140 126 126 141 141 127 127 142 142 143 143 144 144 145 145 146 146 147 147 148 148 142 142 149 149 144 144 149 149 142 142 149 149 144 144 150 150 151 151 150 150 144 144 150 150 151 151 152 152 153 153 152 152 151 151 152 152 153 153 154 154 155 155 154 154 153 153 147 147 146 146 156 156 154 154 156 156 146 146 156 156 154 154 157 157 155 155 157 157 154 154 157 157 155 155 75 75 158 158 159 159 160 160 161 161 162 162 163 163 163 163 158 158 161 161 160 160 161 161 158 158 161 161 160 160 164 164 153 153 164 164 160 160 164 164 153 153 165 165 151 151 165 165 153 153 165 165 151 151 166 166 167 167 166 166 151 151 168 168 169 169 170 170 166 166 170 170 169 169 170 170 166 166 171 171 167 167 171 171 166 166 171 171 167 167 45 45 0 0 2 2 172 172 3 3 24 24 2 2 173 173 2 2 24 24 2 2 173 173 172 172 174 174 175 175 176 176 163 163 176 176 175 175 177 177 178 178 168 168 179 179 168 168 178 178 162 162 169 169 163 163 168 168 163 163 169 169 163 163 168 168 176 176 179 179 176 176 168 168 180 180 181 181 182 182 148 148 182 182 181 181 183 183 184 184 147 147 185 185 147 147 184 184 149 149 145 145 148 148 147 147 148 148 145 145 148 148 147 147 182 182 185 185 182 182 147 147 186 186 187 187 98 98 188 188 98 98 187 187 98 98 188 188 189 189 189 189 190 190 98 98 191 191 98 98 190 190 98 98 191 191 96 96 192 192 96 96 191 191 96 96 192 192 105 105 77 77 79 79 98 98 193 193 98 98 79 79 98 98 193 193 186 186 193 193 194 194 195 195 195 195 196 196 193 193 197 197 193 193 196 196 193 193 197 197 186 186 198 198 199 199 200 200 1 1 198 198 2 2 200 200 2 2 198 198 2 2 200 200 14 14 201 201 14 14 200 200 14 14 201 201 202 202 203 203 202 202 201 201 202 202 203 203 79 79 204 204 79 79 203 203 79 79 204 204 193 193 199 199 205 205 200 200 206 206 200 200 205 205 200 200 206 206 207 207 143 143 111 111 144 144 108 108 144 144 111 111 144 144 108 108 151 151 208 208 151 151 108 108 151 151 208 208 167 167 41 41 167 167 208 208 167 167 41 41 45 45 55 55 45 45 41 41 45 45 55 55 43 43 159 159 7 7 160 160 14 14 160 160 7 7 160 160 14 14 153 153 202 202 153 153 14 14 153 153 202 202 155 155 79 79 155 155 202 202 155 155 79 79 75 75 88 88 75 75 79 79 75 75 88 88 83 83 209 209 210 210 211 211 212 212 211 211 210 210 213 213 214 214 215 215 216 216 215 215 214 214 217 217 218 218 219 219 220 220 221 221 222 222 217 217 222 222 221 221 222 222 217 217 223 223 219 219 223 223 217 217 224 224 225 225 226 226 227 227 226 226 225 225 228 228 226 226 229 229 227 227 229 229 226 226 229 229 227 227 230 230 231 231 230 230 227 227 232 232 233 233 234 234 235 235 234 234 233 233 236 236 234 234 237 237 235 235 237 237 234 234 237 237 235 235 238 238 239 239 238 238 235 235 240 240 241 241 242 242 243 243 242 242 241 241 243 243 241 241 244 244 245 245 244 244 241 241 244 244 245 245 246 246 247 247 246 246 245 245 246 246 247 247 248 248 249 249 248 248 247 247 248 248 249 249 250 250 251 251 250 250 249 249 250 250 251 251 252 252 253 253 252 252 251 251 252 252 253 253 254 254 232 232 234 234 255 255 232 232 255 255 256 256 257 257 256 256 255 255 256 256 257 257 258 258 259 259 258 258 257 257 258 258 259 259 260 260 261 261 260 260 259 259 260 260 261 261 262 262 262 262 261 261 263 263 264 264 263 263 261 261 263 263 264 264 265 265 266 266 265 265 264 264 265 265 266 266 267 267 226 226 268 268 224 224 269 269 224 224 268 268 268 268 270 270 269 269 271 271 269 269 270 270 269 269 271 271 272 272 271 271 273 273 272 272 274 274 272 272 273 273 272 272 274 274 275 275 274 274 276 276 275 275 277 277 275 275 276 276 275 275 277 277 278 278 277 277 279 279 278 278 280 280 278 278 279 279 278 278 280 280 281 281 282 282 283 283 284 284 281 281 284 284 283 283 284 284 281 281 285 285 280 280 285 285 281 281 286 286 287 287 288 288 289 289 288 288 287 287 287 287 290 290 289 289 291 291 289 289 290 290 289 289 291 291 292 292 291 291 293 293 292 292 294 294 292 292 293 293 292 292 294 294 295 295 294 294 296 296 295 295 297 297 295 295 296 296 295 295 297 297 298 298 297 297 299 299 298 298 300 300 298 298 299 299 298 298 300 300 301 301 302 302 303 303 304 304 301 301 304 304 303 303 304 304 301 301 305 305 300 300 305 305 301 301 306 306 307 307 308 308 309 309 308 308 307 307 308 308 309 309 310 310 311 311 312 312 313 313 308 308 313 313 312 312 313 313 308 308 314 314 310 310 314 314 308 308 315 315 316 316 317 317 316 316 318 318 317 317 319 319 317 317 318 318 317 317 319 319 320 320 321 321 322 322 317 317 323 323 317 317 322 322 317 317 323 323 315 315 324 324 325 325 326 326 327 327 326 326 325 325 328 328 329 329 330 330 331 331 330 330 329 329 332 332 333 333 334 334 335 335 334 334 333 333 336 336 337 337 338 338 339 339 338 338 337 337 340 340 341 341 342 342 342 342 341 341 343 343 344 344 343 343 341 341 343 343 344 344 345 345 346 346 347 347 348 348 345 345 349 349 343 343 350 350 343 343 349 349 343 343 350 350 346 346 351 351 346 346 350 350 346 346 351 351 347 347 348 348 352 352 346 346 353 353 346 346 352 352 346 346 353 353 354 354 355 355 354 354 353 353 354 354 355 355 356 356 356 356 357 357 354 354 358 358 354 354 357 357 354 354 358 358 359 359 360 360 359 359 358 358 359 359 360 360 361 361 361 361 362 362 359 359 363 363 359 359 362 362 359 359 363 363 364 364 365 365 364 364 363 363 364 364 365 365 366 366 366 366 367 367 364 364 368 368 364 364 367 367 364 364 368 368 342 342 369 369 342 342 368 368 342 342 369 369 340 340 370 370 371 371 372 372 373 373 372 372 371 371 374 374 375 375 376 376 377 377 376 376 375 375 378 378 379 379 380 380 381 381 380 380 379 379 382 382 383 383 384 384 385 385 384 384 383 383 386 386 387 387 388 388 389 389 390 390 391 391 392 392 391 391 390 390 391 391 392 392 388 388 393 393 388 388 392 392 388 388 393 393 386 386 394 394 395 395 396 396 394 394 396 396 397 397 398 398 399 399 400 400 401 401 400 400 399 399 400 400 401 401 396 396 402 402 396 396 401 401 396 396 402 402 397 397 403 403 404 404 405 405 406 406 405 405 404 404 405 405 406 406 407 407 408 408 407 407 406 406 407 407 408 408 409 409 409 409 410 410 407 407 411 411 407 407 410 410 407 407 411 411 412 412 413 413 412 412 411 411 412 412 413 413 414 414 414 414 415 415 412 412 416 416 412 412 415 415 412 412 416 416 417 417 418 418 417 417 416 416 417 417 418 418 419 419 419 419 420 420 417 417 421 421 417 417 420 420 417 417 421 421 422 422 423 423 422 422 421 421 422 422 423 423 424 424 424 424 425 425 422 422 426 426 422 422 425 425 422 422 426 426 427 427 428 428 427 427 426 426 427 427 428 428 429 429 429 429 430 430 427 427 431 431 427 427 430 430 427 427 431 431 405 405 432 432 405 405 431 431 405 405 432 432 403 403 433 433 434 434 435 435 436 436 435 435 434 434 437 437 438 438 439 439 440 440 439 439 438 438 441 441 442 442 443 443 444 444 443 443 442 442 443 443 444 444 445 445 446 446 447 447 448 448 449 449 448 448 447 447 450 450 451 451 452 452 448 448 452 452 451 451 449 449 453 453 448 448 454 454 448 448 453 453 448 448 454 454 452 452 455 455 456 456 457 457 458 458 459 459 460 460 461 461 460 460 459 459 460 460 461 461 457 457 462 462 457 457 461 461 457 457 462 462 455 455 463 463 464 464 465 465 466 466 465 465 464 464 467 467 468 468 469 469 470 470 471 471 472 472 473 473 472 472 471 471 472 472 473 473 474 474 475 475 474 474 473 473 474 474 475 475 476 476 467 467 469 469 477 477 478 478 477 477 469 469 477 477 478 478 479 479 480 480 481 481 482 482 482 482 483 483 480 480 484 484 480 480 483 483 480 480 484 484 472 472 485 485 472 472 484 484 472 472 485 485 470 470 479 479 486 486 477 477 487 487 477 477 486 486 477 477 487 487 488 488 489 489 488 488 487 487 488 488 489 489 490 490 476 476 491 491 474 474 492 492 474 474 491 491 474 474 492 492 467 467 493 493 467 467 492 492 467 467 493 493 468 468 490 490 494 494 488 488 495 495 488 488 494 494 488 488 495 495 480 480 496 496 480 480 495 495 480 480 496 496 481 481 497 497 498 498 499 499 500 500 499 499 498 498 499 499 500 500 501 501 497 497 499 499 502 502 503 503 502 502 499 499 502 502 503 503 504 504 505 505 506 506 507 507 508 508 507 507 506 506 505 505 509 509 506 506 510 510 506 506 509 509 506 506 510 510 511 511 512 512 513 513 508 508 514 514 508 508 513 513 508 508 514 514 507 507 515 515 516 516 517 517 518 518 517 517 516 516 517 517 518 518 519 519 520 520 519 519 518 518 521 521 522 522 523 523 524 524 523 523 522 522 525 525 526 526 527 527 528 528 529 529 530 530 531 531 530 530 529 529 530 530 531 531 527 527 532 532 527 527 531 531 527 527 532 532 525 525 533 533 534 534 535 535 536 536 537 537 535 535 538 538 535 535 537 537 535 535 538 538 533 533 536 536 535 535 539 539 540 540 539 539 535 535 539 539 540 540 541 541 542 542 543 543 544 544 545 545 544 544 543 543 546 546 547 547 548 548 546 546 548 548 549 549 550 550 551 551 548 548 552 552 548 548 551 551 548 548 552 552 549 549 553 553 554 554 555 555 556 556 555 555 554 554 557 557 558 558 559 559 560 560 559 559 558 558 559 559 560 560 561 561 562 562 561 561 560 560 561 561 562 562 563 563 563 563 564 564 561 561 565 565 561 561 564 564 561 561 565 565 566 566 567 567 566 566 565 565 566 566 567 567 568 568 569 569 570 570 571 571 572 572 571 571 570 570 571 571 572 572 573 573 574 574 573 573 572 572 573 573 574 574 575 575 568 568 576 576 566 566 577 577 566 566 576 576 566 566 577 577 578 578 579 579 578 578 577 577 578 578 579 579 580 580 580 580 581 581 578 578 582 582 578 578 581 581 578 578 582 582 571 571 583 583 571 571 582 582 571 571 583 583 569 569 575 575 584 584 573 573 585 585 573 573 584 584 573 573 585 585 559 559 586 586 559 559 585 585 559 559 586 586 557 557 587 587 588 588 589 589 587 587 589 589 590 590 590 590 589 589 591 591 592 592 591 591 589 589 591 591 592 592 593 593 594 594 595 595 596 596 597 597 596 596 595 595 594 594 598 598 595 595 599 599 595 595 598 598 595 595 599 599 600 600 601 601 602 602 597 597 603 603 597 597 602 602 597 597 603 603 596 596 604 604 605 605 606 606 607 607 608 608 609 609 604 604 609 609 608 608 609 609 604 604 610 610 606 606 610 610 604 604 611 611 612 612 613 613 614 614 615 615 616 616 616 616 617 617 614 614 618 618 614 614 617 617 614 614 618 618 613 613 619 619 613 613 618 618 613 613 619 619 611 611 620 620 621 621 622 622 623 623 624 624 625 625 626 626 625 625 624 624 625 625 626 626 622 622 627 627 622 622 626 626 622 622 627 627 620 620 628 628 629 629 630 630 631 631 630 630 629 629 632 632 633 633 634 634 635 635 634 634 633 633 636 636 637 637 638 638 639 639 638 638 637 637 638 638 639 639 640 640 640 640 641 641 638 638 642 642 638 638 641 641 638 638 642 642 635 635 643 643 644 644 634 634 644 644 645 645 634 634 646 646 634 634 645 645 634 634 646 646 647 647 648 648 647 647 646 646 647 647 648 648 649 649 650 650 651 651 636 636 635 635 642 642 634 634 652 652 634 634 642 642 634 634 652 652 643 643 653 653 654 654 655 655 651 651 656 656 636 636 657 657 636 636 656 656 636 636 657 657 637 637 649 649 658 658 647 647 659 659 647 647 658 658 647 647 659 659 653 653 660 660 653 653 659 659 653 653 660 660 654 654 655 655 661 661 653 653 662 662 653 653 661 661 653 653 662 662 636 636 663 663 636 636 662 662 636 636 663 663 650 650 664 664 665 665 666 666 667 667 668 668 669 669 664 664 669 669 668 668 669 669 664 664 670 670 666 666 670 670 664 664 671 671 672 672 673 673 674 674 673 673 672 672 675 675 676 676 672 672 677 677 672 672 676 676 672 672 677 677 674 674 678 678 679 679 680 680 681 681 680 680 679 679 682 682 683 683 684 684 685 685 684 684 683 683 684 684 685 685 686 686 687 687 688 688 689 689 690 690 689 689 688 688 689 689 690 690 691 691 692 692 693 693 694 694 695 695 694 694 693 693 696 696 697 697 698 698 699 699 698 698 697 697 700 700 701 701 702 702 703 703 702 702 701 701 702 702 703 703 704 704 704 704 705 705 702 702 706 706 702 702 705 705 702 702 706 706 699 699 707 707 708 708 698 698 708 708 709 709 698 698 710 710 698 698 709 709 698 698 710 710 711 711 712 712 711 711 710 710 711 711 712 712 713 713 699 699 706 706 698 698 714 714 698 698 706 706 698 698 714 714 707 707 715 715 716 716 717 717 718 718 717 717 716 716 719 719 720 720 700 700 721 721 700 700 720 720 700 700 721 721 701 701 713 713 722 722 711 711 723 723 711 711 722 722 711 711 723 723 716 716 724 724 716 716 723 723 716 716 724 724 718 718 715 715 725 725 716 716 726 726 716 716 725 725 716 716 726 726 700 700 727 727 700 700 726 726 700 700 727 727 719 719 728 728 729 729 730 730 731 731 730 730 729 729 732 732 733 733 734 734 729 729 734 734 733 733 734 734 729 729 735 735 728 728 735 735 729 729 736 736 737 737 738 738 739 739 738 738 737 737 738 738 739 739 740 740 741 741 742 742 738 738 743 743 738 738 742 742 738 738 743 743 736 736 744 744 745 745 746 746 747 747 746 746 745 745 748 748 749 749 750 750 751 751 750 750 749 749 750 750 751 751 752 752 753 753 754 754 755 755 756 756 755 755 754 754 755 755 756 756 757 757 758 758 759 759 760 760 761 761 760 760 759 759 762 762 763 763 764 764 765 765 764 764 763 763 766 766 767 767 768 768 769 769 768 768 767 767 770 770 771 771 772 772 773 773 772 772 771 771 774 774 775 775 776 776 777 777 776 776 775 775 778 778 779 779 780 780 781 781 780 780 779 779 782 782 783 783 784 784 785 785 784 784 783 783 786 786 787 787 788 788 789 789 788 788 787 787 790 790 791 791 792 792 793 793 792 792 791 791 794 794 795 795 796 796 797 797 796 796 795 795 798 798 799 799 800 800 801 801 800 800 799 799 802 802 803 803 804 804 805 805 804 804 803 803 806 806 807 807 808 808 809 809 808 808 807 807 810 810 811 811 812 812 813 813 812 812 811 811 814 814 815 815 816 816 817 817 816 816 815 815 818 818 819 819 820 820 821 821 820 820 819 819 822 822 823 823 824 824 825 825 824 824 823 823 826 826 827 827 828 828 829 829 828 828 827 827 830 830 831 831 832 832 833 833 832 832 831 831 834 834 835 835 836 836 837 837 836 836 835 835 838 838 839 839 840 840 841 841 840 840 839 839 842 842 843 843 844 844 845 845 844 844 843 843 844 844 845 845 846 846 847 847 846 846 845 845 846 846 847 847 848 848 849 849 848 848 847 847 848 848 849 849 850 850 851 851 850 850 849 849 850 850 851 851 852 852 853 853 852 852 851 851 852 852 853 853 854 854 855 855 854 854 853 853 854 854 855 855 856 856 857 857 856 856 855 855 856 856 857 857 858 858 859 859 858 858 857 857 858 858 859 859 860 860 861 861 860 860 859 859 860 860 861 861 862 862 863 863 862 862 861 861 862 862 863 863 864 864 865 865 864 864 863 863 864 864 865 865 866 866 867 867 866 866 865 865 866 866 867 867 868 868 869 869 868 868 867 867 868 868 869 869 870 870 871 871 870 870 869 869 870 870 871 871 872 872 873 873 872 872 871 871 872 872 873 873 874 874 875 875 874 874 873 873 874 874 875 875 876 876 877 877 876 876 875 875 876 876 877 877 878 878 879 879 878 878 877 877 878 878 879 879 880 880 881 881 880 880 879 879 880 880 881 881 882 882 883 883 882 882 881 881 882 882 883 883 884 884 885 885 884 884 883 883 884 884 885 885 886 886 887 887 886 886 885 885 886 886 887 887 888 888 889 889 888 888 887 887 888 888 889 889 842 842 843 843 842 842 889 889 890 890 891 891 892 892 893 893 892 892 891 891 892 892 893 893 894 894 895 895 894 894 893 893 894 894 895 895 896 896 897 897 896 896 895 895 896 896 897 897 898 898 899 899 898 898 897 897 898 898 899 899 900 900 901 901 900 900 899 899 900 900 901 901 902 902 903 903 902 902 901 901 902 902 903 903 904 904 905 905 904 904 903 903 904 904 905 905 906 906 907 907 906 906 905 905 906 906 907 907 908 908 909 909 908 908 907 907 908 908 909 909 910 910 911 911 910 910 909 909 910 910 911 911 912 912 913 913 912 912 911 911 912 912 913 913 914 914 915 915 914 914 913 913 914 914 915 915 916 916 917 917 916 916 915 915 916 916 917 917 918 918 919 919 918 918 917 917 918 918 919 919 920 920 921 921 920 920 919 919 920 920 921 921 922 922 923 923 922 922 921 921 922 922 923 923 924 924 925 925 924 924 923 923 924 924 925 925 926 926 927 927 926 926 925 925 926 926 927 927 928 928 929 929 928 928 927 927 928 928 929 929 930 930 931 931 930 930 929 929 930 930 931 931 932 932 933 933 932 932 931 931 932 932 933 933 934 934 935 935 934 934 933 933 934 934 935 935 936 936 937 937 936 936 935 935 936 936 937 937 890 890 891 891 890 890 937 937 938 938 939 939 940 940 941 941 940 940 939 939 940 940 941 941 942 942 943 943 942 942 941 941 942 942 943 943 944 944 945 945 944 944 943 943 944 944 945 945 946 946 947 947 946 946 945 945 946 946 947 947 948 948 949 949 948 948 947 947 948 948 949 949 950 950 951 951 950 950 949 949 950 950 951 951 952 952 953 953 952 952 951 951 952 952 953 953 954 954 955 955 954 954 953 953 954 954 955 955 956 956 957 957 956 956 955 955 956 956 957 957 958 958 959 959 958 958 957 957 958 958 959 959 960 960 961 961 960 960 959 959 960 960 961 961 962 962 963 963 962 962 961 961 962 962 963 963 964 964 965 965 964 964 963 963 964 964 965 965 966 966 967 967 966 966 965 965 966 966 967 967 968 968 969 969 968 968 967 967 968 968 969 969 970 970 971 971 970 970 969 969 970 970 971 971 972 972 973 973 972 972 971 971 972 972 973 973 974 974 975 975 974 974 973 973 974 974 975 975 976 976 977 977 976 976 975 975 976 976 977 977 978 978 979 979 978 978 977 977 978 978 979 979 980 980 981 981 980 980 979 979 980 980 981 981 982 982 983 983 982 982 981 981 982 982 983 983 984 984 985 985 984 984 983 983 984 984 985 985 938 938 939 939 938 938 985 985 986 986 987 987 988 988 989 989 988 988 987 987 988 988 989 989 990 990 991 991 990 990 989 989 990 990 991 991 992 992 993 993 992 992 991 991 992 992 993 993 994 994 995 995 994 994 993 993 994 994 995 995 996 996 997 997 996 996 995 995 996 996 997 997 998 998 999 999 998 998 997 997 998 998 999 999 1000 1000 1001 1001 1000 1000 999 999 1000 1000 1001 1001 1002 1002 1003 1003 1002 1002 1001 1001 1002 1002 1003 1003 1004 1004 1005 1005 1004 1004 1003 1003 1004 1004 1005 1005 1006 1006 1007 1007 1006 1006 1005 1005 1006 1006 1007 1007 1008 1008 1009 1009 1008 1008 1007 1007 1008 1008 1009 1009 1010 1010 1011 1011 1010 1010 1009 1009 1010 1010 1011 1011 1012 1012 1013 1013 1012 1012 1011 1011 1012 1012 1013 1013 1014 1014 1015 1015 1014 1014 1013 1013 1014 1014 1015 1015 1016 1016 1017 1017 1016 1016 1015 1015 1016 1016 1017 1017 1018 1018 1019 1019 1018 1018 1017 1017 1018 1018 1019 1019 1020 1020 1021 1021 1020 1020 1019 1019 1020 1020 1021 1021 1022 1022 1023 1023 1022 1022 1021 1021 1022 1022 1023 1023 1024 1024 1025 1025 1024 1024 1023 1023 1024 1024 1025 1025 1026 1026 1027 1027 1026 1026 1025 1025 1026 1026 1027 1027 1028 1028 1029 1029 1028 1028 1027 1027 1028 1028 1029 1029 1030 1030 1031 1031 1030 1030 1029 1029 1030 1030 1031 1031 1032 1032 1033 1033 1032 1032 1031 1031 1032 1032 1033 1033 986 986 987 987 986 986 1033 1033 1034 1034 1035 1035 1036 1036 1037 1037 1038 1038 1039 1039 1040 1040 1039 1039 1038 1038 1039 1039 1040 1040 1041 1041 1042 1042 1043 1043 1044 1044 1045 1045 1041 1041 1046 1046 1040 1040 1046 1046 1041 1041 1046 1046 1040 1040 1044 1044 1034 1034 1044 1044 1040 1040 1044 1044 1034 1034 1042 1042 1036 1036 1042 1042 1034 1034 1047 1047 1048 1048 1049 1049 1050 1050 1049 1049 1048 1048 1049 1049 1050 1050 1051 1051 1052 1052 1053 1053 1054 1054 1055 1055 1054 1054 1053 1053 1054 1054 1055 1055 1056 1056 1057 1057 1058 1058 1059 1059 1060 1060 1061 1061 1062 1062 1063 1063 1062 1062 1061 1061 1062 1062 1063 1063 1064 1064 1065 1065 1066 1066 1067 1067 1068 1068 1064 1064 1069 1069 1063 1063 1069 1069 1064 1064 1069 1069 1063 1063 1067 1067 1057 1057 1067 1067 1063 1063 1067 1067 1057 1057 1065 1065 1059 1059 1065 1065 1057 1057 1070 1070 1071 1071 1072 1072 1073 1073 1072 1072 1071 1071 1072 1072 1073 1073 1074 1074 1075 1075 1076 1076 1077 1077 1078 1078 1077 1077 1076 1076 1077 1077 1078 1078 1079 1079 1080 1080 1081 1081 1082 1082 1083 1083 1082 1082 1081 1081 1084 1084 1085 1085 1086 1086 1087 1087 1086 1086 1085 1085 1086 1086 1087 1087 1088 1088 1089 1089 1088 1088 1090 1090 1087 1087 1090 1090 1088 1088 1090 1090 1087 1087 1083 1083 1091 1091 1083 1083 1087 1087 1083 1083 1091 1091 1082 1082 1092 1092 1082 1082 1091 1091 1093 1093 1094 1094 1095 1095 1096 1096 1095 1095 1094 1094 1095 1095 1096 1096 1097 1097 1098 1098 1099 1099 1100 1100 1101 1101 1100 1100 1099 1099 1100 1100 1101 1101 1102 1102 1103 1103 1104 1104 1105 1105 1106 1106 1105 1105 1104 1104 1107 1107 1108 1108 1109 1109 1110 1110 1109 1109 1108 1108 1109 1109 1110 1110 1111 1111 1112 1112 1111 1111 1113 1113 1110 1110 1113 1113 1111 1111 1113 1113 1110 1110 1106 1106 1114 1114 1106 1106 1110 1110 1106 1106 1114 1114 1105 1105 1115 1115 1105 1105 1114 1114 1116 1116 1117 1117 1118 1118 1119 1119 1118 1118 1117 1117 1118 1118 1119 1119 1120 1120 1121 1121 1122 1122 1123 1123 1124 1124 1123 1123 1122 1122 1123 1123 1124 1124 1125 1125 1126 1126 1127 1127 1128 1128 1129 1129 1130 1130 1131 1131 1132 1132 1131 1131 1130 1130 1133 1133 1134 1134 1132 1132 1135 1135 1132 1132 1134 1134 1132 1132 1135 1135 1136 1136 1136 1136 1137 1137 1132 1132 1138 1138 1132 1132 1137 1137 1132 1132 1138 1138 1131 1131 1139 1139 1131 1131 1138 1138 1140 1140 1141 1141 1142 1142 1126 1126 1142 1142 1141 1141 1142 1142 1126 1126 1143 1143 1128 1128 1143 1143 1126 1126 1138 1138 1144 1144 1139 1139 1145 1145 1139 1139 1144 1144 1139 1139 1145 1145 1146 1146 1147 1147 1146 1146 1145 1145 1146 1146 1147 1147 1148 1148 1148 1148 1149 1149 1146 1146 1127 1127 1146 1146 1149 1149 1146 1146 1127 1127 1150 1150 1126 1126 1150 1150 1127 1127 1150 1150 1126 1126 1151 1151 1152 1152 1151 1151 1126 1126 1153 1153 1154 1154 1155 1155 1156 1156 1157 1157 1158 1158 1159 1159 1160 1160 1156 1156 1161 1161 1156 1156 1160 1160 1156 1156 1161 1161 1157 1157 1162 1162 1163 1163 1153 1153 1164 1164 1165 1165 1166 1166 1167 1167 1166 1166 1165 1165 1166 1166 1167 1167 1168 1168 1169 1169 1170 1170 1167 1167 1163 1163 1167 1167 1170 1170 1162 1162 1171 1171 1163 1163 1172 1172 1163 1163 1171 1171 1163 1163 1172 1172 1167 1167 1173 1173 1167 1167 1172 1172 1167 1167 1173 1173 1168 1168 1158 1158 1174 1174 1156 1156 1155 1155 1156 1156 1174 1174 1156 1156 1155 1155 1175 1175 1176 1176 1175 1175 1155 1155 1174 1174 1177 1177 1155 1155 1178 1178 1155 1155 1177 1177 1155 1155 1178 1178 1153 1153 1179 1179 1153 1153 1178 1178 1153 1153 1179 1179 1162 1162 1180 1180 1181 1181 1182 1182 1183 1183 1184 1184 1185 1185 1186 1186 1185 1185 1184 1184 1185 1185 1186 1186 1187 1187 1188 1188 1187 1187 1186 1186 1187 1187 1188 1188 1189 1189 1190 1190 1189 1189 1188 1188 1189 1189 1190 1190 1191 1191 1192 1192 1191 1191 1190 1190 1191 1191 1192 1192 1193 1193 1194 1194 1193 1193 1192 1192 1193 1193 1194 1194 1195 1195 1196 1196 1195 1195 1194 1194 1195 1195 1196 1196 1197 1197 1198 1198 1197 1197 1196 1196 1197 1197 1198 1198 1199 1199 1200 1200 1199 1199 1198 1198 1199 1199 1200 1200 1201 1201 1202 1202 1201 1201 1200 1200 1201 1201 1202 1202 1182 1182 1203 1203 1182 1182 1202 1202 1182 1182 1203 1203 1180 1180 1204 1204 1180 1180 1203 1203 1180 1180 1204 1204 1205 1205 1206 1206 1205 1205 1204 1204 1205 1205 1206 1206 1207 1207 1208 1208 1207 1207 1206 1206 1207 1207 1208 1208 1209 1209 1210 1210 1209 1209 1208 1208 1209 1209 1210 1210 1211 1211 1212 1212 1211 1211 1210 1210 1211 1211 1212 1212 1213 1213 1214 1214 1213 1213 1212 1212 1213 1213 1214 1214 1215 1215 1216 1216 1215 1215 1214 1214 1215 1215 1216 1216 1217 1217 1218 1218 1217 1217 1216 1216 1217 1217 1218 1218 1219 1219 1220 1220 1219 1219 1218 1218 1219 1219 1220 1220 1221 1221 1222 1222 1221 1221 1220 1220 1221 1221 1222 1222 1223 1223 1224 1224 1223 1223 1222 1222 1223 1223 1224 1224 1225 1225 1226 1226 1225 1225 1224 1224 1225 1225 1226 1226 1227 1227 1183 1183 1228 1228 1184 1184 1227 1227 1184 1184 1228 1228 1184 1184 1227 1227 1229 1229 1226 1226 1229 1229 1227 1227 1230 1230 1231 1231 1232 1232 1233 1233 1234 1234 1235 1235 1236 1236 1235 1235 1234 1234 1235 1235 1236 1236 1237 1237 1238 1238 1237 1237 1236 1236 1237 1237 1238 1238 1239 1239 1240 1240 1239 1239 1238 1238 1239 1239 1240 1240 1241 1241 1242 1242 1241 1241 1240 1240 1241 1241 1242 1242 1243 1243 1244 1244 1243 1243 1242 1242 1243 1243 1244 1244 1245 1245 1246 1246 1245 1245 1244 1244 1245 1245 1246 1246 1247 1247 1248 1248 1247 1247 1246 1246 1247 1247 1248 1248 1249 1249 1250 1250 1249 1249 1248 1248 1249 1249 1250 1250 1251 1251 1252 1252 1251 1251 1250 1250 1251 1251 1252 1252 1232 1232 1253 1253 1232 1232 1252 1252 1232 1232 1253 1253 1230 1230 1254 1254 1230 1230 1253 1253 1230 1230 1254 1254 1255 1255 1256 1256 1255 1255 1254 1254 1255 1255 1256 1256 1257 1257 1258 1258 1257 1257 1256 1256 1257 1257 1258 1258 1259 1259 1260 1260 1259 1259 1258 1258 1259 1259 1260 1260 1261 1261 1262 1262 1261 1261 1260 1260 1261 1261 1262 1262 1263 1263 1264 1264 1263 1263 1262 1262 1263 1263 1264 1264 1265 1265 1266 1266 1265 1265 1264 1264 1265 1265 1266 1266 1267 1267 1268 1268 1267 1267 1266 1266 1267 1267 1268 1268 1269 1269 1270 1270 1269 1269 1268 1268 1269 1269 1270 1270 1271 1271 1272 1272 1271 1271 1270 1270 1271 1271 1272 1272 1273 1273 1274 1274 1273 1273 1272 1272 1273 1273 1274 1274 1275 1275 1276 1276 1275 1275 1274 1274 1275 1275 1276 1276 1277 1277 1233 1233 1278 1278 1234 1234 1277 1277 1234 1234 1278 1278 1234 1234 1277 1277 1279 1279 1276 1276 1279 1279 1277 1277 1280 1280 1281 1281 1282 1282 1283 1283 1282 1282 1281 1281 1284 1284 1285 1285 1286 1286 1287 1287 1286 1286 1285 1285 1288 1288 1289 1289 1290 1290 1291 1291 1290 1290 1289 1289 1292 1292 1293 1293 1294 1294 1295 1295 1294 1294 1293 1293 1296 1296 1297 1297 1298 1298 1299 1299 1298 1298 1297 1297 1300 1300 1301 1301 1302 1302 1303 1303 1302 1302 1301 1301 1304 1304 1305 1305 1306 1306 1307 1307 1306 1306 1305 1305 1308 1308 1309 1309 1310 1310 1311 1311 1310 1310 1309 1309 1311 1311 1312 1312 1310 1310 1313 1313 1310 1310 1312 1312 1310 1310 1313 1313 1314 1314 1314 1314 1315 1315 1310 1310 1316 1316 1310 1310 1315 1315 1310 1310 1316 1316 1317 1317 1317 1317 1318 1318 1310 1310 1319 1319 1310 1310 1318 1318 1310 1310 1319 1319 1320 1320 1321 1321 1322 1322 1323 1323 1324 1324 1323 1323 1322 1322 1325 1325 1326 1326 1327 1327 1328 1328 1327 1327 1326 1326 1327 1327 1328 1328 1329 1329 1330 1330 1331 1331 1329 1329 1332 1332 1329 1329 1331 1331 1329 1329 1332 1332 1327 1327 1333 1333 1334 1334 1329 1329 1335 1335 1329 1329 1334 1334 1329 1329 1335 1335 1330 1330 1336 1336 1337 1337 1338 1338 1339 1339 1338 1338 1337 1337 1340 1340 1341 1341 1342 1342 1343 1343 1342 1342 1341 1341 1344 1344 1345 1345 1346 1346 1347 1347 1346 1346 1345 1345 1348 1348 1349 1349 1350 1350 1351 1351 1352 1352 1353 1353 1354 1354 1353 1353 1352 1352 1353 1353 1354 1354 1355 1355 1356 1356 1357 1357 1350 1350 1355 1355 1358 1358 1353 1353 1359 1359 1353 1353 1358 1358 1353 1353 1359 1359 1350 1350 1360 1360 1350 1350 1359 1359 1350 1350 1360 1360 1356 1356 1357 1357 1361 1361 1350 1350 1362 1362 1350 1350 1361 1361 1350 1350 1362 1362 1348 1348 1363 1363 1277 1277 1364 1364 1278 1278 1364 1364 1277 1277 1230 1230 1365 1365 1231 1231 1366 1366 1231 1231 1365 1365 1367 1367 1368 1368 1369 1369 1370 1370 1371 1371 1372 1372 1373 1373 1372 1372 1371 1371 1372 1372 1373 1373 1374 1374 1375 1375 1376 1376 1369 1369 1374 1374 1377 1377 1372 1372 1378 1378 1372 1372 1377 1377 1372 1372 1378 1378 1369 1369 1379 1379 1369 1369 1378 1378 1369 1369 1379 1379 1375 1375 1376 1376 1380 1380 1369 1369 1381 1381 1369 1369 1380 1380 1369 1369 1381 1381 1367 1367 1180 1180 1382 1382 1181 1181 1383 1383 1181 1181 1382 1382 1384 1384 1227 1227 1385 1385 1228 1228 1385 1385 1227 1227 302 302 1386 1386 303 303 1387 1387 303 303 1386 1386 1388 1388 303 303 1389 1389 1387 1387 1389 1389 303 303 1389 1389 1387 1387 1390 1390 1391 1391 1390 1390 1387 1387 1392 1392 1393 1393 254 254 253 253 1394 1394 1395 1395 1396 1396 1397 1397 1395 1395 1392 1392 1395 1395 1397 1397 1395 1395 1392 1392 253 253 254 254 253 253 1392 1392 1398 1398 267 267 1399 1399 266 266 1399 1399 267 267 1400 1400 240 240 1401 1401 242 242 1401 1401 240 240 1402 1402 1403 1403 1404 1404 1405 1405 1406 1406 1407 1407 1408 1408 1407 1407 1406 1406 1409 1409 1410 1410 1411 1411 1409 1409 1411 1411 1407 1407 1412 1412 1407 1407 1411 1411 1407 1407 1412 1412 1405 1405 1413 1413 1414 1414 1415 1415 1416 1416 1415 1415 1414 1414 1415 1415 1416 1416 1417 1417 1418 1418 1419 1419 1420 1420 1421 1421 1420 1420 1419 1419 1420 1420 1421 1421 1422 1422 1423 1423 1422 1422 1421 1421 1422 1422 1423 1423 1417 1417 1424 1424 1417 1417 1423 1423 1417 1417 1424 1424 1415 1415 1425 1425 1414 1414 1426 1426 1413 1413 1426 1426 1414 1414 1426 1426 1413 1413 1427 1427 1428 1428 1427 1427 1413 1413 1427 1427 1428 1428 1429 1429 1418 1418 1430 1430 1419 1419 1431 1431 1419 1419 1430 1430 1419 1419 1431 1431 1432 1432 1433 1433 1432 1432 1431 1431 1432 1432 1433 1433 1434 1434 1435 1435 1434 1434 1433 1433 1436 1436 1437 1437 1438 1438 1439 1439 1438 1438 1437 1437 1440 1440 1441 1441 1442 1442 1443 1443 1442 1442 1441 1441 1442 1442 1443 1443 1444 1444 1445 1445 1446 1446 1435 1435 1440 1440 1447 1447 1437 1437 1448 1448 1437 1437 1447 1447 1437 1437 1448 1448 1439 1439 1443 1443 1449 1449 1444 1444 1450 1450 1444 1444 1449 1449 1444 1444 1450 1450 1435 1435 1451 1451 1435 1435 1450 1450 1435 1435 1451 1451 1445 1445 1446 1446 1452 1452 1435 1435 1453 1453 1435 1435 1452 1452 1435 1435 1453 1453 1434 1434 1454 1454 1455 1455 1442 1442 1456 1456 1442 1442 1455 1455 1442 1442 1456 1456 1440 1440 1457 1457 1440 1440 1456 1456 1440 1440 1457 1457 1447 1447 1458 1458 1459 1459 1460 1460 1461 1461 1460 1460 1459 1459 1462 1462 1463 1463 1464 1464 1458 1458 1460 1460 1464 1464 1465 1465 1464 1464 1460 1460 1464 1464 1465 1465 1462 1462 1466 1466 1467 1467 1468 1468 1469 1469 1470 1470 1471 1471 1472 1472 1473 1473 1474 1474 1475 1475 1474 1474 1473 1473 1474 1474 1475 1475 1476 1476 1477 1477 1476 1476 1475 1475 1476 1476 1477 1477 1478 1478 1477 1477 1479 1479 1478 1478 1480 1480 1478 1478 1479 1479 1478 1478 1480 1480 1481 1481 1482 1482 1481 1481 1480 1480 1472 1472 1483 1483 1473 1473 1484 1484 1473 1473 1483 1483 1473 1473 1484 1484 1485 1485 1486 1486 1485 1485 1484 1484 1485 1485 1486 1486 1487 1487 1469 1469 1471 1471 1488 1488 1489 1489 1490 1490 1491 1491 1492 1492 1491 1491 1490 1490 1491 1491 1492 1492 1493 1493 1471 1471 1494 1494 1495 1495 1468 1468 1481 1481 1466 1466 1482 1482 1466 1466 1481 1481 1466 1466 1482 1482 1496 1496 1497 1497 1496 1496 1482 1482 1496 1496 1497 1497 1498 1498 1499 1499 1498 1498 1497 1497 1498 1498 1499 1499 1491 1491 1500 1500 1491 1491 1499 1499 1491 1491 1500 1500 1489 1489 1493 1493 1501 1501 1491 1491 1502 1502 1491 1491 1501 1501 1491 1491 1502 1502 1471 1471 1503 1503 1471 1471 1502 1502 1471 1471 1503 1503 1494 1494 1504 1504 1505 1505 1506 1506 1506 1506 1507 1507 1504 1504 1508 1508 1504 1504 1507 1507 1504 1504 1508 1508 1495 1495 1508 1508 1509 1509 1495 1495 1510 1510 1495 1495 1509 1509 1495 1495 1510 1510 1471 1471 1511 1511 1471 1471 1510 1510 1471 1471 1511 1511 1488 1488 1512 1512 1513 1513 1514 1514 1512 1512 1514 1514 1515 1515 1516 1516 1515 1515 1514 1514 1515 1515 1516 1516 1517 1517 1518 1518 1517 1517 1516 1516 1517 1517 1518 1518 1519 1519 1520 1520 1519 1519 1518 1518 1519 1519 1520 1520 1521 1521 1522 1522 1521 1521 1520 1520 1521 1521 1522 1522 1523 1523 1524 1524 1523 1523 1522 1522 1523 1523 1524 1524 1525 1525 1526 1526 1525 1525 1524 1524 1525 1525 1526 1526 1527 1527 1528 1528 1527 1527 1526 1526 1527 1527 1528 1528 1529 1529 1530 1530 1529 1529 1528 1528 1529 1529 1530 1530 1531 1531 1532 1532 1531 1531 1530 1530 1531 1531 1532 1532 1533 1533 1534 1534 1535 1535 1536 1536 1537 1537 1536 1536 1535 1535 1536 1536 1537 1537 1538 1538 1539 1539 1538 1538 1537 1537 1540 1540 1541 1541 1542 1542 1543 1543 1542 1542 1541 1541 1544 1544 1545 1545 1546 1546 1544 1544 1546 1546 1547 1547 1548 1548 1547 1547 1546 1546 1547 1547 1548 1548 1549 1549 1550 1550 1551 1551 1552 1552 1553 1553 1552 1552 1551 1551 1554 1554 1555 1555 1556 1556 1557 1557 1556 1556 1555 1555 1556 1556 1557 1557 1558 1558 1554 1554 1559 1559 1555 1555 1560 1560 1555 1555 1559 1559 1555 1555 1560 1560 1561 1561 1562 1562 1561 1561 1560 1560 1561 1561 1562 1562 1563 1563 1564 1564 1565 1565 1566 1566 1567 1567 1566 1566 1565 1565 1563 1563 1568 1568 1561 1561 1569 1569 1561 1561 1568 1568 1561 1561 1569 1569 1555 1555 1566 1566 1555 1555 1569 1569 1555 1555 1566 1566 1557 1557 1567 1567 1557 1557 1566 1566 1557 1557 1567 1567 1570 1570 1571 1571 1572 1572 1573 1573 1574 1574 1573 1573 1572 1572 1573 1573 1574 1574 1570 1570 1575 1575 1576 1576 1573 1573 1577 1577 1573 1573 1576 1576 1573 1573 1577 1577 1571 1571 1570 1570 1567 1567 1573 1573 1578 1578 1573 1573 1567 1567 1573 1573 1578 1578 1575 1575 1579 1579 1580 1580 1581 1581 1582 1582 1583 1583 1584 1584 1579 1579 1584 1584 1583 1583 1585 1585 1586 1586 1581 1581 1587 1587 1581 1581 1586 1586 1581 1581 1587 1587 1579 1579 1588 1588 1579 1579 1587 1587 1579 1579 1588 1588 1584 1584 1589 1589 1590 1590 1591 1591 1592 1592 1591 1591 1590 1590 1593 1593 1594 1594 1595 1595 1596 1596 1595 1595 1594 1594 1597 1597 1598 1598 1599 1599 1600 1600 1599 1599 1598 1598 1601 1601 1602 1602 1603 1603 1604 1604 1603 1603 1602 1602 1603 1603 1604 1604 1605 1605 1606 1606 1605 1605 1604 1604 1607 1607 1608 1608 1609 1609 1607 1607 1609 1609 1610 1610 1611 1611 1610 1610 1609 1609 1610 1610 1611 1611 1612 1612 1613 1613 1614 1614 1615 1615 1613 1613 1615 1615 1616 1616 1617 1617 1616 1616 1615 1615 1616 1616 1617 1617 1618 1618 1619 1619 1620 1620 1621 1621 1622 1622 1623 1623 1624 1624 1625 1625 1626 1626 1627 1627 1623 1623 1628 1628 1629 1629 1622 1622 1624 1624 1620 1620 1630 1630 1620 1620 1624 1624 1620 1620 1630 1630 1621 1621 1619 1619 1621 1621 1631 1631 1632 1632 1631 1631 1621 1621 1631 1631 1632 1632 1633 1633 1634 1634 1635 1635 1636 1636 1637 1637 1636 1636 1638 1638 1639 1639 1638 1638 1636 1636 1638 1638 1639 1639 1640 1640 1641 1641 1640 1640 1639 1639 1640 1640 1641 1641 1642 1642 1643 1643 1642 1642 1641 1641 1642 1642 1643 1643 1633 1633 1644 1644 1633 1633 1643 1643 1633 1633 1644 1644 1631 1631 1645 1645 1646 1646 1637 1637 1533 1533 1637 1637 1646 1646 1637 1637 1533 1533 1636 1636 1532 1532 1636 1636 1533 1533 1636 1636 1532 1532 1634 1634 1647 1647 1648 1648 1649 1649 1650 1650 1649 1649 1648 1648 1649 1649 1650 1650 1651 1651 1652 1652 1651 1651 1650 1650 1651 1651 1652 1652 1653 1653 1654 1654 1653 1653 1652 1652 1653 1653 1654 1654 1629 1629 1625 1625 1629 1629 1654 1654 1629 1629 1625 1625 1623 1623 1627 1627 1623 1623 1625 1625 1623 1623 1627 1627 1624 1624 1655 1655 1656 1656 1657 1657 1658 1658 1657 1657 1656 1656 1659 1659 1660 1660 1661 1661 1662 1662 1661 1661 1660 1660 1663 1663 1664 1664 1665 1665 1666 1666 1665 1665 1664 1664 1665 1665 1666 1666 1667 1667 1668 1668 1667 1667 1666 1666 1669 1669 1670 1670 1671 1671 1669 1669 1671 1671 1672 1672 1673 1673 1672 1672 1671 1671 1672 1672 1673 1673 1674 1674 1675 1675 1676 1676 1677 1677 1678 1678 1677 1677 1676 1676 1677 1677 1678 1678 1679 1679 1680 1680 1679 1679 1678 1678 1681 1681 1682 1682 1683 1683 1684 1684 1683 1683 1682 1682 1685 1685 1686 1686 1687 1687 1688 1688 1687 1687 1686 1686 1687 1687 1688 1688 1689 1689 283 283 282 282 1690 1690 1691 1691 1690 1690 282 282 1690 1690 1691 1691 1692 1692 1693 1693 1692 1692 1691 1691 1692 1692 1693 1693 1687 1687 1694 1694 1687 1687 1693 1693 1694 1694 1695 1695 1687 1687 1696 1696 1687 1687 1695 1695 1687 1687 1696 1696 1697 1697 1688 1688 1698 1698 1689 1689 1699 1699 1689 1689 1698 1698 1689 1689 1699 1699 1700 1700 286 286 1700 1700 1699 1699 1700 1700 286 286 288 288 1697 1697 1701 1701 1687 1687 1702 1702 1687 1687 1701 1701 1687 1687 1702 1702 1685 1685 1703 1703 1704 1704 1705 1705 1697 1697 1706 1706 1701 1701 1703 1703 1701 1701 1706 1706 1701 1701 1703 1703 1707 1707 1705 1705 1707 1707 1703 1703 1708 1708 1709 1709 1512 1512 1513 1513 1512 1512 1709 1709 1710 1710 1711 1711 1712 1712 1713 1713 1712 1712 1711 1711 1714 1714 1715 1715 1716 1716 1717 1717 1716 1716 1715 1715 1718 1718 1719 1719 1720 1720 1718 1718 1720 1720 1721 1721 1722 1722 1721 1721 1720 1720 1721 1721 1722 1722 1723 1723 1724 1724 1725 1725 1726 1726 1727 1727 1726 1726 1725 1725 1728 1728 1729 1729 1730 1730 1731 1731 1730 1730 1729 1729 1732 1732 1733 1733 1734 1734 1735 1735 1734 1734 1733 1733 1736 1736 1737 1737 1738 1738 1739 1739 1738 1738 1737 1737 1740 1740 1741 1741 1742 1742 1743 1743 1742 1742 1741 1741 1744 1744 1745 1745 1746 1746 1747 1747 1746 1746 1745 1745 1748 1748 1749 1749 1750 1750 1751 1751 1750 1750 1749 1749 1750 1750 1751 1751 1752 1752 1753 1753 1752 1752 1751 1751 1752 1752 1753 1753 1754 1754 1755 1755 1754 1754 1753 1753 1756 1756 1757 1757 1758 1758 1759 1759 1758 1758 1757 1757 1758 1758 1759 1759 1760 1760 1761 1761 1760 1760 1759 1759 1760 1760 1761 1761 1762 1762 1763 1763 1762 1762 1761 1761 1762 1762 1763 1763 1764 1764 1765 1765 1764 1764 1763 1763 1766 1766 1767 1767 1768 1768 1769 1769 1768 1768 1767 1767 1770 1770 1771 1771 1772 1772 1773 1773 1772 1772 1771 1771 1774 1774 1775 1775 1776 1776 1777 1777 1776 1776 1775 1775 1776 1776 1777 1777 1778 1778 1779 1779 1778 1778 1777 1777 1778 1778 1779 1779 1780 1780 1781 1781 1780 1780 1779 1779 1782 1782 1783 1783 1784 1784 1785 1785 1784 1784 1783 1783 1784 1784 1785 1785 1786 1786 1787 1787 1786 1786 1785 1785 1786 1786 1787 1787 1788 1788 1789 1789 1788 1788 1787 1787 1790 1790 1791 1791 1792 1792 1793 1793 1792 1792 1791 1791 1792 1792 1793 1793 1794 1794 1795 1795 1794 1794 1793 1793 1796 1796 1797 1797 1798 1798 1799 1799 1798 1798 1797 1797 1798 1798 1799 1799 1800 1800 1801 1801 1800 1800 1799 1799 1802 1802 1803 1803 1804 1804 1805 1805 1804 1804 1803 1803 1804 1804 1805 1805 1806 1806 1807 1807 1806 1806 1805 1805 1808 1808 1809 1809 1810 1810 1811 1811 1810 1810 1809 1809 1810 1810 1811 1811 1812 1812 1813 1813 1812 1812 1811 1811 1812 1812 1813 1813 1814 1814 1815 1815 1814 1814 1813 1813 1816 1816 1817 1817 1818 1818 1819 1819 1818 1818 1817 1817 1820 1820 1821 1821 1822 1822 1823 1823 1822 1822 1821 1821 1824 1824 1825 1825 1826 1826 1827 1827 1826 1826 1825 1825 1826 1826 1827 1827 1828 1828 1829 1829 1828 1828 1827 1827 1830 1830 1831 1831 1832 1832 1833 1833 1832 1832 1831 1831 1832 1832 1833 1833 1834 1834 1835 1835 1836 1836 1837 1837 1838 1838 1837 1837 1836 1836 1839 1839 1840 1840 1841 1841 1842 1842 1841 1841 1840 1840 1841 1841 1842 1842 1843 1843 1844 1844 1843 1843 1842 1842 1845 1845 1846 1846 1847 1847 1848 1848 1847 1847 1846 1846 1849 1849 1850 1850 1851 1851 1852 1852 1851 1851 1850 1850 1851 1851 1852 1852 1853 1853 1854 1854 1853 1853 1852 1852 1855 1855 1856 1856 1857 1857 1858 1858 1857 1857 1856 1856 1857 1857 1858 1858 1859 1859 1860 1860 1859 1859 1858 1858 1861 1861 1862 1862 1863 1863 1864 1864 1863 1863 1862 1862 1865 1865 1866 1866 1867 1867 1868 1868 1867 1867 1866 1866 1869 1869 1870 1870 1871 1871 1872 1872 1871 1871 1870 1870 1871 1871 1872 1872 1873 1873 1874 1874 1875 1875 1876 1876 1877 1877 1876 1876 1875 1875 1878 1878 1879 1879 1880 1880 1881 1881 1880 1880 1879 1879 1882 1882 1883 1883 1884 1884 1882 1882 1884 1884 1885 1885 1886 1886 1885 1885 1884 1884 1885 1885 1886 1886 1887 1887 1888 1888 1887 1887 1886 1886 1887 1887 1888 1888 1889 1889 1890 1890 1889 1889 1888 1888 1889 1889 1890 1890 1891 1891 1892 1892 1891 1891 1890 1890 1891 1891 1892 1892 1893 1893 1894 1894 1893 1893 1892 1892 1893 1893 1894 1894 1895 1895 1896 1896 1895 1895 1894 1894 1895 1895 1896 1896 1897 1897 1898 1898 1897 1897 1896 1896 1897 1897 1898 1898 1899 1899 1900 1900 1899 1899 1898 1898 1899 1899 1900 1900 1901 1901 1902 1902 1901 1901 1900 1900 1901 1901 1902 1902 1903 1903 1904 1904 1905 1905 1906 1906 1907 1907 1906 1906 1905 1905 1906 1906 1907 1907 1908 1908 1909 1909 1908 1908 1907 1907 1908 1908 1909 1909 1910 1910 1911 1911 1910 1910 1909 1909 1910 1910 1911 1911 1912 1912 1913 1913 1912 1912 1911 1911 1914 1914 1915 1915 1916 1916 1917 1917 1916 1916 1915 1915 1916 1916 1917 1917 1918 1918 1919 1919 1918 1918 1917 1917 1918 1918 1919 1919 1920 1920 1921 1921 1920 1920 1919 1919 1920 1920 1921 1921 1922 1922 1923 1923 1922 1922 1921 1921 1922 1922 1923 1923 1924 1924 1925 1925 1924 1924 1923 1923 1924 1924 1925 1925 1926 1926 1927 1927 1926 1926 1925 1925 1883 1883 1882 1882 1928 1928 1929 1929 1928 1928 1882 1882 1928 1928 1929 1929 1930 1930 1931 1931 1930 1930 1929 1929 1930 1930 1931 1931 1932 1932 1933 1933 1932 1932 1931 1931 1932 1932 1933 1933 1934 1934 1935 1935 1934 1934 1933 1933 1934 1934 1935 1935 1647 1647 1648 1648 1647 1647 1935 1935 1915 1915 1914 1914 1936 1936 1937 1937 1936 1936 1914 1914 1936 1936 1937 1937 1938 1938 1939 1939 1938 1938 1937 1937 1938 1938 1939 1939 1940 1940 1941 1941 1940 1940 1939 1939 1940 1940 1941 1941 1942 1942 1943 1943 1942 1942 1941 1941 1942 1942 1943 1943 1902 1902 1903 1903 1902 1902 1943 1943 1926 1926 1927 1927 1944 1944 1926 1926 1944 1944 1945 1945 1946 1946 1945 1945 1944 1944 1945 1945 1946 1946 1947 1947 1948 1948 1947 1947 1946 1946 1947 1947 1948 1948 1949 1949 1950 1950 1949 1949 1948 1948 1949 1949 1950 1950 1951 1951 1952 1952 1951 1951 1950 1950 1951 1951 1952 1952 1953 1953 1954 1954 1953 1953 1952 1952 1953 1953 1954 1954 1955 1955 1705 1705 1955 1955 1954 1954 1955 1955 1705 1705 1704 1704 1956 1956 1957 1957 1958 1958 1959 1959 1958 1958 1957 1957 1958 1958 1959 1959 1960 1960 1961 1961 1960 1960 1959 1959 1960 1960 1961 1961 1962 1962 1963 1963 1962 1962 1961 1961 1962 1962 1963 1963 1964 1964 1965 1965 1964 1964 1963 1963 1964 1964 1965 1965 1966 1966 1967 1967 1966 1966 1965 1965 1966 1966 1967 1967 1968 1968 1969 1969 1968 1968 1967 1967 1968 1968 1969 1969 1970 1970 1971 1971 1970 1970 1969 1969 1970 1970 1971 1971 1972 1972 1973 1973 1972 1972 1971 1971 1972 1972 1973 1973 1974 1974 1975 1975 1974 1974 1973 1973 1974 1974 1975 1975 1976 1976 1977 1977 1976 1976 1975 1975 1976 1976 1977 1977 1978 1978 1979 1979 1978 1978 1977 1977 1978 1978 1979 1979 1980 1980 1981 1981 1980 1980 1979 1979 1980 1980 1981 1981 1982 1982 1983 1983 1982 1982 1981 1981 1982 1982 1983 1983 1984 1984 1985 1985 1984 1984 1983 1983 1984 1984 1985 1985 1986 1986 1987 1987 1986 1986 1985 1985 1986 1986 1987 1987 1988 1988 1989 1989 1988 1988 1987 1987 1988 1988 1989 1989 1990 1990 1991 1991 1990 1990 1989 1989 1990 1990 1991 1991 1992 1992 1993 1993 1992 1992 1991 1991 1992 1992 1993 1993 1994 1994 1995 1995 1994 1994 1993 1993 1994 1994 1995 1995 1996 1996 1997 1997 1996 1996 1995 1995 1996 1996 1997 1997 1998 1998 1999 1999 1998 1998 1997 1997 1998 1998 1999 1999 2000 2000 2001 2001 2000 2000 1999 1999 2000 2000 2001 2001 2002 2002 2003 2003 2002 2002 2001 2001 2002 2002 2003 2003 2004 2004 2005 2005 2004 2004 2003 2003 2004 2004 2005 2005 2006 2006 2007 2007 2006 2006 2005 2005 2006 2006 2007 2007 1956 1956 1957 1957 1956 1956 2007 2007 2008 2008 2009 2009 2010 2010 2011 2011 2010 2010 2009 2009 2010 2010 2011 2011 2012 2012 2013 2013 2012 2012 2011 2011 2012 2012 2013 2013 2014 2014 2015 2015 2014 2014 2013 2013 2014 2014 2015 2015 2016 2016 2017 2017 2016 2016 2015 2015 2016 2016 2017 2017 2018 2018 2019 2019 2018 2018 2017 2017 2018 2018 2019 2019 2020 2020 2021 2021 2020 2020 2019 2019 2020 2020 2021 2021 2022 2022 2023 2023 2022 2022 2021 2021 2022 2022 2023 2023 2024 2024 2025 2025 2024 2024 2023 2023 2024 2024 2025 2025 2026 2026 2027 2027 2026 2026 2025 2025 2026 2026 2027 2027 2028 2028 2029 2029 2028 2028 2027 2027 2028 2028 2029 2029 2030 2030 2031 2031 2030 2030 2029 2029 2030 2030 2031 2031 2032 2032 2033 2033 2032 2032 2031 2031 2032 2032 2033 2033 2034 2034 2035 2035 2034 2034 2033 2033 2034 2034 2035 2035 2036 2036 2037 2037 2036 2036 2035 2035 2036 2036 2037 2037 2038 2038 2039 2039 2038 2038 2037 2037 2038 2038 2039 2039 2040 2040 2041 2041 2040 2040 2039 2039 2040 2040 2041 2041 2042 2042 2043 2043 2042 2042 2041 2041 2042 2042 2043 2043 2044 2044 2045 2045 2044 2044 2043 2043 2044 2044 2045 2045 2046 2046 2047 2047 2046 2046 2045 2045 2046 2046 2047 2047 2048 2048 2049 2049 2048 2048 2047 2047 2048 2048 2049 2049 2050 2050 2051 2051 2050 2050 2049 2049 2050 2050 2051 2051 2052 2052 2053 2053 2052 2052 2051 2051 2052 2052 2053 2053 2054 2054 2055 2055 2054 2054 2053 2053 2054 2054 2055 2055 2056 2056 2057 2057 2056 2056 2055 2055 2056 2056 2057 2057 2058 2058 2059 2059 2058 2058 2057 2057 2058 2058 2059 2059 2008 2008 2009 2009 2008 2008 2059 2059 2060 2060 2061 2061 2062 2062 2063 2063 2062 2062 2061 2061 2062 2062 2063 2063 2064 2064 2065 2065 2066 2066 2060 2060 2067 2067 2060 2060 2066 2066 2060 2060 2067 2067 2061 2061 2068 2068 2069 2069 2063 2063 2070 2070 2063 2063 2069 2069 2063 2063 2070 2070 2064 2064 2071 2071 2064 2064 2070 2070 2064 2064 2071 2071 2072 2072 2073 2073 2072 2072 2071 2071 2072 2072 2073 2073 2074 2074 2075 2075 2074 2074 2073 2073 2076 2076 2077 2077 2078 2078 2079 2079 2078 2078 2077 2077 2078 2078 2079 2079 2080 2080 2081 2081 2082 2082 2083 2083 2084 2084 2083 2083 2082 2082 2083 2083 2084 2084 2085 2085 2086 2086 2085 2085 2084 2084 2087 2087 2088 2088 2089 2089 2090 2090 2089 2089 2088 2088 2089 2089 2090 2090 2091 2091 2092 2092 2093 2093 2094 2094 2095 2095 2094 2094 2093 2093 2094 2094 2095 2095 2096 2096 2097 2097 2096 2096 2095 2095 2098 2098 2099 2099 2100 2100 2101 2101 2100 2100 2099 2099 2100 2100 2101 2101 2102 2102 2103 2103 2102 2102 2101 2101 2104 2104 2105 2105 2106 2106 2107 2107 2106 2106 2105 2105 2108 2108 2109 2109 2110 2110 2111 2111 2110 2110 2109 2109 2112 2112 2113 2113 2114 2114 2115 2115 2114 2114 2113 2113 2116 2116 2117 2117 2118 2118 2119 2119 2118 2118 2117 2117 2120 2120 2121 2121 2122 2122 2123 2123 2122 2122 2121 2121 2124 2124 2125 2125 2126 2126 2127 2127 2128 2128 2129 2129 2129 2129 2126 2126 2127 2127 2125 2125 2127 2127 2126 2126 2127 2127 2125 2125 2130 2130 2131 2131 2130 2130 2125 2125 2132 2132 2133 2133 2126 2126 2134 2134 2126 2126 2133 2133 2126 2126 2134 2134 2124 2124 2135 2135 2136 2136 2137 2137 2138 2138 2137 2137 2136 2136 2137 2137 2138 2138 2139 2139 2139 2139 2140 2140 2137 2137 2141 2141 2137 2137 2140 2140 2137 2137 2141 2141 2126 2126 2142 2142 2126 2126 2141 2141 2126 2126 2142 2142 2132 2132 2131 2131 2143 2143 2130 2130 2144 2144 2130 2130 2143 2143 2130 2130 2144 2144 2145 2145 2146 2146 2145 2145 2144 2144 2146 2146 2147 2147 2145 2145 2148 2148 2145 2145 2147 2147 2145 2145 2148 2148 2149 2149 2149 2149 2150 2150 2145 2145 2151 2151 2145 2145 2150 2150 2145 2145 2151 2151 2135 2135 2152 2152 2135 2135 2151 2151 2135 2135 2152 2152 2153 2153 2153 2153 2154 2154 2135 2135 2155 2155 2135 2135 2154 2154 2135 2135 2155 2155 2136 2136 2156 2156 2157 2157 2158 2158 2159 2159 2158 2158 2157 2157 2160 2160 2161 2161 2162 2162 2163 2163 2162 2162 2161 2161 2164 2164 2165 2165 2166 2166 2167 2167 2168 2168 2169 2169 2170 2170 2169 2169 2168 2168 2169 2169 2170 2170 2171 2171 2166 2166 2171 2171 2164 2164 2172 2172 2164 2164 2171 2171 2164 2164 2172 2172 2173 2173 2174 2174 2173 2173 2172 2172 2170 2170 2175 2175 2171 2171 2176 2176 2171 2171 2175 2175 2171 2171 2176 2176 2177 2177 2174 2174 2178 2178 2173 2173 2179 2179 2173 2173 2178 2178 2173 2173 2179 2179 2180 2180 2181 2181 2180 2180 2179 2179 2180 2180 2181 2181 2182 2182 2177 2177 2183 2183 2171 2171 2184 2184 2171 2171 2183 2183 2171 2171 2184 2184 2172 2172 2185 2185 2186 2186 2187 2187 2180 2180 2187 2187 2186 2186 2185 2185 2188 2188 2186 2186 2189 2189 2186 2186 2188 2188 2186 2186 2189 2189 2190 2190 2190 2190 2191 2191 2186 2186 2192 2192 2186 2186 2191 2191 2186 2186 2192 2192 2169 2169 2193 2193 2169 2169 2192 2192 2169 2169 2193 2193 2167 2167 2182 2182 2194 2194 2180 2180 2195 2195 2180 2180 2194 2194 2180 2180 2195 2195 2187 2187 2196 2196 2197 2197 2198 2198 2198 2198 2197 2197 2199 2199 2200 2200 2199 2199 2197 2197 2199 2199 2200 2200 2201 2201 2202 2202 2201 2201 2200 2200 2201 2201 2202 2202 2203 2203 2198 2198 2204 2204 2205 2205 2203 2203 2206 2206 2201 2201 2207 2207 2201 2201 2206 2206 2201 2201 2207 2207 2208 2208 2208 2208 2209 2209 2201 2201 2210 2210 2201 2201 2209 2209 2201 2201 2210 2210 2211 2211 2212 2212 2213 2213 2198 2198 2214 2214 2198 2198 2213 2213 2198 2198 2214 2214 2196 2196 2205 2205 2215 2215 2198 2198 2216 2216 2198 2198 2215 2215 2198 2198 2216 2216 2212 2212 2217 2217 2218 2218 2219 2219 2220 2220 2221 2221 2222 2222 2223 2223 2224 2224 2225 2225 2226 2226 2227 2227 2228 2228 2229 2229 2228 2228 2227 2227 2230 2230 2231 2231 2232 2232 2233 2233 2232 2232 2231 2231 2225 2225 2221 2221 2223 2223 2220 2220 2223 2223 2221 2221 2223 2223 2220 2220 2234 2234 2235 2235 2234 2234 2220 2220 2236 2236 2229 2229 2237 2237 2227 2227 2237 2237 2229 2229 2237 2237 2227 2227 2238 2238 2217 2217 2238 2238 2227 2227 2238 2238 2217 2217 2239 2239 2219 2219 2239 2239 2217 2217 2239 2239 2219 2219 2240 2240 2241 2241 2240 2240 2219 2219 2242 2242 2243 2243 2244 2244 2245 2245 2244 2244 2243 2243 2246 2246 2247 2247 2248 2248 2249 2249 2248 2248 2247 2247 2248 2248 2249 2249 2250 2250 2232 2232 2250 2250 2249 2249 2250 2250 2232 2232 2222 2222 2233 2233 2222 2222 2232 2232 2222 2222 2233 2233 2220 2220 2241 2241 2251 2251 2252 2252 2253 2253 2252 2252 2251 2251 2252 2252 2253 2253 2254 2254 2237 2237 2240 2240 2236 2236 2241 2241 2236 2236 2240 2240 2236 2236 2241 2241 2255 2255 2252 2252 2255 2255 2241 2241 2255 2255 2252 2252 2228 2228 2256 2256 2228 2228 2252 2252 2228 2228 2256 2256 2226 2226 2244 2244 2226 2226 2256 2256 2226 2226 2244 2244 2250 2250 2245 2245 2250 2250 2244 2244 2250 2250 2245 2245 2248 2248 2257 2257 2258 2258 2259 2259 2260 2260 2261 2261 2262 2262 2263 2263 2262 2262 2261 2261 2264 2264 2265 2265 2266 2266 2267 2267 2268 2268 2269 2269 2270 2270 2269 2269 2268 2268 2271 2271 2272 2272 2270 2270 2264 2264 2270 2270 2272 2272 2270 2270 2264 2264 2269 2269 2266 2266 2269 2269 2264 2264 2273 2273 2274 2274 2271 2271 2275 2275 2271 2271 2274 2274 2271 2271 2275 2275 2272 2272 2276 2276 2272 2272 2275 2275 2277 2277 2278 2278 2279 2279 2280 2280 2279 2279 2278 2278 2281 2281 2262 2262 2282 2282 2263 2263 2282 2282 2262 2262 2282 2282 2263 2263 2258 2258 2283 2283 2258 2258 2263 2263 2258 2258 2283 2283 2259 2259 2284 2284 2285 2285 2276 2276 2286 2286 2276 2276 2285 2285 2276 2276 2286 2286 2272 2272 2287 2287 2272 2272 2286 2286 2288 2288 2289 2289 2290 2290 2291 2291 2290 2290 2289 2289 2292 2292 2293 2293 2280 2280 2287 2287 2280 2280 2293 2293 2280 2280 2287 2287 2279 2279 2286 2286 2279 2279 2287 2287 2282 2282 2294 2294 2281 2281 2293 2293 2281 2281 2294 2294 2281 2281 2293 2293 2295 2295 2292 2292 2295 2295 2293 2293 2295 2295 2292 2292 2260 2260 2290 2290 2260 2260 2292 2292 2260 2260 2290 2290 2261 2261 2291 2291 2261 2261 2290 2290 2257 2257 2259 2259 2294 2294 2296 2296 2294 2294 2259 2259 2294 2294 2296 2296 2293 2293 2297 2297 2298 2298 2299 2299 2300 2300 2299 2299 2298 2298 2299 2299 2300 2300 2301 2301 2302 2302 2301 2301 2300 2300 2303 2303 2304 2304 2305 2305 2306 2306 2305 2305 2304 2304 2307 2307 2308 2308 2309 2309 2310 2310 2309 2309 2308 2308 2311 2311 2312 2312 2313 2313 2314 2314 2313 2313 2312 2312 2313 2313 2314 2314 2315 2315 2316 2316 2315 2315 2314 2314 2315 2315 2316 2316 2317 2317 2318 2318 2317 2317 2316 2316 2317 2317 2318 2318 2319 2319 2320 2320 2319 2319 2318 2318 2319 2319 2320 2320 2321 2321 2322 2322 2321 2321 2320 2320 2321 2321 2322 2322 2323 2323 2324 2324 2323 2323 2322 2322 2323 2323 2324 2324 2325 2325 2326 2326 2325 2325 2324 2324 2325 2325 2326 2326 2327 2327 2328 2328 2327 2327 2326 2326 2327 2327 2328 2328 2329 2329 2330 2330 2329 2329 2328 2328 2329 2329 2330 2330 2331 2331 2332 2332 2331 2331 2330 2330 2331 2331 2332 2332 2333 2333 2334 2334 2333 2333 2332 2332 2333 2333 2334 2334 2335 2335 2336 2336 2335 2335 2334 2334 2335 2335 2336 2336 2337 2337 2338 2338 2337 2337 2336 2336 2337 2337 2338 2338 2339 2339 2340 2340 2339 2339 2338 2338 2339 2339 2340 2340 2341 2341 2342 2342 2341 2341 2340 2340 2341 2341 2342 2342 2343 2343 2344 2344 2343 2343 2342 2342 2343 2343 2344 2344 2345 2345 2346 2346 2345 2345 2344 2344 2345 2345 2346 2346 2347 2347 2348 2348 2347 2347 2346 2346 2347 2347 2348 2348 2349 2349 2350 2350 2349 2349 2348 2348 2349 2349 2350 2350 2351 2351 2352 2352 2351 2351 2350 2350 2351 2351 2352 2352 2353 2353 2354 2354 2353 2353 2352 2352 2353 2353 2354 2354 2355 2355 2356 2356 2355 2355 2354 2354 2355 2355 2356 2356 2357 2357 2358 2358 2357 2357 2356 2356 2357 2357 2358 2358 2311 2311 2312 2312 2311 2311 2358 2358 2359 2359 2360 2360 2361 2361 2362 2362 2361 2361 2360 2360 2361 2361 2362 2362 2363 2363 2363 2363 2364 2364 2361 2361 2365 2365 2361 2361 2364 2364 2361 2361 2365 2365 2366 2366 2367 2367 2368 2368 2369 2369 2370 2370 2369 2369 2368 2368 2371 2371 2372 2372 2373 2373 2374 2374 2375 2375 2376 2376 2377 2377 2378 2378 2379 2379 2380 2380 2381 2381 2382 2382 2383 2383 2384 2384 2385 2385 2386 2386 2387 2387 2388 2388 2389 2389 2390 2390 2391 2391 2392 2392 2393 2393 2379 2379 2394 2394 2395 2395 2373 2373 2396 2396 2373 2373 2395 2395 2393 2393 2397 2397 2379 2379 2398 2398 2379 2379 2397 2397 2379 2379 2398 2398 2399 2399 2400 2400 2392 2392 2401 2401 2379 2379 2401 2401 2392 2392 2401 2401 2379 2379 2402 2402 2378 2378 2402 2402 2379 2379 2403 2403 2404 2404 2373 2373 2405 2405 2373 2373 2404 2404 2373 2373 2405 2405 2394 2394 2406 2406 2407 2407 2408 2408 2409 2409 2408 2408 2407 2407 2408 2408 2409 2409 2410 2410 2411 2411 2410 2410 2409 2409 2410 2410 2411 2411 2412 2412 2413 2413 2412 2412 2411 2411 2412 2412 2413 2413 2414 2414 2415 2415 2414 2414 2413 2413 2414 2414 2415 2415 2396 2396 2400 2400 2401 2401 2416 2416 2417 2417 2416 2416 2401 2401 2416 2416 2417 2417 2418 2418 2419 2419 2418 2418 2417 2417 2418 2418 2419 2419 2420 2420 2421 2421 2420 2420 2419 2419 2420 2420 2421 2421 2422 2422 2423 2423 2422 2422 2421 2421 2422 2422 2423 2423 2424 2424 2425 2425 2424 2424 2423 2423 2424 2424 2425 2425 2426 2426 2427 2427 2426 2426 2425 2425 2426 2426 2427 2427 2428 2428 2429 2429 2428 2428 2427 2427 2428 2428 2429 2429 2430 2430 2431 2431 2430 2430 2429 2429 2430 2430 2431 2431 2432 2432 2433 2433 2432 2432 2431 2431 2432 2432 2433 2433 2406 2406 2434 2434 2406 2406 2433 2433 2406 2406 2434 2434 2407 2407 2435 2435 2436 2436 2437 2437 2438 2438 2437 2437 2436 2436 2437 2437 2438 2438 2439 2439 2440 2440 2439 2439 2438 2438 2439 2439 2440 2440 2441 2441 2441 2441 2442 2442 2439 2439 2443 2443 2439 2439 2442 2442 2439 2439 2443 2443 2444 2444 2445 2445 2446 2446 2447 2447 2448 2448 2447 2447 2446 2446 2447 2447 2448 2448 2449 2449 2449 2449 2450 2450 2447 2447 2451 2451 2447 2447 2450 2450 2447 2447 2451 2451 2452 2452 2451 2451 2453 2453 2452 2452 2454 2454 2452 2452 2453 2453 2452 2452 2454 2454 2455 2455 2456 2456 2457 2457 2458 2458 2459 2459 2458 2458 2457 2457 2456 2456 2460 2460 2457 2457 2461 2461 2457 2457 2460 2460 2457 2457 2461 2461 2462 2462 2461 2461 2463 2463 2462 2462 2464 2464 2462 2462 2463 2463 2462 2462 2464 2464 2465 2465 2466 2466 2465 2465 2464 2464 2465 2465 2466 2466 2467 2467 2435 2435 2437 2437 2468 2468 2469 2469 2468 2468 2437 2437 2468 2468 2469 2469 2466 2466 2470 2470 2466 2466 2469 2469 2466 2466 2470 2470 2471 2471 2471 2471 2472 2472 2466 2466 2473 2473 2466 2466 2472 2472 2466 2466 2473 2473 2467 2467 2474 2474 2475 2475 2452 2452 2476 2476 2452 2452 2475 2475 2452 2452 2476 2476 2447 2447 2477 2477 2447 2447 2476 2476 2447 2447 2477 2477 2478 2478 2479 2479 2478 2478 2477 2477 2478 2478 2479 2479 2480 2480 2481 2481 2480 2480 2479 2479 2480 2480 2481 2481 2482 2482 2483 2483 2482 2482 2481 2481 2482 2482 2483 2483 2484 2484 2485 2485 2484 2484 2483 2483 2484 2484 2485 2485 2486 2486 2487 2487 2486 2486 2485 2485 2486 2486 2487 2487 2488 2488 2489 2489 2488 2488 2487 2487 2488 2488 2489 2489 2490 2490 2491 2491 2490 2490 2489 2489 2492 2492 2493 2493 2494 2494 2495 2495 2496 2496 2497 2497 2498 2498 2499 2499 2500 2500 2501 2501 2502 2502 2500 2500 2503 2503 2500 2500 2502 2502 2500 2500 2503 2503 2498 2498 2504 2504 2505 2505 2506 2506 2499 2499 2498 2498 2506 2506 2391 2391 2506 2506 2498 2498 2506 2506 2391 2391 2504 2504 2504 2504 2507 2507 2508 2508 2505 2505 2504 2504 2509 2509 2508 2508 2509 2509 2504 2504 2509 2509 2508 2508 2510 2510 2497 2497 2510 2510 2495 2495 2508 2508 2495 2495 2510 2510 2495 2495 2508 2508 2511 2511 2512 2512 2511 2511 2508 2508 2386 2386 2388 2388 2513 2513 2514 2514 2515 2515 2516 2516 2501 2501 2497 2497 2502 2502 2496 2496 2502 2502 2497 2497 2502 2502 2496 2496 2517 2517 2518 2518 2517 2517 2496 2496 2517 2517 2518 2518 2519 2519 2515 2515 2514 2514 2520 2520 2521 2521 2522 2522 2523 2523 2524 2524 2523 2523 2522 2522 2523 2523 2524 2524 2525 2525 2526 2526 2525 2525 2524 2524 2527 2527 2528 2528 2529 2529 2522 2522 2529 2529 2528 2528 2529 2529 2522 2522 2530 2530 2521 2521 2530 2530 2522 2522 2531 2531 2532 2532 2533 2533 2534 2534 2533 2533 2532 2532 2533 2533 2534 2534 2530 2530 2535 2535 2530 2530 2534 2534 2530 2530 2535 2535 2529 2529 2536 2536 2537 2537 2538 2538 2384 2384 2528 2528 2385 2385 2527 2527 2385 2385 2528 2528 2385 2385 2527 2527 2539 2539 2540 2540 2539 2539 2527 2527 2539 2539 2540 2540 2541 2541 2532 2532 2536 2536 2534 2534 2538 2538 2534 2534 2536 2536 2534 2534 2538 2538 2541 2541 2380 2380 2541 2541 2538 2538 2541 2541 2380 2380 2539 2539 2382 2382 2539 2539 2380 2380 2377 2377 2379 2379 2542 2542 2543 2543 2542 2542 2379 2379 2542 2542 2543 2543 2544 2544 2376 2376 2375 2375 2545 2545 2546 2546 2545 2545 2375 2375 2545 2545 2546 2546 2547 2547 2547 2547 2546 2546 2548 2548 2474 2474 2548 2548 2546 2546 2548 2548 2474 2474 2549 2549 2549 2549 2474 2474 2550 2550 2452 2452 2550 2550 2474 2474 2550 2550 2452 2452 2457 2457 2455 2455 2457 2457 2452 2452 2457 2457 2455 2455 2459 2459 2551 2551 2552 2552 2525 2525 2553 2553 2525 2525 2552 2552 2525 2525 2553 2553 2523 2523 2385 2385 2388 2388 2383 2383 2387 2387 2383 2383 2388 2388 2383 2383 2387 2387 2526 2526 2520 2520 2526 2526 2387 2387 2526 2526 2520 2520 2525 2525 2514 2514 2525 2525 2520 2520 2525 2525 2514 2514 2551 2551 2554 2554 2551 2551 2514 2514 2551 2551 2554 2554 2555 2555 2373 2373 2372 2372 2554 2554 2556 2556 2554 2554 2372 2372 2554 2554 2556 2556 2555 2555 2396 2396 2415 2415 2373 2373 2557 2557 2373 2373 2415 2415 2373 2373 2557 2557 2371 2371 2558 2558 2490 2490 2559 2559 2389 2389 2391 2391 2560 2560 2498 2498 2560 2560 2391 2391 2560 2560 2498 2498 2561 2561 2503 2503 2561 2561 2498 2498 2561 2561 2503 2503 2562 2562 2563 2563 2562 2562 2503 2503 2562 2562 2563 2563 2494 2494 2564 2564 2494 2494 2563 2563 2494 2494 2564 2564 2492 2492 2565 2565 2492 2492 2564 2564 2492 2492 2565 2565 2559 2559 2566 2566 2559 2559 2565 2565 2559 2559 2566 2566 2558 2558 2490 2490 2558 2558 2488 2488 2567 2567 2488 2488 2558 2558 2488 2488 2567 2567 2486 2486 2568 2568 2486 2486 2567 2567 2486 2486 2568 2568 2484 2484 2569 2569 2484 2484 2568 2568 2484 2484 2569 2569 2563 2563 2570 2570 2563 2563 2569 2569 2563 2563 2570 2570 2564 2564 2571 2571 2564 2564 2570 2570 2564 2564 2571 2571 2565 2565 2544 2544 2543 2543 2374 2374 2572 2572 2374 2374 2543 2543 2374 2374 2572 2572 2375 2375 2559 2559 2375 2375 2572 2572 2375 2375 2559 2559 2546 2546 2490 2490 2546 2546 2559 2559 2546 2546 2490 2490 2474 2474 2491 2491 2474 2474 2490 2490 2474 2474 2491 2491 2475 2475 2493 2493 2492 2492 2573 2573 2559 2559 2573 2573 2492 2492 2573 2573 2559 2559 2390 2390 2572 2572 2390 2390 2559 2559 2390 2390 2572 2572 2391 2391 2543 2543 2391 2391 2572 2572 2391 2391 2543 2543 2504 2504 2379 2379 2504 2504 2543 2543 2504 2504 2379 2379 2507 2507 2399 2399 2403 2403 2379 2379 2373 2373 2379 2379 2403 2403 2379 2379 2373 2373 2507 2507 2554 2554 2507 2507 2373 2373 2507 2507 2554 2554 2508 2508 2514 2514 2508 2508 2554 2554 2508 2508 2514 2514 2512 2512 2516 2516 2512 2512 2514 2514 2512 2512 2516 2516 2519 2519 2513 2513 2519 2519 2516 2516 2519 2519 2513 2513 2517 2517 2388 2388 2517 2517 2513 2513 2444 2444 2445 2445 2439 2439 2447 2447 2439 2439 2445 2445 2439 2439 2447 2447 2574 2574 2478 2478 2574 2574 2447 2447 2574 2574 2478 2478 2575 2575 2480 2480 2575 2575 2478 2478 2575 2575 2480 2480 2576 2576 2482 2482 2576 2576 2480 2480 2577 2577 2578 2578 2579 2579 2580 2580 2581 2581 2579 2579 2582 2582 2579 2579 2581 2581 2582 2582 2583 2583 2579 2579 2584 2584 2579 2579 2583 2583 2579 2579 2584 2584 2577 2577 2585 2585 2586 2586 2587 2587 2588 2588 2587 2587 2586 2586 2589 2589 2590 2590 2591 2591 2592 2592 2593 2593 2594 2594 2592 2592 2594 2594 2595 2595 2596 2596 2597 2597 2598 2598 2599 2599 2600 2600 2601 2601 2601 2601 2602 2602 2599 2599 2603 2603 2599 2599 2602 2602 2599 2599 2603 2603 2604 2604 2593 2593 2605 2605 2594 2594 2606 2606 2594 2594 2605 2605 2594 2594 2606 2606 2607 2607 2608 2608 2609 2609 2610 2610 2611 2611 2610 2610 2609 2609 2610 2610 2611 2611 2612 2612 2598 2598 2597 2597 2613 2613 2614 2614 2613 2613 2597 2597 2613 2613 2614 2614 2615 2615 2614 2614 2616 2616 2615 2615 2617 2617 2615 2615 2616 2616 2615 2615 2617 2617 2618 2618 2619 2619 2618 2618 2617 2617 2618 2618 2619 2619 2620 2620 2621 2621 2620 2620 2619 2619 2620 2620 2621 2621 2622 2622 2623 2623 2622 2622 2621 2621 2622 2622 2623 2623 2624 2624 2625 2625 2624 2624 2623 2623 2624 2624 2625 2625 2626 2626 2627 2627 2626 2626 2625 2625 2626 2626 2627 2627 2628 2628 2629 2629 2628 2628 2627 2627 2628 2628 2629 2629 2630 2630 2631 2631 2630 2630 2629 2629 2630 2630 2631 2631 2632 2632 2633 2633 2632 2632 2631 2631 2632 2632 2633 2633 2612 2612 2634 2634 2635 2635 2636 2636 2634 2634 2636 2636 2637 2637 2638 2638 2637 2637 2636 2636 2637 2637 2638 2638 2639 2639 2639 2639 2640 2640 2637 2637 2641 2641 2637 2637 2640 2640 2637 2637 2641 2641 2642 2642 2643 2643 2644 2644 2645 2645 2646 2646 2645 2645 2644 2644 2645 2645 2646 2646 2647 2647 2648 2648 2649 2649 2650 2650 2645 2645 2650 2650 2649 2649 2650 2650 2645 2645 2651 2651 2647 2647 2651 2651 2645 2645 2652 2652 2653 2653 2654 2654 2648 2648 2655 2655 2649 2649 2656 2656 2649 2649 2655 2655 2649 2649 2656 2656 2653 2653 2657 2657 2653 2653 2656 2656 2653 2653 2657 2657 2654 2654 2658 2658 2659 2659 2660 2660 2661 2661 2660 2660 2659 2659 2660 2660 2661 2661 2634 2634 2662 2662 2634 2634 2661 2661 2634 2634 2662 2662 2635 2635 2663 2663 2664 2664 2654 2654 2665 2665 2654 2654 2664 2664 2654 2654 2665 2665 2652 2652 2663 2663 2666 2666 2664 2664 2667 2667 2664 2664 2666 2666 2664 2664 2667 2667 2660 2660 2668 2668 2660 2660 2667 2667 2660 2660 2668 2668 2658 2658 2669 2669 2670 2670 2671 2671 2672 2672 2671 2671 2670 2670 2671 2671 2672 2672 2673 2673 2634 2634 2673 2673 2672 2672 2673 2673 2634 2634 2674 2674 2637 2637 2674 2674 2634 2634 2674 2674 2637 2637 2675 2675 2676 2676 2675 2675 2637 2637 2675 2675 2676 2676 2677 2677 2678 2678 2677 2677 2676 2676 2677 2677 2678 2678 2679 2679 2680 2680 2679 2679 2678 2678 2679 2679 2680 2680 2681 2681 2682 2682 2681 2681 2680 2680 2681 2681 2682 2682 2683 2683 2684 2684 2683 2683 2682 2682 2683 2683 2684 2684 2685 2685 2686 2686 2685 2685 2684 2684 2687 2687 2688 2688 2689 2689 2690 2690 2691 2691 2692 2692 2693 2693 2694 2694 2695 2695 2696 2696 2695 2695 2694 2694 2695 2695 2696 2696 2697 2697 2698 2698 2693 2693 2699 2699 2695 2695 2699 2699 2693 2693 2699 2699 2695 2695 2700 2700 2701 2701 2700 2700 2695 2695 2700 2700 2701 2701 2702 2702 2691 2691 2690 2690 2703 2703 2697 2697 2703 2703 2690 2690 2703 2703 2697 2697 2704 2704 2696 2696 2704 2704 2697 2697 2704 2704 2696 2696 2705 2705 2706 2706 2705 2705 2696 2696 2705 2705 2706 2706 2689 2689 2707 2707 2689 2689 2706 2706 2689 2689 2707 2707 2687 2687 2708 2708 2687 2687 2707 2707 2687 2687 2708 2708 2709 2709 2710 2710 2711 2711 2712 2712 2712 2712 2711 2711 2713 2713 2702 2702 2713 2713 2711 2711 2713 2713 2702 2702 2714 2714 2701 2701 2714 2714 2702 2702 2714 2714 2701 2701 2715 2715 2716 2716 2715 2715 2701 2701 2715 2715 2716 2716 2717 2717 2718 2718 2717 2717 2716 2716 2717 2717 2718 2718 2719 2719 2720 2720 2721 2721 2722 2722 2723 2723 2722 2722 2721 2721 2722 2722 2723 2723 2724 2724 2725 2725 2726 2726 2727 2727 2728 2728 2727 2727 2726 2726 2729 2729 2730 2730 2731 2731 2732 2732 2729 2729 2733 2733 2731 2731 2733 2733 2729 2729 2733 2733 2731 2731 2727 2727 2734 2734 2727 2727 2731 2731 2727 2727 2734 2734 2725 2725 2735 2735 2725 2725 2734 2734 2736 2736 2737 2737 2738 2738 2739 2739 2738 2738 2737 2737 2738 2738 2739 2739 2740 2740 2721 2721 2740 2740 2739 2739 2740 2740 2721 2721 2741 2741 2720 2720 2741 2741 2721 2721 2741 2741 2720 2720 2742 2742 2730 2730 2743 2743 2731 2731 2736 2736 2731 2731 2743 2743 2731 2731 2736 2736 2744 2744 2738 2738 2744 2744 2736 2736 2744 2744 2738 2738 2735 2735 2745 2745 2735 2735 2738 2738 2735 2735 2745 2745 2725 2725 2746 2746 2725 2725 2745 2745 2725 2725 2746 2746 2718 2718 2742 2742 2718 2718 2746 2746 2718 2718 2742 2742 2719 2719 2720 2720 2719 2719 2742 2742 2747 2747 2748 2748 2672 2672 2749 2749 2672 2672 2748 2748 2672 2672 2749 2749 2634 2634 2750 2750 2634 2634 2749 2749 2634 2634 2750 2750 2660 2660 2751 2751 2752 2752 2753 2753 2751 2751 2754 2754 2752 2752 2591 2591 2752 2752 2754 2754 2752 2752 2591 2591 2755 2755 2590 2590 2756 2756 2591 2591 2757 2757 2591 2591 2756 2756 2591 2591 2757 2757 2755 2755 2758 2758 2759 2759 2590 2590 2760 2760 2590 2590 2759 2759 2590 2590 2760 2760 2756 2756 2761 2761 2762 2762 2610 2610 2599 2599 2610 2610 2762 2762 2610 2610 2599 2599 2608 2608 2604 2604 2608 2608 2599 2599 2612 2612 2633 2633 2610 2610 2763 2763 2610 2610 2633 2633 2610 2610 2763 2763 2761 2761 2598 2598 2595 2595 2596 2596 2594 2594 2596 2596 2595 2595 2596 2596 2594 2594 2764 2764 2765 2765 2764 2764 2594 2594 2766 2766 2767 2767 2594 2594 2768 2768 2594 2594 2767 2767 2594 2594 2768 2768 2765 2765 2739 2739 2769 2769 2721 2721 2770 2770 2721 2721 2769 2769 2721 2721 2770 2770 2723 2723 2771 2771 2723 2723 2770 2770 2723 2723 2771 2771 2766 2766 2772 2772 2766 2766 2771 2771 2766 2766 2772 2772 2767 2767 2773 2773 2774 2774 2775 2775 2653 2653 2775 2775 2774 2774 2776 2776 2777 2777 2778 2778 2779 2779 2670 2670 2686 2686 2669 2669 2686 2686 2670 2670 2686 2686 2669 2669 2685 2685 2777 2777 2776 2776 2780 2780 2754 2754 2780 2780 2776 2776 2780 2780 2754 2754 2781 2781 2779 2779 2686 2686 2782 2782 2684 2684 2782 2782 2686 2686 2782 2782 2684 2684 2783 2783 2682 2682 2783 2783 2684 2684 2783 2783 2682 2682 2784 2784 2697 2697 2784 2784 2682 2682 2784 2784 2697 2697 2778 2778 2690 2690 2778 2778 2697 2697 2778 2778 2690 2690 2776 2776 2692 2692 2776 2776 2690 2690 2776 2776 2692 2692 2754 2754 2785 2785 2754 2754 2692 2692 2754 2754 2785 2785 2591 2591 2753 2753 2747 2747 2751 2751 2672 2672 2751 2751 2747 2747 2751 2751 2672 2672 2754 2754 2670 2670 2754 2754 2672 2672 2754 2754 2670 2670 2781 2781 2779 2779 2781 2781 2670 2670 2699 2699 2786 2786 2698 2698 2787 2787 2698 2698 2786 2786 2698 2698 2787 2787 2709 2709 2589 2589 2709 2709 2787 2787 2709 2709 2589 2589 2687 2687 2591 2591 2687 2687 2589 2589 2687 2687 2591 2591 2688 2688 2785 2785 2688 2688 2591 2591 2607 2607 2600 2600 2594 2594 2599 2599 2594 2594 2600 2600 2594 2594 2599 2599 2766 2766 2788 2788 2766 2766 2599 2599 2766 2766 2788 2788 2723 2723 2712 2712 2723 2723 2788 2788 2723 2723 2712 2712 2724 2724 2713 2713 2724 2724 2712 2712 2762 2762 2758 2758 2599 2599 2590 2590 2599 2599 2758 2758 2599 2599 2590 2590 2788 2788 2589 2589 2788 2788 2590 2590 2788 2788 2589 2589 2712 2712 2787 2787 2712 2712 2589 2589 2712 2712 2787 2787 2710 2710 2786 2786 2710 2710 2787 2787 2642 2642 2643 2643 2637 2637 2645 2645 2637 2637 2643 2643 2637 2637 2645 2645 2676 2676 2789 2789 2676 2676 2645 2645 2676 2676 2789 2789 2678 2678 2790 2790 2678 2678 2789 2789 2678 2678 2790 2790 2680 2680 2791 2791 2680 2680 2790 2790 2774 2774 2792 2792 2653 2653 2793 2793 2653 2653 2792 2792 2653 2653 2793 2793 2649 2649 2794 2794 2649 2649 2793 2793 2649 2649 2794 2794 2645 2645 2795 2795 2645 2645 2794 2794 2645 2645 2795 2795 2789 2789 2796 2796 2789 2789 2795 2795 2789 2789 2796 2796 2790 2790 2797 2797 2790 2790 2796 2796 2790 2790 2797 2797 2791 2791 2798 2798 2791 2791 2797 2797 1398 1398 1399 1399 2799 2799 2800 2800 2799 2799 1399 1399 2263 2263 2261 2261 2801 2801 2802 2802 2801 2801 2261 2261 2801 2801 2802 2802 2803 2803 2804 2804 2803 2803 2802 2802 2803 2803 2804 2804 2805 2805 2806 2806 2805 2805 2804 2804 2805 2805 2806 2806 2800 2800 2807 2807 2800 2800 2806 2806 2800 2800 2807 2807 2799 2799 2241 2241 2219 2219 2808 2808 2809 2809 2808 2808 2219 2219 2808 2808 2809 2809 2810 2810 2811 2811 2810 2810 2809 2809 2810 2810 2811 2811 2812 2812 2813 2813 2812 2812 2811 2811 2812 2812 2813 2813 2814 2814 2815 2815 2814 2814 2813 2813 2814 2814 2815 2815 2816 2816 1400 1400 2816 2816 2815 2815 2816 2816 1400 1400 1401 1401 2817 2817 2234 2234 2235 2235 2235 2235 2818 2818 2817 2817 2819 2819 2817 2817 2818 2818 2817 2817 2819 2819 2820 2820 2821 2821 2820 2820 2819 2819 2820 2820 2821 2821 2224 2224 2822 2822 2224 2224 2821 2821 2224 2224 2822 2822 2225 2225 2231 2231 2230 2230 2823 2823 2824 2824 2823 2823 2230 2230 2823 2823 2824 2824 2825 2825 2826 2826 2825 2825 2824 2824 2247 2247 2246 2246 2826 2826 2827 2827 2826 2826 2246 2246 2826 2826 2827 2827 2825 2825 2828 2828 2825 2825 2827 2827 2254 2254 2253 2253 2829 2829 2825 2825 2829 2829 2253 2253 2829 2829 2825 2825 2830 2830 2828 2828 2830 2830 2825 2825 2830 2830 2828 2828 2242 2242 2243 2243 2242 2242 2828 2828 2818 2818 2823 2823 2819 2819 2825 2825 2819 2819 2823 2823 2819 2819 2825 2825 2831 2831 2832 2832 2831 2831 2825 2825 2833 2833 2834 2834 2832 2832 2835 2835 2832 2832 2834 2834 2832 2832 2835 2835 2831 2831 2836 2836 2837 2837 2833 2833 2838 2838 2833 2833 2837 2837 2833 2833 2838 2838 2834 2834 2839 2839 2840 2840 2841 2841 2842 2842 2841 2841 2840 2840 2841 2841 2842 2842 2836 2836 2843 2843 2836 2836 2842 2842 2836 2836 2843 2843 2837 2837 2839 2839 2841 2841 2844 2844 2845 2845 2844 2844 2841 2841 2844 2844 2845 2845 2846 2846 1512 1512 2847 2847 1708 1708 2848 2848 1708 1708 2847 2847 1708 1708 2848 2848 2845 2845 2849 2849 2845 2845 2848 2848 2845 2845 2849 2849 2846 2846 1646 1646 1645 1645 2850 2850 2851 2851 2850 2850 1645 1645 2850 2850 2851 2851 2852 2852 2853 2853 2852 2852 2851 2851 2852 2852 2853 2853 2854 2854 2855 2855 2854 2854 2853 2853 2854 2854 2855 2855 2856 2856 2857 2857 2856 2856 2855 2855 2856 2856 2857 2857 2858 2858 2859 2859 2858 2858 2857 2857 2858 2858 2859 2859 2860 2860 2861 2861 2860 2860 2859 2859 2860 2860 2861 2861 2862 2862 2863 2863 2862 2862 2861 2861 2862 2862 2863 2863 2864 2864 2865 2865 2864 2864 2863 2863 2864 2864 2865 2865 2866 2866 2867 2867 2866 2866 2865 2865 2866 2866 2867 2867 2847 2847 2848 2848 2847 2847 2867 2867 1533 1533 1646 1646 1531 1531 2850 2850 1531 1531 1646 1646 1531 1531 2850 2850 1529 1529 2852 2852 1529 1529 2850 2850 1529 1529 2852 2852 1527 1527 2854 2854 1527 1527 2852 2852 1527 1527 2854 2854 1525 1525 2856 2856 1525 1525 2854 2854 1525 1525 2856 2856 1523 1523 2858 2858 1523 1523 2856 2856 1523 1523 2858 2858 1521 1521 2860 2860 1521 1521 2858 2858 1521 1521 2860 2860 1519 1519 2862 2862 1519 1519 2860 2860 1519 1519 2862 2862 1517 1517 2864 2864 1517 1517 2862 2862 1517 1517 2864 2864 1515 1515 2866 2866 1515 1515 2864 2864 1515 1515 2866 2866 1512 1512 2847 2847 1512 1512 2866 2866 2868 2868 2848 2848 2867 2867 2869 2869 2870 2870 2871 2871 2872 2872 2873 2873 2874 2874 2875 2875 2842 2842 2876 2876 2877 2877 2878 2878 2879 2879 2880 2880 2881 2881 2882 2882 2883 2883 2884 2884 2885 2885 2886 2886 2887 2887 2225 2225 2886 2886 2225 2225 2888 2888 2889 2889 2888 2888 2225 2225 2890 2890 2889 2889 2225 2225 2891 2891 2890 2890 2225 2225 2892 2892 2891 2891 2225 2225 2893 2893 2892 2892 2225 2225 2894 2894 2893 2893 2225 2225 2895 2895 2894 2894 2225 2225 2822 2822 2895 2895 2225 2225 2884 2884 2887 2887 2885 2885 2886 2886 2885 2885 2887 2887 2885 2885 2886 2886 2896 2896 2888 2888 2896 2896 2886 2886 2896 2896 2888 2888 2897 2897 2889 2889 2897 2897 2888 2888 2897 2897 2889 2889 2898 2898 2890 2890 2898 2898 2889 2889 2898 2898 2890 2890 2899 2899 2891 2891 2899 2899 2890 2890 2899 2899 2891 2891 2900 2900 2892 2892 2900 2900 2891 2891 2900 2900 2892 2892 2901 2901 2893 2893 2901 2901 2892 2892 2901 2901 2893 2893 2902 2902 2894 2894 2902 2902 2893 2893 2902 2902 2894 2894 2903 2903 2895 2895 2903 2903 2894 2894 2903 2903 2895 2895 2821 2821 2822 2822 2821 2821 2895 2895 2881 2881 2883 2883 2882 2882 2885 2885 2882 2882 2883 2883 2882 2882 2885 2885 2904 2904 2896 2896 2904 2904 2885 2885 2904 2904 2896 2896 2905 2905 2897 2897 2905 2905 2896 2896 2905 2905 2897 2897 2906 2906 2898 2898 2906 2906 2897 2897 2906 2906 2898 2898 2907 2907 2899 2899 2907 2907 2898 2898 2907 2907 2899 2899 2908 2908 2900 2900 2908 2908 2899 2899 2908 2908 2900 2900 2909 2909 2901 2901 2909 2909 2900 2900 2909 2909 2901 2901 2910 2910 2902 2902 2910 2910 2901 2901 2910 2910 2902 2902 2911 2911 2903 2903 2911 2911 2902 2902 2911 2911 2903 2903 2912 2912 2821 2821 2912 2912 2903 2903 2831 2831 2913 2913 2914 2914 2878 2878 2880 2880 2879 2879 2882 2882 2879 2879 2880 2880 2879 2879 2882 2882 2915 2915 2904 2904 2915 2915 2882 2882 2915 2915 2904 2904 2916 2916 2905 2905 2916 2916 2904 2904 2916 2916 2905 2905 2917 2917 2906 2906 2917 2917 2905 2905 2917 2917 2906 2906 2918 2918 2907 2907 2918 2918 2906 2906 2918 2918 2907 2907 2919 2919 2908 2908 2919 2919 2907 2907 2919 2919 2908 2908 2920 2920 2909 2909 2920 2920 2908 2908 2920 2920 2909 2909 2921 2921 2910 2910 2921 2921 2909 2909 2921 2921 2910 2910 2914 2914 2911 2911 2914 2914 2910 2910 2914 2914 2911 2911 2831 2831 2912 2912 2831 2831 2911 2911 2834 2834 2922 2922 2923 2923 2873 2873 2877 2877 2874 2874 2879 2879 2874 2874 2877 2877 2874 2874 2879 2879 2924 2924 2915 2915 2924 2924 2879 2879 2924 2924 2915 2915 2925 2925 2916 2916 2925 2925 2915 2915 2925 2925 2916 2916 2926 2926 2917 2917 2926 2926 2916 2916 2926 2926 2917 2917 2927 2927 2918 2918 2927 2927 2917 2917 2927 2927 2918 2918 2928 2928 2919 2919 2928 2928 2918 2918 2928 2928 2919 2919 2929 2929 2920 2920 2929 2929 2919 2919 2929 2929 2920 2920 2930 2930 2921 2921 2930 2930 2920 2920 2930 2930 2921 2921 2923 2923 2914 2914 2923 2923 2921 2921 2923 2923 2914 2914 2834 2834 2913 2913 2834 2834 2914 2914 2875 2875 2876 2876 2837 2837 2931 2931 2872 2872 2932 2932 2874 2874 2932 2932 2872 2872 2932 2932 2874 2874 2933 2933 2924 2924 2933 2933 2874 2874 2933 2933 2924 2924 2934 2934 2925 2925 2934 2934 2924 2924 2934 2934 2925 2925 2935 2935 2926 2926 2935 2935 2925 2925 2935 2935 2926 2926 2936 2936 2927 2927 2936 2936 2926 2926 2936 2936 2927 2927 2937 2937 2928 2928 2937 2937 2927 2927 2937 2937 2928 2928 2938 2938 2929 2929 2938 2938 2928 2928 2938 2938 2929 2929 2939 2939 2930 2930 2939 2939 2929 2929 2939 2939 2930 2930 2876 2876 2923 2923 2876 2876 2930 2930 2876 2876 2923 2923 2837 2837 2922 2922 2837 2837 2923 2923 2870 2870 2931 2931 2871 2871 2932 2932 2871 2871 2931 2931 2871 2871 2932 2932 2940 2940 2933 2933 2940 2940 2932 2932 2940 2940 2933 2933 2941 2941 2934 2934 2941 2941 2933 2933 2941 2941 2934 2934 2942 2942 2935 2935 2942 2942 2934 2934 2942 2942 2935 2935 2943 2943 2936 2936 2943 2943 2935 2935 2943 2943 2936 2936 2944 2944 2937 2937 2944 2944 2936 2936 2944 2944 2937 2937 2945 2945 2938 2938 2945 2945 2937 2937 2945 2945 2938 2938 2946 2946 2939 2939 2946 2946 2938 2938 2946 2946 2939 2939 2947 2947 2876 2876 2947 2947 2939 2939 2947 2947 2876 2876 2840 2840 2842 2842 2840 2840 2876 2876 2948 2948 2869 2869 2949 2949 2871 2871 2949 2949 2869 2869 2949 2949 2871 2871 2950 2950 2940 2940 2950 2950 2871 2871 2950 2950 2940 2940 2951 2951 2941 2941 2951 2951 2940 2940 2951 2951 2941 2941 2952 2952 2942 2942 2952 2952 2941 2941 2952 2952 2942 2942 2953 2953 2943 2943 2953 2953 2942 2942 2953 2953 2943 2943 2954 2954 2944 2944 2954 2954 2943 2943 2954 2954 2944 2944 2955 2955 2945 2945 2955 2955 2944 2944 2955 2955 2945 2945 2956 2956 2946 2946 2956 2956 2945 2945 2956 2956 2946 2946 2957 2957 2947 2947 2957 2957 2946 2946 2957 2957 2947 2947 2839 2839 2840 2840 2839 2839 2947 2947 2958 2958 2948 2948 2959 2959 2949 2949 2959 2959 2948 2948 2959 2959 2949 2949 2960 2960 2950 2950 2960 2960 2949 2949 2960 2960 2950 2950 2961 2961 2951 2951 2961 2961 2950 2950 2961 2961 2951 2951 2962 2962 2952 2952 2962 2962 2951 2951 2962 2962 2952 2952 2963 2963 2953 2953 2963 2963 2952 2952 2963 2963 2953 2953 2964 2964 2954 2954 2964 2964 2953 2953 2964 2964 2954 2954 2965 2965 2955 2955 2965 2965 2954 2954 2965 2965 2955 2955 2966 2966 2956 2956 2966 2966 2955 2955 2966 2966 2956 2956 2967 2967 2957 2957 2967 2967 2956 2956 2868 2868 2867 2867 2846 2846 1645 1645 2958 2958 2851 2851 2959 2959 2851 2851 2958 2958 2851 2851 2959 2959 2853 2853 2960 2960 2853 2853 2959 2959 2853 2853 2960 2960 2855 2855 2961 2961 2855 2855 2960 2960 2855 2855 2961 2961 2857 2857 2962 2962 2857 2857 2961 2961 2857 2857 2962 2962 2859 2859 2963 2963 2859 2859 2962 2962 2859 2859 2963 2963 2861 2861 2964 2964 2861 2861 2963 2963 2861 2861 2964 2964 2863 2863 2965 2965 2863 2863 2964 2964 2863 2863 2965 2965 2865 2865 2966 2966 2865 2865 2965 2965 2865 2865 2966 2966 2867 2867 2967 2967 2867 2867 2966 2966 2867 2867 2967 2967 2846 2846 2957 2957 2846 2846 2967 2967 2846 2846 2957 2957 2844 2844 2839 2839 2844 2844 2957 2957 2881 2881 2880 2880 2968 2968 2878 2878 2877 2877 2969 2969 2873 2873 2970 2970 2971 2971 2972 2972 2948 2948 1637 1637 2958 2958 1637 1637 2948 2948 1637 1637 2958 2958 1645 1645 2972 2972 2973 2973 2870 2870 2931 2931 2870 2870 2973 2973 2873 2873 2971 2971 2877 2877 2881 2881 2968 2968 2974 2974 2225 2225 2887 2887 2975 2975 2884 2884 2975 2975 2887 2887 2975 2975 2884 2884 2974 2974 2972 2972 1637 1637 2973 2973 1638 1638 2973 2973 1637 1637 2973 2973 1638 1638 2976 2976 1638 1638 1640 1640 2976 2976 1642 1642 2976 2976 1640 1640 2976 2976 1642 1642 2977 2977 1642 1642 1633 1633 2977 2977 1632 1632 2977 2977 1633 1633 2977 2977 1632 1632 2978 2978 2877 2877 2971 2971 2969 2969 2979 2979 2969 2969 2971 2971 2969 2969 2979 2979 2980 2980 2981 2981 2980 2980 2979 2979 2980 2980 2981 2981 2982 2982 2983 2983 2982 2982 2981 2981 2982 2982 2983 2983 2984 2984 2985 2985 2984 2984 2983 2983 2984 2984 2985 2985 2986 2986 2974 2974 2968 2968 2975 2975 2987 2987 2975 2975 2968 2968 2975 2975 2987 2987 2988 2988 2989 2989 2988 2988 2987 2987 2988 2988 2989 2989 2990 2990 2991 2991 2990 2990 2989 2989 2990 2990 2991 2991 2992 2992 2993 2993 2992 2992 2991 2991 2992 2992 2993 2993 2994 2994 1627 1627 1626 1626 2995 2995 1632 1632 1621 1621 2978 2978 1630 1630 2978 2978 1621 1621 2978 2978 1630 1630 2996 2996 1624 1624 2996 2996 1630 1630 2996 2996 1624 1624 1627 1627 1627 1627 2995 2995 2996 2996 2997 2997 2996 2996 2995 2995 2996 2996 2997 2997 2998 2998 2998 2998 2985 2985 2996 2996 2983 2983 2996 2996 2985 2985 2996 2996 2983 2983 2978 2978 2981 2981 2978 2978 2983 2983 2978 2978 2981 2981 2977 2977 2979 2979 2977 2977 2981 2981 2977 2977 2979 2979 2976 2976 2971 2971 2976 2976 2979 2979 2976 2976 2971 2971 2973 2973 2970 2970 2973 2973 2971 2971 2973 2973 2970 2970 2931 2931 2998 2998 2999 2999 2985 2985 3000 3000 2985 2985 2999 2999 2985 2985 3000 3000 2986 2986 3001 3001 2986 2986 3000 3000 2986 2986 3001 3001 3002 3002 3002 3002 2993 2993 2986 2986 2991 2991 2986 2986 2993 2993 2986 2986 2991 2991 2984 2984 2989 2989 2984 2984 2991 2991 2984 2984 2989 2989 2982 2982 2987 2987 2982 2982 2989 2989 2982 2982 2987 2987 2980 2980 2968 2968 2980 2980 2987 2987 2980 2980 2968 2968 2969 2969 2880 2880 2969 2969 2968 2968 2969 2969 2880 2880 2878 2878 3002 3002 3003 3003 2993 2993 3004 3004 2993 2993 3003 3003 2993 2993 3004 3004 2994 2994 3005 3005 2994 2994 3004 3004 2994 2994 3005 3005 3006 3006 2225 2225 2975 2975 2221 2221 2988 2988 2221 2221 2975 2975 2221 2221 2988 2988 2222 2222 2990 2990 2222 2222 2988 2988 2222 2222 2990 2990 2250 2250 2992 2992 2250 2250 2990 2990 2250 2250 2992 2992 2226 2226 2994 2994 2226 2226 2992 2992 2226 2226 2994 2994 2227 2227 3006 3006 2227 2227 2994 2994 2227 2227 3006 3006 2217 2217 3007 3007 3008 3008 3009 3009 2265 2265 2264 2264 3010 3010 3011 3011 3010 3010 2264 2264 3010 3010 3011 3011 3012 3012 3013 3013 3014 3014 3011 3011 3015 3015 3011 3011 3014 3014 3011 3011 3015 3015 3012 3012 3016 3016 3017 3017 3013 3013 3018 3018 3013 3013 3017 3017 3013 3013 3018 3018 3014 3014 3019 3019 3020 3020 3016 3016 3021 3021 3016 3016 3020 3020 3016 3016 3021 3021 3017 3017 3008 3008 3022 3022 3009 3009 3023 3023 3009 3009 3022 3022 3009 3009 3023 3023 3019 3019 3024 3024 3019 3019 3023 3023 3019 3019 3024 3024 3020 3020 1636 1636 1635 1635 3025 3025 3026 3026 3027 3027 3028 3028 1628 1628 3028 3028 3027 3027 3028 3028 1628 1628 1623 1623 3026 3026 3028 3028 3029 3029 3030 3030 3029 3029 3028 3028 3029 3029 3030 3030 3031 3031 3031 3031 3030 3030 3032 3032 3033 3033 3032 3032 3030 3030 3032 3032 3033 3033 3034 3034 3034 3034 3033 3033 3035 3035 3036 3036 3035 3035 3033 3033 3035 3035 3036 3036 3037 3037 3037 3037 3036 3036 3038 3038 3039 3039 3038 3038 3036 3036 3038 3038 3039 3039 3040 3040 3040 3040 3039 3039 3041 3041 2296 2296 3041 3041 3039 3039 3041 3041 2296 2296 2259 2259 1622 1622 1620 1620 3042 3042 2293 2293 2296 2296 3043 3043 3039 3039 3043 3043 2296 2296 3043 3043 3039 3039 3044 3044 3036 3036 3044 3044 3039 3039 3044 3044 3036 3036 3045 3045 3033 3033 3045 3045 3036 3036 3045 3045 3033 3033 3046 3046 3030 3030 3046 3046 3033 3033 3046 3046 3030 3030 3042 3042 3028 3028 3042 3042 3030 3030 3042 3042 3028 3028 1622 1622 1623 1623 1622 1622 3028 3028 1619 1619 1631 1631 3047 3047 2287 2287 2293 2293 3048 3048 3043 3043 3048 3048 2293 2293 3048 3048 3043 3043 3049 3049 3044 3044 3049 3049 3043 3043 3049 3049 3044 3044 3050 3050 3045 3045 3050 3050 3044 3044 3050 3050 3045 3045 3051 3051 3046 3046 3051 3051 3045 3045 3051 3051 3046 3046 3047 3047 3042 3042 3047 3047 3046 3046 3047 3047 3042 3042 1619 1619 1620 1620 1619 1619 3042 3042 1644 1644 1643 1643 3052 3052 2272 2272 2287 2287 3053 3053 3048 3048 3053 3053 2287 2287 3053 3053 3048 3048 3054 3054 3049 3049 3054 3054 3048 3048 3054 3054 3049 3049 3055 3055 3050 3050 3055 3055 3049 3049 3055 3055 3050 3050 3056 3056 3051 3051 3056 3056 3050 3050 3056 3056 3051 3051 3052 3052 3047 3047 3052 3052 3051 3051 3052 3052 3047 3047 1644 1644 1631 1631 1644 1644 3047 3047 3025 3025 3007 3007 1636 1636 3009 3009 1636 1636 3007 3007 1636 1636 3009 3009 1639 1639 1641 1641 1639 1639 3009 3009 2264 2264 2272 2272 3011 3011 3053 3053 3011 3011 2272 2272 3011 3011 3053 3053 3013 3013 3054 3054 3013 3013 3053 3053 3013 3013 3054 3054 3016 3016 3055 3055 3016 3016 3054 3054 3016 3016 3055 3055 3019 3019 3056 3056 3019 3019 3055 3055 3019 3019 3056 3056 3009 3009 3052 3052 3009 3009 3056 3056 3009 3009 3052 3052 1641 1641 1643 1643 1641 1641 3052 3052 3057 3057 3007 3007 3058 3058 3059 3059 3060 3060 3061 3061 3062 3062 3063 3063 3064 3064 3021 3021 3020 3020 3065 3065 3066 3066 3067 3067 3068 3068 3069 3069 3070 3070 3071 3071 3072 3072 3073 3073 2265 2265 3072 3072 2265 2265 3074 3074 3075 3075 3074 3074 2265 2265 3076 3076 3075 3075 2265 2265 3077 3077 3076 3076 2265 2265 3078 3078 3077 3077 2265 2265 3079 3079 3078 3078 2265 2265 3080 3080 3079 3079 2265 2265 3081 3081 3080 3080 2265 2265 3010 3010 3081 3081 2265 2265 3070 3070 3073 3073 3071 3071 3072 3072 3071 3071 3073 3073 3071 3071 3072 3072 3082 3082 3074 3074 3082 3082 3072 3072 3082 3082 3074 3074 3083 3083 3075 3075 3083 3083 3074 3074 3083 3083 3075 3075 3084 3084 3076 3076 3084 3084 3075 3075 3084 3084 3076 3076 3085 3085 3077 3077 3085 3085 3076 3076 3085 3085 3077 3077 3086 3086 3078 3078 3086 3086 3077 3077 3086 3086 3078 3078 3087 3087 3079 3079 3087 3087 3078 3078 3087 3087 3079 3079 3088 3088 3080 3080 3088 3088 3079 3079 3088 3088 3080 3080 3089 3089 3081 3081 3089 3089 3080 3080 3089 3089 3081 3081 3012 3012 3010 3010 3012 3012 3081 3081 3067 3067 3069 3069 3068 3068 3071 3071 3068 3068 3069 3069 3068 3068 3071 3071 3090 3090 3082 3082 3090 3090 3071 3071 3090 3090 3082 3082 3091 3091 3083 3083 3091 3091 3082 3082 3091 3091 3083 3083 3092 3092 3084 3084 3092 3092 3083 3083 3092 3092 3084 3084 3093 3093 3085 3085 3093 3093 3084 3084 3093 3093 3085 3085 3094 3094 3086 3086 3094 3094 3085 3085 3094 3094 3086 3086 3095 3095 3087 3087 3095 3095 3086 3086 3095 3095 3087 3087 3096 3096 3088 3088 3096 3096 3087 3087 3096 3096 3088 3088 3097 3097 3089 3089 3097 3097 3088 3088 3097 3097 3089 3089 3098 3098 3012 3012 3098 3098 3089 3089 3014 3014 3018 3018 3099 3099 3063 3063 3066 3066 3064 3064 3068 3068 3064 3064 3066 3066 3064 3064 3068 3068 3100 3100 3090 3090 3100 3100 3068 3068 3100 3100 3090 3090 3101 3101 3091 3091 3101 3101 3090 3090 3101 3101 3091 3091 3102 3102 3092 3092 3102 3102 3091 3091 3102 3102 3092 3092 3103 3103 3093 3093 3103 3103 3092 3092 3103 3103 3093 3093 3104 3104 3094 3094 3104 3104 3093 3093 3104 3104 3094 3094 3105 3105 3095 3095 3105 3105 3094 3094 3105 3105 3095 3095 3106 3106 3096 3096 3106 3106 3095 3095 3106 3106 3096 3096 3099 3099 3097 3097 3099 3099 3096 3096 3099 3099 3097 3097 3014 3014 3098 3098 3014 3014 3097 3097 3021 3021 3065 3065 3017 3017 3060 3060 3062 3062 3061 3061 3064 3064 3061 3061 3062 3062 3061 3061 3064 3064 3107 3107 3100 3100 3107 3107 3064 3064 3107 3107 3100 3100 3108 3108 3101 3101 3108 3108 3100 3100 3108 3108 3101 3101 3109 3109 3102 3102 3109 3109 3101 3101 3109 3109 3102 3102 3110 3110 3103 3103 3110 3110 3102 3102 3110 3110 3103 3103 3111 3111 3104 3104 3111 3111 3103 3103 3111 3111 3104 3104 3112 3112 3105 3105 3112 3112 3104 3104 3112 3112 3105 3105 3113 3113 3106 3106 3113 3113 3105 3105 3113 3113 3106 3106 3065 3065 3099 3099 3065 3065 3106 3106 3065 3065 3099 3099 3017 3017 3018 3018 3017 3017 3099 3099 3114 3114 3059 3059 3115 3115 3061 3061 3115 3115 3059 3059 3115 3115 3061 3061 3116 3116 3107 3107 3116 3116 3061 3061 3116 3116 3107 3107 3117 3117 3108 3108 3117 3117 3107 3107 3117 3117 3108 3108 3118 3118 3109 3109 3118 3118 3108 3108 3118 3118 3109 3109 3119 3119 3110 3110 3119 3119 3109 3109 3119 3119 3110 3110 3120 3120 3111 3111 3120 3120 3110 3110 3120 3120 3111 3111 3121 3121 3112 3112 3121 3121 3111 3111 3121 3121 3112 3112 3122 3122 3113 3113 3122 3122 3112 3112 3122 3122 3113 3113 3123 3123 3065 3065 3123 3123 3113 3113 3123 3123 3065 3065 3124 3124 3020 3020 3124 3124 3065 3065 3123 3123 3125 3125 3122 3122 3126 3126 3122 3122 3125 3125 3122 3122 3126 3126 3121 3121 3127 3127 3121 3121 3126 3126 3121 3121 3127 3127 3120 3120 3128 3128 3120 3120 3127 3127 3120 3120 3128 3128 3119 3119 3129 3129 3119 3119 3128 3128 3119 3119 3129 3129 3118 3118 3130 3130 3118 3118 3129 3129 3118 3118 3130 3130 3117 3117 3131 3131 3117 3117 3130 3130 3117 3117 3131 3131 3116 3116 3132 3132 3116 3116 3131 3131 3116 3116 3132 3132 3115 3115 3133 3133 3115 3115 3132 3132 3115 3115 3133 3133 3114 3114 3057 3057 3058 3058 3022 3022 3134 3134 3135 3135 3133 3133 3136 3136 3133 3133 3135 3135 3133 3133 3136 3136 3114 3114 3007 3007 3025 3025 3058 3058 3137 3137 3058 3058 3025 3025 3058 3058 3137 3137 3138 3138 3139 3139 3138 3138 3137 3137 3138 3138 3139 3139 3140 3140 3141 3141 3140 3140 3139 3139 3140 3140 3141 3141 3142 3142 3143 3143 3142 3142 3141 3141 3142 3142 3143 3143 3144 3144 3145 3145 3144 3144 3143 3143 3144 3144 3145 3145 3146 3146 3147 3147 3146 3146 3145 3145 3146 3146 3147 3147 3148 3148 3149 3149 3148 3148 3147 3147 3148 3148 3149 3149 3150 3150 3151 3151 3150 3150 3149 3149 3150 3150 3151 3151 3152 3152 3153 3153 3152 3152 3151 3151 3124 3124 3023 3023 3123 3123 3022 3022 3123 3123 3023 3023 3123 3123 3022 3022 3125 3125 3058 3058 3125 3125 3022 3022 3125 3125 3058 3058 3126 3126 3138 3138 3126 3126 3058 3058 3126 3126 3138 3138 3127 3127 3140 3140 3127 3127 3138 3138 3127 3127 3140 3140 3128 3128 3142 3142 3128 3128 3140 3140 3128 3128 3142 3142 3129 3129 3144 3144 3129 3129 3142 3142 3129 3129 3144 3144 3130 3130 3146 3146 3130 3130 3144 3144 3130 3130 3146 3146 3131 3131 3148 3148 3131 3131 3146 3146 3131 3131 3148 3148 3132 3132 3150 3150 3132 3132 3148 3148 3132 3132 3150 3150 3133 3133 3152 3152 3133 3133 3150 3150 3133 3133 3152 3152 3134 3134 3153 3153 3134 3134 3152 3152 3134 3134 3153 3153 3154 3154 3155 3155 3154 3154 3153 3153 3156 3156 3155 3155 3157 3157 3153 3153 3157 3157 3155 3155 3157 3157 3153 3153 3158 3158 3151 3151 3158 3158 3153 3153 3158 3158 3151 3151 3159 3159 3149 3149 3159 3159 3151 3151 3159 3159 3149 3149 3160 3160 3147 3147 3160 3160 3149 3149 3160 3160 3147 3147 3161 3161 3145 3145 3161 3161 3147 3147 3161 3161 3145 3145 3162 3162 3143 3143 3162 3162 3145 3145 3162 3162 3143 3143 3163 3163 3141 3141 3163 3163 3143 3143 3163 3163 3141 3141 3164 3164 3139 3139 3164 3164 3141 3141 3164 3164 3139 3139 3165 3165 3137 3137 3165 3165 3139 3139 3165 3165 3137 3137 1635 1635 3025 3025 1635 1635 3137 3137 3166 3166 3156 3156 3167 3167 3157 3157 3167 3167 3156 3156 3167 3167 3157 3157 3168 3168 3158 3158 3168 3168 3157 3157 3168 3168 3158 3158 3169 3169 3159 3159 3169 3169 3158 3158 3169 3169 3159 3159 3170 3170 3160 3160 3170 3170 3159 3159 3170 3170 3160 3160 3171 3171 3161 3161 3171 3171 3160 3160 3171 3171 3161 3161 3172 3172 3162 3162 3172 3172 3161 3161 3172 3172 3162 3162 3173 3173 3163 3163 3173 3173 3162 3162 3173 3173 3163 3163 3174 3174 3164 3164 3174 3174 3163 3163 3174 3174 3164 3164 3175 3175 3165 3165 3175 3175 3164 3164 3175 3175 3165 3165 1634 1634 1635 1635 1634 1634 3165 3165 1513 1513 3166 3166 1514 1514 3167 3167 1514 1514 3166 3166 1514 1514 3167 3167 1516 1516 3168 3168 1516 1516 3167 3167 1516 1516 3168 3168 1518 1518 3169 3169 1518 1518 3168 3168 1518 1518 3169 3169 1520 1520 3170 3170 1520 1520 3169 3169 1520 1520 3170 3170 1522 1522 3171 3171 1522 1522 3170 3170 1522 1522 3171 3171 1524 1524 3172 3172 1524 1524 3171 3171 1524 1524 3172 3172 1526 1526 3173 3173 1526 1526 3172 3172 1526 1526 3173 3173 1528 1528 3174 3174 1528 1528 3173 3173 1528 1528 3174 3174 1530 1530 3175 3175 1530 1530 3174 3174 1530 1530 3175 3175 1532 1532 1634 1634 1532 1532 3175 3175 3154 3154 3176 3176 3177 3177 3156 3156 3177 3177 3176 3176 3177 3177 3156 3156 1709 1709 3166 3166 1709 1709 3156 3156 1709 1709 3166 3166 1513 1513 3178 3178 3179 3179 3180 3180 3114 3114 3180 3180 3179 3179 3114 3114 3136 3136 3180 3180 3135 3135 3180 3180 3136 3136 3180 3180 3135 3135 3177 3177 3134 3134 3177 3177 3135 3135 3177 3177 3134 3134 3154 3154 3181 3181 3182 3182 3183 3183 3183 3183 3063 3063 3181 3181 3184 3184 3181 3181 3063 3063 3181 3181 3184 3184 3178 3178 3060 3060 3178 3178 3184 3184 3178 3178 3060 3060 3179 3179 2289 2289 2288 2288 3185 3185 3186 3186 3185 3185 2288 2288 3185 3185 3186 3186 3187 3187 2278 2278 2277 2277 3187 3187 3188 3188 3187 3187 2277 2277 3187 3187 3188 3188 3185 3185 3189 3189 3185 3185 3188 3188 2285 2285 2284 2284 3189 3189 3190 3190 3189 3189 2284 2284 3189 3189 3190 3190 3185 3185 3191 3191 3185 3185 3190 3190 3192 3192 3193 3193 3194 3194 2274 2274 2273 2273 3191 3191 3192 3192 3191 3191 2273 2273 3191 3191 3192 3192 3185 3185 3194 3194 3185 3185 3192 3192 3185 3185 3194 3194 3182 3182 3067 3067 3182 3182 3194 3194 3182 3182 3067 3067 3183 3183 2265 2265 3073 3073 2266 2266 3070 3070 2266 2266 3073 3073 2266 2266 3070 3070 3195 3195 3194 3194 3195 3195 3070 3070 3195 3195 3194 3194 3196 3196 3193 3193 3196 3196 3194 3194 3196 3196 3193 3193 2267 2267 2268 2268 2267 2267 3193 3193 2585 2585 2587 2587 3197 3197 3198 3198 3199 3199 3200 3200 3201 3201 3200 3200 3199 3199 3200 3200 3201 3201 3197 3197 3202 3202 3197 3197 3201 3201 3197 3197 3202 3202 2585 2585 3203 3203 3204 3204 3205 3205 3203 3203 3205 3205 3206 3206 3207 3207 3206 3206 3205 3205 3206 3206 3207 3207 3198 3198 3208 3208 3198 3198 3207 3207 3198 3198 3208 3208 3199 3199 3209 3209 3210 3210 3211 3211 3212 3212 3211 3211 3210 3210 3211 3211 3212 3212 3213 3213 3214 3214 3213 3213 3212 3212 3213 3213 3214 3214 3203 3203 3215 3215 3203 3203 3214 3214 3203 3203 3215 3215 3204 3204 3216 3216 3217 3217 3218 3218 3219 3219 3218 3218 3217 3217 3209 3209 3211 3211 3219 3219 3220 3220 3219 3219 3211 3211 3219 3219 3220 3220 3218 3218 3221 3221 3222 3222 3223 3223 3224 3224 3223 3223 3222 3222 3216 3216 3218 3218 3224 3224 3225 3225 3224 3224 3218 3218 3224 3224 3225 3225 3223 3223 3221 3221 3223 3223 3226 3226 3227 3227 3226 3226 3223 3223 3226 3226 3227 3227 3228 3228 3229 3229 3228 3228 3227 3227 3228 3228 3229 3229 3230 3230 1625 1625 3231 3231 1626 1626 3232 3232 1626 1626 3231 3231 1626 1626 3232 3232 3233 3233 3230 3230 3229 3229 3233 3233 3234 3234 3233 3233 3229 3229 3233 3233 3234 3234 1626 1626 3197 3197 2587 2587 3235 3235 3236 3236 3237 3237 2587 2587 3238 3238 3239 3239 3240 3240 3241 3241 3242 3242 3243 3243 3244 3244 3245 3245 3246 3246 3247 3247 3248 3248 3249 3249 3250 3250 3251 3251 3252 3252 2999 2999 2998 2998 3253 3253 2997 2997 2995 2995 3254 3254 1626 1626 3254 3254 2995 2995 3255 3255 3002 3002 3001 3001 3252 3252 3004 3004 3003 3003 3004 3004 3252 3252 3005 3005 3251 3251 3005 3005 3252 3252 3005 3005 3251 3251 3006 3006 2217 2217 3006 3006 3256 3256 3251 3251 3256 3256 3006 3006 3256 3256 3251 3251 3257 3257 3250 3250 3257 3257 3251 3251 3257 3257 3250 3250 3258 3258 3259 3259 3258 3258 3250 3250 1626 1626 3234 3234 3254 3254 3229 3229 3254 3254 3234 3234 3254 3254 3229 3229 3260 3260 3248 3248 3259 3259 3249 3249 3250 3250 3249 3249 3259 3259 3249 3249 3250 3250 3261 3261 3252 3252 3261 3261 3250 3250 3261 3261 3252 3252 3255 3255 3003 3003 3255 3255 3252 3252 3255 3255 3003 3003 3002 3002 3229 3229 3227 3227 3260 3260 3223 3223 3260 3260 3227 3227 3260 3260 3223 3223 3262 3262 3245 3245 3247 3247 3246 3246 3249 3249 3246 3246 3247 3247 3246 3246 3249 3249 3263 3263 3261 3261 3263 3263 3249 3249 3263 3263 3261 3261 3264 3264 3255 3255 3264 3264 3261 3261 3264 3264 3255 3255 3265 3265 3001 3001 3265 3265 3255 3255 3265 3265 3001 3001 3000 3000 3223 3223 3225 3225 3262 3262 3218 3218 3262 3262 3225 3225 3262 3262 3218 3218 3266 3266 3242 3242 3244 3244 3243 3243 3246 3246 3243 3243 3244 3244 3243 3243 3246 3246 3267 3267 3263 3263 3267 3267 3246 3246 3267 3267 3263 3263 3268 3268 3264 3264 3268 3268 3263 3263 3268 3268 3264 3264 3269 3269 3265 3265 3269 3269 3264 3264 3218 3218 3220 3220 3266 3266 3211 3211 3266 3266 3220 3220 3266 3266 3211 3211 3270 3270 3239 3239 3241 3241 3240 3240 3243 3243 3240 3240 3241 3241 3240 3240 3243 3243 3271 3271 3267 3267 3271 3271 3243 3243 3271 3271 3267 3267 3272 3272 3268 3268 3272 3272 3267 3267 3272 3272 3268 3268 3273 3273 3269 3269 3273 3273 3268 3268 3211 3211 3213 3213 3270 3270 3203 3203 3270 3270 3213 3213 3270 3270 3203 3203 3274 3274 3273 3273 3275 3275 3272 3272 3276 3276 3272 3272 3275 3275 3272 3272 3276 3276 3271 3271 3277 3277 3271 3271 3276 3276 3271 3271 3277 3277 3240 3240 3278 3278 3240 3240 3277 3277 3240 3240 3278 3278 3238 3238 3237 3237 3236 3236 3279 3279 2998 2998 2997 2997 3253 3253 3254 3254 3253 3253 2997 2997 3253 3253 3254 3254 3280 3280 3260 3260 3280 3280 3254 3254 3280 3280 3260 3260 3281 3281 3262 3262 3281 3281 3260 3260 3281 3281 3262 3262 3282 3282 3266 3266 3282 3282 3262 3262 3282 3282 3266 3266 3283 3283 3270 3270 3283 3283 3266 3266 3283 3283 3270 3270 3284 3284 3274 3274 3284 3284 3270 3270 3284 3284 3274 3274 3285 3285 3235 3235 3285 3285 3274 3274 3285 3285 3235 3235 2587 2587 2587 2587 3286 3286 3278 3278 3287 3287 3278 3278 3286 3286 3278 3278 3287 3287 3238 3238 3275 3275 3288 3288 3276 3276 3289 3289 3276 3276 3288 3288 3276 3276 3289 3289 3277 3277 3290 3290 3277 3277 3289 3289 3277 3277 3290 3290 3278 3278 2587 2587 3278 3278 3290 3290 3288 3288 3279 3279 3289 3289 3236 3236 3289 3289 3279 3279 3289 3289 3236 3236 3290 3290 2587 2587 3290 3290 3236 3236 3203 3203 3206 3206 3274 3274 3198 3198 3274 3274 3206 3206 3274 3274 3198 3198 3235 3235 3200 3200 3235 3235 3198 3198 3235 3235 3200 3200 3197 3197 3000 3000 2999 2999 3265 3265 3253 3253 3265 3265 2999 2999 3265 3265 3253 3253 3269 3269 3280 3280 3269 3269 3253 3253 3269 3269 3280 3280 3273 3273 3281 3281 3273 3273 3280 3280 3273 3273 3281 3281 3275 3275 3282 3282 3275 3275 3281 3281 3275 3275 3282 3282 3288 3288 3283 3283 3288 3288 3282 3282 3288 3288 3283 3283 3279 3279 3284 3284 3279 3279 3283 3283 3279 3279 3284 3284 3237 3237 3285 3285 3237 3237 3284 3284 3237 3237 3285 3285 2587 2587 2578 2578 3291 3291 2579 2579 3292 3292 2579 2579 3291 3291 3293 3293 3294 3294 3295 3295 3292 3292 3295 3295 3294 3294 3295 3295 3292 3292 3296 3296 3291 3291 3296 3296 3292 3292 3293 3293 3297 3297 3294 3294 3298 3298 3294 3294 3297 3297 3294 3294 3298 3298 3299 3299 3300 3300 3299 3299 3298 3298 3299 3299 3300 3300 3301 3301 3301 3301 3300 3300 3302 3302 3303 3303 3302 3302 3300 3300 3302 3302 3303 3303 3304 3304 3305 3305 3304 3304 3303 3303 3304 3304 3305 3305 3306 3306 3307 3307 3306 3306 3305 3305 3306 3306 3307 3307 3308 3308 3309 3309 2217 2217 3256 3256 3309 3309 3256 3256 3310 3310 3308 3308 3307 3307 3309 3309 2218 2218 3309 3309 3307 3307 3309 3309 2218 2218 2217 2217 3256 3256 3257 3257 3310 3310 3258 3258 3310 3310 3257 3257 3310 3310 3258 3258 3311 3311 3258 3258 3259 3259 3311 3311 3248 3248 3311 3311 3259 3259 3311 3311 3248 3248 3312 3312 3248 3248 3247 3247 3312 3312 3245 3245 3312 3312 3247 3247 3312 3312 3245 3245 3313 3313 3245 3245 3244 3244 3313 3313 3242 3242 3313 3313 3244 3244 3313 3313 3242 3242 3314 3314 3242 3242 3241 3241 3314 3314 3239 3239 3314 3314 3241 3241 3314 3314 3239 3239 3315 3315 3239 3239 3238 3238 3315 3315 3287 3287 3315 3315 3238 3238 3315 3315 3287 3287 3316 3316 3287 3287 3286 3286 3316 3316 2587 2587 3316 3316 3286 3286 3316 3316 2587 2587 2588 2588 3317 3317 3318 3318 3319 3319 3320 3320 1629 1629 1628 1628 3321 3321 3322 3322 3323 3323 3324 3324 3323 3323 3322 3322 3323 3323 3324 3324 1628 1628 3325 3325 1628 1628 3324 3324 1628 1628 3325 3325 3320 3320 3326 3326 3327 3327 3328 3328 3329 3329 3328 3328 3327 3327 3328 3328 3329 3329 3321 3321 3330 3330 3321 3321 3329 3329 3321 3321 3330 3330 3322 3322 3331 3331 3332 3332 3333 3333 3331 3331 3333 3333 3334 3334 3335 3335 3334 3334 3333 3333 3334 3334 3335 3335 3336 3336 3331 3331 3337 3337 3332 3332 3338 3338 3332 3332 3337 3337 3332 3332 3338 3338 3339 3339 3340 3340 3339 3339 3338 3338 3339 3339 3340 3340 3326 3326 3341 3341 3326 3326 3340 3340 3326 3326 3341 3341 3327 3327 3319 3319 3318 3318 3342 3342 3343 3343 3342 3342 3318 3318 3342 3342 3343 3343 3335 3335 3344 3344 3335 3335 3343 3343 3335 3335 3344 3344 3336 3336 3317 3317 3319 3319 3345 3345 3346 3346 3345 3345 3319 3319 3345 3345 3346 3346 3347 3347 3347 3347 3346 3346 3348 3348 3349 3349 3348 3348 3346 3346 3348 3348 3349 3349 3350 3350 3351 3351 3350 3350 3349 3349 3350 3350 3351 3351 3352 3352 3351 3351 3353 3353 3352 3352 2367 2367 3352 3352 3353 3353 3352 3352 2367 2367 2369 2369 3354 3354 2367 2367 3355 3355 3356 3356 3357 3357 2367 2367 3349 3349 3346 3346 3358 3358 3319 3319 3342 3342 3359 3359 3335 3335 3333 3333 3360 3360 3332 3332 3339 3339 3361 3361 3362 3362 3363 3363 3364 3364 3037 3037 3038 3038 3365 3365 3040 3040 3041 3041 3366 3366 2259 2259 3366 3366 3041 3041 3367 3367 3032 3032 3034 3034 3364 3364 3029 3029 3031 3031 3029 3029 3364 3364 3026 3026 3363 3363 3026 3026 3364 3364 3026 3026 3363 3363 3027 3027 1628 1628 3027 3027 3323 3323 3363 3363 3323 3323 3027 3027 3323 3323 3363 3363 3321 3321 3362 3362 3321 3321 3363 3363 3321 3321 3362 3362 3328 3328 3326 3326 3328 3328 3362 3362 2259 2259 3368 3368 3366 3366 3369 3369 3366 3366 3368 3368 3366 3366 3369 3369 3370 3370 3339 3339 3326 3326 3361 3361 3362 3362 3361 3361 3326 3326 3361 3361 3362 3362 3371 3371 3364 3364 3371 3371 3362 3362 3371 3371 3364 3364 3367 3367 3031 3031 3367 3367 3364 3364 3367 3367 3031 3031 3032 3032 3369 3369 3372 3372 3370 3370 3373 3373 3370 3370 3372 3372 3370 3370 3373 3373 3374 3374 3333 3333 3332 3332 3360 3360 3361 3361 3360 3360 3332 3332 3360 3360 3361 3361 3375 3375 3371 3371 3375 3375 3361 3361 3375 3375 3371 3371 3376 3376 3367 3367 3376 3376 3371 3371 3376 3376 3367 3367 3377 3377 3034 3034 3377 3377 3367 3367 3377 3377 3034 3034 3035 3035 3373 3373 3378 3378 3374 3374 3379 3379 3374 3374 3378 3378 3374 3374 3379 3379 3380 3380 3342 3342 3335 3335 3359 3359 3360 3360 3359 3359 3335 3335 3359 3359 3360 3360 3381 3381 3375 3375 3381 3381 3360 3360 3381 3381 3375 3375 3382 3382 3376 3376 3382 3382 3375 3375 3382 3382 3376 3376 3383 3383 3377 3377 3383 3383 3376 3376 3379 3379 3384 3384 3380 3380 3385 3385 3380 3380 3384 3384 3380 3380 3385 3385 3386 3386 3346 3346 3319 3319 3358 3358 3359 3359 3358 3358 3319 3319 3358 3358 3359 3359 3387 3387 3381 3381 3387 3387 3359 3359 3387 3387 3381 3381 3388 3388 3382 3382 3388 3388 3381 3381 3388 3388 3382 3382 3389 3389 3383 3383 3389 3389 3382 3382 3385 3385 3390 3390 3386 3386 3391 3391 3386 3386 3390 3390 3386 3386 3391 3391 3392 3392 3389 3389 3393 3393 3388 3388 3394 3394 3388 3388 3393 3393 3388 3388 3394 3394 3387 3387 3395 3395 3387 3387 3394 3394 3387 3387 3395 3395 3358 3358 3396 3396 3358 3358 3395 3395 3358 3358 3396 3396 3349 3349 3357 3357 3356 3356 3397 3397 3038 3038 3040 3040 3365 3365 3366 3366 3365 3365 3040 3040 3365 3365 3366 3366 3398 3398 3370 3370 3398 3398 3366 3366 3398 3398 3370 3370 3399 3399 3374 3374 3399 3399 3370 3370 3399 3399 3374 3374 3400 3400 3380 3380 3400 3400 3374 3374 3400 3400 3380 3380 3401 3401 3386 3386 3401 3401 3380 3380 3401 3401 3386 3386 3402 3402 3392 3392 3402 3402 3386 3386 3402 3402 3392 3392 3403 3403 3355 3355 3403 3403 3392 3392 3403 3403 3355 3355 2367 2367 2367 2367 3353 3353 3396 3396 3351 3351 3396 3396 3353 3353 3396 3396 3351 3351 3349 3349 3393 3393 3404 3404 3394 3394 3405 3405 3394 3394 3404 3404 3394 3394 3405 3405 3395 3395 3406 3406 3395 3395 3405 3405 3395 3395 3406 3406 3396 3396 2367 2367 3396 3396 3406 3406 3404 3404 3397 3397 3405 3405 3356 3356 3405 3405 3397 3397 3405 3405 3356 3356 3406 3406 2367 2367 3406 3406 3356 3356 3391 3391 3407 3407 3392 3392 3408 3408 3392 3392 3407 3407 3392 3392 3408 3408 3355 3355 3409 3409 3355 3355 3408 3408 3355 3355 3409 3409 3354 3354 3035 3035 3037 3037 3377 3377 3365 3365 3377 3377 3037 3037 3377 3377 3365 3365 3383 3383 3398 3398 3383 3383 3365 3365 3383 3383 3398 3398 3389 3389 3399 3399 3389 3389 3398 3398 3389 3389 3399 3399 3393 3393 3400 3400 3393 3393 3399 3399 3393 3393 3400 3400 3404 3404 3401 3401 3404 3404 3400 3400 3404 3404 3401 3401 3397 3397 3402 3402 3397 3397 3401 3401 3397 3397 3402 3402 3357 3357 3403 3403 3357 3357 3402 3402 3357 3357 3403 3403 2367 2367 2368 2368 2367 2367 3354 3354 2368 2368 3354 3354 3410 3410 3409 3409 3410 3410 3354 3354 3410 3410 3409 3409 3411 3411 3409 3409 3408 3408 3411 3411 3407 3407 3411 3411 3408 3408 3411 3411 3407 3407 3412 3412 3407 3407 3391 3391 3412 3412 3390 3390 3412 3412 3391 3391 3412 3412 3390 3390 3413 3413 3390 3390 3385 3385 3413 3413 3384 3384 3413 3413 3385 3385 3413 3413 3384 3384 3414 3414 3384 3384 3379 3379 3414 3414 3378 3378 3414 3414 3379 3379 3414 3414 3378 3378 3415 3415 3378 3378 3373 3373 3415 3415 3372 3372 3415 3415 3373 3373 3415 3415 3372 3372 3416 3416 3417 3417 3418 3418 2283 2283 3372 3372 3369 3369 3416 3416 3368 3368 3416 3416 3369 3369 3416 3416 3368 3368 3418 3418 2259 2259 3418 3418 3368 3368 3418 3418 2259 2259 2283 2283 3419 3419 3420 3420 3421 3421 3417 3417 3421 3421 3420 3420 3421 3421 3417 3417 3422 3422 2283 2283 3422 3422 3417 3417 3423 3423 3424 3424 3419 3419 3425 3425 3419 3419 3424 3424 3419 3419 3425 3425 3420 3420 3419 3419 3426 3426 3423 3423 3427 3427 3423 3423 3426 3426 3423 3423 3427 3427 3428 3428 3429 3429 3428 3428 3427 3427 3428 3428 3429 3429 3430 3430 3429 3429 3431 3431 3430 3430 3432 3432 3430 3430 3431 3431 3430 3430 3432 3432 3433 3433 2359 2359 2361 2361 3434 3434 3433 3433 3434 3434 2361 2361 3434 3434 3433 3433 3435 3435 3432 3432 3435 3435 3433 3433 3436 3436 3437 3437 3438 3438 3439 3439 3438 3438 3437 3437 3438 3438 3439 3439 3440 3440 3441 3441 3440 3440 3439 3439 3440 3440 3441 3441 3442 3442 1404 1404 3442 3442 3441 3441 3442 3442 1404 1404 1403 1403 3438 3438 3443 3443 3436 3436 3444 3444 3436 3436 3443 3443 3436 3436 3444 3444 3445 3445 3446 3446 3447 3447 3448 3448 3448 3448 3449 3449 3450 3450 3450 3450 3451 3451 3448 3448 3452 3452 3448 3448 3451 3451 3448 3448 3452 3452 3446 3446 3453 3453 3454 3454 3455 3455 3456 3456 3455 3455 3454 3454 3445 3445 3444 3444 3456 3456 3457 3457 3456 3456 3444 3444 3456 3456 3457 3457 3455 3455 3458 3458 3455 3455 3457 3457 3455 3455 3458 3458 3459 3459 3460 3460 3461 3461 3449 3449 3462 3462 3449 3449 3461 3461 3449 3449 3462 3462 3450 3450 3463 3463 3450 3450 3462 3462 3450 3450 3463 3463 3464 3464 3464 3464 3463 3463 3465 3465 3466 3466 3465 3465 3463 3463 3465 3465 3466 3466 3467 3467 3468 3468 3467 3467 3466 3466 3467 3467 3468 3468 3469 3469 3470 3470 3469 3469 3468 3468 3469 3469 3470 3470 3471 3471 1416 1416 3471 3471 3470 3470 3471 3471 1416 1416 1414 1414 3460 3460 3472 3472 3461 3461 3473 3473 3461 3461 3472 3472 3461 3461 3473 3473 3474 3474 3475 3475 3474 3474 3473 3473 3474 3474 3475 3475 3476 3476 1418 1418 3476 3476 3475 3475 3476 3476 1418 1418 1420 1420 3477 3477 1454 1454 1442 1442 3477 3477 1442 1442 3478 3478 3479 3479 3478 3478 1442 1442 3478 3478 3479 3479 3480 3480 3481 3481 3480 3480 3479 3479 3480 3480 3481 3481 3482 3482 3483 3483 3482 3482 3481 3481 3482 3482 3483 3483 3484 3484 3485 3485 3484 3484 3483 3483 3484 3484 3485 3485 3451 3451 3486 3486 3451 3451 3485 3485 3451 3451 3486 3486 3452 3452 3464 3464 3455 3455 3450 3450 3459 3459 3450 3450 3455 3455 3450 3450 3459 3459 3487 3487 3488 3488 3487 3487 3459 3459 3487 3487 3488 3488 3489 3489 3490 3490 2576 2576 2482 2482 3490 3490 2482 2482 3489 3489 2484 2484 3489 3489 2482 2482 3489 3489 2484 2484 2563 2563 2563 2563 2503 2503 3489 3489 2502 2502 3489 3489 2503 2503 3489 3489 2502 2502 3487 3487 2517 2517 3487 3487 2502 2502 3487 3487 2517 2517 2388 2388 2388 2388 2385 2385 3487 3487 2539 2539 3487 3487 2385 2385 3487 3487 2539 2539 2382 2382 3491 3491 2726 2726 2725 2725 2725 2725 2718 2718 3491 3491 2716 2716 3491 3491 2718 2718 3491 3491 2716 2716 2701 2701 2695 2695 2697 2697 3492 3492 2682 2682 3492 3492 2697 2697 2682 2682 2680 2680 3492 3492 2791 2791 3492 3492 2680 2680 3492 3492 2791 2791 2798 2798 2695 2695 3492 3492 2701 2701 3493 3493 2701 2701 3492 3492 2701 2701 3493 3493 3491 3491 3494 3494 3491 3491 3493 3493 3491 3491 3494 3494 3495 3495 3496 3496 3497 3497 3498 3498 3495 3495 3498 3498 3497 3497 3498 3498 3495 3495 3499 3499 3494 3494 3499 3499 3495 3495 3500 3500 3501 3501 3502 3502 3502 3502 3503 3503 3496 3496 3504 3504 3505 3505 3506 3506 3505 3505 3497 3497 3506 3506 3496 3496 3506 3506 3497 3497 3506 3506 3496 3496 3507 3507 3503 3503 3507 3507 3496 3496 3507 3507 3503 3503 3508 3508 3509 3509 3510 3510 3511 3511 3512 3512 3511 3511 3510 3510 1469 1469 3513 3513 1470 1470 3514 3514 1470 1470 3513 3513 1470 1470 3514 3514 3515 3515 3516 3516 3515 3515 3514 3514 3515 3515 3516 3516 3517 3517 3518 3518 3517 3517 3516 3516 3517 3517 3518 3518 3519 3519 3520 3520 3519 3519 3518 3518 3519 3519 3520 3520 3512 3512 3497 3497 3512 3512 3520 3520 3512 3512 3497 3497 3511 3511 3505 3505 3511 3511 3497 3497 3506 3506 3521 3521 3504 3504 3522 3522 3504 3504 3521 3521 3504 3504 3522 3522 3523 3523 1481 1481 3523 3523 3522 3522 3523 3523 1481 1481 1468 1468 3503 3503 3524 3524 3508 3508 3525 3525 3508 3508 3524 3524 3508 3508 3525 3525 3526 3526 1472 1472 3526 3526 3525 3525 3526 3526 1472 1472 1474 1474 3502 3502 3496 3496 3500 3500 3527 3527 3500 3500 3496 3496 3500 3500 3527 3527 3528 3528 3529 3529 3528 3528 3527 3527 3528 3528 3529 3529 3530 3530 3531 3531 3530 3530 3529 3529 3530 3530 3531 3531 3532 3532 3533 3533 3532 3532 3531 3531 3532 3532 3533 3533 3534 3534 214 214 213 213 3534 3534 3535 3535 3534 3534 213 213 3534 3534 3535 3535 3532 3532 2553 2553 2552 2552 3536 3536 3537 3537 3538 3538 3539 3539 3540 3540 2531 2531 2533 2533 3541 3541 3542 3542 3543 3543 3544 3544 3543 3543 3542 3542 3543 3543 3544 3544 3545 3545 3546 3546 3545 3545 3544 3544 3545 3545 3546 3546 3547 3547 3541 3541 3543 3543 3548 3548 3549 3549 3548 3548 3543 3543 3548 3548 3549 3549 3550 3550 3551 3551 3552 3552 3553 3553 3554 3554 3553 3553 3552 3552 3553 3553 3554 3554 3549 3549 3555 3555 3549 3549 3554 3554 3549 3549 3555 3555 3550 3550 3538 3538 3556 3556 3539 3539 3557 3557 3539 3539 3556 3556 3539 3539 3557 3557 3553 3553 3558 3558 3553 3553 3557 3557 3553 3553 3558 3558 3551 3551 3559 3559 3560 3560 3561 3561 3562 3562 3561 3561 3560 3560 3561 3561 3562 3562 3537 3537 1653 1653 1629 1629 3563 3563 2553 2553 3536 3536 3564 3564 2533 2533 3565 3565 3566 3566 2521 2521 3566 3566 3565 3565 3566 3566 2521 2521 3564 3564 3564 3564 3536 3536 3566 3566 3567 3567 3566 3566 3536 3536 3566 3566 3567 3567 3568 3568 3567 3567 3569 3569 3568 3568 3570 3570 3568 3568 3569 3569 3568 3568 3570 3570 3571 3571 3570 3570 3572 3572 3571 3571 3573 3573 3571 3571 3572 3572 3571 3571 3573 3573 3574 3574 3575 3575 3539 3539 3574 3574 3553 3553 3574 3574 3539 3539 3574 3574 3553 3553 3571 3571 3549 3549 3571 3571 3553 3553 3571 3571 3549 3549 3568 3568 3543 3543 3568 3568 3549 3549 3568 3568 3543 3543 3566 3566 3545 3545 3566 3566 3543 3543 3566 3566 3545 3545 2533 2533 3547 3547 2533 2533 3545 3545 2533 2533 3547 3547 3540 3540 3573 3573 3576 3576 3574 3574 3577 3577 3574 3574 3576 3576 3574 3574 3577 3577 3575 3575 3578 3578 3575 3575 3577 3577 3575 3575 3578 3578 3579 3579 3537 3537 3539 3539 3561 3561 3575 3575 3561 3561 3539 3539 3561 3561 3575 3575 3580 3580 3579 3579 3580 3580 3575 3575 3580 3580 3579 3579 3581 3581 3563 3563 3559 3559 1653 1653 3561 3561 1653 1653 3559 3559 1653 1653 3561 3561 1651 1651 3580 3580 1651 1651 3561 3561 1651 1651 3580 3580 1649 1649 3581 3581 1649 1649 3580 3580 1649 1649 3581 3581 1647 1647 3582 3582 2411 2411 3583 3583 1647 1647 3581 3581 1934 1934 3584 3584 1934 1934 3581 3581 3581 3581 3579 3579 3584 3584 3578 3578 3584 3584 3579 3579 3584 3584 3578 3578 3585 3585 3578 3578 3577 3577 3585 3585 3576 3576 3585 3585 3577 3577 3585 3585 3576 3576 3586 3586 1928 1928 1930 1930 3587 3587 3588 3588 3587 3587 1930 1930 3587 3587 3588 3588 3589 3589 3590 3590 3589 3589 3588 3588 3589 3589 3590 3590 3591 3591 3592 3592 3591 3591 3590 3590 3591 3591 3592 3592 3593 3593 3594 3594 3593 3593 3592 3592 3593 3593 3594 3594 3595 3595 3576 3576 3573 3573 3586 3586 3572 3572 3586 3586 3573 3573 3586 3586 3572 3572 3596 3596 1883 1883 1928 1928 3597 3597 3587 3587 3597 3597 1928 1928 3597 3597 3587 3587 3598 3598 3589 3589 3598 3598 3587 3587 3598 3598 3589 3589 3599 3599 3591 3591 3599 3599 3589 3589 3599 3599 3591 3591 3600 3600 3593 3593 3600 3600 3591 3591 3600 3600 3593 3593 3583 3583 3595 3595 3583 3583 3593 3593 1932 1932 1934 1934 3601 3601 3584 3584 3601 3601 1934 1934 3601 3601 3584 3584 3602 3602 3585 3585 3602 3602 3584 3584 3602 3602 3585 3585 3603 3603 3586 3586 3603 3603 3585 3585 3603 3603 3586 3586 3604 3604 3596 3596 3604 3604 3586 3586 3604 3604 3596 3596 3605 3605 3606 3606 3605 3605 3596 3596 3572 3572 3570 3570 3596 3596 3569 3569 3596 3596 3570 3570 3596 3596 3569 3569 3606 3606 3594 3594 3607 3607 3595 3595 2557 2557 3595 3595 3607 3607 3595 3595 2557 2557 3583 3583 3608 3608 3583 3583 2557 2557 3583 3583 3608 3608 3582 3582 2556 2556 3609 3609 3607 3607 2371 2371 3607 3607 3609 3609 3607 3607 2371 2371 2557 2557 2551 2551 2555 2555 3606 3606 2556 2556 3606 3606 2555 2555 3606 3606 2556 2556 3605 3605 3607 3607 3605 3605 2556 2556 3605 3605 3607 3607 3604 3604 3594 3594 3604 3604 3607 3607 3604 3604 3594 3594 3603 3603 3592 3592 3603 3603 3594 3594 3603 3603 3592 3592 3602 3602 3590 3590 3602 3602 3592 3592 3602 3602 3590 3590 3601 3601 3588 3588 3601 3601 3590 3590 3601 3601 3588 3588 1932 1932 1930 1930 1932 1932 3588 3588 2552 2552 2551 2551 3536 3536 3606 3606 3536 3536 2551 2551 3536 3536 3606 3606 3567 3567 3569 3569 3567 3567 3606 3606 1883 1883 3597 3597 3610 3610 3597 3597 3598 3598 3611 3611 3598 3598 3599 3599 3612 3612 3599 3599 3600 3600 3613 3613 3600 3600 3583 3583 3614 3614 3583 3583 2411 2411 2409 2409 3583 3583 2409 2409 3614 3614 2407 2407 3614 3614 2409 2409 3614 3614 2407 2407 3615 3615 2434 2434 3615 3615 2407 2407 3615 3615 2434 2434 3616 3616 2433 2433 3616 3616 2434 2434 3616 3616 2433 2433 3617 3617 2431 2431 3617 3617 2433 2433 3617 3617 2431 2431 3618 3618 2429 2429 3618 3618 2431 2431 3618 3618 2429 2429 3619 3619 2427 2427 3619 3619 2429 2429 3619 3619 2427 2427 3620 3620 2425 2425 3620 3620 2427 2427 3620 3620 2425 2425 3621 3621 2423 2423 3621 3621 2425 2425 3621 3621 2423 2423 3622 3622 2421 2421 3622 3622 2423 2423 3622 3622 2421 2421 3623 3623 3600 3600 3614 3614 3613 3613 3615 3615 3613 3613 3614 3614 3613 3613 3615 3615 3624 3624 3616 3616 3624 3624 3615 3615 3624 3624 3616 3616 3625 3625 3617 3617 3625 3625 3616 3616 3625 3625 3617 3617 3626 3626 3618 3618 3626 3626 3617 3617 3626 3626 3618 3618 3627 3627 3619 3619 3627 3627 3618 3618 3627 3627 3619 3619 3628 3628 3620 3620 3628 3628 3619 3619 3628 3628 3620 3620 3629 3629 3621 3621 3629 3629 3620 3620 3629 3629 3621 3621 3630 3630 3622 3622 3630 3630 3621 3621 3630 3630 3622 3622 3631 3631 3623 3623 3631 3631 3622 3622 3631 3631 3623 3623 3632 3632 3599 3599 3613 3613 3612 3612 3624 3624 3612 3612 3613 3613 3612 3612 3624 3624 3633 3633 3625 3625 3633 3633 3624 3624 3633 3633 3625 3625 3634 3634 3626 3626 3634 3634 3625 3625 3634 3634 3626 3626 3635 3635 3627 3627 3635 3635 3626 3626 3635 3635 3627 3627 3636 3636 3628 3628 3636 3636 3627 3627 3636 3636 3628 3628 3637 3637 3629 3629 3637 3637 3628 3628 3637 3637 3629 3629 3638 3638 3630 3630 3638 3638 3629 3629 3638 3638 3630 3630 3639 3639 3631 3631 3639 3639 3630 3630 3639 3639 3631 3631 3640 3640 3632 3632 3640 3640 3631 3631 3640 3640 3632 3632 3641 3641 3598 3598 3612 3612 3611 3611 3633 3633 3611 3611 3612 3612 3611 3611 3633 3633 3642 3642 3634 3634 3642 3642 3633 3633 3642 3642 3634 3634 3643 3643 3635 3635 3643 3643 3634 3634 3643 3643 3635 3635 3644 3644 3636 3636 3644 3644 3635 3635 3644 3644 3636 3636 3645 3645 3637 3637 3645 3645 3636 3636 3645 3645 3637 3637 3646 3646 3638 3638 3646 3646 3637 3637 3646 3646 3638 3638 3647 3647 3639 3639 3647 3647 3638 3638 3647 3647 3639 3639 3648 3648 3640 3640 3648 3648 3639 3639 3648 3648 3640 3640 3649 3649 3641 3641 3649 3649 3640 3640 3649 3649 3641 3641 3650 3650 3597 3597 3611 3611 3610 3610 3642 3642 3610 3610 3611 3611 3610 3610 3642 3642 3651 3651 3643 3643 3651 3651 3642 3642 3651 3651 3643 3643 3652 3652 3644 3644 3652 3652 3643 3643 3652 3652 3644 3644 3653 3653 3645 3645 3653 3653 3644 3644 3653 3653 3645 3645 3654 3654 3646 3646 3654 3654 3645 3645 3654 3654 3646 3646 3655 3655 3647 3647 3655 3655 3646 3646 3655 3655 3647 3647 3656 3656 3648 3648 3656 3656 3647 3647 3656 3656 3648 3648 3657 3657 3649 3649 3657 3657 3648 3648 3657 3657 3649 3649 3658 3658 3650 3650 3658 3658 3649 3649 3658 3658 3650 3650 3659 3659 1883 1883 3610 3610 1884 1884 3651 3651 1884 1884 3610 3610 1884 1884 3651 3651 1886 1886 3652 3652 1886 1886 3651 3651 1886 1886 3652 3652 1888 1888 3653 3653 1888 1888 3652 3652 1888 1888 3653 3653 1890 1890 3654 3654 1890 1890 3653 3653 1890 1890 3654 3654 1892 1892 3655 3655 1892 1892 3654 3654 1892 1892 3655 3655 1894 1894 3656 3656 1894 1894 3655 3655 1894 1894 3656 3656 1896 1896 3657 3657 1896 1896 3656 3656 1896 1896 3657 3657 1898 1898 3658 3658 1898 1898 3657 3657 1898 1898 3658 3658 1900 1900 3659 3659 1900 1900 3658 3658 1900 1900 3659 3659 1902 1902 3660 3660 2377 2377 3661 3661 1938 1938 1940 1940 3662 3662 3663 3663 3662 3662 1940 1940 3662 3662 3663 3663 3664 3664 3665 3665 3664 3664 3663 3663 3664 3664 3665 3665 3666 3666 3667 3667 3666 3666 3665 3665 3666 3666 3667 3667 3668 3668 3669 3669 3668 3668 3667 3667 3668 3668 3669 3669 3670 3670 3671 3671 3670 3670 3669 3669 3670 3670 3671 3671 2402 2402 1942 1942 1902 1902 3672 3672 3659 3659 3672 3672 1902 1902 3672 3672 3659 3659 3673 3673 3650 3650 3673 3673 3659 3659 3673 3673 3650 3650 3674 3674 3641 3641 3674 3674 3650 3650 3674 3674 3641 3641 3675 3675 3632 3632 3675 3675 3641 3641 3675 3675 3632 3632 3676 3676 3623 3623 3676 3676 3632 3632 1915 1915 1936 1936 3677 3677 3678 3678 3677 3677 1936 1936 3677 3677 3678 3678 3679 3679 3680 3680 3679 3679 3678 3678 3679 3679 3680 3680 3681 3681 3682 3682 3681 3681 3680 3680 3681 3681 3682 3682 3683 3683 3684 3684 3683 3683 3682 3682 3683 3683 3684 3684 3685 3685 3661 3661 3685 3685 3684 3684 3685 3685 3661 3661 2542 2542 2377 2377 2542 2542 3661 3661 2402 2402 3660 3660 3670 3670 3661 3661 3670 3670 3660 3660 3670 3670 3661 3661 3668 3668 3684 3684 3668 3668 3661 3661 3668 3668 3684 3684 3666 3666 3682 3682 3666 3666 3684 3684 3666 3666 3682 3682 3664 3664 3680 3680 3664 3664 3682 3682 3664 3664 3680 3680 3662 3662 3678 3678 3662 3662 3680 3680 3662 3662 3678 3678 1938 1938 1936 1936 1938 1938 3678 3678 2419 2419 3686 3686 3671 3671 2401 2401 3671 3671 3686 3686 3671 3671 2401 2401 2402 2402 1940 1940 1942 1942 3663 3663 3672 3672 3663 3663 1942 1942 3663 3663 3672 3672 3665 3665 3673 3673 3665 3665 3672 3672 3665 3665 3673 3673 3667 3667 3674 3674 3667 3667 3673 3673 3667 3667 3674 3674 3669 3669 3675 3675 3669 3669 3674 3674 3669 3669 3675 3675 3671 3671 3676 3676 3671 3671 3675 3675 3671 3671 3676 3676 2419 2419 3623 3623 2419 2419 3676 3676 2419 2419 3623 3623 2421 2421 1923 1923 1921 1921 3687 3687 1919 1919 1917 1917 3688 3688 3689 3689 2462 2462 3690 3690 3691 3691 2550 2550 3692 3692 3693 3693 2548 2548 3694 3694 3695 3695 3696 3696 3697 3697 2376 2376 3697 3697 3696 3696 3697 3697 2376 2376 2545 2545 2542 2542 3695 3695 3685 3685 3697 3697 3685 3685 3695 3695 3685 3685 3697 3697 3683 3683 3698 3698 3683 3683 3697 3697 3683 3683 3698 3698 3681 3681 3699 3699 3681 3681 3698 3698 3681 3681 3699 3699 3679 3679 3700 3700 3679 3679 3699 3699 3679 3679 3700 3700 3677 3677 3688 3688 3677 3677 3700 3700 3677 3677 3688 3688 1915 1915 1917 1917 1915 1915 3688 3688 2545 2545 3693 3693 3697 3697 3694 3694 3697 3697 3693 3693 3697 3697 3694 3694 3698 3698 3701 3701 3698 3698 3694 3694 3698 3698 3701 3701 3699 3699 3702 3702 3699 3699 3701 3701 3699 3699 3702 3702 3700 3700 3703 3703 3700 3700 3702 3702 3700 3700 3703 3703 3688 3688 3687 3687 3688 3688 3703 3703 3688 3688 3687 3687 1919 1919 1921 1921 1919 1919 3687 3687 1925 1925 1923 1923 3704 3704 3687 3687 3704 3704 1923 1923 3704 3704 3687 3687 3705 3705 3703 3703 3705 3705 3687 3687 3705 3705 3703 3703 3706 3706 3702 3702 3706 3706 3703 3703 3706 3706 3702 3702 3707 3707 3701 3701 3707 3707 3702 3702 3707 3707 3701 3701 3692 3692 3694 3694 3692 3692 3701 3701 3692 3692 3694 3694 3691 3691 2548 2548 3691 3691 3694 3694 2550 2550 3689 3689 3692 3692 3690 3690 3692 3692 3689 3689 3692 3692 3690 3690 3707 3707 3708 3708 3707 3707 3690 3690 3707 3707 3708 3708 3706 3706 3709 3709 3706 3706 3708 3708 3706 3706 3709 3709 3705 3705 3710 3710 3705 3705 3709 3709 3705 3705 3710 3710 3704 3704 3711 3711 3704 3704 3710 3710 3704 3704 3711 3711 1925 1925 1927 1927 1925 1925 3711 3711 1927 1927 3711 3711 3712 3712 3711 3711 3710 3710 3713 3713 3710 3710 3709 3709 3714 3714 3709 3709 3708 3708 3715 3715 3708 3708 3690 3690 3716 3716 3690 3690 2462 2462 2465 2465 3690 3690 2465 2465 3716 3716 2467 2467 3716 3716 2465 2465 3716 3716 2467 2467 3717 3717 2473 2473 3717 3717 2467 2467 3717 3717 2473 2473 3718 3718 2472 2472 3718 3718 2473 2473 3718 3718 2472 2472 3719 3719 2471 2471 3719 3719 2472 2472 3719 3719 2471 2471 3720 3720 2470 2470 3720 3720 2471 2471 3720 3720 2470 2470 3721 3721 2469 2469 3721 3721 2470 2470 3721 3721 2469 2469 3722 3722 3708 3708 3716 3716 3715 3715 3717 3717 3715 3715 3716 3716 3715 3715 3717 3717 3723 3723 3718 3718 3723 3723 3717 3717 3723 3723 3718 3718 3724 3724 3719 3719 3724 3724 3718 3718 3724 3724 3719 3719 3725 3725 3720 3720 3725 3725 3719 3719 3725 3725 3720 3720 3726 3726 3721 3721 3726 3726 3720 3720 3726 3726 3721 3721 3727 3727 3722 3722 3727 3727 3721 3721 3727 3727 3722 3722 3728 3728 3709 3709 3715 3715 3714 3714 3723 3723 3714 3714 3715 3715 3714 3714 3723 3723 3729 3729 3724 3724 3729 3729 3723 3723 3729 3729 3724 3724 3730 3730 3725 3725 3730 3730 3724 3724 3730 3730 3725 3725 3731 3731 3726 3726 3731 3731 3725 3725 3731 3731 3726 3726 3732 3732 3727 3727 3732 3732 3726 3726 3732 3732 3727 3727 3733 3733 3728 3728 3733 3733 3727 3727 3733 3733 3728 3728 3734 3734 3710 3710 3714 3714 3713 3713 3729 3729 3713 3713 3714 3714 3713 3713 3729 3729 3735 3735 3730 3730 3735 3735 3729 3729 3735 3735 3730 3730 3736 3736 3731 3731 3736 3736 3730 3730 3736 3736 3731 3731 3737 3737 3732 3732 3737 3737 3731 3731 3737 3737 3732 3732 3738 3738 3733 3733 3738 3738 3732 3732 3738 3738 3733 3733 3739 3739 3734 3734 3739 3739 3733 3733 3739 3739 3734 3734 3740 3740 3711 3711 3713 3713 3712 3712 3735 3735 3712 3712 3713 3713 3712 3712 3735 3735 3741 3741 3736 3736 3741 3741 3735 3735 3741 3741 3736 3736 3742 3742 3737 3737 3742 3742 3736 3736 3742 3742 3737 3737 3743 3743 3738 3738 3743 3743 3737 3737 3743 3743 3738 3738 3744 3744 3739 3739 3744 3744 3738 3738 3744 3744 3739 3739 3745 3745 3740 3740 3745 3745 3739 3739 3745 3745 3740 3740 3746 3746 1927 1927 3712 3712 1944 1944 3741 3741 1944 1944 3712 3712 1944 1944 3741 3741 1946 1946 3742 3742 1946 1946 3741 3741 1946 1946 3742 3742 1948 1948 3743 3743 1948 1948 3742 3742 1948 1948 3743 3743 1950 1950 3744 3744 1950 1950 3743 3743 1950 1950 3744 3744 1952 1952 3745 3745 1952 1952 3744 3744 1952 1952 3745 3745 1954 1954 3746 3746 1954 1954 3745 3745 1954 1954 3746 3746 1705 1705 2575 2575 2576 2576 3747 3747 3722 3722 2469 2469 2437 2437 2437 2437 2439 2439 3722 3722 2574 2574 3722 3722 2439 2439 3722 3722 2574 2574 2575 2575 2575 2575 3747 3747 3722 3722 3748 3748 3722 3722 3747 3747 3722 3722 3748 3748 3728 3728 3749 3749 3728 3728 3748 3748 3728 3728 3749 3749 3734 3734 3750 3750 3734 3734 3749 3749 3734 3734 3750 3750 3740 3740 3751 3751 3740 3740 3750 3750 3740 3740 3751 3751 3746 3746 1707 1707 3746 3746 3751 3751 3746 3746 1707 1707 1705 1705 1707 1707 3751 3751 3752 3752 3751 3751 3750 3750 3753 3753 3750 3750 3749 3749 3754 3754 3749 3749 3748 3748 3755 3755 3748 3748 3747 3747 3756 3756 3747 3747 2576 2576 3490 3490 3747 3747 3490 3490 3756 3756 3489 3489 3756 3756 3490 3490 3756 3756 3489 3489 3757 3757 3489 3489 3488 3488 3757 3757 3459 3459 3757 3757 3488 3488 3757 3757 3459 3459 3758 3758 3459 3459 3458 3458 3758 3758 3457 3457 3758 3758 3458 3458 3758 3758 3457 3457 3759 3759 3457 3457 3444 3444 3759 3759 3443 3443 3759 3759 3444 3444 3759 3759 3443 3443 3760 3760 3443 3443 3438 3438 3760 3760 3440 3440 3760 3760 3438 3438 3760 3760 3440 3440 3761 3761 3440 3440 3442 3442 3761 3761 1403 1403 3761 3761 3442 3442 3761 3761 1403 1403 3762 3762 3748 3748 3756 3756 3755 3755 3757 3757 3755 3755 3756 3756 3755 3755 3757 3757 3763 3763 3758 3758 3763 3763 3757 3757 3763 3763 3758 3758 3764 3764 3759 3759 3764 3764 3758 3758 3764 3764 3759 3759 3765 3765 3760 3760 3765 3765 3759 3759 3765 3765 3760 3760 3766 3766 3761 3761 3766 3766 3760 3760 3766 3766 3761 3761 3767 3767 3762 3762 3767 3767 3761 3761 3767 3767 3762 3762 3768 3768 3749 3749 3755 3755 3754 3754 3763 3763 3754 3754 3755 3755 3754 3754 3763 3763 3769 3769 3764 3764 3769 3769 3763 3763 3769 3769 3764 3764 3770 3770 3765 3765 3770 3770 3764 3764 3770 3770 3765 3765 3771 3771 3766 3766 3771 3771 3765 3765 3771 3771 3766 3766 3772 3772 3767 3767 3772 3772 3766 3766 3772 3772 3767 3767 3773 3773 3768 3768 3773 3773 3767 3767 3773 3773 3768 3768 3774 3774 3750 3750 3754 3754 3753 3753 3769 3769 3753 3753 3754 3754 3753 3753 3769 3769 3775 3775 3770 3770 3775 3775 3769 3769 3775 3775 3770 3770 3776 3776 3771 3771 3776 3776 3770 3770 3776 3776 3771 3771 3777 3777 3772 3772 3777 3777 3771 3771 3777 3777 3772 3772 3778 3778 3773 3773 3778 3778 3772 3772 3778 3778 3773 3773 3779 3779 3774 3774 3779 3779 3773 3773 3779 3779 3774 3774 3780 3780 3751 3751 3753 3753 3752 3752 3775 3775 3752 3752 3753 3753 3752 3752 3775 3775 3781 3781 3776 3776 3781 3781 3775 3775 3781 3781 3776 3776 3782 3782 3777 3777 3782 3782 3776 3776 3782 3782 3777 3777 3783 3783 3778 3778 3783 3783 3777 3777 3783 3783 3778 3778 3784 3784 3779 3779 3784 3784 3778 3778 3784 3784 3779 3779 3785 3785 3780 3780 3785 3785 3779 3779 3785 3785 3780 3780 3786 3786 1707 1707 3752 3752 1701 1701 3781 3781 1701 1701 3752 3752 1701 1701 3781 3781 1702 1702 3782 3782 1702 1702 3781 3781 1702 1702 3782 3782 1685 1685 3783 3783 1685 1685 3782 3782 1685 1685 3783 3783 1686 1686 3784 3784 1686 1686 3783 3783 1686 1686 3784 3784 1688 1688 3785 3785 1688 1688 3784 3784 1688 1688 3785 3785 1698 1698 3786 3786 1698 1698 3785 3785 1698 1698 3786 3786 1699 1699 3787 3787 3788 3788 3789 3789 3790 3790 3768 3768 3791 3791 3762 3762 3791 3791 3768 3768 1403 1403 1402 1402 3762 3762 3792 3792 3762 3762 1402 1402 3762 3762 3792 3792 3791 3791 3789 3789 3788 3788 3790 3790 3793 3793 3790 3790 3788 3788 3790 3790 3793 3793 3768 3768 3794 3794 3768 3768 3793 3793 3768 3768 3794 3794 3774 3774 3795 3795 3774 3774 3794 3794 3774 3774 3795 3795 3780 3780 3796 3796 3780 3780 3795 3795 3780 3780 3796 3796 3786 3786 286 286 3786 3786 3796 3796 3786 3786 286 286 1699 1699 3797 3797 302 302 304 304 3788 3788 3787 3787 3798 3798 1406 1406 3798 3798 3787 3787 3799 3799 3800 3800 3801 3801 3797 3797 3801 3801 3800 3800 3797 3797 304 304 3801 3801 305 305 3801 3801 304 304 3801 3801 305 305 3802 3802 305 305 300 300 3802 3802 299 299 3802 3802 300 300 3802 3802 299 299 3803 3803 299 299 297 297 3803 3803 296 296 3803 3803 297 297 3803 3803 296 296 3804 3804 296 296 294 294 3804 3804 293 293 3804 3804 294 294 3804 3804 293 293 3805 3805 293 293 291 291 3805 3805 290 290 3805 3805 291 291 3805 3805 290 290 3806 3806 290 290 287 287 3806 3806 286 286 3806 3806 287 287 3806 3806 286 286 3796 3796 3807 3807 3808 3808 3809 3809 3799 3799 3809 3809 3808 3808 3799 3799 3801 3801 3809 3809 3802 3802 3809 3809 3801 3801 3809 3809 3802 3802 3810 3810 3803 3803 3810 3810 3802 3802 3810 3810 3803 3803 3811 3811 3804 3804 3811 3811 3803 3803 3811 3811 3804 3804 3812 3812 3805 3805 3812 3812 3804 3804 3812 3812 3805 3805 3813 3813 3806 3806 3813 3813 3805 3805 3813 3813 3806 3806 3814 3814 3796 3796 3814 3814 3806 3806 3814 3814 3796 3796 3795 3795 3815 3815 3816 3816 3817 3817 3807 3807 3817 3817 3816 3816 3807 3807 3809 3809 3817 3817 3810 3810 3817 3817 3809 3809 3817 3817 3810 3810 3818 3818 3811 3811 3818 3818 3810 3810 3818 3818 3811 3811 3819 3819 3812 3812 3819 3819 3811 3811 3819 3819 3812 3812 3820 3820 3813 3813 3820 3820 3812 3812 3820 3820 3813 3813 3821 3821 3814 3814 3821 3821 3813 3813 3821 3821 3814 3814 3822 3822 3795 3795 3822 3822 3814 3814 3822 3822 3795 3795 3794 3794 3823 3823 3824 3824 3825 3825 3815 3815 3825 3825 3824 3824 3815 3815 3817 3817 3825 3825 3818 3818 3825 3825 3817 3817 3825 3825 3818 3818 3826 3826 3819 3819 3826 3826 3818 3818 3826 3826 3819 3819 3827 3827 3820 3820 3827 3827 3819 3819 3827 3827 3820 3820 3828 3828 3821 3821 3828 3828 3820 3820 3828 3828 3821 3821 3829 3829 3822 3822 3829 3829 3821 3821 3829 3829 3822 3822 3830 3830 3794 3794 3830 3830 3822 3822 3830 3830 3794 3794 3793 3793 3831 3831 3832 3832 3833 3833 3823 3823 3833 3833 3832 3832 3823 3823 3825 3825 3833 3833 3826 3826 3833 3833 3825 3825 3833 3833 3826 3826 3834 3834 3827 3827 3834 3834 3826 3826 3834 3834 3827 3827 3835 3835 3828 3828 3835 3835 3827 3827 3835 3835 3828 3828 3836 3836 3829 3829 3836 3836 3828 3828 3836 3836 3829 3829 3837 3837 3830 3830 3837 3837 3829 3829 3837 3837 3830 3830 3798 3798 3793 3793 3798 3798 3830 3830 3798 3798 3793 3793 3788 3788 1406 1406 1405 1405 3798 3798 1412 1412 3798 3798 1405 1405 3798 3798 1412 1412 3837 3837 1411 1411 3837 3837 1412 1412 3837 3837 1411 1411 3836 3836 1410 1410 3836 3836 1411 1411 3836 3836 1410 1410 3835 3835 1409 1409 3835 3835 1410 1410 3835 3835 1409 1409 3834 3834 1407 1407 3834 3834 1409 1409 3834 3834 1407 1407 3833 3833 1408 1408 3833 3833 1407 1407 3833 3833 1408 1408 3831 3831 3838 3838 3831 3831 1408 1408 1386 1386 302 302 3797 3797 1429 1429 1428 1428 3839 3839 3840 3840 3841 3841 3839 3839 3842 3842 3839 3839 3841 3841 3839 3839 3842 3842 1429 1429 1386 1386 3797 3797 3843 3843 3800 3800 3843 3843 3797 3797 3843 3843 3800 3800 3844 3844 3800 3800 3799 3799 3844 3844 3808 3808 3844 3844 3799 3799 3844 3844 3808 3808 3845 3845 3808 3808 3807 3807 3845 3845 3816 3816 3845 3845 3807 3807 3845 3845 3816 3816 3846 3846 3816 3816 3815 3815 3846 3846 3824 3824 3846 3846 3815 3815 3846 3846 3824 3824 3840 3840 3823 3823 3840 3840 3824 3824 3840 3840 3823 3823 3841 3841 3832 3832 3841 3841 3823 3823 3841 3841 3832 3832 3847 3847 3831 3831 3847 3847 3832 3832 3847 3847 3831 3831 3838 3838 3848 3848 3849 3849 3850 3850 3851 3851 1485 1485 1487 1487 3852 3852 3853 3853 3854 3854 3851 3851 3854 3854 3853 3853 3854 3854 3851 3851 3855 3855 1487 1487 3855 3855 3851 3851 3850 3850 3849 3849 3852 3852 3856 3856 3852 3852 3849 3849 3852 3852 3856 3856 3853 3853 3857 3857 3853 3853 3856 3856 3853 3853 3857 3857 3858 3858 3859 3859 3860 3860 3857 3857 3861 3861 3857 3857 3860 3860 3857 3857 3861 3861 3858 3858 3862 3862 226 226 228 228 228 228 3863 3863 3862 3862 3864 3864 3862 3862 3863 3863 3862 3862 3864 3864 3859 3859 3865 3865 3859 3859 3864 3864 3859 3859 3865 3865 3860 3860 3866 3866 3867 3867 3868 3868 3867 3867 3869 3869 3870 3870 3869 3869 3871 3871 3872 3872 3871 3871 3873 3873 3874 3874 3873 3873 282 282 284 284 3849 3849 3848 3848 3875 3875 1459 1459 3875 3875 3848 3848 3873 3873 284 284 3874 3874 285 285 3874 3874 284 284 3874 3874 285 285 3876 3876 285 285 280 280 3876 3876 279 279 3876 3876 280 280 3876 3876 279 279 3877 3877 279 279 277 277 3877 3877 276 276 3877 3877 277 277 3877 3877 276 276 3878 3878 276 276 274 274 3878 3878 273 273 3878 3878 274 274 3878 3878 273 273 3879 3879 273 273 271 271 3879 3879 270 270 3879 3879 271 271 3879 3879 270 270 3880 3880 270 270 268 268 3880 3880 226 226 3880 3880 268 268 3880 3880 226 226 3862 3862 3871 3871 3874 3874 3872 3872 3876 3876 3872 3872 3874 3874 3872 3872 3876 3876 3881 3881 3877 3877 3881 3881 3876 3876 3881 3881 3877 3877 3882 3882 3878 3878 3882 3882 3877 3877 3882 3882 3878 3878 3883 3883 3879 3879 3883 3883 3878 3878 3883 3883 3879 3879 3884 3884 3880 3880 3884 3884 3879 3879 3884 3884 3880 3880 3885 3885 3862 3862 3885 3885 3880 3880 3885 3885 3862 3862 3859 3859 3869 3869 3872 3872 3870 3870 3881 3881 3870 3870 3872 3872 3870 3870 3881 3881 3886 3886 3882 3882 3886 3886 3881 3881 3886 3886 3882 3882 3887 3887 3883 3883 3887 3887 3882 3882 3887 3887 3883 3883 3888 3888 3884 3884 3888 3888 3883 3883 3888 3888 3884 3884 3889 3889 3885 3885 3889 3889 3884 3884 3889 3889 3885 3885 3890 3890 3859 3859 3890 3890 3885 3885 3890 3890 3859 3859 3857 3857 3867 3867 3870 3870 3868 3868 3886 3886 3868 3868 3870 3870 3868 3868 3886 3886 3891 3891 3887 3887 3891 3891 3886 3886 3891 3891 3887 3887 3892 3892 3888 3888 3892 3892 3887 3887 3892 3892 3888 3888 3893 3893 3889 3889 3893 3893 3888 3888 3893 3893 3889 3889 3894 3894 3890 3890 3894 3894 3889 3889 3894 3894 3890 3890 3895 3895 3857 3857 3895 3895 3890 3890 3895 3895 3857 3857 3856 3856 3866 3866 3868 3868 3896 3896 3891 3891 3896 3896 3868 3868 3896 3896 3891 3891 3897 3897 3892 3892 3897 3897 3891 3891 3897 3897 3892 3892 3898 3898 3893 3893 3898 3898 3892 3892 3898 3898 3893 3893 3899 3899 3894 3894 3899 3899 3893 3893 3899 3899 3894 3894 3900 3900 3895 3895 3900 3900 3894 3894 3900 3900 3895 3895 3875 3875 3856 3856 3875 3875 3895 3895 3875 3875 3856 3856 3849 3849 1459 1459 1458 1458 3875 3875 1464 1464 3875 3875 1458 1458 3875 3875 1464 1464 3900 3900 1463 1463 3900 3900 1464 1464 3900 3900 1463 1463 3899 3899 1462 1462 3899 3899 1463 1463 3899 3899 1462 1462 3898 3898 1465 1465 3898 3898 1462 1462 3898 3898 1465 1465 3897 3897 1460 1460 3897 3897 1465 1465 3897 3897 1460 1460 3896 3896 1461 1461 3896 3896 1460 1460 3896 3896 1461 1461 3866 3866 3901 3901 3866 3866 1461 1461 214 214 3902 3902 216 216 3903 3903 216 216 3902 3902 3904 3904 3867 3867 3905 3905 3866 3866 3905 3905 3867 3867 3905 3905 3866 3866 3901 3901 3903 3903 3902 3902 3906 3906 3907 3907 3906 3906 3902 3902 3906 3906 3907 3907 3904 3904 3904 3904 3907 3907 3867 3867 3908 3908 3867 3867 3907 3907 3867 3867 3908 3908 3869 3869 3909 3909 3869 3869 3908 3908 3869 3869 3909 3909 3871 3871 3910 3910 3871 3871 3909 3909 3871 3871 3910 3910 3873 3873 1691 1691 3873 3873 3910 3910 3873 3873 1691 1691 282 282 1691 1691 3910 3910 3911 3911 3910 3910 3909 3909 3912 3912 3909 3909 3908 3908 3913 3913 3908 3908 3907 3907 3914 3914 3907 3907 3902 3902 3915 3915 3902 3902 214 214 3534 3534 3902 3902 3534 3534 3915 3915 3533 3533 3915 3915 3534 3534 3915 3915 3533 3533 3916 3916 3533 3533 3531 3531 3916 3916 3529 3529 3916 3916 3531 3531 3916 3916 3529 3529 3917 3917 3529 3529 3527 3527 3917 3917 3496 3496 3917 3917 3527 3527 3917 3917 3496 3496 3918 3918 3496 3496 3498 3498 3918 3918 3499 3499 3918 3918 3498 3498 3918 3918 3499 3499 3919 3919 3499 3499 3494 3494 3919 3919 3493 3493 3919 3919 3494 3494 3919 3919 3493 3493 3920 3920 3493 3493 3492 3492 3920 3920 2798 2798 3920 3920 3492 3492 3920 3920 2798 2798 3921 3921 3907 3907 3915 3915 3914 3914 3916 3916 3914 3914 3915 3915 3914 3914 3916 3916 3922 3922 3917 3917 3922 3922 3916 3916 3922 3922 3917 3917 3923 3923 3918 3918 3923 3923 3917 3917 3923 3923 3918 3918 3924 3924 3919 3919 3924 3924 3918 3918 3924 3924 3919 3919 3925 3925 3920 3920 3925 3925 3919 3919 3925 3925 3920 3920 3926 3926 3921 3921 3926 3926 3920 3920 3926 3926 3921 3921 3927 3927 3908 3908 3914 3914 3913 3913 3922 3922 3913 3913 3914 3914 3913 3913 3922 3922 3928 3928 3923 3923 3928 3928 3922 3922 3928 3928 3923 3923 3929 3929 3924 3924 3929 3929 3923 3923 3929 3929 3924 3924 3930 3930 3925 3925 3930 3930 3924 3924 3930 3930 3925 3925 3931 3931 3926 3926 3931 3931 3925 3925 3931 3931 3926 3926 3932 3932 3927 3927 3932 3932 3926 3926 3932 3932 3927 3927 3933 3933 3909 3909 3913 3913 3912 3912 3928 3928 3912 3912 3913 3913 3912 3912 3928 3928 3934 3934 3929 3929 3934 3934 3928 3928 3934 3934 3929 3929 3935 3935 3930 3930 3935 3935 3929 3929 3935 3935 3930 3930 3936 3936 3931 3931 3936 3936 3930 3930 3936 3936 3931 3931 3937 3937 3932 3932 3937 3937 3931 3931 3937 3937 3932 3932 3938 3938 3933 3933 3938 3938 3932 3932 3938 3938 3933 3933 3939 3939 3910 3910 3912 3912 3911 3911 3934 3934 3911 3911 3912 3912 3911 3911 3934 3934 3940 3940 3935 3935 3940 3940 3934 3934 3940 3940 3935 3935 3941 3941 3936 3936 3941 3941 3935 3935 3941 3941 3936 3936 3942 3942 3937 3937 3942 3942 3936 3936 3942 3942 3937 3937 3943 3943 3938 3938 3943 3943 3937 3937 3943 3943 3938 3938 3944 3944 3939 3939 3944 3944 3938 3938 3944 3944 3939 3939 3945 3945 1691 1691 3911 3911 1693 1693 3940 3940 1693 1693 3911 3911 1693 1693 3940 3940 1694 1694 3941 3941 1694 1694 3940 3940 1694 1694 3941 3941 1695 1695 3942 3942 1695 1695 3941 3941 1695 1695 3942 3942 1696 1696 3943 3943 1696 1696 3942 3942 1696 1696 3943 3943 1697 1697 3944 3944 1697 1697 3943 3943 1697 1697 3944 3944 1706 1706 3945 3945 1706 1706 3944 3944 1706 1706 3945 3945 1703 1703 1704 1704 1703 1703 3945 3945 3921 3921 2798 2798 2797 2797 1704 1704 3945 3945 3946 3946 3939 3939 3946 3946 3945 3945 3946 3946 3939 3939 3947 3947 3933 3933 3947 3947 3939 3939 3947 3947 3933 3933 3948 3948 3927 3927 3948 3948 3933 3933 3948 3948 3927 3927 3949 3949 3921 3921 3949 3949 3927 3927 3949 3949 3921 3921 3950 3950 2797 2797 3950 3950 3921 3921 3950 3950 2797 2797 2796 2796 2796 2796 2795 2795 3950 3950 2794 2794 3950 3950 2795 2795 3950 3950 2794 2794 2793 2793 1704 1704 3946 3946 3951 3951 3946 3946 3947 3947 3952 3952 3947 3947 3948 3948 3953 3953 3948 3948 3949 3949 3954 3954 3949 3949 3950 3950 3955 3955 3950 3950 2793 2793 2792 2792 3950 3950 2792 2792 3955 3955 2774 2774 3955 3955 2792 2792 3955 3955 2774 2774 3956 3956 2773 2773 3956 3956 2774 2774 3956 3956 2773 2773 3957 3957 2775 2775 3957 3957 2773 2773 3957 3957 2775 2775 3958 3958 2653 2653 3958 3958 2775 2775 3958 3958 2653 2653 3959 3959 2653 2653 2652 2652 3959 3959 2665 2665 3959 3959 2652 2652 3959 3959 2665 2665 3960 3960 2664 2664 3960 3960 2665 2665 3960 3960 2664 2664 3961 3961 3949 3949 3955 3955 3954 3954 3956 3956 3954 3954 3955 3955 3954 3954 3956 3956 3962 3962 3957 3957 3962 3962 3956 3956 3962 3962 3957 3957 3963 3963 3958 3958 3963 3963 3957 3957 3963 3963 3958 3958 3964 3964 3959 3959 3964 3964 3958 3958 3964 3964 3959 3959 3965 3965 3960 3960 3965 3965 3959 3959 3965 3965 3960 3960 3966 3966 3961 3961 3966 3966 3960 3960 3966 3966 3961 3961 3967 3967 3948 3948 3954 3954 3953 3953 3962 3962 3953 3953 3954 3954 3953 3953 3962 3962 3968 3968 3963 3963 3968 3968 3962 3962 3968 3968 3963 3963 3969 3969 3964 3964 3969 3969 3963 3963 3969 3969 3964 3964 3970 3970 3965 3965 3970 3970 3964 3964 3970 3970 3965 3965 3971 3971 3966 3966 3971 3971 3965 3965 3971 3971 3966 3966 3972 3972 3967 3967 3972 3972 3966 3966 3972 3972 3967 3967 3973 3973 3947 3947 3953 3953 3952 3952 3968 3968 3952 3952 3953 3953 3952 3952 3968 3968 3974 3974 3969 3969 3974 3974 3968 3968 3974 3974 3969 3969 3975 3975 3970 3970 3975 3975 3969 3969 3975 3975 3970 3970 3976 3976 3971 3971 3976 3976 3970 3970 3976 3976 3971 3971 3977 3977 3972 3972 3977 3977 3971 3971 3977 3977 3972 3972 3978 3978 3973 3973 3978 3978 3972 3972 3978 3978 3973 3973 3979 3979 3946 3946 3952 3952 3951 3951 3974 3974 3951 3951 3952 3952 3951 3951 3974 3974 3980 3980 3975 3975 3980 3980 3974 3974 3980 3980 3975 3975 3981 3981 3976 3976 3981 3981 3975 3975 3981 3981 3976 3976 3982 3982 3977 3977 3982 3982 3976 3976 3982 3982 3977 3977 3983 3983 3978 3978 3983 3983 3977 3977 3983 3983 3978 3978 3984 3984 3979 3979 3984 3984 3978 3978 3984 3984 3979 3979 3985 3985 1704 1704 3951 3951 1955 1955 3980 3980 1955 1955 3951 3951 1955 1955 3980 3980 1953 1953 3981 3981 1953 1953 3980 3980 1953 1953 3981 3981 1951 1951 3982 3982 1951 1951 3981 3981 1951 1951 3982 3982 1949 1949 3983 3983 1949 1949 3982 3982 1949 1949 3983 3983 1947 1947 3984 3984 1947 1947 3983 3983 1947 1947 3984 3984 1945 1945 3985 3985 1945 1945 3984 3984 1945 1945 3985 3985 1926 1926 1918 1918 1920 1920 3986 3986 1922 1922 1924 1924 3987 3987 3988 3988 2757 2757 3989 3989 3990 3990 2748 2748 3991 3991 3992 3992 2750 2750 3993 3993 3994 3994 2753 2753 3995 3995 3996 3996 3995 3995 2753 2753 2664 2664 3992 3992 3961 3961 3993 3993 3961 3961 3992 3992 3961 3961 3993 3993 3967 3967 3997 3997 3967 3967 3993 3993 3967 3967 3997 3997 3973 3973 3998 3998 3973 3973 3997 3997 3973 3973 3998 3998 3979 3979 3999 3999 3979 3979 3998 3998 3979 3979 3999 3999 3985 3985 3987 3987 3985 3985 3999 3999 3985 3985 3987 3987 1926 1926 1924 1924 1926 1926 3987 3987 2750 2750 3990 3990 3993 3993 3991 3991 3993 3993 3990 3990 3993 3993 3991 3991 3997 3997 4000 4000 3997 3997 3991 3991 3997 3997 4000 4000 3998 3998 4001 4001 3998 3998 4000 4000 3998 3998 4001 4001 3999 3999 4002 4002 3999 3999 4001 4001 3999 3999 4002 4002 3987 3987 3986 3986 3987 3987 4002 4002 3987 3987 3986 3986 1922 1922 1920 1920 1922 1922 3986 3986 1916 1916 1918 1918 4003 4003 3986 3986 4003 4003 1918 1918 4003 4003 3986 3986 4004 4004 4002 4002 4004 4004 3986 3986 4004 4004 4002 4002 4005 4005 4001 4001 4005 4005 4002 4002 4005 4005 4001 4001 4006 4006 4000 4000 4006 4006 4001 4001 4006 4006 4000 4000 3995 3995 3991 3991 3995 3995 4000 4000 3995 3995 3991 3991 3994 3994 2748 2748 3994 3994 3991 3991 3996 3996 3988 3988 3995 3995 3989 3989 3995 3995 3988 3988 3995 3995 3989 3989 4006 4006 4007 4007 4006 4006 3989 3989 4006 4006 4007 4007 4005 4005 4008 4008 4005 4005 4007 4007 4005 4005 4008 4008 4004 4004 4009 4009 4004 4004 4008 4008 4004 4004 4009 4009 4003 4003 4010 4010 4003 4003 4009 4009 4003 4003 4010 4010 1916 1916 1914 1914 1916 1916 4010 4010 4011 4011 2759 2759 4012 4012 4013 4013 2761 2761 4014 4014 1903 1903 1943 1943 4015 4015 4016 4016 4015 4015 1943 1943 4015 4015 4016 4016 4017 4017 4018 4018 4017 4017 4016 4016 4017 4017 4018 4018 4019 4019 4020 4020 4019 4019 4018 4018 4019 4019 4020 4020 4021 4021 4022 4022 4021 4021 4020 4020 4021 4021 4022 4022 4023 4023 4014 4014 4023 4023 4022 4022 4023 4023 4014 4014 2763 2763 2761 2761 2763 2763 4014 4014 2758 2758 4013 4013 4024 4024 4014 4014 4024 4024 4013 4013 4024 4024 4014 4014 4025 4025 4022 4022 4025 4025 4014 4014 4025 4025 4022 4022 4026 4026 4020 4020 4026 4026 4022 4022 4026 4026 4020 4020 4027 4027 4018 4018 4027 4027 4020 4020 4027 4027 4018 4018 4028 4028 4016 4016 4028 4028 4018 4018 4028 4028 4016 4016 1941 1941 1943 1943 1941 1941 4016 4016 1941 1941 1939 1939 4028 4028 4029 4029 4028 4028 1939 1939 4028 4028 4029 4029 4027 4027 4030 4030 4027 4027 4029 4029 4027 4027 4030 4030 4026 4026 4031 4031 4026 4026 4030 4030 4026 4026 4031 4031 4025 4025 4032 4032 4025 4025 4031 4031 4025 4025 4032 4032 4024 4024 4012 4012 4024 4024 4032 4032 4024 4024 4012 4012 2758 2758 2759 2759 2758 2758 4012 4012 2756 2756 4011 4011 4033 4033 4012 4012 4033 4033 4011 4011 4033 4033 4012 4012 4034 4034 4032 4032 4034 4034 4012 4012 4034 4034 4032 4032 4035 4035 4031 4031 4035 4035 4032 4032 4035 4035 4031 4031 4036 4036 4030 4030 4036 4036 4031 4031 4036 4036 4030 4030 4037 4037 4029 4029 4037 4037 4030 4030 4037 4037 4029 4029 1937 1937 1939 1939 1937 1937 4029 4029 1937 1937 1914 1914 4037 4037 4010 4010 4037 4037 1914 1914 4037 4037 4010 4010 4036 4036 4009 4009 4036 4036 4010 4010 4036 4036 4009 4009 4035 4035 4008 4008 4035 4035 4009 4009 4035 4035 4008 4008 4034 4034 4007 4007 4034 4034 4008 4008 4034 4034 4007 4007 4033 4033 3989 3989 4033 4033 4007 4007 4033 4033 3989 3989 2756 2756 2757 2757 2756 2756 3989 3989 1903 1903 4015 4015 4038 4038 4015 4015 4017 4017 4039 4039 4017 4017 4019 4019 4040 4040 4019 4019 4021 4021 4041 4041 2763 2763 4042 4042 4023 4023 4043 4043 4023 4023 4042 4042 4023 4023 4043 4043 4021 4021 4042 4042 2631 2631 4043 4043 2629 2629 4043 4043 2631 2631 4043 4043 2629 2629 4044 4044 2627 2627 4044 4044 2629 2629 4044 4044 2627 2627 4045 4045 2625 2625 4045 4045 2627 2627 4045 4045 2625 2625 4046 4046 2623 2623 4046 4046 2625 2625 4046 4046 2623 2623 4047 4047 2621 2621 4047 4047 2623 2623 4047 4047 2621 2621 4048 4048 2619 2619 4048 4048 2621 2621 4048 4048 2619 2619 4049 4049 2617 2617 4049 4049 2619 2619 4049 4049 2617 2617 4050 4050 2616 2616 4050 4050 2617 2617 4050 4050 2616 2616 4051 4051 2614 2614 4051 4051 2616 2616 4051 4051 2614 2614 4052 4052 4021 4021 4043 4043 4041 4041 4044 4044 4041 4041 4043 4043 4041 4041 4044 4044 4053 4053 4045 4045 4053 4053 4044 4044 4053 4053 4045 4045 4054 4054 4046 4046 4054 4054 4045 4045 4054 4054 4046 4046 4055 4055 4047 4047 4055 4055 4046 4046 4055 4055 4047 4047 4056 4056 4048 4048 4056 4056 4047 4047 4056 4056 4048 4048 4057 4057 4049 4049 4057 4057 4048 4048 4057 4057 4049 4049 4058 4058 4050 4050 4058 4058 4049 4049 4058 4058 4050 4050 4059 4059 4051 4051 4059 4059 4050 4050 4059 4059 4051 4051 4060 4060 4052 4052 4060 4060 4051 4051 4060 4060 4052 4052 4061 4061 4019 4019 4041 4041 4040 4040 4053 4053 4040 4040 4041 4041 4040 4040 4053 4053 4062 4062 4054 4054 4062 4062 4053 4053 4062 4062 4054 4054 4063 4063 4055 4055 4063 4063 4054 4054 4063 4063 4055 4055 4064 4064 4056 4056 4064 4064 4055 4055 4064 4064 4056 4056 4065 4065 4057 4057 4065 4065 4056 4056 4065 4065 4057 4057 4066 4066 4058 4058 4066 4066 4057 4057 4066 4066 4058 4058 4067 4067 4059 4059 4067 4067 4058 4058 4067 4067 4059 4059 4068 4068 4060 4060 4068 4068 4059 4059 4068 4068 4060 4060 4069 4069 4061 4061 4069 4069 4060 4060 4069 4069 4061 4061 4070 4070 4017 4017 4040 4040 4039 4039 4062 4062 4039 4039 4040 4040 4039 4039 4062 4062 4071 4071 4063 4063 4071 4071 4062 4062 4071 4071 4063 4063 4072 4072 4064 4064 4072 4072 4063 4063 4072 4072 4064 4064 4073 4073 4065 4065 4073 4073 4064 4064 4073 4073 4065 4065 4074 4074 4066 4066 4074 4074 4065 4065 4074 4074 4066 4066 4075 4075 4067 4067 4075 4075 4066 4066 4075 4075 4067 4067 4076 4076 4068 4068 4076 4076 4067 4067 4076 4076 4068 4068 4077 4077 4069 4069 4077 4077 4068 4068 4077 4077 4069 4069 4078 4078 4070 4070 4078 4078 4069 4069 4078 4078 4070 4070 4079 4079 4015 4015 4039 4039 4038 4038 4071 4071 4038 4038 4039 4039 4038 4038 4071 4071 4080 4080 4072 4072 4080 4080 4071 4071 4080 4080 4072 4072 4081 4081 4073 4073 4081 4081 4072 4072 4081 4081 4073 4073 4082 4082 4074 4074 4082 4082 4073 4073 4082 4082 4074 4074 4083 4083 4075 4075 4083 4083 4074 4074 4083 4083 4075 4075 4084 4084 4076 4076 4084 4084 4075 4075 4084 4084 4076 4076 4085 4085 4077 4077 4085 4085 4076 4076 4085 4085 4077 4077 4086 4086 4078 4078 4086 4086 4077 4077 4086 4086 4078 4078 4087 4087 4079 4079 4087 4087 4078 4078 4087 4087 4079 4079 4088 4088 1903 1903 4038 4038 1901 1901 4080 4080 1901 1901 4038 4038 1901 1901 4080 4080 1899 1899 4081 4081 1899 1899 4080 4080 1899 1899 4081 4081 1897 1897 4082 4082 1897 1897 4081 4081 1897 1897 4082 4082 1895 1895 4083 4083 1895 1895 4082 4082 1895 1895 4083 4083 1893 1893 4084 4084 1893 1893 4083 4083 1893 1893 4084 4084 1891 1891 4085 4085 1891 1891 4084 4084 1891 1891 4085 4085 1889 1889 4086 4086 1889 1889 4085 4085 1889 1889 4086 4086 1887 1887 4087 4087 1887 1887 4086 4086 1887 1887 4087 4087 1885 1885 4088 4088 1885 1885 4087 4087 1885 1885 4088 4088 1882 1882 4089 4089 2764 2764 4090 4090 4091 4091 2767 2767 4092 4092 1648 1648 1935 1935 4093 4093 4094 4094 4093 4093 1935 1935 4095 4095 4096 4096 4094 4094 4097 4097 4094 4094 4096 4096 4094 4094 4097 4097 4093 4093 4098 4098 4099 4099 4095 4095 4100 4100 4095 4095 4099 4099 4095 4095 4100 4100 4096 4096 4101 4101 4102 4102 4103 4103 4104 4104 4103 4103 4102 4102 4103 4103 4104 4104 4098 4098 4105 4105 4098 4098 4104 4104 4098 4098 4105 4105 4099 4099 4106 4106 2772 2772 2771 2771 4101 4101 4103 4103 4107 4107 4106 4106 4107 4107 4103 4103 4107 4107 4106 4106 4108 4108 2771 2771 4108 4108 4106 4106 4108 4108 2771 2771 2770 2770 1935 1935 1933 1933 4094 4094 4109 4109 4094 4094 1933 1933 4094 4094 4109 4109 4095 4095 4110 4110 4095 4095 4109 4109 4095 4095 4110 4110 4098 4098 4111 4111 4098 4098 4110 4110 4098 4098 4111 4111 4103 4103 4112 4112 4103 4103 4111 4111 4103 4103 4112 4112 4106 4106 4092 4092 4106 4106 4112 4112 4106 4106 4092 4092 2772 2772 2767 2767 2772 2772 4092 4092 2765 2765 4091 4091 4113 4113 4092 4092 4113 4113 4091 4091 4113 4113 4092 4092 4114 4114 4112 4112 4114 4114 4092 4092 4114 4114 4112 4112 4115 4115 4111 4111 4115 4115 4112 4112 4115 4115 4111 4111 4116 4116 4110 4110 4116 4116 4111 4111 4116 4116 4110 4110 4117 4117 4109 4109 4117 4117 4110 4110 4117 4117 4109 4109 1931 1931 1933 1933 1931 1931 4109 4109 1931 1931 1929 1929 4117 4117 4118 4118 4117 4117 1929 1929 4117 4117 4118 4118 4116 4116 4119 4119 4116 4116 4118 4118 4116 4116 4119 4119 4115 4115 4120 4120 4115 4115 4119 4119 4115 4115 4120 4120 4114 4114 4121 4121 4114 4114 4120 4120 4114 4114 4121 4121 4113 4113 4090 4090 4113 4113 4121 4121 4113 4113 4090 4090 2765 2765 2764 2764 2765 2765 4090 4090 4052 4052 2614 2614 4122 4122 4122 4122 4089 4089 4052 4052 4090 4090 4052 4052 4089 4089 4052 4052 4090 4090 4061 4061 4121 4121 4061 4061 4090 4090 4061 4061 4121 4121 4070 4070 4120 4120 4070 4070 4121 4121 4070 4070 4120 4120 4079 4079 4119 4119 4079 4079 4120 4120 4079 4079 4119 4119 4088 4088 4118 4118 4088 4088 4119 4119 4088 4088 4118 4118 1882 1882 1929 1929 1882 1882 4118 4118 1652 1652 1650 1650 4123 4123 4124 4124 2737 2737 4125 4125 4126 4126 4127 4127 4128 4128 4129 4129 4128 4128 4127 4127 4128 4128 4129 4129 1654 1654 4130 4130 1654 1654 4129 4129 1654 1654 4130 4130 1625 1625 4131 4131 4132 4132 4133 4133 4134 4134 4133 4133 4132 4132 4133 4133 4134 4134 4135 4135 4131 4131 4136 4136 4132 4132 4137 4137 4132 4132 4136 4136 4132 4132 4137 4137 4128 4128 4138 4138 4128 4128 4137 4137 4128 4128 4138 4138 4126 4126 4139 4139 4140 4140 4141 4141 4142 4142 4141 4141 4140 4140 4141 4141 4142 4142 4134 4134 4143 4143 4134 4134 4142 4142 4134 4134 4143 4143 4135 4135 4144 4144 4145 4145 4146 4146 4147 4147 4146 4146 4145 4145 4146 4146 4147 4147 4141 4141 4148 4148 4141 4141 4147 4147 4141 4141 4148 4148 4139 4139 2736 2736 2743 2743 4149 4149 4150 4150 4149 4149 2743 2743 4150 4150 4151 4151 4149 4149 4152 4152 4149 4149 4151 4151 4149 4149 4152 4152 4146 4146 4153 4153 4146 4146 4152 4152 4146 4146 4153 4153 4144 4144 4108 4108 2770 2770 2769 2769 2769 2769 4124 4124 4108 4108 4125 4125 4108 4108 4124 4124 4108 4108 4125 4125 4107 4107 4154 4154 4107 4107 4125 4125 4155 4155 4102 4102 4154 4154 4101 4101 4154 4154 4102 4102 4154 4154 4101 4101 4107 4107 4156 4156 4105 4105 4155 4155 4104 4104 4155 4155 4105 4105 4155 4155 4104 4104 4102 4102 4157 4157 4100 4100 4156 4156 4099 4099 4156 4156 4100 4100 4156 4156 4099 4099 4105 4105 4123 4123 4097 4097 4157 4157 4096 4096 4157 4157 4097 4097 4157 4157 4096 4096 4100 4100 1650 1650 1648 1648 4123 4123 4093 4093 4123 4123 1648 1648 4123 4123 4093 4093 4097 4097 1654 1654 1652 1652 4128 4128 4123 4123 4128 4128 1652 1652 4128 4128 4123 4123 4132 4132 4157 4157 4132 4132 4123 4123 4132 4132 4157 4157 4134 4134 4156 4156 4134 4134 4157 4157 4134 4134 4156 4156 4141 4141 4155 4155 4141 4141 4156 4156 4141 4141 4155 4155 4146 4146 4154 4154 4146 4146 4155 4155 4146 4146 4154 4154 4149 4149 4125 4125 4149 4149 4154 4154 4149 4149 4125 4125 2736 2736 2737 2737 2736 2736 4125 4125</p>
        </triangles>
      </mesh>
    </geometry>
    <geometry id="dd110f11737741f29f0907690b00790a" name="d498ab0e534049cba4e3a3b414a634b6">
      <mesh>
        <source id="verts-array">
          <float_array count="12345" id="verts-array-array">0.003757809 -0.01711764 0.0379319 0.005240879 -0.01711693 0.0379275 0.003757809 -0.0166 0.038 0.005644739 -0.01671306 0.0379841 0.005757809 -0.0166 0.038 0.005191239 -0.01746073 0.0378053 0.003757809 -0.0176 0.0377321 0.005222149 -0.0174823 0.0377947 0.005248129 -0.01750044 0.0377858 0.005175549 -0.01744546 0.0378125 0.005146659 -0.01740637 0.0378302 0.005142279 -0.01739751 0.0378341 0.005130239 -0.01727827 0.0378815 0.005130309 -0.01727768 0.0378817 0.005134269 -0.01726383 0.0378866 0.005160819 -0.01720798 0.0379053 0.005138459 -0.01738979 0.0378375 0.005126559 -0.01734834 0.0378547 0.005124659 -0.01732466 0.0378641 0.005186479 -0.01717625 0.037915 0.005207299 -0.01715051 0.0379227 0.005750729 -0.01779562 0.0376033 0.005662369 -0.01774222 0.0376396 0.003757809 -0.01801421 0.0374142 0.005514479 -0.01765284 0.0377004 0.005420639 -0.01759914 0.0377305 0.005757809 -0.0186 0.036 0.005757809 -0.01854586 0.0364622 0.003757809 -0.0186 0.036 0.003757809 -0.01853185 0.0365176 0.005757809 -0.01852637 0.0365156 0.005757809 -0.01838636 0.0368994 0.003757809 -0.01833205 0.037 0.005757809 -0.0178 0.0376 0.005757809 -0.01800586 0.0374054 0.005757809 -0.01813014 0.0372879 0.005757809 -0.01832366 0.0369945 0.001833709 0.016915 0.009999998 0.001950009 0.0172555 0.009999998 0.002005319 0.0172293 0.009509068 0.002035739 0.0173938 0.009999998 0.002187379 0.0176385 0.009999998 0.002235429 0.0176006 0.009509068 0.002352619 0.0178053 0.009999998 0.002504459 0.0179586 0.009999998 0.002542799 0.0179109 0.009509068 0.002763729 0.0181227 0.009999998 0.002885139 0.0181996 0.009999998 0.002911839 0.0181445 0.009509068 0.003242439 0.0183254 0.009999998 0.003310109 0.0183492 0.009999998 0.003323809 0.0182896 0.009509068 0.001757809 0.0164 0.009999998 0.001804379 0.0168291 0.009999998 0.001779729 0.0164 0.009704678 0.001864149 0.016816 0.009509068 0.001827289 0.0164003 0.009511098 0.002001019 0.0164027 0.009049578 0.001984409 0.0164022 0.009075298 0.002039789 0.0167774 0.009048168 0.001915029 0.0164012 0.009236198 0.001868099 0.0164005 0.009345018 0.002184959 0.016408 0.008764648 0.002320549 0.0167157 0.008645518 0.002289699 0.0164131 0.008648528 0.002689259 0.0166347 0.008325748 0.002366689 0.0164168 0.008563158 0.002345289 0.0164158 0.008586878 0.002998709 0.01648 0.008159968 0.002854089 0.0164591 0.008216798 0.002652179 0.0164379 0.008333818 0.003216419 0.0165131 0.008079868 0.003185029 0.0165069 0.008086758 0.003123359 0.0165394 0.008108428 0.003119159 0.0164974 0.008112638 0.003014199 0.0164822 0.008153888 0.003757809 0.0166427 0.008014778 0.003706359 0.016629 0.008017698 0.003757809 0.0170496 0.008108428 0.003612399 0.0170331 0.008108428 0.003757809 0.0170944 0.008130358 0.003512909 0.0174663 0.008325748 0.003757809 0.017494 0.008325748 0.003757809 0.0175245 0.008351568 0.003428409 0.0178342 0.008645518 0.003757809 0.0178715 0.008645518 0.003757809 0.0178889 0.008669888 0.003364059 0.0181143 0.009048168 0.003757809 0.018159 0.009048168 0.003757809 0.0181662 0.009066768 0.003757809 0.0183388 0.009509068 0.003757809 0.01834 0.009518968 0.003757809 0.0184 0.009999998 0.002990299 0.0179827 0.009048168 0.003115729 0.0177241 0.008645518 0.003280449 0.0173844 0.008325748 0.003474379 0.0169845 0.008108428 0.003643939 0.0166123 0.008021238 0.002655499 0.0177707 0.009048168 0.002835639 0.0175467 0.008645518 0.003072209 0.0172525 0.008325748 0.003350729 0.0169062 0.008108428 0.003573909 0.0165937 0.008025208 0.002376629 0.0174892 0.009048168 0.002602349 0.0173112 0.008645518 0.002898769 0.0170774 0.008325748 0.003247749 0.0168022 0.008108428 0.003500559 0.0165741 0.008029378 0.002167859 0.0171524 0.009048168 0.002427699 0.0170294 0.008645518 0.002768919 0.016868 0.008325748 0.003170659 0.0166779 0.008108428 0.003427669 0.0165547 0.008033508 0.002101508 0.017521 0.0277118 0.002025758 0.0174 0.0273137 0.002025758 0.0174 0.036 0.003240168 0.0183319 0.0247067 0.003382808 0.0183645 0.0246184 0.003757808 0.0184 0.0244383 0.002813258 0.0181629 0.0250555 0.002757808 0.0181321 0.0251125 0.002376238 0.0178461 0.025625 0.002343588 0.0178142 0.0256832 0.002206118 0.0176618 0.0259746 0.001825958 0.0169176 0.036 0.002007808 0.0173682 0.027 0.002025758 0.0174 0.0266863 0.002101508 0.017521 0.0262882 0.002343588 0.0178142 0.036 0.002757808 0.0181321 0.036 0.002757808 0.0181321 0.0288875 0.002376238 0.0178461 0.028375 0.002345298 0.0178126 0.0283114 0.002206068 0.0176618 0.0280252 0.003240168 0.0183319 0.036 0.003757808 0.0184 0.036 0.003757808 0.0184 0.0295617 0.003382808 0.0183645 0.0293816 0.003240168 0.0183319 0.0292933 0.002813258 0.0181629 0.0289445 0.001757808 0.0164 0.036 0.007139376 0.0178461 0.025625 0.007357806 0.0176 0.0261042 0.007357807 0.0176 0.009999998 0.007039301 0.0179355 0.0254647 0.007045698 0.0179301 0.009999998 0.007038777 0.0179347 0.009999998 0.006697216 0.0181594 0.0250598 0.006652233 0.0181889 0.0250066 0.006657207 0.0181864 0.009999998 0.006652015 0.0181883 0.009999998 0.006217312 0.0183465 0.0246693 0.006217275 0.0183462 0.009999998 0.005757809 0.0184 0.009999998 0.005757808 0.0184 0.0244383 0.00622002 0.0183459 0.009999998 0.006132808 0.0183645 0.0246184 0.006217274 0.0183462 0.036 0.005757808 0.0184 0.036 0.005757808 0.0183459 0.0364622 0.006393175 0.0176 0.0374684 0.006705449 0.0176 0.0372877 0.006445911 0.0177667 0.0372879 0.00731476 0.0176 0.0363686 0.007357806 0.0176 0.036 0.007045697 0.0179301 0.036 0.007187939 0.0176 0.0367174 0.007281344 0.0176 0.0364605 0.007010832 0.0178887 0.0364622 0.006771837 0.0176 0.0372283 0.006984166 0.0176 0.0370276 0.006908124 0.0177667 0.0368994 0.007070208 0.0176 0.0368967 0.006714407 0.0176 0.0372825 0.006561132 0.0179955 0.0368994 0.006364035 0.0176 0.0374772 0.006111428 0.0178887 0.0372879 0.006043048 0.0176 0.0375737 0.005757808 0.0179301 0.0372879 0.005757808 0.0178059 0.0374054 0.006037758 0.0176 0.0375753 0.005757808 0.0176 0.0376 0.007038776 0.0179347 0.036 0.006632858 0.018138 0.0364622 0.006657206 0.0181864 0.036 0.006652014 0.0181883 0.036 0.006207506 0.0182932 0.0364622 0.006220019 0.0183459 0.036 0.006170648 0.018138 0.0368994 0.005757808 0.0183264 0.0365156 0.005757808 0.0181864 0.0368994 0.005757808 0.0181237 0.0369945 0.005757808 0.0164 0.038 0.005757808 0.0137 0.038 0.006106488 0.0137 0.0379694 0.006106488 0.0169505 0.0379694 0.005644738 0.0165131 0.0379841 0.005643148 0.0169505 0.0379967 0.005240878 0.0169169 0.0379275 0.005207298 0.0169505 0.0379227 0.006551039 0.0137 0.037836 0.006551039 0.0169505 0.037836 0.006952873 0.0137 0.0376037 0.006952873 0.0169505 0.0376037 0.007290345 0.0137 0.037285 0.007290345 0.0169505 0.037285 0.007545281 0.0137 0.0368972 0.007545281 0.0169505 0.0368972 0.007703949 0.0137 0.036461 0.007703949 0.0169505 0.036461 0.007757806 0.0137 0.036 0.007757806 0.0169505 0.036 0.002763731 -0.0183227 0.009999998 0.002504521 -0.01815861 0.009999998 0.002542551 -0.01811132 0.009511058 0.002352621 -0.01800527 0.009999998 0.002187451 -0.01783853 0.009999998 0.002235101 -0.01780095 0.009511058 0.002035741 -0.01759381 0.009999998 0.001950071 -0.01745561 0.009999998 0.002004921 -0.01742965 0.009511058 0.001833701 -0.01711499 0.009999998 0.001804421 -0.01702927 0.009999998 0.001863691 -0.01701624 0.009511058 0.003302391 -0.01672852 0.008056788 0.003384641 -0.01674772 0.008046228 0.003161871 -0.01688206 0.008111798 0.003630931 -0.0168052 0.008014598 0.003654001 -0.01681201 0.008014638 0.003470141 -0.01719325 0.008111798 0.003714881 -0.01682999 0.008014718 0.003757811 -0.01684267 0.008014778 0.003757811 -0.01725932 0.008111798 0.003610231 -0.01724259 0.008111798 0.003706141 -0.01682741 0.008014708 0.003203181 -0.01671183 0.008087228 0.002695731 -0.01664204 0.008305828 0.002941121 -0.01667127 0.008181858 0.002682551 -0.01683629 0.008330268 0.003110151 -0.01669618 0.008115778 0.003113861 -0.01674151 0.008111798 0.003015881 -0.01668032 0.008144708 0.003012791 -0.0166798 0.008145658 0.002287791 -0.01661337 0.008655448 0.002304711 -0.01661427 0.008637878 0.002316491 -0.01691674 0.008650078 0.002450001 -0.01662199 0.008487008 0.002659401 -0.01663908 0.008332608 0.002195801 -0.01660848 0.008750968 0.002037911 -0.01697796 0.009051798 0.002024611 -0.01660307 0.009001998 0.001823851 -0.01660025 0.009512498 0.001870481 -0.01660054 0.009338188 0.001887341 -0.01660081 0.009301418 0.002000921 -0.01660268 0.009053658 0.001792111 -0.01660005 0.009631178 0.001757811 -0.0166 0.009999998 0.003757811 -0.01729489 0.008129398 0.003511391 -0.01767298 0.008330268 0.003757811 -0.01770092 0.008330268 0.003757811 -0.01772506 0.008350878 0.003427491 -0.01803826 0.008650078 0.003757811 -0.01807571 0.008650078 0.003757811 -0.01808949 0.008669488 0.003363651 -0.01831626 0.009051798 0.003277471 -0.0175906 0.008330268 0.003113941 -0.01792783 0.008650078 0.002989491 -0.01818449 0.009051798 0.002911671 -0.01834499 0.009511058 0.003323721 -0.01849011 0.009511058 0.002166141 -0.01735334 0.009051798 0.002423961 -0.01723131 0.008650078 0.002762721 -0.01707098 0.008330268 0.002375151 -0.01769049 0.009051798 0.002599111 -0.01751386 0.008650078 0.002893391 -0.01728176 0.008330268 0.003240131 -0.01700829 0.008111798 0.003492721 -0.01677294 0.008032348 0.002654321 -0.01797231 0.009051798 0.002833061 -0.01775002 0.008650078 0.003067921 -0.01745795 0.008330268 0.003344651 -0.01711381 0.008111798 0.003587711 -0.01679512 0.008020148 0.002885191 -0.01839959 0.009999998 0.003757811 -0.01836094 0.009051798 0.003757811 -0.01836669 0.009066588 0.003757811 -0.01853931 0.009511058 0.003757811 -0.01854029 0.009518928 0.003242441 -0.01852541 0.009999998 0.003310141 -0.01854925 0.009999998 0.003757811 -0.0186 0.009999998 0.00575781 -0.0186 0.0244383 0.005757811 -0.0186 0.009999998 0.00613281 -0.01856453 0.0246184 0.006217277 -0.01854618 0.009999998 0.006217314 -0.0185465 0.0246693 0.006652235 -0.01838885 0.0250066 0.007357809 -0.0178 0.009999998 0.007357808 -0.0178 0.0261042 0.007139378 -0.01804612 0.025625 0.006220022 -0.01854586 0.009999998 0.006652017 -0.01838825 0.009999998 0.006697218 -0.01835941 0.0250598 0.006657209 -0.01838636 0.009999998 0.007039303 -0.0181355 0.0254647 0.007038779 -0.01813471 0.009999998 0.0070457 -0.01813014 0.009999998 0.005757808 0.0184 0.0295617 0.006132808 0.0183645 0.0293816 0.006217312 0.0183465 0.0293307 0.006652233 0.0181889 0.0289934 0.007357806 0.0176 0.0278958 0.007139376 0.0178461 0.028375 0.006697216 0.0181594 0.0289402 0.007039301 0.0179355 0.0285353 0.007139377 -0.01804612 0.028375 0.007357808 -0.0178 0.0278958 0.007357807 -0.0178 0.036 0.007039303 -0.0181355 0.0285353 0.007045698 -0.01813014 0.036 0.007038777 -0.01813471 0.036 0.006697218 -0.01835941 0.0289402 0.006652235 -0.01838885 0.0289934 0.006657207 -0.01838636 0.036 0.006652015 -0.01838825 0.036 0.006217314 -0.0185465 0.0293307 0.006217275 -0.01854618 0.036 0.00575781 -0.0186 0.0295617 0.00622002 -0.01854586 0.036 0.00613281 -0.01856453 0.0293816 0.00338281 -0.01856453 0.0246184 0.00324017 -0.01853185 0.0247067 0.00375781 -0.0186 0.0295617 0.00338281 -0.01856453 0.0293816 0.003240169 -0.01853185 0.036 0.00324017 -0.01853185 0.0292933 0.00281326 -0.01836291 0.0289445 0.002757809 -0.01833205 0.036 0.00275781 -0.01833205 0.0288875 0.00237624 -0.01804612 0.028375 0.002343589 -0.01801421 0.036 0.0023453 -0.01801261 0.0283114 0.00220607 -0.01786179 0.0280252 0.002025759 -0.0176 0.036 0.00210151 -0.01772102 0.0277118 0.00202576 -0.0176 0.0273137 0.001825959 -0.01711764 0.036 0.00200781 -0.01756825 0.027 0.00281326 -0.01836291 0.0250555 0.00275781 -0.01833205 0.0251125 0.00237624 -0.01804612 0.025625 0.00234359 -0.01801421 0.0256832 0.00220612 -0.01786185 0.0259746 0.00375781 -0.0186 0.0244383 0.00210151 -0.01772102 0.0262882 0.00202576 -0.0176 0.0266863 0.001757809 -0.0166 0.036 0.007010833 -0.01808872 0.0364622 0.006632859 -0.018338 0.0364622 0.006207507 -0.01849318 0.0364622 0.006037759 -0.0178 0.0375753 0.006111429 -0.01808872 0.0372879 0.006043049 -0.0178 0.0375737 0.006364036 -0.0178 0.0374772 0.006445912 -0.01796669 0.0372879 0.006393176 -0.0178 0.0374684 0.00670545 -0.0178 0.0372877 0.006714408 -0.0178 0.0372825 0.006561133 -0.01819554 0.0368994 0.006771838 -0.0178 0.0372283 0.006908125 -0.01796669 0.0368994 0.007070209 -0.0178 0.0368967 0.006984167 -0.0178 0.0370276 0.00718794 -0.0178 0.0367174 0.007281345 -0.0178 0.0364605 0.007314761 -0.0178 0.0363686 0.006170649 -0.018338 0.0368994 0.001757809 -0.0139 0.036 0.001825959 -0.0166 0.0365176 0.001825959 -0.0139 0.0365176 0.002025759 -0.0166 0.037 0.002025759 -0.0139 0.037 0.002343589 -0.0166 0.0374142 0.002343589 -0.0139 0.0374142 0.002757809 -0.0166 0.0377321 0.002757809 -0.0139 0.0377321 0.003240169 -0.0166 0.0379319 0.003240169 -0.0139 0.0379319 0.003757809 -0.0139 0.038 0.005240879 -0.01711693 0.0379275 0.005207299 -0.01715051 0.0379227 0.005643149 -0.01715051 0.0379967 0.005757809 -0.0139 0.038 0.006106489 -0.01715051 0.0379694 0.005644739 -0.01671306 0.0379841 0.006106489 -0.0139 0.0379694 0.00655104 -0.01715051 0.037836 0.00655104 -0.0139 0.037836 0.006952874 -0.01715051 0.0376037 0.006952874 -0.0139 0.0376037 0.007290346 -0.01715051 0.037285 0.007290346 -0.0139 0.037285 0.007545282 -0.01715051 0.0368972 0.007545282 -0.0139 0.0368972 0.00770395 -0.01715051 0.036461 0.00770395 -0.0139 0.036461 0.007757807 -0.01715051 0.036 0.007757807 -0.0139 0.036 0.005750728 0.0175956 0.0376033 0.003757808 0.0174 0.0377321 0.005420638 0.0173991 0.0377305 0.003757808 0.0178142 0.0374142 0.005514478 0.0174528 0.0377004 0.005662368 0.0175422 0.0376396 0.005158858 0.0172253 0.0378218 0.005199818 0.0172681 0.0378018 0.005240878 0.0169169 0.0379275 0.005207298 0.0169505 0.0379227 0.003757808 0.0169176 0.0379319 0.005186478 0.0169762 0.037915 0.005160918 0.0170078 0.0379054 0.005148038 0.0170305 0.037898 0.005130398 0.0170783 0.0378815 0.005129738 0.01708 0.0378808 0.005126238 0.017099 0.0378739 0.005125838 0.017143 0.0378569 0.005131258 0.0171697 0.0378459 0.005143358 0.0171973 0.0378341 0.005149378 0.017211 0.0378282 0.005222308 0.0172831 0.0377944 0.005248128 0.0173004 0.0377858 0.005644738 0.0165131 0.0379841 0.003757808 0.0164 0.038 0.003757808 0.0183319 0.0365176 0.003757808 0.0181321 0.037 0.001757808 0.0137 0.036 0.001825958 0.0137 0.0365176 0.001825958 0.0164 0.0365176 0.002025758 0.0137 0.037 0.002025758 0.0164 0.037 0.002343588 0.0137 0.0374142 0.002343588 0.0164 0.0374142 0.002757808 0.0137 0.0377321 0.002757808 0.0164 0.0377321 0.003240168 0.0137 0.0379319 0.003240168 0.0164 0.0379319 0.003757808 0.0137 0.038 0.006207507 0.0182932 0.009537788 0.006632859 0.018138 0.009537788 0.007010833 0.0178887 0.009537788 0.005757809 0.0176 0.008399998 0.005757809 0.0178878 0.008672068 0.006043599 0.0176 0.008428148 0.006111429 0.0178887 0.008712108 0.006069949 0.0176 0.008430738 0.006362468 0.0176 0.008519478 0.006445912 0.0177667 0.008712108 0.006646719 0.0176 0.008669648 0.0063701 0.0176 0.008521788 0.006561133 0.0179955 0.009100598 0.006772796 0.0176 0.008773118 0.006699749 0.0176 0.008713168 0.007281946 0.0176 0.009539118 0.007236014 0.0176 0.009387708 0.007088158 0.0176 0.009111088 0.006908125 0.0177667 0.009100598 0.007079823 0.0176 0.009100928 0.006889178 0.0176 0.008868628 0.007327063 0.0176 0.009687858 0.005757809 0.0179301 0.008712108 0.005757809 0.018165 0.009068188 0.006170649 0.018138 0.009100598 0.005757809 0.0183459 0.009537788 0.005757809 0.0183392 0.009519558 0.005757809 0.0181864 0.009100598 0.003257808 0.018266 0.0365176 0.002791878 0.018073 0.0365176 0.003309518 0.018073 0.037 0.002891778 0.0179 0.037 0.003391778 0.017766 0.0374142 0.003050698 0.0176247 0.0374142 0.003498988 0.0173659 0.0377321 0.003257808 0.017266 0.0377321 0.003623828 0.0169 0.0379319 0.003498988 0.0168483 0.0379319 0.002391778 0.017766 0.0365176 0.002533058 0.0176247 0.037 0.002757808 0.0174 0.0374142 0.003050698 0.0171071 0.0377321 0.003391778 0.016766 0.0379319 0.002084768 0.0173659 0.0365176 0.001891778 0.0169 0.0365176 0.002257808 0.017266 0.037 0.002084768 0.0168483 0.037 0.002533058 0.0171071 0.0374142 0.002391778 0.016766 0.0374142 0.002891778 0.0169 0.0377321 0.002791878 0.0166588 0.0377321 0.003309518 0.0166588 0.0379319 0.003257808 0.016534 0.0379319 0.003982519 0.0167235 0.008028708 0.004442079 0.0169004 0.008063608 0.004463719 0.0169107 0.008067078 0.003850529 0.0166728 0.008018688 0.003772989 0.0166476 0.008015418 0.005514479 0.0174528 0.008299548 0.005405619 0.0173924 0.008268508 0.005001669 0.017168 0.008153328 0.004991219 0.017163 0.008151648 0.004866949 0.0171036 0.008131728 0.004850339 0.0170956 0.008129058 0.005750729 0.0175956 0.008396718 0.005636209 0.0175264 0.008349618 0.001891779 -0.0171 0.0365176 0.002084769 -0.01756593 0.0365176 0.002084769 -0.01704829 0.037 0.002257809 -0.01746602 0.037 0.002391779 -0.01696603 0.0374142 0.002533059 -0.01730711 0.0374142 0.002791879 -0.01685882 0.0377321 0.002891779 -0.0171 0.0377321 0.003257809 -0.01673397 0.0379319 0.003309519 -0.01685882 0.0379319 0.002391779 -0.01796603 0.0365176 0.002533059 -0.01782474 0.037 0.002757809 -0.0176 0.0374142 0.003050699 -0.01730711 0.0377321 0.003391779 -0.01696603 0.0379319 0.002791879 -0.01827303 0.0365176 0.003257809 -0.01846603 0.0365176 0.002891779 -0.0181 0.037 0.003309519 -0.01827303 0.037 0.003050699 -0.01782474 0.0374142 0.003391779 -0.01796603 0.0374142 0.003257809 -0.01746602 0.0377321 0.003498989 -0.01756593 0.0377321 0.003498989 -0.01704829 0.0379319 0.003623829 -0.0171 0.0379319 0.006359638 -0.0178 0.008517498 0.006362141 -0.0178 0.008518818 0.006445914 -0.01796669 0.008712108 0.007010835 -0.01808872 0.009537788 0.007281863 -0.0178 0.009539148 0.007326696 -0.0178 0.009686008 0.006908127 -0.01796669 0.009100598 0.00708501 -0.0178 0.009106388 0.007234569 -0.0178 0.009384228 0.006772875 -0.0178 0.008773228 0.006883836 -0.0178 0.008863308 0.007080372 -0.0178 0.009100788 0.006638869 -0.0178 0.008664438 0.00669901 -0.0178 0.008713258 0.006561135 -0.01819554 0.009100598 0.006111431 -0.01808872 0.008712108 0.006043241 -0.0178 0.008426918 0.006057001 -0.0178 0.008428218 0.005757811 -0.0178 0.008399998 0.005757811 -0.01808779 0.008672068 0.005757811 -0.01813014 0.008712108 0.005757811 -0.01836499 0.009068188 0.006170651 -0.018338 0.009100598 0.005757811 -0.01838636 0.009100598 0.006632861 -0.018338 0.009537788 0.006207509 -0.01849318 0.009537788 0.005757811 -0.01853921 0.009519558 0.005757811 -0.01854586 0.009537788 0.005636211 -0.01772641 0.008349618 0.005742321 -0.01779053 0.008393258 0.005750731 -0.01779562 0.008396718 0.004956901 -0.01734773 0.008148778 0.005340311 -0.01755212 0.008241168 0.005390841 -0.01758134 0.008258108 0.004851181 -0.01729136 0.008123298 0.004861251 -0.01729673 0.008125718 0.004862381 -0.01729733 0.008125998 0.003983831 -0.01692552 0.008029368 0.004324051 -0.01705023 0.008051338 0.004419191 -0.01709375 0.008064318 0.005514481 -0.01765284 0.008299548 0.0090799 0.0105498 0.007459998 0.00889933 0.0108445 0.007459998 0.007257807 0.01079 0.007459998 0.00275781 0.01079 0.007459998 0.00275781 0.0092 0.007459998 0.01075781 0.009200001 0.007459998 0.00881603 0.0111278 0.007459998 0.00880359 0.01129 0.007459998 0.00880359 0.0123358 0.007459998 0.00990245 0.009975701 0.007459998 0.00939781 0.0102489 0.007459998 0.01075781 0.009790001 0.007459998 0.01067425 0.009799401 0.007459998 0.0105907 0.009808701 0.007459998 0.002293711 -0.0166 0.007999998 0.001757811 -0.0166 0.007999998 0.001757811 -0.0165 0.007999998 0.01027545 -0.01653185 0.007999998 0.009757811 -0.0166 0.007999998 0.01038231 -0.0165 0.007999998 0.009221911 -0.0166 0.007999998 0.008735141 -0.01663302 0.007999998 0.008656811 -0.01663833 0.007999998 0.003125131 -0.0166884 0.007999998 0.003441061 -0.01675087 0.007999998 0.008389141 -0.01669037 0.007999998 0.008063039 -0.01675376 0.007999998 0.002901931 -0.01664427 0.007999998 0.002649351 -0.01662362 0.007999998 0.002368901 -0.0166007 0.007999998 0.007741646 -0.01684414 0.007999998 0.007697782 -0.01685647 0.007999998 0.003685831 -0.01682243 0.007999998 0.004007611 -0.01691727 0.007999998 0.003991991 -0.01691193 0.007999998 0.007173982 -0.01703107 0.007999998 0.007498018 -0.01692306 0.007999998 0.005738871 -0.01735558 0.007999998 0.005498701 -0.01734909 0.007999998 0.005335441 -0.01731726 0.007999998 0.006573834 -0.01722585 0.007999998 0.006312513 -0.01729723 0.007999998 0.006711921 -0.01718814 0.007999998 0.005894311 -0.01735978 0.007999998 0.006140241 -0.01732502 0.007999998 0.006286405 -0.01730436 0.007999998 0.004892081 -0.0172095 0.007999998 0.005059861 -0.01726352 0.007999998 0.005235291 -0.01729773 0.007999998 0.007082584 -0.01706213 0.007999998 0.004386431 -0.01704669 0.007999998 0.004383451 -0.01704567 0.007999998 0.001757811 -0.0165 0.004999998 -0.03166254 -0.0165 0.004999996 -0.03366254 -0.0165 0.002999996 0.01038231 -0.0165 0.006624498 0.01038231 -0.0165 0.007999998 0.007757809 -0.0165 0.003999998 0.001757811 -0.0165 0.007999998 0.007757809 -0.0165 -1.818224e-09 -0.03366254 -0.0165 -4.059627e-09 0.009757809 0.0164 0.007999998 0.01027545 0.0163319 0.007999998 0.01035102 0.01631 0.007999998 0.008390489 0.0164884 0.007999998 0.008613679 0.0164443 0.007999998 0.002858799 0.0164383 0.007999998 0.001757809 0.0164 0.007999998 0.002293709 0.0164 0.007999998 0.001757809 0.01631 0.007999998 0.002755919 0.0164314 0.007999998 0.008074556 0.0165509 0.007999998 0.003126479 0.0164904 0.007999998 0.003452579 0.0165538 0.007999998 0.008761659 0.0164322 0.007999998 0.009146709 0.0164007 0.007999998 0.009221909 0.0164 0.007999998 0.003754239 0.0166386 0.007999998 0.003817829 0.0166565 0.007999998 0.007772117 0.0166393 0.007999998 0.007523624 0.0167119 0.007999998 0.004017599 0.0167231 0.007999998 0.004341629 0.0168311 0.007999998 0.004416769 0.0168566 0.007999998 0.004803699 0.0169881 0.007999998 0.004925479 0.0170214 0.007999998 0.005203099 0.0170972 0.007999998 0.005229209 0.0171044 0.007999998 0.005358279 0.0171226 0.007999998 0.006157819 0.0171216 0.007999998 0.006280328 0.0170977 0.007999998 0.006016919 0.0171491 0.007999998 0.005757809 0.0171561 0.007999998 0.005621299 0.0171598 0.007999998 0.006455753 0.0170635 0.007999998 0.006594387 0.0170189 0.007999998 0.007097443 0.0168569 0.007999998 0.007129188 0.0168467 0.007999998 0.007508007 0.0167173 0.007999998 0.001757809 0.01631 0.007999998 0.01035102 0.01631 0.007999998 0.01035102 0.01631 0.006593208 0.00884781 0.01631 0.005089998 0.00375781 0.01631 0.005089998 0.001757809 0.01631 0.007089998 0.007257807 0.01079 0.01064 0.007757807 0.01129 0.01064 0.007757807 0.01079 0.01064 0.01125781 0.01079 0.01064 0.01125781 0.008790001 0.01064 0.00225781 0.00879 0.01064 0.002257809 0.01079 0.01064 0.01175781 0.01079 0.007999998 0.007757808 0.01079 0.007999998 0.01175781 0.0144 0.007999998 0.007757808 0.01129 0.007999998 0.01168966 0.0149176 0.007999998 0.01161357 0.0151458 0.007999998 0.01125781 -0.01099 0.01064 0.002257811 -0.01099 0.01064 0.01125781 -0.008989999 0.01064 0.00225781 -0.00899 0.01064 0.007757809 -0.0139 -1.818224e-09 0.007678161 -0.0139 -1.822534e-09 0.007757809 -0.0139 0.003999998 0.007678161 -0.0139 0.004999998 0.008757811 -0.0139 0.004999998 0.00175781 -0.0139 0.01975 0.00555781 -0.0139 0.01975 0.00175781 -0.0139 0.01465 0.00555781 -0.0139 0.01915 0.007535512 -0.0139 0.0174955 0.007865576 -0.0139 0.0167079 0.007258267 -0.0139 0.01915 0.007331345 -0.0139 0.0183247 0.00831358 -0.0139 0.0159809 0.00886872 -0.0139 0.015332 0.0095507 -0.0139 0.01465 0.005557809 -0.0139 0.03485 0.005557809 -0.0139 0.03425 0.001757809 -0.0139 0.03425 0.003240169 -0.0139 0.0379319 0.003757809 -0.0139 0.038 0.001757809 -0.0139 0.036 0.001825959 -0.0139 0.0365176 0.002025759 -0.0139 0.037 0.002343589 -0.0139 0.0374142 0.002757809 -0.0139 0.0377321 0.005757809 -0.0139 0.038 0.006106489 -0.0139 0.0379694 0.00655104 -0.0139 0.037836 0.006952874 -0.0139 0.0376037 0.007290346 -0.0139 0.037285 0.007545282 -0.0139 0.0368972 0.00770395 -0.0139 0.036461 0.007757807 -0.0139 0.036 0.007757807 -0.0139 0.03485 0.00475781 -0.0139 0.0284 0.00439546 -0.0139 0.0283523 0.00555781 -0.0139 0.03005 0.00439546 -0.0139 0.0256477 0.00555781 -0.0139 0.02395 0.00405781 -0.0139 0.0257876 0.00376786 -0.0139 0.02601 0.00475781 -0.0139 0.0256 0.00512015 -0.0139 0.0256477 0.007757808 -0.0139 0.02395 0.00175781 -0.0139 0.03065 0.00555781 -0.0139 0.03065 0.00340551 -0.0139 0.0266377 0.00175781 -0.0139 0.02335 0.00335781 -0.0139 0.027 0.00340551 -0.0139 0.0273623 0.00405781 -0.0139 0.0282124 0.00376786 -0.0139 0.0279899 0.00354537 -0.0139 0.0277 0.00597024 -0.0139 0.0277 0.00574776 -0.0139 0.0279899 0.007757808 -0.0139 0.03005 0.00545781 -0.0139 0.0282124 0.00512015 -0.0139 0.0283523 0.00545781 -0.0139 0.0257876 0.00574776 -0.0139 0.02601 0.00597024 -0.0139 0.0263 0.0061101 -0.0139 0.0266377 0.00615781 -0.0139 0.027 0.0061101 -0.0139 0.0273623 0.00555781 -0.0139 0.02335 0.00354537 -0.0139 0.0263 0.001757809 0.01631 0.007999998 0.001757809 0.01631 0.007089998 0.00175781 0.01129 0.007089998 0.001757808 0.0137 0.03425 0.001757809 0.01295 0.01335096 0.001757809 0.0132607 0.01358934 0.001757809 0.01129 0.01114 0.001757808 0.0137 0.03065 0.001757808 0.0103 0.03215 0.001757808 0.0103 0.03335 0.001757809 -0.0139 0.03425 0.001757809 -0.0105 0.03335 0.001757809 -0.0105 0.03215 0.001757811 -0.0094 0.006459998 0.001757811 -0.0094 0.005089998 0.001757811 -0.01149 0.006459998 0.001757811 -0.01005 0.005089998 0.001757811 -0.01014 0.004999998 0.001757809 0.0136489 0.01426177 0.001757809 0.0137 0.01465 0.001757809 0.0137 0.01975 0.001757809 0.0164 0.007999998 0.00175781 -0.01305083 0.01329855 0.00175781 -0.01273378 0.01318761 0.001757811 -0.01149 0.01114 0.00175781 -0.0124 0.01315 0.00175781 -0.00899 0.01114 0.001757809 0.013499 0.0139 0.001757809 0.0137 0.02335 0.001757809 0.0103 0.02185 0.001757809 0.0103 0.02065 0.00175781 -0.0105 0.02185 0.00175781 -0.0105 0.02065 0.00175781 -0.0139 0.02335 0.00175781 -0.0139 0.01975 0.00175781 -0.01386239 0.01431622 0.00175781 -0.01375145 0.01399917 0.00175781 -0.01357275 0.01371477 0.00175781 -0.01333523 0.01347725 0.00175781 -0.0139 0.03065 0.00175781 -0.0139 0.01465 0.001757811 -0.0166 0.007999998 0.001757811 -0.0165 0.007999998 0.001757811 -0.0165 0.004999998 0.001757811 -0.01126311 0.004999998 0.00175781 0.00879 0.01114 0.001757809 0.0122 0.01315 0.001757809 0.0125882 0.01320111 0.007757807 0.0169505 0.0192211 0.007757806 0.0137 0.03485 0.007757806 0.0103 0.03395 0.007757806 0.0103 0.03155 0.007757806 0.0137 0.03005 0.007757807 0.0137 0.02395 0.007757807 0.0134315 0.0192211 0.007757807 0.0103 0.02245 0.007757807 0.0103 0.02005 0.007757809 -0.0165 0.003999998 0.007757809 -0.0165 -1.818224e-09 0.007757809 -0.0139 0.003999998 0.007757809 -0.0139 -1.818224e-09 0.007757808 -0.0139 0.03005 0.007757807 -0.0105 0.03155 0.007757807 -0.0105 0.03395 0.007757807 -0.0139 0.03485 0.007757808 -0.01715051 0.0192211 0.007757808 -0.0105 0.02005 0.007757808 -0.0105 0.02245 0.007757808 -0.01363152 0.0192211 0.007757808 -0.0139 0.02395 0.006619932 -0.0121 0.004999998 0.005906551 -0.01014 0.004999998 0.008757811 -0.01014 0.004999998 0.006651252 -0.01223276 0.004999998 0.007678161 -0.0139 0.004999998 0.007178161 -0.0134 0.004999998 0.008757811 -0.0139 0.004999998 0.007178161 -0.0126 0.004999998 0.007042767 -0.01258344 0.004999998 0.00691536 -0.01253472 0.004999998 0.006803455 -0.01245672 0.004999998 0.006713653 -0.01235405 0.004999998 0.001757811 -0.01005 0.005089998 0.001757811 -0.0094 0.005089998 0.008847811 -0.01005 0.005089998 0.01075781 -0.009399999 0.005089998 0.01075781 -0.009989999 0.005089998 0.01055491 -0.009989999 0.005089998 0.01046076 -0.009991479 0.005089998 0.009768411 -0.01009691 0.005089998 0.009188761 -0.01034247 0.005089998 0.008847811 -0.01059955 0.005089998 0.002757811 -0.0084 0.006089998 0.002757811 -0.0084 0.006459998 0.01075781 -0.008399999 0.006089998 0.01075781 -0.008399999 0.006459998 0.002757811 -0.01099 0.007459998 0.01075781 -0.01099 0.007459998 0.002757811 -0.0094 0.007459998 0.01075781 -0.009399999 0.007459998 0.002498991 -0.01099 0.007425928 0.002257811 -0.01099 0.007326028 0.002257811 -0.01099 0.01064 0.01125781 -0.01099 0.01064 0.01125781 -0.01099 0.006792898 0.01075781 -0.01099 0.007459998 0.01075781 -0.01099 0.006292888 0.002757811 -0.01099 0.007459998 0.001757811 -0.01014 0.004999998 0.002166591 -0.01014 0.004999998 0.001757811 -0.01126311 0.004999998 0.002764961 -0.01014 0.004999998 0.005308181 -0.01014 0.004999998 0.003478341 -0.0121 0.004999998 0.004594801 -0.0121 0.004999998 0.003509661 -0.01223276 0.004999998 0.003572061 -0.01235405 0.004999998 0.004171961 -0.01258344 0.004999998 0.004036571 -0.0126 0.004999998 0.004299371 -0.01253472 0.004999998 0.004411271 -0.01245672 0.004999998 0.004563481 -0.01223276 0.004999998 0.004501081 -0.01235405 0.004999998 0.003773771 -0.01253472 0.004999998 0.003901171 -0.01258344 0.004999998 0.003661861 -0.01245672 0.004999998 0.00475781 -0.0166 0.0256 0.00475781 -0.0139 0.0256 0.00439546 -0.0166 0.0256477 0.00439546 -0.0139 0.0256477 0.00405781 -0.0166 0.0257876 0.00405781 -0.0139 0.0257876 0.00376786 -0.0166 0.02601 0.00376786 -0.0139 0.02601 0.00354537 -0.0166 0.0263 0.00354537 -0.0139 0.0263 0.00340551 -0.0166 0.0266377 0.00340551 -0.0139 0.0266377 0.00335781 -0.0166 0.027 0.00335781 -0.0139 0.027 0.00340551 -0.0166 0.0273623 0.00340551 -0.0139 0.0273623 0.00354537 -0.0166 0.0277 0.00354537 -0.0139 0.0277 0.00376786 -0.0166 0.0279899 0.00376786 -0.0139 0.0279899 0.00405781 -0.0166 0.0282124 0.00405781 -0.0139 0.0282124 0.00439546 -0.0166 0.0283523 0.00439546 -0.0139 0.0283523 0.00475781 -0.0166 0.0284 0.00475781 -0.0139 0.0284 0.00512015 -0.0166 0.0283523 0.00512015 -0.0139 0.0283523 0.00545781 -0.0166 0.0282124 0.00545781 -0.0139 0.0282124 0.00574776 -0.0166 0.0279899 0.00574776 -0.0139 0.0279899 0.00597024 -0.0166 0.0277 0.00597024 -0.0139 0.0277 0.0061101 -0.0166 0.0273623 0.0061101 -0.0139 0.0273623 0.00615781 -0.0166 0.027 0.00615781 -0.0139 0.027 0.0061101 -0.0166 0.0266377 0.0061101 -0.0139 0.0266377 0.00597024 -0.0166 0.0263 0.00597024 -0.0139 0.0263 0.00574776 -0.0166 0.02601 0.00574776 -0.0139 0.02601 0.00545781 -0.0166 0.0257876 0.00545781 -0.0139 0.0257876 0.00512015 -0.0166 0.0256477 0.00512015 -0.0139 0.0256477 0.006106488 0.0137 0.0379694 0.005757808 0.0137 0.038 0.005557808 0.0137 0.03485 0.001757808 0.0137 0.03425 0.005557808 0.0137 0.03425 0.001757808 0.0137 0.036 0.001825958 0.0137 0.0365176 0.006551039 0.0137 0.037836 0.003757808 0.0137 0.038 0.003240168 0.0137 0.0379319 0.002757808 0.0137 0.0377321 0.002343588 0.0137 0.0374142 0.002025758 0.0137 0.037 0.007757806 0.0137 0.03485 0.007757806 0.0137 0.036 0.007703949 0.0137 0.036461 0.007545281 0.0137 0.0368972 0.007290345 0.0137 0.037285 0.006952873 0.0137 0.0376037 0.005557809 0.0137 0.02335 0.005557809 0.0103 0.02185 0.005557809 0.0137 0.02395 0.005557809 0.0103 0.02245 0.001757809 0.0137 0.01975 0.005557809 0.0137 0.01975 0.001757809 0.0103 0.02065 0.005557809 0.0103 0.02065 0.001757809 0.0103 0.02185 0.005557809 0.0103 0.02185 0.001757809 0.0137 0.02335 0.005557809 0.0137 0.02335 0.005557809 0.0137 0.01915 0.005557809 0.0103 0.02005 0.005557809 0.0137 0.01975 0.005557809 0.0103 0.02065 0.004757808 0.0164 0.0284 0.004757808 0.0137 0.0284 0.004395458 0.0164 0.0283523 0.004395458 0.0137 0.0283523 0.004057808 0.0164 0.0282124 0.004057808 0.0137 0.0282124 0.003767858 0.0164 0.0279899 0.003767858 0.0137 0.0279899 0.003545368 0.0164 0.0277 0.003545368 0.0137 0.0277 0.003405508 0.0164 0.0273623 0.003405508 0.0137 0.0273623 0.003357808 0.0164 0.027 0.003357808 0.0137 0.027 0.003405508 0.0164 0.0266377 0.003405508 0.0137 0.0266377 0.003545368 0.0164 0.0263 0.003545369 0.0137 0.0263 0.003767858 0.0164 0.02601 0.003767859 0.0137 0.02601 0.004057808 0.0164 0.0257876 0.004057809 0.0137 0.0257876 0.004395458 0.0164 0.0256477 0.004395459 0.0137 0.0256477 0.004757808 0.0164 0.0256 0.004757809 0.0137 0.0256 0.005120148 0.0164 0.0256477 0.005120149 0.0137 0.0256477 0.005457808 0.0164 0.0257876 0.005457809 0.0137 0.0257876 0.005747758 0.0164 0.02601 0.005747759 0.0137 0.02601 0.005970238 0.0164 0.0263 0.005970239 0.0137 0.0263 0.006110098 0.0164 0.0266377 0.006110098 0.0137 0.0266377 0.006157808 0.0164 0.027 0.006157808 0.0137 0.027 0.006110098 0.0164 0.0273623 0.006110098 0.0137 0.0273623 0.005970238 0.0164 0.0277 0.005970238 0.0137 0.0277 0.005747758 0.0164 0.0279899 0.005747758 0.0137 0.0279899 0.005457808 0.0164 0.0282124 0.005457808 0.0137 0.0282124 0.005120148 0.0164 0.0283523 0.005120148 0.0137 0.0283523 0.004046058 0.0184 0.0296563 0.004757808 0.0184 0.02975 0.005469558 0.0184 0.0296563 0.005557809 0.0103 0.02245 0.007757807 0.0103 0.02245 0.005557809 0.0137 0.02395 0.007757807 0.0137 0.02395 0.005557809 0.0103 0.02065 0.005557809 0.0103 0.02005 0.007757807 0.0103 0.02005 0.007757807 0.0103 0.02245 0.005557809 0.0103 0.02245 0.005557809 0.0103 0.02185 0.001757809 0.0103 0.02185 0.001757809 0.0103 0.02065 0.005557809 0.0137 0.01975 0.001757809 0.0137 0.01975 0.005557809 0.0137 0.01915 0.001757809 0.0137 0.01465 0.009550699 0.0137 0.01465 0.008868719 0.0137 0.015332 0.008313579 0.0137 0.0159809 0.007865575 0.0137 0.0167079 0.007258266 0.0137 0.01915 0.007331344 0.0137 0.0183247 0.007535511 0.0137 0.0174955 0.005557808 0.0103 0.03215 0.005557808 0.0103 0.03155 0.007757806 0.0103 0.03155 0.007757806 0.0103 0.03395 0.005557808 0.0103 0.03395 0.005557808 0.0103 0.03335 0.001757808 0.0103 0.03335 0.001757808 0.0103 0.03215 0.004046058 0.0184 0.0243437 0.004757808 0.0184 0.02425 0.005469558 0.0184 0.0243437 0.005557808 0.0137 0.03005 0.007757806 0.0137 0.03005 0.005557808 0.0103 0.03155 0.007757806 0.0103 0.03155 0.001757809 0.0164 0.009999998 0.001834669 0.0164 0.009219638 0.001757809 0.0164 0.007999998 0.002062289 0.0164 0.008469268 0.002293709 0.0164 0.007999998 0.009221909 0.0164 0.007999998 0.009453329 0.0164 0.008469268 0.009757809 0.0164 0.007999998 0.009680949 0.0164 0.009219638 0.009757809 0.0164 0.009999998 0.003405508 0.0137 0.0273623 0.001757808 0.0137 0.03065 0.003357808 0.0137 0.027 0.001757809 0.0137 0.02335 0.003405508 0.0137 0.0266377 0.005557809 0.0137 0.02335 0.005557809 0.0137 0.02395 0.004757809 0.0137 0.0256 0.004395459 0.0137 0.0256477 0.004395458 0.0137 0.0283523 0.005557808 0.0137 0.03005 0.004057808 0.0137 0.0282124 0.003767858 0.0137 0.0279899 0.004057809 0.0137 0.0257876 0.003767859 0.0137 0.02601 0.003545369 0.0137 0.0263 0.005557808 0.0137 0.03065 0.003545368 0.0137 0.0277 0.007757807 0.0137 0.02395 0.005457809 0.0137 0.0257876 0.005120149 0.0137 0.0256477 0.004757808 0.0137 0.0284 0.005120148 0.0137 0.0283523 0.007757806 0.0137 0.03005 0.005457808 0.0137 0.0282124 0.005747758 0.0137 0.0279899 0.005970238 0.0137 0.0277 0.006110098 0.0137 0.0273623 0.006157808 0.0137 0.027 0.006110098 0.0137 0.0266377 0.005970239 0.0137 0.0263 0.005747759 0.0137 0.02601 0.005557808 0.0103 0.03395 0.007757806 0.0103 0.03395 0.005557808 0.0137 0.03485 0.007757806 0.0137 0.03485 0.007745355 0.014077 0.0190502 0.007761946 0.0142 0.0190176 0.007757807 0.0134315 0.0192211 0.007743374 0.0140707 0.0190519 0.005557809 0.0103 0.02005 0.005557809 0.0137 0.01915 0.007757807 0.0103 0.02005 0.007258266 0.0137 0.01915 0.007372488 0.0137132 0.0191465 0.007387604 0.0137175 0.0191454 0.007420163 0.0137269 0.0191429 0.007525757 0.0137774 0.0191295 0.007563759 0.0138038 0.0191225 0.007676041 0.0139235 0.0190908 0.007690162 0.0139513 0.0190835 0.007731554 0.0140328 0.0190619 0.007610064 0.013849 0.0191106 0.007649663 0.0138876 0.0191003 0.001757808 0.0103 0.03335 0.005557808 0.0103 0.03335 0.001757808 0.0137 0.03425 0.005557808 0.0137 0.03425 0.005557808 0.0137 0.03425 0.005557808 0.0103 0.03335 0.005557808 0.0137 0.03485 0.005557808 0.0103 0.03395 0.001757808 0.0137 0.03065 0.005557808 0.0137 0.03065 0.001757808 0.0103 0.03215 0.005557808 0.0103 0.03215 0.005557808 0.0137 0.03005 0.005557808 0.0103 0.03155 0.005557808 0.0137 0.03065 0.005557808 0.0103 0.03215 0.007757807 -0.0105 0.03155 0.007757808 -0.0139 0.03005 0.005557809 -0.0105 0.03155 0.00555781 -0.0139 0.03005 0.007757808 -0.0139 0.02395 0.007757808 -0.0105 0.02245 0.00555781 -0.0139 0.02395 0.00555781 -0.0105 0.02245 0.00555781 -0.0105 0.02185 0.00555781 -0.0105 0.02245 0.007757808 -0.0105 0.02245 0.007757808 -0.0105 0.02005 0.00555781 -0.0105 0.02005 0.00555781 -0.0105 0.02065 0.00175781 -0.0105 0.02065 0.00175781 -0.0105 0.02185 0.007757808 -0.01363152 0.0192211 0.007640695 -0.01407684 0.0191032 0.007610388 -0.01404879 0.0191106 0.007761947 -0.0144 0.0190176 0.00774557 -0.01427783 0.01905 0.00774331 -0.01427069 0.0190519 0.007729931 -0.01422843 0.0190631 0.007690009 -0.01415139 0.0190835 0.007673876 -0.01412026 0.0190917 0.00755355 -0.01399619 0.0191245 0.007505567 -0.01396528 0.0191327 0.007757808 -0.0105 0.02005 0.007398844 -0.01392014 0.0191447 0.007387637 -0.01391753 0.0191454 0.00555781 -0.0139 0.01915 0.00555781 -0.0105 0.02005 0.007258267 -0.0139 0.01915 0.00734515 -0.0139076 0.019148 0.007757807 -0.0139 0.03485 0.007757807 -0.0105 0.03395 0.005557809 -0.0139 0.03485 0.005557809 -0.0105 0.03395 0.005557809 -0.0105 0.03335 0.005557809 -0.0105 0.03395 0.007757807 -0.0105 0.03395 0.007757807 -0.0105 0.03155 0.005557809 -0.0105 0.03155 0.005557809 -0.0105 0.03215 0.001757809 -0.0105 0.03215 0.001757809 -0.0105 0.03335 0.005891991 -0.0101 0.005039998 0.005891991 -0.0101 -1.91919e-09 0.005322741 -0.0101 0.005039998 0.005322741 -0.0101 -1.949994e-09 0.002293711 -0.0166 0.007999998 0.002037551 -0.0166 0.008530418 0.001757811 -0.0166 0.007999998 0.001821491 -0.0166 0.009289078 0.001757811 -0.0166 0.009999998 0.009757811 -0.0166 0.009999998 0.009680031 -0.0166 0.009215018 0.009757811 -0.0166 0.007999998 0.009449711 -0.0166 0.008460558 0.009221911 -0.0166 0.007999998 -0.01288864 -0.01385355 -2.935477e-09 -0.01280914 -0.01375 -2.931175e-09 0.007178161 -0.0134 -1.849591e-09 -0.01275924 -0.01362941 -2.928475e-09 -0.01274224 -0.0135 -2.927555e-09 -0.01120684 -0.01235405 -2.844469e-09 -0.01114444 -0.01223276 -2.841092e-09 -0.008994339 -0.01235405 -2.724743e-09 -0.01372514 -0.01362941 -2.980743e-09 -0.01367524 -0.01375 -2.978043e-09 -0.03366254 -0.0165 -4.059627e-09 -0.01359574 -0.01385355 -2.973741e-09 -0.01349224 -0.01393301 -2.96814e-09 -0.01337164 -0.01398296 -2.961614e-09 -0.01324224 -0.014 -2.954612e-09 -0.01311274 -0.01398296 -2.947604e-09 -0.01299224 -0.01393301 -2.941083e-09 -0.01299224 -0.01306699 -2.941083e-09 -0.01311274 -0.01301704 -2.947604e-09 -0.01295754 -0.0101 -2.939206e-09 -0.01352684 -0.0101 -2.970012e-09 -0.01349224 -0.01306699 -2.96814e-09 -0.01425474 -0.0121 -3.009402e-09 -0.01337164 -0.01301704 -2.961614e-09 -0.01324224 -0.013 -2.954612e-09 0.007757809 -0.0165 -1.818224e-09 0.007678161 -0.0139 -1.822534e-09 0.007757809 -0.0139 -1.818224e-09 -0.01193424 -0.01253472 -2.883831e-09 -0.01180674 -0.01258344 -2.876932e-09 -0.01280914 -0.01325 -2.931175e-09 -0.01167144 -0.0126 -2.86961e-09 -0.01275924 -0.01337059 -2.928475e-09 -0.01222964 -0.0121 -2.899816e-09 -0.01219834 -0.01223276 -2.898123e-09 -0.01288864 -0.01314645 -2.935477e-09 -0.01213594 -0.01235405 -2.894746e-09 -0.01204614 -0.01245672 -2.889886e-09 -0.01367524 -0.01325 -2.978043e-09 -0.01481294 -0.0126 -3.039608e-09 -0.01467764 -0.01258344 -3.032286e-09 -0.008065339 -0.01235405 -2.674471e-09 -0.005762939 -0.01245672 -2.54988e-09 -0.005651039 -0.01253472 -2.543825e-09 -0.01153604 -0.01258344 -2.862283e-09 -0.01140864 -0.01253472 -2.855389e-09 -0.01129664 -0.01245672 -2.849328e-09 -0.01455014 -0.01253472 -3.025387e-09 -0.01443824 -0.01245672 -3.019332e-09 -0.01359574 -0.01314645 -2.973741e-09 -0.01434844 -0.01235405 -3.014472e-09 -0.01428604 -0.01223276 -3.011095e-09 -0.02784384 -0.01235405 -3.744756e-09 -0.02775404 -0.01245672 -3.739897e-09 -0.02999404 -0.01223276 -3.861111e-09 -0.03098544 -0.01235405 -3.91476e-09 -0.03089564 -0.01245672 -3.9099e-09 -0.03313564 -0.01223276 -4.031115e-09 -0.01038524 -0.0101 -2.800009e-09 -0.009815939 -0.0101 -2.769202e-09 -0.01111314 -0.0121 -2.839398e-09 -0.009088039 -0.0121 -2.729813e-09 -0.009056739 -0.01223276 -2.728119e-09 -0.008792639 -0.01253472 -2.713828e-09 -0.008665239 -0.01258344 -2.706934e-09 -0.002711129 -0.01235405 -2.384736e-09 -0.002621319 -0.01245672 -2.379876e-09 -0.002509419 -0.01253472 -2.37382e-09 -0.01666844 -0.0101 -3.140016e-09 -0.01609914 -0.0101 -3.109209e-09 -0.01739634 -0.0121 -3.179405e-09 -0.01537124 -0.0121 -3.069819e-09 -0.01742764 -0.01223276 -3.181099e-09 -0.01533994 -0.01223276 -3.068126e-09 -0.01527754 -0.01235405 -3.064749e-09 -0.03237634 -0.0101 -3.990026e-09 -0.03180714 -0.0101 -3.959225e-09 -0.03310434 -0.0121 -4.029421e-09 -0.03107914 -0.0121 -3.91983e-09 -0.03104784 -0.01223276 -3.918136e-09 -0.004102039 -0.0101 -2.460003e-09 -0.003532739 -0.0101 -2.429196e-09 -0.004829939 -0.0121 -2.499392e-09 -0.002804849 -0.0121 -2.389807e-09 -0.004861339 -0.01223276 -2.501091e-09 -0.002773529 -0.01223276 -2.388112e-09 -0.004923739 -0.01235405 -2.504468e-09 -0.005013539 -0.01245672 -2.509327e-09 -0.008904539 -0.01245672 -2.719883e-09 -0.005388239 -0.0126 -2.529604e-09 -0.008394439 -0.01258344 -2.69228e-09 -0.008267039 -0.01253472 -2.685386e-09 -0.007243639 -0.0101 -2.630006e-09 -0.006674339 -0.0101 -2.599199e-09 -0.007971539 -0.0121 -2.669395e-09 -0.005946439 -0.0121 -2.55981e-09 -0.008002939 -0.01223276 -2.671094e-09 -0.005915139 -0.01223276 -2.558116e-09 -0.005852739 -0.01235405 -2.554739e-09 -0.01518774 -0.01245672 -3.05989e-09 -0.01507584 -0.01253472 -3.053834e-09 -0.01494834 -0.01258344 -3.046935e-09 -0.01372514 -0.01337059 -2.980743e-09 -0.02724394 -0.01258344 -3.712294e-09 -0.02711654 -0.01253472 -3.7054e-09 -0.01374224 -0.0135 -2.981668e-09 -0.008529839 -0.0126 -2.699607e-09 -0.005523639 -0.01258344 -2.536931e-09 -0.008155139 -0.01245672 -2.679331e-09 -0.002382009 -0.01258344 -2.366926e-09 -0.002246619 -0.0126 -2.359599e-09 -0.002111219 -0.01258344 -2.352272e-09 -0.001983819 -0.01253472 -2.345378e-09 0.0005202712 -0.01245672 -2.209873e-09 0.0006321712 -0.01253472 -2.203818e-09 -0.001782109 -0.01235405 -2.334463e-09 0.0007595812 -0.01258344 -2.196923e-09 0.004171961 -0.01258344 -2.012267e-09 0.004299371 -0.01253472 -2.005373e-09 0.004411271 -0.01245672 -1.999317e-09 0.004501081 -0.01235405 -1.994457e-09 0.004563481 -0.01223276 -1.991081e-09 -0.02397494 -0.01253472 -3.535396e-09 -0.02386304 -0.01245672 -3.529341e-09 -0.02156064 -0.01235405 -3.40475e-09 -0.02377324 -0.01235405 -3.524482e-09 -0.02371084 -0.01223276 -3.521105e-09 -0.03366254 -0.0126 -4.059627e-09 -0.03352714 -0.01258344 -4.0523e-09 -0.02737934 -0.0126 -3.719621e-09 -0.01841904 -0.01235405 -3.234747e-09 -0.01832924 -0.01245672 -3.229887e-09 -0.02056924 -0.01223276 -3.351102e-09 -0.01821734 -0.01253472 -3.223832e-09 -0.01795454 -0.0126 -3.209611e-09 -0.01781914 -0.01258344 -3.202284e-09 -0.02923474 -0.0101 -3.820023e-09 -0.02866554 -0.0101 -3.789222e-09 -0.02996274 -0.0121 -3.859418e-09 -0.02793754 -0.0121 -3.749827e-09 -0.02790624 -0.01223276 -3.748133e-09 0.007178161 -0.0126 -1.849591e-09 0.007042767 -0.01258344 -1.856918e-09 0.00691536 -0.01253472 -1.863812e-09 -0.03052094 -0.0126 -3.889624e-09 -0.03038554 -0.01258344 -3.882297e-09 -0.02147084 -0.01245672 -3.399891e-09 -0.02423774 -0.0126 -3.549617e-09 -0.02410234 -0.01258344 -3.542291e-09 -0.01981004 -0.0101 -3.310019e-09 -0.01924074 -0.0101 -3.279212e-09 -0.02053794 -0.0121 -3.349408e-09 -0.01851284 -0.0121 -3.239823e-09 -0.01848154 -0.01223276 -3.238129e-09 -0.01808994 -0.01258344 -3.216938e-09 -0.005252839 -0.01258344 -2.522277e-09 -0.005125439 -0.01253472 -2.515383e-09 0.003661861 -0.01245672 -2.03987e-09 0.0008949712 -0.0126 -2.189597e-09 0.003572061 -0.01235405 -2.04473e-09 0.001030371 -0.01258344 -2.18227e-09 0.003509661 -0.01223276 -2.048107e-09 0.003478341 -0.0121 -2.049801e-09 0.006803455 -0.01245672 -1.869868e-09 0.006713653 -0.01235405 -1.874727e-09 -0.02295164 -0.0101 -3.480022e-09 -0.02238234 -0.0101 -3.449215e-09 -0.02367954 -0.0121 -3.519411e-09 -0.02165444 -0.0121 -3.409826e-09 -0.02162304 -0.01223276 -3.408127e-09 -0.03078374 -0.01253472 -3.903845e-09 -0.03065634 -0.01258344 -3.896951e-09 -0.03319804 -0.01235405 -4.034491e-09 -0.03328784 -0.01245672 -4.039351e-09 -0.03339974 -0.01253472 -4.045406e-09 -0.01769174 -0.01253472 -3.19539e-09 -0.01757984 -0.01245672 -3.189335e-09 -0.01749004 -0.01235405 -3.184475e-09 0.001157781 -0.01253472 -2.175375e-09 0.001269681 -0.01245672 -2.16932e-09 0.001359481 -0.01235405 -2.16446e-09 0.005322741 -0.0101 -1.949994e-09 0.005891991 -0.0101 -1.91919e-09 0.004594801 -0.0121 -1.989386e-09 0.006619932 -0.0121 -1.879799e-09 0.006651252 -0.01223276 -1.878104e-09 -0.02476464 -0.01223276 -3.57813e-09 -0.02700464 -0.01245672 -3.699344e-09 0.002181141 -0.0101 -2.119998e-09 0.002750401 -0.0101 -2.089193e-09 0.001453201 -0.0121 -2.159389e-09 0.001421881 -0.01223276 -2.161084e-09 -0.03025814 -0.01253472 -3.875403e-09 -0.03014624 -0.01245672 -3.869348e-09 -0.03005644 -0.01235405 -3.864488e-09 -0.02751474 -0.01258344 -3.726948e-09 -0.02764214 -0.01253472 -3.733842e-09 -0.000960449 -0.0101 -2.29e-09 -0.000391189 -0.0101 -2.259195e-09 -0.001688389 -0.0121 -2.329392e-09 0.0003367511 -0.0121 -2.219804e-09 -0.001719709 -0.01223276 -2.331086e-09 0.0003680711 -0.01223276 -2.218109e-09 0.0004304711 -0.01235405 -2.214733e-09 -0.001871909 -0.01245672 -2.339323e-09 0.003773771 -0.01253472 -2.033815e-09 0.003901171 -0.01258344 -2.026921e-09 0.004036571 -0.0126 -2.019594e-09 -0.02470224 -0.01235405 -3.574753e-09 -0.02461244 -0.01245672 -3.569894e-09 -0.02450054 -0.01253472 -3.563839e-09 -0.02072144 -0.01245672 -3.359338e-09 -0.02083334 -0.01253472 -3.365393e-09 -0.02096074 -0.01258344 -3.372287e-09 -0.02063164 -0.01235405 -3.354479e-09 -0.02609324 -0.0101 -3.650025e-09 -0.02552394 -0.0101 -3.619218e-09 -0.02682114 -0.0121 -3.689415e-09 -0.02479604 -0.0121 -3.579829e-09 -0.02685244 -0.01223276 -3.691108e-09 -0.02691484 -0.01235405 -3.694485e-09 -0.02135894 -0.01253472 -3.393835e-09 -0.02123154 -0.01258344 -3.386941e-09 -0.02109614 -0.0126 -3.379614e-09 -0.02437314 -0.01258344 -3.556944e-09 -0.01275924 -0.01362941 0.004999997 -0.01280914 -0.01375 0.004999997 0.001757811 -0.0165 0.004999998 -0.01288864 -0.01385355 0.004999997 -0.01299224 -0.01393301 0.004999997 0.001421881 -0.01223276 0.004999998 0.001453201 -0.0121 0.004999998 0.001757811 -0.01126311 0.004999998 0.001359481 -0.01235405 0.004999998 0.001269681 -0.01245672 0.004999998 0.001157781 -0.01253472 0.004999998 -0.03166254 -0.0165 0.004999996 -0.01349224 -0.01393301 0.004999997 -0.01359574 -0.01385355 0.004999997 -0.02147084 -0.01245672 0.004999997 -0.02156064 -0.01235405 0.004999997 -0.02371084 -0.01223276 0.004999996 -0.01507584 -0.01253472 0.004999997 -0.01518774 -0.01245672 0.004999997 -0.01749004 -0.01235405 0.004999997 -0.01299224 -0.01306699 0.004999997 -0.01222964 -0.0121 0.004999997 -0.01311274 -0.01301704 0.004999997 -0.01295754 -0.0101 0.004999997 -0.01324224 -0.013 0.004999997 -0.01352684 -0.0101 0.004999997 -0.01337164 -0.01301704 0.004999997 -0.01349224 -0.01306699 0.004999997 -0.01311274 -0.01398296 0.004999997 -0.01324224 -0.014 0.004999997 -0.01337164 -0.01398296 0.004999997 -0.02135894 -0.01253472 0.004999997 -0.01832924 -0.01245672 0.004999997 -0.01841904 -0.01235405 0.004999997 -0.02056924 -0.01223276 0.004999997 -0.01494834 -0.01258344 0.004999997 -0.01425474 -0.0121 0.004999997 -0.01428604 -0.01223276 0.004999997 -0.01359574 -0.01314645 0.004999997 -0.01434844 -0.01235405 0.004999997 -0.01367524 -0.01325 0.004999997 -0.01443824 -0.01245672 0.004999997 -0.01455014 -0.01253472 0.004999997 -0.02450054 -0.01253472 0.004999996 -0.02461244 -0.01245672 0.004999996 -0.02711654 -0.01253472 0.004999996 -0.01467764 -0.01258344 0.004999997 -0.01481294 -0.0126 0.004999997 -0.01372514 -0.01337059 0.004999997 -0.01527754 -0.01235405 0.004999997 -0.01533994 -0.01223276 0.004999997 -0.01742764 -0.01223276 0.004999997 -0.01537124 -0.0121 0.004999997 -0.01739634 -0.0121 0.004999997 -0.01609914 -0.0101 0.004999997 -0.01666844 -0.0101 0.004999997 -0.01180674 -0.01258344 0.004999997 -0.01193424 -0.01253472 0.004999997 -0.01280914 -0.01325 0.004999997 -0.01204614 -0.01245672 0.004999997 -0.01288864 -0.01314645 0.004999997 -0.01213594 -0.01235405 0.004999997 -0.01219834 -0.01223276 0.004999997 -0.01274224 -0.0135 0.004999997 0.0008949709 -0.0126 0.004999998 0.001030371 -0.01258344 0.004999998 -0.02162304 -0.01223276 0.004999997 -0.02165444 -0.0121 0.004999997 -0.02367954 -0.0121 0.004999996 -0.02238234 -0.0101 0.004999997 -0.02295164 -0.0101 0.004999997 -0.008994339 -0.01235405 0.004999997 -0.009056739 -0.01223276 0.004999997 -0.01114444 -0.01223276 0.004999997 -0.009088039 -0.0121 0.004999997 -0.01111314 -0.0121 0.004999997 -0.009815939 -0.0101 0.004999997 -0.01038524 -0.0101 0.004999997 -0.01120684 -0.01235405 0.004999997 -0.01129664 -0.01245672 0.004999997 -0.01140864 -0.01253472 0.004999997 -0.01275924 -0.01337059 0.004999997 -0.01153604 -0.01258344 0.004999997 -0.01167144 -0.0126 0.004999997 -0.005651039 -0.01253472 0.004999997 -0.005762939 -0.01245672 0.004999997 -0.005852739 -0.01235405 0.004999997 -0.005915139 -0.01223276 0.004999997 -0.002773529 -0.01223276 0.004999998 -0.004923739 -0.01235405 0.004999997 -0.005013539 -0.01245672 0.004999997 -0.01769174 -0.01253472 0.004999997 -0.01781914 -0.01258344 0.004999997 -0.01374224 -0.0135 0.004999997 -0.01848154 -0.01223276 0.004999997 -0.01851284 -0.0121 0.004999997 -0.02053794 -0.0121 0.004999997 -0.01924074 -0.0101 0.004999997 -0.01981004 -0.0101 0.004999997 -0.02470224 -0.01235405 0.004999996 -0.02476464 -0.01223276 0.004999996 -0.02700464 -0.01245672 0.004999996 -0.02764214 -0.01253472 0.004999996 -0.02775404 -0.01245672 0.004999996 -0.03025814 -0.01253472 0.004999996 -0.006674339 -0.0101 0.004999997 -0.007243639 -0.0101 0.004999997 -0.007971539 -0.0121 0.004999997 -0.01367524 -0.01375 0.004999997 -0.01372514 -0.01362941 0.004999997 -0.03078374 -0.01253472 0.004999996 -0.03089564 -0.01245672 0.004999996 -0.03098544 -0.01235405 0.004999996 -0.03104784 -0.01223276 0.004999996 -0.03107914 -0.0121 0.004999996 -0.03166254 -0.01049722 0.004999996 -0.01757984 -0.01245672 0.004999997 -0.02386304 -0.01245672 0.004999996 -0.02397494 -0.01253472 0.004999996 -0.02784384 -0.01235405 0.004999996 -0.02790624 -0.01223276 0.004999996 -0.03014624 -0.01245672 0.004999996 -0.004861339 -0.01223276 0.004999997 -0.002804849 -0.0121 0.004999998 -0.004829939 -0.0121 0.004999998 -0.003532739 -0.0101 0.004999998 -0.004102039 -0.0101 0.004999998 -0.008155139 -0.01245672 0.004999997 -0.008267039 -0.01253472 0.004999997 -0.008394439 -0.01258344 0.004999997 -0.008529839 -0.0126 0.004999997 -0.008665239 -0.01258344 0.004999997 -0.008904539 -0.01245672 0.004999997 -0.008792639 -0.01253472 0.004999997 -0.03038554 -0.01258344 0.004999996 -0.03052094 -0.0126 0.004999996 -0.03065634 -0.01258344 0.004999996 -0.02063164 -0.01235405 0.004999997 -0.02072144 -0.01245672 0.004999997 -0.02083334 -0.01253472 0.004999997 -0.02552394 -0.0101 0.004999996 -0.02609324 -0.0101 0.004999996 -0.02682114 -0.0121 0.004999996 -0.02479604 -0.0121 0.004999996 -0.02685244 -0.01223276 0.004999996 -0.02691484 -0.01235405 0.004999996 -0.02724394 -0.01258344 0.004999996 -0.02737934 -0.0126 0.004999996 -0.02751474 -0.01258344 0.004999996 -0.005946439 -0.0121 0.004999997 -0.008002939 -0.01223276 0.004999997 -0.008065339 -0.01235405 0.004999997 -0.01795454 -0.0126 0.004999997 -0.01808994 -0.01258344 0.004999997 -0.01821734 -0.01253472 0.004999997 -0.02123154 -0.01258344 0.004999997 -0.02377324 -0.01235405 0.004999996 -0.02109614 -0.0126 0.004999997 -0.02410234 -0.01258344 0.004999996 -0.02423774 -0.0126 0.004999996 -0.02437314 -0.01258344 0.004999996 -0.02866554 -0.0101 0.004999996 -0.02923474 -0.0101 0.004999996 -0.02996274 -0.0121 0.004999996 -0.02793754 -0.0121 0.004999996 -0.02999404 -0.01223276 0.004999996 -0.03005644 -0.01235405 0.004999996 0.0007595809 -0.01258344 0.004999998 0.0006321709 -0.01253472 0.004999998 -0.001782109 -0.01235405 0.004999998 0.0005202709 -0.01245672 0.004999998 0.0004304709 -0.01235405 0.004999998 0.0003680709 -0.01223276 0.004999998 -0.001719709 -0.01223276 0.004999998 0.0003367509 -0.0121 0.004999998 -0.001688389 -0.0121 0.004999998 -0.0003911892 -0.0101 0.004999998 -0.0009604492 -0.0101 0.004999998 -0.001871909 -0.01245672 0.004999998 -0.001983819 -0.01253472 0.004999998 -0.002509419 -0.01253472 0.004999998 -0.002621319 -0.01245672 0.004999998 -0.002711129 -0.01235405 0.004999998 -0.02096074 -0.01258344 0.004999997 -0.002111219 -0.01258344 0.004999998 -0.002246619 -0.0126 0.004999998 -0.002382009 -0.01258344 0.004999998 -0.005125439 -0.01253472 0.004999997 -0.005252839 -0.01258344 0.004999997 -0.005388239 -0.0126 0.004999997 -0.005523639 -0.01258344 0.004999997 0.002181141 -0.0101 -2.119998e-09 0.002181141 -0.0101 0.005039998 0.002750401 -0.0101 -2.089193e-09 0.002750401 -0.0101 0.005039998 -0.000960449 -0.0101 -2.29e-09 -0.0009604492 -0.0101 0.004999998 -0.000391189 -0.0101 -2.259195e-09 -0.0003911892 -0.0101 0.004999998 -0.004102039 -0.0101 -2.460003e-09 -0.004102039 -0.0101 0.004999998 -0.003532739 -0.0101 -2.429196e-09 -0.003532739 -0.0101 0.004999998 -0.007243639 -0.0101 -2.630006e-09 -0.007243639 -0.0101 0.004999997 -0.006674339 -0.0101 -2.599199e-09 -0.006674339 -0.0101 0.004999997 -0.01038524 -0.0101 -2.800009e-09 -0.01038524 -0.0101 0.004999997 -0.009815939 -0.0101 -2.769202e-09 -0.009815939 -0.0101 0.004999997 -0.01352684 -0.0101 -2.970012e-09 -0.01352684 -0.0101 0.004999997 -0.01295754 -0.0101 -2.939206e-09 -0.01295754 -0.0101 0.004999997 -0.01666844 -0.0101 -3.140016e-09 -0.01666844 -0.0101 0.004999997 -0.01609914 -0.0101 -3.109209e-09 -0.01609914 -0.0101 0.004999997 -0.01981004 -0.0101 -3.310019e-09 -0.01981004 -0.0101 0.004999997 -0.01924074 -0.0101 -3.279212e-09 -0.01924074 -0.0101 0.004999997 -0.02295164 -0.0101 -3.480022e-09 -0.02295164 -0.0101 0.004999997 -0.02238234 -0.0101 -3.449215e-09 -0.02238234 -0.0101 0.004999997 -0.02609324 -0.0101 -3.650025e-09 -0.02609324 -0.0101 0.004999996 -0.02552394 -0.0101 -3.619218e-09 -0.02552394 -0.0101 0.004999996 -0.02923474 -0.0101 -3.820023e-09 -0.02923474 -0.0101 0.004999996 -0.02866554 -0.0101 -3.789222e-09 -0.02866554 -0.0101 0.004999996 -0.03180714 -0.0101 0.004855419 -0.03180714 -0.0101 -3.959225e-09 -0.03237634 -0.0101 0.004286165 -0.03237634 -0.0101 -3.990026e-09 0.007178161 -0.0126 0.004999998 0.007178161 -0.0126 -1.849591e-09 0.007042767 -0.01258344 0.004999998 0.007042767 -0.01258344 -1.856918e-09 0.00691536 -0.01253472 0.004999998 0.00691536 -0.01253472 -1.863812e-09 0.006803455 -0.01245672 0.004999998 0.006803455 -0.01245672 -1.869868e-09 0.006713653 -0.01235405 0.004999998 0.006713653 -0.01235405 -1.874727e-09 0.006651252 -0.01223276 0.004999998 0.006651252 -0.01223276 -1.878104e-09 0.006619932 -0.0121 0.004999998 0.006619932 -0.0121 -1.879799e-09 0.006619932 -0.0121 0.004999998 0.006619932 -0.0121 -1.879799e-09 0.005906551 -0.01014 0.004999998 0.005891991 -0.0101 -1.91919e-09 0.005891991 -0.0101 0.005039998 0.00546956 -0.0186 0.0243437 0.00475781 -0.0186 0.02425 0.00404606 -0.0186 0.0243437 0.00546956 -0.0186 0.0296563 0.00475781 -0.0186 0.02975 0.00404606 -0.0186 0.0296563 -0.03237634 -0.0101 0.004286165 -0.03237634 -0.0101 -3.990026e-09 -0.03310434 -0.0121 0.003558226 -0.03310434 -0.0121 -4.029421e-09 -0.03310434 -0.0121 0.003558226 -0.03310434 -0.0121 -4.029421e-09 -0.03311594 -0.01216733 0.003546606 -0.03313564 -0.01223276 -4.031115e-09 -0.03313564 -0.01223276 0.003526906 -0.03316314 -0.01229531 0.003499396 -0.03319804 -0.01235405 -4.034491e-09 -0.03319804 -0.01235405 0.003464506 -0.03328784 -0.01245672 -4.039351e-09 -0.03328784 -0.01245672 0.003374706 -0.03339974 -0.01253472 -4.045406e-09 -0.03339974 -0.01253472 0.003262796 -0.03352714 -0.01258344 -4.0523e-09 -0.03352714 -0.01258344 0.003135386 -0.03366254 -0.0126 -4.059627e-09 -0.03366254 -0.0126 0.002999996 -0.02996274 -0.0121 0.004999996 -0.02923474 -0.0101 0.004999996 -0.02996274 -0.0121 -3.859418e-09 -0.02923474 -0.0101 -3.820023e-09 -0.03107914 -0.0121 0.004999996 -0.03107914 -0.0121 -3.91983e-09 -0.03166254 -0.01049722 0.004999996 -0.03180714 -0.0101 -3.959225e-09 -0.03180714 -0.0101 0.004855419 -0.02996274 -0.0121 0.004999996 -0.02996274 -0.0121 -3.859418e-09 -0.02999404 -0.01223276 0.004999996 -0.02999404 -0.01223276 -3.861111e-09 -0.03005644 -0.01235405 0.004999996 -0.03005644 -0.01235405 -3.864488e-09 -0.03014624 -0.01245672 0.004999996 -0.03014624 -0.01245672 -3.869348e-09 -0.03025814 -0.01253472 0.004999996 -0.03025814 -0.01253472 -3.875403e-09 -0.03038554 -0.01258344 0.004999996 -0.03038554 -0.01258344 -3.882297e-09 -0.03052094 -0.0126 0.004999996 -0.03052094 -0.0126 -3.889624e-09 -0.03065634 -0.01258344 0.004999996 -0.03065634 -0.01258344 -3.896951e-09 -0.03078374 -0.01253472 0.004999996 -0.03078374 -0.01253472 -3.903845e-09 -0.03089564 -0.01245672 0.004999996 -0.03089564 -0.01245672 -3.9099e-09 -0.03098544 -0.01235405 0.004999996 -0.03098544 -0.01235405 -3.91476e-09 -0.03104784 -0.01223276 0.004999996 -0.03104784 -0.01223276 -3.918136e-09 -0.03107914 -0.0121 0.004999996 -0.03107914 -0.0121 -3.91983e-09 -0.02682114 -0.0121 0.004999996 -0.02609324 -0.0101 0.004999996 -0.02682114 -0.0121 -3.689415e-09 -0.02609324 -0.0101 -3.650025e-09 -0.02866554 -0.0101 0.004999996 -0.02793754 -0.0121 0.004999996 -0.02866554 -0.0101 -3.789222e-09 -0.02793754 -0.0121 -3.749827e-09 -0.02682114 -0.0121 0.004999996 -0.02682114 -0.0121 -3.689415e-09 -0.02685244 -0.01223276 0.004999996 -0.02685244 -0.01223276 -3.691108e-09 -0.02691484 -0.01235405 0.004999996 -0.02691484 -0.01235405 -3.694485e-09 -0.02700464 -0.01245672 0.004999996 -0.02700464 -0.01245672 -3.699344e-09 -0.02711654 -0.01253472 0.004999996 -0.02711654 -0.01253472 -3.7054e-09 -0.02724394 -0.01258344 0.004999996 -0.02724394 -0.01258344 -3.712294e-09 -0.02737934 -0.0126 0.004999996 -0.02737934 -0.0126 -3.719621e-09 -0.02751474 -0.01258344 0.004999996 -0.02751474 -0.01258344 -3.726948e-09 -0.02764214 -0.01253472 0.004999996 -0.02764214 -0.01253472 -3.733842e-09 -0.02775404 -0.01245672 0.004999996 -0.02775404 -0.01245672 -3.739897e-09 -0.02784384 -0.01235405 0.004999996 -0.02784384 -0.01235405 -3.744756e-09 -0.02790624 -0.01223276 0.004999996 -0.02790624 -0.01223276 -3.748133e-09 -0.02793754 -0.0121 0.004999996 -0.02793754 -0.0121 -3.749827e-09 -0.02367954 -0.0121 0.004999996 -0.02295164 -0.0101 0.004999997 -0.02367954 -0.0121 -3.519411e-09 -0.02295164 -0.0101 -3.480022e-09 -0.02552394 -0.0101 0.004999996 -0.02479604 -0.0121 0.004999996 -0.02552394 -0.0101 -3.619218e-09 -0.02479604 -0.0121 -3.579829e-09 -0.02367954 -0.0121 0.004999996 -0.02367954 -0.0121 -3.519411e-09 -0.02371084 -0.01223276 0.004999996 -0.02371084 -0.01223276 -3.521105e-09 -0.02377324 -0.01235405 0.004999996 -0.02377324 -0.01235405 -3.524482e-09 -0.02386304 -0.01245672 0.004999996 -0.02386304 -0.01245672 -3.529341e-09 -0.02397494 -0.01253472 0.004999996 -0.02397494 -0.01253472 -3.535396e-09 -0.02410234 -0.01258344 0.004999996 -0.02410234 -0.01258344 -3.542291e-09 -0.02423774 -0.0126 0.004999996 -0.02423774 -0.0126 -3.549617e-09 -0.02437314 -0.01258344 0.004999996 -0.02437314 -0.01258344 -3.556944e-09 -0.02450054 -0.01253472 0.004999996 -0.02450054 -0.01253472 -3.563839e-09 -0.02461244 -0.01245672 0.004999996 -0.02461244 -0.01245672 -3.569894e-09 -0.02470224 -0.01235405 0.004999996 -0.02470224 -0.01235405 -3.574753e-09 -0.02476464 -0.01223276 0.004999996 -0.02476464 -0.01223276 -3.57813e-09 -0.02479604 -0.0121 0.004999996 -0.02479604 -0.0121 -3.579829e-09 -0.02053794 -0.0121 0.004999997 -0.01981004 -0.0101 0.004999997 -0.02053794 -0.0121 -3.349408e-09 -0.01981004 -0.0101 -3.310019e-09 -0.02238234 -0.0101 0.004999997 -0.02165444 -0.0121 0.004999997 -0.02238234 -0.0101 -3.449215e-09 -0.02165444 -0.0121 -3.409826e-09 -0.02053794 -0.0121 0.004999997 -0.02053794 -0.0121 -3.349408e-09 -0.02056924 -0.01223276 0.004999997 -0.02056924 -0.01223276 -3.351102e-09 -0.02063164 -0.01235405 0.004999997 -0.02063164 -0.01235405 -3.354479e-09 -0.02072144 -0.01245672 0.004999997 -0.02072144 -0.01245672 -3.359338e-09 -0.02083334 -0.01253472 0.004999997 -0.02083334 -0.01253472 -3.365393e-09 -0.02096074 -0.01258344 0.004999997 -0.02096074 -0.01258344 -3.372287e-09 -0.02109614 -0.0126 0.004999997 -0.02109614 -0.0126 -3.379614e-09 -0.02123154 -0.01258344 0.004999997 -0.02123154 -0.01258344 -3.386941e-09 -0.02135894 -0.01253472 0.004999997 -0.02135894 -0.01253472 -3.393835e-09 -0.02147084 -0.01245672 0.004999997 -0.02147084 -0.01245672 -3.399891e-09 -0.02156064 -0.01235405 0.004999997 -0.02156064 -0.01235405 -3.40475e-09 -0.02162304 -0.01223276 0.004999997 -0.02162304 -0.01223276 -3.408127e-09 -0.02165444 -0.0121 0.004999997 -0.02165444 -0.0121 -3.409826e-09 -0.01739634 -0.0121 0.004999997 -0.01666844 -0.0101 0.004999997 -0.01739634 -0.0121 -3.179405e-09 -0.01666844 -0.0101 -3.140016e-09 -0.01924074 -0.0101 0.004999997 -0.01851284 -0.0121 0.004999997 -0.01924074 -0.0101 -3.279212e-09 -0.01851284 -0.0121 -3.239823e-09 -0.01739634 -0.0121 0.004999997 -0.01739634 -0.0121 -3.179405e-09 -0.01742764 -0.01223276 0.004999997 -0.01742764 -0.01223276 -3.181099e-09 -0.01749004 -0.01235405 0.004999997 -0.01749004 -0.01235405 -3.184475e-09 -0.01757984 -0.01245672 0.004999997 -0.01757984 -0.01245672 -3.189335e-09 -0.01769174 -0.01253472 0.004999997 -0.01769174 -0.01253472 -3.19539e-09 -0.01781914 -0.01258344 0.004999997 -0.01781914 -0.01258344 -3.202284e-09 -0.01795454 -0.0126 0.004999997 -0.01795454 -0.0126 -3.209611e-09 -0.01808994 -0.01258344 0.004999997 -0.01808994 -0.01258344 -3.216938e-09 -0.01821734 -0.01253472 0.004999997 -0.01821734 -0.01253472 -3.223832e-09 -0.01832924 -0.01245672 0.004999997 -0.01832924 -0.01245672 -3.229887e-09 -0.01841904 -0.01235405 0.004999997 -0.01841904 -0.01235405 -3.234747e-09 -0.01848154 -0.01223276 0.004999997 -0.01848154 -0.01223276 -3.238129e-09 -0.01851284 -0.0121 0.004999997 -0.01851284 -0.0121 -3.239823e-09 -0.01425474 -0.0121 0.004999997 -0.01352684 -0.0101 0.004999997 -0.01425474 -0.0121 -3.009402e-09 -0.01352684 -0.0101 -2.970012e-09 -0.01609914 -0.0101 0.004999997 -0.01537124 -0.0121 0.004999997 -0.01609914 -0.0101 -3.109209e-09 -0.01537124 -0.0121 -3.069819e-09 -0.01425474 -0.0121 0.004999997 -0.01425474 -0.0121 -3.009402e-09 -0.01428604 -0.01223276 0.004999997 -0.01428604 -0.01223276 -3.011095e-09 -0.01434844 -0.01235405 0.004999997 -0.01434844 -0.01235405 -3.014472e-09 -0.01443824 -0.01245672 0.004999997 -0.01443824 -0.01245672 -3.019332e-09 -0.01455014 -0.01253472 0.004999997 -0.01455014 -0.01253472 -3.025387e-09 -0.01467764 -0.01258344 0.004999997 -0.01467764 -0.01258344 -3.032286e-09 -0.01481294 -0.0126 0.004999997 -0.01481294 -0.0126 -3.039608e-09 -0.01494834 -0.01258344 0.004999997 -0.01494834 -0.01258344 -3.046935e-09 -0.01507584 -0.01253472 0.004999997 -0.01507584 -0.01253472 -3.053834e-09 -0.01518774 -0.01245672 0.004999997 -0.01518774 -0.01245672 -3.05989e-09 -0.01527754 -0.01235405 0.004999997 -0.01527754 -0.01235405 -3.064749e-09 -0.01533994 -0.01223276 0.004999997 -0.01533994 -0.01223276 -3.068126e-09 -0.01537124 -0.0121 0.004999997 -0.01537124 -0.0121 -3.069819e-09 -0.01111314 -0.0121 0.004999997 -0.01038524 -0.0101 0.004999997 -0.01111314 -0.0121 -2.839398e-09 -0.01038524 -0.0101 -2.800009e-09 -0.01295754 -0.0101 0.004999997 -0.01222964 -0.0121 0.004999997 -0.01295754 -0.0101 -2.939206e-09 -0.01222964 -0.0121 -2.899816e-09 -0.01111314 -0.0121 0.004999997 -0.01111314 -0.0121 -2.839398e-09 -0.01114444 -0.01223276 0.004999997 -0.01114444 -0.01223276 -2.841092e-09 -0.01120684 -0.01235405 0.004999997 -0.01120684 -0.01235405 -2.844469e-09 -0.01129664 -0.01245672 0.004999997 -0.01129664 -0.01245672 -2.849328e-09 -0.01140864 -0.01253472 0.004999997 -0.01140864 -0.01253472 -2.855389e-09 -0.01153604 -0.01258344 0.004999997 -0.01153604 -0.01258344 -2.862283e-09 -0.01167144 -0.0126 0.004999997 -0.01167144 -0.0126 -2.86961e-09 -0.01180674 -0.01258344 0.004999997 -0.01180674 -0.01258344 -2.876932e-09 -0.01193424 -0.01253472 0.004999997 -0.01193424 -0.01253472 -2.883831e-09 -0.01204614 -0.01245672 0.004999997 -0.01204614 -0.01245672 -2.889886e-09 -0.01213594 -0.01235405 0.004999997 -0.01213594 -0.01235405 -2.894746e-09 -0.01219834 -0.01223276 0.004999997 -0.01219834 -0.01223276 -2.898123e-09 -0.01222964 -0.0121 0.004999997 -0.01222964 -0.0121 -2.899816e-09 -0.007971539 -0.0121 0.004999997 -0.007243639 -0.0101 0.004999997 -0.007971539 -0.0121 -2.669395e-09 -0.007243639 -0.0101 -2.630006e-09 -0.009815939 -0.0101 0.004999997 -0.009088039 -0.0121 0.004999997 -0.009815939 -0.0101 -2.769202e-09 -0.009088039 -0.0121 -2.729813e-09 -0.007971539 -0.0121 0.004999997 -0.007971539 -0.0121 -2.669395e-09 -0.008002939 -0.01223276 0.004999997 -0.008002939 -0.01223276 -2.671094e-09 -0.008065339 -0.01235405 0.004999997 -0.008065339 -0.01235405 -2.674471e-09 -0.008155139 -0.01245672 0.004999997 -0.008155139 -0.01245672 -2.679331e-09 -0.008267039 -0.01253472 0.004999997 -0.008267039 -0.01253472 -2.685386e-09 -0.008394439 -0.01258344 0.004999997 -0.008394439 -0.01258344 -2.69228e-09 -0.008529839 -0.0126 0.004999997 -0.008529839 -0.0126 -2.699607e-09 -0.008665239 -0.01258344 0.004999997 -0.008665239 -0.01258344 -2.706934e-09 -0.008792639 -0.01253472 0.004999997 -0.008792639 -0.01253472 -2.713828e-09 -0.008904539 -0.01245672 0.004999997 -0.008904539 -0.01245672 -2.719883e-09 -0.008994339 -0.01235405 0.004999997 -0.008994339 -0.01235405 -2.724743e-09 -0.009056739 -0.01223276 0.004999997 -0.009056739 -0.01223276 -2.728119e-09 -0.009088039 -0.0121 0.004999997 -0.009088039 -0.0121 -2.729813e-09 -0.004829939 -0.0121 0.004999998 -0.004102039 -0.0101 0.004999998 -0.004829939 -0.0121 -2.499392e-09 -0.004102039 -0.0101 -2.460003e-09 -0.006674339 -0.0101 0.004999997 -0.005946439 -0.0121 0.004999997 -0.006674339 -0.0101 -2.599199e-09 -0.005946439 -0.0121 -2.55981e-09 -0.004829939 -0.0121 0.004999998 -0.004829939 -0.0121 -2.499392e-09 -0.004861339 -0.01223276 0.004999997 -0.004861339 -0.01223276 -2.501091e-09 -0.004923739 -0.01235405 0.004999997 -0.004923739 -0.01235405 -2.504468e-09 -0.005013539 -0.01245672 0.004999997 -0.005013539 -0.01245672 -2.509327e-09 -0.005125439 -0.01253472 0.004999997 -0.005125439 -0.01253472 -2.515383e-09 -0.005252839 -0.01258344 0.004999997 -0.005252839 -0.01258344 -2.522277e-09 -0.005388239 -0.0126 0.004999997 -0.005388239 -0.0126 -2.529604e-09 -0.005523639 -0.01258344 0.004999997 -0.005523639 -0.01258344 -2.536931e-09 -0.005651039 -0.01253472 0.004999997 -0.005651039 -0.01253472 -2.543825e-09 -0.005762939 -0.01245672 0.004999997 -0.005762939 -0.01245672 -2.54988e-09 -0.005852739 -0.01235405 0.004999997 -0.005852739 -0.01235405 -2.554739e-09 -0.005915139 -0.01223276 0.004999997 -0.005915139 -0.01223276 -2.558116e-09 -0.005946439 -0.0121 0.004999997 -0.005946439 -0.0121 -2.55981e-09 -0.001688389 -0.0121 0.004999998 -0.0009604492 -0.0101 0.004999998 -0.001688389 -0.0121 -2.329392e-09 -0.000960449 -0.0101 -2.29e-09 -0.003532739 -0.0101 0.004999998 -0.002804849 -0.0121 0.004999998 -0.003532739 -0.0101 -2.429196e-09 -0.002804849 -0.0121 -2.389807e-09 -0.001688389 -0.0121 0.004999998 -0.001688389 -0.0121 -2.329392e-09 -0.001719709 -0.01223276 0.004999998 -0.001719709 -0.01223276 -2.331086e-09 -0.001782109 -0.01235405 0.004999998 -0.001782109 -0.01235405 -2.334463e-09 -0.001871909 -0.01245672 0.004999998 -0.001871909 -0.01245672 -2.339323e-09 -0.001983819 -0.01253472 0.004999998 -0.001983819 -0.01253472 -2.345378e-09 -0.002111219 -0.01258344 0.004999998 -0.002111219 -0.01258344 -2.352272e-09 -0.002246619 -0.0126 0.004999998 -0.002246619 -0.0126 -2.359599e-09 -0.002382009 -0.01258344 0.004999998 -0.002382009 -0.01258344 -2.366926e-09 -0.002509419 -0.01253472 0.004999998 -0.002509419 -0.01253472 -2.37382e-09 -0.002621319 -0.01245672 0.004999998 -0.002621319 -0.01245672 -2.379876e-09 -0.002711129 -0.01235405 0.004999998 -0.002711129 -0.01235405 -2.384736e-09 -0.002773529 -0.01223276 0.004999998 -0.002773529 -0.01223276 -2.388112e-09 -0.002804849 -0.0121 0.004999998 -0.002804849 -0.0121 -2.389807e-09 0.002166591 -0.01014 0.004999998 0.002181141 -0.0101 0.005039998 0.002181141 -0.0101 -2.119998e-09 0.001757811 -0.01126311 0.004999998 0.001453201 -0.0121 -2.159389e-09 0.001453201 -0.0121 0.004999998 -0.0003911892 -0.0101 0.004999998 0.0003367509 -0.0121 0.004999998 -0.000391189 -0.0101 -2.259195e-09 0.0003367511 -0.0121 -2.219804e-09 0.001453201 -0.0121 0.004999998 0.001453201 -0.0121 -2.159389e-09 0.001421881 -0.01223276 0.004999998 0.001421881 -0.01223276 -2.161084e-09 0.001359481 -0.01235405 0.004999998 0.001359481 -0.01235405 -2.16446e-09 0.001269681 -0.01245672 0.004999998 0.001269681 -0.01245672 -2.16932e-09 0.001157781 -0.01253472 0.004999998 0.001157781 -0.01253472 -2.175375e-09 0.001030371 -0.01258344 0.004999998 0.001030371 -0.01258344 -2.18227e-09 0.0008949709 -0.0126 0.004999998 0.0008949712 -0.0126 -2.189597e-09 0.0007595809 -0.01258344 0.004999998 0.0007595812 -0.01258344 -2.196923e-09 0.0006321709 -0.01253472 0.004999998 0.0006321712 -0.01253472 -2.203818e-09 0.0005202709 -0.01245672 0.004999998 0.0005202712 -0.01245672 -2.209873e-09 0.0004304709 -0.01235405 0.004999998 0.0004304711 -0.01235405 -2.214733e-09 0.0003680709 -0.01223276 0.004999998 0.0003680711 -0.01223276 -2.218109e-09 0.0003367509 -0.0121 0.004999998 0.0003367511 -0.0121 -2.219804e-09 0.004594801 -0.0121 -1.989386e-09 0.004594801 -0.0121 0.004999998 0.005322741 -0.0101 -1.949994e-09 0.005308181 -0.01014 0.004999998 0.005322741 -0.0101 0.005039998 0.003478341 -0.0121 0.004999998 0.003478341 -0.0121 -2.049801e-09 0.002764961 -0.01014 0.004999998 0.002750401 -0.0101 -2.089193e-09 0.002750401 -0.0101 0.005039998 0.004594801 -0.0121 0.004999998 0.004594801 -0.0121 -1.989386e-09 0.004563481 -0.01223276 0.004999998 0.004563481 -0.01223276 -1.991081e-09 0.004501081 -0.01235405 0.004999998 0.004501081 -0.01235405 -1.994457e-09 0.004411271 -0.01245672 0.004999998 0.004411271 -0.01245672 -1.999317e-09 0.004299371 -0.01253472 0.004999998 0.004299371 -0.01253472 -2.005373e-09 0.004171961 -0.01258344 0.004999998 0.004171961 -0.01258344 -2.012267e-09 0.004036571 -0.0126 0.004999998 0.004036571 -0.0126 -2.019594e-09 0.003901171 -0.01258344 0.004999998 0.003901171 -0.01258344 -2.026921e-09 0.003773771 -0.01253472 0.004999998 0.003773771 -0.01253472 -2.033815e-09 0.003661861 -0.01245672 0.004999998 0.003661861 -0.01245672 -2.03987e-09 0.003572061 -0.01235405 0.004999998 0.003572061 -0.01235405 -2.04473e-09 0.003509661 -0.01223276 0.004999998 0.003509661 -0.01223276 -2.048107e-09 0.003478341 -0.0121 0.004999998 0.003478341 -0.0121 -2.049801e-09 0.005557809 -0.0105 0.03335 0.005557809 -0.0139 0.03425 0.005557809 -0.0105 0.03395 0.005557809 -0.0139 0.03485 0.001757809 -0.0139 0.03425 0.005557809 -0.0139 0.03425 0.001757809 -0.0105 0.03335 0.005557809 -0.0105 0.03335 0.005557809 -0.0105 0.03155 0.00555781 -0.0139 0.03005 0.005557809 -0.0105 0.03215 0.00555781 -0.0139 0.03065 0.001757809 -0.0105 0.03215 0.005557809 -0.0105 0.03215 0.00175781 -0.0139 0.03065 0.00555781 -0.0139 0.03065 0.00555781 -0.0105 0.02185 0.00555781 -0.0139 0.02335 0.00555781 -0.0105 0.02245 0.00555781 -0.0139 0.02395 0.00175781 -0.0139 0.02335 0.00555781 -0.0139 0.02335 0.00175781 -0.0105 0.02185 0.00555781 -0.0105 0.02185 0.00555781 -0.0105 0.02005 0.00555781 -0.0139 0.01915 0.00555781 -0.0105 0.02065 0.00555781 -0.0139 0.01975 0.00175781 -0.0105 0.02065 0.00555781 -0.0105 0.02065 0.00175781 -0.0139 0.01975 0.00555781 -0.0139 0.01975 0.01125781 0.0122 0.01315 0.001757809 0.0122 0.01315 0.01125781 -0.0124 0.01315 0.00175781 -0.0124 0.01315 0.00375781 0.0082 0.005089998 0.01075781 0.008200001 0.005089998 0.00275781 0.0082 0.006089998 0.01075781 0.008200001 0.006459998 0.00275781 0.0082 0.006459998 0.007178161 -0.0134 -1.849591e-09 0.007178161 -0.0126 -1.849591e-09 0.007178161 -0.0134 0.004999998 0.007178161 -0.0126 0.004999998 -0.03366254 -0.0126 0.002999996 -0.03366254 -0.0126 -4.059627e-09 -0.03366254 -0.0165 0.002999996 -0.03366254 -0.0165 -4.059627e-09 0.007678161 -0.0139 -1.822534e-09 0.007178161 -0.0134 -1.849591e-09 0.007678161 -0.0139 0.004999998 0.007178161 -0.0134 0.004999998 -0.01274224 -0.0135 -2.927555e-09 -0.01274224 -0.0135 0.004999997 -0.01275924 -0.01337059 -2.928475e-09 -0.01275924 -0.01337059 0.004999997 -0.01280914 -0.01325 -2.931175e-09 -0.01280914 -0.01325 0.004999997 -0.01288864 -0.01314645 -2.935477e-09 -0.01288864 -0.01314645 0.004999997 -0.01299224 -0.01306699 -2.941083e-09 -0.01299224 -0.01306699 0.004999997 -0.01311274 -0.01301704 -2.947604e-09 -0.01311274 -0.01301704 0.004999997 -0.01324224 -0.013 -2.954612e-09 -0.01324224 -0.013 0.004999997 -0.01337164 -0.01301704 -2.961614e-09 -0.01337164 -0.01301704 0.004999997 -0.01349224 -0.01306699 -2.96814e-09 -0.01349224 -0.01306699 0.004999997 -0.01359574 -0.01314645 -2.973741e-09 -0.01359574 -0.01314645 0.004999997 -0.01367524 -0.01325 -2.978043e-09 -0.01367524 -0.01325 0.004999997 -0.01372514 -0.01337059 -2.980743e-09 -0.01372514 -0.01337059 0.004999997 -0.01374224 -0.0135 -2.981668e-09 -0.01374224 -0.0135 0.004999997 -0.01372514 -0.01362941 -2.980743e-09 -0.01372514 -0.01362941 0.004999997 -0.01367524 -0.01375 -2.978043e-09 -0.01367524 -0.01375 0.004999997 -0.01359574 -0.01385355 -2.973741e-09 -0.01359574 -0.01385355 0.004999997 -0.01349224 -0.01393301 -2.96814e-09 -0.01349224 -0.01393301 0.004999997 -0.01337164 -0.01398296 -2.961614e-09 -0.01337164 -0.01398296 0.004999997 -0.01324224 -0.014 -2.954612e-09 -0.01324224 -0.014 0.004999997 -0.01311274 -0.01398296 -2.947604e-09 -0.01311274 -0.01398296 0.004999997 -0.01299224 -0.01393301 -2.941083e-09 -0.01299224 -0.01393301 0.004999997 -0.01288864 -0.01385355 -2.935477e-09 -0.01288864 -0.01385355 0.004999997 -0.01280914 -0.01375 -2.931175e-09 -0.01280914 -0.01375 0.004999997 -0.01275924 -0.01362941 -2.928475e-09 -0.01275924 -0.01362941 0.004999997 0.01075781 0.008200001 0.005089998 0.00375781 0.0082 0.005089998 0.00920136 0.010857 0.005089998 0.00375781 0.01631 0.005089998 0.00884781 0.01631 0.005089998 0.00884781 0.01129 0.005089998 0.00885386 0.0112247 0.005089998 0.0093719 0.010807 0.005089998 0.00955491 0.01079 0.005089998 0.01075781 0.01079 0.005089998 0.0088719 0.0111606 0.005089998 0.00890163 0.0110987 0.005089998 0.00894254 0.01104 0.005089998 0.00899393 0.0109856 0.005089998 0.00905491 0.0109364 0.005089998 0.01175781 0.009790001 0.005089998 0.01175781 0.009200001 0.005089998 0.01101663 0.008234101 0.005089998 0.01125781 0.010656 0.005089998 0.01146491 0.0104971 0.005089998 0.01101663 0.0107559 0.005089998 0.01162383 0.01029 0.005089998 0.01172373 0.0100488 0.005089998 0.01172373 0.008941201 0.005089998 0.01162383 0.008700001 0.005089998 0.01146491 0.008492901 0.005089998 0.01125781 0.008334001 0.005089998 0.00748354 0.0174435 0.0266355 0.007414102 0.0175273 0.0262882 0.007414102 0.0164 0.0262882 0.002025758 0.0174 0.0273137 0.002101508 0.017521 0.0277118 0.002101508 0.0164 0.0277118 0.003240168 0.0183319 0.0292933 0.003382808 0.0164 0.0293816 0.002813258 0.0164 0.0289445 0.002345298 0.0178126 0.0283114 0.002376238 0.0178461 0.028375 0.002376238 0.0164 0.028375 0.002757808 0.0181321 0.0288875 0.002813258 0.0181629 0.0289445 0.002206068 0.0176618 0.0280252 0.002007808 0.0173682 0.027 0.002007808 0.0164 0.027 0.002025758 0.0174 0.0266863 0.002101508 0.0164 0.0262882 0.002101508 0.017521 0.0262882 0.002206118 0.0176618 0.0259746 0.002376238 0.0164 0.025625 0.002343588 0.0178142 0.0256832 0.002813258 0.0164 0.0250555 0.002757808 0.0181321 0.0251125 0.002376238 0.0178461 0.025625 0.003382808 0.0164 0.0246184 0.003240168 0.0183319 0.0247067 0.002813258 0.0181629 0.0250555 0.004046058 0.0164 0.0243437 0.003757808 0.0184 0.0244383 0.003382808 0.0183645 0.0246184 0.006217312 0.0183465 0.0246693 0.006132808 0.0164 0.0246184 0.006652233 0.0181889 0.0250066 0.006702349 0.0164 0.0250555 0.006697216 0.0181594 0.0250598 0.007039301 0.0179355 0.0254647 0.007139376 0.0164 0.025625 0.007139376 0.0178461 0.025625 0.007357806 0.0176 0.0261042 0.007507806 0.0174157 0.027 0.007507806 0.0164 0.027 0.007483641 0.0174434 0.0273638 0.007414102 0.0164 0.0277118 0.007414102 0.0175273 0.0277118 0.007357806 0.0176 0.0278958 0.007139376 0.0164 0.028375 0.007139376 0.0178461 0.028375 0.007039301 0.0179355 0.0285353 0.006702349 0.0164 0.0289445 0.006697216 0.0181594 0.0289402 0.006652233 0.0181889 0.0289934 0.006132808 0.0164 0.0293816 0.006217312 0.0183465 0.0293307 0.005469558 0.0164 0.0296563 0.005757808 0.0184 0.0295617 0.006132808 0.0183645 0.0293816 0.006132808 0.0183645 0.0246184 0.005757808 0.0184 0.0244383 0.005469558 0.0164 0.0243437 0.005469558 0.0184 0.0243437 0.004757809 0.0164 0.02425 0.004757808 0.0184 0.02425 0.004046058 0.0184 0.0243437 0.003382808 0.0183645 0.0293816 0.003757808 0.0184 0.0295617 0.004046058 0.0164 0.0296563 0.004046058 0.0184 0.0296563 0.004757808 0.0164 0.02975 0.004757808 0.0184 0.02975 0.005469558 0.0184 0.0296563 0.003405508 0.0164 0.0273623 0.002101508 0.0164 0.0277118 0.003545368 0.0164 0.0277 0.002376238 0.0164 0.028375 0.003767858 0.0164 0.0279899 0.002813258 0.0164 0.0289445 0.004057808 0.0164 0.0282124 0.003382808 0.0164 0.0293816 0.004395458 0.0164 0.0283523 0.004046058 0.0164 0.0296563 0.004757808 0.0164 0.0284 0.004757808 0.0164 0.02975 0.005120148 0.0164 0.0283523 0.005469558 0.0164 0.0296563 0.005457808 0.0164 0.0282124 0.006132808 0.0164 0.0293816 0.005747758 0.0164 0.0279899 0.006702349 0.0164 0.0289445 0.005970238 0.0164 0.0277 0.007139376 0.0164 0.028375 0.006110098 0.0164 0.0273623 0.007414102 0.0164 0.0277118 0.006157808 0.0164 0.027 0.007507806 0.0164 0.027 0.006110098 0.0164 0.0266377 0.007414102 0.0164 0.0262882 0.005970238 0.0164 0.0263 0.007139376 0.0164 0.025625 0.005747758 0.0164 0.02601 0.006702349 0.0164 0.0250555 0.005457808 0.0164 0.0257876 0.006132808 0.0164 0.0246184 0.005120148 0.0164 0.0256477 0.005469558 0.0164 0.0243437 0.004757808 0.0164 0.0256 0.004757809 0.0164 0.02425 0.004395458 0.0164 0.0256477 0.004046058 0.0164 0.0243437 0.004057808 0.0164 0.0257876 0.003382808 0.0164 0.0246184 0.003767858 0.0164 0.02601 0.002813258 0.0164 0.0250555 0.003545368 0.0164 0.0263 0.002376238 0.0164 0.025625 0.003405508 0.0164 0.0266377 0.002101508 0.0164 0.0262882 0.003357808 0.0164 0.027 0.002007808 0.0164 0.027 0.00202576 -0.0176 0.0266863 0.00210151 -0.01772102 0.0262882 0.00210151 -0.0166 0.0262882 0.007483542 -0.01764355 0.0273645 0.007414104 -0.01772729 0.0277118 0.007414104 -0.0166 0.0277118 0.006217314 -0.0185465 0.0293307 0.00613281 -0.0166 0.0293816 0.006652235 -0.01838885 0.0289934 0.006702351 -0.0166 0.0289445 0.006697218 -0.01835941 0.0289402 0.007039303 -0.0181355 0.0285353 0.007139377 -0.0166 0.028375 0.007139377 -0.01804612 0.028375 0.007357808 -0.0178 0.0278958 0.007507808 -0.01761569 0.027 0.007507808 -0.0166 0.027 0.007483643 -0.01764343 0.0266362 0.007414104 -0.0166 0.0262882 0.007414104 -0.01772729 0.0262882 0.007357808 -0.0178 0.0261042 0.007139378 -0.0166 0.025625 0.007139378 -0.01804612 0.025625 0.007039303 -0.0181355 0.0254647 0.006702351 -0.0166 0.0250555 0.006697218 -0.01835941 0.0250598 0.006652235 -0.01838885 0.0250066 0.00613281 -0.0166 0.0246184 0.006217314 -0.0185465 0.0246693 0.00546956 -0.0166 0.0243437 0.00575781 -0.0186 0.0244383 0.00613281 -0.01856453 0.0246184 0.00324017 -0.01853185 0.0247067 0.00338281 -0.0166 0.0246184 0.00281326 -0.0166 0.0250555 0.00234359 -0.01801421 0.0256832 0.00237624 -0.01804612 0.025625 0.00237624 -0.0166 0.025625 0.00275781 -0.01833205 0.0251125 0.00281326 -0.01836291 0.0250555 0.00220612 -0.01786185 0.0259746 0.00200781 -0.01756825 0.027 0.00200781 -0.0166 0.027 0.00202576 -0.0176 0.0273137 0.00210151 -0.0166 0.0277118 0.00210151 -0.01772102 0.0277118 0.00220607 -0.01786179 0.0280252 0.00237624 -0.0166 0.028375 0.0023453 -0.01801261 0.0283114 0.00281326 -0.0166 0.0289445 0.00275781 -0.01833205 0.0288875 0.00237624 -0.01804612 0.028375 0.00338281 -0.0166 0.0293816 0.00324017 -0.01853185 0.0292933 0.00281326 -0.01836291 0.0289445 0.00404606 -0.0166 0.0296563 0.00375781 -0.0186 0.0295617 0.00338281 -0.01856453 0.0293816 0.00338281 -0.01856453 0.0246184 0.00375781 -0.0186 0.0244383 0.00404606 -0.0166 0.0243437 0.00404606 -0.0186 0.0243437 0.00475781 -0.0166 0.02425 0.00475781 -0.0186 0.02425 0.00546956 -0.0186 0.0243437 0.00613281 -0.01856453 0.0293816 0.00575781 -0.0186 0.0295617 0.00546956 -0.0166 0.0296563 0.00546956 -0.0186 0.0296563 0.00475781 -0.0166 0.02975 0.00475781 -0.0186 0.02975 0.00404606 -0.0186 0.0296563 0.00597024 -0.0166 0.0263 0.007139378 -0.0166 0.025625 0.0061101 -0.0166 0.0266377 0.007414104 -0.0166 0.0262882 0.00615781 -0.0166 0.027 0.007507808 -0.0166 0.027 0.0061101 -0.0166 0.0273623 0.007414104 -0.0166 0.0277118 0.00597024 -0.0166 0.0277 0.007139377 -0.0166 0.028375 0.00574776 -0.0166 0.0279899 0.006702351 -0.0166 0.0289445 0.00545781 -0.0166 0.0282124 0.00613281 -0.0166 0.0293816 0.00512015 -0.0166 0.0283523 0.00546956 -0.0166 0.0296563 0.00475781 -0.0166 0.0284 0.00475781 -0.0166 0.02975 0.00439546 -0.0166 0.0283523 0.00404606 -0.0166 0.0296563 0.00405781 -0.0166 0.0282124 0.00338281 -0.0166 0.0293816 0.00376786 -0.0166 0.0279899 0.00281326 -0.0166 0.0289445 0.00354537 -0.0166 0.0277 0.00237624 -0.0166 0.028375 0.00340551 -0.0166 0.0273623 0.00210151 -0.0166 0.0277118 0.00335781 -0.0166 0.027 0.00200781 -0.0166 0.027 0.00340551 -0.0166 0.0266377 0.00210151 -0.0166 0.0262882 0.00354537 -0.0166 0.0263 0.00237624 -0.0166 0.025625 0.00376786 -0.0166 0.02601 0.00281326 -0.0166 0.0250555 0.00405781 -0.0166 0.0257876 0.00338281 -0.0166 0.0246184 0.00439546 -0.0166 0.0256477 0.00404606 -0.0166 0.0243437 0.00475781 -0.0166 0.0256 0.00475781 -0.0166 0.02425 0.00512015 -0.0166 0.0256477 0.00546956 -0.0166 0.0243437 0.00545781 -0.0166 0.0257876 0.00613281 -0.0166 0.0246184 0.00574776 -0.0166 0.02601 0.006702351 -0.0166 0.0250555 0.008757811 -0.01014 0.004999998 0.005906551 -0.01014 0.004999998 0.008847811 -0.01005 0.005089998 0.005891991 -0.0101 0.005039998 0.005308181 -0.01014 0.004999998 0.002764961 -0.01014 0.004999998 0.005322741 -0.0101 0.005039998 0.002750401 -0.0101 0.005039998 0.002166591 -0.01014 0.004999998 0.001757811 -0.01014 0.004999998 0.002181141 -0.0101 0.005039998 0.001757811 -0.01005 0.005089998 0.002257809 0.01079 0.01064 0.00225781 0.01079 0.007326028 0.00235001 0.01079 0.007373068 0.007257807 0.01079 0.007459998 0.007257807 0.01079 0.01064 0.00275781 0.01079 0.007459998 0.00254933 0.01079 0.007438028 0.01055491 -0.01099 0.006089998 0.01075781 -0.01099 0.006089998 0.01075781 -0.01099 0.006292888 0.01175781 -0.009399999 0.006089998 0.01175781 -0.009399999 0.006459998 0.01175781 -0.009989999 0.006089998 0.01175781 -0.009989999 0.006459998 0.00955491 0.01079 0.005089998 0.01075781 0.01079 0.006292888 0.01075781 0.01079 0.005089998 0.01175781 0.009200001 0.006459998 0.01175781 0.009200001 0.005089998 0.01175781 0.009790001 0.006459998 0.01175781 0.009790001 0.005089998 0.01175781 -0.01344201 0.01294289 0.01175781 -0.0146 0.01294289 0.01175781 -0.01311456 0.012782 0.01175781 -0.0146 0.007999998 0.01175781 -0.01149 0.01114 0.01175781 -0.01149 0.007999998 0.01175781 0.008790001 0.01114 0.01175781 0.01079 0.01114 0.01175781 0.0122 0.01265 0.01175781 0.0144 0.01294289 0.01175781 0.013242 0.01294289 0.01175781 0.0144 0.007999998 0.01175781 0.0129146 0.012782 0.01175781 0.01079 0.007999998 0.01175781 0.0125633 0.01268328 0.01175781 -0.008989999 0.01114 0.01175781 -0.0124 0.01265 0.01175781 -0.01276332 0.01268328 0.01125781 -0.008989999 0.01064 0.00225781 -0.00899 0.01064 0.01175781 -0.008989999 0.01114 0.00175781 -0.00899 0.01114 0.01175781 -0.008989999 0.01114 0.00175781 -0.00899 0.01114 0.01175781 0.008790001 0.01114 0.00175781 0.00879 0.01114 0.01175781 0.008790001 0.01114 0.00175781 0.00879 0.01114 0.01125781 0.008790001 0.01064 0.00225781 0.00879 0.01064 0.01125781 0.01079 0.01064 0.01175781 0.01079 0.01114 0.01125781 0.008790001 0.01064 0.01175781 0.008790001 0.01114 0.007757807 0.01129 0.01064 0.007257807 0.01079 0.01064 0.007757808 0.01129 0.007999998 0.007257807 0.01079 0.007459998 0.01161357 0.0151458 0.007999998 0.00945304 0.0129852 0.007220408 0.00961261 0.0131448 0.007047788 0.00979128 0.0133235 0.006616428 0.00980282 0.013335 0.006499258 0.01161357 0.0151458 0.007855758 0.00880359 0.0123358 0.007459998 0.00903704 0.0125692 0.007432368 0.00925758 0.0127898 0.007351008 0.00980051 0.0133327 0.006381538 0.00978438 0.0133166 0.006264908 0.00975465 0.0132868 0.006150978 0.00967609 0.0132083 0.006948618 0.00972747 0.0132597 0.006842678 0.00976605 0.0132982 0.006731438 0.00971174 0.0132439 0.006041338 0.00965623 0.0131884 0.005937499 0.0095107 0.0130429 0.005752891 0.001757809 0.01129 0.01114 0.002257809 0.01079 0.01064 0.00175781 0.00879 0.01114 0.00225781 0.00879 0.01064 0.001757809 0.01129 0.01114 0.00175781 0.01129 0.007089998 0.00189033 0.0111575 0.006957478 0.00225781 0.01079 0.007326028 0.002257809 0.01079 0.01064 0.00216861 0.0108792 0.007267988 0.00201311 0.0110347 0.007127398 0.01127484 -0.01100704 0.006992938 0.01125781 -0.01099 0.006792898 0.01125781 -0.01099 0.01064 0.0113248 -0.01105699 0.007213428 0.01175781 -0.01149 0.01114 0.01175781 -0.01149 0.007999998 0.0116284 -0.01136059 0.007846498 0.01150781 -0.01124 0.007655268 0.01140425 -0.01113645 0.007439338 0.01175781 -0.01149 0.01114 0.01125781 -0.01099 0.01064 0.01175781 -0.008989999 0.01114 0.01125781 -0.008989999 0.01064 0.002257811 -0.01099 0.01064 0.002257811 -0.01099 0.007326028 0.001757811 -0.01149 0.01114 0.002050701 -0.01119711 0.007167108 0.001833931 -0.01141388 0.006842678 0.001791881 -0.01145593 0.006718818 0.001766361 -0.01148144 0.006590528 0.001757811 -0.01149 0.006459998 0.001964451 -0.01128335 0.007068758 0.001891781 -0.01135602 0.006959998 0.002257811 -0.01099 0.01064 0.001757811 -0.01149 0.01114 0.00225781 -0.00899 0.01064 0.00175781 -0.00899 0.01114 0.01017829 -0.01438114 0.01472952 0.01064289 -0.01600267 0.01426492 0.0107878 -0.01419425 0.01412 0.01106004 -0.01576189 0.01384776 0.01133611 -0.01546603 0.0135717 0.00922227 -0.0144 0.0156855 0.00922227 -0.01621481 0.0156855 0.00990425 -0.0144 0.0150036 0.01009363 -0.01610004 0.01481418 0.01011136 -0.0161 0.01479645 0.01150009 -0.01516695 0.01340772 0.01158514 -0.01487924 0.01332267 0.0112901 -0.01384203 0.01361771 0.01161136 -0.0146 0.01329645 0.01161136 -0.01344201 0.01329645 0.007757807 0.01079 0.01064 0.007757808 0.01079 0.007999998 0.01125781 0.01079 0.01064 0.01175781 0.01079 0.007999998 0.01175781 0.01079 0.01114 0.007757807 0.01129 0.01064 0.007757808 0.01129 0.007999998 0.007757807 0.01079 0.01064 0.007757808 0.01079 0.007999998 0.01158514 0.0146792 0.01332267 0.01150009 0.0149669 0.01340772 0.01111617 0.013791 0.01379163 0.01133611 0.015266 0.0135717 0.01054425 0.0140948 0.01436355 0.01161136 0.0144 0.01329645 0.01150414 0.0134002 0.01340367 0.01161136 0.013242 0.01329645 0.01106004 0.0155619 0.01384776 0.01064289 0.0158027 0.01426492 0.009904249 0.0142 0.0150036 0.01011136 0.0159 0.01479645 0.009222269 0.0142 0.0156855 0.009237999 0.0160107 0.0156698 0.009222269 0.0160148 0.0156855 0.008993881 -0.01128186 0.00523607 0.009029531 -0.01134667 0.00527172 0.008757811 -0.0139 0.004999998 0.009137061 -0.01148633 0.005379249 0.009140701 -0.01149 0.005382891 0.01175781 -0.01149 0.007999998 0.01175781 -0.0146 0.007999998 0.01160557 -0.01536537 0.007847758 0.01148986 -0.0156 0.007732048 0.01134451 -0.01581752 0.007586708 0.01117202 -0.01601421 0.007414208 0.008870011 -0.01088509 0.005112204 0.008893421 -0.01099144 0.00513561 0.008909331 -0.01106375 0.005151525 0.008934011 -0.01112839 0.005176205 0.007757809 -0.0165 0.003999998 0.007757809 -0.0139 0.003999998 0.01038231 -0.0165 0.006624498 0.01075781 -0.01633205 0.006999998 0.008941151 -0.01114709 0.005183345 0.008989731 -0.0112743 0.005231916 0.009044881 -0.0113666 0.005287069 0.009063981 -0.01139141 0.005306171 0.008847811 -0.01005 0.005089998 0.008847811 -0.01059955 0.005089998 0.008757811 -0.01014 0.004999998 0.008854021 -0.01067943 0.00509621 0.008864071 -0.01080861 0.005106256 0.0117407 -0.01486105 0.007982888 0.01168966 -0.01511764 0.007931848 0.0095107 0.01129 0.005752891 0.00884781 0.01129 0.005089998 0.0095107 0.0130429 0.005752891 0.00884781 0.01631 0.005089998 0.01117202 0.0158142 0.007414208 0.01134451 0.0156175 0.007586708 0.01148986 0.0154 0.007732048 0.01161357 0.0151458 0.007855758 0.01035102 0.01631 0.006593208 0.01075781 0.0161321 0.006999998 0.01081393 0.0107884 0.006377078 0.01086921 0.0107838 0.006459998 0.01101501 0.0107491 0.006459998 0.01101663 0.0107559 0.005089998 0.01110524 0.0107277 0.006459998 0.01125781 0.010656 0.005089998 0.01125493 0.0106505 0.006459998 0.01132082 0.0106164 0.006459998 0.01146491 0.0104971 0.005089998 0.01146147 0.0104932 0.006459998 0.01150326 0.0104566 0.006459998 0.01162383 0.01029 0.005089998 0.01162069 0.0102878 0.006459998 0.01164184 0.0102574 0.006459998 0.01172373 0.0100488 0.005089998 0.01172838 0.0100308 0.006459998 0.01172179 0.0100481 0.006459998 0.0025692 0.0082248 0.006459998 0.00256832 0.0082181 0.006279488 0.00249899 0.0082341 0.006459998 0.00238781 0.008271 0.006459998 0.001766361 -0.00926947 0.005098553 0.001791881 -0.00914118 0.006459998 0.001891781 -0.0089 0.006459998 0.001833931 -0.00901732 0.005166118 0.001791881 -0.00914118 0.005124072 0.002050701 -0.00869289 0.005382891 0.001964451 -0.00879124 0.005296645 0.001891781 -0.0089 0.005223973 0.002050701 -0.00869289 0.006459998 0.002257811 -0.00853397 0.006459998 0.002257811 -0.00853397 0.005589998 0.002498991 -0.00843407 0.006459998 0.002498991 -0.00843407 0.005831179 0.01172373 0.008941201 0.006459998 0.01172373 0.008941201 0.005089998 0.01162383 0.008700001 0.006459998 0.01162383 0.008700001 0.005089998 0.01146491 0.008492901 0.006459998 0.01146491 0.008492901 0.005089998 0.01125781 0.008334001 0.006459998 0.01125781 0.008334001 0.005089998 0.01101663 0.008234101 0.006459998 0.01101663 0.008234101 0.005089998 0.01101663 -0.01095593 0.006089998 0.01125781 -0.01085602 0.006089998 0.01114049 -0.01091388 0.007383878 0.01101663 -0.01095593 0.007425928 0.01088833 -0.01098144 0.007451438 0.01075781 -0.01099 0.007459998 0.01146491 -0.01069711 0.007167108 0.01136657 -0.01078335 0.007253348 0.01125781 -0.01085602 0.007326028 0.01146491 -0.01069711 0.006089998 0.01162383 -0.01049 0.006089998 0.01162383 -0.01049 0.006959998 0.01172373 -0.01024882 0.006089998 0.01172373 -0.01024882 0.006718818 0.01101663 -0.008434069 0.006459998 0.01101663 -0.008434069 0.006089998 0.01125781 -0.008533969 0.006459998 0.01125781 -0.008533969 0.006089998 0.01146491 -0.008692889 0.006459998 0.01146491 -0.008692889 0.006089998 0.01162383 -0.008899999 0.006459998 0.01162383 -0.008899999 0.006089998 0.01172373 -0.009141179 0.006459998 0.01172373 -0.009141179 0.006089998 0.01078646 0.0107915 0.006404718 0.01078531 0.0107916 0.006403948 0.01070211 0.0107962 0.006348598 0.00885386 0.0112247 0.005089998 0.00951899 0.0112359 0.005757037 0.0088719 0.0111606 0.005089998 0.00956311 0.0111609 0.005779093 0.00890163 0.0110987 0.005089998 0.00957452 0.0111415 0.005784802 0.00894254 0.01104 0.005089998 0.00970122 0.0110403 0.005848153 0.00990685 0.010943 0.005950965 0.00905491 0.0109364 0.005089998 0.00969491 0.0110432 0.005844994 0.00899393 0.0109856 0.005089998 0.00992723 0.0109374 0.005961155 0.01022017 0.0108582 0.006107628 0.00920136 0.010857 0.005089998 0.0093719 0.010807 0.005089998 0.01056427 0.010813 0.006279678 0.01024327 0.0108519 0.006119178 0.01125781 -0.01099 0.006792898 0.01127484 -0.01100704 0.006992938 0.009162921 -0.01140171 0.005394003 0.0116284 -0.01136059 0.007846498 0.009195481 -0.01136125 0.005410282 0.009239941 -0.011306 0.005432513 0.01150781 -0.01124 0.007655268 0.009337401 -0.01124139 0.00548124 0.009390091 -0.01120645 0.005507586 0.01140425 -0.01113645 0.007439338 0.009562991 -0.0111391 0.005594035 0.009644151 -0.01110749 0.005634614 0.0113248 -0.01105699 0.007213428 0.009856921 -0.01106242 0.005741 0.01003058 -0.01102564 0.005827831 0.01019296 -0.01101327 0.005909022 0.01049215 -0.01099049 0.006058618 0.00864815 -0.01644759 0.0163731 0.00895098 -0.01630761 0.0159795 0.00861043 -0.0144 0.0164494 0.0087176 -0.0144 0.0162754 0.008152288 -0.0144 0.0173135 0.0083197 -0.016649 0.0169182 0.00831032 -0.0144 0.0169364 0.00858748 -0.01648066 0.0164627 0.00860062 -0.01647349 0.0164433 0.008010266 -0.0144 0.0176524 0.008100935 -0.01681706 0.0174008 0.008142339 -0.01678526 0.0173094 0.007761947 -0.0144 0.0190176 0.007778316 -0.0171277 0.0187687 0.00782466 -0.0144 0.0184062 0.007840556 -0.01706094 0.0183152 0.007863603 -0.0144 0.018248 0.007856342 -0.01704512 0.0182462 0.007935807 -0.01696549 0.0178988 0.007761946 0.0142 0.0190176 0.007765197 0.0169422 0.0189493 0.008152287 0.0142 0.0173135 0.00810294 0.0166154 0.0173956 0.008010265 0.0142 0.0176524 0.007949875 0.016752 0.0178486 0.007863602 0.0142 0.018248 0.00785635 0.0168451 0.0182462 0.007824659 0.0142 0.0184062 0.007842146 0.0168593 0.0183066 0.007808842 0.0168945 0.0185085 0.008310319 0.0142 0.0169364 0.008303809 0.0164602 0.0169491 0.008141827 0.0165853 0.0173092 0.008717599 0.0142 0.0162754 0.008879909 0.0161369 0.0160648 0.008610429 0.0142 0.0164494 0.008602309 0.0162743 0.0164446 0.008573619 0.0162885 0.0164838 0.009068551 -0.01668025 0.009999998 0.009757811 -0.0166 0.01444289 0.009742611 -0.01660004 0.01446063 0.009069821 -0.01668865 0.0152455 0.008416171 -0.01691672 0.009999998 0.008995731 -0.01669841 0.015332 0.008739941 -0.01677795 0.0156553 0.00761495 -0.01750044 0.036 0.007414104 -0.01772729 0.0277118 0.007483542 -0.01764355 0.0273645 0.007507808 -0.01761569 0.027 0.007614951 -0.01750044 0.0192211 0.007483643 -0.01764343 0.0266362 0.007414104 -0.01772729 0.0262882 0.007634287 -0.01748088 0.0187234 0.007692971 -0.01742366 0.0182246 0.008144737 -0.01707057 0.0166879 0.007938471 -0.01721463 0.0172187 0.007835566 -0.01729674 0.009999998 0.007836533 -0.01729792 0.0175774 0.007782779 -0.01734185 0.0177666 0.00845442 -0.01689793 0.0160883 0.00841623 -0.01691685 0.0161541 0.00839721 -0.01692628 0.0161869 0.007227004 0.0170967 0.008530798 0.007968152 0.0167167 0.008523088 0.007637551 0.0167167 0.008120258 0.008816529 0.0164803 0.008733028 0.008510589 0.0164803 0.008160648 0.004925479 0.0170214 0.007999998 0.004962679 0.0170967 0.008080398 0.005203099 0.0170972 0.007999998 0.003126479 0.0164904 0.007999998 0.003014199 0.0164822 0.008153888 0.003119159 0.0164974 0.008112638 0.003185029 0.0165069 0.008086758 0.003216419 0.0165131 0.008079868 0.003452579 0.0165538 0.007999998 0.003427669 0.0165547 0.008033508 0.003500559 0.0165741 0.008029378 0.003706359 0.016629 0.008017698 0.003754239 0.0166386 0.007999998 0.003643939 0.0166123 0.008021238 0.003573909 0.0165937 0.008025208 0.002998709 0.01648 0.008159968 0.002858799 0.0164383 0.007999998 0.002755919 0.0164314 0.007999998 0.002366689 0.0164168 0.008563158 0.002652179 0.0164379 0.008333818 0.002854089 0.0164591 0.008216798 0.001984409 0.0164022 0.009075298 0.002001019 0.0164027 0.009049578 0.002184959 0.016408 0.008764648 0.002289699 0.0164131 0.008648528 0.002345289 0.0164158 0.008586878 0.001827289 0.0164003 0.009511098 0.001779729 0.0164 0.009704678 0.001868099 0.0164005 0.009345018 0.001915029 0.0164012 0.009236198 0.004803699 0.0169881 0.007999998 0.004866949 0.0171036 0.008131728 0.003757809 0.0166427 0.008014778 0.003772989 0.0166476 0.008015418 0.003817829 0.0166565 0.007999998 0.003850529 0.0166728 0.008018688 0.004017599 0.0167231 0.007999998 0.003982519 0.0167235 0.008028708 0.004341629 0.0168311 0.007999998 0.004442079 0.0169004 0.008063608 0.004416769 0.0168566 0.007999998 0.004463719 0.0169107 0.008067078 0.004850339 0.0170956 0.008129058 0.004991219 0.017163 0.008151648 0.005001669 0.017168 0.008153328 0.005229209 0.0171044 0.007999998 0.005405619 0.0173924 0.008268508 0.005358279 0.0171226 0.007999998 0.005621299 0.0171598 0.007999998 0.005636209 0.0175264 0.008349618 0.005757809 0.0171561 0.007999998 0.005514479 0.0174528 0.008299548 0.006016919 0.0171491 0.007999998 0.006157819 0.0171216 0.007999998 0.007129188 0.0168467 0.007999998 0.007097443 0.0168569 0.007999998 0.006912147 0.0170967 0.008272408 0.006594387 0.0170189 0.007999998 0.00655293 0.0170967 0.008080398 0.006455753 0.0170635 0.007999998 0.006280328 0.0170977 0.007999998 0.007772117 0.0166393 0.007999998 0.007523624 0.0167119 0.007999998 0.007508007 0.0167173 0.007999998 0.008074556 0.0165509 0.007999998 0.008390489 0.0164884 0.007999998 0.008613679 0.0164443 0.007999998 0.009146709 0.0164007 0.007999998 0.008761659 0.0164322 0.007999998 0.008365089 0.0167167 0.009481378 0.008416169 0.0167167 0.009999998 0.009068549 0.0164803 0.009999998 0.007835564 0.0170967 0.009999998 0.007795641 0.0170967 0.009594648 0.007677405 0.0170967 0.009204878 0.007485399 0.0170967 0.008845658 0.008213809 0.0167167 0.008982688 0.009004929 0.0164803 0.009354108 0.007281946 0.0176 0.009539118 0.006699749 0.0176 0.008713168 0.005652718 0.0173004 0.037854 0.005514478 0.0174528 0.0377004 0.005651338 0.0173004 0.0378541 0.005420638 0.0173991 0.0377305 0.005248128 0.0173004 0.0377858 0.006082708 0.0173004 0.0378284 0.006081578 0.0173004 0.0378287 0.005662368 0.0175422 0.0376396 0.006494379 0.0173004 0.0377048 0.007614949 0.0173004 0.036 0.007564962 0.0173004 0.0364279 0.007564939 0.0173004 0.0364281 0.007281344 0.0176 0.0364605 0.007417739 0.0173004 0.0368327 0.007417604 0.0173004 0.0368331 0.007181202 0.0173004 0.0371928 0.007180878 0.0173004 0.0371933 0.006868083 0.0173004 0.0374886 0.006867511 0.0173004 0.0374891 0.006495231 0.0173004 0.0377043 0.009757809 0.0164 0.01444289 0.007414102 0.0175273 0.0262882 0.00761495 0.0173004 0.0192211 0.007621917 0.0172933 0.0189222 0.007663068 0.0172524 0.0184372 0.007694469 0.0172222 0.0182151 0.00748354 0.0174435 0.0266355 0.007507806 0.0174157 0.027 0.007414102 0.0175273 0.0277118 0.007483641 0.0174434 0.0273638 0.008672929 0.016603 0.0157492 0.008995729 0.0164984 0.015332 0.009009209 0.0164949 0.0153163 0.009069579 0.0164872 0.0152458 0.007796043 0.0171303 0.0177113 0.007836298 0.0170976 0.0175723 0.007940361 0.0170132 0.0172131 0.008129754 0.0168802 0.0167219 0.008384149 0.016733 0.0162101 0.008416869 0.0167182 0.0161579 0.005514479 -0.01765284 0.0377004 0.005662369 -0.01774222 0.0376396 0.005652719 -0.01750044 0.037854 0.006081579 -0.01750044 0.0378287 0.006082709 -0.01750044 0.0378284 0.005420639 -0.01759914 0.0377305 0.005651339 -0.01750044 0.0378541 0.005248129 -0.01750044 0.0377858 0.007564963 -0.01750044 0.0364279 0.007281345 -0.0178 0.0364605 0.00756494 -0.01750044 0.0364281 0.006868084 -0.01750044 0.0374886 0.00718088 -0.01750044 0.0371933 0.007181204 -0.01750044 0.0371928 0.007417605 -0.01750044 0.0368331 0.00741774 -0.01750044 0.0368327 0.00649438 -0.01750044 0.0377048 0.006495232 -0.01750044 0.0377043 0.006867512 -0.01750044 0.0374891 0.009004171 -0.01668025 0.009350278 0.007697782 -0.01685647 0.007999998 0.007741646 -0.01684414 0.007999998 0.007628674 -0.01691672 0.008111418 0.008735141 -0.01663302 0.007999998 0.008504071 -0.01668025 0.008150928 0.008656811 -0.01663833 0.007999998 0.008389141 -0.01669037 0.007999998 0.008063039 -0.01675376 0.007999998 0.00796292 -0.01691672 0.008515288 0.006286405 -0.01730436 0.007999998 0.006312513 -0.01729723 0.007999998 0.006539344 -0.01729674 0.008074828 0.006573834 -0.01722585 0.007999998 0.006901953 -0.01729674 0.008265638 0.006711921 -0.01718814 0.007999998 0.007082584 -0.01706213 0.007999998 0.007220066 -0.01729674 0.008523898 0.007173982 -0.01703107 0.007999998 0.007498018 -0.01692306 0.007999998 0.006140241 -0.01732502 0.007999998 0.005894311 -0.01735978 0.007999998 0.005738871 -0.01735558 0.007999998 0.005742321 -0.01779053 0.008393258 0.005636211 -0.01772641 0.008349618 0.005498701 -0.01734909 0.007999998 0.005514481 -0.01765284 0.008299548 0.005335441 -0.01731726 0.007999998 0.005390841 -0.01758134 0.008258108 0.005340311 -0.01755212 0.008241168 0.005235291 -0.01729773 0.007999998 0.004940131 -0.01729674 0.008089898 0.005059861 -0.01726352 0.007999998 0.004892081 -0.0172095 0.007999998 0.004956901 -0.01734773 0.008148778 0.004862381 -0.01729733 0.008125998 0.004861251 -0.01729673 0.008125718 0.004851181 -0.01729136 0.008123298 0.004386431 -0.01704669 0.007999998 0.004419191 -0.01709375 0.008064318 0.004383451 -0.01704567 0.007999998 0.004324051 -0.01705023 0.008051338 0.004007611 -0.01691727 0.007999998 0.003983831 -0.01692552 0.008029368 0.003991991 -0.01691193 0.007999998 0.003757811 -0.01684267 0.008014778 0.003685831 -0.01682243 0.007999998 0.003714881 -0.01682999 0.008014718 0.003706141 -0.01682741 0.008014708 0.003587711 -0.01679512 0.008020148 0.003441061 -0.01675087 0.007999998 0.003630931 -0.0168052 0.008014598 0.003654001 -0.01681201 0.008014638 0.003492721 -0.01677294 0.008032348 0.003384641 -0.01674772 0.008046228 0.003125131 -0.0166884 0.007999998 0.003302391 -0.01672852 0.008056788 0.003203181 -0.01671183 0.008087228 0.003110151 -0.01669618 0.008115778 0.003015881 -0.01668032 0.008144708 0.002901931 -0.01664427 0.007999998 0.003012791 -0.0166798 0.008145658 0.002649351 -0.01662362 0.007999998 0.002941121 -0.01667127 0.008181858 0.002368901 -0.0166007 0.007999998 0.001870481 -0.01660054 0.009338188 0.001823851 -0.01660025 0.009512498 0.001792111 -0.01660005 0.009631178 0.002287791 -0.01661337 0.008655448 0.002195801 -0.01660848 0.008750968 0.002695731 -0.01664204 0.008305828 0.002659401 -0.01663908 0.008332608 0.002450001 -0.01662199 0.008487008 0.002304711 -0.01661427 0.008637878 0.002024611 -0.01660307 0.009001998 0.002000921 -0.01660268 0.009053658 0.001887341 -0.01660081 0.009301418 0.00669901 -0.0178 0.008713258 0.007481311 -0.01729674 0.008839558 0.008813541 -0.01668025 0.008725828 0.008211411 -0.01691672 0.008976908 0.007675528 -0.01729674 0.009200358 0.007795164 -0.01729674 0.009592248 0.007281863 -0.0178 0.009539148 0.008364471 -0.01691672 0.009478308 0.01161357 0.0151458 0.007999998 0.01161357 0.0151458 0.007855758 0.01148986 0.0154 0.007732048 0.01027048 0.0163061 0.01405839 0.01027545 0.0163319 0.007999998 0.01075781 0.0161321 0.006999998 0.01035102 0.01631 0.006593208 0.01035102 0.01631 0.007999998 0.01046651 0.0162702 0.01391137 0.01074484 0.0161096 0.01370262 0.01102272 0.0159492 0.01349421 0.01117202 0.0158142 0.007414208 0.01115956 0.0158025 0.01339158 0.0113908 0.0155547 0.01321815 0.01168966 0.0149176 0.007999998 0.01160945 0.0151559 0.01305416 0.01147892 0.015394 0.01315206 0.01134451 0.0156175 0.007586708 0.01172285 0.0147723 0.01296911 0.01168067 0.014915 0.01300074 0.01027545 -0.01653185 0.007999998 0.01038231 -0.0165 0.007999998 0.01038231 -0.0165 0.006624498 0.01075781 -0.01633205 0.006999998 0.0117407 -0.01486105 0.007982888 0.01172285 -0.01497231 0.01296911 0.01168966 -0.01511764 0.007931848 0.01168067 -0.01511499 0.01300074 0.01160557 -0.01536537 0.007847758 0.01160945 -0.01535593 0.01305416 0.01148986 -0.0156 0.007732048 0.01147892 -0.01559399 0.01315206 0.01134451 -0.01581752 0.007586708 0.0113908 -0.0157547 0.01321815 0.01117202 -0.01601421 0.007414208 0.01115956 -0.01600253 0.01339158 0.01074484 -0.01630958 0.01370262 0.01102272 -0.01614919 0.01349421 0.01046651 -0.01647023 0.01391137 0.01027048 -0.01650612 0.01405839 0.00175781 -0.01333523 0.01347725 0.01110149 -0.01332749 0.01348691 0.00175781 -0.01305083 0.01329855 0.01125781 -0.01318151 0.01336967 0.01041759 -0.01374952 0.01399983 0.01043425 -0.01374569 0.01398734 0.00175781 -0.01357275 0.01371477 0.01078609 -0.01356065 0.01372346 0.01093654 -0.01348152 0.01361062 0.00175781 -0.01375145 0.01399917 0.00175781 -0.01386239 0.01431622 0.00999011 -0.01384782 0.01432045 0.00982473 -0.01388585 0.01444448 0.01125781 -0.01304809 0.01330412 0.01125781 -0.01293592 0.013249 0.00175781 -0.01273378 0.01318761 0.01125781 -0.01267249 0.01317496 0.01125781 -0.01273259 0.01319185 0.001757809 0.0136489 0.01426177 0.01006529 0.0136366 0.01426406 0.0101907 0.0136211 0.01417 0.001757809 0.013499 0.0139 0.01053875 0.0134824 0.01390896 0.01076262 0.0133932 0.01374106 0.001757809 0.0132607 0.01358934 0.01095142 0.0132506 0.01359946 0.01115059 0.0131001 0.01345008 0.001757809 0.01295 0.01335096 0.01125781 0.0129815 0.01336967 0.01125781 0.0124725 0.01317496 0.001757809 0.0125882 0.01320111 0.01125781 0.0125866 0.01320702 0.01125781 0.0127359 0.013249 0.01125781 0.0129487 0.01335356 0.007837999 -0.01712867 0.0183029 0.007836533 -0.01729792 0.0175774 0.007991974 -0.01716561 0.0172543 0.00852129 -0.01685451 0.0161492 0.008811411 -0.01673956 0.015728 0.009069541 -0.01666521 0.0154145 0.00887145 -0.01668068 0.0157972 0.009132621 -0.01660794 0.0154926 0.0089172 -0.0166041 0.0158596 0.009181591 -0.01652965 0.0155622 0.00894649 -0.01651345 0.0159124 0.00921384 -0.01643455 0.0156194 0.00895793 -0.01641303 0.015953 0.00922765 -0.01632769 0.0156613 0.00857672 -0.01679471 0.0162076 0.0086185 -0.01672094 0.0162612 0.00864492 -0.01663617 0.0163079 0.00865494 -0.01654381 0.0163457 0.00846291 -0.01688198 0.0162453 0.00851727 -0.01682214 0.0163014 0.00855821 -0.01674906 0.0163531 0.00858412 -0.01666559 0.0163983 0.008594 -0.01657495 0.0164353 0.00820433 -0.01702311 0.0167345 0.00825344 -0.01696371 0.0167797 0.0082905 -0.01689426 0.0168219 0.00831433 -0.01681699 0.0168598 0.00832417 -0.01673436 0.0168923 0.008102699 -0.01689466 0.0173783 0.008036164 -0.01710749 0.0172889 0.008069885 -0.01704179 0.0173216 0.008092259 -0.01697022 0.0173517 0.00783107 -0.01729243 0.0177917 0.007871203 -0.01723595 0.0178163 0.00790231 -0.01717362 0.0178397 0.007923718 -0.01710679 0.0178616 0.007934965 -0.01703691 0.0178815 0.007738024 -0.01737438 0.0182415 0.007775691 -0.01731914 0.0182581 0.007805255 -0.017259 0.0182741 0.007826157 -0.01719511 0.0182891 0.007677136 -0.01743184 0.0187318 0.007713144 -0.01737755 0.01874 0.007741688 -0.01731896 0.0187479 0.007762278 -0.01725707 0.0187554 0.007774558 -0.01719294 0.0187624 0.007657058 -0.01745151 0.0192211 0.007692511 -0.01739756 0.0192211 0.007720718 -0.01733949 0.0192211 0.007741208 -0.01727828 0.0192211 0.00775364 -0.01721493 0.0192211 0.00769251 -0.01739756 0.036 0.007741207 -0.01727828 0.036 0.005646899 -0.01739756 0.0379315 0.005204659 -0.01739756 0.0378539 0.005138459 -0.01738979 0.0378375 0.005142279 -0.01739751 0.0378341 0.005146659 -0.01740637 0.0378302 0.005175549 -0.01744546 0.0378125 0.005191239 -0.01746073 0.0378053 0.005222149 -0.0174823 0.0377947 0.005130239 -0.01727827 0.0378815 0.005124659 -0.01732466 0.0378641 0.005126559 -0.01734834 0.0378547 0.005160819 -0.01720798 0.0379053 0.005134269 -0.01726383 0.0378866 0.005190739 -0.01727828 0.0379006 0.005130309 -0.01727768 0.0378817 0.005186479 -0.01717625 0.037915 0.005644099 -0.01727828 0.0379801 0.006095099 -0.01739756 0.0379051 0.006525142 -0.01739756 0.037776 0.006913857 -0.01739756 0.0375513 0.007486924 -0.01739756 0.0368679 0.007240312 -0.01739756 0.0372431 0.007640412 -0.01739756 0.036446 0.006103589 -0.01727828 0.037953 0.006544456 -0.01727828 0.0378207 0.006942955 -0.01727828 0.0375904 0.007277627 -0.01727828 0.0372744 0.007530446 -0.01727828 0.0368897 0.007687798 -0.01727828 0.0364572 0.01174077 0.0144 0.0130723 0.01174638 0.013242 0.01304916 0.01175353 0.0144 0.01300816 0.01165448 0.0144 0.01324727 0.01165415 0.013242 0.01324771 0.01169082 0.0144 0.01319289 0.01168832 0.013242 0.01319138 0.01171975 0.0144 0.01313423 0.01171127 0.013242 0.01315355 0.01173882 0.013242 0.01307165 0.01138722 0.0124756 0.01315821 0.01138722 0.012742 0.01323309 0.01137806 0.0129898 0.01335616 0.01131539 0.0129855 0.0133632 0.01150781 0.0130164 0.01331249 0.01146728 0.0130077 0.01332682 0.01150781 0.0127599 0.01318644 0.01144962 0.0130039 0.01333307 0.01138722 0.0129904 0.01335513 0.01161136 0.0127882 0.01311222 0.01160692 0.013056 0.01324758 0.01153013 0.0130253 0.01329787 0.01169218 0.0131135 0.01315348 0.01169082 0.0131118 0.01315628 0.01169082 0.0128252 0.0130155 0.01162323 0.0130659 0.01323147 0.01161136 0.0130578 0.01324467 0.01171229 0.0131388 0.01311204 0.01174077 0.0128683 0.01290287 0.01174077 0.0131746 0.01305335 0.01174142 0.0131772 0.01304914 0.01150781 0.0124847 0.01310909 0.01161136 0.0124991 0.01303095 0.01169082 0.0125179 0.01292912 0.01174077 0.0125398 0.01281053 0.01138722 0.0122 0.01313296 0.01150781 0.0122 0.01308301 0.01161136 0.0122 0.01300355 0.01169082 0.0122 0.0129 0.01174077 0.0122 0.01277941 0.01027048 0.0163061 0.01405839 0.009849309 0.016383 0.0145344 0.01074484 0.0161096 0.01370262 0.01053181 0.0162326 0.01399092 0.01115956 0.0158025 0.01339158 0.01106087 0.0159071 0.01356674 0.01162754 0.0146965 0.01327395 0.01166285 0.0147135 0.01321979 0.01169046 0.0147298 0.01316115 0.01170987 0.0147452 0.01309908 0.01172073 0.0147595 0.01303468 0.01154008 0.0150025 0.01336053 0.01157205 0.0150374 0.0133071 0.01159535 0.0150708 0.01324851 0.01160951 0.0151021 0.01318597 0.01161425 0.0151307 0.01312075 0.01168067 0.014915 0.01300074 0.01147892 0.015394 0.01315206 0.01140852 0.0155187 0.0132868 0.01137127 0.0153221 0.01352759 0.0113966 0.0153767 0.01347566 0.01141146 0.0154286 0.0134172 0.01141547 0.0154763 0.01335372 0.01108648 0.0156413 0.01380933 0.01110001 0.0157181 0.01376019 0.01110018 0.0157895 0.01370202 0.01108698 0.0158533 0.0136368 0.01065433 0.0159079 0.0142365 0.01064824 0.016008 0.01419246 0.01062492 0.0160983 0.01413493 0.01058548 0.0161744 0.01406665 0.01009931 0.0160294 0.0147844 0.01006399 0.01615 0.01474908 0.01000781 0.0162536 0.01469289 0.009934579 0.016333 0.01461967 0.009083389 0.0164619 0.0153989 0.009069539 0.0164652 0.0154145 0.009146879 0.0164047 0.0154772 0.009132619 0.0164079 0.0154926 0.009196279 0.0163264 0.0155467 0.009181589 0.0163297 0.0155622 0.009228929 0.0162311 0.015604 0.009213839 0.0162345 0.0156194 0.009243099 0.0161239 0.0156457 0.009227649 0.0161277 0.0156613 0.01138722 -0.012942 0.01323309 0.01131539 -0.01318546 0.0133632 0.01137806 -0.01318976 0.01335616 0.01138722 -0.01319038 0.01335513 0.01150781 -0.01295985 0.01318644 0.01144962 -0.01320385 0.01333307 0.01146728 -0.01320766 0.01332682 0.01160692 -0.01325603 0.01324758 0.01161136 -0.01298824 0.01311222 0.01153013 -0.01322533 0.01329787 0.01150781 -0.01321641 0.01331249 0.01169082 -0.01331176 0.01315628 0.01169082 -0.01302524 0.0130155 0.01162323 -0.01326586 0.01323147 0.01161136 -0.01325781 0.01324467 0.01138722 -0.0124 0.01313296 0.01138722 -0.01267559 0.01315821 0.01150781 -0.0124 0.01308301 0.01150781 -0.01268466 0.01310909 0.01161136 -0.0124 0.01300355 0.01161136 -0.0126991 0.01303095 0.01169082 -0.0124 0.0129 0.01169082 -0.01271791 0.01292912 0.01174077 -0.0124 0.01277941 0.01174077 -0.01273981 0.01281053 0.01174077 -0.01306832 0.01290287 0.01169218 -0.01331347 0.01315348 0.01171229 -0.01333877 0.01311204 0.01174077 -0.01337459 0.01305335 0.01174142 -0.01337716 0.01304914 0.01175353 -0.0146 0.01300816 0.01174733 -0.01344201 0.01304035 0.01174715 -0.0146 0.01304023 0.01174077 -0.0146 0.0130723 0.01174638 -0.01344201 0.01304916 0.01171975 -0.0146 0.01313423 0.01167135 -0.01344201 0.01321935 0.01169082 -0.0146 0.01319289 0.01171127 -0.01344201 0.01315355 0.01171797 -0.01344201 0.01313364 0.01165415 -0.01344201 0.01324771 0.01165448 -0.0146 0.01324727 0.01167265 -0.0146 0.01322008 0.008886999 0.0162402 0.016038 0.008308109 0.016545 0.0169233 0.007949273 0.016824 0.0178306 0.007664293 0.0172444 0.0189272 0.007657057 0.0172515 0.0192211 0.007699946 0.0171903 0.0189321 0.00769251 0.0171976 0.0192211 0.007728275 0.017132 0.0189368 0.007720717 0.0171395 0.0192211 0.007748801 0.0170706 0.0189413 0.007741207 0.0170783 0.0192211 0.007761178 0.017007 0.0189455 0.007753639 0.0170149 0.0192211 0.007707007 0.0172032 0.0184505 0.007743833 0.0171485 0.0184635 0.00777288 0.0170891 0.018476 0.00779362 0.0170262 0.0184878 0.007805681 0.016961 0.0184987 0.007739578 0.0171729 0.0182322 0.007777287 0.0171177 0.018249 0.007806877 0.0170575 0.0182651 0.007827787 0.0169936 0.0182802 0.007839618 0.0169271 0.0182942 0.007938106 0.0168944 0.0178101 0.00791662 0.0169616 0.0177873 0.007885287 0.0170243 0.0177629 0.007844798 0.0170809 0.0177374 0.007836298 0.0170976 0.0175723 0.008104733 0.016693 0.0173731 0.0080943 0.0167687 0.0173465 0.008298249 0.0166272 0.0168912 0.008071914 0.0168403 0.0173163 0.008274529 0.016704 0.0168538 0.008038162 0.016906 0.0172834 0.008237709 0.0167732 0.0168122 0.007993925 0.0169642 0.0172487 0.008188939 0.0168326 0.0167678 0.008580069 0.0163823 0.0164564 0.008570209 0.0164725 0.0164196 0.008544419 0.0165557 0.0163747 0.008503679 0.0166286 0.0163234 0.008449569 0.0166885 0.0162679 0.008743509 0.0165634 0.0158192 0.008802579 0.0165042 0.0158859 0.008847429 0.0164282 0.0159464 0.008875999 0.0163388 0.0159979 0.007741206 0.0170783 0.036 0.007692509 0.0171976 0.036 0.009934581 -0.01653301 0.01461967 0.009849311 -0.01658296 0.0145344 0.01053181 -0.01643264 0.01399092 0.01027048 -0.01650612 0.01405839 0.01000781 -0.01645355 0.01469289 0.01058548 -0.0163744 0.01406665 0.01006399 -0.01635 0.01474908 0.01062492 -0.01629831 0.01413493 0.01009931 -0.01622941 0.0147844 0.01064824 -0.01620802 0.01419246 0.01065433 -0.01610787 0.0142365 0.01074484 -0.01630958 0.01370262 0.01106087 -0.01610709 0.01356674 0.01115956 -0.01600253 0.01339158 0.01140852 -0.01571869 0.0132868 0.01147892 -0.01559399 0.01315206 0.01161425 -0.01533071 0.01312075 0.01172073 -0.01495949 0.01303468 0.01108698 -0.01605326 0.0136368 0.01141547 -0.01567628 0.01335372 0.01160951 -0.01530215 0.01318597 0.01170987 -0.01494523 0.01309908 0.01110018 -0.01598954 0.01370202 0.01141146 -0.01562855 0.0134172 0.01159535 -0.01527083 0.01324851 0.01169046 -0.01492979 0.01316115 0.01110001 -0.0159181 0.01376019 0.0113966 -0.01557672 0.01347566 0.01157205 -0.0152374 0.0133071 0.01166285 -0.01491345 0.01321979 0.01168067 -0.01511499 0.01300074 0.01108648 -0.01584134 0.01380933 0.01137127 -0.01552208 0.01352759 0.01154008 -0.01520254 0.01336053 0.01162754 -0.0148965 0.01327395 0.009833821 -0.01658262 0.01455193 0.009918681 -0.01653246 0.01463704 0.009991421 -0.01645296 0.01471018 0.0100471 -0.01634953 0.01476639 0.01008196 -0.01622917 0.01480186 0.005186478 0.0169762 0.037915 0.005148038 0.0170305 0.037898 0.005160918 0.0170078 0.0379054 0.005190738 0.0170783 0.0379006 0.005644098 0.0170783 0.0379801 0.005125838 0.017143 0.0378569 0.005126238 0.017099 0.0378739 0.005204658 0.0171976 0.0378539 0.005131258 0.0171697 0.0378459 0.005143358 0.0171973 0.0378341 0.005129738 0.01708 0.0378808 0.005130398 0.0170783 0.0378815 0.005199818 0.0172681 0.0378018 0.005158858 0.0172253 0.0378218 0.005149378 0.017211 0.0378282 0.005646898 0.0171976 0.0379315 0.005222308 0.0172831 0.0377944 0.007640411 0.0171976 0.036446 0.007486923 0.0171976 0.0368679 0.00724031 0.0171976 0.0372431 0.006913856 0.0171976 0.0375513 0.006525141 0.0171976 0.037776 0.006095098 0.0171976 0.0379051 0.006103588 0.0170783 0.037953 0.006544455 0.0170783 0.0378207 0.006942954 0.0170783 0.0375904 0.007277625 0.0170783 0.0372744 0.007530445 0.0170783 0.0368897 0.007687797 0.0170783 0.0364572 0.007372488 0.0137132 0.0191465 0.007459023 0.013717 0.0183458 0.007387604 0.0137175 0.0191454 0.007420163 0.0137269 0.0191429 0.007578002 0.013767 0.0183654 0.007525757 0.0137774 0.0191295 0.007563759 0.0138038 0.0191225 0.00768017 0.0138464 0.0183823 0.007610064 0.013849 0.0191106 0.007758567 0.01395 0.0183953 0.007676041 0.0139235 0.0190908 0.007649663 0.0138876 0.0191003 0.00780785 0.0140706 0.0184034 0.007731554 0.0140328 0.0190619 0.007690162 0.0139513 0.0190835 0.007745355 0.014077 0.0190502 0.007743374 0.0140707 0.0190519 0.007994088 0.0140706 0.017647 0.009210229 0.0140706 0.0156735 0.008703829 0.0140706 0.0162654 0.009174909 0.01395 0.0156382 0.008663469 0.01395 0.016236 0.009118719 0.0138464 0.015582 0.008599259 0.0138464 0.0161892 0.009045499 0.013767 0.0155088 0.008515589 0.013767 0.0161282 0.008960229 0.013717 0.0154235 0.008418149 0.013717 0.0160571 0.008295169 0.0140706 0.0169286 0.008250739 0.01395 0.0169058 0.008180059 0.0138464 0.0168694 0.008087949 0.013767 0.0168221 0.007980684 0.013717 0.016767 0.00794666 0.01395 0.0176313 0.007871213 0.0138464 0.0176064 0.007772888 0.013767 0.0175739 0.007658387 0.013717 0.0175361 0.01151373 -0.01334308 0.01336088 0.0115494 -0.01337632 0.01334211 0.01156968 -0.01337039 0.01332709 0.01161443 -0.01326908 0.01324771 0.01154574 -0.01330239 0.01332709 0.01150718 -0.01324149 0.01332709 0.01169976 -0.01334051 0.01315355 0.01164409 -0.0133533 0.01324771 0.01157397 -0.01340058 0.01332693 0.01156619 -0.01339196 0.01333327 0.01149504 -0.01332821 0.01336655 0.01145523 -0.01329655 0.01337863 0.01144666 -0.0132907 0.01337964 0.01140156 -0.01325992 0.01338496 0.01139207 -0.01325344 0.01338608 0.01135655 -0.01323275 0.01338447 0.01132574 -0.01321479 0.01338307 0.01130898 -0.01320658 0.01337977 0.00985689 -0.01415 0.01495619 0.00989221 -0.01427059 0.01499151 0.01015931 -0.01426013 0.01472728 0.0098007 -0.01404645 0.0149 0.01012024 -0.01414639 0.01470395 0.00972748 -0.01396699 0.01482678 0.01006344 -0.01404674 0.01466093 0.00991111 -0.01391244 0.01452718 0.00964221 -0.01391704 0.01474151 0.01051142 -0.01378602 0.01404464 0.01075602 -0.01409635 0.01413643 0.01071024 -0.0140027 0.01413677 0.01124972 -0.01376943 0.01364711 0.01119962 -0.01369909 0.01366461 0.0099923 -0.01396717 0.0146008 0.01065248 -0.01391738 0.01412102 0.01058523 -0.01384409 0.01408986 0.01114135 -0.01363319 0.01366967 0.01107672 -0.01357377 0.01366214 0.01110149 -0.01332749 0.01348691 0.01100774 -0.01352269 0.01364225 0.01078609 -0.01356065 0.01372346 0.01053875 0.0134824 0.01390896 0.01083575 0.0134355 0.013782 0.01095142 0.0132506 0.01359946 0.01121957 0.0131371 0.01346971 0.01157397 0.0132006 0.01332693 0.01146052 0.0133416 0.01343808 0.01140882 0.0132846 0.01346238 0.0115494 0.0131763 0.01334211 0.01156619 0.013192 0.01333327 0.01135039 0.0132306 0.01347594 0.01149504 0.0131282 0.01336655 0.01151373 0.0131431 0.01336088 0.01139207 0.0130534 0.01338608 0.01140156 0.0130599 0.01338496 0.01128675 0.013181 0.01347841 0.01144666 0.0130907 0.01337964 0.01145523 0.0130965 0.01337863 0.01135655 0.0130327 0.01338447 0.01132574 0.0130148 0.01338307 0.01130898 0.0130066 0.01337977 0.0109063 0.0134903 0.01381082 0.01097179 0.0135557 0.0138265 0.01102991 0.0136293 0.0138285 0.01107861 0.0137087 0.01381674 0.01051721 0.0139869 0.01437297 0.0104739 0.0138844 0.01436428 0.01041646 0.0137924 0.01433793 0.01034776 0.0137154 0.01429523 0.01027124 0.0136574 0.01423831 0.009642209 0.013717 0.01474151 0.009727479 0.013767 0.01482678 0.009800699 0.0138464 0.0149 0.009856889 0.01395 0.01495619 0.009892209 0.0140706 0.01499151 0.01006529 0.0136366 0.01426406 0.01150718 0.0130415 0.01332709 0.01169976 0.0131405 0.01315355 0.01164409 0.0131533 0.01324771 0.01161443 0.0130691 0.01324771 0.01154574 0.0131024 0.01332709 0.01156968 0.0131704 0.01332709 0.00870383 -0.01427059 0.0162654 0.007994089 -0.01427059 0.017647 0.00774557 -0.01427783 0.01905 0.007807851 -0.01427059 0.0184034 0.007758568 -0.01415 0.0183953 0.007729931 -0.01422843 0.0190631 0.00774331 -0.01427069 0.0190519 0.007610388 -0.01404879 0.0191106 0.007640695 -0.01407684 0.0191032 0.007680171 -0.01404645 0.0183823 0.007673876 -0.01412026 0.0190917 0.007690009 -0.01415139 0.0190835 0.00755355 -0.01399619 0.0191245 0.007578003 -0.01396699 0.0183654 0.007505567 -0.01396528 0.0191327 0.007398844 -0.01392014 0.0191447 0.007459024 -0.01391704 0.0183458 0.007387637 -0.01391753 0.0191454 0.00734515 -0.0139076 0.019148 0.007946661 -0.01415 0.0176313 0.007871214 -0.01404645 0.0176064 0.007772889 -0.01396699 0.0175739 0.007658388 -0.01391704 0.0175361 0.00829517 -0.01427059 0.0169286 0.00825074 -0.01415 0.0169058 0.00818006 -0.01404645 0.0168694 0.00808795 -0.01396699 0.0168221 0.007980685 -0.01391704 0.016767 0.00866347 -0.01415 0.016236 0.00859926 -0.01404645 0.0161892 0.00851559 -0.01396699 0.0161282 0.00841815 -0.01391704 0.0160571 0.00921023 -0.01427059 0.0156735 0.00917491 -0.01415 0.0156382 0.00911872 -0.01404645 0.015582 0.0090455 -0.01396699 0.0155088 0.00896023 -0.01391704 0.0154235 0.00996275 0.0110192 0.006164298 0.00971957 0.01129 0.006839408 0.00966962 0.01129 0.006959998 0.0096707 0.0112593 0.006962248 0.00925549 0.01129 0.007345948 0.00906241 0.01129 0.007425928 0.00907122 0.0111671 0.007426088 0.00903664 0.01129 0.007429318 0.00930911 0.0112037 0.007326668 0.00930359 0.01129 0.007326028 0.0096061 0.01129 0.007042788 0.00951356 0.0112351 0.007168478 0.0095107 0.01129 0.007167108 0.00944867 0.01129 0.007214708 0.00976989 0.0112745 0.006721948 0.00976952 0.01129 0.006718818 0.00979339 0.01129 0.006382478 0.00980359 0.01129 0.006459998 0.0098044 0.0112798 0.006463898 0.00978314 0.01129 0.006615358 0.00974959 0.01129 0.006153078 0.00976952 0.01129 0.006201178 0.00977188 0.0112748 0.006205578 0.00967455 0.0112599 0.005964505 0.00966962 0.01129 0.005959998 0.00965379 0.01129 0.005939373 0.00956311 0.0111609 0.005779093 0.00970939 0.0112008 0.005994374 0.00979387 0.0111227 0.006057488 0.00913189 0.0109468 0.007427178 0.0093492 0.0110424 0.007330888 0.00927145 0.0107035 0.007429368 0.00945127 0.0108477 0.007339368 0.00953487 0.0104357 0.007432778 0.00966446 0.0106124 0.007352588 0.00997915 0.0101729 0.007437358 0.01005238 0.0103612 0.007370478 0.00953698 0.011125 0.007177438 0.0096829 0.0111892 0.006976898 0.00960834 0.0109738 0.007195498 0.00973304 0.0110738 0.007006568 0.00977953 0.0107693 0.007223798 0.00987382 0.0108979 0.007053418 0.01011881 0.010532 0.007262378 0.01017546 0.0106776 0.007117948 0.00977741 0.0112307 0.006742438 0.00981773 0.0111418 0.006784168 0.00994219 0.0109911 0.006850738 0.01021974 0.0107914 0.006943728 0.00981428 0.011247 0.006489438 0.0097911 0.0112368 0.006234508 0.00985722 0.0111735 0.006541908 0.00984911 0.011167 0.006294638 0.00998092 0.011044 0.006626778 0.0099879 0.0110535 0.006393728 0.01024966 0.0108683 0.006747618 0.01026386 0.0109048 0.006538478 0.0102617 0.0108993 0.006325788 0.01061154 0.009993401 0.007442578 0.01061728 0.0100443 0.007427828 0.01063164 0.0101717 0.007390918 0.01064232 0.0102663 0.007342858 0.01065033 0.0103373 0.007306818 0.01066456 0.0104634 0.007209418 0.01066693 0.0104844 0.007193218 0.01068088 0.0106081 0.007054068 0.01068242 0.0106217 0.007031278 0.01069168 0.0107039 0.006894218 0.01069481 0.0107315 0.006819248 0.01069897 0.0107685 0.006719238 0.01070148 0.0107907 0.006587758 0.01070249 0.0107996 0.006535228 0.008870011 -0.01088509 0.005112204 0.008864071 -0.01080861 0.005106256 0.008920541 -0.01074926 0.005102483 0.008854021 -0.01067943 0.00509621 0.009281841 -0.01049885 0.005106696 0.008909331 -0.01106375 0.005151525 0.008893421 -0.01099144 0.00513561 0.009030581 -0.0108564 0.005139626 0.008989731 -0.0112743 0.005231916 0.008941151 -0.01114709 0.005183345 0.008946531 -0.01113926 0.00518363 0.008934011 -0.01112839 0.005176205 0.009135061 -0.01095813 0.0052005 0.009029531 -0.01134667 0.00527172 0.008993881 -0.01128186 0.00523607 0.009052531 -0.0112011 0.005247493 0.009137061 -0.01148633 0.005379249 0.009063981 -0.01139141 0.005306171 0.009066941 -0.01137735 0.005304622 0.009044881 -0.0113666 0.005287069 0.009151991 -0.01125677 0.005332354 0.01055491 -0.01095593 0.005831179 0.01055491 -0.01024882 0.005124072 0.01046873 -0.01024511 0.005122731 0.01049087 -0.01094983 0.005806004 0.01000902 -0.01094927 0.005625688 0.009594151 -0.01102351 0.005480203 0.009827061 -0.01030466 0.005113577 0.009562991 -0.0111391 0.005594035 0.009317091 -0.01113537 0.005386806 0.009371821 -0.01065 0.005156231 0.009455681 -0.01079088 0.005236949 0.009882941 -0.01050262 0.005183202 0.009933421 -0.01068145 0.00529559 0.01047618 -0.01048215 0.005218788 0.01048261 -0.01068706 0.005371881 0.01055491 -0.01049 0.005223973 0.01055491 -0.01069711 0.005382891 0.009337401 -0.01124139 0.00548124 0.009231361 -0.0110519 0.005283585 0.009530621 -0.01091678 0.005346156 0.009976121 -0.01083271 0.005445441 0.01048762 -0.01084643 0.005571986 0.01055491 -0.01085602 0.005589998 0.009195481 -0.01136125 0.005410282 0.00903704 0.0125692 0.007432368 0.00925758 0.0127898 0.007351008 0.00945304 0.0129852 0.007220408 0.00961261 0.0131448 0.007047788 0.00967609 0.0132083 0.006948618 0.00972747 0.0132597 0.006842678 0.00976605 0.0132982 0.006731438 0.00979128 0.0133235 0.006616428 0.00980282 0.013335 0.006499258 0.00980051 0.0133327 0.006381538 0.00978438 0.0133166 0.006264908 0.00975465 0.0132868 0.006150978 0.00971174 0.0132439 0.006041338 0.00965623 0.0131884 0.005937499 0.01072411 0.0102448 0.007353898 0.01069987 0.0100282 0.007433108 0.01074567 0.0104375 0.007226618 0.0107634 0.0105958 0.007058118 0.01077632 0.0107113 0.006857458 0.01078376 0.0107777 0.006635418 0.01080614 0.0102212 0.007360968 0.01078651 0.0100461 0.007422628 0.0107826 0.0100111 0.007434928 0.01081318 0.0102839 0.007321288 0.01082727 0.0104096 0.007241828 0.01083609 0.0104883 0.007162658 0.01084491 0.010567 0.007083488 0.01085376 0.0106459 0.006957028 0.01085818 0.0106854 0.006893878 0.01086505 0.0107466 0.006717668 0.01086642 0.0107589 0.006682518 0.01084773 0.0100327 0.007425928 0.01130163 0.0105883 0.006718818 0.01147786 0.0104338 0.006718818 0.01161171 0.0102415 0.006718818 0.0110934 0.0106958 0.006718818 0.01105869 0.0106021 0.006959998 0.01100348 0.0104531 0.007167108 0.01093152 0.0102589 0.007326028 0.01169531 0.0100226 0.006718818 0.01159835 0.009998501 0.006959998 0.0115234 0.0101948 0.006959998 0.01144411 0.009960301 0.007167108 0.01138291 0.0101205 0.007167108 0.01124309 0.009910401 0.007326028 0.01119982 0.0100237 0.007326028 0.01100901 0.009852301 0.007425928 0.01098661 0.009911001 0.007425928 0.01140339 0.0103673 0.006959998 0.01128492 0.0102613 0.007167108 0.01113054 0.0101233 0.007326028 0.01095075 0.009962501 0.007425928 0.01172373 0.009790001 0.006718818 0.01162383 0.009790001 0.006959998 0.01146491 0.009790001 0.007167108 0.01125781 0.009790001 0.007326028 0.01101663 0.009790001 0.007425928 0.01124539 0.0105057 0.006959998 0.01115592 0.0103744 0.007167108 0.01103931 0.0102032 0.007326028 0.01090353 0.0100039 0.007425928 0.01101663 0.009200001 0.007425928 0.01125781 0.009200001 0.007326028 0.01146491 0.009200001 0.007167108 0.01162383 0.009200001 0.006959998 0.01172373 0.009200001 0.006718818 0.01100781 0.008267001 0.006718818 0.01124077 0.008363501 0.006718818 0.01098195 0.008363501 0.006959998 0.01119082 0.008450001 0.006959998 0.01094082 0.008517001 0.007167108 0.01111136 0.008587601 0.007167108 0.01088722 0.008717001 0.007326028 0.01100781 0.008767001 0.007326028 0.0108248 0.008950001 0.007425928 0.01088722 0.008975901 0.007425928 0.01144082 0.008517001 0.006718818 0.01137018 0.008587601 0.006959998 0.01125781 0.008700001 0.007167108 0.01111136 0.008846401 0.007326028 0.01094082 0.009017001 0.007425928 0.01075781 0.008234101 0.006718818 0.01075781 0.008334001 0.006959998 0.01075781 0.008492901 0.007167108 0.01075781 0.008700001 0.007326028 0.01075781 0.008941201 0.007425928 0.01159432 0.008717001 0.006718818 0.01169082 0.008950001 0.006718818 0.01150781 0.008767001 0.006959998 0.01159432 0.008975901 0.006959998 0.01137018 0.008846401 0.007167108 0.01144082 0.009017001 0.007167108 0.01119082 0.008950001 0.007326028 0.01124077 0.009070601 0.007326028 0.01098195 0.009070601 0.007425928 0.01100781 0.009133001 0.007425928 0.00275781 0.0089412 0.007425928 0.00275781 0.0087 0.007326028 0.00275781 0.0084929 0.007167108 0.00275781 0.008334 0.006959998 0.00275781 0.0082341 0.006718818 0.00253366 0.0090706 0.007425928 0.0025748 0.009017 0.007425928 0.00225781 0.0087 0.007167108 0.00214544 0.0085876 0.006959998 0.0023248 0.00845 0.006959998 0.00227484 0.0083635 0.006718818 0.00250781 0.008267 0.006718818 0.00191314 0.0089526 0.006934668 0.00197299 0.008746 0.006874808 0.00200781 0.008767 0.006959998 0.0021291 0.0084757 0.006718708 0.00222558 0.0083691 0.006622228 0.00226458 0.0083455 0.006583228 0.00208656 0.0085227 0.006761248 0.00208455 0.0085265 0.006763258 0.00198004 0.0087217 0.006867768 0.00253366 0.0083635 0.006959998 0.00189033 0.0092 0.006957478 0.00191128 0.0089727 0.006936528 0.00189178 0.0092 0.006959998 0.00192129 0.0089759 0.006959998 0.00201759 0.0092 0.007123958 0.0020748 0.009017 0.007167108 0.0020507 0.0092 0.007167108 0.00214544 0.0088464 0.007167108 0.0023248 0.00895 0.007326028 0.0025748 0.008517 0.007167108 0.00240425 0.0085876 0.007167108 0.00227484 0.0090706 0.007326028 0.00225781 0.0092 0.007326028 0.00217364 0.0092 0.007261438 0.00250781 0.009133 0.007425928 0.00250781 0.008767 0.007326028 0.00240425 0.0088464 0.007326028 0.0026284 0.0089759 0.007425928 0.0026284 0.008717 0.007326028 0.00269082 0.00895 0.007425928 0.00255003 0.0092 0.007432648 0.00249899 0.0092 0.007425928 0.00235314 0.0092 0.007365508 0.00254933 0.01079 0.007438028 0.00235001 0.01079 0.007373068 0.00189033 0.0111575 0.006957478 0.00201311 0.0110347 0.007127398 0.00216861 0.0108792 0.007267988 0.00225781 0.01079 0.007326028 0.01075781 -0.008434069 0.005831179 0.002498991 -0.00843407 0.005831179 0.01075781 -0.008533969 0.005589998 0.002257811 -0.00853397 0.005589998 0.01075781 -0.008692889 0.005382891 0.002050701 -0.00869289 0.005382891 0.001964451 -0.00879124 0.005296645 0.01075781 -0.008899999 0.005223973 0.001891781 -0.0089 0.005223973 0.001833931 -0.00901732 0.005166118 0.01075781 -0.009141179 0.005124072 0.001791881 -0.00914118 0.005124072 0.001766361 -0.00926947 0.005098553 0.01172373 -0.009399999 0.005831179 0.01169082 -0.009149999 0.005831179 0.01119082 -0.009149999 0.005223973 0.01098195 -0.009270589 0.005124072 0.01094082 -0.009216989 0.005124072 0.0108248 -0.009149999 0.005124072 0.01100781 -0.009333009 0.005124072 0.01124077 -0.009270589 0.005223973 0.01144082 -0.009216989 0.005382891 0.01101663 -0.009399999 0.005124072 0.01111136 -0.009046449 0.005223973 0.01088722 -0.009175859 0.005124072 0.01100781 -0.008966989 0.005223973 0.01088722 -0.008917039 0.005223973 0.01125781 -0.009399999 0.005223973 0.01146491 -0.009399999 0.005382891 0.01162383 -0.009399999 0.005589998 0.01137018 -0.009046449 0.005382891 0.01125781 -0.008899999 0.005382891 0.01111136 -0.008787629 0.005382891 0.01094082 -0.008716989 0.005382891 0.01159432 -0.009175859 0.005589998 0.01150781 -0.008966989 0.005589998 0.01137018 -0.008787629 0.005589998 0.01119082 -0.008649999 0.005589998 0.01098195 -0.008563479 0.005589998 0.01159432 -0.008917039 0.005831179 0.01144082 -0.008716989 0.005831179 0.01124077 -0.008563479 0.005831179 0.01100781 -0.008466989 0.005831179 0.01101663 -0.009989999 0.005124072 0.01125781 -0.009989999 0.005223973 0.01146491 -0.009989999 0.005382891 0.01162383 -0.009989999 0.005589998 0.01172373 -0.009989999 0.005831179 0.01075781 -0.01095593 0.005831179 0.01100781 -0.01092301 0.005831179 0.01100781 -0.01042301 0.005223973 0.01088722 -0.01021414 0.005124072 0.01094082 -0.01017301 0.005124072 0.01100781 -0.01005699 0.005124072 0.0108248 -0.01024 0.005124072 0.01088722 -0.01047296 0.005223973 0.01094082 -0.01067301 0.005382891 0.01075781 -0.01024882 0.005124072 0.01111136 -0.01034355 0.005223973 0.01098195 -0.01011941 0.005124072 0.01119082 -0.01024 0.005223973 0.01124077 -0.01011941 0.005223973 0.01075781 -0.01049 0.005223973 0.01075781 -0.01069711 0.005382891 0.01075781 -0.01085602 0.005589998 0.01111136 -0.01060237 0.005382891 0.01125781 -0.01049 0.005382891 0.01137018 -0.01034355 0.005382891 0.01144082 -0.01017301 0.005382891 0.01098195 -0.01082652 0.005589998 0.01119082 -0.01074 0.005589998 0.01137018 -0.01060237 0.005589998 0.01150781 -0.01042301 0.005589998 0.01159432 -0.01021414 0.005589998 0.01124077 -0.01082652 0.005831179 0.01144082 -0.01067301 0.005831179 0.01159432 -0.01047296 0.005831179 0.01169082 -0.01024 0.005831179 0.01172373 -0.009399999 0.006718818 0.01172373 -0.01024882 0.006718818 0.01162383 -0.009399999 0.006959998 0.01162383 -0.01049 0.006959998 0.01146491 -0.009399999 0.007167108 0.01146491 -0.01069711 0.007167108 0.01136657 -0.01078335 0.007253348 0.01125781 -0.009399999 0.007326028 0.01125781 -0.01085602 0.007326028 0.01114049 -0.01091388 0.007383878 0.01101663 -0.009399999 0.007425928 0.01101663 -0.01095593 0.007425928 0.01088833 -0.01098144 0.007451438 0.01075781 -0.008434069 0.006718818 0.01100781 -0.008466989 0.006718818 0.01100781 -0.008966989 0.007326028 0.01088722 -0.009175859 0.007425928 0.01094082 -0.009216989 0.007425928 0.01100781 -0.009333009 0.007425928 0.0108248 -0.009149999 0.007425928 0.01088722 -0.008917039 0.007326028 0.01094082 -0.008716989 0.007167108 0.01075781 -0.009141179 0.007425928 0.01111136 -0.009046449 0.007326028 0.01098195 -0.009270589 0.007425928 0.01119082 -0.009149999 0.007326028 0.01124077 -0.009270589 0.007326028 0.01075781 -0.008899999 0.007326028 0.01075781 -0.008692889 0.007167108 0.01075781 -0.008533969 0.006959998 0.01111136 -0.008787629 0.007167108 0.01125781 -0.008899999 0.007167108 0.01137018 -0.009046449 0.007167108 0.01144082 -0.009216989 0.007167108 0.01098195 -0.008563479 0.006959998 0.01119082 -0.008649999 0.006959998 0.01137018 -0.008787629 0.006959998 0.01150781 -0.008966989 0.006959998 0.01159432 -0.009175859 0.006959998 0.01124077 -0.008563479 0.006718818 0.01144082 -0.008716989 0.006718818 0.01159432 -0.008917039 0.006718818 0.01169082 -0.009149999 0.006718818 0.002757811 -0.00914118 0.007425928 0.002757811 -0.0089 0.007326028 0.002757811 -0.00869289 0.007167108 0.002757811 -0.00853397 0.006959998 0.002757811 -0.00843407 0.006718818 0.001891781 -0.0094 0.006959998 0.001891781 -0.01135602 0.006959998 0.001964451 -0.01128335 0.007068758 0.002050701 -0.0094 0.007167108 0.001833931 -0.01141388 0.006842678 0.001791881 -0.0094 0.006718818 0.001791881 -0.01145593 0.006718818 0.001766361 -0.01148144 0.006590528 0.002050701 -0.01119711 0.007167108 0.002257811 -0.01099 0.007326028 0.002257811 -0.0094 0.007326028 0.002498991 -0.01099 0.007425928 0.002498991 -0.0094 0.007425928 0.001824801 -0.00915 0.006718818 0.002324801 -0.00915 0.007326028 0.002533661 -0.00927059 0.007425928 0.002574801 -0.00921699 0.007425928 0.002690821 -0.00915 0.007425928 0.002507811 -0.00933301 0.007425928 0.002274841 -0.00927059 0.007326028 0.002074801 -0.00921699 0.007167108 0.002404251 -0.00904645 0.007326028 0.002628401 -0.00917586 0.007425928 0.002507811 -0.00896699 0.007326028 0.002628401 -0.00891704 0.007326028 0.002145441 -0.00904645 0.007167108 0.002257811 -0.0089 0.007167108 0.002404251 -0.00878763 0.007167108 0.002574801 -0.00871699 0.007167108 0.001921291 -0.00917586 0.006959998 0.002007811 -0.00896699 0.006959998 0.002145441 -0.00878763 0.006959998 0.002324801 -0.00865 0.006959998 0.002533661 -0.00856348 0.006959998 0.001921291 -0.00891704 0.006718818 0.002074801 -0.00871699 0.006718818 0.002274841 -0.00856348 0.006718818 0.002507811 -0.00846699 0.006718818 -0.03166254 -0.0165 0.004999996 -0.03328784 -0.01245672 0.003374706 -0.03339974 -0.01253472 0.003262796 -0.03366254 -0.0165 0.002999996 -0.03352714 -0.01258344 0.003135386 -0.03366254 -0.0126 0.002999996 -0.03313564 -0.01223276 0.003526906 -0.03316314 -0.01229531 0.003499396 -0.03319804 -0.01235405 0.003464506 -0.03180714 -0.0101 0.004855419 -0.03237634 -0.0101 0.004286165 -0.03166254 -0.01049722 0.004999996 -0.03310434 -0.0121 0.003558226 -0.03311594 -0.01216733 0.003546606 0.00222558 0.0083691 0.006622228 0.0021291 0.0084757 0.006718708 0.00375781 0.01631 0.005089998 0.00208656 0.0085227 0.006761248 0.00208455 0.0085265 0.006763258 0.00198004 0.0087217 0.006867768 0.00197299 0.008746 0.006874808 0.00191314 0.0089526 0.006934668 0.00191128 0.0089727 0.006936528 0.00175781 0.01129 0.007089998 0.001757809 0.01631 0.007089998 0.00189033 0.0111575 0.006957478 0.00189033 0.0092 0.006957478 0.00375781 0.0082 0.005089998 0.00275781 0.0082 0.006089998 0.00256832 0.0082181 0.006279488 0.00238781 0.008271 0.006459998 0.00226458 0.0083455 0.006583228</float_array>
          <technique_common>
            <accessor count="4115" source="#verts-array-array" stride="3">
              <param type="float" name="X"/>
              <param type="float" name="Y"/>
              <param type="float" name="Z"/>
            </accessor>
          </technique_common>
        </source>
        <source id="normals-array">
          <float_array count="12345" id="normals-array-array">-0.01976721 -0.2614057 0.9650266 0.001097101 -0.13933 0.9902454 -0.05313961 -0.05419181 0.9971156 7.368662e-06 -0.1391415 0.9902725 0.02746454 -0.01708319 0.9994768 -0.003091396 -0.4401313 0.8979281 -0.03711638 -0.5048643 0.8624004 -0.002651198 -0.4436639 0.8961893 0.000233508 -0.4774275 0.8786711 -0.004938551 -0.4254962 0.9049467 -0.006868289 -0.4122943 0.9110248 -0.007907754 -0.4062123 0.9137445 -0.004705437 -0.3357503 0.9419393 -0.003543906 -0.3268352 0.9450747 -0.003199351 -0.3233463 0.9462753 -0.001282997 -0.3007371 0.9537062 -0.00956488 -0.3972883 0.917644 -0.01102827 -0.3791755 0.925259 -0.00839788 -0.3608704 0.9325782 -0.0004863633 -0.2879854 0.9576347 0.002030322 -0.1854979 0.9826426 -0.01974064 -0.6286237 0.777459 -0.01402581 -0.5779637 0.8159419 -0.04922658 -0.7085488 0.7039427 -0.01039761 -0.5655756 0.8246309 0.001092238 -0.487467 0.8731408 0.05804724 -0.9966248 0.05804693 0.05708144 -0.9716611 0.2293826 -0.06546632 -0.9957308 0.06507121 -0.06490893 -0.9643421 0.2565757 0.05622917 -0.9379284 0.3422407 0.05361292 -0.8929443 0.4469632 -0.05955474 -0.8659402 0.4965891 -0.006065787 -0.661169 0.7502125 0.03984436 -0.6876189 0.7249777 0.04702851 -0.7669639 0.6399646 0.05123153 -0.8337281 0.5497935 -0.9447413 0.3222014 -0.06041618 -0.9022927 0.4266999 -0.06160423 -0.8767301 0.4148632 -0.2433778 -0.8482857 0.5259319 -0.06170148 -0.7837701 0.6179799 -0.06168685 -0.7616071 0.6005937 -0.2433965 -0.7091617 0.7023297 -0.0618274 -0.6251405 0.7780879 -0.06146914 -0.6077853 0.7558713 -0.2434245 -0.5342605 0.84309 -0.06136006 -0.4353372 0.8981487 -0.06172939 -0.4231965 0.872732 -0.2434002 -0.3313474 0.9415198 -0.06123162 -0.2233431 0.9727972 -0.06150992 -0.2170804 0.9453295 -0.2433684 -0.9983768 0.0539124 -0.01836371 -0.9734061 0.222138 -0.05599276 -0.9826417 0.111056 -0.1485996 -0.9445677 0.2190089 -0.2445956 -0.967658 0.08464143 -0.2376421 -0.8378132 0.08465843 -0.5393534 -0.8820132 0.09684015 -0.4611667 -0.8589334 0.2000467 -0.4713966 -0.9156936 0.125568 -0.3817564 -0.9349476 0.1225659 -0.3329423 -0.7953694 0.09739238 -0.5982493 -0.7188192 0.1741388 -0.6730339 -0.7423386 0.06905188 -0.6664573 -0.5399682 0.1383296 -0.8302405 -0.6817943 0.09053103 -0.7259206 -0.7422624 0.06909693 -0.6665374 -0.382656 0.2009289 -0.9017771 -0.4171584 0.1631476 -0.8940703 -0.5780441 0.07559464 -0.8124964 -0.2457388 0.109839 -0.9630928 -0.2672614 0.1295436 -0.9548768 -0.3764406 0.0434779 -0.92542 -0.407083 -0.01707415 -0.9132316 -0.3831794 0.1998236 -0.9018005 -0.08034013 0.223566 -0.9713721 -0.1009469 0.2073363 -0.9730475 -0.02462672 0.3381717 -0.9407621 -0.07578586 0.326623 -0.9421114 -0.02587813 0.4391472 -0.8980423 -0.1237976 0.5391516 -0.8330605 -0.002563695 0.5620427 -0.8271043 -0.02018269 0.6352119 -0.7720741 -0.1655403 0.7210593 -0.6728075 -0.0414954 0.7373798 -0.6742026 -0.04679055 0.8124494 -0.5811511 -0.1972917 0.859113 -0.4722297 -0.05036743 0.8803775 -0.4715915 -0.05324649 0.930503 -0.3623934 -0.05505804 0.9687417 -0.2418845 -0.05632756 0.9909054 -0.1222036 -0.05660788 0.9965009 -0.06149448 -0.3846343 0.793139 -0.472215 -0.3228357 0.6656443 -0.672826 -0.241437 0.4977062 -0.8330646 -0.1456028 0.3011073 -0.9424087 -0.1015252 0.1889799 -0.9767186 -0.5523821 0.6869064 -0.4722643 -0.4636386 0.5764698 -0.6728461 -0.3467092 0.431035 -0.8330676 -0.2102413 0.2644031 -0.9412171 -0.1053533 0.1828105 -0.9774871 -0.6921131 0.5458388 -0.4722706 -0.580878 0.4581021 -0.6728471 -0.4343145 0.342577 -0.8330738 -0.2698236 0.2177919 -0.9379562 -0.1143188 0.1906597 -0.974977 -0.7967579 0.3770407 -0.4722469 -0.6686934 0.3164281 -0.6728465 -0.5000179 0.2366407 -0.8330566 -0.3217504 0.1553456 -0.9339938 -0.1534603 0.1783957 -0.9719181 -0.8410259 0.5409948 0.0002114189 -0.8869624 0.4618223 0.004226718 -0.8641744 0.4989743 0.06501729 -0.3232331 0.9463193 -0.0004681588 -0.1787381 0.9838966 -0.0005017427 -0.05852218 0.998286 -0.000347583 -0.4529076 0.8915574 -0.0002588921 -0.5717904 0.8203996 -0.0005939921 -0.6773857 0.7356278 -0.0006112152 -0.7344501 0.6786622 -0.0007641249 -0.7933484 0.6087665 -0.001272392 -0.9638993 0.2582186 0.06497074 -0.9260071 0.3775061 -4.702488e-05 -0.8696565 0.4936572 -0.0003246244 -0.8420204 0.5394451 -0.0008127653 -0.705666 0.7055561 0.06500903 -0.4989745 0.8641657 0.06513183 -0.5718398 0.8203651 0.0005568781 -0.7054325 0.7087771 -5.543252e-05 -0.7399129 0.6726901 0.004118068 -0.7917983 0.6107789 0.00214832 -0.2582523 0.9638802 0.0651212 -0.06575509 0.9957474 0.06452494 -0.05988231 0.998204 0.001684616 -0.1780979 0.9840123 0.001008531 -0.3238249 0.9461167 0.0007660398 -0.4526904 0.8916677 0.0003347052 -0.9957555 0.06514283 0.06501914 0.7310546 0.6823188 -0.0005269432 0.7782512 0.6279449 0.003198569 0.7254682 0.6873307 -0.03567054 0.6407748 0.7677268 -0.001790121 0.6396498 0.7667966 -0.05358311 0.5511375 0.8324036 -0.05789379 0.5478841 0.8365543 -5.564516e-05 0.4917721 0.870724 -3.878083e-05 0.4494301 0.8914267 -0.05806039 0.3426113 0.9376899 -0.05792374 0.2989057 0.9542827 -3.490606e-05 0.1122812 0.9919899 -0.05786995 0.05802609 0.9966286 -0.05800344 0.05859877 0.9982815 -0.0004251153 0.2269713 0.9721707 -0.05803521 0.1687502 0.9856588 -0.0002588356 0.1149692 0.9918757 0.05444864 0.05782397 0.9966225 0.05830875 0.05709304 0.9716495 0.2294288 0.2882376 0.6581955 0.6954839 0.3871567 0.6702994 0.6330943 0.3454519 0.70317 0.6214619 0.72641 0.6665943 0.1672741 0.7428442 0.6680513 0.04347258 0.640016 0.7664488 0.05418282 0.6731394 0.6595463 0.3344878 0.706019 0.6600285 0.2567093 0.6154332 0.7553923 0.2249988 0.5197493 0.6533134 0.5504927 0.5794014 0.6492013 0.4927795 0.5564402 0.7060492 0.4380282 0.6437886 0.6376936 0.4229457 0.4331361 0.6778312 0.5940859 0.4016768 0.8002868 0.445193 0.2213996 0.6611444 0.7168474 0.1754512 0.7537243 0.6333377 0.2182896 0.6545231 0.7238433 0.04700679 0.7669999 0.6399231 0.03515412 0.6833056 0.7292857 0.1371131 0.6650867 0.7340706 -0.006994509 0.6609525 0.7503951 0.5515018 0.8322009 0.05733635 0.4377532 0.8693789 0.2292434 0.4491745 0.8915804 0.05767718 0.3428889 0.9376124 0.05753476 0.2249798 0.9470138 0.2292354 0.2245784 0.9729595 0.05398458 0.2068857 0.8706569 0.4462677 0.05625671 0.9379003 0.3423131 0.05365896 0.8929476 0.446951 0.05125825 0.8336839 0.5498579 0.02481079 0.036499 0.9990256 0.04375362 2.030614e-09 0.9990424 0.1883991 8.743641e-09 0.9820926 0.1721819 0.06449212 0.9829518 -0.05230084 0.02864862 0.9982204 -0.05500237 0.05020529 0.9972232 -0.167269 -0.02714043 0.9855377 -0.1663542 0.1109597 0.9798032 0.3966314 1.840775e-08 0.9179779 0.3958027 0.06444686 0.9160714 0.5975796 2.773379e-08 0.8018096 0.5963252 0.06422208 0.8001698 0.7662731 3.556289e-08 0.642515 0.7646956 0.06408463 0.6411972 0.8937262 4.147802e-08 0.4486127 0.8918836 0.06430283 0.4476704 0.9730737 4.516055e-08 0.2304943 0.971064 0.06421649 0.2300237 0.9983098 4.633176e-08 0.05811693 0.9962533 0.06427801 0.05785886 -0.5338294 -0.8433441 -0.06161972 -0.6254407 -0.7778205 -0.06179994 -0.6079583 -0.7560621 -0.2423981 -0.7090804 -0.7024223 -0.06170866 -0.7837937 -0.6179608 -0.06157839 -0.7617638 -0.6007986 -0.2423984 -0.8482506 -0.5260192 -0.06143848 -0.9022896 -0.4267452 -0.06133556 -0.8769122 -0.4150524 -0.2423974 -0.9444663 -0.3228716 -0.06113303 -0.9737764 -0.2199802 -0.05803631 -0.9449574 -0.2199304 -0.2422523 -0.2115384 -0.1522927 -0.9654317 -0.1689079 -0.1917891 -0.9667922 -0.3172375 -0.1558087 -0.9354593 -0.1031937 -0.1947034 -0.9754187 -0.06286181 -0.2178962 -0.9739454 -0.149319 -0.3095575 -0.9390836 -0.05934034 -0.2194879 -0.9738089 -0.04757073 -0.2265332 -0.9728411 -0.02469467 -0.3424634 -0.9392066 -0.07682599 -0.3340083 -0.939434 -0.0637183 -0.2150719 -0.9745174 -0.2799997 -0.05092262 -0.9586486 -0.526371 -0.07088966 -0.8472947 -0.457018 -0.08054122 -0.8858034 -0.540179 -0.1378121 -0.8301894 -0.2834723 0.06082887 -0.9570493 -0.3271609 -0.05829165 -0.943169 -0.384521 -0.1834895 -0.9046962 -0.3515132 -0.3031186 -0.8857525 -0.7205993 -0.05593845 -0.6910916 -0.7206049 -0.05593937 -0.6910856 -0.7222979 -0.1726519 -0.6696843 -0.6567602 -0.09488432 -0.7481063 -0.5955147 -0.06040092 -0.8010705 -0.7837819 -0.09622596 -0.6135361 -0.8598273 -0.2004126 -0.4696081 -0.8650304 -0.09610259 -0.4924293 -0.9620481 -0.09124663 -0.2571722 -0.9260846 -0.1318842 -0.3535164 -0.9099516 -0.1270003 -0.3947899 -0.9057924 -0.08722564 -0.4146465 -0.9795201 -0.1096288 -0.1688841 -0.9982829 -0.05389295 -0.0229525 -0.02693283 -0.4432665 -0.8959852 -0.1245748 -0.5424493 -0.8308008 -0.009305778 -0.5637611 -0.8258855 -0.02261046 -0.640064 -0.7679889 -0.1660522 -0.723005 -0.6705896 -0.04148397 -0.7394646 -0.6719161 -0.0467436 -0.8139724 -0.5790198 -0.1975182 -0.8600342 -0.4704549 -0.2428295 -0.5008016 -0.8308018 -0.3236689 -0.6674946 -0.6705889 -0.3850087 -0.7940041 -0.4704528 -0.423297 -0.8729623 -0.2423973 -0.2171581 -0.9455612 -0.2423973 -0.7976008 -0.3775037 -0.4704508 -0.6705208 -0.3173565 -0.6705868 -0.5030625 -0.2381034 -0.8308038 -0.6928642 -0.5464609 -0.4704463 -0.5824722 -0.459393 -0.670585 -0.4370046 -0.3446578 -0.8308056 -0.2697425 -0.2133404 -0.9390021 -0.1672023 -0.1572674 -0.9732987 -0.5529709 -0.6876758 -0.4704522 -0.4648622 -0.5781169 -0.6705848 -0.3487675 -0.4337369 -0.830803 -0.2159532 -0.2677499 -0.9389751 -0.1614357 -0.156732 -0.974358 -0.4354765 -0.8980855 -0.06166593 -0.05019135 -0.8806484 -0.4711043 -0.05307844 -0.9305536 -0.3622881 -0.04074123 -0.9710771 -0.2352644 -0.04546858 -0.9902913 -0.1313615 -0.3304577 -0.9419288 -0.05973092 -0.2245088 -0.9726453 -0.05964035 -0.05652418 -0.9965225 -0.06122046 0.05813041 -0.998309 3.145642e-09 0.05795516 -0.996622 -0.05818696 0.1690405 -0.9856091 -1.986471e-05 0.1170906 -0.9915245 -0.05629428 0.2990579 -0.954235 -2.157444e-05 0.4912242 -0.8710332 -3.568435e-05 0.7255227 -0.6872524 -0.03606741 0.7799725 -0.6258104 0.002076563 0.7311422 -0.6822251 -1.865079e-05 0.2293732 -0.9717132 -0.05622682 0.3419532 -0.9379441 -0.05769585 0.5476077 -0.8367352 2.154982e-05 0.4485105 -0.891904 -0.05784154 0.6385635 -0.7695691 -3.650034e-05 0.5500414 -0.8331486 -0.05760112 0.638305 -0.7679236 -0.05347997 0.05817912 0.9983062 3.148283e-09 0.1688653 0.9856391 5.665343e-05 0.2989042 0.9542831 4.464504e-05 0.4918167 0.8706987 7.553988e-05 0.7830783 0.6219231 4.237517e-08 0.7311338 0.6822341 5.090299e-05 0.5477403 0.8366484 -5.104483e-05 0.6386885 0.7694654 7.656182e-05 0.7309775 -0.6824007 0.001086565 0.7804054 -0.6252713 -0.001797262 0.742628 -0.6683054 0.04325996 0.6429175 -0.7659272 0.003534578 0.6393671 -0.7669708 0.05445657 0.5498371 -0.8332633 0.0578914 0.5477529 -0.8366402 0.0001278793 0.4912965 -0.8709924 0.0001150889 0.4486516 -0.8918213 0.05802171 0.3418062 -0.9379857 0.057891 0.2991084 -0.9542191 7.454624e-05 0.1158645 -0.9915756 0.05790679 0.05905861 -0.9982541 0.0009221776 0.23047 -0.9713479 0.05802481 0.1688402 -0.9856433 0.0005779884 -0.1788847 -0.9838696 -0.0009152216 -0.3225466 -0.9465536 0.0001950241 -0.05813032 -0.998309 -3.145642e-09 -0.1788105 -0.9838835 5.077101e-05 -0.2584231 -0.9637871 0.06581766 -0.3229968 -0.9464 -1.747851e-08 -0.4532801 -0.8913681 2.370873e-05 -0.4989686 -0.8641423 0.06548523 -0.5712355 -0.8207862 -3.09116e-08 -0.7055279 -0.7086822 -0.0002199496 -0.7054271 -0.7057278 0.06573394 -0.7344761 -0.6786345 -0.0003046166 -0.7919 -0.6106499 0.00104469 -0.8643287 -0.4986366 0.06555478 -0.8410519 -0.5409543 0.0002118948 -0.8867928 -0.4621478 0.004247203 -0.9638582 -0.2583274 0.06514918 -0.9259986 -0.377527 -4.659597e-05 -0.4539435 -0.8910304 -0.0003787294 -0.5704195 -0.8213534 0.0004287669 -0.6777303 -0.7353104 -0.0004310652 -0.7337135 -0.6794589 -0.0002591692 -0.7934008 -0.6086985 -0.001142384 -0.05918054 -0.9982467 -0.001051509 -0.8420614 -0.539381 -0.0008124295 -0.8693861 -0.4941333 -0.000329927 -0.9957516 -0.06503074 0.06518973 0.6154213 -0.7553959 0.2250193 0.4377285 -0.8694061 0.2291873 0.2249549 -0.9470304 0.2291916 0.1370922 -0.6651171 0.734047 0.177797 -0.7512655 0.6356009 0.2204719 -0.6557593 0.7220608 0.2146108 -0.6682066 0.7123498 0.3402119 -0.7025451 0.6250489 0.2881229 -0.6581775 0.6955484 0.3886859 -0.6321475 0.670308 0.4552952 -0.6659536 0.5909417 0.4020911 -0.7999624 0.445402 0.5060049 -0.6697036 0.5435587 0.5552527 -0.706137 0.4393916 0.6437633 -0.6377302 0.422929 0.5793772 -0.6492383 0.4927592 0.6730975 -0.6595826 0.3345003 0.7060403 -0.6600026 0.2567171 0.7264094 -0.6665888 0.1672981 0.2068253 -0.8706765 0.4462576 -0.9978585 -4.631082e-08 0.06540939 -0.9643677 -0.0629149 0.2569759 -0.965928 -4.482892e-08 0.2588109 -0.8659645 -0.05663121 0.4968887 -0.8660316 -4.019271e-08 0.4999893 -0.7090273 -0.04656556 0.7036419 -0.7071362 -3.281834e-08 0.7070774 -0.5037827 -0.03329639 0.8631885 -0.500038 -2.320687e-08 0.8660034 -0.2637741 -0.01766619 0.9644227 -0.2587745 -1.200978e-08 0.9659378 -0.06535714 -3.033238e-09 0.9978619 -0.1672694 0.02715086 0.9855373 -0.1709462 -0.1042538 0.9797492 -0.06193133 -0.06015786 0.9962658 0.04375362 2.030614e-09 0.9990424 0.1764644 -0.06738033 0.9819981 -0.1674492 0.02899295 0.9854543 0.1883991 8.743641e-09 0.9820926 0.3957756 -0.06444269 0.9160834 0.3966314 1.840775e-08 0.9179779 0.5963337 -0.06420268 0.800165 0.5975796 2.773379e-08 0.8018096 0.7647243 -0.06410786 0.6411606 0.7662731 3.556289e-08 0.642515 0.8918636 -0.06433015 0.4477063 0.8937262 4.147802e-08 0.4486127 0.9710669 -0.06422321 0.2300099 0.9730737 4.516055e-08 0.2304943 0.9962522 -0.06429411 0.05786084 0.9983098 4.633176e-08 0.05811693 -0.05807933 0.6568471 0.7517837 -0.03573707 0.505476 0.8621003 -0.02106613 0.528546 0.8486432 -0.04829329 0.7080263 0.7045329 -0.01826046 0.5646675 0.8251164 -0.02573428 0.6468954 0.7621444 -0.005447279 0.4218381 0.9066548 -0.003134094 0.4402094 0.8978897 0.003003723 0.1424123 0.9898029 0.002025538 0.1855367 0.9826352 -0.02011012 0.261894 0.9648871 -0.0004747722 0.28777 0.9576994 -0.001039681 0.2967311 0.9549605 -0.002479335 0.3154619 0.948935 -0.006289868 0.347768 0.9375595 -0.007930781 0.360486 0.9327309 -0.01086328 0.3532291 0.9354738 -0.01504202 0.3708479 0.9285718 -0.01084507 0.3902491 0.9206454 -0.009318355 0.3979309 0.9173681 -0.007818323 0.4068903 0.9134435 -0.002341125 0.4473141 0.8943739 0.0003443709 0.4785623 0.8780535 0.0005985946 0.1389193 0.9903035 -0.05359969 0.05381847 0.9971111 -0.06495061 0.9643449 0.2565547 -0.05962118 0.8659122 0.49663 -0.9978585 -4.631082e-08 0.06540939 -0.965928 -4.482892e-08 0.2588109 -0.9643677 0.06291195 0.2569769 -0.8660316 -4.019271e-08 0.4999893 -0.8659627 0.05663156 0.4968919 -0.7071362 -3.281834e-08 0.7070774 -0.7090296 0.0465708 0.7036392 -0.500038 -2.320687e-08 0.8660034 -0.5037819 0.03329747 0.8631889 -0.2587745 -1.200978e-08 0.9659378 -0.2637743 0.01766329 0.9644227 -0.06535714 -3.033238e-09 0.9978619 0.2249588 0.9470171 -0.2292425 0.4377689 0.8693681 -0.2292542 0.6145204 0.7555803 -0.2268546 -0.006204599 0.6798686 -0.7333077 0.03590134 0.6832945 -0.7292597 0.06930655 0.6840946 -0.7260931 0.1746076 0.7546112 -0.6325142 0.1371708 0.6839202 -0.7165454 0.2170818 0.6823135 -0.6980858 0.3467225 0.7058851 -0.6176647 0.4166838 0.6810861 -0.6020767 0.2689102 0.6810631 -0.6810583 0.402301 0.7994786 -0.4460805 0.4590405 0.6932988 -0.5555345 0.4573976 0.6929435 -0.5573301 0.7122411 0.6678576 -0.2160531 0.6735813 0.6832053 -0.2819907 0.6183233 0.676169 -0.4005893 0.5553042 0.7077708 -0.4366894 0.5840757 0.6551043 -0.479264 0.5035564 0.6877242 -0.5229401 0.7124679 0.6878905 -0.1385502 0.04554972 0.7668818 -0.64017 0.04969954 0.8337759 -0.5498616 0.2068609 0.8706457 -0.4463011 0.05654468 0.9713527 -0.2308174 0.05528838 0.9376624 -0.3431215 0.05248399 0.8926615 -0.4476615 -0.2502548 0.9336644 0.2562096 -0.4833231 0.8371219 0.256175 -0.2248792 0.8390767 0.4953581 -0.4343452 0.7523105 0.4953516 -0.184422 0.6881979 0.7016924 -0.356239 0.6170178 0.7016999 -0.1315313 0.4907892 0.8612929 -0.2540435 0.4400557 0.8612856 -0.06954712 0.259738 0.9631715 -0.1344474 0.2328522 0.9631738 -0.6835163 0.6835151 0.2561495 -0.6142703 0.6142428 0.4953562 -0.5037866 0.5038379 0.701674 -0.3592763 0.3593001 0.8612921 -0.190129 0.1900903 0.9631805 -0.8371324 0.4833208 0.2561453 -0.9337036 0.250195 0.2561251 -0.7523029 0.4343678 0.4953433 -0.8390912 0.2248445 0.4953492 -0.6170301 0.3562437 0.7016867 -0.6882027 0.1843937 0.7016951 -0.4400345 0.2540527 0.8612937 -0.4907952 0.1315011 0.8612941 -0.2328379 0.134443 0.9631779 -0.2597081 0.06960522 0.9631754 -0.01391822 0.2283885 -0.9734706 0.001438028 0.2937443 -0.955883 0.005020113 0.3086684 -0.9511565 -0.02344504 0.2261565 -0.9738088 -0.03149372 0.2241727 -0.9740404 -0.002556519 0.5454524 -0.8381379 -0.007121839 0.4671014 -0.8841751 -0.01465254 0.4464015 -0.8947128 -0.03638942 0.3856862 -0.9219121 -0.02596465 0.3853242 -0.9224159 -0.0006135024 0.319674 -0.9475274 -0.09388182 0.6752288 -0.7316094 -0.02398827 0.6490564 -0.760362 -0.9337072 -0.250176 0.2561304 -0.8371352 -0.48332 0.2561375 -0.8390934 -0.2248334 0.4953506 -0.7523058 -0.4343494 0.4953551 -0.6882029 -0.1844066 0.7016915 -0.6170278 -0.3562454 0.7016879 -0.4907946 -0.131504 0.861294 -0.4400337 -0.2540535 0.8612939 -0.2597034 -0.06958638 0.963178 -0.2328499 -0.1344271 0.9631772 -0.6835127 -0.6835215 0.2561421 -0.6142612 -0.6142551 0.4953523 -0.5037963 -0.5038049 0.7016908 -0.3592842 -0.3592919 0.8612922 -0.1901195 -0.1901197 0.9631765 -0.4833204 -0.8371351 0.2561371 -0.2501835 -0.933703 0.2561386 -0.4343471 -0.7523086 0.4953528 -0.224833 -0.8390925 0.4953523 -0.3562429 -0.6170251 0.7016915 -0.1844083 -0.6882059 0.7016881 -0.2540535 -0.4400342 0.8612936 -0.1315118 -0.4907948 0.8612927 -0.1344307 -0.2328476 0.9631772 -0.06958799 -0.259705 0.9631775 0.2701708 -0.6729297 -0.6886025 0.3525286 -0.6542851 -0.669055 0.348075 -0.705801 -0.6169998 0.6145704 -0.7555133 -0.2269423 0.7121639 -0.6675002 -0.2174078 0.7123781 -0.6878219 -0.1393502 0.5556673 -0.7075833 -0.4365315 0.6170521 -0.6759374 -0.4029334 0.6727445 -0.6833265 -0.2836896 0.454903 -0.6944957 -0.5574397 0.4998182 -0.6892224 -0.5245515 0.5819364 -0.6551477 -0.4818003 0.4134969 -0.6796136 -0.6059254 0.4554901 -0.6963128 -0.5546866 0.4023386 -0.7993647 -0.4462508 0.1747116 -0.7548879 -0.6321551 0.06987053 -0.686278 -0.7239756 0.1350994 -0.6811939 -0.7195297 -0.01067141 -0.68178 -0.7314794 0.03558205 -0.6832831 -0.729286 0.04561585 -0.7667831 -0.6402835 0.04971137 -0.8339344 -0.5496201 0.2068218 -0.8706698 -0.4462722 0.0523362 -0.8928718 -0.4472593 0.4377286 -0.8694052 -0.2291904 0.2249594 -0.9470294 -0.229191 0.05508432 -0.9380135 -0.3421936 0.05659282 -0.9716225 -0.229667 -0.0240265 -0.6492257 -0.7602162 -0.1159949 -0.6827003 -0.721433 -0.08881025 -0.6735114 -0.7338223 -0.01305085 -0.4348561 -0.9004054 -0.006584444 -0.4920161 -0.8705612 -0.004336826 -0.5070676 -0.8618954 -0.002977196 -0.3992629 -0.9168316 -0.006532782 -0.4327816 -0.9014751 -0.009755699 -0.4301806 -0.9026901 -0.02024704 -0.2267506 -0.9737424 -0.003430151 -0.2691927 -0.9630802 0.001808651 -0.2823249 -0.9593171 -0.001657045 -0.5522324 -0.8336885 0.04425702 0.03642756 0.9983558 0.05392085 0.02417778 0.9982525 -5.411357e-08 -4.333115e-15 1 -0.05247309 -2.435287e-09 0.9986223 -0.05321567 -0.05454834 0.9970921 0.05376068 -0.05376574 0.9971053 0.05999846 0.01092918 0.9981386 0.06381213 0.002386418 0.9979591 0.090768 -0.001635598 0.9958707 0.01714325 0.04652947 0.9987698 0.03133635 0.04425821 0.9985285 0.05899941 0.0463341 0.9971821 0.009400897 0.05323993 0.9985375 0.007051909 0.04494533 0.9989646 5.411359e-08 1.062362e-13 -1 5.411357e-08 2.511424e-15 -1 5.411357e-08 4.317022e-15 -1 5.41135e-08 4.363805e-13 -1 5.411358e-08 -6.297441e-14 -1 5.411354e-08 1.942489e-13 -1 5.411357e-08 4.509901e-14 -1 5.411357e-08 6.522668e-14 -1 5.411357e-08 -3.633133e-13 -1 5.411357e-08 -3.499708e-14 -1 5.411357e-08 -1.07224e-13 -1 5.411357e-08 -1.225215e-13 -1 5.411357e-08 1.003263e-13 -1 5.411357e-08 4.085952e-13 -1 5.411357e-08 -4.763687e-14 -1 5.411362e-08 3.084283e-13 -1 5.411357e-08 8.795686e-15 -1 5.411358e-08 3.419771e-13 -1 5.411357e-08 3.075433e-14 -1 5.411357e-08 -7.402123e-14 -1 5.411357e-08 3.393656e-14 -1 5.411358e-08 3.012068e-14 -1 5.411357e-08 -9.790738e-14 -1 5.411358e-08 -8.049785e-14 -1 5.411358e-08 -1.092265e-13 -1 5.411356e-08 1.028198e-13 -1 5.411359e-08 -1.77033e-13 -1 5.411358e-08 -5.251341e-14 -1 5.411358e-08 -1.408313e-14 -1 5.411356e-08 1.824741e-13 -1 5.411358e-08 3.375316e-13 -1 5.411359e-08 -5.501069e-13 -1 5.411357e-08 -2.718089e-16 -1 5.411357e-08 1.035581e-14 -1 5.411357e-08 4.410145e-14 -1 5.41136e-08 -1.230899e-13 -1 5.411358e-08 -1.25138e-12 -1 5.411357e-08 -1.340511e-13 -1 4.641021e-08 -1 5.06095e-17 4.641021e-08 -1 -3.744928e-16 4.641021e-08 -1 2.118986e-17 4.641021e-08 -1 -1.089445e-17 4.641021e-08 -1 1.365162e-16 4.641021e-08 -1 3.836171e-17 4.641021e-08 -1 1.451819e-16 4.641021e-08 -1 -4.738104e-17 4.641021e-08 -1 1.727422e-16 5.411357e-08 7.047273e-15 -1 5.411359e-08 1.659622e-13 -1 5.411358e-08 8.789651e-14 -1 5.411357e-08 1.104535e-13 -1 5.411357e-08 8.744396e-15 -1 5.411358e-08 2.152533e-13 -1 5.411357e-08 2.511424e-15 -1 5.411357e-08 1.571933e-14 -1 5.411357e-08 1.189962e-15 -1 5.411357e-08 -1.24359e-14 -1 5.411357e-08 -6.422954e-14 -1 5.411357e-08 -1.195171e-13 -1 5.411357e-08 1.649014e-13 -1 5.411357e-08 -1.782928e-13 -1 5.411357e-08 2.27627e-14 -1 5.411359e-08 2.949133e-13 -1 5.411357e-08 -6.402419e-14 -1 5.411356e-08 -6.877166e-13 -1 5.411358e-08 8.012619e-14 -1 5.41136e-08 -5.00677e-14 -1 5.411357e-08 1.142666e-13 -1 5.411357e-08 4.424466e-14 -1 5.411357e-08 3.175267e-14 -1 5.411357e-08 -1.310961e-14 -1 5.411357e-08 1.403788e-14 -1 5.411358e-08 5.700926e-14 -1 5.411356e-08 -6.546575e-14 -1 5.411355e-08 -8.91068e-14 -1 5.411357e-08 1.968583e-14 -1 5.411355e-08 -4.295668e-14 -1 5.411357e-08 -4.846524e-15 -1 5.411356e-08 -2.162978e-14 -1 5.411358e-08 4.299516e-14 -1 5.41135e-08 -3.087298e-13 -1 5.411366e-08 3.090938e-13 -1 5.411231e-08 -4.256655e-12 -1 5.411356e-08 -3.793882e-14 -1 5.411562e-08 6.616191e-12 -1 -4.641021e-08 1 -2.511422e-15 -4.641021e-08 1 -2.511422e-15 -4.641021e-08 1 -6.491763e-16 -4.641021e-08 1 3.905306e-15 -4.641021e-08 1 6.235686e-16 -4.641021e-08 1 -1.649818e-15 5.411356e-08 3.850225e-14 -1 5.411355e-08 2.511421e-15 -1 5.411357e-08 4.323662e-15 -1 5.411358e-08 2.511422e-15 -1 5.411357e-08 1.157688e-15 -1 5.411357e-08 2.63614e-15 -1 5.411357e-08 2.511422e-15 -1 5.411357e-08 2.511422e-15 -1 5.411357e-08 2.511422e-15 -1 5.411356e-08 1.702943e-14 -1 5.411357e-08 3.464538e-15 -1 5.411356e-08 1.751635e-14 -1 5.411356e-08 1.473353e-14 -1 5.411357e-08 2.511422e-15 -1 5.411357e-08 2.511422e-15 -1 5.411357e-08 2.511422e-15 -1 5.411357e-08 2.511422e-15 -1 -4.641021e-08 1 9.066274e-17 -4.641021e-08 1 8.846404e-17 -4.64102e-08 1 -1.322059e-16 -4.641021e-08 1 -2.995384e-16 -4.641021e-08 1 -3.110891e-16 -4.641021e-08 1 2.097128e-16 -4.641021e-08 1 2.790448e-16 -4.937152e-08 0.9984266 0.05607344 -4.641021e-08 1 6.099353e-16 0.05905073 0.9980643 0.01951139 0.05532471 0.9980639 0.02842026 0.04090814 0.9991563 0.003622312 0.06083632 0.998106 0.009128336 0.0502603 0.9980637 0.03664389 0.04682835 0.9979596 0.04340284 0.04196014 0.9957426 0.08207296 -4.641021e-08 1 1.229253e-16 -4.641021e-08 1 3.797838e-16 -4.641021e-08 1 -4.382909e-16 -4.641021e-08 1 3.421991e-16 -4.641021e-08 1 -3.123071e-16 -4.641021e-08 1 4.198624e-16 -4.641021e-08 1 6.308543e-16 -4.641021e-08 1 8.257436e-17 -4.641021e-08 1 -4.728228e-16 -4.641021e-08 1 -2.182483e-16 -4.641021e-08 1 -4.664304e-17 -4.641021e-08 1 1.016424e-16 -4.641021e-08 1 3.105994e-16 -4.641021e-08 1 -3.025588e-16 -4.641021e-08 1 -9.757095e-16 -4.641021e-08 1 9.261136e-16 -4.641021e-08 1 1.428544e-15 -4.641021e-08 1 -1.373018e-15 -4.641021e-08 1 5.054885e-16 -4.641021e-08 1 5.024393e-16 -4.641021e-08 1 4.994212e-15 -4.641021e-08 1 -3.303923e-16 -4.641021e-08 1 1.366271e-15 -4.641021e-08 1 -1.536712e-15 -4.641021e-08 1 -9.248821e-16 -4.641021e-08 1 -9.786956e-18 -4.641021e-08 1 -2.493332e-15 -4.641021e-08 1 3.12898e-16 -4.641021e-08 1 7.041507e-17 -4.641021e-08 1 -2.577813e-16 -4.641021e-08 1 -2.511423e-15 -4.641021e-08 1 1.531355e-15 -4.641021e-08 1 -1.380084e-16 -4.641021e-08 1 4.578592e-16 -4.641021e-08 1 -4.509313e-16 -4.641021e-08 1 -1.529312e-16 -4.64102e-08 1 1.427847e-15 -4.641021e-08 1 -1.375808e-15 -4.641021e-08 1 -4.646701e-16 -4.641021e-08 1 1.574253e-15 -4.641021e-08 1 4.119278e-16 -4.641021e-08 1 5.316309e-16 -4.641021e-08 1 1.386493e-15 -4.641021e-08 1 1.465698e-15 -4.641021e-08 1 9.878186e-16 -4.641021e-08 1 1.461972e-16 -4.641021e-08 1 -9.720523e-16 -4.641021e-08 1 3.0276e-19 -4.641021e-08 1 3.572939e-17 -4.641021e-08 1 -1.060092e-15 -4.64102e-08 1 -1.32904e-15 -1 -4.641022e-08 -5.411357e-08 -1 -4.641021e-08 -5.411357e-08 -1 -4.641021e-08 -5.411357e-08 -1 -4.641021e-08 -5.411358e-08 -1 -4.641027e-08 -5.411352e-08 -1 -4.641022e-08 -5.411357e-08 -1 -4.641021e-08 -5.411357e-08 -1 -4.641021e-08 -5.411357e-08 -1 -4.641021e-08 -5.411358e-08 -1 -4.641021e-08 -5.411358e-08 -1 -4.641021e-08 -5.411358e-08 -1 -4.641021e-08 -5.411358e-08 -1 -4.641021e-08 -5.411358e-08 -0.9957023 0.06506742 0.0659033 -0.9994877 0.03200431 -5.408585e-08 -0.9998747 -4.640439e-08 0.01583181 -1 -4.64102e-08 -5.411357e-08 -1 -4.64102e-08 -5.411357e-08 -1 -4.641021e-08 -5.411357e-08 -1 -4.641021e-08 -5.411357e-08 -1 -4.641021e-08 -5.411357e-08 -1 -4.641025e-08 -5.411358e-08 -1 -4.641025e-08 -5.411361e-08 -1 -4.641021e-08 -5.411358e-08 -1 -4.641021e-08 -5.411357e-08 -1 -4.641021e-08 -5.411357e-08 -1 -4.641021e-08 -5.411357e-08 -1 -4.64102e-08 -5.411357e-08 -1 -4.641022e-08 -5.411357e-08 -1 -4.641021e-08 -5.411357e-08 -1 -4.641021e-08 -5.411357e-08 -1 -4.641021e-08 -5.411357e-08 -1 -4.641021e-08 -5.411357e-08 -1 -4.64102e-08 -5.411357e-08 -1 -4.641021e-08 -5.411357e-08 -1 -4.641018e-08 -5.411359e-08 -1 -4.641021e-08 -5.411357e-08 -1 -4.641021e-08 -5.411356e-08 -1 -4.641007e-08 -5.411346e-08 -1 -4.641021e-08 -5.411357e-08 -1 -4.64102e-08 -5.411358e-08 -1 -4.641024e-08 -5.411358e-08 -1 -4.641022e-08 -5.411357e-08 -1 -4.641021e-08 -5.411357e-08 -1 -4.641021e-08 -5.411357e-08 -1 -4.641021e-08 -5.411358e-08 -1 -4.64102e-08 -5.411358e-08 -1 -4.641017e-08 -5.411359e-08 0.9993826 0.03258991 0.01313067 1 4.641021e-08 5.411357e-08 1 4.641021e-08 5.411357e-08 1 4.641021e-08 5.411357e-08 1 4.641021e-08 5.411357e-08 1 4.641021e-08 5.411357e-08 0.9999986 4.641014e-08 0.00167588 1 4.641021e-08 5.411357e-08 1 4.641021e-08 5.411358e-08 1 4.641021e-08 5.411357e-08 1 4.641021e-08 5.411357e-08 1 4.641021e-08 5.411357e-08 1 4.641021e-08 5.411357e-08 1 4.64102e-08 5.411357e-08 1 4.641021e-08 5.411357e-08 1 4.641021e-08 5.411357e-08 1 4.641021e-08 5.411357e-08 0.999243 -0.03232905 0.02163966 1 4.64102e-08 5.411358e-08 1 4.641021e-08 5.411357e-08 0.9999986 4.641014e-08 0.001675917 1 4.641021e-08 5.411357e-08 5.411358e-08 -2.558019e-15 -1 5.411357e-08 6.053114e-15 -1 5.411357e-08 3.130624e-15 -1 5.411356e-08 1.539423e-14 -1 5.411356e-08 -7.348858e-15 -1 5.411357e-08 5.075151e-16 -1 5.411357e-08 5.871419e-16 -1 5.411359e-08 -1.236192e-14 -1 5.41136e-08 -1.652038e-14 -1 5.411356e-08 1.487497e-14 -1 5.411358e-08 -2.489992e-15 -1 5.411359e-08 -1.099485e-14 -1 5.411357e-08 2.511422e-15 -1 5.259959e-08 0.03202381 -0.9994871 5.411358e-08 3.118942e-15 -1 0.0540033 0.05361521 -0.9971003 0.05376737 -0.05376748 -0.9971049 0.0009013879 -0.06456513 -0.9979131 0.006038442 -0.06022792 -0.9981664 0.01428447 -0.04716044 -0.9987852 0.0211173 -0.03649726 -0.9991106 0.03853513 -0.05110699 -0.9979495 -0.04911569 0.9975847 -0.04911592 -0.06508211 0.9957553 0.06508205 0.06508201 0.9957553 -0.0650823 0.06508715 0.9957546 0.06508726 -0.06539504 -3.034997e-09 0.9978595 0.03204402 1.48717e-09 0.9994865 -0.05376104 0.05376111 0.9971056 0.05289795 0.05504165 0.9970819 -4.641021e-08 1 -2.525882e-16 -4.641021e-08 1 -4.175911e-16 -4.641021e-08 1 7.615018e-17 -4.641021e-08 1 3.777245e-16 -4.641021e-08 1 -6.922781e-16 -4.641021e-08 1 7.303369e-17 -4.641021e-08 1 -1.025081e-15 -4.641021e-08 1 -1.603678e-17 5.411354e-08 2.511421e-15 -1 5.411354e-08 2.511421e-15 -1 5.411354e-08 2.511421e-15 -1 5.411357e-08 1.502141e-15 -1 5.411358e-08 6.815085e-16 -1 5.411358e-08 -3.251716e-15 -1 5.411357e-08 3.45974e-15 -1 5.411358e-08 -6.074832e-15 -1 5.411358e-08 -1.725256e-14 -1 5.411359e-08 -5.145253e-14 -1 5.411359e-08 2.487426e-14 -1 5.411355e-08 1.28873e-13 -1 5.411359e-08 -6.88146e-14 -1 5.411357e-08 1.386247e-14 -1 5.411358e-08 -1.314333e-14 -1 5.411356e-08 4.176154e-14 -1 5.411358e-08 3.728345e-14 -1 5.411357e-08 -9.155517e-15 -1 -1.839705e-06 -8.538109e-14 1 -1.839705e-06 -8.538109e-14 1 0.2588632 1.201389e-08 0.965914 0.2588632 1.201389e-08 0.965914 0.4999633 2.32034e-08 0.8660466 0.4999633 2.32034e-08 0.8660466 0.7070671 3.281513e-08 0.7071465 0.7070671 3.281513e-08 0.7071465 0.8660569 4.019388e-08 0.4999455 0.8660569 4.019388e-08 0.4999455 0.9659315 4.482908e-08 0.2587978 0.9659315 4.482908e-08 0.2587978 1 4.641021e-08 5.411359e-08 1 4.641021e-08 5.411359e-08 0.9659315 4.482908e-08 -0.2587977 0.9659315 4.482908e-08 -0.2587977 0.8660153 4.019195e-08 -0.5000175 0.8660153 4.019195e-08 -0.5000175 0.707085 3.281596e-08 -0.7071285 0.707085 3.281596e-08 -0.7071285 0.5000574 2.320777e-08 -0.8659922 0.5000574 2.320777e-08 -0.8659922 0.2588633 1.20139e-08 -0.965914 0.2588633 1.20139e-08 -0.965914 -1.731478e-06 -8.035825e-14 -1 -1.731478e-06 -8.035825e-14 -1 -0.2588598 -1.201374e-08 -0.9659149 -0.2588598 -1.201374e-08 -0.9659149 -0.5000528 -2.320755e-08 -0.8659949 -0.5000528 -2.320755e-08 -0.8659949 -0.7070926 -3.281632e-08 -0.7071209 -0.7070926 -3.281632e-08 -0.7071209 -0.8660206 -4.01922e-08 -0.5000082 -0.8660206 -4.01922e-08 -0.5000082 -0.965928 -4.482892e-08 -0.2588109 -0.965928 -4.482892e-08 -0.2588109 -1 -4.641021e-08 -5.411356e-08 -1 -4.641021e-08 -5.411356e-08 -0.965928 -4.482892e-08 0.2588108 -0.965928 -4.482892e-08 0.2588108 -0.8660623 -4.019413e-08 0.499936 -0.8660623 -4.019413e-08 0.499936 -0.7070749 -3.281549e-08 0.7071387 -0.7070749 -3.281549e-08 0.7071387 -0.4999589 -2.32032e-08 0.8660491 -0.4999589 -2.32032e-08 0.8660491 -0.25886 -1.201374e-08 0.9659149 -0.25886 -1.201374e-08 0.9659149 4.64102e-08 -1 -4.095237e-16 4.64102e-08 -1 4.423544e-16 4.641021e-08 -1 3.734339e-16 4.641021e-08 -1 2.511422e-15 4.641021e-08 -1 2.511422e-15 4.641021e-08 -1 -1.468339e-15 4.641021e-08 -1 2.781375e-15 4.641021e-08 -1 -1.83749e-15 4.64102e-08 -1 -3.0632e-15 4.641021e-08 -1 2.7364e-15 4.64102e-08 -1 -5.747009e-15 4.64102e-08 -1 -6.632319e-15 4.641021e-08 -1 4.366345e-15 4.641021e-08 -1 2.511422e-15 4.641021e-08 -1 -6.563927e-15 4.641021e-08 -1 -6.928772e-15 4.641021e-08 -1 -1.824137e-15 4.64102e-08 -1 -1.986735e-16 4.641021e-08 -1 -1.078296e-15 -1 -4.641021e-08 -5.411357e-08 -1 -4.64102e-08 -5.411358e-08 -1 -4.641021e-08 -5.411357e-08 -1 -4.64102e-08 -5.411358e-08 6.41879e-08 -0.2558926 -0.9667052 6.41879e-08 -0.2558926 -0.9667052 6.41879e-08 -0.2558926 -0.9667052 6.41879e-08 -0.2558926 -0.9667052 -3.077645e-08 -0.4036402 0.9149178 -3.077645e-08 -0.4036402 0.9149178 -3.077645e-08 -0.4036402 0.9149178 -3.077645e-08 -0.4036402 0.9149178 -1 -4.641021e-08 -5.411356e-08 -1 -4.641021e-08 -5.411358e-08 -1 -4.641021e-08 -5.411356e-08 -1 -4.641021e-08 -5.411358e-08 -1.731478e-06 -8.035825e-14 -1 -1.731478e-06 -8.035825e-14 -1 0.2588633 1.20139e-08 -0.965914 0.2588633 1.20139e-08 -0.965914 0.5000574 2.320777e-08 -0.8659922 0.5000574 2.320777e-08 -0.8659922 0.707085 3.281596e-08 -0.7071285 0.707085 3.281596e-08 -0.7071285 0.8660153 4.019195e-08 -0.5000175 0.8660153 4.019195e-08 -0.5000175 0.9659315 4.482908e-08 -0.2587977 0.9659315 4.482908e-08 -0.2587977 1 4.641021e-08 5.411359e-08 1 4.641021e-08 5.411359e-08 0.9659315 4.482908e-08 0.2587978 0.9659315 4.482908e-08 0.2587978 0.8660569 4.019388e-08 0.4999455 0.8660569 4.019388e-08 0.4999455 0.7070671 3.281513e-08 0.7071465 0.7070671 3.281513e-08 0.7071465 0.4999633 2.32034e-08 0.8660466 0.4999633 2.32034e-08 0.8660466 0.2588632 1.201389e-08 0.965914 0.2588632 1.201389e-08 0.965914 -1.839705e-06 -8.538109e-14 1 -1.839705e-06 -8.538109e-14 1 -0.25886 -1.201374e-08 0.9659149 -0.25886 -1.201374e-08 0.9659149 -0.4999589 -2.32032e-08 0.8660491 -0.4999589 -2.32032e-08 0.8660491 -0.7070749 -3.281549e-08 0.7071387 -0.7070749 -3.281549e-08 0.7071387 -0.8660623 -4.019413e-08 0.499936 -0.8660623 -4.019413e-08 0.499936 -0.965928 -4.482892e-08 0.2588108 -0.965928 -4.482892e-08 0.2588108 -1 -4.641021e-08 -5.411356e-08 -1 -4.641021e-08 -5.411356e-08 -0.965928 -4.482892e-08 -0.2588109 -0.965928 -4.482892e-08 -0.2588109 -0.8660206 -4.01922e-08 -0.5000082 -0.8660206 -4.01922e-08 -0.5000082 -0.7070926 -3.281632e-08 -0.7071209 -0.7070926 -3.281632e-08 -0.7071209 -0.5000528 -2.320755e-08 -0.8659949 -0.5000528 -2.320755e-08 -0.8659949 -0.2588598 -1.201374e-08 -0.9659149 -0.2588598 -1.201374e-08 -0.9659149 -4.64102e-08 1 -7.726793e-16 -4.641021e-08 1 -1.260928e-15 -4.641021e-08 1 -4.356561e-18 -3.077645e-08 -0.4036402 0.9149178 -3.077645e-08 -0.4036402 0.9149178 -3.077645e-08 -0.4036402 0.9149178 -3.077645e-08 -0.4036402 0.9149178 4.641021e-08 -1 4.205971e-16 4.641021e-08 -1 2.511422e-15 4.641021e-08 -1 1.102801e-16 4.641021e-08 -1 1.102801e-16 4.641021e-08 -1 2.511422e-15 4.641021e-08 -1 4.205971e-16 4.641021e-08 -1 -3.797837e-16 4.641021e-08 -1 -3.797837e-16 4.641021e-08 -1 2.511422e-15 4.641021e-08 -1 6.157304e-17 4.641021e-08 -1 1.270398e-15 4.277247e-08 -0.9978599 0.06538867 0.0315217 -0.9915709 0.125672 0.04671952 -0.997969 0.04330317 0.05014472 -0.9980726 0.03655863 0.0551964 -0.9980729 0.02835388 0.05382235 -0.9985392 0.004765824 0.06099387 -0.998091 0.009698164 0.05891347 -0.9980733 0.01946638 4.641021e-08 -1 2.219386e-15 4.641021e-08 -1 2.511423e-15 4.641021e-08 -1 1.310851e-15 4.641021e-08 -1 -2.633584e-16 4.641021e-08 -1 -9.053401e-15 4.641021e-08 -1 -8.777677e-16 4.641021e-08 -1 -3.797834e-16 4.641021e-08 -1 1.832168e-16 -4.64102e-08 1 -2.162205e-16 -4.64102e-08 1 -1.81745e-16 -4.64102e-08 1 1.915924e-16 6.824249e-08 -0.4036402 -0.9149178 6.82425e-08 -0.4036402 -0.9149178 6.82425e-08 -0.4036402 -0.9149178 6.82425e-08 -0.4036402 -0.9149178 -4.641045e-08 1 -3.225688e-14 -0.007236381 0.9999736 -0.0006203779 -4.641019e-08 1 2.987186e-15 -0.02239403 0.9997253 -0.006911743 -0.04457824 0.9988421 -0.01808915 0.03515849 0.9980758 -0.0510743 0.05109202 0.9984889 -0.02023652 0.06535704 0.9978619 3.536706e-09 0.05330089 0.9985222 -0.01060218 0.1295306 0.9915751 -0.0007702004 4.64102e-08 -1 -2.101374e-15 4.641021e-08 -1 -2.653277e-16 4.641021e-08 -1 -1.993466e-15 4.641021e-08 -1 -7.776808e-16 4.641022e-08 -1 -5.361134e-15 4.641021e-08 -1 2.511422e-15 4.641021e-08 -1 6.168435e-16 4.641021e-08 -1 2.458836e-15 4.641022e-08 -1 5.569272e-15 4.641022e-08 -1 -1.135935e-14 4.64102e-08 -1 2.778352e-16 4.641015e-08 -1 4.630794e-14 4.641021e-08 -1 6.15876e-15 4.641019e-08 -1 -1.550246e-14 4.64102e-08 -1 1.81122e-15 4.64102e-08 -1 1.872814e-15 4.64102e-08 -1 2.831187e-16 4.641021e-08 -1 4.707632e-15 4.641021e-08 -1 -3.556851e-16 4.641021e-08 -1 7.578925e-16 4.641021e-08 -1 -1.210617e-15 4.641021e-08 -1 -6.02417e-15 4.64102e-08 -1 -2.430242e-15 4.641021e-08 -1 -4.45227e-16 4.641021e-08 -1 -4.090429e-15 4.641021e-08 -1 5.084937e-16 4.64102e-08 -1 6.919823e-15 4.64102e-08 -1 2.291614e-15 4.641018e-08 -1 -1.206838e-14 4.641021e-08 -1 -1.028611e-15 4.641021e-08 -1 -6.812055e-16 4.64102e-08 -1 -3.934961e-15 -4.043584e-08 -0.2558926 0.9667052 -4.043584e-08 -0.2558926 0.9667052 -4.043585e-08 -0.2558926 0.9667052 -4.043585e-08 -0.2558926 0.9667052 -0.003011434 -0.255991 -0.9666745 -0.001784666 -0.2559696 -0.9666832 4.152088e-06 -0.2559116 -0.9667002 -0.01300387 -0.2561453 -0.9665508 6.41879e-08 -0.2558926 -0.9667052 6.41879e-08 -0.2558926 -0.9667052 5.049918e-06 -0.2558917 -0.9667055 -2.318748e-05 -0.2558958 -0.9667044 0.001228901 -0.2557643 -0.9667384 0.0008561084 -0.2557973 -0.9667301 -0.0002033257 -0.2559797 -0.9666821 -0.0001697825 -0.2560989 -0.9666506 0.0004951801 -0.2557727 -0.9667368 0.002518862 -0.2556194 -0.9667742 0.0002099088 -0.2558773 -0.9667093 0.002023626 -0.2558581 -0.9667122 -0.0006360246 -0.256071 -0.9666578 -0.0003032416 -0.2560937 -0.9666519 -4.043584e-08 -0.2558926 0.9667052 -4.043585e-08 -0.2558926 0.9667052 -4.043585e-08 -0.2558926 0.9667052 -4.043585e-08 -0.2558926 0.9667052 -1 -4.641021e-08 -5.411357e-08 -1 -4.641021e-08 -5.411357e-08 -1 -4.641021e-08 -5.411357e-08 -1 -4.641021e-08 -5.411357e-08 6.824249e-08 -0.4036402 -0.9149178 6.82425e-08 -0.4036402 -0.9149178 6.82425e-08 -0.4036402 -0.9149178 6.82425e-08 -0.4036402 -0.9149178 -1 -4.641021e-08 -5.411359e-08 -1 -4.641021e-08 -5.411358e-08 -1 -4.641021e-08 -5.411359e-08 -1 -4.641021e-08 -5.411358e-08 3.077644e-08 0.4036402 -0.9149178 3.077644e-08 0.4036402 -0.9149178 3.077644e-08 0.4036402 -0.9149178 3.077644e-08 0.4036402 -0.9149178 -6.82425e-08 0.4036402 0.9149178 -6.82425e-08 0.4036402 0.9149178 -6.82425e-08 0.4036402 0.9149178 -6.82425e-08 0.4036402 0.9149178 -4.641021e-08 1 -5.666152e-16 -4.641021e-08 1 -2.511422e-15 -4.641021e-08 1 -7.105656e-16 -4.641021e-08 1 -2.747945e-17 -4.641021e-08 1 3.797835e-16 -4.641021e-08 1 2.859503e-16 -4.641021e-08 1 -1.065819e-15 -4.641021e-08 1 -7.84319e-16 0.000181556 0.2558917 -0.9667054 0.0001503969 0.2558986 -0.9667036 0.0005673209 0.2558052 -0.9667282 -0.002973447 0.2559691 -0.9666804 -0.003066994 0.2559707 -0.9666797 -0.003643309 0.2559793 -0.9666754 -0.0007683689 0.2559176 -0.9666983 0.0002151365 0.2558444 -0.966718 0.001412385 0.2557167 -0.9667507 0.00012906 0.2559977 -0.9666774 -0.0002119892 0.2560267 -0.9666697 6.0476e-06 0.2558921 -0.9667053 -0.0005868139 0.2559418 -0.966692 -0.000128617 0.2558949 -0.9667046 4.043585e-08 0.2558926 -0.9667052 4.043585e-08 0.2558926 -0.9667052 6.082184e-05 0.2558842 -0.9667074 0.0003870971 0.2558456 -0.9667176 -6.41879e-08 0.2558926 0.9667052 -6.41879e-08 0.2558926 0.9667052 -6.41879e-08 0.2558926 0.9667052 -6.41879e-08 0.2558926 0.9667052 -4.641021e-08 1 -3.735924e-16 -4.641021e-08 1 3.797838e-16 -4.641021e-08 1 3.797837e-16 -4.641021e-08 1 4.838022e-16 -4.641021e-08 1 3.270989e-15 -4.641021e-08 1 2.285853e-16 -4.641021e-08 1 3.797835e-16 -4.641021e-08 1 9.828343e-17 -4.641021e-08 1 2.421073e-16 -4.641021e-08 1 2.421073e-16 -4.641021e-08 1 2.421073e-16 -4.641021e-08 1 2.421073e-16 -0.03116349 -0.9989274 -0.03424691 -0.02344225 -0.9997102 -0.005482962 4.641021e-08 -1 -1.770485e-15 -0.00625416 -0.9999804 -8.727294e-05 -0.001449788 -0.9999989 -0.0001298676 0.1295109 -0.9915777 -0.0007884944 0.05323445 -0.9985252 -0.0106542 0.0654045 -0.9978588 3.539269e-09 0.04640931 -0.998672 -0.02236833 0.0437305 -0.9988092 -0.02162975 5.411357e-08 2.819875e-14 -1 5.411357e-08 4.530527e-15 -1 5.411357e-08 4.914961e-15 -1 5.411357e-08 -1.499714e-14 -1 5.411357e-08 2.604307e-15 -1 5.411357e-08 -2.466945e-15 -1 5.411357e-08 1.104565e-14 -1 5.411358e-08 -2.530668e-14 -1 5.411357e-08 1.426863e-14 -1 5.411357e-08 3.459864e-15 -1 5.411357e-08 2.556294e-15 -1 5.411357e-08 4.042818e-14 -1 5.411358e-08 -9.131747e-14 -1 5.411357e-08 2.750517e-14 -1 5.411357e-08 -4.633816e-15 -1 5.411359e-08 -5.122046e-13 -1 5.411357e-08 2.92655e-14 -1 5.411358e-08 -1.142832e-15 -1 5.411355e-08 3.177189e-16 -1 5.411357e-08 3.347934e-15 -1 5.411356e-08 3.173864e-15 -1 5.411359e-08 1.438307e-14 -1 5.411358e-08 6.561928e-15 -1 5.411359e-08 1.816661e-14 -1 5.411353e-08 -1.072886e-15 -1 5.411357e-08 1.653883e-16 -1 5.411359e-08 2.6726e-15 -1 5.411358e-08 2.511422e-15 -1 5.411358e-08 -1.464802e-14 -1 5.411356e-08 3.541506e-14 -1 5.411357e-08 1.081409e-14 -1 5.411358e-08 2.782717e-15 -1 5.411357e-08 1.223587e-14 -1 5.411357e-08 1.245929e-14 -1 5.411355e-08 2.201023e-14 -1 5.411358e-08 -7.61376e-15 -1 5.411359e-08 -1.120431e-14 -1 5.411357e-08 8.544606e-15 -1 5.411357e-08 -3.960003e-15 -1 5.411354e-08 -6.378874e-14 -1 5.411361e-08 5.68093e-14 -1 5.411357e-08 -3.846792e-15 -1 5.411357e-08 -6.670722e-14 -1 5.411359e-08 1.609935e-13 -1 5.411357e-08 5.106596e-15 -1 5.411357e-08 -3.139919e-15 -1 5.411357e-08 1.434887e-14 -1 5.411357e-08 7.297994e-15 -1 5.411357e-08 1.825685e-15 -1 5.411356e-08 -7.180402e-15 -1 5.411355e-08 -1.857244e-14 -1 5.411357e-08 -4.03969e-15 -1 5.411357e-08 -4.112023e-14 -1 5.411357e-08 -1.141007e-14 -1 5.411357e-08 -1.339101e-16 -1 5.411357e-08 -4.370269e-14 -1 5.411357e-08 -1.610495e-14 -1 5.411358e-08 2.012744e-14 -1 5.411357e-08 2.457793e-15 -1 5.411357e-08 3.560996e-15 -1 5.411357e-08 1.008743e-14 -1 5.411357e-08 -2.740705e-15 -1 5.411357e-08 -6.863634e-15 -1 5.411358e-08 -4.188981e-14 -1 5.411356e-08 8.695451e-14 -1 5.411357e-08 2.764627e-14 -1 5.411358e-08 -3.424449e-14 -1 5.411357e-08 8.386736e-14 -1 5.411357e-08 -1.011654e-15 -1 5.411357e-08 -9.785712e-16 -1 5.411357e-08 3.862322e-14 -1 5.411357e-08 2.654331e-14 -1 5.411357e-08 4.193354e-15 -1 5.411357e-08 1.515752e-14 -1 5.411357e-08 1.036273e-14 -1 5.411357e-08 3.574443e-15 -1 5.411357e-08 3.988794e-15 -1 5.411357e-08 -2.115118e-14 -1 5.411357e-08 -4.371028e-15 -1 5.411357e-08 -8.017274e-15 -1 5.411357e-08 2.457793e-15 -1 5.411357e-08 2.505989e-15 -1 5.411357e-08 1.329262e-14 -1 5.411357e-08 -3.813734e-15 -1 5.411357e-08 -2.171806e-14 -1 5.411358e-08 -3.731233e-14 -1 5.411357e-08 -2.124797e-14 -1 5.411357e-08 4.597136e-15 -1 5.411357e-08 3.060229e-14 -1 5.411358e-08 -3.680832e-14 -1 5.411357e-08 4.292877e-13 -1 5.411357e-08 -1.182436e-13 -1 5.411357e-08 2.457793e-15 -1 5.411357e-08 2.490876e-15 -1 5.411357e-08 1.327547e-14 -1 5.411357e-08 -2.984548e-15 -1 5.411357e-08 1.290343e-14 -1 5.411358e-08 -4.913914e-15 -1 5.411358e-08 1.020294e-14 -1 5.411357e-08 4.391276e-15 -1 5.411357e-08 -5.820869e-15 -1 5.411357e-08 -1.176312e-14 -1 5.411357e-08 -4.219693e-15 -1 5.411358e-08 5.322423e-14 -1 5.411357e-08 -4.522184e-15 -1 5.411357e-08 1.85489e-15 -1 5.411357e-08 2.533722e-14 -1 5.411355e-08 -2.615279e-13 -1 5.411357e-08 -3.994342e-16 -1 5.411358e-08 -2.336103e-14 -1 5.411357e-08 7.725284e-15 -1 5.411358e-08 5.098642e-14 -1 5.411357e-08 1.377592e-14 -1 5.411357e-08 -5.421776e-14 -1 5.411359e-08 1.500501e-13 -1 5.411357e-08 -4.133478e-14 -1 5.411341e-08 -1.789574e-12 -1 5.411355e-08 -6.45268e-14 -1 5.411358e-08 4.580793e-14 -1 5.411356e-08 -1.905387e-14 -1 5.411357e-08 1.007815e-14 -1 5.411356e-08 8.986832e-15 -1 5.411358e-08 -1.395652e-14 -1 5.411357e-08 -6.352729e-16 -1 5.411357e-08 -9.222493e-15 -1 5.411358e-08 -5.180098e-15 -1 5.411357e-08 9.567902e-15 -1 5.411357e-08 3.918023e-14 -1 5.411359e-08 3.126606e-13 -1 5.411358e-08 9.352996e-14 -1 5.411358e-08 3.936904e-14 -1 5.411356e-08 -1.447138e-13 -1 5.411357e-08 1.000765e-14 -1 5.41136e-08 1.85314e-13 -1 5.411349e-08 -4.032517e-13 -1 5.411358e-08 4.07717e-14 -1 5.411357e-08 1.049961e-16 -1 5.411357e-08 5.193473e-16 -1 5.411357e-08 3.974901e-14 -1 5.411357e-08 2.694276e-14 -1 5.411357e-08 1.400382e-14 -1 5.411352e-08 2.51142e-15 -1 5.411353e-08 4.078615e-15 -1 5.411357e-08 1.619014e-14 -1 5.411361e-08 7.560834e-13 -1 5.411358e-08 5.770208e-14 -1 5.411357e-08 5.42228e-15 -1 5.411357e-08 2.155967e-16 -1 5.411355e-08 2.817088e-13 -1 5.411357e-08 2.457793e-15 -1 5.411357e-08 2.490876e-15 -1 5.411357e-08 8.874443e-15 -1 5.411357e-08 2.638041e-14 -1 5.411357e-08 -2.565474e-14 -1 5.411358e-08 2.100902e-14 -1 5.411355e-08 2.805567e-13 -1 5.411357e-08 -6.095029e-15 -1 5.411358e-08 -5.918851e-14 -1 5.411358e-08 8.092045e-14 -1 5.411357e-08 -1.213966e-14 -1 5.411354e-08 3.620344e-13 -1 5.411357e-08 -1.593401e-14 -1 5.411357e-08 2.17973e-14 -1 5.411358e-08 1.115421e-14 -1 5.411358e-08 6.258964e-15 -1 5.411357e-08 2.457793e-15 -1 5.411357e-08 2.490876e-15 -1 5.411357e-08 8.874443e-15 -1 5.411357e-08 2.220477e-14 -1 5.411357e-08 -2.350551e-14 -1 5.411357e-08 1.096675e-14 -1 5.411355e-08 -2.766525e-13 -1 5.411358e-08 1.53451e-14 -1 5.411357e-08 1.242856e-15 -1 5.411357e-08 -1.069788e-13 -1 5.411358e-08 4.727461e-14 -1 5.411357e-08 -2.540013e-14 -1 5.411358e-08 1.17015e-14 -1 5.411358e-08 -3.223436e-14 -1 5.41136e-08 -1.558822e-13 -1 5.411356e-08 8.668713e-14 -1 5.411357e-08 -5.023799e-16 -1 5.411357e-08 -9.989865e-16 -1 5.411357e-08 3.923083e-14 -1 5.411358e-08 -3.966929e-15 -1 5.411358e-08 2.325628e-14 -1 5.411357e-08 -8.946325e-15 -1 5.411357e-08 4.663456e-15 -1 5.411357e-08 2.904406e-15 -1 5.411357e-08 2.661983e-15 -1 5.411357e-08 9.719463e-15 -1 5.411358e-08 -2.549697e-14 -1 5.411357e-08 -2.067008e-14 -1 5.411357e-08 -4.116202e-14 -1 5.411357e-08 1.945606e-14 -1 5.411354e-08 -3.557375e-13 -1 5.411358e-08 2.166777e-14 -1 5.411356e-08 1.08104e-14 -1 5.411357e-08 4.620847e-15 -1 5.411358e-08 -2.326702e-14 -1 5.411357e-08 5.265672e-14 -1 5.411357e-08 -6.615806e-15 -1 5.411357e-08 1.913449e-15 -1 5.411358e-08 3.732847e-14 -1 5.411358e-08 4.164927e-14 -1 5.411357e-08 -2.402577e-15 -1 5.411357e-08 1.251611e-14 -1 5.41135e-08 -2.587488e-13 -1 5.411357e-08 6.786162e-15 -1 5.411357e-08 1.659432e-15 -1 5.411357e-08 -1.090542e-13 -1 5.411357e-08 5.245376e-16 -1 5.411356e-08 -8.613903e-14 -1 5.41136e-08 2.023114e-13 -1 5.411357e-08 -2.077843e-15 -1 5.411356e-08 1.036323e-14 -1 5.411357e-08 6.589709e-15 -1 5.411357e-08 -2.168432e-14 -1 5.411357e-08 -8.950669e-15 -1 5.411357e-08 -8.679089e-15 -1 5.411357e-08 -3.122048e-15 -1 5.411357e-08 1.389414e-14 -1 5.411357e-08 2.911713e-13 -1 5.411357e-08 2.412631e-14 -1 5.411358e-08 3.403109e-13 -1 -5.411357e-08 1.206375e-14 1 -5.411358e-08 -3.58076e-14 1 -5.411357e-08 -1.648824e-15 1 -5.411357e-08 7.136591e-15 1 -5.411357e-08 -3.061842e-15 1 -5.411361e-08 -4.67831e-15 1 -5.411358e-08 -2.76217e-15 1 -5.411358e-08 -2.511422e-15 1 -5.41136e-08 -3.905176e-15 1 -5.411358e-08 -6.512858e-16 1 -5.411355e-08 4.933264e-16 1 -5.411357e-08 -2.502476e-15 1 -5.411358e-08 2.557059e-14 1 -5.411357e-08 -7.624377e-15 1 -5.411358e-08 -6.935871e-14 1 -5.411357e-08 4.112023e-14 1 -5.411358e-08 -2.140142e-14 1 -5.411358e-08 -1.372686e-13 1 -5.411357e-08 1.588144e-14 1 -5.411358e-08 -1.497683e-14 1 -5.411357e-08 -6.836323e-15 1 -5.411358e-08 1.221009e-14 1 -5.411357e-08 1.042858e-15 1 -5.411357e-08 -2.832144e-15 1 -5.411356e-08 -2.332429e-15 1 -5.411357e-08 -2.683219e-15 1 -5.411358e-08 -2.303711e-15 1 -5.411358e-08 -5.558207e-15 1 -5.411357e-08 1.286424e-14 1 -5.411357e-08 -3.648032e-15 1 -5.411357e-08 -4.063606e-14 1 -5.411357e-08 -2.646314e-14 1 -5.411357e-08 -3.59396e-16 1 -5.411357e-08 -5.593383e-15 1 -5.411357e-08 -1.044686e-14 1 -5.411357e-08 -8.28698e-15 1 -5.411358e-08 -5.238634e-15 1 -5.411357e-08 1.675893e-15 1 -5.411356e-08 7.389612e-15 1 -5.411356e-08 4.072351e-15 1 -5.411357e-08 -4.794795e-15 1 -5.411359e-08 -1.470496e-14 1 -5.411358e-08 -1.212448e-15 1 -5.411357e-08 -3.012833e-14 1 -5.411358e-08 -5.428136e-14 1 -5.411356e-08 8.460688e-14 1 -5.411358e-08 -1.811403e-15 1 -5.411358e-08 -1.585014e-14 1 -5.411359e-08 -3.96428e-14 1 -5.411357e-08 2.208034e-14 1 -5.411357e-08 -5.009502e-15 1 -5.411357e-08 5.011523e-15 1 -5.411357e-08 3.169892e-14 1 -5.411357e-08 -4.104919e-14 1 -5.411357e-08 -1.16167e-15 1 -5.411357e-08 1.011654e-15 1 -5.411356e-08 -3.541506e-14 1 -5.41136e-08 3.029841e-14 1 -5.411358e-08 6.166351e-15 1 -5.411357e-08 -3.796522e-15 1 -5.411358e-08 5.254764e-15 1 -5.411357e-08 -6.006508e-15 1 -5.411361e-08 3.079092e-14 1 -5.411357e-08 -3.004342e-15 1 -5.411356e-08 5.170762e-15 1 -5.411361e-08 -6.218014e-15 1 -5.411357e-08 -1.107778e-14 1 -5.411357e-08 -2.157726e-14 1 -5.411358e-08 2.208732e-14 1 -5.411357e-08 -4.890202e-15 1 -5.411357e-08 -5.92724e-15 1 -5.411358e-08 2.678835e-14 1 -5.411357e-08 5.520169e-15 1 -5.411357e-08 2.283885e-14 1 -5.411357e-08 3.205467e-15 1 -5.411357e-08 -8.874442e-15 1 -5.411357e-08 -2.490876e-15 1 -5.411357e-08 -2.457793e-15 1 -5.411357e-08 2.098375e-14 1 -5.411357e-08 -8.67217e-14 1 -5.411357e-08 -3.974387e-15 1 -5.411357e-08 -1.067134e-14 1 -5.411357e-08 -4.299495e-15 1 -5.411352e-08 -8.412746e-14 1 -5.411357e-08 -7.727105e-15 1 -5.411357e-08 -2.125952e-14 1 -5.411357e-08 -2.460207e-14 1 -5.411358e-08 1.322691e-14 1 -5.411358e-08 1.440218e-14 1 -5.411357e-08 3.158522e-15 1 -5.411358e-08 7.617157e-14 1 -5.411359e-08 -6.635158e-14 1 -5.411355e-08 7.674959e-14 1 -5.411358e-08 -9.457216e-16 1 -5.411357e-08 1.174809e-14 1 -5.411357e-08 2.740705e-15 1 -5.411357e-08 -1.008743e-14 1 -5.411357e-08 -3.560996e-15 1 -5.411357e-08 -2.457793e-15 1 -5.411358e-08 3.267968e-14 1 -5.411357e-08 -1.406714e-14 1 -5.411356e-08 -6.896789e-14 1 -5.411357e-08 -2.15758e-13 1 -5.411357e-08 1.104686e-13 1 -5.411358e-08 -6.515153e-14 1 -5.411357e-08 -3.120262e-15 1 -5.411356e-08 -6.893785e-15 1 -5.411357e-08 -1.246567e-14 1 -5.411357e-08 -1.919959e-14 1 -5.411358e-08 3.931566e-14 1 -5.411358e-08 -2.142364e-15 1 -5.411363e-08 7.568784e-15 1 -5.411353e-08 -8.173107e-15 1 -5.411358e-08 -1.332868e-15 1 -5.411358e-08 -2.040245e-15 1 -5.411357e-08 -2.511422e-15 1 -5.411358e-08 -2.087009e-14 1 -5.411357e-08 5.368801e-14 1 -5.411358e-08 -7.252472e-14 1 -5.411357e-08 -1.01961e-14 1 -5.411358e-08 4.88366e-14 1 -5.411359e-08 1.404098e-13 1 -5.411357e-08 -1.487948e-14 1 -5.411357e-08 -2.577292e-14 1 -5.411357e-08 -1.329262e-14 1 -5.411357e-08 -2.505989e-15 1 -5.411357e-08 -2.457793e-15 1 -5.411358e-08 6.433586e-14 1 -5.411357e-08 2.144029e-14 1 -5.411357e-08 -2.472594e-14 1 -5.41136e-08 1.120239e-13 1 -5.411358e-08 2.411018e-14 1 -5.411357e-08 -3.067075e-14 1 -5.411357e-08 -2.32234e-14 1 -5.411358e-08 -7.533545e-14 1 -5.411358e-08 -5.099505e-15 1 -5.411355e-08 -7.962713e-15 1 -5.411358e-08 -3.627416e-14 1 -5.411357e-08 3.235339e-14 1 -5.411358e-08 -6.486062e-14 1 -5.411357e-08 -8.989035e-15 1 -5.411356e-08 -1.383268e-14 1 -5.411358e-08 5.264609e-14 1 -5.411357e-08 -2.001144e-14 1 -5.411357e-08 -4.250023e-14 1 -5.411358e-08 1.879073e-14 1 -5.411359e-08 -2.752395e-13 1 -5.411357e-08 9.197546e-14 1 -5.411357e-08 -3.414646e-13 1 -5.411357e-08 -2.519973e-14 1 -5.411357e-08 -1.491768e-14 1 -5.411357e-08 -4.614308e-14 1 -5.41136e-08 -1.211785e-13 1 -5.411357e-08 -4.66661e-15 1 -5.411357e-08 -1.096674e-14 1 -5.411355e-08 2.766524e-13 1 -5.411358e-08 -1.53451e-14 1 -5.411357e-08 -2.379228e-14 1 -5.411358e-08 -6.560922e-14 1 -5.411358e-08 -3.037817e-14 1 -5.411357e-08 8.422911e-14 1 -5.411358e-08 4.210123e-15 1 -5.41136e-08 1.223921e-14 1 -5.411357e-08 -8.816354e-15 1 -5.411357e-08 -2.677989e-14 1 -5.411357e-08 -1.341889e-14 1 -5.411357e-08 -4.872553e-14 1 -5.411354e-08 3.513677e-13 1 -5.411356e-08 1.33987e-13 1 -5.411358e-08 -2.043392e-14 1 -5.411357e-08 -5.695534e-14 1 -5.411357e-08 2.181163e-14 1 -5.411357e-08 -2.524375e-14 1 -5.411357e-08 3.927553e-15 1 -5.411357e-08 3.39575e-15 1 -5.411357e-08 -4.068276e-14 1 -5.411357e-08 -2.626465e-16 1 -5.411357e-08 5.650411e-16 1 -5.411357e-08 4.288808e-14 1 -5.411357e-08 -9.02013e-14 1 -5.411357e-08 -8.256235e-14 1 -5.411358e-08 3.501482e-14 1 -5.411357e-08 -2.675898e-14 1 -5.411356e-08 1.180974e-13 1 -5.411357e-08 2.705343e-13 1 -5.411357e-08 1.736111e-14 1 -5.411359e-08 2.368786e-13 1 -5.411352e-08 -3.569846e-13 1 -5.411382e-08 2.705991e-12 1 -5.411357e-08 2.982384e-15 1 -5.41136e-08 2.123122e-13 1 -4.641021e-08 1 -1.02084e-16 -4.641021e-08 1 -1.02084e-16 -4.641021e-08 1 -1.02084e-16 -4.641021e-08 1 -1.02084e-16 -4.641021e-08 1 2.641354e-16 -4.641021e-08 1 2.641354e-16 -4.641021e-08 1 2.641354e-16 -4.641021e-08 1 2.641354e-16 -4.641021e-08 1 -8.280945e-17 -4.641021e-08 1 2.390949e-16 -4.641021e-08 1 -5.77688e-17 -4.641021e-08 1 2.641355e-16 -4.641021e-08 1 2.641355e-16 -4.641021e-08 1 2.641355e-16 -4.641021e-08 1 2.641355e-16 -4.641021e-08 1 2.641355e-16 -4.641021e-08 1 -8.280923e-17 -4.641021e-08 1 -8.280923e-17 -4.641021e-08 1 -8.280923e-17 -4.641021e-08 1 -8.280923e-17 -4.641021e-08 1 2.641355e-16 -4.641021e-08 1 -5.776878e-17 -4.641021e-08 1 2.390948e-16 -4.641021e-08 1 -8.280943e-17 -4.641021e-08 1 2.641354e-16 -4.641021e-08 1 2.641354e-16 -4.641021e-08 1 2.641354e-16 -4.641021e-08 1 2.641354e-16 -4.641021e-08 1 2.641353e-16 -4.641021e-08 1 2.641353e-16 -4.641021e-08 1 2.641353e-16 -4.641021e-08 1 2.641353e-16 -4.641021e-08 1 -8.280926e-17 -4.641021e-08 1 -8.280926e-17 -4.641021e-08 1 -8.280926e-17 -4.641021e-08 1 -8.280926e-17 -4.641021e-08 1 -8.280943e-17 -4.641021e-08 1 2.390948e-16 -4.641021e-08 1 -5.776879e-17 -4.641021e-08 1 2.641354e-16 -4.641021e-08 1 2.641354e-16 -4.641021e-08 1 2.641354e-16 -4.641021e-08 1 2.641354e-16 -4.641021e-08 1 2.641354e-16 -4.641021e-08 1 3.467816e-16 -4.641021e-08 1 3.237705e-16 -4.641021e-08 1 3.453739e-16 -4.641021e-08 1 3.216589e-16 0.1214049 0.9926031 6.569658e-09 0.1214049 0.9926031 6.569657e-09 0.241074 0.9705067 1.304538e-08 0.241074 0.9705067 1.304538e-08 0.4679602 0.8837496 2.5323e-08 0.4679602 0.8837496 2.5323e-08 0.6671968 0.7448815 3.61044e-08 0.6671968 0.7448815 3.61044e-08 0.827081 0.5620828 4.475631e-08 0.827081 0.5620828 4.475631e-08 0.9381943 0.3461089 5.076905e-08 0.9381943 0.3461089 5.076905e-08 0.9732824 0.2296114 5.266779e-08 0.9732824 0.2296114 5.266779e-08 0.9396927 0.3420199 5.085013e-08 0.9396926 0.3420203 -1.15121e-07 0.9396873 0.3420348 2.786864e-08 0.9396925 0.3420205 -1.697154e-07 0.9396836 0.3420449 5.084964e-08 4.64102e-08 -1 -5.672077e-17 4.641021e-08 -1 -2.257464e-17 4.641021e-08 -1 -1.10216e-16 4.64102e-08 -1 -3.762856e-16 4.641021e-08 -1 -6.896716e-16 4.64102e-08 -1 -3.601731e-16 -0.9396836 0.3420448 -5.084964e-08 -0.9396836 0.3420448 -5.084964e-08 -0.9396836 0.3420448 -5.084964e-08 -0.9396836 0.3420448 -5.084964e-08 -0.9854812 0.1697843 -5.332791e-08 -0.9734856 0.2287455 0.00115852 -0.9753515 0.2206569 1.486331e-05 -0.9382213 0.3460337 0.001175076 -0.9427454 0.3335134 -5.101532e-08 -0.8969086 0.442216 1.516258e-05 -0.826873 0.5623883 0.0005915476 -0.8278418 0.5609616 -4.479748e-08 -0.6672088 0.7448708 -3.610505e-08 -0.7043711 0.709832 -3.811603e-08 -0.4679776 0.8837403 -2.532394e-08 -0.5176716 0.8555794 -2.801306e-08 -0.2410804 0.9705052 -1.304572e-08 -0.2990598 0.9542344 -1.618319e-08 -0.1213997 0.9926037 -6.56937e-09 -0.1213997 0.9926037 -6.56937e-09 -0.9396836 0.3420448 -5.084964e-08 -0.9396836 0.3420448 -5.084964e-08 -0.9396836 0.3420448 -5.084964e-08 -0.9396836 0.3420448 -5.084964e-08 0.9396858 0.3420389 5.084976e-08 0.9396841 0.3420436 -1.666412e-06 0.939681 0.3420522 -2.681917e-07 0.9396831 0.3420462 -2.004333e-06 0.9396748 0.342069 5.084916e-08 -0.9733152 0.2294724 -5.266956e-08 -0.9733152 0.2294724 -5.266956e-08 -0.9382202 0.3460388 -5.077045e-08 -0.9382202 0.3460388 -5.077045e-08 -0.827086 0.5620754 -4.475658e-08 -0.827086 0.5620754 -4.475658e-08 -0.6672088 0.7448708 -3.610505e-08 -0.6672088 0.7448708 -3.610505e-08 -0.4679776 0.8837403 -2.532394e-08 -0.4679776 0.8837403 -2.532394e-08 -0.2410804 0.9705052 -1.304572e-08 -0.2410804 0.9705052 -1.304572e-08 -4.641021e-08 1 2.641355e-16 -4.64102e-08 1 3.058316e-16 0.2410803 0.9705052 1.304572e-08 0.2410803 0.9705052 1.304572e-08 0.4679775 0.8837404 2.532394e-08 0.4679775 0.8837404 2.532394e-08 0.6672087 0.7448708 3.610505e-08 0.6672087 0.7448708 3.610505e-08 0.8270859 0.5620755 4.475658e-08 0.8270859 0.5620755 4.475658e-08 0.9382202 0.3460389 5.077045e-08 0.9382202 0.3460389 5.077045e-08 0.9733151 0.2294725 5.266956e-08 0.9733151 0.2294725 5.266956e-08 -0.9396987 0.3420033 -5.085046e-08 -0.9396987 0.3420033 -5.085046e-08 -0.9396987 0.3420033 -5.085046e-08 -0.9396987 0.3420033 -5.085046e-08 0.9396836 0.3420449 5.084964e-08 0.9396836 0.3420449 5.084964e-08 0.9396836 0.3420449 5.084964e-08 0.9396836 0.3420449 5.084964e-08 -0.9733152 0.2294724 -5.266956e-08 -0.9733152 0.2294724 -5.266956e-08 -0.9382202 0.3460388 -5.077045e-08 -0.9382202 0.3460388 -5.077045e-08 -0.827086 0.5620754 -4.475658e-08 -0.827086 0.5620754 -4.475658e-08 -0.6672088 0.7448708 -3.610505e-08 -0.6672088 0.7448708 -3.610505e-08 -0.4679776 0.8837403 -2.532394e-08 -0.4679776 0.8837403 -2.532394e-08 -0.2410804 0.9705052 -1.304572e-08 -0.2410804 0.9705052 -1.304572e-08 -4.641021e-08 1 8.765069e-17 -4.641021e-08 1 4.595467e-17 0.2410803 0.9705052 1.304572e-08 0.2410803 0.9705052 1.304572e-08 0.4679775 0.8837404 2.532394e-08 0.4679775 0.8837404 2.532394e-08 0.6672087 0.7448708 3.610505e-08 0.6672087 0.7448708 3.610505e-08 0.8270859 0.5620755 4.475658e-08 0.8270859 0.5620755 4.475658e-08 0.9382202 0.3460389 5.077045e-08 0.9382202 0.3460389 5.077045e-08 0.9733151 0.2294725 5.266956e-08 0.9733151 0.2294725 5.266956e-08 -0.9396987 0.3420033 -5.085046e-08 -0.9396987 0.3420033 -5.085046e-08 -0.9396987 0.3420033 -5.085046e-08 -0.9396987 0.3420033 -5.085046e-08 0.9396987 0.3420034 5.085046e-08 0.9396987 0.3420034 5.085046e-08 0.9396987 0.3420034 5.085046e-08 0.9396987 0.3420034 5.085046e-08 -0.9733152 0.2294724 -5.266956e-08 -0.9733152 0.2294724 -5.266956e-08 -0.9382202 0.3460388 -5.077045e-08 -0.9382202 0.3460388 -5.077045e-08 -0.827086 0.5620754 -4.475658e-08 -0.827086 0.5620754 -4.475658e-08 -0.6672088 0.7448708 -3.610505e-08 -0.6672088 0.7448708 -3.610505e-08 -0.4679776 0.8837403 -2.532394e-08 -0.4679776 0.8837403 -2.532394e-08 -0.2410804 0.9705052 -1.304572e-08 -0.2410804 0.9705052 -1.304572e-08 -4.641021e-08 1 3.058315e-16 -4.641021e-08 1 1.807432e-16 0.2410803 0.9705052 1.304572e-08 0.2410803 0.9705052 1.304572e-08 0.4679775 0.8837404 2.532394e-08 0.4679775 0.8837404 2.532394e-08 0.6672087 0.7448708 3.610505e-08 0.6672087 0.7448708 3.610505e-08 0.8270859 0.5620755 4.475658e-08 0.8270859 0.5620755 4.475658e-08 0.9380967 0.3463736 5.076376e-08 0.9380967 0.3463736 5.076376e-08 0.9731512 0.2301669 5.266069e-08 0.9731512 0.2301669 5.266069e-08 -0.9396987 0.3420033 -5.085046e-08 -0.9396987 0.3420033 -5.085046e-08 -0.9396987 0.3420033 -5.085046e-08 -0.9396987 0.3420033 -5.085046e-08 0.9396987 0.3420034 5.085046e-08 0.9396987 0.3420034 5.085046e-08 0.9396987 0.3420034 5.085046e-08 0.9396987 0.3420034 5.085046e-08 -0.9733152 0.2294724 -5.266956e-08 -0.9733152 0.2294724 -5.266956e-08 -0.9382202 0.3460388 -5.077045e-08 -0.9382202 0.3460388 -5.077045e-08 -0.827086 0.5620754 -4.475658e-08 -0.827086 0.5620754 -4.475658e-08 -0.6672088 0.7448708 -3.610505e-08 -0.6672088 0.7448708 -3.610505e-08 -0.4679776 0.8837403 -2.532394e-08 -0.4679776 0.8837403 -2.532394e-08 -0.2410804 0.9705052 -1.304572e-08 -0.2410804 0.9705052 -1.304572e-08 -4.641021e-08 1 9.367522e-17 -4.641021e-08 1 9.367519e-17 0.2410803 0.9705052 1.304572e-08 0.2410803 0.9705052 1.304572e-08 0.4679775 0.8837404 2.532394e-08 0.4679775 0.8837404 2.532394e-08 0.6672087 0.7448708 3.610505e-08 0.6672087 0.7448708 3.610505e-08 0.8270859 0.5620755 4.475658e-08 0.8270859 0.5620755 4.475658e-08 0.9380967 0.3463736 5.076376e-08 0.9380967 0.3463736 5.076376e-08 0.9731512 0.2301669 5.266069e-08 0.9731512 0.2301669 5.266069e-08 -0.9396987 0.3420033 -5.085046e-08 -0.9396987 0.3420033 -5.085046e-08 -0.9396987 0.3420033 -5.085046e-08 -0.9396987 0.3420033 -5.085046e-08 0.9396987 0.3420034 5.085046e-08 0.9396987 0.3420034 5.085046e-08 0.9396987 0.3420034 5.085046e-08 0.9396987 0.3420034 5.085046e-08 -0.9733152 0.2294724 -5.266956e-08 -0.9733152 0.2294724 -5.266956e-08 -0.9382202 0.3460388 -5.077045e-08 -0.9382202 0.3460388 -5.077045e-08 -0.827086 0.5620754 -4.475658e-08 -0.827086 0.5620754 -4.475658e-08 -0.6672088 0.7448708 -3.610505e-08 -0.6672088 0.7448708 -3.610505e-08 -0.4679776 0.8837403 -2.532394e-08 -0.4679776 0.8837403 -2.532394e-08 -0.2410804 0.9705052 -1.304572e-08 -0.2410804 0.9705052 -1.304572e-08 -4.64102e-08 1 3.475277e-16 -4.641021e-08 1 2.224392e-16 0.2410803 0.9705052 1.304572e-08 0.2410803 0.9705052 1.304572e-08 0.4679775 0.8837404 2.532394e-08 0.4679775 0.8837404 2.532394e-08 0.6672087 0.7448708 3.610505e-08 0.6672087 0.7448708 3.610505e-08 0.8269027 0.562345 4.474666e-08 0.8269027 0.562345 4.474666e-08 0.9381073 0.3463446 5.076434e-08 0.9381073 0.3463446 5.076434e-08 0.9733151 0.2294725 5.266956e-08 0.9733151 0.2294725 5.266956e-08 -0.9396987 0.3420033 -5.085046e-08 -0.9396987 0.3420033 -5.085046e-08 -0.9396987 0.3420033 -5.085046e-08 -0.9396987 0.3420033 -5.085046e-08 0.9396987 0.3420034 5.085046e-08 0.9396987 0.3420034 5.085046e-08 0.9396987 0.3420034 5.085046e-08 0.9396987 0.3420034 5.085046e-08 -0.9733152 0.2294724 -5.266956e-08 -0.9733152 0.2294724 -5.266956e-08 -0.9382202 0.3460388 -5.077045e-08 -0.9382202 0.3460388 -5.077045e-08 -0.827086 0.5620754 -4.475658e-08 -0.827086 0.5620754 -4.475658e-08 -0.6672088 0.7448708 -3.610505e-08 -0.6672088 0.7448708 -3.610505e-08 -0.467862 0.8838015 -2.531768e-08 -0.467862 0.8838015 -2.531768e-08 -0.2409966 0.970526 -1.304118e-08 -0.2409966 0.970526 -1.304118e-08 -4.457725e-05 1 -2.409722e-12 -4.457725e-05 1 -2.409848e-12 0.2409533 0.9705367 1.303885e-08 0.2409533 0.9705367 1.303885e-08 0.4678619 0.8838016 2.531768e-08 0.4678619 0.8838016 2.531768e-08 0.6672087 0.7448708 3.610505e-08 0.6672087 0.7448708 3.610505e-08 0.8270859 0.5620755 4.475658e-08 0.8270859 0.5620755 4.475658e-08 0.9382202 0.3460389 5.077045e-08 0.9382202 0.3460389 5.077045e-08 0.9733151 0.2294725 5.266956e-08 0.9733151 0.2294725 5.266956e-08 -0.9396987 0.3420033 -5.085046e-08 -0.9396987 0.3420033 -5.085046e-08 -0.9396987 0.3420033 -5.085046e-08 -0.9396987 0.3420033 -5.085046e-08 0.9396987 0.3420034 5.085046e-08 0.9396987 0.3420034 5.085046e-08 0.9396987 0.3420034 5.085046e-08 0.9396987 0.3420034 5.085046e-08 -0.9733152 0.2294724 -5.266956e-08 -0.9733152 0.2294724 -5.266956e-08 -0.9382202 0.3460388 -5.077045e-08 -0.9382202 0.3460388 -5.077045e-08 -0.827086 0.5620754 -4.475658e-08 -0.827086 0.5620754 -4.475658e-08 -0.6670527 0.7450105 -3.60966e-08 -0.6670527 0.7450105 -3.60966e-08 -0.4677925 0.8838383 -2.531392e-08 -0.4677925 0.8838383 -2.531392e-08 -0.2410804 0.9705052 -1.304572e-08 -0.2410804 0.9705052 -1.304572e-08 4.448443e-05 1 2.410029e-12 4.448443e-05 1 2.409775e-12 0.2409965 0.970526 1.304119e-08 0.2409965 0.970526 1.304119e-08 0.4678619 0.8838016 2.531768e-08 0.4678619 0.8838016 2.531768e-08 0.6672087 0.7448708 3.610505e-08 0.6672087 0.7448708 3.610505e-08 0.8270859 0.5620755 4.475658e-08 0.8270859 0.5620755 4.475658e-08 0.9382202 0.3460389 5.077045e-08 0.9382202 0.3460389 5.077045e-08 0.9733151 0.2294725 5.266956e-08 0.9733151 0.2294725 5.266956e-08 -0.9396987 0.3420033 -5.085046e-08 -0.9396987 0.3420033 -5.085046e-08 -0.9396987 0.3420033 -5.085046e-08 -0.9396987 0.3420033 -5.085046e-08 0.9396987 0.3420034 5.085046e-08 0.9396987 0.3420034 5.085046e-08 0.9396987 0.3420034 5.085046e-08 0.9396987 0.3420034 5.085046e-08 -0.9731512 0.2301668 -5.266069e-08 -0.9731512 0.2301668 -5.266069e-08 -0.9380967 0.3463735 -5.076376e-08 -0.9380967 0.3463735 -5.076376e-08 -0.827086 0.5620754 -4.475658e-08 -0.827086 0.5620754 -4.475658e-08 -0.6672088 0.7448708 -3.610505e-08 -0.6672088 0.7448708 -3.610505e-08 -0.4679776 0.8837403 -2.532394e-08 -0.4679776 0.8837403 -2.532394e-08 -0.2410804 0.9705052 -1.304572e-08 -0.2410804 0.9705052 -1.304572e-08 -4.641021e-08 1 9.367521e-17 -4.641021e-08 1 1.028309e-17 0.2410803 0.9705052 1.304572e-08 0.2410803 0.9705052 1.304572e-08 0.4679775 0.8837404 2.532394e-08 0.4679775 0.8837404 2.532394e-08 0.6672087 0.7448708 3.610505e-08 0.6672087 0.7448708 3.610505e-08 0.8270859 0.5620755 4.475658e-08 0.8270859 0.5620755 4.475658e-08 0.9382202 0.3460389 5.077045e-08 0.9382202 0.3460389 5.077045e-08 0.9733151 0.2294725 5.266956e-08 0.9733151 0.2294725 5.266956e-08 -0.9396987 0.3420033 -5.085046e-08 -0.9396987 0.3420033 -5.085046e-08 -0.9396987 0.3420033 -5.085046e-08 -0.9396987 0.3420033 -5.085046e-08 0.9396987 0.3420034 5.085046e-08 0.9396987 0.3420034 5.085046e-08 0.9396987 0.3420034 5.085046e-08 0.9396987 0.3420034 5.085046e-08 -0.9731512 0.2301668 -5.266069e-08 -0.9731512 0.2301668 -5.266069e-08 -0.9380967 0.3463735 -5.076376e-08 -0.9380967 0.3463735 -5.076376e-08 -0.827086 0.5620754 -4.475658e-08 -0.827086 0.5620754 -4.475658e-08 -0.6672088 0.7448708 -3.610505e-08 -0.6672088 0.7448708 -3.610505e-08 -0.4679776 0.8837403 -2.532394e-08 -0.4679776 0.8837403 -2.532394e-08 -0.2410804 0.9705052 -1.304572e-08 -0.2410804 0.9705052 -1.304572e-08 -4.641021e-08 1 1.770674e-16 -4.641021e-08 1 1.807435e-16 0.2410803 0.9705052 1.304572e-08 0.2410803 0.9705052 1.304572e-08 0.4679775 0.8837404 2.532394e-08 0.4679775 0.8837404 2.532394e-08 0.6672087 0.7448708 3.610505e-08 0.6672087 0.7448708 3.610505e-08 0.8270859 0.5620755 4.475658e-08 0.8270859 0.5620755 4.475658e-08 0.9382202 0.3460389 5.077045e-08 0.9382202 0.3460389 5.077045e-08 0.9733151 0.2294725 5.266956e-08 0.9733151 0.2294725 5.266956e-08 -0.9396927 0.3420199 -5.085013e-08 -0.9396927 0.3420199 -5.085013e-08 -0.9396927 0.3420199 -5.085013e-08 -0.9396927 0.3420199 -5.085013e-08 0.9397002 0.3419992 5.085054e-08 0.9397002 0.3419992 5.085054e-08 0.9397002 0.3419992 5.085054e-08 0.9397002 0.3419992 5.085054e-08 -0.9732824 0.2296113 -5.266779e-08 -0.9732824 0.2296113 -5.266779e-08 -0.9381955 0.3461058 -5.076911e-08 -0.9381955 0.3461058 -5.076911e-08 -0.827086 0.5620754 -4.475658e-08 -0.827086 0.5620754 -4.475658e-08 -0.6671932 0.7448847 -3.61042e-08 -0.6671932 0.7448847 -3.61042e-08 -0.4679591 0.8837501 -2.532294e-08 -0.4679591 0.8837501 -2.532294e-08 -0.2410804 0.9705052 -1.304572e-08 -0.2410804 0.9705052 -1.304572e-08 4.403758e-06 1 2.407012e-13 4.403758e-06 1 2.409029e-13 0.2410719 0.9705073 1.304526e-08 0.2410719 0.9705073 1.304526e-08 0.467966 0.8837465 2.532331e-08 0.467966 0.8837465 2.532331e-08 0.6671882 0.7448892 3.610394e-08 0.6671882 0.7448892 3.610394e-08 0.8270704 0.5620983 4.475574e-08 0.8270704 0.5620983 4.475574e-08 0.9381955 0.3461059 5.076911e-08 0.9381955 0.3461059 5.076911e-08 0.9732824 0.2296114 5.266779e-08 0.9732824 0.2296114 5.266779e-08 -0.9397319 0.3419122 6.27025e-07 -0.9397591 0.3418373 -5.085372e-08 -0.939693 0.3420192 1.16056e-06 -0.9396914 0.3420234 8.078425e-07 -0.9396925 0.3420206 9.593817e-07 -0.9396905 0.3420259 -5.085001e-08 0.9396927 0.34202 5.085013e-08 0.9396927 0.34202 5.085013e-08 0.9396927 0.34202 5.085013e-08 0.9396927 0.34202 5.085013e-08 -0.9732824 0.2296113 -5.266779e-08 -0.9732824 0.2296113 -5.266779e-08 -0.9381955 0.3461058 -5.076911e-08 -0.9381955 0.3461058 -5.076911e-08 -0.827086 0.5620754 -4.475658e-08 -0.827086 0.5620754 -4.475658e-08 -0.6672088 0.7448708 -3.610505e-08 -0.6672088 0.7448708 -3.610505e-08 -0.4679661 0.8837464 -2.532331e-08 -0.4679661 0.8837464 -2.532331e-08 -0.2410677 0.9705083 -1.304503e-08 -0.2410677 0.9705083 -1.304503e-08 4.403758e-06 1 2.40996e-13 4.403758e-06 1 2.40777e-13 0.2410719 0.9705073 1.304526e-08 0.2410719 0.9705073 1.304526e-08 0.467966 0.8837465 2.532331e-08 0.467966 0.8837465 2.532331e-08 0.6672087 0.7448708 3.610505e-08 0.6672087 0.7448708 3.610505e-08 0.8270859 0.5620755 4.475658e-08 0.8270859 0.5620755 4.475658e-08 0.9381955 0.3461059 5.076911e-08 0.9381955 0.3461059 5.076911e-08 0.9732824 0.2296114 5.266779e-08 0.9732824 0.2296114 5.266779e-08 -0.9396927 0.3420199 -5.085013e-08 -0.9396928 0.3420195 -2.220199e-07 -0.9396927 0.3420199 -1.08562e-07 -0.9396874 0.3420345 -1.441388e-07 -0.9396836 0.3420448 -5.084964e-08 0.9396929 0.3420195 5.085014e-08 0.9396927 0.3420199 -1.179341e-07 0.9396873 0.3420346 2.747913e-08 0.9396926 0.3420201 -1.734538e-07 0.9396836 0.3420449 5.084964e-08 -0.9732824 0.2296113 -5.266779e-08 -0.9732824 0.2296113 -5.266779e-08 -0.9381955 0.3461058 -5.076911e-08 -0.9381955 0.3461058 -5.076911e-08 -0.8270705 0.5620982 -4.475574e-08 -0.8270705 0.5620982 -4.475574e-08 -0.6671882 0.7448892 -3.610394e-08 -0.6671882 0.7448892 -3.610394e-08 -0.4679661 0.8837464 -2.532331e-08 -0.4679661 0.8837464 -2.532331e-08 -0.241072 0.9705072 -1.304526e-08 -0.241072 0.9705072 -1.304526e-08 -4.496578e-06 1 -2.406478e-13 -4.496578e-06 1 -2.409747e-13 0.2410803 0.9705052 1.304572e-08 0.2410803 0.9705052 1.304572e-08 0.467959 0.8837502 2.532294e-08 0.467959 0.8837502 2.532294e-08 0.6671931 0.7448848 3.61042e-08 0.6671931 0.7448848 3.61042e-08 0.8270859 0.5620755 4.475658e-08 0.8270859 0.5620755 4.475658e-08 0.9381955 0.3461059 5.076911e-08 0.9381955 0.3461059 5.076911e-08 0.9732824 0.2296114 5.266779e-08 0.9732824 0.2296114 5.266779e-08 -1 -4.641021e-08 -5.411357e-08 -1 -4.641021e-08 -5.411357e-08 -1 -4.641021e-08 -5.411357e-08 -1 -4.641021e-08 -5.411357e-08 -6.41879e-08 0.2558926 0.9667052 -6.41879e-08 0.2558926 0.9667052 -6.41879e-08 0.2558926 0.9667052 -6.41879e-08 0.2558926 0.9667052 -1 -4.64102e-08 -5.411358e-08 -1 -4.64102e-08 -5.411359e-08 -1 -4.64102e-08 -5.411358e-08 -1 -4.64102e-08 -5.411359e-08 3.077645e-08 0.4036402 -0.9149178 3.077645e-08 0.4036402 -0.9149178 3.077645e-08 0.4036402 -0.9149178 3.077645e-08 0.4036402 -0.9149178 -1 -4.641021e-08 -5.411358e-08 -1 -4.641021e-08 -5.411357e-08 -1 -4.641021e-08 -5.411358e-08 -1 -4.641021e-08 -5.411357e-08 -6.824249e-08 0.4036402 0.9149178 -6.82425e-08 0.4036402 0.9149178 -6.82425e-08 0.4036402 0.9149178 -6.82425e-08 0.4036402 0.9149178 -1 -4.64102e-08 -5.411358e-08 -1 -4.641021e-08 -5.411356e-08 -1 -4.64102e-08 -5.411357e-08 -1 -4.641021e-08 -5.411356e-08 4.043585e-08 0.2558926 -0.9667052 4.043585e-08 0.2558926 -0.9667052 4.043585e-08 0.2558926 -0.9667052 4.043585e-08 0.2558926 -0.9667052 0.06546697 -0.04564745 0.9968101 0.0005603664 -0.06504448 0.9978822 0.06547021 0.04564518 0.99681 0.0002953087 0.05588254 0.9984373 4.641021e-08 -1 3.324613e-17 0.06545187 -0.9978557 3.541832e-09 -0.02549811 -0.9996679 0.003723485 0.06513814 -0.995748 0.0651381 -0.06500976 -0.9957563 0.06513897 1 4.64102e-08 5.411357e-08 1 4.64102e-08 5.411357e-08 1 4.64102e-08 5.411357e-08 1 4.64102e-08 5.411357e-08 -1 -4.641021e-08 -5.411357e-08 -1 -4.641021e-08 -5.411357e-08 -1 -4.641021e-08 -5.411357e-08 -1 -4.641021e-08 -5.411357e-08 0.7071067 0.7071068 3.826407e-08 0.7071067 0.7071068 3.826407e-08 0.7071067 0.7071068 3.826407e-08 0.7071067 0.7071068 3.826407e-08 -1 -4.641021e-08 -5.411357e-08 -1 -4.641021e-08 -5.411357e-08 -0.9660081 -0.2585118 -5.227415e-08 -0.9660081 -0.2585118 -5.227415e-08 -0.8660481 -0.4999606 -4.686496e-08 -0.8660481 -0.4999606 -4.686496e-08 -0.7069384 -0.7072752 -3.825496e-08 -0.7069384 -0.7072752 -3.825496e-08 -0.500022 -0.8660127 -2.705798e-08 -0.500022 -0.8660127 -2.705798e-08 -0.2589135 -0.9659005 -1.401074e-08 -0.2589135 -0.9659005 -1.401074e-08 5.002394e-05 -1 2.704285e-12 5.002394e-05 -1 2.704375e-12 0.2588202 -0.9659255 1.400568e-08 0.2588202 -0.9659255 1.400568e-08 0.500097 -0.8659694 2.706203e-08 0.500097 -0.8659694 2.706203e-08 0.7071033 -0.7071102 3.826389e-08 0.7071033 -0.7071102 3.826389e-08 0.8660482 -0.4999606 4.686496e-08 0.8660482 -0.4999606 4.686496e-08 0.9659099 -0.2588786 5.226883e-08 0.9659099 -0.2588786 5.226883e-08 1 4.641021e-08 5.411357e-08 1 4.641021e-08 5.411357e-08 0.9659099 0.2588786 5.226883e-08 0.9659099 0.2588786 5.226883e-08 0.8660481 0.4999606 4.686496e-08 0.8660481 0.4999606 4.686496e-08 0.7071033 0.7071103 3.826389e-08 0.7071033 0.7071103 3.826389e-08 0.5000969 0.8659695 2.706203e-08 0.5000969 0.8659695 2.706203e-08 0.2588201 0.9659255 1.400568e-08 0.2588201 0.9659255 1.400568e-08 4.993112e-05 1 2.70455e-12 4.993112e-05 1 2.70429e-12 -0.2589136 0.9659005 -1.401074e-08 -0.2589136 0.9659005 -1.401074e-08 -0.500022 0.8660127 -2.705798e-08 -0.500022 0.8660127 -2.705798e-08 -0.7069384 0.7072751 -3.825496e-08 -0.7069384 0.7072751 -3.825496e-08 -0.8660482 0.4999606 -4.686496e-08 -0.8660482 0.4999606 -4.686496e-08 -0.9660081 0.2585117 -5.227415e-08 -0.9660081 0.2585117 -5.227415e-08 5.411357e-08 5.956445e-15 -1 5.411357e-08 1.759058e-15 -1 5.411357e-08 4.052848e-15 -1 5.411357e-08 2.511422e-15 -1 5.411357e-08 2.511422e-15 -1 5.411358e-08 -1.643188e-14 -1 5.41136e-08 -4.815318e-14 -1 5.411356e-08 -4.469942e-15 -1 5.411356e-08 -5.430124e-15 -1 5.411357e-08 -1.343676e-15 -1 5.411359e-08 -2.11828e-14 -1 5.411359e-08 -2.986664e-14 -1 5.411358e-08 -6.307152e-15 -1 5.411357e-08 1.140445e-14 -1 5.411357e-08 5.045473e-15 -1 5.411357e-08 -5.012848e-15 -1 5.411357e-08 7.196804e-15 -1 5.411356e-08 1.414178e-14 -1 5.411363e-08 1.015687e-13 -1 5.411356e-08 -1.625261e-14 -1 5.411356e-08 -2.102929e-14 -1 5.411359e-08 2.900581e-14 -1 5.411355e-08 -1.94805e-14 -1 5.41135e-08 3.868155e-14 -1 5.411369e-08 -7.184026e-14 -1 5.411354e-08 1.916181e-14 -1 5.411359e-08 -5.064195e-15 -1 -0.9916734 0.02387177 0.1265464 -0.9607072 0.02056803 0.2768006 -0.9655801 0.004009689 0.2600749 0.9926365 0.02830496 -0.1177776 0.9586332 0.01539534 -0.2842275 0.9655367 0.004146036 -0.2602339 0.5722007 0.001044408 -0.820113 0.5007188 0.009156709 -0.8655616 0.7078089 0.006230948 -0.7063765 0.8992381 4.173382e-08 -0.4374595 0.8406314 3.901387e-08 -0.5416077 0.866358 0.005193315 -0.4993965 0.7500977 0.0006937796 -0.6613267 0.6666444 3.09391e-08 -0.7453759 0.9211186 0.01640266 -0.3889363 0.9997534 0.01576026 -0.01564361 0.9999302 0.009405445 -0.007144862 0.9914962 0.00478948 0.1300473 0.9654703 0.01660667 0.2599832 0.9639629 4.473772e-08 0.2660367 0.9213657 0.004984556 0.3886649 0.8639011 0.009915492 0.5035638 0.8844473 0.001215458 0.4666386 0.7078088 0.006230948 0.7063766 0.7500976 0.0006937796 0.6613268 0.8289638 3.847238e-08 0.5593022 0.5007187 0.009156709 0.8655616 0.5722006 0.001044408 0.820113 0.6666443 3.09391e-08 0.745376 0.2552988 0.005219563 0.9668481 0.3715022 0.001332123 0.9284311 0.4760438 2.209329e-08 0.8794216 -0.5590354 0.002587959 0.8291397 -0.5018311 0.007393106 0.8649341 -0.6721152 0.00209112 0.7404437 -0.70561 0.006530776 0.7085703 -0.7647441 -0.00380589 0.6443229 -0.797766 -0.0002760166 0.6029671 -0.8674484 0.007939681 0.4974638 -0.8721924 -4.047862e-08 0.489163 -0.9316171 0.02478136 0.3625955 -0.9998217 0.0135725 0.01312826 -0.9999362 0.008931764 0.006909921 -0.9904987 0.004538021 -0.1374474 -0.9652611 0.01593156 -0.2608012 -0.9673802 -4.489631e-08 -0.253329 -0.9291127 0.002730121 -0.3697866 -0.865531 0.01120022 -0.5007301 -0.8721923 -4.047862e-08 -0.4891631 -0.7977659 -0.0002760166 -0.6029672 -0.70561 0.006530776 -0.7085703 -0.764744 -0.00380589 -0.644323 -0.6721151 0.00209112 -0.7404437 -0.501831 0.007393106 -0.8649341 -0.5590353 0.002587959 -0.8291398 -0.2552988 0.005219539 -0.9668481 -0.3715022 0.001332089 -0.9284311 -0.4713478 -2.187535e-08 -0.8819474 -0.4713479 -2.187535e-08 0.8819474 -0.3715023 0.001332089 0.9284311 -0.2552989 0.005219539 0.9668481 -0.2221348 -1.030932e-08 0.975016 -5.411357e-08 -2.511422e-15 1 -5.411357e-08 -2.511422e-15 1 0.2221347 1.030931e-08 0.975016 0.4760439 2.209329e-08 -0.8794215 0.3715023 0.001332123 -0.9284311 0.2552989 0.005219563 -0.9668481 0.2221348 1.030932e-08 -0.975016 5.411358e-08 2.511422e-15 -1 5.411357e-08 2.511422e-15 -1 -0.2221347 -1.030931e-08 -0.975016 -4.641021e-08 1 -6.235662e-15 -4.641021e-08 1 -1.212577e-15 -4.641021e-08 1 2.348281e-15 -4.641021e-08 1 -1.558263e-15 -4.641021e-08 1 3.905789e-15 -4.641021e-08 1 8.560254e-16 -4.641021e-08 1 -2.11985e-15 -4.641021e-08 1 -6.939133e-16 -4.641021e-08 1 -5.240671e-16 -4.641021e-08 1 -1.107465e-15 -4.64102e-08 1 -7.772743e-16 -4.641021e-08 1 -3.800056e-15 -4.641021e-08 1 -3.215644e-15 -4.641021e-08 1 -4.369017e-15 -4.641022e-08 1 2.618191e-15 -4.64102e-08 1 6.508585e-16 -4.64102e-08 1 -4.817166e-16 -4.64102e-08 1 1.931067e-15 -4.64102e-08 1 -1.907646e-15 -4.641021e-08 1 -7.030787e-16 -4.64102e-08 1 -4.167907e-15 -4.64102e-08 1 -1.139215e-15 -4.641021e-08 1 -2.676907e-16 -4.641021e-08 1 2.585142e-15 -4.641021e-08 1 7.826416e-15 -4.641021e-08 1 1.396098e-15 -4.641021e-08 1 5.577718e-16 -4.641021e-08 1 -3.492884e-15 -4.641021e-08 1 -5.052812e-15 -4.64102e-08 1 -2.041988e-15 -4.641021e-08 1 -3.233563e-15 -4.641021e-08 1 1.396884e-15 -4.641021e-08 1 -2.417166e-16 -4.641021e-08 1 -7.270269e-16 -4.641021e-08 1 -3.695709e-16 -4.64102e-08 1 -3.596931e-16 -4.64102e-08 1 3.511055e-16 -4.64102e-08 1 2.22032e-15 -4.64102e-08 1 1.736101e-16 -4.641021e-08 1 3.266652e-16 -4.64102e-08 1 -5.00812e-15 -4.641021e-08 1 -1.065193e-15 -4.641021e-08 1 5.00724e-15 -4.641021e-08 1 2.864901e-15 -4.641021e-08 1 1.004797e-14 -4.641021e-08 1 2.96469e-15 -4.641021e-08 1 -3.664077e-15 -4.641021e-08 1 1.163649e-15 0.9926371 -0.02830729 0.1177718 0.9586386 -0.0154062 0.2842089 0.9655367 -0.0041458 0.2602339 -0.991673 -0.02386947 -0.1265502 -0.9607079 -0.02056705 -0.2767982 -0.9655801 -0.00400964 -0.2600749 -0.5590296 -0.002587658 -0.8291437 -0.5018309 -0.007393204 -0.8649341 -0.6721363 -0.002089869 -0.7404245 -0.70561 -0.006530905 -0.7085703 -0.7647427 0.003805797 -0.6443245 -0.7977673 0.0002759416 -0.6029654 -0.8674483 -0.007939778 -0.4974639 -0.8721925 -4.047863e-08 -0.4891627 -0.9316162 -0.02478038 -0.3625979 -0.9998217 -0.01357219 -0.01313076 -0.9999362 -0.008931665 -0.006909845 -0.9904986 -0.004538159 0.1374477 -0.9652611 -0.01593145 0.2608009 -0.9673805 -4.489633e-08 0.2533276 -0.9291121 -0.002730219 0.369788 -0.865531 -0.0112003 0.50073 -0.8721926 -4.047864e-08 0.4891626 -0.7977673 0.0002759416 0.6029654 -0.7056101 -0.006530905 0.7085702 -0.7647428 0.003805797 0.6443244 -0.6721363 -0.002089869 0.7404245 -0.501831 -0.007393204 0.8649341 -0.5590297 -0.002587658 0.8291436 -0.2552989 -0.005219563 0.9668481 -0.3715038 -0.001332092 0.9284305 -0.4713444 -2.187519e-08 0.8819492 0.5721958 -0.001044216 0.8201164 0.5007187 -0.009156763 0.8655617 0.7078088 -0.00623103 0.7063766 0.8844475 -0.001215392 0.4666381 0.8289628 3.847233e-08 0.5593038 0.866341 -0.005459929 0.4994231 0.7500923 -0.0006935808 0.6613327 0.6666343 3.093863e-08 0.7453849 0.9232767 -0.0181672 0.3837057 0.9997534 -0.0157606 0.01564204 0.9999302 -0.009405353 0.00714497 0.9914966 -0.004789096 -0.1300445 0.9654686 -0.01659741 -0.2599901 0.9639542 4.473731e-08 -0.2660681 0.919162 -0.003226932 -0.3938665 0.8639226 -0.009642413 -0.5035323 0.8992381 4.173382e-08 -0.4374595 0.7078089 -0.00623103 -0.7063765 0.7500924 -0.0006935808 -0.6613327 0.8406301 3.901381e-08 -0.5416097 0.5007188 -0.009156763 -0.8655616 0.5721959 -0.001044216 -0.8201163 0.6666344 3.093864e-08 -0.7453849 0.2552989 -0.005219539 -0.9668481 0.3715038 -0.001332057 -0.9284305 0.4760371 2.209298e-08 -0.8794252 0.476037 2.209298e-08 0.8794252 0.3715037 -0.001332057 0.9284305 0.2552988 -0.005219539 0.9668481 0.2221347 1.030931e-08 0.975016 -5.411358e-08 -2.511422e-15 1 -5.411357e-08 -2.511422e-15 1 -0.2221348 -1.030932e-08 0.975016 -0.4713443 -2.187519e-08 -0.8819493 -0.3715037 -0.001332092 -0.9284305 -0.2552988 -0.005219563 -0.9668481 -0.2221347 -1.030931e-08 -0.975016 5.411358e-08 2.511422e-15 -1 5.411358e-08 2.511422e-15 -1 0.2221348 1.030932e-08 -0.975016 4.641021e-08 -1 -1.694567e-15 4.641021e-08 -1 -2.150526e-16 4.641021e-08 -1 -3.019427e-15 4.641021e-08 -1 -1.183468e-15 4.641021e-08 -1 3.042754e-15 4.641021e-08 -1 6.550447e-16 4.641021e-08 -1 2.342128e-15 4.641021e-08 -1 4.401655e-16 4.641021e-08 -1 -1.85191e-15 4.641021e-08 -1 -5.809455e-16 4.641021e-08 -1 -3.050365e-17 4.641021e-08 -1 -7.208256e-16 4.641021e-08 -1 4.270203e-16 4.641021e-08 -1 -1.033144e-15 4.641021e-08 -1 -1.401693e-15 4.641021e-08 -1 -1.252473e-15 4.641021e-08 -1 -5.71976e-16 4.641021e-08 -1 -4.329517e-17 4.641021e-08 -1 -2.470837e-16 4.641021e-08 -1 -2.37434e-16 4.641021e-08 -1 -4.295201e-16 4.641021e-08 -1 -3.202755e-16 4.641021e-08 -1 -2.350034e-16 4.641021e-08 -1 4.806835e-16 4.641021e-08 -1 2.358597e-15 4.641021e-08 -1 4.370655e-16 4.641021e-08 -1 -1.385087e-15 4.641021e-08 -1 -4.975807e-16 4.641021e-08 -1 -9.21254e-16 4.641021e-08 -1 2.959327e-16 4.641021e-08 -1 -2.775174e-16 4.641021e-08 -1 -8.028565e-17 4.641021e-08 -1 2.232779e-15 4.641021e-08 -1 7.02965e-17 4.641021e-08 -1 -1.476937e-15 4.641021e-08 -1 -9.51988e-16 4.641021e-08 -1 -6.076248e-18 4.641021e-08 -1 1.538561e-15 4.641021e-08 -1 7.984075e-16 4.641021e-08 -1 -2.091106e-16 4.641021e-08 -1 -8.388039e-17 4.641021e-08 -1 2.503665e-16 4.641021e-08 -1 1.067947e-15 4.641021e-08 -1 1.33559e-15 4.641021e-08 -1 7.808269e-16 4.641021e-08 -1 5.497768e-16 4.64102e-08 -1 -6.672887e-16 4.641021e-08 -1 -6.362956e-17 5.4471e-09 0.7071068 -0.7071068 5.447106e-09 0.7071068 -0.7071068 5.447101e-09 0.7071068 -0.7071068 5.447104e-09 0.7071068 -0.7071068 5.447104e-09 0.7071068 -0.7071068 5.447098e-09 0.7071068 -0.7071068 5.4471e-09 0.7071068 -0.7071068 5.447101e-09 0.7071068 -0.7071068 5.447095e-09 0.7071068 -0.7071068 5.447092e-09 0.7071068 -0.7071068 5.447111e-09 0.7071068 -0.7071068 5.447094e-09 0.7071068 -0.7071068 4.641021e-08 -1 -3.40451e-17 4.641018e-08 -1 -6.293264e-16 4.641019e-08 -1 -2.919162e-16 4.641021e-08 -1 -7.61641e-16 4.641021e-08 -1 -4.869368e-16 4.641021e-08 -1 8.379228e-17 4.641021e-08 -1 3.739255e-16 0.01997334 -0.9978258 -0.06280657 0.06508965 -0.9957543 -0.06508985 0.1087574 -0.9928642 -0.04891267 0.9957534 0.06509675 -0.06509686 0.9957529 0.06510078 0.06510079 0.9957528 -0.06510093 -0.06510093 0.9975833 -0.04913014 0.04912997 0.06915417 0.9952062 -0.06915478 0.07153728 0.9970626 -0.02735937 0.06545178 0.9978557 3.541832e-09 0.9957532 -0.06510043 0.06509549 0.9978579 -0.06541888 5.399766e-08 0.9960416 0.06049008 0.06513184 0.9978915 0.06490029 -0.0007343408 0.9977671 0.0208124 0.06346333 0.9984865 -0.04481323 0.03188082 0.9980995 0.02201628 0.05755567 0.9994426 -0.03338513 5.408341e-08 1 4.641021e-08 5.411357e-08 1 4.641021e-08 5.411358e-08 1 4.641021e-08 5.411357e-08 1 4.64102e-08 5.411357e-08 0.9979766 -0.0028228 0.06351881 0.9984469 0.04564231 0.0319448 0.9977661 -0.02081774 0.06347702 0.9979155 0.06452004 -0.001338248 0.9981 -0.02201379 0.05754782 1 4.64102e-08 5.411357e-08 0.9980991 -0.01119354 0.06060485 1 4.641021e-08 5.411356e-08 0.9979766 0.002822331 0.06351927 0.9980992 0.01119564 0.06060251 -4.641021e-08 1 2.114507e-15 -4.641021e-08 1 3.188646e-15 -4.641021e-08 1 2.188063e-15 -4.641021e-08 1 3.213165e-15 5.411357e-08 2.511422e-15 -1 5.411357e-08 2.766002e-15 -1 5.411357e-08 3.037371e-15 -1 5.411357e-08 3.29195e-15 -1 4.641021e-08 -1 -8.937753e-15 4.641021e-08 -1 -5.353375e-17 4.641021e-08 -1 -8.725258e-15 4.641021e-08 -1 5.839524e-16 0.7071068 3.281698e-08 -0.7071067 0.7071068 3.281698e-08 -0.7071067 0.7071068 3.281698e-08 -0.7071067 0.7071068 3.281698e-08 -0.7071067 0.7071067 -0.7071069 3.826407e-08 0.7071067 -0.7071069 3.826407e-08 0.7071078 -0.7071057 -3.93519e-06 0.7071084 -0.7071051 -3.200793e-06 0.7071099 -0.7071036 -2.214888e-06 0.7070912 -0.7071223 0.0001499316 0.7071342 -0.7070794 -8.533612e-05 0.7071196 -0.7070939 -3.197635e-05 0.7070997 -0.7071139 4.50709e-05 0.7071072 -0.7071064 3.314876e-06 0.707018 -0.7071955 -0.0003673318 0.7071082 -0.7071054 -1.866724e-05 0.7071349 -0.7070786 -0.0001934454 0.7071806 -0.707033 -0.0001622087 0.7069484 -0.7072651 0.000368676 0.7071159 -0.7070976 1.336308e-05 0.7071383 -0.7070753 -0.0001025353 0.707072 -0.7071416 0.0001376678 0.7071158 -0.7070977 2.075689e-05 0.7071963 -0.7070172 -0.0001603848 0.7073825 -0.7068307 -0.0005408114 0.7074018 -0.7068114 -0.0005801265 -0.7071067 -3.281697e-08 -0.7071068 -0.7071067 -3.281697e-08 -0.7071068 -0.7071067 -3.281697e-08 -0.7071068 -0.7071067 -3.281697e-08 -0.7071068 -0.7071067 -0.7071068 -3.552423e-07 -0.7070534 -0.7071602 -3.826119e-08 -0.7071044 -0.7071091 -3.272138e-06 -0.7071067 -0.7071068 -3.826407e-08 -0.7071067 -0.7071068 -3.826407e-08 -0.7071067 -0.7071068 -3.826407e-08 -0.7071424 -0.7070711 -4.576591e-06 0.7072339 0.7069796 -1.502609e-07 0.7072541 0.7069594 3.827205e-08 0.7071068 0.7071068 -2.429602e-08 0.7070571 0.7071564 -1.344516e-06 0.7071067 0.7071068 3.826408e-08 0.7071067 0.7071068 3.826408e-08 0.7071067 0.7071068 3.826408e-08 0.7070925 0.707121 -2.344665e-06 0.7071336 0.70708 1.035437e-06 0.7071068 3.281698e-08 -0.7071067 0.7071068 3.281698e-08 -0.7071067 0.7071068 3.281698e-08 -0.7071067 0.7071068 3.281698e-08 -0.7071067 -0.7071068 0.7071067 -3.826407e-08 -0.7071023 0.7071113 1.147748e-06 -0.7071068 0.7071067 1.666885e-07 -0.707096 0.7071176 2.129998e-06 -0.7070866 0.7071269 6.762114e-07 -0.7070922 0.7071213 8.262046e-07 -0.7072953 0.7069182 3.016442e-08 -0.7073135 0.7069 -3.827526e-08 -0.7071097 0.7071039 8.890936e-07 -0.7071315 0.707082 -7.766722e-07 -0.7071067 -3.281697e-08 -0.7071068 -0.7071067 -3.281697e-08 -0.7071068 -0.7071067 -3.281697e-08 -0.7071068 -0.7071067 -3.281697e-08 -0.7071068 0.7002058 0.05807 0.7115755 0.7160621 -0.05720798 0.6956883 0.694615 0.04557041 0.7179368 0.723261 -0.04333942 0.6892134 0.727583 -0.0308066 0.6853276 0.7325005 0.0653318 0.6776243 0.7290956 -0.05622152 0.6820988 0.7045476 0.06448644 0.7067207 0.7077724 -0.06343704 0.7035865 0.7081972 -0.06758603 0.7027723 0.7300351 -0.01962482 0.6831278 0.7313387 -0.009526005 0.6819479 0.6901435 0.03331711 0.7229052 0.7308362 -0.002367342 0.6825487 0.7172534 0.05488812 0.6946473 4.641021e-08 -1 -1.169468e-16 4.641021e-08 -1 2.376177e-16 4.641021e-08 -1 3.582079e-16 4.641021e-08 -1 6.920611e-16 4.64102e-08 -1 3.015833e-16 -1 -4.64102e-08 -5.411357e-08 -1 -4.64102e-08 -5.411357e-08 -1 -4.64102e-08 -5.411357e-08 -1 -4.64102e-08 -5.411357e-08 0.7314333 0.009744407 0.6818433 0.7302007 0.01999129 0.6829402 0.6920268 -0.03764045 0.7208898 0.7277485 0.03135498 0.6851269 0.6974007 -0.04973814 0.7149534 0.7308691 0.002434556 0.6825133 0.688963 -0.0284021 0.7242398 0.7165606 -0.05236561 0.6955565 0.7233515 0.0441541 0.6890667 0.7160092 0.05819229 0.6956611 0.7028796 -0.06270806 0.7085393 0.7109379 0.06601969 0.7001491 0.732496 -0.0653207 0.6776303 0.7111612 0.05572343 0.7008171 0.7334386 0.0561768 0.6774304 0.7073264 -3.903791e-05 -0.7068871 0.7071012 1.775882e-06 -0.7071123 0.7071066 -2.247479e-07 -0.707107 0.7071619 -1.698207e-05 -0.7070517 0.69952 -0.03291553 -0.7138546 0.706478 -0.03511255 -0.7068635 0.7071068 3.281697e-08 -0.7071067 0.7071068 3.281696e-08 -0.7071067 0.7071039 -9.387779e-06 -0.7071097 0.7071059 -6.203899e-06 -0.7071077 0.7071126 1.314312e-05 -0.707101 0.7073946 -1.998403e-05 -0.7068189 0.7070744 3.539044e-06 -0.7071391 0.7071839 -6.45851e-06 -0.7070297 0.7071088 1.563783e-06 -0.7071047 0.7071066 3.281696e-08 -0.707107 0.7071064 -3.109219e-07 -0.7071072 0.7071067 -4.074598e-08 -0.7071069 0.7071068 3.281698e-08 -0.7071067 0.7070984 2.956846e-06 -0.7071152 0.7071354 -5.549863e-06 -0.7070782 0.7071033 1.100119e-06 -0.7071102 0.7071264 -3.909122e-06 -0.7070871 0.7071068 3.281698e-08 -0.7071067 0.7070346 -2.82353e-05 -0.7071789 0.7071069 -2.930789e-07 -0.7071067 0.7071054 -1.000107e-06 -0.7071081 0.7070264 5.106604e-06 -0.7071872 0.7071068 3.281697e-08 -0.7071067 0.7071068 3.281697e-08 -0.7071067 0.7498468 0.03109081 -0.6608806 0.7067461 0.03201002 -0.7067428 0.7349685 -4.226532e-08 -0.6781013 0.7071071 -5.009746e-07 -0.7071065 0.7071131 -8.320581e-06 -0.7071004 0.7071069 1.827112e-06 -0.7071067 0.707101 8.840187e-06 -0.7071125 0.7071065 -2.974069e-07 -0.7071071 0.7071067 -5.790601e-07 -0.7071068 0.7071067 -5.187106e-07 -0.7071069 0.1273426 0.9916106 -0.02218642 0.1697459 0.9853399 0.01707926 0.2255232 0.9725631 0.05709955 0.2571289 0.9663733 -0.002698082 0.3464455 0.9356681 0.0670871 0.5001495 0.8659253 -0.004874016 0.4579548 0.886437 0.06713361 0.5622229 0.824283 0.06680566 0.7072599 0.7069412 -0.004186153 0.6574436 0.7505308 0.06686825 0.7438484 0.6650197 0.06662076 0.8662015 0.4996843 -0.003269863 0.8190612 0.5698576 0.0663406 0.882211 0.4662054 0.06600209 0.9660346 0.2584043 -0.00211437 0.9686533 0.2396528 0.06540066 0.9323136 0.3556367 0.06568051 -0.1249649 -0.9891659 0.07703614 -0.1021983 -0.9943892 0.02730569 -0.234897 -0.9701169 0.06080037 -0.342907 -0.9336092 0.1038686 -0.9921635 0.1249455 0.0003994656 -0.9636993 0.2581586 0.06810108 -0.8635727 0.4997678 0.06689105 -0.9297713 0.3681374 0.0004384491 -0.9686888 0.2482782 -5.241922e-08 -0.7200115 0.6939086 0.008618004 -0.8064096 0.591337 0.004909926 -0.8757872 0.4826974 -4.739198e-08 -0.7056126 0.7056046 0.06506093 -0.4989352 0.8641945 0.06504994 -0.5516476 0.8340773 -2.985162e-08 -0.2582677 0.9638803 0.06505861 -0.3206544 0.9471963 -1.735175e-08 0.9638818 -0.258268 0.06503457 0.9659255 -0.2588201 5.226968e-08 0.864192 -0.4989424 0.06502847 0.8660278 -0.4999959 4.686386e-08 0.7055895 -0.7056288 0.06504994 0.7070853 -0.7071282 3.826291e-08 0.4989267 -0.8642004 0.06503689 0.4999823 -0.8660356 2.705583e-08 0.2583013 -0.9638721 0.06504596 0.2588662 -0.9659132 1.400817e-08 0.2572248 -0.9640533 -0.06660812 0.4997734 -0.8635698 -0.06688567 0.3681333 -0.9297729 -0.0004386843 0.24211 -0.970221 -0.007350468 0.1284027 -0.9916964 -0.007142678 0.06540521 -0.9978588 3.539308e-09 0.6939197 -0.7200008 -0.008619118 0.5913507 -0.8063996 -0.004910461 0.4827204 -0.8757745 2.612172e-08 0.7056139 -0.7056046 -0.0650476 0.8641898 -0.4989433 -0.0650508 0.8340747 -0.5516515 4.513476e-08 0.9638784 -0.2582769 -0.06504973 0.9471935 -0.3206624 5.125603e-08 0.2582605 0.963882 0.06506161 0.2582677 0.9638803 -0.06505886 0.4989496 0.8641858 0.06505514 0.4989476 0.8641868 -0.06505768 0.705617 0.7056008 0.06505453 0.7056163 0.7056016 -0.06505372 0.8641906 0.4989416 0.06505309 0.8641921 0.4989388 -0.06505436 0.9638782 0.2582776 0.06505001 0.9638767 0.2582836 -0.06504818 0.07343333 0.9970293 0.02323999 0.05580543 0.998296 0.01705443 0.1418813 0.9896832 -0.01992245 0.7012556 0.1252059 -0.7018291 0.7370013 0.1490287 -0.6592568 0.6841213 0.2482623 -0.6858162 0.6942024 0.2083404 -0.6889683 0.6554 0.3681195 -0.6594989 0.7049641 0.3459058 -0.6191726 0.6180727 0.4798397 -0.6226877 0.5621471 0.6302185 -0.5355514 0.5027261 0.7377007 -0.4506263 0.5029856 0.6968969 -0.5112144 0.611614 0.5685548 -0.550158 0.5684421 0.5904673 -0.5729066 0.4267681 0.8025991 -0.4167778 0.4231259 0.8410703 -0.3369943 0.3897504 0.8337077 -0.3911854 0.2269442 0.9468099 -0.228139 0.1854176 0.965735 -0.1815935 0.2913091 0.923024 -0.251328 0.09229942 -0.9914444 -0.09229751 0.229824 -0.9451544 -0.2320866 0.6724469 -0.1535267 -0.7240474 0.6952426 -0.1764861 -0.6967714 0.680498 -0.2742224 -0.6795031 0.6459485 -0.3231303 -0.6916194 0.6393516 -0.4244954 -0.6411187 0.6241436 -0.471763 -0.6228036 0.5872738 -0.510221 -0.6283183 0.5393325 -0.6452485 -0.5410867 0.5232111 -0.6743235 -0.5210931 0.4817215 -0.7054502 -0.5198889 0.4000315 -0.8235016 -0.4022684 0.3513753 -0.8508999 -0.3905186 0.3149962 -0.8819548 -0.3506182 0.1441542 -0.9684237 -0.2034087 0.1240182 -0.9795318 -0.1585465 0.8193884 -0.05327541 0.5707578 0.7735189 -0.05669176 0.6312326 0.847053 0.06805394 0.5271336 0.8081956 0.0714693 0.5845614 0.9200125 0.06387588 0.3866483 0.8949498 -0.04431663 0.4439604 0.8881273 0.06452948 0.4550449 0.8531011 -0.04576286 0.5197348 0.8352106 -0.05074924 0.5475836 0.9477165 0.06371323 0.3126886 0.9360888 -0.03960255 0.3495275 0.915908 -0.04751784 0.3985657 0.9974889 0.03022559 0.06404859 0.99571 -0.03296336 0.08645788 0.9834378 0.06355248 0.1697387 0.9845985 -0.03487404 0.1713173 0.9690357 0.06390835 0.238507 0.9758529 -0.03934153 0.2148565 0.9659675 -0.03853201 0.2557775 0.9974311 -0.0327254 0.06371945 0.9976185 0.03366692 0.06019934 0.9200991 -0.06363417 0.386482 0.9352657 0.04034723 0.3516393 0.9476594 -0.06333362 0.3129384 0.9645723 0.03724974 0.2611758 0.9691151 -0.06338948 0.2383225 0.9744983 0.03784412 0.2211805 0.9833038 -0.06561924 0.1697285 0.9819929 0.03934299 0.1847756 0.9913367 0.03696361 0.1260368 0.8879357 -0.06449242 0.4554238 0.8976056 0.04416928 0.438581 0.9163482 0.0456249 0.3977742 0.8075519 -0.06900018 0.5857464 0.7854997 0.05435749 0.6164702 0.8479148 -0.0670002 0.5258816 0.8172828 0.0603852 0.5730641 0.8445942 0.05324765 0.5327526 0.2265281 -0.973937 -0.01147705 0.1089135 -0.99371 0.02604471 0.1151779 -0.9928762 0.03050893 0.2081385 -0.9753738 0.07296784 0.4439608 -0.8957725 -0.02214673 0.2914777 -0.9548942 0.05672527 0.3929546 -0.9188112 0.03704983 0.7786937 -0.6257621 0.04536433 0.7707462 -0.6371411 -0.001238658 0.7525795 -0.6585011 -0.0005393165 0.7337261 -0.6794454 2.638879e-06 0.7580362 -0.6522116 0.0010793 0.7521508 -0.6589908 0.0006115374 0.7704319 -0.6375207 0.001431652 0.7415202 -0.6709111 0.00510737 0.7222396 -0.6915673 0.01022375 0.5813458 -0.8132638 0.02527874 0.6431157 -0.7655826 0.01689879 0.6382907 -0.7691486 -0.03155167 0.6518196 -0.7583343 0.007769409 0.6958176 -0.7180296 0.01647202 0.4666164 -0.883846 0.03294524 0.4881563 -0.872109 0.03360389 0.5130698 -0.8578764 0.02841606 0.448187 0.7694823 -0.4550004 0.3661706 0.8965369 -0.2492805 0.3369328 0.8845092 -0.322676 0.2058627 0.9747862 -0.08609522 0.2129306 0.9682592 -0.1308997 -0.2229469 0.7707637 -0.59684 -0.2358947 0.7591619 -0.6066522 -0.2085643 0.7553157 -0.6212883 -0.1832534 0.9803483 -0.07304343 -0.1676012 0.9833748 -0.06988489 -0.1704538 0.9827208 -0.07214816 -0.1901931 0.9800302 -0.05803017 -0.1958911 0.978524 -0.06416693 -0.2492436 0.9476833 -0.1994341 -0.2396405 0.9492658 -0.2036342 -0.2633095 0.9394939 -0.2191333 -0.2636942 0.9432818 -0.2017047 -0.2694459 0.9413281 -0.2032249 -0.2644932 0.941428 -0.209181 -0.2621368 0.9386669 -0.2240283 -0.1677803 0.9822657 -0.08368918 -0.09921653 0.9806352 -0.1688511 -0.1013089 0.9918557 -0.07719342 -0.06228126 0.9979322 -0.01588312 -0.09315329 0.9950011 -0.03599029 -0.1514418 0.986792 -0.05750508 -0.02326375 0.9997115 -0.005978719 -0.0443239 0.9989737 -0.009327692 -0.04671447 0.998879 -0.007653105 -0.05379664 0.9985407 -0.004724981 -0.05346794 0.9985545 -0.00549058 -0.011595 0.9999319 -0.001322825 -0.0005040355 -0.9999999 -5.709688e-05 -0.0111017 0.9999378 -0.001027602 -0.01490664 0.9998889 -0.0001191165 -0.2628707 0.7881961 -0.5564583 -0.2595865 0.7718664 -0.5803767 -0.2814294 0.9400167 -0.1927852 -0.2724099 0.9347843 -0.2279719 -0.2849465 0.9150068 -0.2856012 -0.3021367 0.9122465 -0.2766219 -0.2964851 0.8803414 -0.3702641 -0.3019856 0.8715942 -0.3861713 -0.2879355 0.8409308 -0.4581796 -0.3136509 0.8359925 -0.4502662 -0.2868362 0.8370767 -0.4658622 -0.2935675 0.8281589 -0.477463 -0.2888302 0.7843636 -0.5489544 -0.2355347 0.7454025 -0.6236173 -0.2349459 0.7266921 -0.6455378 -0.1811467 0.7332793 -0.6553528 -0.1592197 0.6985073 -0.6976651 -0.1003362 0.7106401 -0.6963643 -0.05172064 0.69702 -0.7151839 -0.09525982 0.674792 -0.7318342 0.01752007 0.6846978 -0.7286164 -0.1403091 0.6823345 -0.7174489 0.07593327 0.6832851 -0.7261926 0.1320096 0.6765448 -0.7244726 0.3004873 0.8277681 -0.4738221 0.2589956 0.8055411 -0.5329397 0.3595805 0.7534464 -0.5504729 0.2740307 0.771414 -0.5743063 0.2696483 0.7320733 -0.6255865 0.1844091 0.8096322 -0.5572153 0.1769408 0.7004563 -0.6914137 0.2684083 0.9183834 -0.2907387 0.2976916 0.900162 -0.3179436 0.3314259 0.8552679 -0.3983386 0.2277457 0.9394572 -0.2560312 0.235581 0.9559944 -0.1748608 0.1158795 0.9825029 -0.1458082 0.04353455 0.9944119 -0.09617561 0.08036158 0.9824117 -0.1685503 0.4328604 0.8973395 -0.08610324 0.4442346 0.8956582 -0.02125875 0.2261063 0.9740437 -0.01071395 0.6383699 0.769099 -0.03115472 0.6242239 0.7713154 -0.1241657 0.5880068 0.7713146 -0.2435607 0.5291934 0.7713153 -0.3535917 0.4077463 0.8973393 -0.1688937 0.2185973 0.9748459 -0.04348239 0.6956261 0.6867147 -0.211015 0.4611621 0.6867124 -0.5619213 0.03120995 0.639539 0.7681248 -0.1108457 0.6542581 0.748104 -0.02164787 0.6543237 0.7559047 -0.1275952 0.6451435 0.7533322 -0.1335877 0.6007961 0.7881614 0.1981248 0.6364507 0.7454375 0.1329872 0.6466677 0.7510894 -0.09516206 0.6625541 0.7429443 0.3117225 0.6258999 0.7148975 0.7785412 0.6259615 0.04522995 0.7758383 0.6244909 0.08992251 0.7590016 0.6259742 0.1790888 0.7151633 0.6487673 0.2600817 0.7373495 0.6240948 0.2584982 0.7011593 0.6258234 0.3416441 0.6540854 0.6243641 0.4270149 0.5991662 0.6258796 0.4992741 0.5249065 0.6250568 0.5777345 0.4537749 0.6261037 0.6340997 0.3931707 0.6243725 0.6749636 0.1523206 0.9882748 0.01055368 0.7706262 0.6372852 0.001668568 0.8077404 0.5895218 0.004427795 0.8443942 0.5356335 0.009755198 0.7285699 0.6849382 0.006753629 0.7138302 0.7002435 0.01026555 0.7517045 0.6594998 0.0005943329 0.7338263 0.6793372 2.503187e-06 0.7708235 0.6370481 -0.0009105746 0.7522043 0.6589297 -0.0005260588 0.4082617 0.9120908 0.03758674 0.3237916 0.9454853 0.03488005 0.270282 0.9610713 0.05735428 0.2011905 0.9773313 0.06592307 0.6857031 0.7277765 0.01235345 0.6301222 0.776496 -0.0001533349 0.6403073 0.7678615 0.01988271 0.5819656 0.8128465 0.02442608 0.5101344 0.859602 0.02910688 0.4626239 0.8856768 0.03944186 -0.1108142 -0.6538451 0.7484697 -0.02388016 -0.6345935 0.7724771 0.02358847 -0.649613 0.759899 0.1305512 -0.6477221 0.7506081 0.1981516 -0.6363308 0.7455327 -0.1272463 -0.6451223 0.7534093 -0.01319715 -0.6996084 0.7144046 -0.1358375 -0.6011065 0.78754 0.768894 -0.6321487 0.09586485 0.7151258 -0.6488456 0.2599894 0.7532955 -0.6348606 0.1717497 0.5241108 -0.625719 0.5777401 0.5992451 -0.6257516 0.4993398 0.6541657 -0.6242443 0.4270672 0.7012521 -0.6256947 0.3416893 0.7374433 -0.6239642 0.2585462 0.31267 -0.6284215 0.7122668 0.390176 -0.6270317 0.6742358 0.4539781 -0.6266827 0.633382 0.2185099 -0.9748543 -0.04373264 0.2692585 -0.9071066 -0.323508 0.2832009 -0.9191996 -0.2736226 0.3381041 -0.8814669 -0.3296994 0.103466 -0.9902428 -0.09334916 0.2098996 -0.9692935 -0.1281103 0.09683409 -0.9799414 -0.1741782 0.1902241 -0.9785376 -0.07923971 0.2454633 -0.9417482 -0.2299089 0.3662123 -0.8948762 -0.2551178 0.1625681 -0.7086807 -0.6865445 0.2064983 -0.7561171 -0.6210036 0.2680823 -0.7258869 -0.6334194 0.2519701 -0.7783625 -0.5750329 0.360157 -0.7534446 -0.5500983 0.244269 -0.8238098 -0.5115369 0.3044171 -0.8250858 -0.475987 0.4462412 -0.7679133 -0.4595411 0.3030612 -0.8448897 -0.4408121 0.3014566 -0.9043757 -0.3020406 0.1137494 -0.6917845 -0.7130886 0.04388285 -0.6751898 -0.7363376 -0.02400712 -0.6757307 -0.7367576 -0.1004949 -0.6677069 -0.7376098 -0.09564144 -0.6774514 -0.7293231 -0.08968216 -0.6940999 -0.7142706 -0.1429908 -0.7008904 -0.6987891 -0.1426581 -0.7065626 -0.6931219 -0.1791941 -0.7066322 -0.6845147 -0.1845255 -0.71171 -0.6778047 -0.1768572 -0.7294562 -0.6607686 -0.2480784 -0.7612762 -0.5990957 -0.1841101 -0.8166548 -0.546972 -0.2506698 -0.762777 -0.5961006 -0.2664392 -0.7648753 -0.5864946 -0.2640282 -0.7621783 -0.5910782 -0.2604113 -0.7621723 -0.5926883 -0.2588094 -0.7669822 -0.5871593 -0.2911362 -0.8310258 -0.4739576 -0.3205981 -0.8349962 -0.4472117 -0.3036253 -0.8425211 -0.4449381 -0.3016242 -0.8526136 -0.4267001 -0.2819695 -0.8412363 -0.4613184 -0.2793193 -0.8402477 -0.4647199 -0.2830664 -0.8429203 -0.4575575 -0.2818912 -0.9589439 0.03104659 -0.2823177 -0.9570216 0.06637976 -0.2827019 -0.9569026 0.06646111 -0.2825958 -0.9569516 0.06620682 -0.2497394 -0.937687 -0.2416056 -0.2379018 -0.9466415 -0.2174226 -0.2789494 -0.9586265 0.05676751 -0.2826048 -0.956918 0.06665116 -0.2498831 -0.9378584 -0.2407905 -0.2057843 -0.964713 -0.1642613 -0.1938756 -0.9768295 -0.0906444 -0.2196064 -0.9755814 -0.003748663 -0.1921664 -0.977178 -0.09052723 -0.1921764 -0.9771761 -0.09052716 -0.1927516 -0.9769918 -0.09129016 -0.1130008 -0.9816746 -0.1534465 -0.1608345 -0.9826495 -0.0923697 -0.08388229 -0.9879121 -0.1303588 -0.1289472 -0.9909326 -0.03775135 -0.0350066 -0.9951301 -0.09214416 -0.01095533 -0.99994 -6.645984e-05 -0.0100793 -0.9999487 -0.001012443 -0.0379853 -0.9992725 -0.003408283 -0.05327146 -0.9985801 -0.0001627956 -0.04721554 -0.9988745 -0.004527721 -0.1124475 -0.9935571 -0.01413341 -0.09385206 -0.9952803 -0.02467473 -0.06924147 -0.9974559 -0.0169498 -0.05326607 -0.9985803 -0.000178351 -0.03436034 -0.9993817 -0.007448845 -0.02405326 -0.9996911 -0.006257133 -0.01261399 -0.999919 0.001677477 0.4581633 -0.686721 -0.5643586 0.5279124 -0.7713411 -0.3554454 0.2068656 -0.9740962 -0.09134133 0.4073657 -0.8973299 -0.1698594 0.587403 -0.7713404 -0.2449321 0.6240486 -0.7713395 -0.124895 0.695245 -0.6867221 -0.2122432 0.4327792 -0.8973293 -0.08661587 0.9168037 0.3993364 0.001156753 0.8991723 0.4375949 4.865743e-08 0.8578086 0.5139693 0.000194992 0.1797412 0.9837128 0.001467254 0.2052672 0.9787056 0.0009042514 0.4614731 0.8871542 -0.0001276633 0.4006853 0.9162158 2.168251e-08 0.3658198 0.9306824 0.002470625 0.3432772 0.9378537 0.05090384 0.4968855 0.8678152 -0.001234899 0.6207327 0.7827052 0.04542575 0.6570527 0.7538434 -0.001359083 0.7321994 0.6810844 0.002859473 0.8108153 0.5842933 0.03434809 0.9742741 0.2253627 -0.001265702 0.9231383 0.3831885 0.03134215 0.8774603 0.4796474 0.001353165 0.7790332 0.6269823 0.0005883533 0.9814786 0.1887431 0.03279991 0.9590864 0.2831074 0.001871428 0.2129943 -0.9770296 0.006818766 0.3712284 -0.928515 0.007029058 0.4082915 -0.9128516 2.209411e-08 0.4672275 -0.8841364 0.001149464 0.9908029 -0.1353127 -0.0004132769 0.9813186 -0.1895583 0.0328849 0.962961 -0.2696396 0.000737914 0.9588342 -0.2839655 0.0007206444 0.9182631 -0.3959701 0.000768489 0.9231673 -0.3827359 0.03571146 0.8557202 -0.5174365 0.001559796 0.8761676 -0.4820065 -0.0001602794 0.7792628 -0.6266954 0.001508056 0.8093463 -0.5860376 0.0389675 0.6534712 -0.7569477 0.002358641 0.7262625 -0.6873963 -0.005402071 0.4949135 -0.8689365 -0.003168169 0.621473 -0.7822502 0.04308027 0.3434393 -0.9378253 0.05033139 0.1797018 -0.98372 0.0014634 -0.001448558 0.623566 0.7817694 0.001562436 0.6241243 0.7813235 -0.0001723254 0.4345256 0.9006595 0.07349523 0.511113 0.8563655 0.07103862 0.9279075 0.3659799 0.03750411 0.8583817 0.5116388 -0.0009466776 0.7815538 0.6238372 0.003052145 0.815634 0.5785601 0.03730774 0.6814416 0.730921 -0.000233932 0.9009703 0.4338808 -0.0001326785 0.9749106 0.2225966 0.002078646 0.9552903 0.2956621 0.02923167 0.9684635 0.2474348 0.064813 0.4400577 0.8956274 0.06536175 0.356505 0.9320043 0.0007570646 0.2224215 0.9749503 0.06553289 0.1811806 0.981264 0.064889 0.2700003 0.9606713 0.0005311527 -0.9660065 0.2585171 -0.001505604 -0.9870284 0.1605384 0.03704661 -0.9147839 0.4022412 0.001220069 -0.8660826 0.4998994 -0.002148153 -0.8842853 0.4669421 0.03698113 -0.754929 0.6547631 0.001357092 -0.7071268 0.7070855 -0.001555181 -0.705536 0.7086724 0.04562607 -0.5928776 0.803999 0.001314376 -0.4999444 0.8660565 0.06503689 -0.4892637 0.8697075 0.06548917 -0.1811245 0.9812773 0.001208682 -0.2587608 0.9659407 0.06474363 -0.2700471 0.9606679 0.06542023 -0.3565935 0.9319663 0.06508136 -0.4399546 0.8956586 0.9784884 -0.1367207 0.1544925 0.6905383 -0.7224551 0.03486467 0.7122626 -0.698376 0.07037711 0.5610859 -0.8173554 0.1308158 0.4823338 -0.8645052 0.1413677 0.3868935 -0.9044171 0.1798417 0.6037328 -0.7465183 0.2796733 0.5195805 -0.7881439 0.3299473 0.6962108 -0.5929334 0.4046239 0.6236226 -0.6292293 0.4638592 0.7554464 -0.4110479 0.5102356 0.6940918 -0.436428 0.5725095 0.7785943 -0.2095157 0.5915184 0.7272819 -0.2200751 0.6500985 0.6691968 -0.6996325 0.2503797 0.7520816 -0.552457 0.3593947 0.8046246 -0.3828343 0.4538912 0.8246553 -0.1975535 0.5300153 0.5906095 -0.7998892 0.1065721 0.7014108 -0.6795134 0.2151379 0.784928 -0.5325685 0.3166367 0.8378489 -0.3649061 0.4060208 0.8581788 -0.1829727 0.4796354 0.6542268 -0.7505398 0.09315206 0.753226 -0.6316651 0.1834385 0.8281014 -0.4924294 0.2678832 0.8763395 -0.3375424 0.3436484 0.8962437 -0.1713525 0.4091279 0.9350121 -0.156034 0.3184426 0.8000174 -0.5832776 0.1405681 0.8680481 -0.4517293 0.205993 0.9133569 -0.3082994 0.2659522 0.7524731 -0.6565521 0.05218798 0.8330784 -0.5437397 0.1016246 0.895601 -0.4191217 0.1491168 0.9386728 -0.2855411 0.1932864 0.9613824 -0.1452821 0.2337457 0.7767328 -0.6289361 0.03354723 0.8524959 -0.5185015 0.06638491 0.9120647 -0.3981809 0.09792845 0.9542971 -0.2702448 0.1276121 0.7918876 -0.6104382 0.01671159 0.864238 -0.5019887 0.03316578 0.9216706 -0.3848618 0.0490374 0.9632012 -0.261037 0.06405553 0.9880934 -0.1326541 0.07793862 0.7976469 -0.6031109 0.004077304 0.8687801 -0.4951296 0.008232231 0.9252466 -0.3791684 0.01225234 0.9663941 -0.2565625 0.01606804 0.9913249 -0.1299615 0.0196202 0.8694343 -0.4914599 0.05050897 0.9655871 -0.2539835 0.0559819 -0.04914432 -0.4893308 0.8707125 -0.1922587 -0.4793721 0.8562938 -0.2640496 -0.4574469 0.8491291 -0.2632553 -0.4948585 0.8281375 -0.2555428 -0.5163902 0.8173365 -0.210539 -0.5628698 0.7992815 -0.1527253 -0.5820324 0.7986947 -0.1353993 -0.5860506 0.7988816 -0.2627753 -0.3237621 0.9089154 -0.1919422 -0.3394756 0.9208227 -0.2373093 -0.3910051 0.889269 -0.2154505 -0.1561429 0.9639505 -0.2868128 -0.2167736 0.9331386 -0.2196413 -0.2715581 0.9370239 -0.290367 -0.2630284 0.920056 -0.1752773 -0.1472204 0.9734496 -0.05432236 -0.2540527 0.9656637 0.1519795 -0.489905 0.8584261 0.3457677 -0.4900372 0.8001926 0.520775 -0.4901545 0.6989577 0.7790891 -0.490011 0.3910364 0.6679578 -0.4900301 0.5600918 0.8482182 -0.490046 0.20095 0.1686561 -0.253253 0.9525849 0.3836502 -0.2534302 0.8880235 0.5780052 -0.2533343 0.7757137 0.7413375 -0.2530804 0.6215859 0.8646156 -0.2532165 0.43396 0.9413676 -0.2531786 0.2229968 0.9658967 0.03370631 0.2567243 0.9767714 -0.03508735 0.211392 0.9908979 0.04127645 0.1281312 0.7950202 0.009220924 0.6065129 0.8063135 -0.04618984 0.5896822 0.8674149 0.01717055 0.4972891 0.8543839 -0.04838437 0.5173848 0.924511 0.02510856 0.3803274 0.9067495 -0.05319308 0.4183012 0.9440336 -0.04360967 0.3269538 0.2607408 -0.1753734 0.9493463 0.2608045 -0.3448947 0.901681 0.1386306 -0.4736041 0.869759 0.1306671 -0.5141145 0.8477101 0.5009058 -0.4038215 0.7655204 0.3779918 -0.4216706 0.8242064 0.5032874 -0.3087527 0.8070772 0.3823442 -0.4176716 0.824235 0.2637206 -0.4427759 0.856972 0.7108801 -0.2512568 0.6569014 0.6078331 -0.352821 0.7113763 0.6085881 -0.3679251 0.7030304 0.9235408 -0.2147035 0.3177654 0.8510397 -0.214851 0.4791352 0.8693124 -0.1765725 0.4616472 0.8003147 -0.2822527 0.5289894 0.6980029 -0.3336955 0.6335924 0.9311534 -0.1508832 0.3319451 0.9678036 -0.08992156 0.2350965 0.9599325 -0.09461357 0.2637761 0.9914634 -0.06685885 0.1119382 0.5033195 -0.1569929 0.8497192 0.7109127 -0.1277672 0.691577 0.86931 -0.08979366 0.4860424 0.9678006 -0.04572622 0.2475301 0.2595362 -0.04425542 0.9647188 0.5012743 -0.03961608 0.8643811 0.7086502 -0.03224837 0.7048227 0.8674477 -0.02266204 0.4970119 0.966804 -0.01153631 0.2552585 0.289792 0.9506603 0.1107499 0.2573836 0.960397 0.1067297 0.5529282 0.8311219 0.05921791 0.476117 0.8637403 0.1651219 0.7338315 0.6792866 0.007812666 0.6998748 0.6983156 0.1501017 0.7950945 0.0368595 0.6053644 0.8649159 0.07124586 0.4968345 0.91927 0.1043187 0.3795528 0.9572292 0.135488 0.2556469 0.9782227 0.1640003 0.1272175 0.7897308 0.07563371 0.6087732 0.852603 0.1459805 0.5017548 0.89807 0.2132905 0.3846785 0.9252187 0.2761936 0.2601681 0.9340939 0.3312503 0.1331982 0.9625922 0.2635669 0.0628398 0.8803622 0.4738159 0.02146847 0.8489246 0.5096495 0.1399445 0.7791348 0.1187179 0.615512 0.8282083 0.228435 0.5117504 0.8563619 0.3324209 0.3951464 0.8629126 0.4280416 0.2686303 0.7601802 0.1673607 0.627787 0.7852316 0.3210862 0.5294478 0.7836166 0.4635259 0.4136288 0.7554791 0.5904274 0.2839836 0.7284297 0.2205982 0.6486344 0.714007 0.4200319 0.5601492 0.665489 0.5991127 0.4451835 0.585197 0.7496337 0.3091824 0.7040266 0.2606319 0.6606191 0.652692 0.5007474 0.5685466 0.5570548 0.705988 0.4373453 0.4244334 0.8621746 0.2766068 0.3693009 0.9098334 0.1892618 0.4198396 0.8955245 0.1475482 0.4988265 0.7936873 0.3481846 0.5472454 0.7804845 0.3022687 0.6040573 0.6351239 0.4813859 0.6471551 0.6231692 0.4391474 0.6744795 0.4419846 0.5913772 0.7102055 0.4326554 0.5553535 0.711022 0.2249069 0.6662317 0.7376714 0.2191301 0.6386101 0.2607157 0.3449214 0.9016965 0.130541 0.5142081 0.8476727 0.1391916 0.4731149 0.8699356 0.2639833 0.4424693 0.8570494 0.5033298 0.308718 0.807064 0.3819209 0.4186938 0.8239126 0.3786512 0.4217742 0.8238506 0.6112655 0.3594503 0.7050886 0.7109333 0.2512582 0.6568433 0.6081343 0.3685334 0.7031044 0.5012429 0.4038236 0.7652986 0.8600747 0.232465 0.4541272 0.8693119 0.1765918 0.4616407 0.7981159 0.285222 0.530716 0.6972619 0.3343075 0.6340855 0.2595313 0.04425556 0.9647201 0.2607216 0.1753853 0.9493494 0.5012751 0.03962176 0.8643804 0.503327 0.1569771 0.8497176 0.7086505 0.03225064 0.7048223 0.7109281 0.1277587 0.6915627 0.8674476 0.0226639 0.4970121 0.8693118 0.08978596 0.4860406 0.9668044 0.01153656 0.2552572 0.9678004 0.0457252 0.2475309 0.967799 0.08993562 0.23511 0.9236802 0.2145436 0.3174679 0.929417 0.1565327 0.3341878 0.9671212 0.05390729 0.2485367 0.9859355 0.03586981 0.1632316 0.9908614 -0.04040607 0.12869 0.9934532 0.03788672 0.1077748 0.9801825 -0.03701791 0.1946074 0.9659304 -0.03249838 0.2567533 0.9763772 0.0369451 0.2128911 0.9246961 -0.02507063 0.3798796 0.8537676 0.04894496 0.5183486 0.8669335 -0.01730911 0.4981233 0.907003 0.0543741 0.4175991 0.9445769 0.05502544 0.3236458 0.8065973 0.04559711 0.58934 0.7950846 -0.00862268 0.6064373 0.8314574 -0.01240701 0.5554499 0.7903197 0.2055815 0.577175 0.898693 0.1705288 0.4040679 0.96035 0.1452616 0.2379643 0.7952331 0.6061832 0.01209833 0.7978794 0.602811 0.00271889 0.8669894 0.4977784 0.02336852 0.8689342 0.4949013 0.005099442 0.9237157 0.3815554 0.03412948 0.9255747 0.3784915 0.007457397 0.9648953 0.258864 0.04434431 0.9665701 0.2562187 0.009705151 0.9898676 0.1313856 0.05385163 0.9915368 0.129292 0.01176638 0.7852731 0.6186797 0.02411603 0.8594989 0.5088888 0.04789388 0.9182542 0.3895922 0.0709027 0.9601643 0.2636836 0.09249615 0.984744 0.1328227 0.1124157 0.7760457 0.6295194 0.03818719 0.8513795 0.5193608 0.07360324 0.9105613 0.3991115 0.1076478 0.952248 0.2715658 0.1395554 0.9758211 0.1386902 0.1689324 0.9375106 0.2863133 0.1977335 0.8940891 0.4210292 0.1527713 0.8309345 0.5465004 0.1043318 0.749088 0.6604687 0.05146123 0.7013977 0.7118658 0.03589512 0.9343035 0.1560377 0.3205139 0.9131513 0.3077316 0.2673126 0.8782968 0.3352621 0.3408726 0.8677714 0.4517106 0.2071962 0.8303159 0.489632 0.2661505 0.7998575 0.5831704 0.1419167 0.7562722 0.6280811 0.1832114 0.7095794 0.7007319 0.07397243 0.658158 0.7469598 0.09422878 0.8498666 0.1872415 0.4926129 0.8300441 0.3681091 0.4189542 0.7777548 0.5354002 0.3293084 0.6955284 0.6816367 0.2271818 0.5867274 0.8019442 0.1124118 0.4967859 0.8562862 0.1413425 0.6192497 0.7358148 0.2740554 0.7097656 0.5831719 0.3951498 0.7675524 0.4035946 0.4979705 0.9655982 0.2539416 0.05597963 0.8693588 0.491594 0.05050324 0.3888938 -0.8669618 0.3116711 0.2261356 -0.9656748 0.1278079 0.4731974 -0.8665905 0.1584463 0.3101464 -0.9323367 0.1858965 0.528167 -0.7099401 0.465859 0.5878654 -0.7478713 0.3083875 0.631999 -0.5043086 0.5884303 0.6674675 -0.5973145 0.4446376 0.693107 -0.2638503 0.6708097 0.7153171 -0.4180867 0.5599329 0.7289779 -0.218583 0.6487007 0.5528538 -0.8311886 0.05897562 0.6999559 -0.6996291 0.1434603 0.756108 -0.6531798 0.04070423 0.8467693 -0.514735 0.1342745 0.8894107 -0.4545881 0.04794144 0.9342406 -0.3333172 0.1268626 0.9783538 -0.1639683 0.1262463 0.7574074 -0.5883123 0.2832361 0.8640991 -0.4257973 0.2683831 0.9258955 -0.2741011 0.2599731 0.9576185 -0.1332686 0.2553552 0.7849814 -0.4616119 0.4131811 0.857181 -0.3304812 0.3949973 0.8984569 -0.2115176 0.3847539 0.9194212 -0.1026856 0.3796318 0.7860212 -0.3191797 0.5294289 0.8286126 -0.226838 0.5118063 0.8527345 -0.1446007 0.5019308 0.8649257 -0.06996087 0.497 0.9605265 -0.265547 0.08290758 0.7603685 -0.1657074 0.6279974 0.7790439 -0.117391 0.6158815 0.7895868 -0.0747071 0.6090744 0.7950463 -0.03610118 0.6054734 0.2202766 -0.9628359 0.1562857 0.383383 -0.8626847 0.3298371 0.5245504 -0.7030231 0.4802139 0.629784 -0.495633 0.598097 0.6920497 -0.2546353 0.6754466 -0.172596 0.1466489 0.9740147 -0.2659254 0.1861041 0.9458588 -0.2053851 0.1526911 0.9666966 -0.2116585 0.2651271 0.9406956 -0.05464461 0.2538011 0.9657116 -0.2428131 0.3797349 0.8926607 -0.2713681 0.3236107 0.9064411 -0.190918 0.4819314 0.8551564 -0.2584491 0.4322079 0.8639447 -0.2721509 0.4776572 0.8353308 -0.2899868 0.2741298 0.9169299 -0.2924762 0.246413 0.9239796 -0.1485154 0.5811212 0.8001508 -0.2288857 0.5512949 0.8023 -0.2612413 0.50271 0.8240362 -0.04914805 0.4894372 0.8706524 -0.1244182 0.5839428 0.8022038 0.8481462 0.4901784 0.2009308 0.7790194 0.4901342 0.3910207 0.6679093 0.4901428 0.5600511 0.5207584 0.4902889 0.6988758 0.3457325 0.490193 0.8001124 0.15193 0.490038 0.8583589 0.1686355 0.2532174 0.952598 0.3836879 0.2533411 0.8880326 0.5780346 0.2532538 0.7757181 0.7413091 0.2530649 0.6216261 0.8646337 0.2531936 0.4339374 0.9413781 0.2531257 0.2230128 0.1885051 -0.981926 0.01694759 0.2494559 -0.9675574 0.04005627 0.2769646 -0.960546 0.02533869 0.3488704 -0.936606 0.03253656 0.4887751 -0.8687725 0.07958138 0.4990739 -0.8653429 0.04590197 0.6315653 -0.7731053 0.0585958 0.6948944 -0.7098678 0.114933 0.7058366 -0.7048618 0.07046004 0.8527774 -0.5022978 0.1430653 0.8482959 -0.5238774 0.07711377 0.7553977 -0.6515721 0.06948429 0.952148 -0.2587706 0.1626404 0.9254078 -0.3676279 0.09203328 0.8973452 -0.432053 0.09000959 0.9737646 -0.2062568 0.09612786 0.956974 -0.2741168 0.09518782 0.9167159 -0.2605234 0.3029183 0.7090063 -0.2592707 0.6558115 0.7802001 -0.2603358 0.5687821 0.6353221 -0.501009 0.5876698 0.698551 -0.5026465 0.5092867 0.518029 -0.7085116 0.4792257 0.5687062 -0.7103882 0.4146346 0.3654242 -0.8672594 0.3381218 0.4000657 -0.8688289 0.2916912 0.1878315 -0.9666835 0.1739033 0.2042374 -0.9675282 0.1489169 0.8588009 -0.2604118 0.4411878 0.7688917 -0.5027823 0.394988 0.6259418 -0.7104766 0.3215894 0.4404332 -0.8688072 0.2262581 0.2248679 -0.9675176 0.1155172 0.8208031 -0.5027118 0.2712251 0.6682729 -0.7103931 0.2208008 0.4701429 -0.8688108 0.1553495 0.2400472 -0.9675157 0.07931397 0.531985 0.2360203 0.8131952 0.5704283 0.1582091 0.8059662 0.6472982 0.1630552 0.7445925 0.7272684 0.3152781 0.6096559 0.5904233 0.2923974 0.7522659 0.4907128 0.3954445 0.7764178 0.8993836 0.1715175 0.402108 0.7749887 0.1803951 0.6056815 0.687375 0.08219979 0.7216362 0.637546 0.1112826 0.7623328 0.481079 0.2917676 0.8267011 0.428151 0.3478922 0.834061 0.3729151 0.4061501 0.834252 0.3734045 0.4068412 0.8336962 0.3211871 0.4304544 0.8435329 0.2273327 0.4667813 0.8546549 0.1740184 0.5292164 0.8304502 0.119079 0.5758391 0.8088445 0.6055368 0.4989968 0.6199415 0.6792758 0.2574678 0.687237 0.6641141 0.2359818 0.7094117 0.4905949 0.7065611 0.5099883 0.5811653 0.4637824 0.6686948 0.3423762 0.8658645 0.36477 0.4631197 0.6637927 0.5872814 0.1501897 0.9314797 0.3313435 0.1710619 0.965946 0.1941293 0.1577945 0.8103166 0.5643474 0.6450296 0.1886561 0.7405037 0.553466 0.3768387 0.7427436 0.6292166 0.139414 0.7646242 0.5296006 0.2808395 0.8004076 0.3171285 0.8237488 0.4699654 0.4374461 0.5486788 0.7124552 0.3019299 0.6966256 0.6508081 0.4129385 0.4121299 0.8121765 0.2816392 0.5323062 0.7983292 0.05625008 0.602586 0.7960691 0.1444291 0.6339082 0.759803 0.0931107 0.7723262 0.628365 0.08640759 -0.846179 0.5258467 0.1465732 -0.7110902 0.6876533 0.0629442 -0.6778637 0.7324882 0.1525448 -0.5473202 0.8229038 0.6775541 -0.07362224 0.7317788 0.6260738 -0.1181981 0.7707534 0.5269897 -0.2379152 0.815891 0.567469 -0.1678081 0.8061138 0.6335977 -0.1079742 0.7660911 0.413889 -0.3517956 0.8396045 0.4745245 -0.2798144 0.834584 0.5288979 -0.2277373 0.817559 0.3099524 -0.4146719 0.8555564 0.365097 -0.3878159 0.8463469 0.290291 -0.4547444 0.8419849 0.3607453 -0.3908993 0.8467943 0.4182546 -0.3366101 0.8436568 0.215677 -0.4477754 0.8677445 0.160088 -0.510937 0.8445799 0.105813 -0.5547477 0.8252628 0.2935197 -0.5993718 0.7447144 0.4241312 -0.4669623 0.7759246 0.5395983 -0.3179134 0.7795926 0.6358325 -0.1575978 0.755566 0.6548429 -0.2069885 0.7268676 0.5687764 -0.413467 0.7110123 0.4540617 -0.5992865 0.6593054 0.3161227 -0.7552586 0.5741523 0.1545049 -0.8739335 0.4608345 0.1449089 -0.9656553 0.2156644 0.3174961 -0.8637042 0.3914222 0.4707147 -0.7040746 0.5317016 0.5919112 -0.4959393 0.6353624 0.672495 -0.2541244 0.6951052 0.1360145 -0.9324854 0.3346208 0.4905376 -0.3954496 0.7765259 0.8937805 -0.1794949 0.4110207 0.7772672 -0.1843028 0.6015715 0.7247001 -0.3167442 0.61195 0.5907077 -0.2905278 0.7527669 0.6388742 -0.1698195 0.750334 0.7801986 0.2603415 0.5687816 0.9167154 0.2605301 0.3029141 0.9732148 0.2080362 0.09784588 0.9521576 0.2594284 0.1615329 0.8527459 0.5024118 0.1428526 0.9229716 0.3737215 0.09195444 0.9560346 0.2773745 0.09519075 0.6865681 0.7238683 0.0681102 0.7394581 0.6696856 0.06872329 0.6949008 0.7098738 0.1148567 0.8409716 0.5354733 0.07768649 0.893763 0.4394329 0.08992494 0.6073966 0.7923366 0.05720157 0.4883732 0.8689539 0.08006681 0.4612638 0.8862887 0.04156988 0.3028493 0.9526485 0.02726002 0.2501985 0.9673668 0.04002766 0.2284178 0.9733369 0.02098926 0.1523689 0.9882303 0.0135904 0.8207393 0.5028234 0.2712116 0.6683164 0.7103436 0.2208284 0.470137 0.8688144 0.1553471 0.2400369 0.9675185 0.07931109 0.8588012 0.260424 0.4411801 0.7688421 0.5028953 0.3949406 0.6259983 0.7104231 0.3215977 0.4404268 0.86881 0.2262596 0.2248558 0.9675208 0.1155134 0.6984828 0.5027683 0.5092601 0.5687457 0.710331 0.4146785 0.4000643 0.8688329 0.2916812 0.2042317 0.9675307 0.1489085 0.7090174 0.2592683 0.6558004 0.6352798 0.5011199 0.5876209 0.5180646 0.7084656 0.4792552 0.3654219 0.8672592 0.3381246 0.1878179 0.9666879 0.1738937 0.540417 0.7967621 -0.2704064 0.9229862 0.03553914 0.3831884 0.8657659 0.03218003 0.4994135 0.8500355 0.1560127 0.5030902 0.3823513 0.01340976 0.9239197 0.2558114 0.008328672 0.9666908 0.2464194 0.04495671 0.96812 0.1300254 0.004554506 0.9915002 0.4849801 0.08852075 0.8700335 0.4979438 0.01728525 0.867037 0.7935955 0.02719716 0.6078376 0.6911411 0.1263683 0.7115863 0.7062936 0.02523851 0.707469 0.6081147 0.02220966 0.7935384 0.9512525 0.171268 0.2564878 0.9671973 0.03503872 0.2515982 0.9912525 0.03030471 -0.128453 0.9993582 0.03251632 -0.0150309 0.9852565 0.1709617 -0.006452479 0.9906333 0.03576739 0.1317812 0.924605 0.02575148 -0.3800559 0.9619639 0.03195495 -0.2713013 0.9500579 0.1581203 -0.2690501 0.8516544 0.1545523 -0.5007977 0.8610179 0.03029912 -0.5076712 0.7931928 0.01861292 -0.6086861 0.7646106 0.2662844 -0.58691 0.8121772 0.3466411 -0.4692634 0.6926721 0.60945 -0.385715 0.2234362 0.0998642 0.9695893 0.4419659 0.1972414 0.8750782 0.1833111 0.1501661 0.971518 0.363148 0.2967571 0.8832094 0.1300312 0.1822991 0.9746071 0.2588518 0.3612569 0.8958176 0.07084807 0.1915079 0.9789307 0.1406694 0.3816201 0.9135525 0.6310629 0.2825946 0.7224264 0.7774587 0.3506584 0.5221079 0.5200425 0.4258571 0.7404064 0.6435813 0.5297806 0.5523908 0.3730276 0.5208771 0.7678134 0.4660264 0.652323 0.5977409 0.2015301 0.5554715 0.8067447 0.2620024 0.706118 0.657839 0.8701045 0.3993093 0.2889122 0.7261684 0.6026072 0.3309743 0.5331354 0.7481577 0.3950023 0.3061797 0.817986 0.4869834 0.9061478 0.4214581 0.03562777 0.8883352 0.3996884 -0.2260746 0.7653382 0.6375691 0.08810823 0.7611426 0.6277864 -0.16293 0.5716015 0.8026898 0.1701787 0.580884 0.8113707 -0.06520294 0.3287919 0.8980994 0.2920846 0.3335315 0.9390248 0.08360131 0.3285319 0.9369047 -0.1194836 0.03654406 0.1693719 0.9848745 0.02878532 0.2771768 0.9603877 0.07348407 0.3493253 0.9341156 0.05141783 0.4509519 0.891066 0.1453117 0.5319405 0.8342205 0.0878514 0.5978671 0.7967666 0.1225161 0.6798411 0.7230532 0.130635 0.7864685 0.6036571 0.1481666 0.8485444 0.5079557 0.1433251 0.8805908 0.4516833 0.1372197 0.9310685 0.3380564 0.1557526 0.9484905 0.2758746 0.1322452 0.9790034 0.1551243 0.2035387 0.9770706 0.06248989 0.1679328 -0.1462184 -0.9748942 0.01375825 -0.07646529 -0.9969773 0.08336891 -0.105557 -0.9909124 0.04208493 -0.06397679 -0.9970636 0.08771908 -0.1486439 -0.9849926 0.2809312 -0.2179128 -0.9346613 0.1952794 -0.1696228 -0.9659679 0.214421 -0.2167657 -0.9523845 0.4498443 -0.2026204 -0.869819 0.3562149 -0.2114895 -0.9101556 0.3568223 -0.2358829 -0.903901 0.3224066 -0.2383341 -0.9161064 0.3188729 -0.3177443 -0.8929494 0.5333028 -0.2112977 -0.8191101 0.465142 -0.216388 -0.8583817 0.4536251 -0.2659886 -0.850573 0.6649048 -0.07824006 -0.7428191 0.5464697 -0.2045325 -0.812119 0.577081 -0.2016446 -0.7914019 0.5486815 -0.2013106 -0.8114325 0.5678963 -0.3239686 -0.7566625 0.00650387 -0.9680265 -0.2507635 0.00314357 -0.2591056 -0.9658439 0.02379642 -0.2454913 -0.9691067 0.08108301 -0.9526721 -0.2929872 0.2382235 -0.8567099 -0.4574906 0.3995614 -0.6908812 -0.6025229 0.05827964 -0.1979214 -0.9784838 0.5034916 -0.6571321 -0.5609578 0.5071336 -0.5055005 -0.6980578 0.1787363 -0.3016381 -0.936519 0.2621844 -0.444693 -0.8564505 0.1142728 -0.3976817 -0.9103796 0.1647448 -0.5789474 -0.7985481 0.04513947 -0.4819503 -0.875035 0.06332676 -0.686908 -0.7239801 0.005376727 -0.5018179 -0.8649566 0.00677772 -0.7100529 -0.7041157 0.6014233 -0.4493749 -0.6605696 0.4183047 -0.4120213 -0.8094811 0.3368555 -0.5729286 -0.7471822 0.2071867 -0.732852 -0.6480753 0.07713395 -0.8471234 -0.5257683 0.007156709 -0.8691738 -0.4944549 0.6464549 -0.2503088 -0.720723 0.2874846 0.0009346169 0.9577848 0.5003388 0.002517197 0.865826 0.6848145 0.00304283 0.7287111 0.8124114 -0.002093162 0.5830809 0.8807561 -0.00174044 0.473567 0.9299905 -0.002943486 0.3675718 0.9649245 -0.001527523 0.2625232 0.988856 -0.002148352 0.1488595 0.9992328 -0.00156423 0.03913148 0.9970603 -0.001327826 -0.07660939 0.9825179 -0.001647241 -0.1861606 0.954303 -0.0006241363 -0.2988401 0.9150817 -0.001591347 -0.4032653 0.8522239 0.0003428367 -0.5231771 0.05335612 0.4517127 0.8905665 0.03182743 0.2317383 0.9722574 0.05847432 0.6307971 0.7737414 0.1017636 0.797979 0.5940318 0.1236459 0.9145336 0.3851493 0.1147643 0.9788147 0.1695611 0.07797962 0.4167681 0.9056619 0.03121434 0.331354 0.94299 0.04864845 0.1992309 0.9787443 0.07087946 0.5321353 0.8436872 0.1036147 0.6080196 0.7871316 0.1030121 0.7055749 0.7011081 0.1219286 0.7698225 0.6265036 0.1014199 0.8406177 0.5320487 0.137026 0.8879085 0.4391381 0.1160421 0.9365627 0.3307333 0.148928 0.9599646 0.2372518 0.09564906 0.2554458 0.9620804 0.5442797 0.7987754 0.2563542 0.7206115 0.6442214 0.2563158 0.8544647 0.4518626 0.2563402 0.3410673 0.9049755 0.2543473 0.3097099 0.8114479 0.4956128 0.2554905 0.6646366 0.7021273 0.182544 0.4745798 0.8610759 0.9381389 0.2327588 0.2563568 0.842962 0.2091105 0.4956691 0.7678186 0.4059346 0.4956528 0.6911332 0.171493 0.7020862 0.6294689 0.3328685 0.7021164 0.4925493 0.122231 0.8616582 0.4486764 0.2371943 0.8616428 0.2602952 0.06456772 0.9633678 0.2371035 0.1253576 0.9633626 0.6474187 0.578929 0.4956714 0.5308464 0.4746119 0.7021009 0.378331 0.3382917 0.8616405 0.1998927 0.1787683 0.9633716 0.9646006 0.05846456 0.257153 0.866057 0.05261333 0.4971691 0.7089338 0.0432155 0.7039498 0.5035039 0.0308924 0.8634405 0.2634624 0.0163716 0.9645307 0.488972 0.717756 0.4957143 0.4010147 0.5884654 0.7020653 0.2857355 0.4193753 0.8616725 0.151037 0.2216227 0.9633645 0.2638093 -0.0176655 0.9644131 0.5037532 -0.03330484 0.8632053 0.7090068 -0.04656239 0.7036627 0.86596 -0.05664781 0.4968947 0.9643611 -0.06291664 0.2570003 0.2501684 -0.9337088 0.2561319 0.4833136 -0.8371428 0.2561247 0.2248056 -0.8391049 0.4953436 0.4342993 -0.7523686 0.4953036 0.1843519 -0.6882326 0.7016767 0.3562041 -0.6170382 0.7016998 0.1314795 -0.4907771 0.8613077 0.2540475 -0.4399431 0.8613419 0.06963303 -0.2597266 0.9631684 0.1344608 -0.2328128 0.9631814 0.6834896 -0.6835598 0.2561014 0.6142526 -0.6142776 0.495335 0.503786 -0.5037845 0.7017128 0.3592132 -0.3593066 0.8613157 0.1901082 -0.1901627 0.9631703 0.06291266 -0.9643573 0.2570154 0.05662107 -0.8659729 0.4968752 0.04657136 -0.709026 0.7036428 0.03324584 -0.5037511 0.8632089 0.01762615 -0.2637891 0.9644193 0.8371256 -0.483343 0.2561256 0.9337013 -0.2501683 0.2561594 0.7523345 -0.4342803 0.495372 0.8390993 -0.2247948 0.4953581 0.6170282 -0.3562516 0.7016844 0.6881983 -0.1843636 0.7017073 0.440006 -0.2539554 0.861337 0.4907574 -0.1314974 0.8613162 0.2328639 -0.1344665 0.9631683 0.2597423 -0.06962571 0.9631647 -0.01762614 -0.263789 0.9644193 -0.03322313 -0.5037323 0.8632207 -0.04656657 -0.7090422 0.7036268 -0.05662567 -0.8659703 0.4968792 -0.06288256 -0.9643511 0.2570461 -0.2328626 -0.134454 0.9631704 -0.1900779 -0.1901704 0.9631748 -0.5037862 -0.5037923 0.7017071 -0.6026075 -0.613938 0.5098474 -0.4311038 -0.7526067 0.4977275 -0.4611813 -0.841204 0.28229 -0.2458132 -0.9333947 0.2614386 -0.8213296 -0.279206 0.4974552 -0.8273658 -0.3638623 0.4278669 -0.7360674 -0.4199946 0.5308572 -0.5897638 -0.7658109 0.256344 -0.48324 -0.8530378 0.1969913 -0.3861538 -0.9092177 0.1555906 -0.5949848 -0.6696191 0.444526 -0.6320371 -0.6303936 0.4507028 -0.7438183 -0.5021992 0.441056 -0.2247853 -0.8391105 0.4953435 -0.8634503 -0.05780705 0.5011107 -0.9069309 -0.1204846 0.4036828 -0.8337671 -0.05499736 0.5493702 -0.8258382 -0.1953315 0.5289962 -0.7922155 -0.0535632 0.6078861 -0.6881982 -0.1843792 0.7017033 -0.7091341 -0.04845879 0.7034065 -0.6170156 -0.3562328 0.701705 -0.4400089 -0.2539995 0.8613225 -0.1843515 -0.688216 0.7016931 -0.3562093 -0.6170404 0.7016951 -0.4907582 -0.1314784 0.8613187 -0.504417 -0.03452788 0.8627695 -0.6076287 -0.04125346 0.7931491 -0.259739 -0.06960606 0.963167 -0.2539677 -0.439984 0.8613446 -0.3592599 -0.3592637 0.8613141 -0.134458 -0.2328254 0.9631788 -0.1315459 -0.4907699 0.8613017 -0.06964428 -0.2597331 0.9631658 -0.1305097 -0.01030377 0.9913935 -0.2635588 -0.01966235 0.9644429 -0.3825355 -0.02770251 0.9235254 -0.2076757 0.001089314 0.9781971 -0.3840933 0.0009408589 0.9232938 -0.8105434 -3.761748e-08 0.5856786 -0.7713028 0.0005691885 0.6364682 -0.6348904 8.978968e-05 0.7726022 -0.5120486 -0.002817285 0.8589519 0.06292599 0.9643654 -0.2569818 -2.660788e-08 0.9471965 -0.3206536 0.0566433 0.8659582 -0.4968983 -8.857744e-09 0.8340747 -0.5516515 0.04681638 0.709096 -0.703556 5.994534e-09 0.7016384 -0.7125332 9.452246e-06 0.5901093 -0.8073234 0.03378503 0.5037312 -0.8631996 2.498803e-08 0.4827218 -0.8757738 9.286724e-06 0.3681334 -0.929773 0.01814636 0.2638158 -0.9644024 4.089761e-08 0.248261 -0.9686932 9.23207e-06 0.1249634 -0.9921614 0.964362 0.06291446 -0.2569974 0.9336994 0.2501867 -0.2561485 0.439996 0.2540381 -0.8613177 0.2328782 0.1344629 -0.9631653 0.1901477 0.190148 -0.9631654 0.06960756 0.2597465 -0.9631649 0.2597477 0.06961066 -0.9631643 0.4907554 0.1315014 -0.8613168 0.6881839 0.1843935 -0.7017135 0.2638189 0.01766881 -0.9644104 0.3592559 0.3592517 -0.8613207 0.134464 0.2328751 -0.9631659 0.2540355 0.4399957 -0.8613186 0.1315029 0.4907532 -0.8613177 0.5037513 0.03330258 -0.8632065 0.7090024 0.04655951 -0.7036674 0.8659583 0.05663892 -0.4968987 0.6170081 0.3562192 -0.7017185 0.5037817 0.5037838 -0.7017164 0.3562237 0.6170073 -0.7017169 0.1844083 0.68817 -0.7017233 0.8390907 0.2248232 -0.4953598 0.7523119 0.4343411 -0.495353 0.6142584 0.6142579 -0.4953522 0.4343511 0.7522985 -0.4953646 0.2248383 0.8390882 -0.4953572 0.8371328 0.4833217 -0.2561421 0.6835253 0.6835055 -0.2561511 0.4833207 0.8371302 -0.2561526 0.2501889 0.933698 -0.2561515 0.2638194 -0.01766924 -0.9644103 0.5037485 -0.03329955 -0.8632083 0.7090056 -0.04655979 -0.7036642 0.8659563 -0.05663765 -0.4969022 0.9643635 -0.06291702 -0.2569914 0.06291864 -0.9643647 -0.2569863 0.2501864 -0.9336994 -0.2561487 0.254039 -0.4399965 -0.8613172 0.1344595 -0.2328807 -0.9631652 0.1901519 -0.1901445 -0.9631653 0.2597466 -0.06960751 -0.9631648 0.06960014 -0.2597469 -0.9631653 0.1314974 -0.4907535 -0.8613184 0.1843997 -0.6881806 -0.7017152 0.01766676 -0.2638178 -0.9644107 0.3592561 -0.3592543 -0.8613196 0.2328763 -0.1344607 -0.9631661 0.4399963 -0.2540332 -0.861319 0.4907526 -0.1315023 -0.8613182 0.03329629 -0.5037427 -0.8632118 0.04656532 -0.7090007 -0.7036687 0.0566389 -0.8659578 -0.4968996 0.3562257 -0.6170062 -0.7017169 0.5037832 -0.5037821 -0.7017165 0.6170046 -0.3562256 -0.7017184 0.6881858 -0.1843894 -0.7017128 0.2248322 -0.839089 -0.4953587 0.4343441 -0.7523075 -0.4953571 0.6142544 -0.6142587 -0.4953562 0.7523144 -0.4343393 -0.4953509 0.8390917 -0.2248274 -0.4953562 0.48332 -0.8371317 -0.256149 0.6835206 -0.6835137 -0.2561417 0.8371346 -0.4833189 -0.2561415 0.9337005 -0.250184 -0.256147 0.9643633 0.06291703 0.256992 0.9471933 4.395943e-08 0.3206633 0.8659574 0.05663853 0.4969002 0.8340773 3.87097e-08 0.5516476 0.7096549 0.04802386 0.7029109 0.701648 3.256363e-08 0.7125238 0.5901407 0.0003800643 0.8073003 0.5036267 0.03610835 0.8631665 0.4827172 2.240301e-08 0.8757763 0.3681374 0.0003206241 0.9297714 0.263759 0.02030493 0.9643749 0.2482275 1.152029e-08 0.9687018 0.1249487 0.0002959446 0.9921632 0.06292953 0.964367 0.2569749 0.2501862 0.9336991 0.2561502 0.2540387 0.4399971 0.8613169 0.1344586 0.2328708 0.9631677 0.1901418 0.1901417 0.9631678 0.2597382 0.06960532 0.9631673 0.06960837 0.2597394 0.9631667 0.1315045 0.4907525 0.8613179 0.1844061 0.6881768 0.7017172 0.01766818 0.2638101 0.9644128 0.3592526 0.3592568 0.86132 0.2328676 0.1344597 0.9631683 0.4399968 0.2540362 0.8613178 0.4907545 0.1315033 0.861317 0.03330188 0.5037422 0.8632119 0.04657637 0.7090014 0.7036673 0.05664265 0.8659572 0.4969001 0.3562237 0.6170075 0.7017168 0.5037869 0.5037849 0.7017118 0.6170112 0.3562261 0.7017123 0.6881906 0.1843912 0.7017076 0.2248422 0.8390885 0.4953549 0.4343474 0.7523054 0.4953573 0.6142602 0.6142553 0.4953533 0.7523163 0.4343389 0.4953483 0.8390924 0.224828 0.4953548 0.4833183 0.8371301 0.2561575 0.6835262 0.683506 0.2561474 0.8371333 0.4833186 0.2561464 0.9336992 0.2501862 0.2561498 -0.01766875 0.2638105 0.9644127 -0.03330306 0.5037427 0.8632116 -0.0465735 0.7089987 0.7036702 -0.05664169 0.8659599 0.4968956 -0.06292607 0.9643653 0.2569823 -0.8658745 0.05875968 0.4967984 -0.8757872 -4.064546e-08 0.4826974 -0.8073238 0.0002053994 0.5901087 -0.708456 0.0476671 0.7041434 -0.9297714 0.0001813246 0.3681374 -0.9642476 0.06494646 0.2569212 -0.9686888 -4.495705e-08 0.2482781 -0.9921636 0.0001711819 0.1249455 -0.7125196 -3.306818e-08 0.7016522 -0.5199168 -2.412945e-08 0.8542169 -0.503739 0.03328319 0.8632145 -0.2588112 -1.201148e-08 0.9659279 -0.2638101 0.01766823 0.9644128 -0.9336991 0.2501862 0.2561501 -0.4399992 0.25404 0.8613155 -0.2328749 0.1344656 0.9631658 -0.1901315 0.1901471 0.9631688 -0.06960537 0.2597383 0.9631672 -0.2597355 0.06958484 0.9631695 -0.49076 0.1315076 0.8613132 -0.6881808 0.1844102 0.7017122 -0.3592603 0.3592546 0.8613177 -0.1344575 0.2328671 0.9631688 -0.2540289 0.4399989 0.8613189 -0.1315015 0.4907537 0.8613177 -0.6170106 0.3562227 0.7017146 -0.5037921 0.5037826 0.7017098 -0.35623 0.6170105 0.701711 -0.1844046 0.688175 0.7017194 -0.8390885 0.2248422 0.4953548 -0.7523054 0.4343475 0.4953573 -0.6142579 0.6142595 0.4953509 -0.4343559 0.7522958 0.4953645 -0.2248422 0.8390875 0.4953566 -0.8371301 0.4833183 0.2561574 -0.6835208 0.6835052 0.2561639 -0.4833239 0.8371279 0.2561541 -0.2501824 0.9337011 0.2561466 -0.7071065 -1.367148e-06 0.707107 -0.7071182 -1.092619e-05 0.7070954 -0.7071279 -8.032098e-06 0.7070857 -0.7071068 7.434808e-08 0.7071067 -0.7071117 2.108875e-06 0.7071019 -0.7070807 -3.281576e-08 0.7071329 -0.7071277 -1.609813e-05 0.7070859 -0.7071301 -1.665123e-05 0.7070835 -0.7070693 2.603972e-05 0.7071442 -0.7071404 -6.539305e-05 0.7070732 -0.7071193 1.023294e-05 0.7070942 -0.7071164 -7.063858e-06 0.7070971 -0.7071509 -2.828007e-05 0.7070626 -0.7072592 -0.0001038812 0.7069544 -0.7071067 -3.281696e-08 -0.7071068 -0.7071067 -3.281697e-08 -0.7071068 -0.7071067 -2.169409e-08 -0.7071068 -0.7071067 -3.281681e-08 -0.7071068 -0.7071067 -3.281663e-08 -0.7071068 -0.7070385 -3.202167e-05 -0.7071751 -0.7068991 -9.705834e-05 -0.7073144 -0.7071332 1.325198e-05 -0.7070803 -0.7071067 -3.281695e-08 -0.7071068 -0.7071067 -3.281697e-08 -0.7071068 -0.7071067 -3.281697e-08 -0.7071068 -0.7071067 -3.281697e-08 -0.7071068 -0.7071067 -3.281697e-08 -0.7071068 -0.7071067 -3.281697e-08 -0.7071068 -0.7071067 -3.281697e-08 -0.7071068 -0.7071067 -3.281697e-08 -0.7071068 -0.7071067 -3.281697e-08 -0.7071068 -0.7071067 -3.281697e-08 -0.7071068</float_array>
          <technique_common>
            <accessor count="4115" source="#normals-array-array" stride="3">
              <param type="float" name="X"/>
              <param type="float" name="Y"/>
              <param type="float" name="Z"/>
            </accessor>
          </technique_common>
        </source>
        <vertices id="verts-array-vertices">
          <input semantic="POSITION" source="#verts-array"/>
        </vertices>
        <triangles count="5316" material="material1">
          <input offset="0" semantic="VERTEX" source="#verts-array-vertices"/>
          <input offset="1" semantic="NORMAL" source="#normals-array"/>
          <p>0 0 1 1 2 2 3 3 2 2 1 1 2 2 3 3 4 4 5 5 6 6 7 7 8 8 7 7 6 6 5 5 9 9 6 6 10 10 6 6 9 9 6 6 10 10 11 11 12 12 13 13 0 0 14 14 0 0 13 13 0 0 14 14 15 15 11 11 16 16 6 6 17 17 6 6 16 16 6 6 17 17 0 0 18 18 0 0 17 17 0 0 18 18 12 12 15 15 19 19 0 0 20 20 0 0 19 19 0 0 20 20 1 1 21 21 22 22 23 23 24 24 23 23 22 22 23 23 24 24 6 6 25 25 6 6 24 24 6 6 25 25 8 8 26 26 27 27 28 28 29 29 28 28 27 27 27 27 30 30 29 29 31 31 29 29 30 30 29 29 31 31 32 32 33 33 21 21 34 34 23 23 34 34 21 21 34 34 23 23 35 35 32 32 35 35 23 23 35 35 32 32 36 36 31 31 36 36 32 32 37 37 38 38 39 39 40 40 41 41 42 42 43 43 44 44 45 45 46 46 47 47 48 48 49 49 50 50 51 51 52 52 53 53 54 54 55 55 54 54 53 53 54 54 55 55 56 56 57 57 58 58 59 59 60 60 59 59 58 58 59 59 60 60 55 55 61 61 55 55 60 60 55 55 61 61 56 56 57 57 59 59 62 62 63 63 62 62 59 59 62 62 63 63 64 64 65 65 66 66 63 63 67 67 63 63 66 66 63 63 67 67 64 64 68 68 69 69 65 65 70 70 65 65 69 69 65 65 70 70 66 66 71 71 72 72 73 73 74 74 73 73 72 72 73 73 74 74 65 65 75 75 65 65 74 74 65 65 75 75 68 68 76 76 77 77 78 78 79 79 78 78 77 77 78 78 79 79 80 80 81 81 80 80 79 79 80 80 81 81 82 82 82 82 81 81 83 83 84 84 83 83 81 81 83 83 84 84 85 85 85 85 84 84 86 86 87 87 86 86 84 84 86 86 87 87 88 88 88 88 87 87 89 89 51 51 89 89 87 87 89 89 51 51 90 90 90 90 51 51 91 91 50 50 91 91 51 51 91 91 50 50 92 92 47 47 49 49 48 48 51 51 48 48 49 49 48 48 51 51 93 93 87 87 93 93 51 51 93 93 87 87 94 94 84 84 94 94 87 87 94 94 84 84 95 95 81 81 95 95 84 84 95 95 81 81 96 96 79 79 96 96 81 81 96 96 79 79 97 97 77 77 97 97 79 79 44 44 46 46 45 45 48 48 45 45 46 46 45 45 48 48 98 98 93 93 98 98 48 48 98 98 93 93 99 99 94 94 99 99 93 93 99 99 94 94 100 100 95 95 100 100 94 94 100 100 95 95 101 101 96 96 101 101 95 95 101 101 96 96 102 102 97 97 102 102 96 96 41 41 43 43 42 42 45 45 42 42 43 43 42 42 45 45 103 103 98 98 103 103 45 45 103 103 98 98 104 104 99 99 104 104 98 98 104 104 99 99 105 105 100 100 105 105 99 99 105 105 100 100 106 106 101 101 106 106 100 100 106 106 101 101 107 107 102 102 107 107 101 101 38 38 40 40 39 39 42 42 39 39 40 40 39 39 42 42 108 108 103 103 108 108 42 42 108 108 103 103 109 109 104 104 109 109 103 103 109 109 104 104 110 110 105 105 110 110 104 104 110 110 105 105 111 111 106 106 111 111 105 105 111 111 106 106 112 112 107 107 112 112 106 106 53 53 37 37 55 55 39 39 55 55 37 37 55 55 39 39 59 59 108 108 59 59 39 39 59 59 108 108 63 63 109 109 63 63 108 108 63 63 109 109 65 65 110 110 65 65 109 109 65 65 110 110 73 73 111 111 73 73 110 110 73 73 111 111 71 71 112 112 71 71 111 111 113 113 114 114 115 115 49 49 116 116 117 117 49 49 117 117 50 50 118 118 50 50 117 117 50 50 118 118 92 92 116 116 49 49 119 119 47 47 119 119 49 49 119 119 47 47 120 120 46 46 120 120 47 47 120 120 46 46 121 121 44 44 121 121 46 46 121 121 44 44 122 122 43 43 122 122 44 44 122 122 43 43 123 123 41 41 123 123 43 43 123 123 41 41 40 40 115 115 114 114 124 124 37 37 125 125 38 38 126 126 38 38 125 125 38 38 126 126 40 40 127 127 40 40 126 126 40 40 127 127 123 123 128 128 129 129 130 130 130 130 131 131 128 128 132 132 128 128 131 131 128 128 132 132 115 115 133 133 115 115 132 132 115 115 133 133 113 113 134 134 135 135 136 136 136 136 137 137 134 134 138 138 134 134 137 137 134 134 138 138 129 129 139 139 129 129 138 138 129 129 139 139 130 130 114 114 125 125 124 124 37 37 124 124 125 125 124 124 37 37 140 140 53 53 140 140 37 37 140 140 53 53 52 52 141 141 142 142 143 143 141 141 143 143 144 144 143 143 145 145 144 144 146 146 144 144 145 145 144 144 146 146 147 147 148 148 147 147 146 146 146 146 149 149 148 148 150 150 148 148 149 149 148 148 150 150 151 151 152 152 153 153 154 154 150 150 155 155 151 151 152 152 151 151 155 155 151 151 152 152 156 156 154 154 156 156 152 152 157 157 158 158 159 159 160 160 161 161 162 162 163 163 164 164 165 165 166 166 167 167 168 168 163 163 168 168 167 167 169 169 170 170 171 171 172 172 171 171 170 170 171 171 172 172 166 166 169 169 171 171 173 173 174 174 173 173 171 171 173 173 174 174 161 161 160 160 162 162 175 175 176 176 175 175 162 162 175 175 176 176 177 177 176 176 178 178 179 179 177 177 176 176 180 180 179 179 180 180 176 176 180 180 179 179 181 181 163 163 165 165 168 168 182 182 168 168 165 165 168 168 182 182 183 183 182 182 184 184 183 183 185 185 183 183 184 184 183 183 185 185 186 186 187 187 186 186 185 185 186 186 187 187 157 157 166 166 168 168 171 171 183 183 171 171 168 168 171 171 183 183 174 174 186 186 174 174 183 183 174 174 186 186 188 188 157 157 159 159 186 186 189 189 186 186 159 159 186 186 189 189 188 188 190 190 188 188 189 189 188 188 190 190 191 191 161 161 174 174 162 162 188 188 162 162 174 174 162 162 188 188 176 176 191 191 176 176 188 188 176 176 191 191 178 178 192 192 193 193 194 194 192 192 195 195 196 196 197 197 196 196 195 195 196 196 197 197 198 198 199 199 198 198 197 197 192 192 194 194 195 195 200 200 195 195 194 194 195 195 200 200 201 201 202 202 201 201 200 200 201 201 202 202 203 203 204 204 203 203 202 202 203 203 204 204 205 205 206 206 205 205 204 204 205 205 206 206 207 207 208 208 207 207 206 206 207 207 208 208 209 209 210 210 209 209 208 208 209 209 210 210 211 211 212 212 213 213 214 214 215 215 216 216 217 217 218 218 219 219 220 220 221 221 222 222 223 223 224 224 225 225 226 226 227 227 228 228 229 229 230 230 231 231 232 232 233 233 234 234 230 230 224 224 226 226 235 235 236 236 237 237 238 238 239 239 240 240 241 241 238 238 241 241 240 240 241 241 238 238 242 242 237 237 242 242 238 238 243 243 244 244 245 245 246 246 245 245 244 244 245 245 246 246 238 238 247 247 238 238 246 246 238 238 247 247 236 236 243 243 245 245 248 248 249 249 248 248 245 245 248 248 249 249 250 250 251 251 252 252 223 223 253 253 223 223 252 252 223 223 253 253 249 249 254 254 249 249 253 253 249 249 254 254 250 250 251 251 223 223 255 255 222 222 255 255 223 223 255 255 222 222 256 256 230 230 232 232 233 233 257 257 233 233 232 232 233 233 257 257 258 258 257 257 259 259 258 258 260 260 258 258 259 259 258 258 260 260 261 261 260 260 262 262 261 261 263 263 261 261 262 262 261 261 263 263 264 264 228 228 234 234 229 229 233 233 229 229 234 234 229 229 233 233 265 265 258 258 265 265 233 233 265 265 258 258 266 266 261 261 266 266 258 258 266 266 261 261 267 267 264 264 267 267 261 261 267 267 264 264 268 268 269 269 268 268 264 264 219 219 221 221 220 220 223 223 220 220 221 221 220 220 223 223 270 270 249 249 270 270 223 223 270 270 249 249 271 271 245 245 271 271 249 249 271 271 245 245 272 272 238 238 272 272 245 245 272 272 238 238 226 226 240 240 226 226 238 238 226 226 240 240 235 235 239 239 235 235 240 240 216 216 218 218 217 217 220 220 217 217 218 218 217 217 220 220 273 273 270 270 273 273 220 220 273 273 270 270 274 274 271 271 274 274 270 270 274 274 271 271 275 275 272 272 275 275 271 271 275 275 272 272 276 276 226 226 276 276 272 272 276 276 226 226 277 277 225 225 277 277 226 226 213 213 215 215 214 214 217 217 214 214 215 215 214 214 217 217 278 278 273 273 278 278 217 217 278 278 273 273 279 279 274 274 279 279 273 273 279 279 274 274 280 280 275 275 280 280 274 274 280 280 275 275 281 281 276 276 281 281 275 275 281 281 276 276 282 282 277 277 282 282 276 276 283 283 212 212 268 268 214 214 268 268 212 212 268 268 214 214 267 267 278 278 267 267 214 214 267 267 278 278 266 266 279 279 266 266 278 278 266 266 279 279 265 265 280 280 265 265 279 279 265 265 280 280 229 229 281 281 229 229 280 280 229 229 281 281 227 227 282 282 227 227 281 281 263 263 284 284 264 264 285 285 264 264 284 284 264 264 285 285 269 269 286 286 269 269 285 285 269 269 286 286 287 287 283 283 268 268 288 288 269 269 288 288 268 268 288 288 269 269 289 289 287 287 289 289 269 269 289 289 287 287 290 290 291 291 292 292 293 293 294 294 293 293 292 292 293 293 294 294 295 295 296 296 295 295 294 294 297 297 298 298 299 299 294 294 300 300 296 296 301 301 296 296 300 300 296 296 301 301 302 302 303 303 302 302 301 301 302 302 303 303 304 304 305 305 304 304 303 303 304 304 305 305 299 299 306 306 299 299 305 305 299 299 306 306 297 297 307 307 158 158 308 308 157 157 308 308 158 158 308 308 157 157 309 309 310 310 309 309 157 157 164 164 311 311 312 312 157 157 187 187 310 310 185 185 310 310 187 187 310 310 185 185 313 313 184 184 313 313 185 185 313 313 184 184 314 314 182 182 314 314 184 184 314 314 182 182 312 312 165 165 312 312 182 182 312 312 165 165 164 164 315 315 316 316 317 317 315 315 317 317 318 318 317 317 319 319 318 318 320 320 318 318 319 319 318 318 320 320 321 321 322 322 321 321 320 320 320 320 323 323 322 322 324 324 322 322 323 323 322 322 324 324 325 325 326 326 26 26 327 327 324 324 328 328 325 325 326 326 325 325 328 328 325 325 326 326 329 329 327 327 329 329 326 326 330 330 331 331 288 288 332 332 28 28 333 333 334 334 333 333 28 28 333 333 334 334 335 335 335 335 334 334 336 336 337 337 336 336 334 334 336 336 337 337 338 338 338 338 337 337 339 339 340 340 339 339 337 337 339 339 340 340 341 341 341 341 340 340 342 342 343 343 342 342 340 340 342 342 343 343 344 344 344 344 343 343 345 345 346 346 345 345 343 343 345 345 346 346 347 347 288 288 331 331 283 283 348 348 283 283 331 331 283 283 348 348 212 212 349 349 212 212 348 348 212 212 349 349 213 213 350 350 213 213 349 349 213 213 350 350 215 215 351 351 215 215 350 350 215 215 351 351 216 216 352 352 216 216 351 351 216 216 352 352 218 218 330 330 288 288 353 353 289 289 353 353 288 288 353 353 289 289 290 290 352 352 354 354 218 218 355 355 218 218 354 354 218 218 355 355 219 219 347 347 219 219 355 355 219 219 347 347 221 221 346 346 221 221 347 347 221 221 346 346 222 222 356 356 222 222 346 346 222 222 356 356 256 256 320 320 319 319 357 357 324 324 323 323 358 358 326 326 328 328 359 359 33 33 34 34 360 360 361 361 360 360 34 34 360 360 361 361 362 362 363 363 364 364 365 365 366 366 365 365 364 364 366 366 364 364 367 367 368 368 367 367 364 364 367 367 368 368 369 369 370 370 371 371 372 372 371 371 370 370 373 373 357 357 373 373 370 370 373 373 357 357 374 374 374 374 357 357 375 375 319 319 375 375 357 357 375 375 319 319 317 317 26 26 326 326 27 27 359 359 27 27 326 326 27 27 359 359 30 30 376 376 30 30 359 359 323 323 320 320 358 358 357 357 358 358 320 320 358 358 357 357 368 368 370 370 368 368 357 357 368 368 370 370 369 369 372 372 369 369 370 370 34 34 35 35 361 361 36 36 361 361 35 35 361 361 36 36 376 376 31 31 376 376 36 36 376 376 31 31 30 30 328 328 324 324 359 359 358 358 359 359 324 324 359 359 358 358 376 376 368 368 376 376 358 358 376 376 368 368 361 361 364 364 361 361 368 368 361 361 364 364 362 362 363 363 362 362 364 364 377 377 356 356 378 378 377 377 378 378 379 379 380 380 379 379 378 378 379 379 380 380 381 381 382 382 381 381 380 380 381 381 382 382 383 383 384 384 383 383 382 382 383 383 384 384 385 385 386 386 385 385 384 384 385 385 386 386 387 387 2 2 387 387 386 386 387 387 2 2 388 388 389 389 390 390 391 391 392 392 4 4 393 393 393 393 4 4 391 391 394 394 391 391 4 4 391 391 394 394 389 389 392 392 393 393 395 395 396 396 395 395 393 393 395 395 396 396 397 397 398 398 397 397 396 396 397 397 398 398 399 399 400 400 399 399 398 398 399 399 400 400 401 401 402 402 401 401 400 400 401 401 402 402 403 403 404 404 403 403 402 402 403 403 404 404 405 405 406 406 405 405 404 404 405 405 406 406 407 407 408 408 181 181 179 179 409 409 410 410 411 411 412 412 411 411 410 410 411 411 412 412 413 413 414 414 415 415 409 409 416 416 417 417 418 418 419 419 418 418 417 417 419 419 420 420 418 418 421 421 418 418 420 420 418 418 421 421 422 422 422 422 423 423 418 418 424 424 418 418 423 423 418 418 424 424 409 409 425 425 409 409 424 424 409 409 425 425 426 426 426 426 427 427 409 409 428 428 409 409 427 427 409 409 428 428 414 414 415 415 429 429 409 409 430 430 409 409 429 429 409 409 430 430 410 410 416 416 418 418 431 431 432 432 431 431 418 418 431 431 432 432 192 192 158 158 135 135 159 159 433 433 159 159 135 135 159 159 433 433 189 189 189 189 433 433 190 190 434 434 190 190 433 433 190 190 434 434 191 191 191 191 434 434 178 178 411 411 178 178 434 434 178 178 411 411 179 179 413 413 179 179 411 411 179 179 413 413 408 408 140 140 435 435 436 436 140 140 436 436 437 437 438 438 437 437 436 436 437 437 438 438 439 439 440 440 439 439 438 438 439 439 440 440 441 441 442 442 441 441 440 440 441 441 442 442 443 443 444 444 443 443 442 442 443 443 444 444 445 445 446 446 445 445 444 444 445 445 446 446 432 432 152 152 155 155 447 447 150 150 149 149 448 448 146 146 145 145 449 449 450 450 451 451 452 452 453 453 452 452 451 451 452 452 453 453 454 454 455 455 454 454 453 453 456 456 457 457 458 458 459 459 460 460 456 456 461 461 456 456 460 460 456 456 461 461 457 457 462 462 463 463 449 449 464 464 449 449 463 463 449 449 464 464 465 465 466 466 465 465 464 464 465 465 466 466 467 467 462 462 449 449 468 468 145 145 468 468 449 449 468 468 145 145 143 143 451 451 469 469 453 453 470 470 453 453 469 469 453 453 470 470 471 471 149 149 146 146 448 448 449 449 448 448 146 146 448 448 449 449 459 459 465 465 459 459 449 449 459 459 465 465 460 460 467 467 460 460 465 465 155 155 150 150 447 447 448 448 447 447 150 150 447 447 448 448 471 471 459 459 471 471 448 448 471 471 459 459 453 453 456 456 453 453 459 459 453 453 456 456 455 455 458 458 455 455 456 456 153 153 152 152 472 472 447 447 472 472 152 152 472 472 447 447 473 473 471 471 473 473 447 447 473 473 471 471 474 474 470 470 474 474 471 471 134 134 129 129 475 475 476 476 475 475 129 129 475 475 476 476 477 477 478 478 477 477 476 476 477 477 478 478 479 479 480 480 479 479 478 478 479 479 480 480 481 481 482 482 481 481 480 480 481 481 482 482 483 483 484 484 483 483 482 482 483 483 484 484 432 432 129 129 128 128 476 476 485 485 476 476 128 128 476 476 485 485 478 478 486 486 478 478 485 485 478 478 486 486 480 480 487 487 480 480 486 486 480 480 487 487 482 482 488 488 482 482 487 487 482 482 488 488 484 484 489 489 484 484 488 488 484 484 489 489 432 432 135 135 134 134 433 433 475 475 433 433 134 134 433 433 475 475 434 434 477 477 434 434 475 475 434 434 477 477 411 411 479 479 411 411 477 477 411 411 479 479 409 409 481 481 409 409 479 479 409 409 481 481 418 418 483 483 418 418 481 481 418 418 483 483 432 432 115 115 124 124 490 490 491 491 490 490 124 124 490 490 491 491 492 492 493 493 492 492 491 491 492 492 493 493 494 494 495 495 494 494 493 493 494 494 495 495 496 496 497 497 496 496 495 495 496 496 497 497 498 498 499 499 498 498 497 497 498 498 499 499 432 432 124 124 140 140 491 491 437 437 491 491 140 140 491 491 437 437 493 493 439 439 493 493 437 437 493 493 439 439 495 495 441 441 495 495 439 439 495 495 441 441 497 497 443 443 497 497 441 441 497 497 443 443 499 499 445 445 499 499 443 443 499 499 445 445 432 432 128 128 115 115 485 485 490 490 485 485 115 115 485 485 490 490 486 486 492 492 486 486 490 490 486 486 492 492 487 487 494 494 487 487 492 492 487 487 494 494 488 488 496 496 488 488 494 494 488 488 496 496 489 489 498 498 489 489 496 496 489 489 498 498 432 432 500 500 78 78 501 501 502 502 501 501 78 78 500 500 503 503 78 78 504 504 78 78 503 503 78 78 504 504 76 76 505 505 506 506 83 83 506 506 507 507 83 83 508 508 83 83 507 507 83 83 508 508 509 509 502 502 78 78 510 510 80 80 510 510 78 78 510 510 80 80 509 509 82 82 509 509 80 80 509 509 82 82 83 83 450 450 511 511 451 451 512 512 451 451 511 511 505 505 83 83 512 512 85 85 512 512 83 83 512 512 85 85 451 451 86 86 451 451 85 85 451 451 86 86 469 469 88 88 469 469 86 86 469 469 88 88 470 470 89 89 470 470 88 88 470 470 89 89 474 474 90 90 474 474 89 89 474 474 90 90 473 473 91 91 473 473 90 90 473 473 91 91 472 472 92 92 472 472 91 91 472 472 92 92 153 153 346 346 343 343 513 513 514 514 513 513 343 343 513 513 514 514 515 515 516 516 515 515 514 514 515 515 516 516 517 517 518 518 517 517 516 516 517 517 518 518 519 519 520 520 519 519 518 518 519 519 520 520 521 521 522 522 521 521 520 520 521 521 522 522 2 2 343 343 340 340 514 514 523 523 514 514 340 340 514 514 523 523 516 516 524 524 516 516 523 523 516 516 524 524 518 518 525 525 518 518 524 524 518 518 525 525 520 520 526 526 520 520 525 525 520 520 526 526 522 522 527 527 522 522 526 526 522 522 527 527 2 2 356 356 346 346 378 378 513 513 378 378 346 346 378 378 513 513 380 380 515 515 380 380 513 513 380 380 515 515 382 382 517 517 382 382 515 515 382 382 517 517 384 384 519 519 384 384 517 517 384 384 519 519 386 386 521 521 386 386 519 519 386 386 521 521 2 2 337 337 334 334 528 528 529 529 528 528 334 334 528 528 529 529 530 530 531 531 530 530 529 529 530 530 531 531 532 532 533 533 532 532 531 531 532 532 533 533 534 534 535 535 534 534 533 533 534 534 535 535 536 536 537 537 536 536 535 535 536 536 537 537 2 2 334 334 28 28 529 529 29 29 529 529 28 28 529 529 29 29 531 531 32 32 531 531 29 29 531 531 32 32 533 533 23 23 533 533 32 32 533 533 23 23 535 535 6 6 535 535 23 23 535 535 6 6 537 537 0 0 537 537 6 6 537 537 0 0 2 2 340 340 337 337 523 523 528 528 523 523 337 337 523 523 528 528 524 524 530 530 524 524 528 528 524 524 530 530 525 525 532 532 525 525 530 530 525 525 532 532 526 526 534 534 526 526 532 532 526 526 534 534 527 527 536 536 527 527 534 534 527 527 536 536 2 2 538 538 539 539 540 540 541 541 542 542 543 543 544 544 545 545 541 541 546 546 541 541 545 545 541 541 546 546 542 542 547 547 548 548 544 544 549 549 544 544 548 548 544 544 549 549 545 545 539 539 550 550 540 540 551 551 540 540 550 550 540 540 551 551 552 552 553 553 554 554 555 555 556 556 554 554 557 557 553 553 557 557 554 554 557 557 553 553 558 558 558 558 553 553 559 559 560 560 559 559 553 553 559 559 560 560 561 561 551 551 547 547 552 552 544 544 552 552 547 547 552 552 544 544 562 562 541 541 562 562 544 544 301 301 300 300 563 563 294 294 563 563 300 300 561 561 560 560 564 564 563 563 564 564 560 560 564 564 563 563 565 565 294 294 565 565 563 563 565 565 294 294 292 292 303 303 301 301 562 562 563 563 562 562 301 301 562 562 563 563 552 552 560 560 552 552 563 563 552 552 560 560 540 540 553 553 540 540 560 560 540 540 553 553 538 538 555 555 538 538 553 553 303 303 562 562 305 305 541 541 305 305 562 562 305 305 541 541 306 306 543 543 306 306 541 541 306 306 543 543 297 297 566 566 567 567 557 557 568 568 557 557 567 567 557 557 568 568 556 556 259 259 569 569 260 260 570 570 260 260 569 569 260 260 570 570 571 571 232 232 572 572 257 257 573 573 257 257 572 572 257 257 573 573 259 259 574 574 259 259 573 573 259 259 574 574 569 569 232 232 231 231 575 575 575 575 576 576 232 232 577 577 232 232 576 576 232 232 577 577 572 572 571 571 578 578 260 260 566 566 260 260 578 578 260 260 566 566 262 262 557 557 262 262 566 566 262 262 557 557 263 263 558 558 263 263 557 557 263 263 558 558 284 284 559 559 284 284 558 558 284 284 559 559 285 285 561 561 285 285 559 559 285 285 561 561 286 286 287 287 286 286 561 561 292 292 290 290 565 565 287 287 565 565 290 290 565 565 287 287 564 564 561 561 564 564 287 287 579 579 580 580 581 581 582 582 583 583 581 581 584 584 581 581 583 583 580 580 585 585 581 581 586 586 581 581 585 585 581 581 586 586 587 587 584 584 588 588 581 581 589 589 581 581 588 588 581 581 589 589 579 579 590 590 591 591 584 584 592 592 584 584 591 591 584 584 592 592 588 588 593 593 594 594 595 595 596 596 597 597 598 598 599 599 598 598 597 597 598 598 599 599 595 595 600 600 595 595 599 599 595 595 600 600 601 601 602 602 601 601 603 603 604 604 603 603 601 601 603 603 604 604 605 605 602 602 606 606 601 601 607 607 601 601 606 606 601 601 607 607 595 595 608 608 595 595 607 607 595 595 608 608 593 593 605 605 609 609 603 603 610 610 603 603 609 609 603 603 610 610 611 611 612 612 613 613 614 614 611 611 610 610 613 613 615 615 613 613 610 610 613 613 615 615 614 614 616 616 617 617 618 618 619 619 620 620 618 618 619 619 618 618 621 621 622 622 616 616 623 623 618 618 623 623 616 616 623 623 618 618 624 624 620 620 624 624 618 618 625 625 614 614 626 626 627 627 626 626 614 614 627 627 614 614 618 618 628 628 618 618 614 614 618 618 628 628 621 621 625 625 629 629 614 614 630 630 614 614 629 629 614 614 630 630 612 612 631 631 632 632 633 633 634 634 635 635 636 636 637 637 636 636 635 635 636 636 637 637 638 638 631 631 638 638 637 637 638 638 631 631 639 639 633 633 639 639 631 631 640 640 641 641 642 642 643 643 644 644 645 645 646 646 647 647 648 648 649 649 648 648 647 647 648 648 649 649 642 642 645 645 642 642 649 649 643 643 645 645 650 650 651 651 650 650 645 645 650 650 651 651 652 652 644 644 653 653 645 645 654 654 645 645 653 653 645 645 654 654 642 642 655 655 642 642 654 654 642 642 655 655 640 640 652 652 656 656 650 650 657 657 650 650 656 656 650 650 657 657 658 658 658 658 657 657 659 659 660 660 659 659 657 657 659 659 660 660 661 661 661 661 662 662 659 659 663 663 659 659 662 662 659 659 663 663 664 664 664 664 665 665 659 659 666 666 659 659 665 665 659 659 666 666 667 667 668 668 669 669 659 659 670 670 668 668 671 671 659 659 671 671 668 668 671 671 659 659 672 672 667 667 672 672 659 659 673 673 674 674 669 669 675 675 669 669 674 674 675 675 676 676 669 669 677 677 669 669 676 676 669 669 677 677 659 659 678 678 679 679 680 680 681 681 682 682 680 680 683 683 680 680 682 682 680 680 683 683 678 678 684 684 685 685 686 686 687 687 688 688 686 686 689 689 686 686 688 688 686 686 689 689 684 684 690 690 684 684 689 689 691 691 692 692 693 693 694 694 693 693 692 692 693 693 694 694 695 695 696 696 695 695 694 694 697 697 698 698 699 699 700 700 699 699 698 698 701 701 702 702 703 703 704 704 703 703 702 702 703 703 704 704 705 705 706 706 707 707 708 708 709 709 708 708 707 707 708 708 710 710 711 711 709 709 712 712 708 708 713 713 708 708 712 712 708 708 713 713 710 710 711 711 714 714 708 708 715 715 708 708 714 714 708 708 715 715 716 716 717 717 718 718 719 719 720 720 721 721 717 717 719 719 722 722 717 717 723 723 717 717 722 722 717 717 723 723 724 724 724 724 725 725 717 717 726 726 717 717 725 725 717 717 726 726 720 720 721 721 727 727 717 717 728 728 717 717 727 727 717 717 728 728 729 729 729 729 730 730 717 717 731 731 717 717 730 730 717 717 731 731 732 732 732 732 733 733 717 717 734 734 717 717 733 733 717 717 734 734 735 735 2 2 4 4 388 388 392 392 388 388 4 4 736 736 737 737 738 738 739 739 740 740 741 741 742 742 741 741 740 740 739 739 743 743 740 740 744 744 740 740 743 743 740 740 744 744 745 745 746 746 747 747 738 738 748 748 749 749 750 750 746 746 750 750 749 749 750 750 746 746 751 751 737 737 752 752 738 738 753 753 738 738 752 752 738 738 753 753 746 746 754 754 746 746 753 753 746 746 754 754 751 751 755 755 756 756 757 757 758 758 757 757 756 756 757 757 758 758 738 738 759 759 738 738 758 758 738 738 759 759 736 736 744 744 760 760 745 745 761 761 745 745 760 760 745 745 761 761 762 762 762 762 763 763 745 745 764 764 745 745 763 763 745 745 764 764 757 757 765 765 757 757 764 764 757 757 765 765 755 755 740 740 766 766 742 742 749 749 742 742 766 766 742 742 749 749 767 767 748 748 767 767 749 749 768 768 769 769 770 770 771 771 435 435 140 140 772 772 773 773 774 774 775 775 776 776 777 777 778 778 779 779 780 780 781 781 782 782 783 783 784 784 783 783 782 782 783 783 784 784 785 785 786 786 787 787 52 52 788 788 52 52 787 787 52 52 788 788 140 140 52 52 789 789 768 768 790 790 791 791 792 792 793 793 792 792 791 791 792 792 793 793 794 794 770 770 774 774 768 768 773 773 768 768 774 774 768 768 773 773 52 52 795 795 52 52 773 773 52 52 795 795 786 786 777 777 771 771 775 775 140 140 775 775 771 771 775 775 140 140 796 796 788 788 796 796 140 140 796 796 788 788 797 797 798 798 797 797 788 788 799 799 800 800 801 801 802 802 801 801 800 800 803 803 804 804 256 256 805 805 256 256 804 804 256 256 805 805 792 792 806 806 792 792 805 805 792 792 806 806 790 790 780 780 807 807 778 778 356 356 778 778 807 807 778 778 356 356 377 377 807 807 801 801 356 356 802 802 356 356 801 801 356 356 802 802 256 256 808 808 256 256 802 802 256 256 808 808 803 803 809 809 256 256 810 810 792 792 810 810 256 256 810 810 792 792 811 811 783 783 811 811 792 792 811 811 783 783 812 812 785 785 812 812 783 783 794 794 793 793 813 813 814 814 813 813 793 793 813 813 814 814 774 774 815 815 774 774 814 814 774 774 815 815 772 772 816 816 211 211 817 817 210 210 817 817 211 211 818 818 819 819 817 817 820 820 817 817 819 819 817 817 820 820 816 816 821 821 816 816 820 820 816 816 821 821 822 822 823 823 822 822 821 821 822 822 823 823 824 824 825 825 826 826 827 827 828 828 827 827 826 826 829 829 830 830 831 831 407 407 406 406 832 832 833 833 832 832 406 406 834 834 835 835 836 836 837 837 836 836 835 835 836 836 837 837 833 833 829 829 833 833 837 837 833 833 829 829 832 832 831 831 832 832 829 829 838 838 839 839 840 840 838 838 840 840 841 841 842 842 843 843 844 844 845 845 844 844 843 843 844 844 845 845 840 840 846 846 840 840 845 845 840 840 846 846 847 847 847 847 848 848 840 840 849 849 840 840 848 848 840 840 849 849 841 841 850 850 851 851 852 852 853 853 852 852 851 851 853 853 854 854 855 855 855 855 856 856 853 853 857 857 853 853 856 856 853 853 857 857 852 852 858 858 852 852 857 857 852 852 858 858 859 859 860 860 861 861 862 862 863 863 862 862 861 861 864 864 865 865 866 866 867 867 866 866 865 865 868 868 869 869 870 870 871 871 872 872 873 873 874 874 873 873 872 872 871 871 873 873 870 870 875 875 870 870 873 873 870 870 875 875 868 868 876 876 877 877 878 878 879 879 880 880 881 881 882 882 881 881 880 880 881 881 882 882 883 883 884 884 883 883 882 882 885 885 886 886 887 887 888 888 887 887 886 886 889 889 890 890 891 891 888 888 891 891 890 890 891 891 888 888 892 892 886 886 892 892 888 888 889 889 891 891 882 882 893 893 882 882 891 891 882 882 893 893 884 884 894 894 895 895 896 896 897 897 896 896 895 895 896 896 897 897 898 898 899 899 898 898 897 897 898 898 899 899 900 900 901 901 900 900 899 899 900 900 901 901 902 902 903 903 902 902 901 901 902 902 903 903 904 904 905 905 904 904 903 903 904 904 905 905 906 906 907 907 906 906 905 905 906 906 907 907 908 908 909 909 908 908 907 907 908 908 909 909 910 910 911 911 910 910 909 909 910 910 911 911 912 912 913 913 912 912 911 911 912 912 913 913 914 914 915 915 914 914 913 913 914 914 915 915 916 916 917 917 916 916 915 915 916 916 917 917 918 918 919 919 918 918 917 917 918 918 919 919 920 920 921 921 920 920 919 919 920 920 921 921 922 922 923 923 922 922 921 921 922 922 923 923 924 924 925 925 924 924 923 923 924 924 925 925 926 926 927 927 926 926 925 925 926 926 927 927 928 928 929 929 928 928 927 927 928 928 929 929 930 930 931 931 930 930 929 929 930 930 931 931 932 932 933 933 932 932 931 931 932 932 933 933 934 934 935 935 934 934 933 933 934 934 935 935 936 936 937 937 936 936 935 935 936 936 937 937 938 938 939 939 938 938 937 937 938 938 939 939 940 940 941 941 940 940 939 939 940 940 941 941 894 894 895 895 894 894 941 941 942 942 943 943 944 944 945 945 946 946 947 947 944 944 947 947 946 946 947 947 944 944 948 948 942 942 944 944 949 949 943 943 950 950 944 944 951 951 944 944 950 950 944 944 951 951 952 952 952 952 953 953 944 944 954 954 944 944 953 953 944 944 954 954 948 948 955 955 956 956 944 944 957 957 944 944 956 956 944 944 957 957 958 958 958 958 959 959 944 944 960 960 944 944 959 959 944 944 960 960 949 949 961 961 962 962 963 963 964 964 963 963 962 962 965 965 966 966 967 967 968 968 967 967 966 966 969 969 970 970 971 971 972 972 971 971 970 970 973 973 974 974 975 975 976 976 975 975 974 974 977 977 978 978 979 979 980 980 979 979 978 978 979 979 980 980 981 981 982 982 981 981 980 980 981 981 982 982 983 983 984 984 983 983 982 982 983 983 984 984 985 985 986 986 985 985 984 984 985 985 986 986 987 987 988 988 987 987 986 986 987 987 988 988 989 989 990 990 989 989 988 988 989 989 990 990 991 991 992 992 991 991 990 990 991 991 992 992 993 993 994 994 993 993 992 992 993 993 994 994 995 995 996 996 995 995 994 994 995 995 996 996 997 997 998 998 997 997 996 996 997 997 998 998 999 999 1000 1000 999 999 998 998 999 999 1000 1000 1001 1001 1002 1002 1001 1001 1000 1000 1001 1001 1002 1002 1003 1003 1004 1004 1003 1003 1002 1002 1003 1003 1004 1004 1005 1005 1006 1006 1005 1005 1004 1004 1005 1005 1006 1006 1007 1007 1008 1008 1007 1007 1006 1006 1007 1007 1008 1008 1009 1009 1010 1010 1009 1009 1008 1008 1009 1009 1010 1010 1011 1011 1012 1012 1011 1011 1010 1010 1011 1011 1012 1012 1013 1013 1014 1014 1013 1013 1012 1012 1013 1013 1014 1014 1015 1015 1016 1016 1015 1015 1014 1014 1015 1015 1016 1016 1017 1017 1018 1018 1017 1017 1016 1016 1017 1017 1018 1018 1019 1019 1020 1020 1019 1019 1018 1018 1019 1019 1020 1020 1021 1021 1022 1022 1021 1021 1020 1020 1021 1021 1022 1022 1023 1023 1024 1024 1023 1023 1022 1022 1023 1023 1024 1024 977 977 978 978 977 977 1024 1024 136 136 135 135 1025 1025 1026 1026 1025 1025 135 135 1026 1026 135 135 1027 1027 158 158 1027 1027 135 135 1027 1027 158 158 307 307 1028 1028 1029 1029 1030 1030 1031 1031 1030 1030 1029 1029 1032 1032 1033 1033 1034 1034 1035 1035 1036 1036 1037 1037 1038 1038 1039 1039 1037 1037 1032 1032 1037 1037 1039 1039 1037 1037 1032 1032 1035 1035 1034 1034 1035 1035 1032 1032 1040 1040 1041 1041 1042 1042 1043 1043 1042 1042 1041 1041 1044 1044 1045 1045 1043 1043 1046 1046 1043 1043 1045 1045 1043 1043 1046 1046 1047 1047 1048 1048 1042 1042 1049 1049 1043 1043 1049 1049 1042 1042 1049 1049 1043 1043 1050 1050 1047 1047 1050 1050 1043 1043 1051 1051 1052 1052 1053 1053 1054 1054 1055 1055 1056 1056 1057 1057 1058 1058 1056 1056 1051 1051 1056 1056 1058 1058 1056 1056 1051 1051 1054 1054 1053 1053 1054 1054 1051 1051 118 118 1059 1059 92 92 1060 1060 92 92 1059 1059 92 92 1060 1060 153 153 1061 1061 153 153 1060 1060 153 153 1061 1061 154 154 1062 1062 1063 1063 1064 1064 1065 1065 1064 1064 1063 1063 1066 1066 1067 1067 1068 1068 1069 1069 1068 1068 1067 1067 1068 1068 1069 1069 1070 1070 192 192 432 432 193 193 446 446 193 193 432 432 1071 1071 1072 1072 1073 1073 1074 1074 1073 1073 1072 1072 1073 1073 1074 1074 1075 1075 1076 1076 1077 1077 1078 1078 1079 1079 1078 1078 1077 1077 1078 1078 1079 1079 1080 1080 1079 1079 1081 1081 1082 1082 1083 1083 1084 1084 1082 1082 1085 1085 1086 1086 1087 1087 1088 1088 1087 1087 1086 1086 1084 1084 1089 1089 1082 1082 1090 1090 1082 1082 1089 1089 1082 1082 1090 1090 1079 1079 1091 1091 1079 1079 1090 1090 1079 1079 1091 1091 1080 1080 1086 1086 1092 1092 1088 1088 1077 1077 1088 1088 1092 1092 1088 1088 1077 1077 1093 1093 1076 1076 1093 1093 1077 1077 1094 1094 1095 1095 1082 1082 1096 1096 1082 1082 1095 1095 1082 1082 1096 1096 1083 1083 1085 1085 1097 1097 1086 1086 1098 1098 1086 1086 1097 1097 1086 1086 1098 1098 1099 1099 1100 1100 1099 1099 1098 1098 1099 1099 1100 1100 1101 1101 1101 1101 1102 1102 1099 1099 1103 1103 1099 1099 1102 1102 1099 1099 1103 1103 1094 1094 1104 1104 1094 1094 1103 1103 1094 1094 1104 1104 1105 1105 1105 1105 1106 1106 1094 1094 1107 1107 1094 1094 1106 1106 1094 1094 1107 1107 1095 1095 1108 1108 1109 1109 1110 1110 1111 1111 1110 1110 1109 1109 1112 1112 1113 1113 1114 1114 1112 1112 1114 1114 1115 1115 1116 1116 1117 1117 1118 1118 1119 1119 1118 1118 1117 1117 1118 1118 1119 1119 1120 1120 1120 1120 1121 1121 1118 1118 1122 1122 1118 1118 1121 1121 1118 1118 1122 1122 1114 1114 1123 1123 1114 1114 1122 1122 1114 1114 1123 1123 1124 1124 1125 1125 1126 1126 1114 1114 1127 1127 1114 1114 1126 1126 1114 1114 1127 1127 1115 1115 1124 1124 1128 1128 1114 1114 1129 1129 1114 1114 1128 1128 1114 1114 1129 1129 1125 1125 1130 1130 1131 1131 1132 1132 1133 1133 1132 1132 1131 1131 1134 1134 1135 1135 1136 1136 1137 1137 1136 1136 1135 1135 1138 1138 1139 1139 1140 1140 1141 1141 1140 1140 1139 1139 1142 1142 1143 1143 1144 1144 1145 1145 1144 1144 1143 1143 1146 1146 1147 1147 1148 1148 1149 1149 1148 1148 1147 1147 1150 1150 1151 1151 1152 1152 1153 1153 1152 1152 1151 1151 1154 1154 1155 1155 1156 1156 1157 1157 1158 1158 1159 1159 1160 1160 1161 1161 1159 1159 1154 1154 1159 1159 1161 1161 1159 1159 1154 1154 1157 1157 1156 1156 1157 1157 1154 1154 1162 1162 1163 1163 1164 1164 1165 1165 1166 1166 1162 1162 1167 1167 1162 1162 1166 1166 1162 1162 1167 1167 1168 1168 1168 1168 1169 1169 1162 1162 1170 1170 1162 1162 1169 1169 1162 1162 1170 1170 1163 1163 1164 1164 1171 1171 1162 1162 1172 1172 1162 1162 1171 1171 1162 1162 1172 1172 1173 1173 1174 1174 1173 1173 1172 1172 1173 1173 1174 1174 1175 1175 1176 1176 1177 1177 1178 1178 1173 1173 1178 1178 1177 1177 1178 1178 1173 1173 1179 1179 1175 1175 1179 1179 1173 1173 1180 1180 1181 1181 1182 1182 1183 1183 1182 1182 1181 1181 1184 1184 1185 1185 1186 1186 1187 1187 1188 1188 1189 1189 1190 1190 1191 1191 1189 1189 1184 1184 1189 1189 1191 1191 1189 1189 1184 1184 1187 1187 1186 1186 1187 1187 1184 1184 1192 1192 1193 1193 1194 1194 1195 1195 1194 1194 1193 1193 1196 1196 1197 1197 1198 1198 1199 1199 1198 1198 1197 1197 1198 1198 1199 1199 1200 1200 1201 1201 1202 1202 1203 1203 1204 1204 1203 1203 1202 1202 1203 1203 1204 1204 1205 1205 1206 1206 1207 1207 1208 1208 1209 1209 1208 1208 1207 1207 1208 1208 1209 1209 1210 1210 1211 1211 1212 1212 1213 1213 1214 1214 1215 1215 1216 1216 1215 1215 1217 1217 1216 1216 1218 1218 1216 1216 1217 1217 1216 1216 1218 1218 1219 1219 1220 1220 1221 1221 1208 1208 1222 1222 1208 1208 1221 1221 1208 1208 1222 1222 1206 1206 1223 1223 1224 1224 1225 1225 1225 1225 1224 1224 1226 1226 1227 1227 1228 1228 1229 1229 1226 1226 1229 1229 1228 1228 1229 1229 1226 1226 1230 1230 1224 1224 1230 1230 1226 1226 1219 1219 1220 1220 1216 1216 1208 1208 1216 1216 1220 1220 1216 1216 1208 1208 1231 1231 1232 1232 1231 1231 1208 1208 1231 1231 1232 1232 1233 1233 1234 1234 1235 1235 1236 1236 1237 1237 1236 1236 1235 1235 1236 1236 1237 1237 1238 1238 1225 1225 1239 1239 1223 1223 1240 1240 1223 1223 1239 1239 1223 1223 1240 1240 1241 1241 1242 1242 1241 1241 1240 1240 1241 1241 1242 1242 1236 1236 1243 1243 1236 1236 1242 1242 1236 1236 1243 1243 1234 1234 1244 1244 1245 1245 1246 1246 1247 1247 1248 1248 1249 1249 1250 1250 1251 1251 1213 1213 1252 1252 1213 1213 1251 1251 1213 1213 1252 1252 1211 1211 1246 1246 1253 1253 1244 1244 1254 1254 1244 1244 1253 1253 1244 1244 1254 1254 1255 1255 1256 1256 1255 1255 1254 1254 1255 1255 1256 1256 1227 1227 1257 1257 1227 1227 1256 1256 1227 1227 1257 1257 1228 1228 1258 1258 1259 1259 1260 1260 1261 1261 1262 1262 1263 1263 1264 1264 1265 1265 1266 1266 1267 1267 1266 1266 1265 1265 1266 1266 1267 1267 1212 1212 1268 1268 1212 1212 1267 1267 1212 1212 1268 1268 1213 1213 1269 1269 1270 1270 1210 1210 1271 1271 1272 1272 1210 1210 1273 1273 1210 1210 1272 1272 1274 1274 1275 1275 1276 1276 1277 1277 1276 1276 1275 1275 1276 1276 1277 1277 1278 1278 1279 1279 1278 1278 1277 1277 1278 1278 1279 1279 1280 1280 1281 1281 1282 1282 1283 1283 1284 1284 1283 1283 1282 1282 1283 1283 1284 1284 1263 1263 1285 1285 1263 1263 1284 1284 1263 1263 1285 1285 1261 1261 1286 1286 1287 1287 1288 1288 1289 1289 1288 1288 1287 1287 1288 1288 1289 1289 1290 1290 1291 1291 1290 1290 1289 1289 1290 1290 1291 1291 1292 1292 1293 1293 1292 1292 1291 1291 1237 1237 1250 1250 1238 1238 1213 1213 1238 1238 1250 1250 1238 1238 1213 1213 1210 1210 1294 1294 1210 1210 1213 1213 1210 1210 1294 1294 1269 1269 1295 1295 1296 1296 1297 1297 1298 1298 1299 1299 1300 1300 1301 1301 1300 1300 1299 1299 1300 1300 1301 1301 1302 1302 1303 1303 1302 1302 1301 1301 1302 1302 1303 1303 1247 1247 1304 1304 1247 1247 1303 1303 1247 1247 1304 1304 1248 1248 1280 1280 1305 1305 1278 1278 1306 1306 1278 1278 1305 1305 1278 1278 1306 1306 1307 1307 1245 1245 1244 1244 1307 1307 1308 1308 1307 1307 1244 1244 1307 1307 1308 1308 1278 1278 1309 1309 1310 1310 1311 1311 1296 1296 1295 1295 1312 1312 1249 1249 1313 1313 1247 1247 1295 1295 1247 1247 1313 1313 1247 1247 1295 1295 1314 1314 1297 1297 1314 1314 1295 1295 1273 1273 1315 1315 1210 1210 1316 1316 1210 1210 1315 1315 1210 1210 1316 1316 1208 1208 1317 1317 1208 1208 1316 1316 1208 1208 1317 1317 1318 1318 1319 1319 1320 1320 1321 1321 1322 1322 1321 1321 1320 1320 1208 1208 1323 1323 1324 1324 1324 1324 1325 1325 1208 1208 1326 1326 1208 1208 1325 1325 1208 1208 1326 1326 1327 1327 1328 1328 1329 1329 1330 1330 1331 1331 1330 1330 1329 1329 1330 1330 1331 1331 1332 1332 1214 1214 1216 1216 1311 1311 1333 1333 1311 1311 1216 1216 1311 1311 1333 1333 1334 1334 1309 1309 1311 1311 1335 1335 1336 1336 1337 1337 1338 1338 1339 1339 1338 1338 1337 1337 1340 1340 1341 1341 1311 1311 1342 1342 1343 1343 1344 1344 1345 1345 1344 1344 1343 1343 1344 1344 1345 1345 1260 1260 1346 1346 1260 1260 1345 1345 1260 1260 1346 1346 1258 1258 1347 1347 1208 1208 1348 1348 1349 1349 1348 1348 1208 1208 1350 1350 1351 1351 1311 1311 1352 1352 1353 1353 1330 1330 1354 1354 1330 1330 1353 1353 1330 1330 1354 1354 1328 1328 1355 1355 1356 1356 1357 1357 1358 1358 1357 1357 1356 1356 1357 1357 1358 1358 1338 1338 1359 1359 1338 1338 1358 1358 1338 1338 1359 1359 1336 1336 1340 1340 1311 1311 1360 1360 1270 1270 1312 1312 1210 1210 1295 1295 1210 1210 1312 1312 1210 1210 1295 1295 1271 1271 1361 1361 1271 1271 1295 1295 1271 1271 1361 1361 1291 1291 1362 1362 1291 1291 1361 1361 1291 1291 1362 1362 1293 1293 1363 1363 1364 1364 1365 1365 1366 1366 1365 1365 1364 1364 1365 1365 1366 1366 1367 1367 1368 1368 1367 1367 1366 1366 1349 1349 1208 1208 1369 1369 1327 1327 1369 1369 1208 1208 1369 1369 1327 1327 1370 1370 1371 1371 1372 1372 1373 1373 1374 1374 1373 1373 1372 1372 1373 1373 1374 1374 1332 1332 1375 1375 1332 1332 1374 1374 1332 1332 1375 1375 1330 1330 1262 1262 1376 1376 1263 1263 1377 1377 1263 1263 1376 1376 1263 1263 1377 1377 1378 1378 1350 1350 1378 1378 1377 1377 1378 1378 1350 1350 1379 1379 1311 1311 1379 1379 1350 1350 1379 1379 1311 1311 1380 1380 1334 1334 1380 1380 1311 1311 1341 1341 1381 1381 1311 1311 1382 1382 1311 1311 1381 1381 1311 1311 1382 1382 1308 1308 1383 1383 1308 1308 1382 1382 1308 1308 1383 1383 1278 1278 1366 1366 1384 1384 1368 1368 1385 1385 1368 1368 1384 1384 1368 1368 1385 1385 1386 1386 1387 1387 1388 1388 1389 1389 1390 1390 1389 1389 1388 1388 1389 1389 1390 1390 1327 1327 1391 1391 1327 1327 1390 1390 1327 1327 1391 1391 1370 1370 1392 1392 1310 1310 1393 1393 1394 1394 1395 1395 1396 1396 1368 1368 1396 1396 1395 1395 1396 1396 1368 1368 1397 1397 1386 1386 1397 1397 1368 1368 1351 1351 1398 1398 1311 1311 1399 1399 1311 1311 1398 1398 1311 1311 1399 1399 1335 1335 1400 1400 1335 1335 1399 1399 1335 1335 1400 1400 1401 1401 1260 1260 1401 1401 1400 1400 1401 1401 1260 1260 1402 1402 1259 1259 1402 1402 1260 1260 1403 1403 1404 1404 1405 1405 1406 1406 1405 1405 1404 1404 1405 1405 1406 1406 1407 1407 1408 1408 1407 1407 1406 1406 1407 1407 1408 1408 1321 1321 1409 1409 1321 1321 1408 1408 1321 1321 1409 1409 1319 1319 1318 1318 1410 1410 1208 1208 1321 1321 1208 1208 1410 1410 1208 1208 1321 1321 1364 1364 1322 1322 1364 1364 1321 1321 1363 1363 1411 1411 1364 1364 1412 1412 1364 1364 1411 1411 1364 1364 1412 1412 1208 1208 1413 1413 1208 1208 1412 1412 1208 1208 1413 1413 1323 1323 1392 1392 1414 1414 1310 1310 1415 1415 1310 1310 1414 1414 1310 1310 1415 1415 1416 1416 1417 1417 1311 1311 1418 1418 1419 1419 1418 1418 1311 1311 1339 1339 1360 1360 1338 1338 1311 1311 1338 1338 1360 1360 1338 1338 1311 1311 1420 1420 1417 1417 1420 1420 1311 1311 1421 1421 1422 1422 1423 1423 1424 1424 1423 1423 1422 1422 1423 1423 1424 1424 1425 1425 1392 1392 1425 1425 1424 1424 1425 1425 1392 1392 1426 1426 1393 1393 1426 1426 1392 1392 1352 1352 1427 1427 1353 1353 1428 1428 1353 1353 1427 1427 1353 1353 1428 1428 1429 1429 1416 1416 1430 1430 1310 1310 1353 1353 1310 1310 1430 1430 1310 1310 1353 1353 1311 1311 1429 1429 1311 1311 1353 1353 1311 1311 1429 1429 1419 1419 1431 1431 1432 1432 1433 1433 1434 1434 1433 1433 1432 1432 1433 1433 1434 1434 1435 1435 1436 1436 1433 1433 1437 1437 1438 1438 1437 1437 1433 1433 1436 1436 1439 1439 1433 1433 1440 1440 1433 1433 1439 1439 1433 1433 1440 1440 1441 1441 1442 1442 1443 1443 1444 1444 1445 1445 1446 1446 1447 1447 1448 1448 1449 1449 1450 1450 1451 1451 1452 1452 1453 1453 1454 1454 1453 1453 1452 1452 1453 1453 1454 1454 1455 1455 1456 1456 1455 1455 1454 1454 1455 1455 1456 1456 1457 1457 1458 1458 1457 1457 1456 1456 1435 1435 1459 1459 1433 1433 1460 1460 1433 1433 1459 1459 1433 1433 1460 1460 1442 1442 1461 1461 1442 1442 1460 1460 1442 1442 1461 1461 1443 1443 1445 1445 1447 1447 1462 1462 1463 1463 1464 1464 1465 1465 1448 1448 1450 1450 1466 1466 1456 1456 1467 1467 1458 1458 1468 1468 1458 1458 1467 1467 1458 1458 1468 1468 1469 1469 1470 1470 1469 1469 1468 1468 1469 1469 1470 1470 1471 1471 1472 1472 1471 1471 1470 1470 1471 1471 1472 1472 1473 1473 1474 1474 1475 1475 1476 1476 1473 1473 1477 1477 1471 1471 1478 1478 1471 1471 1477 1477 1471 1471 1478 1478 1479 1479 1449 1449 1480 1480 1450 1450 1481 1481 1450 1450 1480 1480 1450 1450 1481 1481 1482 1482 1483 1483 1482 1482 1481 1481 1482 1482 1483 1483 1484 1484 1485 1485 1484 1484 1483 1483 1484 1484 1485 1485 1486 1486 1487 1487 1488 1488 1489 1489 1490 1490 1489 1489 1488 1488 1489 1489 1490 1490 1491 1491 1492 1492 1491 1491 1490 1490 1491 1491 1492 1492 1451 1451 1493 1493 1451 1451 1492 1492 1451 1451 1493 1493 1452 1452 1494 1494 1431 1431 1495 1495 1433 1433 1495 1495 1431 1431 1495 1495 1433 1433 1496 1496 1441 1441 1496 1496 1433 1433 1446 1446 1497 1497 1447 1447 1498 1498 1447 1447 1497 1497 1447 1447 1498 1498 1499 1499 1500 1500 1499 1499 1498 1498 1499 1499 1500 1500 1501 1501 1502 1502 1503 1503 1504 1504 1505 1505 1504 1504 1503 1503 1504 1504 1505 1505 1506 1506 1507 1507 1506 1506 1505 1505 1506 1506 1507 1507 1508 1508 1504 1504 1509 1509 1502 1502 1510 1510 1502 1502 1509 1509 1502 1502 1510 1510 1511 1511 1512 1512 1513 1513 1489 1489 1514 1514 1489 1489 1513 1513 1489 1489 1514 1514 1487 1487 1515 1515 1516 1516 1494 1494 1517 1517 1494 1494 1516 1516 1494 1494 1517 1517 1518 1518 1519 1519 1520 1520 1521 1521 1522 1522 1523 1523 1524 1524 1464 1464 1525 1525 1465 1465 1526 1526 1465 1465 1525 1525 1465 1465 1526 1526 1527 1527 1528 1528 1527 1527 1526 1526 1527 1527 1528 1528 1529 1529 1475 1475 1530 1530 1476 1476 1531 1531 1476 1476 1530 1530 1476 1476 1531 1531 1532 1532 1533 1533 1534 1534 1535 1535 1536 1536 1537 1537 1538 1538 1444 1444 1539 1539 1442 1442 1540 1540 1442 1442 1539 1539 1442 1442 1540 1540 1524 1524 1541 1541 1542 1542 1442 1442 1543 1543 1442 1442 1542 1542 1543 1543 1544 1544 1442 1442 1545 1545 1442 1442 1544 1544 1442 1442 1545 1545 1546 1546 1478 1478 1466 1466 1479 1479 1450 1450 1479 1479 1466 1466 1479 1479 1450 1450 1524 1524 1547 1547 1524 1524 1450 1450 1524 1524 1547 1547 1522 1522 1524 1524 1548 1548 1549 1549 1534 1534 1550 1550 1535 1535 1551 1551 1535 1535 1550 1550 1535 1535 1551 1551 1552 1552 1520 1520 1519 1519 1553 1553 1554 1554 1553 1553 1519 1519 1553 1553 1554 1554 1555 1555 1556 1556 1555 1555 1554 1554 1555 1555 1556 1556 1557 1557 1558 1558 1559 1559 1518 1518 1560 1560 1518 1518 1559 1559 1518 1518 1560 1560 1494 1494 1561 1561 1494 1494 1560 1560 1494 1494 1561 1561 1562 1562 1511 1511 1513 1513 1502 1502 1512 1512 1502 1502 1513 1513 1502 1502 1512 1512 1563 1563 1494 1494 1563 1563 1512 1512 1563 1563 1494 1494 1564 1564 1562 1562 1564 1564 1494 1494 1535 1535 1565 1565 1524 1524 1566 1566 1524 1524 1565 1565 1524 1524 1566 1566 1442 1442 1567 1567 1442 1442 1566 1566 1442 1442 1567 1567 1541 1541 1465 1465 1568 1568 1524 1524 1569 1569 1524 1524 1568 1568 1524 1524 1569 1569 1570 1570 1571 1571 1572 1572 1573 1573 1571 1571 1573 1573 1574 1574 1575 1575 1574 1574 1573 1573 1574 1574 1575 1575 1531 1531 1576 1576 1531 1531 1575 1575 1531 1531 1576 1576 1532 1532 1476 1476 1577 1577 1524 1524 1578 1578 1524 1524 1577 1577 1524 1524 1578 1578 1535 1535 1579 1579 1535 1535 1578 1578 1535 1535 1579 1579 1533 1533 1536 1536 1538 1538 1580 1580 1581 1581 1580 1580 1538 1538 1580 1580 1581 1581 1518 1518 1582 1582 1518 1518 1581 1581 1518 1518 1582 1582 1558 1558 1523 1523 1583 1583 1524 1524 1584 1584 1524 1524 1583 1583 1524 1524 1584 1584 1465 1465 1585 1585 1465 1465 1584 1584 1465 1465 1585 1585 1463 1463 1462 1462 1447 1447 1586 1586 1587 1587 1586 1586 1447 1447 1586 1586 1587 1587 1588 1588 1549 1549 1589 1589 1524 1524 1590 1590 1524 1524 1589 1589 1524 1524 1590 1590 1476 1476 1591 1591 1476 1476 1590 1590 1476 1476 1591 1591 1474 1474 1592 1592 1593 1593 1594 1594 1592 1592 1594 1594 1595 1595 1596 1596 1595 1595 1594 1594 1595 1595 1596 1596 1551 1551 1597 1597 1551 1551 1596 1596 1551 1551 1597 1597 1552 1552 1598 1598 1599 1599 1600 1600 1601 1601 1600 1600 1599 1599 1601 1601 1602 1602 1600 1600 1603 1603 1600 1600 1602 1602 1600 1600 1603 1603 1604 1604 1605 1605 1604 1604 1603 1603 1604 1604 1605 1605 1606 1606 1607 1607 1606 1606 1605 1605 1606 1606 1607 1607 1608 1608 1598 1598 1600 1600 1495 1495 1609 1609 1495 1495 1600 1600 1495 1495 1609 1609 1610 1610 1611 1611 1612 1612 1494 1494 1613 1613 1494 1494 1612 1612 1570 1570 1614 1614 1524 1524 1588 1588 1524 1524 1614 1614 1524 1524 1588 1588 1548 1548 1587 1587 1548 1548 1588 1588 1610 1610 1615 1615 1495 1495 1616 1616 1495 1495 1615 1615 1495 1495 1616 1616 1494 1494 1617 1617 1494 1494 1616 1616 1494 1494 1617 1617 1611 1611 1521 1521 1618 1618 1519 1519 1619 1619 1519 1519 1618 1618 1519 1519 1619 1619 1613 1613 1620 1620 1613 1613 1619 1619 1613 1613 1620 1620 1494 1494 1621 1621 1494 1494 1620 1620 1494 1494 1621 1621 1515 1515 1622 1622 1623 1623 1624 1624 1625 1625 1624 1624 1623 1623 1626 1626 1627 1627 1628 1628 1629 1629 1628 1628 1627 1627 1630 1630 1631 1631 1632 1632 1633 1633 1632 1632 1631 1631 1634 1634 1635 1635 1636 1636 1637 1637 1636 1636 1635 1635 1638 1638 1639 1639 1640 1640 1641 1641 1640 1640 1639 1639 1642 1642 1643 1643 1644 1644 1645 1645 1644 1644 1643 1643 1646 1646 1647 1647 1648 1648 1649 1649 1648 1648 1647 1647 1650 1650 1651 1651 1652 1652 1653 1653 1652 1652 1651 1651 1654 1654 1655 1655 1656 1656 1657 1657 1656 1656 1655 1655 1658 1658 1659 1659 1660 1660 1661 1661 1660 1660 1659 1659 1662 1662 1663 1663 1664 1664 1665 1665 1664 1664 1663 1663 1666 1666 1667 1667 1668 1668 1669 1669 1668 1668 1667 1667 1670 1670 1671 1671 1672 1672 1673 1673 1672 1672 1671 1671 1672 1672 1673 1673 1674 1674 1675 1675 1674 1674 1673 1673 1674 1674 1675 1675 1676 1676 1677 1677 1676 1676 1675 1675 1676 1676 1677 1677 1678 1678 1679 1679 1678 1678 1677 1677 1678 1678 1679 1679 1680 1680 1681 1681 1680 1680 1679 1679 1680 1680 1681 1681 1682 1682 1683 1683 1682 1682 1681 1681 1684 1684 1685 1685 1686 1686 1687 1687 1686 1686 1685 1685 1686 1686 1687 1687 1688 1688 291 291 1689 1689 292 292 1690 1690 292 292 1689 1689 292 292 1690 1690 290 290 1691 1691 290 290 1690 1690 290 290 1691 1691 353 353 327 327 26 26 1692 1692 1693 1693 1692 1692 26 26 1693 1693 26 26 1694 1694 28 28 1694 1694 26 26 1694 1694 28 28 332 332 1695 1695 1696 1696 1697 1697 1698 1698 1697 1697 1696 1696 1699 1699 1700 1700 1701 1701 1702 1702 1701 1701 1700 1700 1701 1701 1702 1702 1703 1703 1703 1703 1702 1702 1704 1704 1705 1705 1704 1704 1702 1702 1704 1704 1705 1705 1706 1706 1707 1707 1706 1706 1705 1705 1706 1706 1707 1707 1708 1708 1709 1709 1708 1708 1707 1707 1708 1708 1709 1709 1710 1710 1711 1711 1710 1710 1709 1709 1710 1710 1711 1711 1712 1712 1713 1713 1712 1712 1711 1711 1712 1712 1713 1713 1714 1714 1715 1715 1716 1716 1717 1717 1718 1718 1717 1717 1716 1716 1719 1719 1720 1720 1721 1721 1722 1722 1721 1721 1720 1720 1721 1721 1722 1722 1723 1723 1724 1724 1725 1725 1726 1726 1727 1727 1726 1726 1725 1725 1726 1726 1727 1727 1728 1728 1729 1729 1728 1728 1727 1727 1728 1728 1729 1729 1730 1730 1731 1731 1730 1730 1729 1729 1730 1730 1731 1731 1732 1732 1733 1733 1732 1732 1731 1731 1732 1732 1733 1733 1734 1734 1735 1735 1734 1734 1733 1733 1734 1734 1735 1735 1736 1736 1737 1737 1736 1736 1735 1735 1736 1736 1737 1737 1738 1738 1739 1739 1738 1738 1737 1737 1738 1738 1739 1739 1740 1740 1741 1741 1740 1740 1739 1739 1740 1740 1741 1741 1742 1742 1743 1743 1742 1742 1741 1741 1742 1742 1743 1743 1744 1744 1745 1745 1744 1744 1743 1743 1744 1744 1745 1745 1746 1746 1747 1747 1746 1746 1745 1745 1746 1746 1747 1747 1748 1748 1749 1749 1748 1748 1747 1747 1750 1750 1751 1751 1752 1752 1753 1753 1752 1752 1751 1751 1754 1754 1755 1755 1756 1756 1757 1757 1756 1756 1755 1755 1758 1758 1759 1759 1760 1760 1761 1761 1760 1760 1759 1759 1760 1760 1761 1761 1762 1762 1763 1763 1762 1762 1761 1761 1762 1762 1763 1763 1764 1764 1765 1765 1764 1764 1763 1763 1764 1764 1765 1765 1766 1766 1767 1767 1766 1766 1765 1765 1766 1766 1767 1767 1768 1768 1769 1769 1768 1768 1767 1767 1768 1768 1769 1769 1770 1770 1771 1771 1770 1770 1769 1769 1770 1770 1771 1771 1772 1772 1773 1773 1772 1772 1771 1771 1772 1772 1773 1773 1774 1774 1775 1775 1774 1774 1773 1773 1774 1774 1775 1775 1776 1776 1777 1777 1776 1776 1775 1775 1776 1776 1777 1777 1778 1778 1779 1779 1778 1778 1777 1777 1778 1778 1779 1779 1780 1780 1781 1781 1780 1780 1779 1779 1780 1780 1781 1781 1782 1782 1783 1783 1782 1782 1781 1781 1784 1784 1785 1785 1786 1786 1787 1787 1786 1786 1785 1785 1788 1788 1789 1789 1790 1790 1791 1791 1790 1790 1789 1789 1792 1792 1793 1793 1794 1794 1795 1795 1794 1794 1793 1793 1794 1794 1795 1795 1796 1796 1797 1797 1796 1796 1795 1795 1796 1796 1797 1797 1798 1798 1799 1799 1798 1798 1797 1797 1798 1798 1799 1799 1800 1800 1801 1801 1800 1800 1799 1799 1800 1800 1801 1801 1802 1802 1803 1803 1802 1802 1801 1801 1802 1802 1803 1803 1804 1804 1805 1805 1804 1804 1803 1803 1804 1804 1805 1805 1806 1806 1807 1807 1806 1806 1805 1805 1806 1806 1807 1807 1808 1808 1809 1809 1808 1808 1807 1807 1808 1808 1809 1809 1810 1810 1811 1811 1810 1810 1809 1809 1810 1810 1811 1811 1812 1812 1813 1813 1812 1812 1811 1811 1812 1812 1813 1813 1814 1814 1815 1815 1814 1814 1813 1813 1814 1814 1815 1815 1816 1816 1817 1817 1816 1816 1815 1815 1818 1818 1819 1819 1820 1820 1821 1821 1820 1820 1819 1819 1822 1822 1823 1823 1824 1824 1825 1825 1824 1824 1823 1823 1826 1826 1827 1827 1828 1828 1829 1829 1828 1828 1827 1827 1828 1828 1829 1829 1830 1830 1831 1831 1830 1830 1829 1829 1830 1830 1831 1831 1832 1832 1833 1833 1832 1832 1831 1831 1832 1832 1833 1833 1834 1834 1835 1835 1834 1834 1833 1833 1834 1834 1835 1835 1836 1836 1837 1837 1836 1836 1835 1835 1836 1836 1837 1837 1838 1838 1839 1839 1838 1838 1837 1837 1838 1838 1839 1839 1840 1840 1841 1841 1840 1840 1839 1839 1840 1840 1841 1841 1842 1842 1843 1843 1842 1842 1841 1841 1842 1842 1843 1843 1844 1844 1845 1845 1844 1844 1843 1843 1844 1844 1845 1845 1846 1846 1847 1847 1846 1846 1845 1845 1846 1846 1847 1847 1848 1848 1849 1849 1848 1848 1847 1847 1848 1848 1849 1849 1850 1850 1851 1851 1850 1850 1849 1849 1852 1852 1853 1853 1854 1854 1855 1855 1854 1854 1853 1853 1856 1856 1857 1857 1858 1858 1859 1859 1858 1858 1857 1857 1860 1860 1861 1861 1862 1862 1863 1863 1862 1862 1861 1861 1862 1862 1863 1863 1864 1864 1865 1865 1864 1864 1863 1863 1864 1864 1865 1865 1866 1866 1867 1867 1866 1866 1865 1865 1866 1866 1867 1867 1868 1868 1869 1869 1868 1868 1867 1867 1868 1868 1869 1869 1870 1870 1871 1871 1870 1870 1869 1869 1870 1870 1871 1871 1872 1872 1873 1873 1872 1872 1871 1871 1872 1872 1873 1873 1874 1874 1875 1875 1874 1874 1873 1873 1874 1874 1875 1875 1876 1876 1877 1877 1876 1876 1875 1875 1876 1876 1877 1877 1878 1878 1879 1879 1878 1878 1877 1877 1878 1878 1879 1879 1880 1880 1881 1881 1880 1880 1879 1879 1880 1880 1881 1881 1882 1882 1883 1883 1882 1882 1881 1881 1882 1882 1883 1883 1884 1884 1885 1885 1884 1884 1883 1883 1886 1886 1887 1887 1888 1888 1889 1889 1888 1888 1887 1887 1890 1890 1891 1891 1892 1892 1893 1893 1892 1892 1891 1891 1894 1894 1895 1895 1896 1896 1897 1897 1896 1896 1895 1895 1896 1896 1897 1897 1898 1898 1899 1899 1898 1898 1897 1897 1898 1898 1899 1899 1900 1900 1901 1901 1900 1900 1899 1899 1900 1900 1901 1901 1902 1902 1903 1903 1902 1902 1901 1901 1902 1902 1903 1903 1904 1904 1905 1905 1904 1904 1903 1903 1904 1904 1905 1905 1906 1906 1907 1907 1906 1906 1905 1905 1906 1906 1907 1907 1908 1908 1909 1909 1908 1908 1907 1907 1908 1908 1909 1909 1910 1910 1911 1911 1910 1910 1909 1909 1910 1910 1911 1911 1912 1912 1913 1913 1912 1912 1911 1911 1912 1912 1913 1913 1914 1914 1915 1915 1914 1914 1913 1913 1914 1914 1915 1915 1916 1916 1917 1917 1916 1916 1915 1915 1916 1916 1917 1917 1918 1918 1919 1919 1918 1918 1917 1917 1920 1920 1921 1921 1922 1922 1923 1923 1922 1922 1921 1921 1924 1924 1925 1925 1926 1926 1927 1927 1926 1926 1925 1925 1928 1928 1929 1929 1930 1930 1931 1931 1930 1930 1929 1929 1930 1930 1931 1931 1932 1932 1933 1933 1932 1932 1931 1931 1932 1932 1933 1933 1934 1934 1935 1935 1934 1934 1933 1933 1934 1934 1935 1935 1936 1936 1937 1937 1936 1936 1935 1935 1936 1936 1937 1937 1938 1938 1939 1939 1938 1938 1937 1937 1938 1938 1939 1939 1940 1940 1941 1941 1940 1940 1939 1939 1940 1940 1941 1941 1942 1942 1943 1943 1942 1942 1941 1941 1942 1942 1943 1943 1944 1944 1945 1945 1944 1944 1943 1943 1944 1944 1945 1945 1946 1946 1947 1947 1946 1946 1945 1945 1946 1946 1947 1947 1948 1948 1949 1949 1948 1948 1947 1947 1948 1948 1949 1949 1950 1950 1951 1951 1950 1950 1949 1949 1950 1950 1951 1951 1952 1952 1953 1953 1952 1952 1951 1951 1954 1954 1955 1955 1956 1956 1957 1957 1956 1956 1955 1955 1958 1958 1959 1959 1960 1960 1961 1961 1960 1960 1959 1959 1962 1962 1963 1963 1964 1964 1965 1965 1964 1964 1963 1963 1964 1964 1965 1965 1966 1966 1967 1967 1966 1966 1965 1965 1966 1966 1967 1967 1968 1968 1969 1969 1968 1968 1967 1967 1968 1968 1969 1969 1970 1970 1971 1971 1970 1970 1969 1969 1970 1970 1971 1971 1972 1972 1973 1973 1972 1972 1971 1971 1972 1972 1973 1973 1974 1974 1975 1975 1974 1974 1973 1973 1974 1974 1975 1975 1976 1976 1977 1977 1976 1976 1975 1975 1976 1976 1977 1977 1978 1978 1979 1979 1978 1978 1977 1977 1978 1978 1979 1979 1980 1980 1981 1981 1980 1980 1979 1979 1980 1980 1981 1981 1982 1982 1983 1983 1982 1982 1981 1981 1982 1982 1983 1983 1984 1984 1985 1985 1984 1984 1983 1983 1984 1984 1985 1985 1986 1986 1987 1987 1986 1986 1985 1985 1988 1988 1989 1989 1990 1990 1991 1991 1990 1990 1989 1989 1992 1992 1993 1993 1994 1994 1995 1995 1994 1994 1993 1993 1996 1996 1997 1997 1998 1998 1999 1999 1998 1998 1997 1997 1998 1998 1999 1999 2000 2000 2001 2001 2000 2000 1999 1999 2000 2000 2001 2001 2002 2002 2003 2003 2002 2002 2001 2001 2002 2002 2003 2003 2004 2004 2005 2005 2004 2004 2003 2003 2004 2004 2005 2005 2006 2006 2007 2007 2006 2006 2005 2005 2006 2006 2007 2007 2008 2008 2009 2009 2008 2008 2007 2007 2008 2008 2009 2009 2010 2010 2011 2011 2010 2010 2009 2009 2010 2010 2011 2011 2012 2012 2013 2013 2012 2012 2011 2011 2012 2012 2013 2013 2014 2014 2015 2015 2014 2014 2013 2013 2014 2014 2015 2015 2016 2016 2017 2017 2016 2016 2015 2015 2016 2016 2017 2017 2018 2018 2019 2019 2018 2018 2017 2017 2018 2018 2019 2019 2020 2020 2021 2021 2020 2020 2019 2019 2022 2022 2023 2023 2024 2024 2025 2025 2024 2024 2023 2023 2026 2026 2027 2027 2028 2028 2029 2029 2028 2028 2027 2027 2030 2030 2031 2031 2032 2032 2033 2033 2032 2032 2031 2031 2032 2032 2033 2033 2034 2034 2035 2035 2034 2034 2033 2033 2034 2034 2035 2035 2036 2036 2037 2037 2036 2036 2035 2035 2036 2036 2037 2037 2038 2038 2039 2039 2038 2038 2037 2037 2038 2038 2039 2039 2040 2040 2041 2041 2040 2040 2039 2039 2040 2040 2041 2041 2042 2042 2043 2043 2042 2042 2041 2041 2042 2042 2043 2043 2044 2044 2045 2045 2044 2044 2043 2043 2044 2044 2045 2045 2046 2046 2047 2047 2046 2046 2045 2045 2046 2046 2047 2047 2048 2048 2049 2049 2048 2048 2047 2047 2048 2048 2049 2049 2050 2050 2051 2051 2050 2050 2049 2049 2050 2050 2051 2051 2052 2052 2053 2053 2052 2052 2051 2051 2052 2052 2053 2053 2054 2054 2055 2055 2054 2054 2053 2053 2056 2056 2057 2057 2058 2058 2056 2056 2058 2058 2059 2059 2060 2060 2059 2059 2058 2058 2059 2059 2060 2060 2061 2061 2062 2062 2063 2063 2064 2064 2065 2065 2064 2064 2063 2063 2066 2066 2067 2067 2068 2068 2069 2069 2068 2068 2067 2067 2068 2068 2069 2069 2070 2070 2071 2071 2070 2070 2069 2069 2070 2070 2071 2071 2072 2072 2073 2073 2072 2072 2071 2071 2072 2072 2073 2073 2074 2074 2075 2075 2074 2074 2073 2073 2074 2074 2075 2075 2076 2076 2077 2077 2076 2076 2075 2075 2076 2076 2077 2077 2078 2078 2079 2079 2078 2078 2077 2077 2078 2078 2079 2079 2080 2080 2081 2081 2080 2080 2079 2079 2080 2080 2081 2081 2082 2082 2083 2083 2082 2082 2081 2081 2082 2082 2083 2083 2084 2084 2085 2085 2084 2084 2083 2083 2084 2084 2085 2085 2086 2086 2087 2087 2086 2086 2085 2085 2086 2086 2087 2087 2088 2088 2089 2089 2088 2088 2087 2087 2088 2088 2089 2089 2090 2090 2091 2091 2090 2090 2089 2089 2092 2092 2093 2093 2094 2094 2095 2095 2094 2094 2093 2093 2094 2094 2095 2095 2096 2096 2097 2097 2098 2098 2099 2099 2100 2100 2099 2099 2098 2098 2099 2099 2100 2100 2101 2101 2102 2102 2103 2103 2104 2104 2105 2105 2104 2104 2103 2103 2104 2104 2105 2105 2106 2106 2107 2107 2106 2106 2105 2105 2106 2106 2107 2107 2108 2108 2109 2109 2108 2108 2107 2107 2108 2108 2109 2109 2110 2110 2111 2111 2110 2110 2109 2109 2110 2110 2111 2111 2112 2112 2113 2113 2112 2112 2111 2111 2112 2112 2113 2113 2114 2114 2115 2115 2114 2114 2113 2113 2114 2114 2115 2115 2116 2116 2117 2117 2116 2116 2115 2115 2116 2116 2117 2117 2118 2118 2119 2119 2118 2118 2117 2117 2118 2118 2119 2119 2120 2120 2121 2121 2120 2120 2119 2119 2120 2120 2121 2121 2122 2122 2123 2123 2122 2122 2121 2121 2122 2122 2123 2123 2124 2124 2125 2125 2124 2124 2123 2123 2124 2124 2125 2125 2126 2126 2127 2127 2126 2126 2125 2125 2128 2128 2129 2129 2130 2130 2131 2131 2130 2130 2129 2129 2132 2132 2133 2133 2134 2134 2135 2135 2134 2134 2133 2133 2136 2136 2137 2137 2138 2138 2139 2139 2138 2138 2137 2137 2140 2140 2141 2141 2142 2142 2143 2143 2142 2142 2141 2141 2144 2144 2145 2145 2146 2146 2147 2147 2146 2146 2145 2145 2148 2148 2149 2149 2150 2150 2151 2151 2150 2150 2149 2149 2152 2152 2153 2153 2154 2154 2155 2155 2154 2154 2153 2153 2156 2156 2157 2157 2158 2158 2159 2159 2158 2158 2157 2157 2160 2160 2161 2161 2162 2162 2163 2163 2162 2162 2161 2161 2164 2164 2165 2165 2166 2166 2167 2167 2166 2166 2165 2165 2166 2166 2167 2167 2168 2168 2169 2169 2170 2170 2171 2171 2172 2172 2171 2171 2170 2170 2173 2173 2174 2174 2175 2175 2176 2176 2175 2175 2174 2174 2177 2177 2178 2178 2179 2179 2180 2180 2179 2179 2178 2178 2181 2181 2182 2182 2183 2183 2184 2184 2183 2183 2182 2182 2183 2183 2184 2184 2185 2185 2186 2186 2185 2185 2184 2184 2185 2185 2186 2186 2187 2187 2188 2188 2187 2187 2186 2186 2187 2187 2188 2188 2189 2189 2190 2190 2189 2189 2188 2188 2189 2189 2190 2190 2191 2191 2192 2192 2191 2191 2190 2190 2191 2191 2192 2192 2193 2193 2194 2194 2193 2193 2192 2192 2193 2193 2194 2194 2195 2195 2196 2196 2195 2195 2194 2194 2195 2195 2196 2196 2197 2197 2198 2198 2197 2197 2196 2196 2197 2197 2198 2198 2199 2199 2200 2200 2199 2199 2198 2198 2199 2199 2200 2200 2201 2201 2202 2202 2201 2201 2200 2200 2201 2201 2202 2202 2203 2203 2204 2204 2203 2203 2202 2202 2203 2203 2204 2204 2205 2205 2206 2206 2205 2205 2204 2204 2205 2205 2206 2206 2207 2207 2208 2208 2207 2207 2206 2206 2207 2207 2208 2208 2209 2209 2210 2210 2209 2209 2208 2208 2209 2209 2210 2210 2211 2211 2212 2212 2211 2211 2210 2210 2211 2211 2212 2212 2213 2213 2214 2214 2213 2213 2212 2212 2213 2213 2214 2214 2215 2215 2216 2216 2215 2215 2214 2214 2215 2215 2216 2216 2217 2217 2218 2218 2217 2217 2216 2216 2217 2217 2218 2218 2219 2219 2220 2220 2219 2219 2218 2218 2219 2219 2220 2220 2221 2221 2222 2222 2221 2221 2220 2220 2221 2221 2222 2222 2223 2223 2224 2224 2223 2223 2222 2222 2223 2223 2224 2224 2225 2225 2226 2226 2225 2225 2224 2224 2225 2225 2226 2226 2227 2227 2228 2228 2227 2227 2226 2226 2227 2227 2228 2228 2181 2181 2182 2182 2181 2181 2228 2228 2229 2229 2230 2230 2231 2231 2232 2232 2233 2233 2230 2230 2234 2234 2230 2230 2233 2233 2230 2230 2234 2234 2235 2235 2231 2231 2236 2236 2229 2229 2237 2237 2229 2229 2236 2236 2229 2229 2237 2237 2238 2238 2235 2235 2239 2239 2230 2230 2240 2240 2230 2230 2239 2239 2230 2230 2240 2240 2241 2241 2241 2241 2242 2242 2230 2230 2243 2243 2230 2230 2242 2242 2230 2230 2243 2243 2231 2231 2238 2238 2244 2244 2229 2229 2245 2245 2229 2229 2244 2244 2229 2229 2245 2245 2246 2246 2247 2247 2248 2248 2249 2249 2250 2250 2249 2249 2248 2248 2249 2249 2250 2250 2238 2238 2251 2251 2238 2238 2250 2250 2238 2238 2251 2251 2244 2244 2252 2252 2253 2253 2254 2254 2252 2252 2254 2254 2245 2245 2255 2255 2245 2245 2254 2254 2245 2245 2255 2255 2246 2246 2256 2256 2257 2257 2258 2258 2259 2259 2260 2260 2261 2261 2262 2262 2263 2263 2264 2264 2265 2265 2266 2266 2267 2267 2268 2268 2267 2267 2266 2266 2267 2267 2268 2268 2264 2264 2269 2269 2264 2264 2268 2268 2264 2264 2269 2269 2262 2262 2261 2261 2260 2260 2267 2267 2270 2270 2267 2267 2260 2260 2267 2267 2270 2270 2265 2265 2259 2259 2261 2261 2271 2271 2272 2272 2271 2271 2261 2261 2271 2271 2272 2272 2273 2273 2274 2274 2273 2273 2272 2272 2273 2273 2274 2274 2275 2275 2275 2275 2274 2274 2276 2276 2277 2277 2276 2276 2274 2274 2276 2276 2277 2277 2278 2278 2279 2279 2280 2280 2277 2277 2281 2281 2277 2277 2280 2280 2277 2277 2281 2281 2278 2278 2282 2282 2283 2283 2279 2279 2284 2284 2279 2279 2283 2283 2279 2279 2284 2284 2280 2280 2285 2285 2286 2286 2282 2282 2287 2287 2282 2282 2286 2286 2282 2282 2287 2287 2283 2283 2288 2288 2289 2289 2290 2290 2291 2291 2290 2290 2289 2289 2290 2290 2291 2291 2292 2292 2292 2292 2291 2291 2293 2293 2294 2294 2293 2293 2291 2291 2293 2293 2294 2294 2295 2295 2258 2258 2257 2257 2294 2294 2296 2296 2294 2294 2257 2257 2294 2294 2296 2296 2295 2295 2256 2256 2258 2258 2297 2297 2298 2298 2297 2297 2258 2258 2297 2297 2298 2298 2299 2299 2300 2300 2299 2299 2298 2298 2299 2299 2300 2300 2301 2301 2301 2301 2300 2300 2302 2302 2303 2303 2302 2302 2300 2300 2302 2302 2303 2303 2304 2304 2304 2304 2303 2303 2305 2305 2306 2306 2305 2305 2303 2303 2305 2305 2306 2306 2307 2307 2307 2307 2306 2306 2308 2308 2309 2309 2308 2308 2306 2306 2308 2308 2309 2309 2310 2310 2311 2311 2312 2312 2309 2309 2313 2313 2309 2309 2312 2312 2309 2309 2313 2313 2310 2310 2288 2288 2314 2314 2289 2289 2315 2315 2289 2289 2314 2314 2289 2289 2315 2315 2316 2316 2317 2317 2316 2316 2315 2315 2316 2316 2317 2317 2318 2318 2319 2319 2318 2318 2317 2317 2318 2318 2319 2319 2285 2285 2320 2320 2285 2285 2319 2319 2285 2285 2320 2320 2286 2286 2262 2262 2321 2321 2263 2263 2322 2322 2263 2263 2321 2321 2263 2263 2322 2322 2323 2323 2324 2324 2323 2323 2322 2322 2323 2323 2324 2324 2325 2325 2326 2326 2325 2325 2324 2324 2325 2325 2326 2326 2311 2311 2327 2327 2311 2311 2326 2326 2311 2311 2327 2327 2312 2312 2328 2328 2329 2329 2330 2330 2331 2331 2330 2330 2329 2329 2330 2330 2331 2331 2332 2332 2333 2333 2332 2332 2331 2331 2332 2332 2333 2333 2334 2334 2335 2335 2334 2334 2333 2333 2334 2334 2335 2335 2336 2336 2337 2337 2336 2336 2335 2335 2336 2336 2337 2337 2338 2338 2339 2339 2338 2338 2337 2337 2338 2338 2339 2339 2340 2340 2341 2341 2340 2340 2339 2339 2340 2340 2341 2341 2342 2342 2343 2343 2342 2342 2341 2341 2342 2342 2343 2343 2344 2344 2345 2345 2344 2344 2343 2343 2344 2344 2345 2345 2346 2346 2347 2347 2346 2346 2345 2345 2346 2346 2347 2347 2348 2348 2349 2349 2348 2348 2347 2347 2348 2348 2349 2349 2350 2350 2351 2351 2350 2350 2349 2349 2350 2350 2351 2351 2352 2352 2353 2353 2352 2352 2351 2351 2352 2352 2353 2353 2354 2354 2355 2355 2354 2354 2353 2353 2354 2354 2355 2355 2356 2356 2357 2357 2356 2356 2355 2355 2356 2356 2357 2357 2358 2358 2359 2359 2358 2358 2357 2357 2358 2358 2359 2359 2360 2360 2361 2361 2360 2360 2359 2359 2360 2360 2361 2361 2362 2362 2363 2363 2362 2362 2361 2361 2362 2362 2363 2363 2364 2364 2365 2365 2364 2364 2363 2363 2364 2364 2365 2365 2366 2366 2367 2367 2366 2366 2365 2365 2366 2366 2367 2367 2368 2368 2369 2369 2368 2368 2367 2367 2368 2368 2369 2369 2370 2370 2371 2371 2370 2370 2369 2369 2370 2370 2371 2371 2372 2372 2373 2373 2372 2372 2371 2371 2372 2372 2373 2373 2374 2374 2375 2375 2374 2374 2373 2373 2374 2374 2375 2375 2328 2328 2329 2329 2328 2328 2375 2375 2376 2376 2377 2377 2378 2378 2379 2379 2380 2380 2381 2381 2382 2382 2383 2383 2384 2384 2385 2385 2384 2384 2383 2383 2384 2384 2385 2385 2386 2386 2386 2386 2385 2385 2387 2387 2388 2388 2387 2387 2385 2385 2387 2387 2388 2388 2389 2389 2381 2381 2380 2380 2388 2388 2390 2390 2388 2388 2380 2380 2388 2388 2390 2390 2389 2389 2379 2379 2381 2381 2391 2391 2392 2392 2391 2391 2381 2381 2391 2391 2392 2392 2393 2393 2394 2394 2393 2393 2392 2392 2393 2393 2394 2394 2395 2395 2395 2395 2394 2394 2396 2396 2397 2397 2396 2396 2394 2394 2396 2396 2397 2397 2398 2398 2398 2398 2397 2397 2399 2399 2400 2400 2399 2399 2397 2397 2399 2399 2400 2400 2401 2401 2401 2401 2400 2400 2402 2402 2403 2403 2402 2402 2400 2400 2402 2402 2403 2403 2404 2404 2405 2405 2406 2406 2403 2403 2407 2407 2403 2403 2406 2406 2403 2403 2407 2407 2404 2404 2408 2408 2409 2409 2410 2410 2411 2411 2412 2412 2413 2413 2414 2414 2413 2413 2412 2412 2413 2413 2414 2414 2410 2410 2415 2415 2410 2410 2414 2414 2410 2410 2415 2415 2408 2408 2378 2378 2377 2377 2413 2413 2416 2416 2413 2413 2377 2377 2413 2413 2416 2416 2411 2411 2376 2376 2378 2378 2417 2417 2418 2418 2417 2417 2378 2378 2417 2417 2418 2418 2419 2419 2420 2420 2419 2419 2418 2418 2419 2419 2420 2420 2421 2421 2421 2421 2420 2420 2422 2422 2423 2423 2422 2422 2420 2420 2422 2422 2423 2423 2424 2424 2425 2425 2426 2426 2423 2423 2427 2427 2423 2423 2426 2426 2423 2423 2427 2427 2424 2424 2428 2428 2429 2429 2425 2425 2430 2430 2425 2425 2429 2429 2425 2425 2430 2430 2426 2426 2431 2431 2432 2432 2428 2428 2433 2433 2428 2428 2432 2432 2428 2428 2433 2433 2429 2429 2408 2408 2434 2434 2409 2409 2435 2435 2409 2409 2434 2434 2409 2409 2435 2435 2436 2436 2437 2437 2436 2436 2435 2435 2436 2436 2437 2437 2438 2438 2439 2439 2438 2438 2437 2437 2438 2438 2439 2439 2405 2405 2440 2440 2405 2405 2439 2439 2405 2405 2440 2440 2406 2406 2382 2382 2441 2441 2383 2383 2442 2442 2383 2383 2441 2441 2383 2383 2442 2442 2443 2443 2444 2444 2443 2443 2442 2442 2443 2443 2444 2444 2445 2445 2446 2446 2445 2445 2444 2444 2445 2445 2446 2446 2431 2431 2447 2447 2431 2431 2446 2446 2431 2431 2447 2447 2432 2432 2448 2448 2449 2449 2450 2450 2451 2451 2450 2450 2449 2449 2450 2450 2451 2451 2452 2452 2453 2453 2452 2452 2451 2451 2452 2452 2453 2453 2454 2454 2455 2455 2454 2454 2453 2453 2454 2454 2455 2455 2456 2456 2457 2457 2456 2456 2455 2455 2456 2456 2457 2457 2458 2458 2459 2459 2458 2458 2457 2457 2458 2458 2459 2459 2460 2460 2461 2461 2460 2460 2459 2459 2460 2460 2461 2461 2462 2462 2463 2463 2462 2462 2461 2461 2462 2462 2463 2463 2464 2464 2465 2465 2464 2464 2463 2463 2464 2464 2465 2465 2466 2466 2467 2467 2466 2466 2465 2465 2466 2466 2467 2467 2468 2468 2469 2469 2468 2468 2467 2467 2468 2468 2469 2469 2470 2470 2471 2471 2470 2470 2469 2469 2470 2470 2471 2471 2472 2472 2473 2473 2472 2472 2471 2471 2472 2472 2473 2473 2474 2474 2475 2475 2474 2474 2473 2473 2474 2474 2475 2475 2476 2476 2477 2477 2476 2476 2475 2475 2476 2476 2477 2477 2478 2478 2479 2479 2478 2478 2477 2477 2478 2478 2479 2479 2480 2480 2481 2481 2480 2480 2479 2479 2480 2480 2481 2481 2482 2482 2483 2483 2482 2482 2481 2481 2482 2482 2483 2483 2484 2484 2485 2485 2484 2484 2483 2483 2484 2484 2485 2485 2486 2486 2487 2487 2486 2486 2485 2485 2486 2486 2487 2487 2488 2488 2489 2489 2488 2488 2487 2487 2488 2488 2489 2489 2490 2490 2491 2491 2490 2490 2489 2489 2490 2490 2491 2491 2492 2492 2493 2493 2492 2492 2491 2491 2492 2492 2493 2493 2494 2494 2495 2495 2494 2494 2493 2493 2494 2494 2495 2495 2448 2448 2449 2449 2448 2448 2495 2495 2496 2496 2497 2497 2498 2498 2499 2499 2498 2498 2497 2497 2500 2500 2501 2501 2502 2502 2503 2503 2502 2502 2501 2501 2504 2504 2505 2505 2506 2506 2507 2507 2506 2506 2505 2505 2506 2506 2507 2507 2503 2503 2498 2498 2503 2503 2507 2507 2503 2503 2498 2498 2502 2502 2499 2499 2502 2502 2498 2498 2508 2508 2509 2509 2510 2510 2511 2511 2512 2512 2513 2513 2508 2508 2513 2513 2512 2512 2513 2513 2508 2508 2514 2514 2510 2510 2514 2514 2508 2508 2515 2515 2516 2516 2517 2517 2518 2518 2519 2519 2520 2520 2521 2521 2520 2520 2519 2519 2522 2522 2523 2523 2524 2524 2525 2525 2526 2526 2527 2527 2528 2528 2527 2527 2526 2526 2529 2529 2530 2530 2531 2531 2532 2532 2531 2531 2530 2530 2531 2531 2532 2532 2533 2533 2534 2534 2533 2533 2532 2532 2535 2535 2536 2536 2537 2537 2538 2538 2539 2539 2540 2540 2541 2541 2540 2540 2539 2539 2536 2536 2542 2542 2537 2537 2540 2540 2537 2537 2542 2542 2537 2537 2540 2540 2543 2543 2541 2541 2543 2543 2540 2540 2535 2535 2537 2537 2544 2544 2545 2545 2544 2544 2537 2537 2544 2544 2545 2545 2533 2533 2546 2546 2533 2533 2545 2545 2533 2533 2546 2546 2531 2531 2547 2547 2548 2548 2549 2549 2550 2550 2549 2549 2548 2548 2551 2551 2552 2552 2553 2553 2554 2554 2553 2553 2552 2552 2555 2555 2556 2556 2557 2557 2558 2558 2557 2557 2556 2556 2559 2559 2560 2560 2561 2561 2562 2562 2561 2561 2560 2560 2563 2563 2564 2564 2565 2565 2566 2566 2565 2565 2564 2564 2567 2567 2568 2568 2569 2569 2570 2570 2571 2571 2572 2572 2566 2566 2573 2573 2565 2565 2574 2574 2565 2565 2573 2573 2565 2565 2574 2574 2567 2567 2575 2575 2567 2567 2574 2574 2567 2567 2575 2575 2568 2568 2571 2571 2576 2576 2572 2572 2577 2577 2572 2572 2576 2576 2572 2572 2577 2577 2578 2578 2569 2569 2579 2579 2567 2567 2580 2580 2567 2567 2579 2579 2567 2567 2580 2580 2572 2572 2581 2581 2572 2572 2580 2580 2572 2572 2581 2581 2570 2570 2578 2578 2582 2582 2572 2572 2583 2583 2572 2572 2582 2582 2572 2572 2583 2583 2584 2584 2585 2585 2586 2586 2587 2587 2588 2588 2587 2587 2586 2586 2589 2589 2590 2590 2591 2591 2592 2592 2593 2593 2594 2594 2589 2589 2594 2594 2593 2593 2594 2594 2589 2589 2595 2595 2591 2591 2595 2595 2589 2589 2596 2596 2597 2597 2598 2598 2596 2596 2598 2598 2599 2599 2600 2600 2601 2601 2598 2598 2602 2602 2598 2598 2601 2601 2602 2602 2603 2603 2598 2598 2604 2604 2598 2598 2603 2603 2598 2598 2604 2604 2599 2599 2605 2605 2606 2606 2607 2607 2608 2608 2607 2607 2606 2606 2609 2609 2610 2610 2611 2611 2612 2612 2611 2611 2610 2610 2613 2613 2614 2614 2611 2611 2615 2615 2611 2611 2614 2614 2611 2611 2615 2615 2616 2616 2612 2612 2617 2617 2611 2611 2618 2618 2611 2611 2617 2617 2611 2611 2618 2618 2613 2613 2619 2619 2620 2620 2621 2621 2622 2622 2621 2621 2620 2620 2623 2623 2624 2624 2625 2625 2626 2626 2625 2625 2624 2624 2625 2625 2626 2626 2627 2627 2628 2628 2629 2629 2630 2630 2631 2631 2630 2630 2629 2629 2630 2630 2631 2631 2623 2623 2632 2632 2623 2623 2631 2631 2623 2623 2632 2632 2624 2624 2627 2627 2633 2633 2625 2625 2634 2634 2625 2625 2633 2633 2625 2625 2634 2634 2635 2635 2636 2636 2635 2635 2634 2634 2635 2635 2636 2636 2637 2637 2638 2638 2639 2639 2640 2640 2641 2641 2640 2640 2639 2639 2640 2640 2641 2641 2642 2642 2643 2643 2644 2644 2645 2645 2646 2646 2645 2645 2644 2644 2647 2647 2648 2648 2649 2649 2650 2650 2649 2649 2648 2648 2649 2649 2650 2650 2651 2651 2647 2647 2649 2649 2652 2652 2653 2653 2652 2652 2649 2649 2652 2652 2653 2653 2654 2654 2650 2650 2655 2655 2651 2651 2656 2656 2651 2651 2655 2655 2651 2651 2656 2656 2657 2657 2658 2658 2657 2657 2656 2656 2657 2657 2658 2658 2659 2659 2660 2660 2659 2659 2658 2658 2659 2659 2660 2660 2661 2661 2662 2662 2663 2663 2664 2664 2665 2665 2666 2666 2664 2664 2667 2667 2664 2664 2666 2666 2664 2664 2667 2667 2668 2668 2669 2669 2670 2670 2664 2664 2671 2671 2664 2664 2670 2670 2664 2664 2671 2671 2672 2672 2673 2673 2674 2674 2664 2664 2675 2675 2664 2664 2674 2674 2664 2664 2675 2675 2676 2676 2677 2677 2678 2678 2679 2679 2664 2664 2679 2679 2678 2678 2679 2679 2664 2664 2680 2680 2672 2672 2680 2680 2664 2664 2676 2676 2681 2681 2664 2664 2682 2682 2664 2664 2681 2681 2664 2664 2682 2682 2662 2662 2663 2663 2683 2683 2664 2664 2684 2684 2664 2664 2683 2683 2664 2664 2684 2684 2665 2665 2685 2685 2686 2686 2687 2687 2688 2688 2687 2687 2686 2686 2687 2687 2688 2688 2664 2664 2689 2689 2664 2664 2688 2688 2664 2664 2689 2689 2673 2673 2668 2668 2690 2690 2664 2664 2691 2691 2664 2664 2690 2690 2664 2664 2691 2691 2669 2669 2692 2692 2693 2693 2694 2694 2695 2695 2694 2694 2693 2693 2696 2696 2697 2697 2694 2694 2698 2698 2694 2694 2697 2697 2694 2694 2698 2698 2699 2699 2695 2695 2700 2700 2694 2694 2701 2701 2694 2694 2700 2700 2694 2694 2701 2701 2696 2696 2702 2702 2703 2703 2704 2704 2524 2524 2523 2523 2705 2705 2702 2702 2705 2705 2523 2523 2702 2702 2704 2704 2705 2705 2706 2706 2705 2705 2704 2704 2705 2705 2706 2706 2707 2707 2706 2706 2708 2708 2707 2707 2709 2709 2707 2707 2708 2708 2707 2707 2709 2709 2710 2710 2709 2709 2711 2711 2710 2710 2712 2712 2710 2710 2711 2711 2710 2710 2712 2712 2713 2713 2712 2712 2714 2714 2713 2713 2715 2715 2713 2713 2714 2714 2713 2713 2715 2715 2716 2716 2527 2527 2528 2528 2717 2717 2716 2716 2717 2717 2528 2528 2717 2717 2716 2716 2718 2718 2715 2715 2718 2718 2716 2716 2166 2166 2168 2168 2719 2719 2166 2166 2719 2719 2720 2720 2721 2721 2720 2720 2719 2719 2720 2720 2721 2721 2722 2722 782 782 781 781 2723 2723 2724 2724 2723 2723 781 781 2725 2725 2726 2726 2724 2724 2727 2727 2724 2724 2726 2726 2724 2724 2727 2727 2723 2723 2728 2728 2729 2729 2725 2725 2730 2730 2725 2725 2729 2729 2725 2725 2730 2730 2726 2726 2725 2725 2731 2731 2728 2728 2732 2732 2728 2728 2731 2731 2728 2728 2732 2732 2733 2733 2734 2734 2733 2733 2732 2732 2733 2733 2734 2734 2735 2735 861 861 2735 2735 2734 2734 2735 2735 861 861 860 860 2526 2526 2525 2525 2736 2736 2526 2526 2736 2736 2737 2737 2738 2738 2737 2737 2736 2736 2737 2737 2738 2738 2739 2739 2740 2740 2739 2739 2738 2738 2739 2739 2740 2740 2741 2741 2742 2742 2741 2741 2740 2740 2741 2741 2742 2742 2743 2743 2744 2744 2743 2743 2742 2742 2743 2743 2744 2744 2745 2745 2167 2167 2745 2745 2744 2744 2745 2745 2167 2167 2165 2165 2517 2517 2516 2516 2746 2746 2747 2747 2748 2748 2746 2746 2749 2749 2746 2746 2748 2748 2746 2746 2749 2749 2517 2517 2750 2750 2517 2517 2749 2749 2517 2517 2750 2750 2751 2751 2752 2752 2753 2753 2747 2747 2754 2754 2747 2747 2753 2753 2747 2747 2754 2754 2748 2748 2747 2747 2755 2755 2752 2752 2756 2756 2752 2752 2755 2755 2752 2752 2756 2756 2757 2757 2758 2758 2757 2757 2756 2756 2757 2757 2758 2758 2759 2759 2520 2520 2759 2759 2758 2758 2759 2759 2520 2520 2521 2521 862 862 863 863 2760 2760 862 862 2760 2760 2761 2761 2762 2762 2761 2761 2760 2760 2761 2761 2762 2762 2763 2763 2764 2764 2763 2763 2762 2762 2763 2763 2764 2764 2765 2765 2766 2766 2765 2765 2764 2764 2765 2765 2766 2766 2767 2767 2768 2768 2767 2767 2766 2766 2767 2767 2768 2768 2769 2769 2519 2519 2769 2769 2768 2768 2769 2769 2519 2519 2518 2518 2703 2703 2702 2702 2770 2770 2770 2770 2702 2702 2771 2771 2523 2523 2771 2771 2702 2702 2771 2771 2523 2523 2772 2772 2693 2693 2692 2692 2773 2773 2774 2774 2773 2773 2692 2692 2773 2773 2774 2774 2775 2775 2776 2776 2775 2775 2774 2774 2775 2775 2776 2776 2777 2777 2778 2778 2777 2777 2776 2776 2777 2777 2778 2778 2779 2779 2780 2780 2781 2781 2782 2782 2778 2778 2783 2783 2779 2779 2780 2780 2779 2779 2783 2783 2779 2779 2780 2780 2784 2784 2782 2782 2784 2784 2780 2780 2781 2781 2785 2785 2782 2782 2786 2786 2782 2782 2785 2785 2782 2782 2786 2786 2787 2787 2788 2788 2787 2787 2786 2786 2523 2523 2522 2522 2788 2788 2772 2772 2523 2523 2789 2789 2788 2788 2789 2789 2523 2523 2789 2789 2788 2788 2790 2790 2786 2786 2790 2790 2788 2788 2517 2517 2791 2791 2792 2792 2667 2667 2666 2666 2793 2793 2667 2667 2793 2793 2794 2794 2793 2793 2795 2795 2794 2794 2796 2796 2794 2794 2795 2795 2794 2794 2796 2796 2797 2797 2796 2796 2798 2798 2797 2797 2799 2799 2797 2797 2798 2798 2797 2797 2799 2799 2800 2800 2799 2799 2801 2801 2800 2800 2802 2802 2800 2800 2801 2801 2800 2800 2802 2802 2803 2803 2802 2802 2804 2804 2803 2803 2805 2805 2803 2803 2804 2804 2803 2803 2805 2805 2792 2792 2806 2806 2792 2792 2805 2805 2792 2792 2806 2806 2517 2517 2807 2807 2517 2517 2806 2806 2517 2517 2807 2807 2515 2515 2808 2808 2809 2809 2810 2810 2810 2810 2809 2809 2811 2811 2629 2629 2811 2811 2809 2809 2811 2811 2629 2629 2628 2628 2812 2812 2813 2813 2814 2814 2815 2815 2814 2814 2813 2813 2814 2814 2815 2815 2810 2810 2816 2816 2810 2810 2815 2815 2810 2810 2816 2816 2808 2808 2817 2817 2818 2818 2812 2812 2819 2819 2812 2812 2818 2818 2812 2812 2819 2819 2813 2813 836 836 833 833 2820 2820 2821 2821 2820 2820 833 833 2820 2820 2821 2821 2822 2822 2823 2823 2822 2822 2821 2821 2822 2822 2823 2823 2824 2824 2825 2825 2824 2824 2823 2823 2824 2824 2825 2825 2817 2817 2826 2826 2817 2817 2825 2825 2817 2817 2826 2826 2818 2818 816 816 822 822 2827 2827 816 816 2827 2827 2828 2828 2829 2829 2830 2830 2831 2831 2832 2832 2831 2831 2830 2830 2831 2831 2832 2832 2833 2833 2834 2834 2833 2833 2832 2832 2833 2833 2834 2834 2835 2835 2836 2836 2835 2835 2834 2834 2835 2835 2836 2836 2827 2827 2837 2837 2827 2827 2836 2836 2827 2827 2837 2837 2828 2828 2838 2838 2839 2839 2829 2829 2840 2840 2829 2829 2839 2839 2829 2829 2840 2840 2830 2830 2659 2659 2661 2661 2841 2841 2842 2842 2841 2841 2661 2661 2841 2841 2842 2842 2843 2843 2844 2844 2843 2843 2842 2842 2843 2843 2844 2844 2838 2838 2845 2845 2838 2838 2844 2844 2838 2838 2845 2845 2839 2839 2846 2846 1201 1201 2847 2847 2847 2847 2848 2848 2846 2846 2849 2849 2846 2846 2848 2848 2846 2846 2849 2849 2850 2850 2851 2851 2850 2850 2849 2849 2850 2850 2851 2851 2852 2852 317 317 316 316 2853 2853 2854 2854 2853 2853 316 316 2854 2854 2855 2855 2853 2853 2856 2856 2853 2853 2855 2855 2853 2853 2856 2856 2857 2857 2858 2858 2857 2857 2856 2856 2857 2857 2858 2858 2859 2859 2859 2859 298 298 2857 2857 297 297 2857 2857 298 298 2857 2857 297 297 2860 2860 2861 2861 2860 2860 297 297 2862 2862 2863 2863 2864 2864 2865 2865 2864 2864 2863 2863 2864 2864 2865 2865 297 297 2866 2866 297 297 2865 2865 297 297 2866 2866 2861 2861 2852 2852 2867 2867 2850 2850 2868 2868 2850 2850 2867 2867 2850 2850 2868 2868 2864 2864 2869 2869 2864 2864 2868 2868 2864 2864 2869 2869 2862 2862 460 460 467 467 2870 2870 2871 2871 2872 2872 2870 2870 2873 2873 2874 2874 2871 2871 1074 1074 1072 1072 2873 2873 2875 2875 2876 2876 2877 2877 2878 2878 2879 2879 2880 2880 2880 2880 2881 2881 2878 2878 2882 2882 2878 2878 2881 2881 2878 2878 2882 2882 2883 2883 2884 2884 2883 2883 2882 2882 2883 2883 2884 2884 2885 2885 2886 2886 2887 2887 2888 2888 2883 2883 2888 2888 2887 2887 2888 2888 2883 2883 2889 2889 2885 2885 2889 2889 2883 2883 2879 2879 2878 2878 2890 2890 2891 2891 2890 2890 2878 2878 2890 2890 2891 2891 2892 2892 1069 1069 2893 2893 1070 1070 2894 2894 1070 1070 2893 2893 1070 1070 2894 2894 2892 2892 2895 2895 2892 2892 2894 2894 2892 2892 2895 2895 2890 2890 1067 1067 2896 2896 1069 1069 2897 2897 1069 1069 2896 2896 1069 1069 2897 2897 2898 2898 2898 2898 2899 2899 1069 1069 2900 2900 1069 1069 2899 2899 1069 1069 2900 2900 2893 2893 2901 2901 1067 1067 2902 2902 1066 1066 2902 2902 1067 1067 2901 2901 2903 2903 1067 1067 2904 2904 1067 1067 2903 2903 1067 1067 2904 2904 2896 2896 2875 2875 2905 2905 2906 2906 2886 2886 2907 2907 2887 2887 2908 2908 2887 2887 2907 2907 2887 2887 2908 2908 2909 2909 2910 2910 2909 2909 2908 2908 2909 2909 2910 2910 2911 2911 2912 2912 2911 2911 2910 2910 2911 2911 2912 2912 2913 2913 2914 2914 2913 2913 2912 2912 2913 2913 2914 2914 2915 2915 2916 2916 2915 2915 2914 2914 2915 2915 2916 2916 2905 2905 2917 2917 2905 2905 2916 2916 2905 2905 2917 2917 2906 2906 2875 2875 2906 2906 2876 2876 2918 2918 2876 2876 2906 2906 2876 2876 2918 2918 2877 2877 2919 2919 2877 2877 2918 2918 2877 2877 2919 2919 2920 2920 2921 2921 2920 2920 2919 2919 2920 2920 2921 2921 2922 2922 2923 2923 2924 2924 2925 2925 511 511 2925 2925 2924 2924 2922 2922 2921 2921 2923 2923 2926 2926 2923 2923 2921 2921 2923 2923 2926 2926 2924 2924 511 511 450 450 2925 2925 452 452 2925 2925 450 450 2925 2925 452 452 2927 2927 454 454 2927 2927 452 452 2927 2927 454 454 2928 2928 2929 2929 2930 2930 2931 2931 2932 2932 2931 2931 2930 2930 2931 2931 2932 2932 2933 2933 2934 2934 2933 2933 2932 2932 2933 2933 2934 2934 2935 2935 2936 2936 2937 2937 2872 2872 2938 2938 2872 2872 2937 2937 2872 2872 2938 2938 2870 2870 2936 2936 2872 2872 2939 2939 2871 2871 2939 2939 2872 2872 2939 2939 2871 2871 2940 2940 2874 2874 2940 2940 2871 2871 2940 2940 2874 2874 2941 2941 1072 1072 1071 1071 2873 2873 2942 2942 2873 2873 1071 1071 2873 2873 2942 2942 2874 2874 2943 2943 2874 2874 2942 2942 2874 2874 2943 2943 2941 2941 2944 2944 2945 2945 2946 2946 2947 2947 2945 2945 2948 2948 2944 2944 2948 2948 2945 2945 2948 2948 2944 2944 2949 2949 466 466 464 464 2950 2950 2949 2949 2950 2950 464 464 2950 2950 2949 2949 2951 2951 2944 2944 2951 2951 2949 2949 2951 2951 2944 2944 2952 2952 2946 2946 2952 2952 2944 2944 2952 2952 2946 2946 1075 1075 143 143 2947 2947 468 468 2948 2948 468 468 2947 2947 468 468 2948 2948 2953 2953 2949 2949 2953 2953 2948 2948 2953 2953 2949 2949 463 463 464 464 463 463 2949 2949 467 467 466 466 2870 2870 2950 2950 2870 2870 466 466 2870 2870 2950 2950 2871 2871 2951 2951 2871 2871 2950 2950 2871 2871 2951 2951 2873 2873 2952 2952 2873 2873 2951 2951 2873 2873 2952 2952 1074 1074 1075 1075 1074 1074 2952 2952 2954 2954 460 460 2931 2931 2870 2870 2931 2931 460 460 2931 2931 2870 2870 2929 2929 2938 2938 2929 2929 2870 2870 2928 2928 454 454 2935 2935 455 455 2935 2935 454 454 2935 2935 455 455 2933 2933 458 458 2933 2933 455 455 2933 2933 458 458 2931 2931 457 457 2931 2931 458 458 2931 2931 457 457 2954 2954 2955 2955 2956 2956 2957 2957 2958 2958 2957 2957 2956 2956 2957 2957 2958 2958 2959 2959 2960 2960 181 181 2961 2961 408 408 2961 2961 181 181 2961 2961 408 408 2955 2955 2962 2962 2955 2955 408 408 2955 2955 2962 2962 2956 2956 2963 2963 177 177 2960 2960 180 180 2960 2960 177 177 2960 2960 180 180 181 181 2964 2964 164 164 2965 2965 163 163 2965 2965 164 164 2965 2965 163 163 2966 2966 2967 2967 2966 2966 163 163 2966 2966 2967 2967 2968 2968 166 166 2968 2968 2967 2967 2968 2968 166 166 2969 2969 172 172 2969 2969 166 166 2969 2969 172 172 2970 2970 170 170 2970 2970 172 172 2970 2970 170 170 2971 2971 169 169 2971 2971 170 170 2971 2971 169 169 2972 2972 173 173 2972 2972 169 169 2972 2972 173 173 2973 2973 161 161 2973 2973 173 173 2973 2973 161 161 2974 2974 160 160 2974 2974 161 161 2974 2974 160 160 2963 2963 175 175 2963 2963 160 160 2963 2963 175 175 177 177 2975 2975 1075 1075 2946 2946 143 143 142 142 2947 2947 2976 2976 2947 2947 142 142 2977 2977 2978 2978 2976 2976 2976 2976 2978 2978 2947 2947 2979 2979 2947 2947 2978 2978 2947 2947 2979 2979 2980 2980 2976 2976 2981 2981 2977 2977 2982 2982 2977 2977 2981 2981 2977 2977 2982 2982 2964 2964 311 311 164 164 2983 2983 2964 2964 2983 2983 164 164 2983 2983 2964 2964 2984 2984 2982 2982 2984 2984 2964 2964 2985 2985 2986 2986 2945 2945 2987 2987 2945 2945 2986 2986 2945 2945 2987 2987 2946 2946 2988 2988 2946 2946 2987 2987 2946 2946 2988 2988 2975 2975 2980 2980 2989 2989 2947 2947 2990 2990 2947 2947 2989 2989 2947 2947 2990 2990 2991 2991 2991 2991 2992 2992 2947 2947 2993 2993 2947 2947 2992 2992 2947 2947 2993 2993 2945 2945 2994 2994 2945 2945 2993 2993 2945 2945 2994 2994 2985 2985 2995 2995 2996 2996 2997 2997 2997 2997 2996 2996 2998 2998 2996 2996 21 21 2998 2998 33 33 2998 2998 21 21 2998 2998 33 33 2999 2999 2995 2995 2997 2997 3000 3000 3001 3001 3000 3000 2997 2997 3000 3000 3001 3001 3002 3002 317 317 2853 2853 375 375 3003 3003 375 375 2853 2853 375 375 3003 3003 3004 3004 3005 3005 3004 3004 3003 3003 3004 3004 3005 3005 373 373 3006 3006 369 369 3007 3007 372 372 3007 3007 369 369 3007 3007 372 372 3008 3008 371 371 3008 3008 372 372 3008 3008 371 371 3009 3009 373 373 3009 3009 371 371 3009 3009 373 373 3010 3010 3005 3005 3010 3010 373 373 33 33 360 360 2999 2999 362 362 2999 2999 360 360 2999 2999 362 362 3011 3011 363 363 3011 3011 362 362 3011 3011 363 363 3012 3012 365 365 3012 3012 363 363 3012 3012 365 365 3013 3013 366 366 3013 3013 365 365 3013 3013 366 366 3006 3006 367 367 3006 3006 366 366 3006 3006 367 367 369 369 1202 1202 1201 1201 2846 2846 1204 1204 1202 1202 3014 3014 3015 3015 3016 3016 3017 3017 3018 3018 3019 3019 3020 3020 3021 3021 3020 3020 3019 3019 3021 3021 3019 3019 3022 3022 3023 3023 3022 3022 3019 3019 3022 3022 3023 3023 3016 3016 3024 3024 3025 3025 3026 3026 3027 3027 3026 3026 3025 3025 3026 3026 3027 3027 3028 3028 3027 3027 3029 3029 3028 3028 3030 3030 3028 3028 3029 3029 3028 3028 3030 3030 3031 3031 3032 3032 3031 3031 3030 3030 3031 3031 3032 3032 3017 3017 3033 3033 3017 3017 3032 3032 3017 3017 3033 3033 3015 3015 538 538 555 555 3034 3034 556 556 568 568 3035 3035 3035 3035 568 568 3036 3036 3034 3034 555 555 3035 3035 554 554 3035 3035 555 555 3035 3035 554 554 556 556 568 568 3037 3037 3036 3036 3038 3038 3036 3036 3037 3037 3036 3036 3038 3038 3039 3039 3040 3040 3039 3039 3038 3038 3039 3039 3040 3040 3041 3041 3040 3040 3042 3042 3041 3041 3043 3043 3041 3041 3042 3042 3041 3041 3043 3043 3044 3044 3045 3045 3044 3044 3043 3043 3044 3044 3045 3045 3046 3046 3047 3047 3046 3046 3045 3045 3043 3043 3048 3048 3045 3045 3049 3049 3045 3045 3048 3048 3045 3045 3049 3049 3047 3047 3049 3049 3050 3050 3047 3047 3051 3051 3047 3047 3050 3050 3047 3047 3051 3051 3052 3052 3053 3053 3052 3052 3051 3051 3052 3052 3053 3053 3054 3054 3055 3055 3054 3054 3053 3053 3054 3054 3055 3055 3056 3056 3057 3057 3056 3056 3055 3055 3056 3056 3057 3057 3058 3058 3059 3059 3058 3058 3057 3057 3058 3058 3059 3059 3060 3060 3061 3061 3060 3060 3059 3059 3060 3060 3061 3061 3062 3062 3063 3063 3064 3064 3065 3065 3060 3060 3065 3065 3064 3064 3065 3065 3060 3060 3066 3066 3062 3062 3066 3066 3060 3060 3063 3063 3067 3067 3064 3064 3068 3068 3064 3064 3067 3067 3064 3064 3068 3068 3069 3069 3070 3070 3069 3069 3068 3068 3069 3069 3070 3070 3071 3071 3071 3071 3072 3072 3069 3069 3073 3073 3069 3069 3072 3072 3069 3069 3073 3073 3074 3074 3075 3075 3074 3074 3073 3073 3074 3074 3075 3075 3076 3076 3077 3077 3076 3076 3075 3075 3076 3076 3077 3077 3078 3078 3079 3079 3080 3080 1199 1199 3081 3081 1199 1199 3080 3080 1199 1199 3081 3081 1200 1200 3082 3082 3083 3083 1197 1197 3077 3077 3084 3084 3078 3078 3085 3085 3078 3078 3084 3084 3078 3078 3085 3085 1196 1196 3086 3086 1196 1196 3085 3085 1196 1196 3086 3086 1197 1197 3087 3087 1197 1197 3086 3086 1197 1197 3087 3087 3082 3082 3083 3083 3088 3088 1197 1197 3089 3089 1197 1197 3088 3088 1197 1197 3089 3089 1199 1199 3090 3090 1199 1199 3089 3089 1199 1199 3090 3090 3079 3079 3034 3034 3024 3024 538 538 3026 3026 538 538 3024 3024 538 538 3026 3026 539 539 3028 3028 539 539 3026 3026 539 539 3028 3028 550 550 3091 3091 550 550 3028 3028 3091 3091 3028 3028 547 547 3031 3031 547 547 3028 3028 547 547 3031 3031 548 548 3092 3092 545 545 549 549 3016 3016 3023 3023 3017 3017 3092 3092 3017 3017 3023 3023 3017 3017 3092 3092 3031 3031 549 549 3031 3031 3092 3092 3031 3031 549 549 548 548 1205 1205 1204 1204 3018 3018 3093 3093 3018 3018 1204 1204 3018 3018 3093 3093 3019 3019 3094 3094 3019 3019 3093 3093 3019 3019 3094 3094 3023 3023 3095 3095 3023 3023 3094 3094 3023 3023 3095 3095 3092 3092 546 546 3092 3092 3095 3095 3092 3092 546 546 545 545 3096 3096 543 543 3097 3097 1204 1204 3014 3014 3093 3093 3098 3098 3093 3093 3014 3014 3093 3093 3098 3098 3094 3094 3096 3096 3094 3094 3098 3098 3094 3094 3096 3096 3095 3095 3097 3097 3095 3095 3096 3096 3095 3095 3097 3097 546 546 1202 1202 2846 2846 3014 3014 2850 2850 3014 3014 2846 2846 3014 3014 2850 2850 3098 3098 2864 2864 3098 3098 2850 2850 3098 3098 2864 2864 3096 3096 297 297 3096 3096 2864 2864 3096 3096 297 297 543 543 3099 3099 3100 3100 3101 3101 1075 1075 2975 2975 3102 3102 3103 3103 1073 1073 1075 1075 3104 3104 3105 3105 3106 3106 1075 1075 3102 3102 3103 3103 3107 3107 3103 3103 3102 3102 3103 3103 3107 3107 3106 3106 3108 3108 3106 3106 3107 3107 3106 3106 3108 3108 3104 3104 3109 3109 3104 3104 3108 3108 3104 3104 3109 3109 3110 3110 3111 3111 3110 3110 3109 3109 3110 3110 3111 3111 3112 3112 3113 3113 3099 3099 3114 3114 3114 3114 3099 3099 3115 3115 3101 3101 3115 3115 3099 3099 3115 3115 3101 3101 3112 3112 3116 3116 3112 3112 3101 3101 3112 3112 3116 3116 3110 3110 2538 2538 2540 2540 3117 3117 3113 3113 3117 3117 2540 2540 3117 3117 3113 3113 3118 3118 3114 3114 3118 3118 3113 3113 1201 1201 1203 1203 3119 3119 3120 3120 3121 3121 3122 3122 2532 2532 2530 2530 3123 3123 3124 3124 3123 3123 2530 2530 3123 3123 3124 3124 3125 3125 3126 3126 3125 3125 3124 3124 3125 3125 3126 3126 3127 3127 3128 3128 3127 3127 3126 3126 3127 3127 3128 3128 3129 3129 3130 3130 3129 3129 3128 3128 3129 3129 3130 3130 3131 3131 3132 3132 3131 3131 3130 3130 3131 3131 3132 3132 3133 3133 3134 3134 3133 3133 3132 3132 3133 3133 3134 3134 3122 3122 3119 3119 3120 3120 3135 3135 3122 3122 3135 3135 3120 3120 3135 3135 3122 3122 3136 3136 3134 3134 3136 3136 3122 3122 3135 3135 3137 3137 3119 3119 3138 3138 3119 3119 3137 3137 3119 3119 3138 3138 1201 1201 2847 2847 1201 1201 3138 3138 3139 3139 3140 3140 3141 3141 3142 3142 3141 3141 3140 3140 3143 3143 3144 3144 3145 3145 3146 3146 3145 3145 3144 3144 3145 3145 3146 3146 3139 3139 3147 3147 3139 3139 3146 3146 3139 3139 3147 3147 3140 3140 3145 3145 3148 3148 3143 3143 3149 3149 3143 3143 3148 3148 3143 3143 3149 3149 3150 3150 708 708 716 716 3149 3149 3151 3151 3149 3149 716 716 3149 3149 3151 3151 3150 3150 3142 3142 3152 3152 3141 3141 3153 3153 3141 3141 3152 3152 3141 3141 3153 3153 3154 3154 2162 2162 2163 2163 3155 3155 3154 3154 3155 3155 2163 2163 3155 3155 3154 3154 3156 3156 3153 3153 3156 3156 3154 3154 1043 1043 3157 3157 1044 1044 3158 3158 1044 1044 3157 3157 3158 3158 3157 3157 3159 3159 3160 3160 3159 3159 3157 3157 3159 3159 3160 3160 3161 3161 3161 3161 3160 3160 3162 3162 3163 3163 3162 3162 3160 3160 3162 3162 3163 3163 3164 3164 3164 3164 3163 3163 3165 3165 3166 3166 3165 3165 3163 3163 3165 3165 3166 3166 3167 3167 2160 2160 3168 3168 2161 2161 3169 3169 2161 2161 3168 3168 3168 3168 3170 3170 3169 3169 3171 3171 3169 3169 3170 3170 3169 3169 3171 3171 3166 3166 3172 3172 3166 3166 3171 3171 3166 3166 3172 3172 3167 3167 2825 2825 2823 2823 3173 3173 3174 3174 2863 2863 3175 3175 2868 2868 2867 2867 3176 3176 2852 2852 2851 2851 3177 3177 3178 3178 3177 3177 2851 2851 3177 3177 3178 3178 3179 3179 3180 3180 3179 3179 3178 3178 3179 3179 3180 3180 3181 3181 3182 3182 3181 3181 3180 3180 3181 3181 3182 3182 3183 3183 3184 3184 3183 3183 3182 3182 3183 3183 3184 3184 3185 3185 3186 3186 3185 3185 3184 3184 3185 3185 3186 3186 2809 2809 2629 2629 2809 2809 3186 3186 2867 2867 2852 2852 3176 3176 3177 3177 3176 3176 2852 2852 3176 3176 3177 3177 3187 3187 3179 3179 3187 3187 3177 3177 3187 3187 3179 3179 3188 3188 3181 3181 3188 3188 3179 3179 3188 3188 3181 3181 3189 3189 3183 3183 3189 3189 3181 3181 3189 3189 3183 3183 3190 3190 3185 3185 3190 3190 3183 3183 3190 3190 3185 3185 2808 2808 2809 2809 2808 2808 3185 3185 2869 2869 2868 2868 3191 3191 3176 3176 3191 3191 2868 2868 3191 3191 3176 3176 3192 3192 3187 3187 3192 3192 3176 3176 3192 3192 3187 3187 3193 3193 3188 3188 3193 3193 3187 3187 3193 3193 3188 3188 3194 3194 3189 3189 3194 3194 3188 3188 3194 3194 3189 3189 3195 3195 3190 3190 3195 3195 3189 3189 3195 3195 3190 3190 2816 2816 2808 2808 2816 2816 3190 3190 2862 2862 2869 2869 3196 3196 3191 3191 3196 3196 2869 2869 3196 3196 3191 3191 3197 3197 3192 3192 3197 3197 3191 3191 3197 3197 3192 3192 3198 3198 3193 3193 3198 3198 3192 3192 3198 3198 3193 3193 3199 3199 3194 3194 3199 3199 3193 3193 3199 3199 3194 3194 3200 3200 3195 3195 3200 3200 3194 3194 2813 2813 2819 2819 3201 3201 2863 2863 2862 2862 3175 3175 3196 3196 3175 3175 2862 2862 3175 3175 3196 3196 3202 3202 3197 3197 3202 3202 3196 3196 3202 3202 3197 3197 3203 3203 3198 3198 3203 3203 3197 3197 3203 3203 3198 3198 3204 3204 3199 3199 3204 3204 3198 3198 3204 3204 3199 3199 3201 3201 3200 3200 3201 3201 3199 3199 3201 3201 3200 3200 2813 2813 3195 3195 2813 2813 3200 3200 2813 2813 3195 3195 2815 2815 2816 2816 2815 2815 3195 3195 2866 2866 3174 3174 3205 3205 3175 3175 3205 3205 3174 3174 3205 3205 3175 3175 3206 3206 3202 3202 3206 3206 3175 3175 3206 3206 3202 3202 3207 3207 3203 3203 3207 3207 3202 3202 3207 3207 3203 3203 3208 3208 3204 3204 3208 3208 3203 3203 3208 3208 3204 3204 3209 3209 3201 3201 3209 3209 3204 3204 2825 2825 3173 3173 2826 2826 2861 2861 2866 2866 3210 3210 3205 3205 3210 3210 2866 2866 3210 3210 3205 3205 3211 3211 3206 3206 3211 3211 3205 3205 3211 3211 3206 3206 3212 3212 3207 3207 3212 3212 3206 3206 3212 3212 3207 3207 3213 3213 3208 3208 3213 3213 3207 3207 3213 3213 3208 3208 3173 3173 3209 3209 3173 3173 3208 3208 3173 3173 3209 3209 2826 2826 3201 3201 2826 2826 3209 3209 2826 2826 3201 3201 2818 2818 2819 2819 2818 2818 3201 3201 2860 2860 2861 2861 3214 3214 3210 3210 3214 3214 2861 2861 3214 3214 3210 3210 3215 3215 3211 3211 3215 3215 3210 3210 3215 3215 3211 3211 3216 3216 3212 3212 3216 3216 3211 3211 3216 3216 3212 3212 3217 3217 3213 3213 3217 3217 3212 3212 3217 3217 3213 3213 3218 3218 3173 3173 3218 3218 3213 3213 3218 3218 3173 3173 2821 2821 2823 2823 2821 2821 3173 3173 2857 2857 2860 2860 3219 3219 3214 3214 3219 3219 2860 2860 3219 3219 3214 3214 3220 3220 3215 3215 3220 3220 3214 3214 3220 3220 3215 3215 3221 3221 3216 3216 3221 3221 3215 3215 3221 3221 3216 3216 3222 3222 3217 3217 3222 3222 3216 3216 3222 3222 3217 3217 3223 3223 3218 3218 3223 3223 3217 3217 3223 3223 3218 3218 833 833 2821 2821 833 833 3218 3218 3224 3224 2853 2853 2857 2857 2857 2857 3219 3219 3224 3224 3220 3220 3224 3224 3219 3219 3224 3224 3220 3220 3225 3225 3220 3220 3221 3221 3225 3225 3222 3222 3225 3225 3221 3221 3225 3225 3222 3222 406 406 3223 3223 406 406 3222 3222 406 406 3223 3223 833 833 3226 3226 3227 3227 3002 3002 3228 3228 3229 3229 3227 3227 3230 3230 3227 3227 3229 3229 3227 3227 3230 3230 3231 3231 3231 3231 3232 3232 3227 3227 3233 3233 3227 3227 3232 3232 3227 3227 3233 3233 3002 3002 3234 3234 3235 3235 3227 3227 3236 3236 3227 3227 3235 3235 3227 3227 3236 3236 3228 3228 3237 3237 3238 3238 3239 3239 3240 3240 3239 3239 3238 3238 3239 3239 3240 3240 3234 3234 3237 3237 3239 3239 3241 3241 3242 3242 3241 3241 3239 3239 3241 3241 3242 3242 390 390 3002 3002 3001 3001 3226 3226 2997 2997 3226 3226 3001 3001 3226 3226 2997 2997 3243 3243 2997 2997 2998 2998 3243 3243 2999 2999 3243 3243 2998 2998 3243 3243 2999 2999 3244 3244 2999 2999 3011 3011 3244 3244 3012 3012 3244 3244 3011 3011 3244 3244 3012 3012 3245 3245 3008 3008 3246 3246 3247 3247 3012 3012 3013 3013 3245 3245 3006 3006 3245 3245 3013 3013 3245 3245 3006 3006 3247 3247 3007 3007 3247 3247 3006 3006 3247 3247 3007 3007 3008 3008 2853 2853 3224 3224 3003 3003 3248 3248 3003 3003 3224 3224 3008 3008 3009 3009 3246 3246 3010 3010 3246 3246 3009 3009 3246 3246 3010 3010 3248 3248 3005 3005 3248 3248 3010 3010 3248 3248 3005 3005 3003 3003 3234 3234 3227 3227 3239 3239 3226 3226 3239 3239 3227 3227 3239 3239 3226 3226 3242 3242 3243 3243 3242 3242 3226 3226 3242 3242 3243 3243 3249 3249 3244 3244 3249 3249 3243 3243 3249 3249 3244 3244 3250 3250 3245 3245 3250 3250 3244 3244 3250 3250 3245 3245 3251 3251 3247 3247 3251 3251 3245 3245 3251 3251 3247 3247 3252 3252 3246 3246 3252 3252 3247 3247 3252 3252 3246 3246 3253 3253 3248 3248 3253 3253 3246 3246 3253 3253 3248 3248 3254 3254 3224 3224 3254 3254 3248 3248 3254 3254 3224 3224 3225 3225 390 390 3242 3242 391 391 3249 3249 391 391 3242 3242 391 391 3249 3249 393 393 3250 3250 393 393 3249 3249 393 393 3250 3250 396 396 3251 3251 396 396 3250 3250 396 396 3251 3251 398 398 3252 3252 398 398 3251 3251 398 398 3252 3252 400 400 3253 3253 400 400 3252 3252 400 400 3253 3253 402 402 3254 3254 402 402 3253 3253 402 402 3254 3254 404 404 3225 3225 404 404 3254 3254 404 404 3225 3225 406 406 3255 3255 3256 3256 3257 3257 2539 2539 3257 3257 3256 3256 3257 3257 2539 2539 2538 2538 2652 2652 2654 2654 3258 3258 3259 3259 3258 3258 2654 2654 3258 3258 3259 3259 3260 3260 3261 3261 3260 3260 3259 3259 3260 3260 3261 3261 3262 3262 3263 3263 3262 3262 3261 3261 3262 3262 3263 3263 3255 3255 3264 3264 3255 3255 3263 3263 3255 3255 3264 3264 3256 3256 3170 3170 3168 3168 3265 3265 3266 3266 3267 3267 3172 3172 3268 3268 3172 3172 3267 3267 3172 3172 3268 3268 3167 3167 3170 3170 3265 3265 3171 3171 3269 3269 3270 3270 3271 3271 3272 3272 3271 3271 3270 3270 3271 3271 3272 3272 3266 3266 3273 3273 3266 3266 3272 3272 3266 3266 3273 3273 3267 3267 3274 3274 3275 3275 3271 3271 3276 3276 3271 3271 3275 3275 3271 3271 3276 3276 3269 3269 3277 3277 3278 3278 3279 3279 3280 3280 3279 3279 3278 3278 3279 3279 3280 3280 3274 3274 3281 3281 3274 3274 3280 3280 3274 3274 3281 3281 3275 3275 3277 3277 3279 3279 3282 3282 3283 3283 3282 3282 3279 3279 3282 3282 3283 3283 3284 3284 3284 3284 3283 3283 3285 3285 2541 2541 3285 3285 3283 3283 3285 3285 2541 2541 2539 2539 3172 3172 3171 3171 3266 3266 3265 3265 3266 3266 3171 3171 3266 3266 3265 3265 3271 3271 3286 3286 3271 3271 3265 3265 3271 3271 3286 3286 3274 3274 3287 3287 3274 3274 3286 3286 3274 3274 3287 3287 3279 3279 3288 3288 3279 3279 3287 3287 3279 3279 3288 3288 3283 3283 3289 3289 3283 3283 3288 3288 3283 3283 3289 3289 2541 2541 2543 2543 2541 2541 3289 3289 3168 3168 2160 2160 3265 3265 3290 3290 3265 3265 2160 2160 3265 3265 3290 3290 3286 3286 3291 3291 3286 3286 3290 3290 3286 3286 3291 3291 3287 3287 3292 3292 3287 3287 3291 3291 3287 3287 3292 3292 3288 3288 3293 3293 3288 3288 3292 3292 3288 3288 3293 3293 3289 3289 3294 3294 3289 3289 3293 3293 3289 3289 3294 3294 2543 2543 2537 2537 2543 2543 3294 3294 3295 3295 2975 2975 3296 3296 3297 3297 3107 3107 3298 3298 3299 3299 3109 3109 3300 3300 2647 2647 2652 2652 3301 3301 3258 3258 3301 3301 2652 2652 3301 3301 3258 3258 3302 3302 3260 3260 3302 3302 3258 3258 3302 3302 3260 3260 3303 3303 3262 3262 3303 3303 3260 3260 3303 3303 3262 3262 3304 3304 3255 3255 3304 3304 3262 3262 3304 3304 3255 3255 3305 3305 3257 3257 3305 3305 3255 3255 3305 3305 3257 3257 3117 3117 2538 2538 3117 3117 3257 3257 2648 2648 2647 2647 3306 3306 3301 3301 3306 3306 2647 2647 3306 3306 3301 3301 3307 3307 3302 3302 3307 3307 3301 3301 3307 3307 3302 3302 3308 3308 3303 3303 3308 3308 3302 3302 3308 3308 3303 3303 3309 3309 3304 3304 3309 3309 3303 3303 3309 3309 3304 3304 3310 3310 3305 3305 3310 3310 3304 3304 3310 3310 3305 3305 3311 3311 3117 3117 3311 3311 3305 3305 3114 3114 3312 3312 3313 3313 2650 2650 2648 2648 3314 3314 3306 3306 3314 3314 2648 2648 3314 3314 3306 3306 3315 3315 3307 3307 3315 3315 3306 3306 3315 3315 3307 3307 3316 3316 3308 3308 3316 3316 3307 3307 3316 3316 3308 3308 3317 3317 3309 3309 3317 3317 3308 3308 3317 3317 3309 3309 3313 3313 3310 3310 3313 3313 3309 3309 3313 3313 3310 3310 3114 3114 3311 3311 3114 3114 3310 3310 3299 3299 3300 3300 3112 3112 2655 2655 2650 2650 3318 3318 3314 3314 3318 3318 2650 2650 3318 3318 3314 3314 3319 3319 3315 3315 3319 3319 3314 3314 3319 3319 3315 3315 3320 3320 3316 3316 3320 3320 3315 3315 3320 3320 3316 3316 3321 3321 3317 3317 3321 3321 3316 3316 3321 3321 3317 3317 3300 3300 3313 3313 3300 3300 3317 3317 3300 3300 3313 3313 3112 3112 3312 3312 3112 3112 3313 3313 2656 2656 2655 2655 3322 3322 3318 3318 3322 3322 2655 2655 3322 3322 3318 3318 3323 3323 3319 3319 3323 3323 3318 3318 3323 3323 3319 3319 3324 3324 3320 3320 3324 3324 3319 3319 3324 3324 3320 3320 3325 3325 3321 3321 3325 3325 3320 3320 3325 3325 3321 3321 3298 3298 3300 3300 3298 3298 3321 3321 3298 3298 3300 3300 3297 3297 3109 3109 3297 3297 3300 3300 2658 2658 2656 2656 3326 3326 3322 3322 3326 3326 2656 2656 3326 3326 3322 3322 3327 3327 3323 3323 3327 3327 3322 3322 3327 3327 3323 3323 3328 3328 3324 3324 3328 3328 3323 3323 3328 3328 3324 3324 3329 3329 3325 3325 3329 3329 3324 3324 3329 3329 3325 3325 3296 3296 3298 3298 3296 3296 3325 3325 3296 3296 3298 3298 3295 3295 3107 3107 3295 3295 3298 3298 2987 2987 2986 2986 3330 3330 3331 3331 3330 3330 2986 2986 3330 3330 3331 3331 3332 3332 3333 3333 3332 3332 3331 3331 3332 3332 3333 3333 3334 3334 3335 3335 3334 3334 3333 3333 3334 3334 3335 3335 3336 3336 3337 3337 3336 3336 3335 3335 3336 3336 3337 3337 3338 3338 3339 3339 3338 3338 3337 3337 3338 3338 3339 3339 2660 2660 2661 2661 2660 2660 3339 3339 3296 3296 3330 3330 3329 3329 3332 3332 3329 3329 3330 3330 3329 3329 3332 3332 3328 3328 3334 3334 3328 3328 3332 3332 3328 3328 3334 3334 3327 3327 3336 3336 3327 3327 3334 3334 3327 3327 3336 3336 3326 3326 3338 3338 3326 3326 3336 3336 3326 3326 3338 3338 2658 2658 2660 2660 2658 2658 3338 3338 3296 3296 2975 2975 3330 3330 2988 2988 3330 3330 2975 2975 3330 3330 2988 2988 2987 2987 3156 3156 3153 3153 3340 3340 3153 3153 3152 3152 3340 3340 3142 3142 3340 3340 3152 3152 3340 3340 3142 3142 3341 3341 3341 3341 3342 3342 3340 3340 3343 3343 3340 3340 3342 3342 3340 3340 3343 3343 3344 3344 3345 3345 3344 3344 3343 3343 3344 3344 3345 3345 3346 3346 3347 3347 3348 3348 3349 3349 3344 3344 3349 3349 3348 3348 3349 3349 3344 3344 3350 3350 3346 3346 3350 3350 3344 3344 3351 3351 3352 3352 3353 3353 3348 3348 3353 3353 3352 3352 3353 3353 3348 3348 3354 3354 3347 3347 3354 3354 3348 3348 2162 2162 3155 3155 3355 3355 3356 3356 3355 3355 3155 3155 3355 3355 3356 3356 3357 3357 3358 3358 3357 3357 3356 3356 3357 3357 3358 3358 3359 3359 3360 3360 3359 3359 3358 3358 3359 3359 3360 3360 3361 3361 3362 3362 3361 3361 3360 3360 3361 3361 3362 3362 3363 3363 3364 3364 3363 3363 3362 3362 3363 3363 3364 3364 2545 2545 3155 3155 3156 3156 3356 3356 3340 3340 3356 3356 3156 3156 3356 3356 3340 3340 3358 3358 3344 3344 3358 3358 3340 3340 3358 3358 3344 3344 3360 3360 3348 3348 3360 3360 3344 3344 3360 3360 3348 3348 3362 3362 3352 3352 3362 3362 3348 3348 3362 3362 3352 3352 3364 3364 3365 3365 3364 3364 3352 3352 3351 3351 3366 3366 3352 3352 3367 3367 3352 3352 3366 3366 3352 3352 3367 3367 3365 3365 3368 3368 3365 3365 3367 3367 3365 3365 3368 3368 3369 3369 2545 2545 3364 3364 2546 2546 3365 3365 2546 2546 3364 3364 2546 2546 3365 3365 2531 2531 3369 3369 2531 2531 3365 3365 2531 2531 3369 3369 2529 2529 2530 2530 2529 2529 3370 3370 3371 3371 3370 3370 2529 2529 3370 3370 3371 3371 3372 3372 3372 3372 3371 3371 3373 3373 3374 3374 3373 3373 3371 3371 3373 3373 3374 3374 3375 3375 3376 3376 3377 3377 3378 3378 3375 3375 3378 3378 3377 3377 3378 3378 3375 3375 3379 3379 3374 3374 3379 3379 3375 3375 2637 2637 2636 2636 3380 3380 3381 3381 3380 3380 2636 2636 3380 3380 3381 3381 3376 3376 3382 3382 3376 3376 3381 3381 3376 3376 3382 3382 3377 3377 2844 2844 2842 2842 3383 3383 2840 2840 2839 2839 3384 3384 2834 2834 2832 2832 3385 3385 2978 2978 2977 2977 3386 3386 3387 3387 3386 3386 2977 2977 3386 3386 3387 3387 3388 3388 3389 3389 3388 3388 3387 3387 3388 3388 3389 3389 3390 3390 3391 3391 3390 3390 3389 3389 3390 3390 3391 3391 3392 3392 3393 3393 3392 3392 3391 3391 3392 3392 3393 3393 3394 3394 3395 3395 3394 3394 3393 3393 3394 3394 3395 3395 2828 2828 816 816 2828 2828 3395 3395 2979 2979 2978 2978 3396 3396 3386 3386 3396 3396 2978 2978 3396 3396 3386 3386 3397 3397 3388 3388 3397 3397 3386 3386 3397 3397 3388 3388 3398 3398 3390 3390 3398 3398 3388 3388 3398 3398 3390 3390 3399 3399 3392 3392 3399 3399 3390 3390 3399 3399 3392 3392 3400 3400 3394 3394 3400 3400 3392 3392 3400 3400 3394 3394 2837 2837 2828 2828 2837 2837 3394 3394 2980 2980 2979 2979 3401 3401 3396 3396 3401 3401 2979 2979 3401 3401 3396 3396 3402 3402 3397 3397 3402 3402 3396 3396 3402 3402 3397 3397 3403 3403 3398 3398 3403 3403 3397 3397 3403 3403 3398 3398 3404 3404 3399 3399 3404 3404 3398 3398 3404 3404 3399 3399 3405 3405 3400 3400 3405 3405 3399 3399 3405 3405 3400 3400 2836 2836 2837 2837 2836 2836 3400 3400 2836 2836 2834 2834 3405 3405 3385 3385 3405 3405 2834 2834 3405 3405 3385 3385 3404 3404 3406 3406 3404 3404 3385 3385 3404 3404 3406 3406 3403 3403 3407 3407 3403 3403 3406 3406 3403 3403 3407 3407 3402 3402 3408 3408 3402 3402 3407 3407 3402 3402 3408 3408 3401 3401 3409 3409 3401 3401 3408 3408 3401 3401 3409 3409 2980 2980 2991 2991 3410 3410 3409 3409 2989 2989 3409 3409 3410 3410 3409 3409 2989 2989 2980 2980 2830 2830 2840 2840 3411 3411 3384 3384 3411 3411 2840 2840 3411 3411 3384 3384 3412 3412 3413 3413 3412 3412 3384 3384 3412 3412 3413 3413 3414 3414 3415 3415 3414 3414 3413 3413 3414 3414 3415 3415 3416 3416 3417 3417 3416 3416 3415 3415 3416 3416 3417 3417 3418 3418 3419 3419 3418 3418 3417 3417 2839 2839 2845 2845 3384 3384 3420 3420 3384 3384 2845 2845 3384 3384 3420 3420 3413 3413 3421 3421 3413 3413 3420 3420 3413 3413 3421 3421 3415 3415 3422 3422 3415 3415 3421 3421 3415 3415 3422 3422 3417 3417 3423 3423 3417 3417 3422 3422 3417 3417 3423 3423 3419 3419 3424 3424 3419 3419 3423 3423 2832 2832 2830 2830 3385 3385 3411 3411 3385 3385 2830 2830 3385 3385 3411 3411 3406 3406 3412 3412 3406 3406 3411 3411 3406 3406 3412 3412 3407 3407 3414 3414 3407 3407 3412 3412 3407 3407 3414 3414 3408 3408 3416 3416 3408 3408 3414 3414 3408 3408 3416 3416 3409 3409 3418 3418 3409 3409 3416 3416 3409 3409 3418 3418 2991 2991 3419 3419 2991 2991 3418 3418 2991 2991 3419 3419 2992 2992 3424 3424 2992 2992 3419 3419 2985 2985 2994 2994 3424 3424 2993 2993 3424 3424 2994 2994 3424 3424 2993 2993 2992 2992 3331 3331 3425 3425 3333 3333 3426 3426 3333 3333 3425 3425 3333 3333 3426 3426 3335 3335 3427 3427 3335 3335 3426 3426 3335 3335 3427 3427 3337 3337 3428 3428 3337 3337 3427 3427 3337 3337 3428 3428 3339 3339 3383 3383 3339 3339 3428 3428 3339 3339 3383 3383 2661 2661 2842 2842 2661 2661 3383 3383 2845 2845 2844 2844 3420 3420 3383 3383 3420 3420 2844 2844 3420 3420 3383 3383 3421 3421 3428 3428 3421 3421 3383 3383 3421 3421 3428 3428 3422 3422 3427 3427 3422 3422 3428 3428 3422 3422 3427 3427 3423 3423 3426 3426 3423 3423 3427 3427 3423 3423 3426 3426 3424 3424 3425 3425 3424 3424 3426 3426 3424 3424 3425 3425 2985 2985 3331 3331 2985 2985 3425 3425 2985 2985 3331 3331 2986 2986 3429 3429 211 211 816 816 816 816 3395 3395 3429 3429 3393 3393 3429 3429 3395 3395 3429 3429 3393 3393 3430 3430 3393 3393 3391 3391 3430 3430 3389 3389 3430 3430 3391 3391 3430 3430 3389 3389 2964 2964 3387 3387 2964 2964 3389 3389 2964 2964 3387 3387 2977 2977 3431 3431 3432 3432 3433 3433 2847 2847 3433 3433 3432 3432 3433 3433 2847 2847 3434 3434 3435 3435 3431 3431 3436 3436 3437 3437 3435 3435 3438 3438 3439 3439 3437 3437 3440 3440 2632 2632 3439 3439 3441 3441 3434 3434 3137 3137 3433 3433 3442 3442 3433 3433 3137 3137 3433 3433 3442 3442 3443 3443 3442 3442 3136 3136 3443 3443 3444 3444 3443 3443 3136 3136 3443 3443 3444 3444 3445 3445 3444 3444 3132 3132 3445 3445 3446 3446 3445 3445 3132 3132 3445 3445 3446 3446 3447 3447 3128 3128 3447 3447 3446 3446 3447 3447 3128 3128 3448 3448 3431 3431 3433 3433 3436 3436 3443 3443 3436 3436 3433 3433 3436 3436 3443 3443 3449 3449 3445 3445 3449 3449 3443 3443 3449 3449 3445 3445 3450 3450 3447 3447 3450 3450 3445 3445 3450 3450 3447 3447 3451 3451 3448 3448 3451 3451 3447 3447 3451 3451 3448 3448 3452 3452 3435 3435 3436 3436 3438 3438 3449 3449 3438 3438 3436 3436 3438 3438 3449 3449 3453 3453 3450 3450 3453 3453 3449 3449 3453 3453 3450 3450 3454 3454 3451 3451 3454 3454 3450 3450 3454 3454 3451 3451 3455 3455 3452 3452 3455 3455 3451 3451 3455 3455 3452 3452 3456 3456 3437 3437 3438 3438 3440 3440 3453 3453 3440 3440 3438 3438 3440 3440 3453 3453 3457 3457 3454 3454 3457 3457 3453 3453 3457 3457 3454 3454 3458 3458 3455 3455 3458 3458 3454 3454 3458 3458 3455 3455 3459 3459 3456 3456 3459 3459 3455 3455 3459 3459 3456 3456 3460 3460 3128 3128 3461 3461 3448 3448 3124 3124 3448 3448 3461 3461 3448 3448 3124 3124 2530 2530 2530 2530 3370 3370 3448 3448 3372 3372 3448 3448 3370 3370 3448 3448 3372 3372 3452 3452 3373 3373 3452 3452 3372 3372 3452 3452 3373 3373 3456 3456 3375 3375 3456 3456 3373 3373 3456 3456 3375 3375 3460 3460 3377 3377 3460 3460 3375 3375 3460 3460 3377 3377 3382 3382 3439 3439 3440 3440 3441 3441 3457 3457 3441 3441 3440 3440 3441 3441 3457 3457 3462 3462 3458 3458 3462 3462 3457 3457 3462 3462 3458 3458 3463 3463 3459 3459 3463 3463 3458 3458 3463 3463 3459 3459 3464 3464 3460 3460 3464 3464 3459 3459 3464 3464 3460 3460 3465 3465 3382 3382 3465 3465 3460 3460 3465 3465 3382 3382 3381 3381 2632 2632 3441 3441 2624 2624 3462 3462 2624 2624 3441 3441 2624 2624 3462 3462 2626 2626 3463 3463 2626 2626 3462 3462 2626 2626 3463 3463 2627 2627 3464 3464 2627 2627 3463 3463 2627 2627 3464 3464 2633 2633 3465 3465 2633 2633 3464 3464 2633 2633 3465 3465 2634 2634 3381 3381 2634 2634 3465 3465 2634 2634 3381 3381 2636 2636 2849 2849 2848 2848 3466 3466 2848 2848 2847 2847 3466 3466 3432 3432 3466 3466 2847 2847 3466 3466 3432 3432 3467 3467 3431 3431 3467 3467 3432 3432 3467 3467 3431 3431 3468 3468 3435 3435 3468 3468 3431 3431 3468 3468 3435 3435 3469 3469 3437 3437 3469 3469 3435 3435 3469 3469 3437 3437 3470 3470 3439 3439 3470 3470 3437 3437 3470 3470 3439 3439 2631 2631 2632 2632 2631 2631 3439 3439 2851 2851 2849 2849 3178 3178 3466 3466 3178 3178 2849 2849 3178 3178 3466 3466 3180 3180 3467 3467 3180 3180 3466 3466 3180 3180 3467 3467 3182 3182 3468 3468 3182 3182 3467 3467 3182 3182 3468 3468 3184 3184 3469 3469 3184 3184 3468 3468 3184 3184 3469 3469 3186 3186 3470 3470 3186 3186 3469 3469 3186 3186 3470 3470 2629 2629 2631 2631 2629 2629 3470 3470 3471 3471 199 199 197 197 3472 3472 3473 3473 3474 3474 3471 3471 3474 3474 3473 3473 3474 3474 3471 3471 3475 3475 3476 3476 3477 3477 3474 3474 3476 3476 3478 3478 3479 3479 3480 3480 3479 3479 3478 3478 3477 3477 3481 3481 3474 3474 3482 3482 3474 3474 3481 3481 3474 3474 3482 3482 3472 3472 3483 3483 3484 3484 3478 3478 3485 3485 3478 3478 3484 3484 3478 3478 3485 3485 3480 3480 3486 3486 2959 2959 3478 3478 3487 3487 3478 3478 2959 2959 3478 3478 3487 3487 3483 3483 2964 2964 2965 2965 3430 3430 3488 3488 3430 3430 2965 2965 2965 2965 2966 2966 3488 3488 2968 2968 3488 3488 2966 2966 3488 3488 2968 2968 3489 3489 2968 2968 2969 2969 3489 3489 2970 2970 3489 3489 2969 2969 3489 3489 2970 2970 3490 3490 2970 2970 2971 2971 3490 3490 2972 2972 3490 3490 2971 2971 3490 3490 2972 2972 3491 3491 2972 2972 2973 2973 3491 3491 2974 2974 3491 3491 2973 2973 3491 3491 2974 2974 3492 3492 2974 2974 2963 2963 3492 3492 2960 2960 3492 3492 2963 2963 3492 3492 2960 2960 3493 3493 2960 2960 2961 2961 3493 3493 2955 2955 3493 3493 2961 2961 3493 3493 2955 2955 3486 3486 2957 2957 3486 3486 2955 2955 3486 3486 2957 2957 2959 2959 3476 3476 3474 3474 3478 3478 3475 3475 3478 3478 3474 3474 3478 3478 3475 3475 3486 3486 3494 3494 3486 3486 3475 3475 3486 3486 3494 3494 3493 3493 3495 3495 3493 3493 3494 3494 3493 3493 3495 3495 3492 3492 3496 3496 3492 3492 3495 3495 3492 3492 3496 3496 3491 3491 3497 3497 3491 3491 3496 3496 3491 3491 3497 3497 3490 3490 3498 3498 3490 3490 3497 3497 3490 3490 3498 3498 3489 3489 3499 3499 3489 3489 3498 3498 3489 3489 3499 3499 3488 3488 3429 3429 3488 3488 3499 3499 3488 3488 3429 3429 3430 3430 3471 3471 197 197 3475 3475 195 195 3475 3475 197 197 3475 3475 195 195 3494 3494 201 201 3494 3494 195 195 3494 3494 201 201 3495 3495 203 203 3495 3495 201 201 3495 3495 203 203 3496 3496 205 205 3496 3496 203 203 3496 3496 205 205 3497 3497 207 207 3497 3497 205 205 3497 3497 207 207 3498 3498 209 209 3498 3498 207 207 3498 3498 209 209 3499 3499 211 211 3499 3499 209 209 3499 3499 211 211 3429 3429 2545 2545 2537 2537 3294 3294 2545 2545 3294 3294 3363 3363 3293 3293 3363 3363 3294 3294 3363 3363 3293 3293 3361 3361 3292 3292 3361 3361 3293 3293 3361 3361 3292 3292 3359 3359 3291 3291 3359 3359 3292 3292 3359 3359 3291 3291 3357 3357 3290 3290 3357 3357 3291 3291 3357 3357 3290 3290 3355 3355 2160 2160 3355 3355 3290 3290 3355 3355 2160 2160 2162 2162 1048 1048 1049 1049 3500 3500 3501 3501 3500 3500 1049 1049 3500 3500 3501 3501 3502 3502 3502 3502 3501 3501 3503 3503 3504 3504 3503 3503 3501 3501 3503 3503 3504 3504 3505 3505 3505 3505 3504 3504 3506 3506 3507 3507 3506 3506 3504 3504 3506 3506 3507 3507 3508 3508 3509 3509 3510 3510 3507 3507 3511 3511 3507 3507 3510 3510 3507 3507 3511 3511 3508 3508 3512 3512 3513 3513 3509 3509 3514 3514 3509 3509 3513 3513 3509 3509 3514 3514 3510 3510 2827 2827 3515 3515 3512 3512 3516 3516 3512 3512 3515 3515 3512 3512 3516 3516 3513 3513 2838 2838 2829 2829 3517 3517 2831 2831 2833 2833 3512 3512 2835 2835 3512 3512 2833 2833 3512 3512 2835 2835 2827 2827 2659 2659 2841 2841 3518 3518 3519 3519 3518 3518 2841 2841 3518 3518 3519 3519 3520 3520 3521 3521 3520 3520 3519 3519 3520 3520 3521 3521 3522 3522 3523 3523 3522 3522 3521 3521 3522 3522 3523 3523 3524 3524 3525 3525 3524 3524 3523 3523 3524 3524 3525 3525 3526 3526 3527 3527 3526 3526 3525 3525 3526 3526 3527 3527 1045 1045 1046 1046 1045 1045 3527 3527 2841 2841 2843 2843 3519 3519 3528 3528 3519 3519 2843 2843 3519 3519 3528 3528 3521 3521 3529 3529 3521 3521 3528 3528 3521 3521 3529 3529 3523 3523 3530 3530 3523 3523 3529 3529 3523 3523 3530 3530 3525 3525 3531 3531 3525 3525 3530 3530 3525 3525 3531 3531 3527 3527 3532 3532 3527 3527 3531 3531 3527 3527 3532 3532 1046 1046 1047 1047 1046 1046 3532 3532 2843 2843 2838 2838 3528 3528 3517 3517 3528 3528 2838 2838 3528 3528 3517 3517 3529 3529 3533 3533 3529 3529 3517 3517 3529 3529 3533 3533 3530 3530 3534 3534 3530 3530 3533 3533 3530 3530 3534 3534 3531 3531 3535 3535 3531 3531 3534 3534 3531 3531 3535 3535 3532 3532 3536 3536 3532 3532 3535 3535 3532 3532 3536 3536 1047 1047 1050 1050 1047 1047 3536 3536 2829 2829 2831 2831 3517 3517 3512 3512 3517 3517 2831 2831 3517 3517 3512 3512 3533 3533 3509 3509 3533 3533 3512 3512 3533 3533 3509 3509 3534 3534 3507 3507 3534 3534 3509 3509 3534 3534 3507 3507 3535 3535 3504 3504 3535 3535 3507 3507 3535 3535 3504 3504 3536 3536 3501 3501 3536 3536 3504 3504 3536 3536 3501 3501 1050 1050 1049 1049 1050 1050 3501 3501 3537 3537 3538 3538 3539 3539 3353 3353 3354 3354 3540 3540 3347 3347 3540 3540 3354 3354 3540 3540 3347 3347 3541 3541 3349 3349 3541 3541 3347 3347 3541 3541 3349 3349 3542 3542 3350 3350 3542 3542 3349 3349 3542 3542 3350 3350 3346 3346 3367 3367 3366 3366 3543 3543 3351 3351 3543 3543 3366 3366 3543 3543 3351 3351 3544 3544 3379 3379 3374 3374 3369 3369 3371 3371 3369 3369 3374 3374 3369 3369 3371 3371 2529 2529 2637 2637 3544 3544 3545 3545 3539 3539 3545 3545 3544 3544 3545 3545 3539 3539 3546 3546 3538 3538 3546 3546 3539 3539 3547 3547 3541 3541 3548 3548 3542 3542 3548 3548 3541 3541 3548 3548 3542 3542 3549 3549 3346 3346 3549 3549 3542 3542 3549 3549 3346 3346 3550 3550 3345 3345 3550 3550 3346 3346 3550 3550 3345 3345 3551 3551 3343 3343 3551 3551 3345 3345 3551 3551 3343 3343 3552 3552 3342 3342 3552 3552 3343 3343 3552 3552 3342 3342 3553 3553 3341 3341 3553 3553 3342 3342 3553 3553 3341 3341 3554 3554 3142 3142 3554 3554 3341 3341 3369 3369 3368 3368 3379 3379 3367 3367 3379 3379 3368 3368 3379 3379 3367 3367 3378 3378 3543 3543 3378 3378 3367 3367 3378 3378 3543 3543 3376 3376 3544 3544 3376 3376 3543 3543 3376 3376 3544 3544 3380 3380 2637 2637 3380 3380 3544 3544 3351 3351 3353 3353 3544 3544 3540 3540 3544 3544 3353 3353 3544 3544 3540 3540 3539 3539 3541 3541 3539 3539 3540 3540 3539 3539 3541 3541 3537 3537 3547 3547 3537 3537 3541 3541 3555 3555 3556 3556 3557 3557 3558 3558 3555 3555 3559 3559 3560 3560 3558 3558 3561 3561 3151 3151 716 716 3562 3562 3563 3563 3562 3562 716 716 3564 3564 3143 3143 3562 3562 3150 3150 3562 3562 3143 3143 3562 3562 3150 3150 3151 3151 3555 3555 3557 3557 3559 3559 3565 3565 3559 3559 3557 3557 3559 3559 3565 3565 3566 3566 3567 3567 3566 3566 3565 3565 3566 3566 3567 3567 3568 3568 3560 3560 3561 3561 3569 3569 3570 3570 3569 3569 3561 3561 3569 3569 3570 3570 3571 3571 3572 3572 3571 3571 3570 3570 3571 3571 3572 3572 3573 3573 3574 3574 3147 3147 3575 3575 3576 3576 3575 3575 3147 3147 3575 3575 3576 3576 3564 3564 3144 3144 3564 3564 3576 3576 3564 3564 3144 3144 3143 3143 2635 2635 2637 2637 3545 3545 3545 3545 3567 3567 2635 2635 3565 3565 2635 2635 3567 3567 2635 2635 3565 3565 2625 2625 3557 3557 2625 2625 3565 3565 2625 2625 3557 3557 2623 2623 3556 3556 2623 2623 3557 3557 2623 2623 3556 3556 2630 2630 3545 3545 3546 3546 3567 3567 3538 3538 3567 3567 3546 3546 3567 3567 3538 3538 3568 3568 3537 3537 3568 3568 3538 3538 3568 3568 3537 3537 3547 3547 3558 3558 3559 3559 3561 3561 3566 3566 3561 3561 3559 3559 3561 3561 3566 3566 3570 3570 3568 3568 3570 3570 3566 3566 3570 3570 3568 3568 3572 3572 3547 3547 3572 3572 3568 3568 3572 3572 3547 3547 3548 3548 3548 3548 3549 3549 3572 3572 3550 3550 3572 3572 3549 3549 3572 3572 3550 3550 3573 3573 3551 3551 3573 3573 3550 3550 3573 3573 3551 3551 3552 3552 3552 3552 3575 3575 3573 3573 3564 3564 3573 3573 3575 3575 3573 3573 3564 3564 3571 3571 3562 3562 3571 3571 3564 3564 3571 3571 3562 3562 3569 3569 3563 3563 3569 3569 3562 3562 3569 3569 3563 3563 3560 3560 3142 3142 3574 3574 3554 3554 3575 3575 3554 3554 3574 3574 3554 3554 3575 3575 3553 3553 3552 3552 3553 3553 3575 3575 3577 3577 3162 3162 3578 3578 3579 3579 3165 3165 3580 3580 2654 2654 2653 2653 3581 3581 3582 3582 3581 3581 2653 2653 3583 3583 3584 3584 3582 3582 3585 3585 3582 3582 3584 3584 3582 3582 3585 3585 3581 3581 3586 3586 3587 3587 3583 3583 3588 3588 3583 3583 3587 3587 3583 3583 3588 3588 3584 3584 3589 3589 3590 3590 3591 3591 3592 3592 3591 3591 3590 3590 3591 3591 3592 3592 3586 3586 3593 3593 3586 3586 3592 3592 3586 3586 3593 3593 3587 3587 3589 3589 3591 3591 3594 3594 3580 3580 3594 3594 3591 3591 3594 3594 3580 3580 3595 3595 3595 3595 3580 3580 3596 3596 3165 3165 3596 3596 3580 3580 3596 3596 3165 3165 3167 3167 3162 3162 3579 3579 3578 3578 3580 3580 3578 3578 3579 3579 3578 3578 3580 3580 3597 3597 3591 3591 3597 3597 3580 3580 3597 3597 3591 3591 3598 3598 3586 3586 3598 3598 3591 3591 3598 3598 3586 3586 3599 3599 3583 3583 3599 3599 3586 3586 3599 3599 3583 3583 3600 3600 3582 3582 3600 3600 3583 3583 3600 3600 3582 3582 2649 2649 2653 2653 2649 2649 3582 3582 2649 2649 2651 2651 3600 3600 3601 3601 3600 3600 2651 2651 3600 3600 3601 3601 3599 3599 3602 3602 3599 3599 3601 3601 3599 3599 3602 3602 3598 3598 3603 3603 3598 3598 3602 3602 3598 3598 3603 3603 3597 3597 3604 3604 3597 3597 3603 3603 3597 3597 3604 3604 3578 3578 3605 3605 3578 3578 3604 3604 3578 3578 3605 3605 3577 3577 3159 3159 3577 3577 3605 3605 3606 3606 3605 3605 3607 3607 3604 3604 3607 3607 3605 3605 3607 3607 3604 3604 3608 3608 3603 3603 3608 3608 3604 3604 3608 3608 3603 3603 3609 3609 3602 3602 3609 3609 3603 3603 3609 3609 3602 3602 3610 3610 3601 3601 3610 3610 3602 3602 3610 3610 3601 3601 2657 2657 2651 2651 2657 2657 3601 3601 3606 3606 1044 1044 3605 3605 3611 3611 3605 3605 1044 1044 3605 3605 3611 3611 3159 3159 3269 3269 3276 3276 3612 3612 3282 3282 3613 3613 3277 3277 3614 3614 3280 3280 3613 3613 3278 3278 3613 3613 3280 3280 3613 3613 3278 3278 3277 3277 3615 3615 3275 3275 3281 3281 3269 3269 3612 3612 3270 3270 3592 3592 3270 3270 3612 3612 3270 3270 3592 3592 3272 3272 3592 3592 3590 3590 3272 3272 3589 3589 3272 3272 3590 3590 3272 3272 3589 3589 3273 3273 3594 3594 3273 3273 3589 3589 3273 3273 3594 3594 3267 3267 3595 3595 3267 3267 3594 3594 3267 3267 3595 3595 3268 3268 3596 3596 3268 3268 3595 3595 3268 3268 3596 3596 3167 3167 3275 3275 3615 3615 3276 3276 3616 3616 3276 3276 3615 3615 3276 3276 3616 3616 3612 3612 3593 3593 3612 3612 3616 3616 3612 3612 3593 3593 3592 3592 3584 3584 3588 3588 3616 3616 3587 3587 3616 3616 3588 3588 3616 3616 3587 3587 3593 3593 3617 3617 3581 3581 3585 3585 3581 3581 3617 3617 2654 2654 3614 3614 2654 2654 3617 3617 2654 2654 3614 3614 3259 3259 3259 3259 3614 3614 3261 3261 3613 3613 3261 3261 3614 3614 3261 3261 3613 3613 3263 3263 3282 3282 3263 3263 3613 3613 3263 3263 3282 3282 3264 3264 3284 3284 3264 3264 3282 3282 3264 3264 3284 3284 3256 3256 3285 3285 3256 3256 3284 3284 3256 3256 3285 3285 2539 2539 3281 3281 3280 3280 3615 3615 3614 3614 3615 3615 3280 3280 3615 3615 3614 3614 3616 3616 3617 3617 3616 3616 3614 3614 3616 3616 3617 3617 3584 3584 3585 3585 3584 3584 3617 3617 1045 1045 1044 1044 3606 3606 1045 1045 3606 3606 3526 3526 3607 3607 3526 3526 3606 3606 3526 3526 3607 3607 3524 3524 3608 3608 3524 3524 3607 3607 3524 3524 3608 3608 3522 3522 3609 3609 3522 3522 3608 3608 3522 3522 3609 3609 3520 3520 3610 3610 3520 3520 3609 3609 3520 3520 3610 3610 3518 3518 2657 2657 3518 3518 3610 3610 3518 3518 2657 2657 2659 2659 2810 2810 2811 2811 3618 3618 2824 2824 2817 2817 3619 3619 2820 2820 2822 2822 3620 3620 3621 3621 3620 3620 2822 2822 3622 3622 3623 3623 3621 3621 3624 3624 3621 3621 3623 3623 3621 3621 3624 3624 3620 3620 3625 3625 3626 3626 3627 3627 3628 3628 3627 3627 3626 3626 3627 3627 3628 3628 3622 3622 3629 3629 3622 3622 3628 3628 3622 3622 3629 3629 3623 3623 3625 3625 3627 3627 3630 3630 3631 3631 3630 3630 3627 3627 3630 3630 3631 3631 3632 3632 3632 3632 3631 3631 3633 3633 3634 3634 3633 3633 3631 3631 3633 3633 3634 3634 3635 3635 3635 3635 3634 3634 3636 3636 713 713 3636 3636 3634 3634 3636 3636 713 713 712 712 2810 2810 3618 3618 2814 2814 2822 2822 2824 2824 3621 3621 3619 3619 3621 3621 2824 2824 3621 3621 3619 3619 3622 3622 3637 3637 3622 3622 3619 3619 3622 3622 3637 3637 3627 3627 3638 3638 3627 3627 3637 3637 3627 3627 3638 3638 3631 3631 3639 3639 3631 3631 3638 3638 3631 3631 3639 3639 3634 3634 3640 3640 3634 3634 3639 3639 3634 3634 3640 3640 713 713 710 710 713 713 3640 3640 2817 2817 2812 2812 3619 3619 3641 3641 3619 3619 2812 2812 3619 3619 3641 3641 3637 3637 3642 3642 3637 3637 3641 3641 3637 3637 3642 3642 3638 3638 3643 3643 3638 3638 3642 3642 3638 3638 3643 3643 3639 3639 3644 3644 3639 3639 3643 3643 3639 3639 3644 3644 3640 3640 3645 3645 3640 3640 3644 3644 3640 3640 3645 3645 710 710 711 711 710 710 3645 3645 2812 2812 2814 2814 3641 3641 3618 3618 3641 3641 2814 2814 3641 3641 3618 3618 3642 3642 3646 3646 3642 3642 3618 3618 3642 3642 3646 3646 3643 3643 3647 3647 3643 3643 3646 3646 3643 3643 3647 3647 3644 3644 3648 3648 3644 3644 3647 3647 3644 3644 3648 3648 3645 3645 3649 3649 3645 3645 3648 3648 3645 3645 3649 3649 711 711 714 714 711 711 3649 3649 2811 2811 2628 2628 3618 3618 3650 3650 3618 3618 2628 2628 3618 3618 3650 3650 3646 3646 3651 3651 3646 3646 3650 3650 3646 3646 3651 3651 3647 3647 3652 3652 3647 3647 3651 3651 3647 3647 3652 3652 3648 3648 3653 3653 3648 3648 3652 3652 3648 3648 3653 3653 3649 3649 3654 3654 3649 3649 3653 3653 3649 3649 3654 3654 714 714 715 715 714 714 3654 3654 716 716 715 715 3654 3654 716 716 3654 3654 3563 3563 3653 3653 3563 3563 3654 3654 3563 3563 3653 3653 3560 3560 3652 3652 3560 3560 3653 3653 3560 3560 3652 3652 3558 3558 3651 3651 3558 3558 3652 3652 3558 3558 3651 3651 3555 3555 3650 3650 3555 3555 3651 3651 3555 3555 3650 3650 3556 3556 2628 2628 3556 3556 3650 3650 3556 3556 2628 2628 2630 2630 2785 2785 2781 2781 3655 3655 3656 3656 3657 3657 3658 3658 3659 3659 3660 3660 3661 3661 3662 3662 3661 3661 3660 3660 3663 3663 3664 3664 3659 3659 3657 3657 3665 3665 3666 3666 3667 3667 3666 3666 3665 3665 3666 3666 3667 3667 3668 3668 3669 3669 3670 3670 3656 3656 3671 3671 3672 3672 3673 3673 3674 3674 3673 3673 3672 3672 3675 3675 3676 3676 3677 3677 3671 3671 3677 3677 3676 3676 3678 3678 3679 3679 3675 3675 2774 2774 2692 2692 3678 3678 3680 3680 3678 3678 2692 2692 3678 3678 3680 3680 3679 3679 2774 2774 3678 3678 3681 3681 3682 3682 3681 3681 3678 3678 3681 3681 3682 3682 2778 2778 3683 3683 2778 2778 3682 3682 2778 2778 3683 3683 2783 2783 3655 3655 2781 2781 3683 3683 2780 2780 3683 3683 2781 2781 3683 3683 2780 2780 2783 2783 3659 3659 3661 3661 3663 3663 3684 3684 3663 3663 3661 3661 3663 3663 3684 3684 3685 3685 3686 3686 3685 3685 3684 3684 3685 3685 3686 3686 3687 3687 3688 3688 3687 3687 3686 3686 3687 3687 3688 3688 3689 3689 3690 3690 3689 3689 3688 3688 3689 3689 3690 3690 3691 3691 3657 3657 3666 3666 3658 3658 3692 3692 3658 3658 3666 3666 3658 3658 3692 3692 3693 3693 3694 3694 3693 3693 3692 3692 3693 3693 3694 3694 3695 3695 3696 3696 3695 3695 3694 3694 3695 3695 3696 3696 3697 3697 3698 3698 3697 3697 3696 3696 3697 3697 3698 3698 3699 3699 3656 3656 3658 3658 3669 3669 3693 3693 3669 3669 3658 3658 3669 3669 3693 3693 3700 3700 3695 3695 3700 3700 3693 3693 3700 3700 3695 3695 3701 3701 3697 3697 3701 3701 3695 3695 3701 3701 3697 3697 3702 3702 3699 3699 3702 3702 3697 3697 3702 3702 3699 3699 3703 3703 3671 3671 3673 3673 3677 3677 3704 3704 3677 3677 3673 3673 3677 3677 3704 3704 3705 3705 3706 3706 3705 3705 3704 3704 3705 3705 3706 3706 3707 3707 3708 3708 3707 3707 3706 3706 3707 3707 3708 3708 3709 3709 3710 3710 3709 3709 3708 3708 3709 3709 3710 3710 3711 3711 2785 2785 3655 3655 2786 2786 3712 3712 2786 2786 3655 3655 2786 2786 3712 3712 2790 2790 592 592 3690 3690 588 588 3688 3688 588 588 3690 3690 588 588 3688 3688 589 589 3686 3686 589 589 3688 3688 589 589 3686 3686 579 579 3684 3684 579 579 3686 3686 579 579 3684 3684 580 580 3661 3661 580 580 3684 3684 580 580 3661 3661 585 585 3662 3662 585 585 3661 3661 585 585 3662 3662 586 586 592 592 3713 3713 3690 3690 3714 3714 3690 3690 3713 3713 3690 3690 3714 3714 3691 3691 3715 3715 3691 3691 3714 3714 3691 3691 3715 3715 3716 3716 3716 3716 3698 3698 3691 3691 3696 3696 3691 3691 3698 3698 3691 3691 3696 3696 3689 3689 3694 3694 3689 3689 3696 3696 3689 3689 3694 3694 3687 3687 3692 3692 3687 3687 3694 3694 3687 3687 3692 3692 3685 3685 3666 3666 3685 3685 3692 3692 3685 3685 3666 3666 3663 3663 3668 3668 3663 3663 3666 3666 3663 3663 3668 3668 3664 3664 3716 3716 3717 3717 3698 3698 3718 3718 3698 3698 3717 3717 3698 3698 3718 3718 3699 3699 3719 3719 3699 3699 3718 3718 3699 3699 3719 3719 3703 3703 3720 3720 3703 3703 3719 3719 3703 3703 3720 3720 3721 3721 3721 3721 3710 3710 3703 3703 3708 3708 3703 3703 3710 3710 3703 3703 3708 3708 3702 3702 3706 3706 3702 3702 3708 3708 3702 3702 3706 3706 3701 3701 3704 3704 3701 3701 3706 3706 3701 3701 3704 3704 3700 3700 3673 3673 3700 3700 3704 3704 3700 3700 3673 3673 3669 3669 3674 3674 3669 3669 3673 3673 3669 3669 3674 3674 3670 3670 3721 3721 3722 3722 3710 3710 3723 3723 3710 3710 3722 3722 3710 3710 3723 3723 3711 3711 3724 3724 3711 3711 3723 3723 3711 3711 3724 3724 3725 3725 3675 3675 3677 3677 3678 3678 3705 3705 3678 3678 3677 3677 3678 3678 3705 3705 3682 3682 3707 3707 3682 3682 3705 3705 3682 3682 3707 3707 3683 3683 3709 3709 3683 3683 3707 3707 3683 3683 3709 3709 3655 3655 3711 3711 3655 3655 3709 3709 3655 3655 3711 3711 3712 3712 3725 3725 3712 3712 3711 3711 3712 3712 3725 3725 3726 3726 3726 3726 2772 2772 3712 3712 2789 2789 3712 3712 2772 2772 3712 3712 2789 2789 2790 2790 3727 3727 3728 3728 3729 3729 3730 3730 3729 3729 3728 3728 3729 3729 3730 3730 3731 3731 3732 3732 3733 3733 3734 3734 3727 3727 3734 3734 3733 3733 3735 3735 3736 3736 3737 3737 3738 3738 3737 3737 3736 3736 3737 3737 3738 3738 3739 3739 3732 3732 3739 3739 3738 3738 3740 3740 3741 3741 3742 3742 3735 3735 3742 3742 3741 3741 3743 3743 3744 3744 3745 3745 3746 3746 3745 3745 3744 3744 3745 3745 3746 3746 3747 3747 3740 3740 3747 3747 3746 3746 3748 3748 2515 2515 2807 2807 855 855 3749 3749 3750 3750 3748 3748 2807 2807 3751 3751 2806 2806 3751 3751 2807 2807 3751 3751 2806 2806 3752 3752 2806 2806 2805 2805 3752 3752 2804 2804 3752 3752 2805 2805 3752 3752 2804 2804 3753 3753 855 855 3750 3750 856 856 3754 3754 856 856 3750 3750 856 856 3754 3754 857 857 3731 3731 857 857 3754 3754 857 857 3731 3731 858 858 3730 3730 858 858 3731 3731 858 858 3730 3730 859 859 2804 2804 2802 2802 3753 3753 3755 3755 3753 3753 2802 2802 3753 3753 3755 3755 3756 3756 3732 3732 3734 3734 3739 3739 3757 3757 3739 3739 3734 3734 3739 3739 3757 3757 3758 3758 3759 3759 3758 3758 3757 3757 3758 3758 3759 3759 3760 3760 3761 3761 3760 3760 3759 3759 3760 3760 3761 3761 3762 3762 3763 3763 3762 3762 3761 3761 3762 3762 3763 3763 3764 3764 3727 3727 3729 3729 3734 3734 3731 3731 3734 3734 3729 3729 3734 3734 3731 3731 3757 3757 3754 3754 3757 3757 3731 3731 3757 3757 3754 3754 3759 3759 3750 3750 3759 3759 3754 3754 3759 3759 3750 3750 3761 3761 3749 3749 3761 3761 3750 3750 3761 3761 3749 3749 3763 3763 3755 3755 2799 2799 3756 3756 3765 3765 3756 3756 2799 2799 3756 3756 3765 3765 3747 3747 3740 3740 3742 3742 3747 3747 3766 3766 3747 3747 3742 3742 3747 3747 3766 3766 3756 3756 3767 3767 3756 3756 3766 3766 3756 3756 3767 3767 3753 3753 3768 3768 3753 3753 3767 3767 3753 3753 3768 3768 3752 3752 3769 3769 3752 3752 3768 3768 3752 3752 3769 3769 3751 3751 3770 3770 3751 3751 3769 3769 3751 3751 3770 3770 3748 3748 3735 3735 3737 3737 3742 3742 3739 3739 3742 3742 3737 3737 3742 3742 3739 3739 3766 3766 3758 3758 3766 3766 3739 3739 3766 3766 3758 3758 3767 3767 3760 3760 3767 3767 3758 3758 3767 3767 3760 3760 3768 3768 3762 3762 3768 3768 3760 3760 3768 3768 3762 3762 3769 3769 3764 3764 3769 3769 3762 3762 3769 3769 3764 3764 3770 3770 2666 2666 3743 3743 2793 2793 3745 3745 2793 2793 3743 3743 2793 2793 3745 3745 3771 3771 3747 3747 3771 3771 3745 3745 3771 3771 3747 3747 2796 2796 3765 3765 2796 2796 3747 3747 587 587 586 586 3662 3662 587 587 3662 3662 3772 3772 3660 3660 3772 3772 3662 3662 3772 3772 3660 3660 3773 3773 3660 3660 3659 3659 3773 3773 3664 3664 3773 3773 3659 3659 3773 3773 3664 3664 3774 3774 3664 3664 3668 3668 3774 3774 3667 3667 3774 3774 3668 3668 3774 3774 3667 3667 3775 3775 3665 3665 3775 3775 3667 3667 3775 3775 3665 3665 3776 3776 3657 3657 3776 3776 3665 3665 3776 3776 3657 3657 3777 3777 3656 3656 3777 3777 3657 3657 3777 3777 3656 3656 3778 3778 3670 3670 3778 3778 3656 3656 3778 3778 3670 3670 3779 3779 3674 3674 3779 3779 3670 3670 3779 3779 3674 3674 3780 3780 3672 3672 3780 3780 3674 3674 3780 3780 3672 3672 3781 3781 3671 3671 3781 3781 3672 3672 3781 3781 3671 3671 3782 3782 3676 3676 3782 3782 3671 3671 3782 3782 3676 3676 3783 3783 3675 3675 3783 3783 3676 3676 3783 3783 3675 3675 3784 3784 3679 3679 3784 3784 3675 3675 3784 3784 3679 3679 3785 3785 3679 3679 3680 3680 3785 3785 2692 2692 3785 3785 3680 3680 3785 3785 2692 2692 2694 2694 3786 3786 3715 3715 3787 3787 3714 3714 3787 3787 3715 3715 3787 3787 3714 3714 3713 3713 3718 3718 3717 3717 3786 3786 3716 3716 3786 3786 3717 3717 3786 3786 3716 3716 3715 3715 3719 3719 3788 3788 3720 3720 3789 3789 3720 3720 3788 3788 3720 3720 3789 3789 3721 3721 3721 3721 3789 3789 3722 3722 3790 3790 3722 3722 3789 3789 3722 3722 3790 3790 3723 3723 3723 3723 3790 3790 3724 3724 3791 3791 3724 3724 3790 3790 3724 3724 3791 3791 3725 3725 2771 2771 2772 2772 3791 3791 3726 3726 3791 3791 2772 2772 3791 3791 3726 3726 3725 3725 590 590 3787 3787 591 591 3713 3713 591 591 3787 3787 591 591 3713 3713 592 592 3792 3792 3786 3786 3793 3793 3787 3787 3793 3793 3786 3786 3793 3793 3787 3787 3794 3794 590 590 3794 3794 3787 3787 3792 3792 3795 3795 3786 3786 3788 3788 3786 3786 3795 3795 3786 3786 3788 3788 3718 3718 3719 3719 3718 3718 3788 3788 3795 3795 3796 3796 3788 3788 3797 3797 3788 3788 3796 3796 3788 3788 3797 3797 3789 3789 3798 3798 3789 3789 3797 3797 3789 3789 3798 3798 3790 3790 3798 3798 3799 3799 3790 3790 3800 3800 3790 3790 3799 3799 3790 3790 3800 3800 3791 3791 3801 3801 3791 3791 3800 3800 3791 3791 3801 3801 3802 3802 3802 3802 2703 2703 3791 3791 2770 2770 3791 3791 2703 2703 3791 3791 2770 2770 2771 2771 3794 3794 590 590 3803 3803 2711 2711 2709 2709 3804 3804 2714 2714 2712 2712 3805 3805 2718 2718 2715 2715 3806 3806 2703 2703 3802 3802 2704 2704 3807 3807 2704 2704 3802 3802 2704 2704 3807 3807 2706 2706 2708 2708 2706 2706 3807 3807 3802 3802 3801 3801 3807 3807 3800 3800 3807 3807 3801 3801 3807 3807 3800 3800 3808 3808 3800 3800 3799 3799 3808 3808 3798 3798 3808 3808 3799 3799 3808 3808 3798 3798 3809 3809 3798 3798 3797 3797 3809 3809 3796 3796 3809 3809 3797 3797 3809 3809 3796 3796 3810 3810 2717 2717 2718 2718 3811 3811 3806 3806 3811 3811 2718 2718 3811 3811 3806 3806 3812 3812 3813 3813 3812 3812 3806 3806 3812 3812 3813 3813 3814 3814 3815 3815 3814 3814 3813 3813 3814 3814 3815 3815 3816 3816 3817 3817 3816 3816 3815 3815 3816 3816 3817 3817 3818 3818 3819 3819 3818 3818 3817 3817 3818 3818 3819 3819 590 590 2715 2715 2714 2714 3806 3806 3805 3805 3806 3806 2714 2714 3806 3806 3805 3805 3813 3813 3820 3820 3813 3813 3805 3805 3813 3813 3820 3820 3815 3815 3821 3821 3815 3815 3820 3820 3815 3815 3821 3821 3817 3817 3822 3822 3817 3817 3821 3821 3817 3817 3822 3822 3819 3819 3823 3823 3819 3819 3822 3822 3819 3819 3823 3823 590 590 2527 2527 2717 2717 3824 3824 3811 3811 3824 3824 2717 2717 3824 3824 3811 3811 3825 3825 3812 3812 3825 3825 3811 3811 3825 3825 3812 3812 3826 3826 3814 3814 3826 3826 3812 3812 3826 3826 3814 3814 3827 3827 3816 3816 3827 3827 3814 3814 3827 3827 3816 3816 3828 3828 3818 3818 3828 3828 3816 3816 3828 3828 3818 3818 590 590 2709 2709 2708 2708 3804 3804 3807 3807 3804 3804 2708 2708 3804 3804 3807 3807 3829 3829 3808 3808 3829 3829 3807 3807 3829 3829 3808 3808 3830 3830 3809 3809 3830 3830 3808 3808 3830 3830 3809 3809 3831 3831 3810 3810 3831 3831 3809 3809 3831 3831 3810 3810 3832 3832 3803 3803 3832 3832 3810 3810 3832 3832 3803 3803 590 590 3796 3796 3795 3795 3810 3810 3792 3792 3810 3810 3795 3795 3810 3810 3792 3792 3803 3803 3793 3793 3803 3803 3792 3792 3803 3803 3793 3793 3794 3794 2712 2712 2711 2711 3805 3805 3804 3804 3805 3805 2711 2711 3805 3805 3804 3804 3820 3820 3829 3829 3820 3820 3804 3804 3820 3820 3829 3829 3821 3821 3830 3830 3821 3821 3829 3829 3821 3821 3830 3830 3822 3822 3831 3831 3822 3822 3830 3830 3822 3822 3831 3831 3823 3823 3832 3832 3823 3823 3831 3831 3823 3823 3832 3832 590 590 590 590 584 584 3833 3833 590 590 3833 3833 3828 3828 3834 3834 3828 3828 3833 3833 3828 3828 3834 3834 3827 3827 3835 3835 3827 3827 3834 3834 3827 3827 3835 3835 3826 3826 3836 3836 3826 3826 3835 3835 3826 3826 3836 3836 3825 3825 3837 3837 3825 3825 3836 3836 3825 3825 3837 3837 3824 3824 2525 2525 3824 3824 3837 3837 3824 3824 2525 2525 2527 2527 2744 2744 2742 2742 3838 3838 3839 3839 3838 3838 2742 2742 3838 3838 3839 3839 3840 3840 3841 3841 3840 3840 3839 3839 3840 3840 3841 3841 3842 3842 3843 3843 3842 3842 3841 3841 3842 3842 3843 3843 3844 3844 3845 3845 3844 3844 3843 3843 3844 3844 3845 3845 3846 3846 3847 3847 3846 3846 3845 3845 3846 3846 3847 3847 584 584 2742 2742 2740 2740 3839 3839 3848 3848 3839 3839 2740 2740 3839 3839 3848 3848 3841 3841 3849 3849 3841 3841 3848 3848 3841 3841 3849 3849 3843 3843 3850 3850 3843 3843 3849 3849 3843 3843 3850 3850 3845 3845 3851 3851 3845 3845 3850 3850 3845 3845 3851 3851 3847 3847 3852 3852 3847 3847 3851 3851 3847 3847 3852 3852 584 584 2167 2167 2744 2744 3853 3853 3838 3838 3853 3853 2744 2744 3853 3853 3838 3838 3854 3854 3840 3840 3854 3854 3838 3838 3854 3854 3840 3840 3855 3855 3842 3842 3855 3855 3840 3840 3855 3855 3842 3842 3856 3856 3844 3844 3856 3856 3842 3842 3856 3856 3844 3844 3857 3857 3846 3846 3857 3857 3844 3844 3857 3857 3846 3846 584 584 2738 2738 2736 2736 3858 3858 3859 3859 3858 3858 2736 2736 3858 3858 3859 3859 3860 3860 3861 3861 3860 3860 3859 3859 3860 3860 3861 3861 3862 3862 3863 3863 3862 3862 3861 3861 3862 3862 3863 3863 3864 3864 3865 3865 3864 3864 3863 3863 3864 3864 3865 3865 3866 3866 3867 3867 3866 3866 3865 3865 3866 3866 3867 3867 584 584 2736 2736 2525 2525 3859 3859 3837 3837 3859 3859 2525 2525 3859 3859 3837 3837 3861 3861 3836 3836 3861 3861 3837 3837 3861 3861 3836 3836 3863 3863 3835 3835 3863 3863 3836 3836 3863 3863 3835 3835 3865 3865 3834 3834 3865 3865 3835 3835 3865 3865 3834 3834 3867 3867 3833 3833 3867 3867 3834 3834 3867 3867 3833 3833 584 584 2740 2740 2738 2738 3848 3848 3858 3858 3848 3848 2738 2738 3848 3848 3858 3858 3849 3849 3860 3860 3849 3849 3858 3858 3849 3849 3860 3860 3850 3850 3862 3862 3850 3850 3860 3860 3850 3850 3862 3862 3851 3851 3864 3864 3851 3851 3862 3862 3851 3851 3864 3864 3852 3852 3866 3866 3852 3852 3864 3864 3852 3852 3866 3866 584 584 584 584 583 583 3868 3868 584 584 3868 3868 3857 3857 3869 3869 3857 3857 3868 3868 3857 3857 3869 3869 3856 3856 3870 3870 3856 3856 3869 3869 3856 3856 3870 3870 3855 3855 3871 3871 3855 3855 3870 3870 3855 3855 3871 3871 3854 3854 3872 3872 3854 3854 3871 3871 3854 3854 3872 3872 3853 3853 2168 2168 3853 3853 3872 3872 3853 3853 2168 2168 2167 2167 3873 3873 3874 3874 583 583 3875 3875 3876 3876 3877 3877 3877 3877 3878 3878 3879 3879 2719 2719 2168 2168 3872 3872 3880 3880 3881 3881 3882 3882 3883 3883 3884 3884 3878 3878 3885 3885 3878 3878 3884 3884 3878 3878 3885 3885 3879 3879 3883 3883 3878 3878 3886 3886 3877 3877 3886 3886 3878 3878 3886 3886 3877 3877 3887 3887 3876 3876 3887 3887 3877 3877 3887 3887 3876 3876 3888 3888 3885 3885 2722 2722 3879 3879 2721 2721 3879 3879 2722 2722 3879 3879 2721 2721 2719 2719 3872 3872 3871 3871 3889 3889 3890 3890 3891 3891 3892 3892 3893 3893 3892 3892 3891 3891 3892 3892 3893 3893 3894 3894 3895 3895 3894 3894 3893 3893 3894 3894 3895 3895 3896 3896 3881 3881 3888 3888 3882 3882 3876 3876 3882 3882 3888 3888 3882 3882 3876 3876 3897 3897 3875 3875 3897 3897 3876 3876 3897 3897 3875 3875 3898 3898 3889 3889 3899 3899 3900 3900 3901 3901 3902 3902 3895 3895 3903 3903 3895 3895 3902 3902 3895 3895 3903 3903 3896 3896 3891 3891 3880 3880 3893 3893 3882 3882 3893 3893 3880 3880 3893 3893 3882 3882 3895 3895 3897 3897 3895 3895 3882 3882 3895 3895 3897 3897 3901 3901 3898 3898 3901 3901 3897 3897 3901 3901 3898 3898 3904 3904 3900 3900 3905 3905 3906 3906 3874 3874 3873 3873 3906 3906 3906 3906 3905 3905 3874 3874 3907 3907 3874 3874 3905 3905 3874 3874 3907 3907 583 583 3900 3900 3899 3899 3905 3905 3908 3908 3905 3905 3899 3899 3905 3905 3908 3908 3907 3907 3909 3909 3907 3907 3908 3908 3907 3907 3909 3909 583 583 3889 3889 3871 3871 3899 3899 3870 3870 3899 3899 3871 3871 3899 3899 3870 3870 3908 3908 3869 3869 3908 3908 3870 3870 3908 3908 3869 3869 3909 3909 3868 3868 3909 3909 3869 3869 3909 3909 3868 3868 583 583 583 583 3910 3910 3904 3904 3911 3911 3904 3904 3910 3910 3904 3904 3911 3911 3901 3901 3912 3912 3901 3901 3911 3911 3901 3901 3912 3912 3902 3902 2719 2719 3872 3872 3879 3879 3889 3889 3879 3879 3872 3872 3879 3879 3889 3889 3877 3877 3900 3900 3877 3877 3889 3889 3877 3877 3900 3900 3875 3875 3906 3906 3875 3875 3900 3900 3875 3875 3906 3906 3898 3898 3873 3873 3898 3898 3906 3906 3898 3898 3873 3873 3904 3904 583 583 3904 3904 3873 3873 3911 3911 3913 3913 3914 3914 3911 3911 3910 3910 3913 3913 583 583 3913 3913 3910 3910 3913 3913 583 583 582 582 3915 3915 3890 3890 3916 3916 3892 3892 3916 3916 3890 3890 3892 3892 3894 3894 3916 3916 3896 3896 3916 3916 3894 3894 3916 3916 3896 3896 3917 3917 3903 3903 3917 3917 3896 3896 3917 3917 3903 3903 3918 3918 3902 3902 3918 3918 3903 3903 3918 3918 3902 3902 3914 3914 3912 3912 3914 3914 3902 3902 3914 3914 3912 3912 3911 3911 860 860 862 862 3919 3919 860 860 3919 3919 3920 3920 3921 3921 3920 3920 3919 3919 3920 3920 3921 3921 3922 3922 3923 3923 3922 3922 3921 3921 3922 3922 3923 3923 3924 3924 3924 3924 3923 3923 3925 3925 3926 3926 3925 3925 3923 3923 3925 3925 3926 3926 3927 3927 3927 3927 3926 3926 3928 3928 3929 3929 3928 3928 3926 3926 3928 3928 3929 3929 3930 3930 3930 3930 3929 3929 3931 3931 853 853 3931 3931 3929 3929 3931 3931 853 853 851 851 2518 2518 3932 3932 3933 3933 3934 3934 3935 3935 3936 3936 853 853 3929 3929 3937 3937 3936 3936 3935 3935 853 853 3938 3938 853 853 3935 3935 3938 3938 3935 3935 3939 3939 3934 3934 3939 3939 3935 3935 3939 3939 3934 3934 3940 3940 3941 3941 853 853 3938 3938 3942 3942 3943 3943 3944 3944 3937 3937 3944 3944 3943 3943 3944 3944 3937 3937 3945 3945 3929 3929 3945 3945 3937 3937 3945 3945 3929 3929 3926 3926 3941 3941 3938 3938 3946 3946 3939 3939 3946 3946 3938 3938 3946 3946 3939 3939 3947 3947 3940 3940 3947 3947 3939 3939 3947 3947 3940 3940 3948 3948 3949 3949 3942 3942 3950 3950 3944 3944 3950 3950 3942 3942 3950 3950 3944 3944 3951 3951 3945 3945 3951 3951 3944 3944 3951 3951 3945 3945 3952 3952 3926 3926 3952 3952 3945 3945 3952 3952 3926 3926 3923 3923 3953 3953 3949 3949 3954 3954 3950 3950 3954 3954 3949 3949 3954 3954 3950 3950 3955 3955 3951 3951 3955 3955 3950 3950 3955 3955 3951 3951 3956 3956 3952 3952 3956 3956 3951 3951 3956 3956 3952 3952 3957 3957 3923 3923 3957 3957 3952 3952 3957 3957 3923 3923 3921 3921 3932 3932 3953 3953 3933 3933 3954 3954 3933 3933 3953 3953 3933 3933 3954 3954 3958 3958 3955 3955 3958 3958 3954 3954 3958 3958 3955 3955 3959 3959 3956 3956 3959 3959 3955 3955 3959 3959 3956 3956 3960 3960 3957 3957 3960 3960 3956 3956 3960 3960 3957 3957 3961 3961 3921 3921 3961 3961 3957 3957 3961 3961 3921 3921 3919 3919 2518 2518 3933 3933 2769 2769 3958 3958 2769 2769 3933 3933 2769 2769 3958 3958 2767 2767 3959 3959 2767 2767 3958 3958 2767 2767 3959 3959 2765 2765 3960 3960 2765 2765 3959 3959 2765 2765 3960 3960 2763 2763 3961 3961 2763 2763 3960 3960 2763 2763 3961 3961 2761 2761 3919 3919 2761 2761 3961 3961 2761 2761 3919 3919 862 862 3943 3943 853 853 3937 3937 3932 3932 3948 3948 3953 3953 3940 3940 3953 3953 3948 3948 3953 3953 3940 3940 3949 3949 3934 3934 3949 3949 3940 3940 3949 3949 3934 3934 3942 3942 3936 3936 3942 3942 3934 3934 3942 3942 3936 3936 3943 3943 853 853 3943 3943 3936 3936 854 854 853 853 3941 3941 854 854 3941 3941 3962 3962 3946 3946 3962 3962 3941 3941 3962 3962 3946 3946 3963 3963 3947 3947 3963 3963 3946 3946 3963 3963 3947 3947 3964 3964 3948 3948 3964 3964 3947 3947 3964 3964 3948 3948 3965 3965 3932 3932 3965 3965 3948 3948 3965 3965 3932 3932 3966 3966 2518 2518 3966 3966 3932 3932 3966 3966 2518 2518 2520 2520 2516 2516 3967 3967 3968 3968 3969 3969 3970 3970 3971 3971 854 854 3962 3962 3972 3972 3971 3971 3970 3970 854 854 3973 3973 854 854 3970 3970 3973 3973 3970 3970 3974 3974 3969 3969 3974 3974 3970 3970 3974 3974 3969 3969 3975 3975 3976 3976 854 854 3973 3973 3977 3977 3978 3978 3979 3979 3972 3972 3979 3979 3978 3978 3979 3979 3972 3972 3980 3980 3962 3962 3980 3980 3972 3972 3980 3980 3962 3962 3963 3963 3976 3976 3973 3973 3981 3981 3974 3974 3981 3981 3973 3973 3981 3981 3974 3974 3982 3982 3975 3975 3982 3982 3974 3974 3982 3982 3975 3975 3983 3983 3984 3984 3977 3977 3985 3985 3979 3979 3985 3985 3977 3977 3985 3985 3979 3979 3986 3986 3980 3980 3986 3986 3979 3979 3986 3986 3980 3980 3987 3987 3963 3963 3987 3987 3980 3980 3987 3987 3963 3963 3964 3964 3988 3988 3984 3984 3989 3989 3985 3985 3989 3989 3984 3984 3989 3989 3985 3985 3990 3990 3986 3986 3990 3990 3985 3985 3990 3990 3986 3986 3991 3991 3987 3987 3991 3991 3986 3986 3991 3991 3987 3987 3992 3992 3964 3964 3992 3992 3987 3987 3992 3992 3964 3964 3965 3965 3967 3967 3988 3988 3968 3968 3989 3989 3968 3968 3988 3988 3968 3968 3989 3989 3993 3993 3990 3990 3993 3993 3989 3989 3993 3993 3990 3990 3994 3994 3991 3991 3994 3994 3990 3990 3994 3994 3991 3991 3995 3995 3992 3992 3995 3995 3991 3991 3995 3995 3992 3992 3996 3996 3965 3965 3996 3996 3992 3992 3996 3996 3965 3965 3966 3966 2516 2516 3968 3968 2746 2746 3993 3993 2746 2746 3968 3968 2746 2746 3993 3993 2747 2747 3994 3994 2747 2747 3993 3993 2747 2747 3994 3994 2755 2755 3995 3995 2755 2755 3994 3994 2755 2755 3995 3995 2756 2756 3996 3996 2756 2756 3995 3995 2756 2756 3996 3996 2758 2758 3966 3966 2758 2758 3996 3996 2758 2758 3966 3966 2520 2520 3978 3978 854 854 3972 3972 3967 3967 3983 3983 3988 3988 3975 3975 3988 3988 3983 3983 3988 3988 3975 3975 3984 3984 3969 3969 3984 3984 3975 3975 3984 3984 3969 3969 3977 3977 3971 3971 3977 3977 3969 3969 3977 3977 3971 3971 3978 3978 854 854 3978 3978 3971 3971 855 855 854 854 3976 3976 855 855 3976 3976 3749 3749 3981 3981 3749 3749 3976 3976 3749 3749 3981 3981 3763 3763 3982 3982 3763 3763 3981 3981 3763 3763 3982 3982 3764 3764 3983 3983 3764 3764 3982 3982 3764 3764 3983 3983 3770 3770 3967 3967 3770 3770 3983 3983 3770 3770 3967 3967 3748 3748 2516 2516 3748 3748 3967 3967 3748 3748 2516 2516 2515 2515 2521 2521 2519 2519 3997 3997 2521 2521 3997 3997 3998 3998 3999 3999 3998 3998 3997 3997 3998 3998 3999 3999 4000 4000 4001 4001 4000 4000 3999 3999 4000 4000 4001 4001 4002 4002 4002 4002 4001 4001 4003 4003 4004 4004 4003 4003 4001 4001 4003 4003 4004 4004 4005 4005 4005 4005 4004 4004 4006 4006 4007 4007 4006 4006 4004 4004 4006 4006 4007 4007 4008 4008 4008 4008 4007 4007 4009 4009 867 867 4009 4009 4007 4007 4009 4009 867 867 865 865 863 863 4010 4010 4011 4011 4012 4012 4013 4013 4014 4014 867 867 4007 4007 4015 4015 4014 4014 4013 4013 867 867 4016 4016 867 867 4013 4013 4016 4016 4013 4013 4017 4017 4012 4012 4017 4017 4013 4013 4017 4017 4012 4012 4018 4018 4019 4019 867 867 4016 4016 4020 4020 4021 4021 4022 4022 4015 4015 4022 4022 4021 4021 4022 4022 4015 4015 4023 4023 4007 4007 4023 4023 4015 4015 4023 4023 4007 4007 4004 4004 4019 4019 4016 4016 4024 4024 4017 4017 4024 4024 4016 4016 4024 4024 4017 4017 4025 4025 4018 4018 4025 4025 4017 4017 4025 4025 4018 4018 4026 4026 4027 4027 4020 4020 4028 4028 4022 4022 4028 4028 4020 4020 4028 4028 4022 4022 4029 4029 4023 4023 4029 4029 4022 4022 4029 4029 4023 4023 4030 4030 4004 4004 4030 4030 4023 4023 4030 4030 4004 4004 4001 4001 4031 4031 4027 4027 4032 4032 4028 4028 4032 4032 4027 4027 4032 4032 4028 4028 4033 4033 4029 4029 4033 4033 4028 4028 4033 4033 4029 4029 4034 4034 4030 4030 4034 4034 4029 4029 4034 4034 4030 4030 4035 4035 4001 4001 4035 4035 4030 4030 4035 4035 4001 4001 3999 3999 4010 4010 4031 4031 4011 4011 4032 4032 4011 4011 4031 4031 4011 4011 4032 4032 4036 4036 4033 4033 4036 4036 4032 4032 4036 4036 4033 4033 4037 4037 4034 4034 4037 4037 4033 4033 4037 4037 4034 4034 4038 4038 4035 4035 4038 4038 4034 4034 4038 4038 4035 4035 4039 4039 3999 3999 4039 4039 4035 4035 4039 4039 3999 3999 3997 3997 863 863 4011 4011 2760 2760 4036 4036 2760 2760 4011 4011 2760 2760 4036 4036 2762 2762 4037 4037 2762 2762 4036 4036 2762 2762 4037 4037 2764 2764 4038 4038 2764 2764 4037 4037 2764 2764 4038 4038 2766 2766 4039 4039 2766 2766 4038 4038 2766 2766 4039 4039 2768 2768 3997 3997 2768 2768 4039 4039 2768 2768 3997 3997 2519 2519 4021 4021 867 867 4015 4015 4010 4010 4026 4026 4031 4031 4018 4018 4031 4031 4026 4026 4031 4031 4018 4018 4027 4027 4012 4012 4027 4027 4018 4018 4027 4027 4012 4012 4020 4020 4014 4014 4020 4020 4012 4012 4020 4020 4014 4014 4021 4021 867 867 4021 4021 4014 4014 866 866 867 867 4019 4019 866 866 4019 4019 4040 4040 4024 4024 4040 4040 4019 4019 4040 4040 4024 4024 4041 4041 4025 4025 4041 4041 4024 4024 4041 4041 4025 4025 4042 4042 4026 4026 4042 4042 4025 4025 4042 4042 4026 4026 4043 4043 4010 4010 4043 4043 4026 4026 4043 4043 4010 4010 4044 4044 863 863 4044 4044 4010 4010 4044 4044 863 863 861 861 4045 4045 4046 4046 4047 4047 4045 4045 4047 4047 4048 4048 4046 4046 4045 4045 4049 4049 4050 4050 4049 4049 4045 4045 4049 4049 4050 4050 4051 4051 4051 4051 4050 4050 4052 4052 781 781 4052 4052 4050 4050 4052 4052 781 781 783 783 4047 4047 4053 4053 4048 4048 4054 4054 4048 4048 4053 4053 4048 4048 4054 4054 4055 4055 4056 4056 4055 4055 4054 4054 4055 4055 4056 4056 4057 4057 864 864 4057 4057 4056 4056 4057 4057 864 864 866 866 781 781 4050 4050 4058 4058 4059 4059 4060 4060 4061 4061 866 866 4040 4040 4062 4062 4061 4061 4060 4060 866 866 4063 4063 866 866 4060 4060 4063 4063 4060 4060 4064 4064 4059 4059 4064 4064 4060 4060 4064 4064 4059 4059 4065 4065 4057 4057 866 866 4063 4063 4066 4066 4067 4067 4068 4068 4062 4062 4068 4068 4067 4067 4068 4068 4062 4062 4069 4069 4040 4040 4069 4069 4062 4062 4069 4069 4040 4040 4041 4041 4057 4057 4063 4063 4055 4055 4064 4064 4055 4055 4063 4063 4055 4055 4064 4064 4048 4048 4065 4065 4048 4048 4064 4064 4048 4048 4065 4065 4045 4045 4070 4070 4066 4066 4071 4071 4068 4068 4071 4071 4066 4066 4071 4071 4068 4068 4072 4072 4069 4069 4072 4072 4068 4068 4072 4072 4069 4069 4073 4073 4041 4041 4073 4073 4069 4069 4073 4073 4041 4041 4042 4042 4074 4074 4070 4070 4075 4075 4071 4071 4075 4075 4070 4070 4075 4075 4071 4071 4076 4076 4072 4072 4076 4076 4071 4071 4076 4076 4072 4072 4077 4077 4073 4073 4077 4077 4072 4072 4077 4077 4073 4073 4078 4078 4042 4042 4078 4078 4073 4073 4078 4078 4042 4042 4043 4043 4050 4050 4074 4074 4058 4058 4075 4075 4058 4058 4074 4074 4058 4058 4075 4075 4079 4079 4076 4076 4079 4079 4075 4075 4079 4079 4076 4076 4080 4080 4077 4077 4080 4080 4076 4076 4080 4080 4077 4077 4081 4081 4078 4078 4081 4081 4077 4077 4081 4081 4078 4078 4082 4082 4043 4043 4082 4082 4078 4078 4082 4082 4043 4043 4044 4044 781 781 4058 4058 2724 2724 4079 4079 2724 2724 4058 4058 2724 2724 4079 4079 2725 2725 4080 4080 2725 2725 4079 4079 2725 2725 4080 4080 2731 2731 4081 4081 2731 2731 4080 4080 2731 2731 4081 4081 2732 2732 4082 4082 2732 2732 4081 4081 2732 2732 4082 4082 2734 2734 4044 4044 2734 2734 4082 4082 2734 2734 4044 4044 861 861 4067 4067 866 866 4062 4062 4050 4050 4045 4045 4074 4074 4065 4065 4074 4074 4045 4045 4074 4074 4065 4065 4070 4070 4059 4059 4070 4070 4065 4065 4070 4070 4059 4059 4066 4066 4061 4061 4066 4066 4059 4059 4066 4066 4061 4061 4067 4067 866 866 4067 4067 4061 4061 4083 4083 4084 4084 4085 4085 4083 4083 4085 4085 4086 4086 4087 4087 4086 4086 4085 4085 4086 4086 4087 4087 4088 4088 4089 4089 4090 4090 4083 4083 4091 4091 4083 4083 4090 4090 4083 4083 4091 4091 4084 4084 4092 4092 4093 4093 4094 4094 4095 4095 4094 4094 4093 4093 4094 4094 4095 4095 4083 4083 4096 4096 4083 4083 4095 4095 4083 4083 4096 4096 4089 4089 4097 4097 4098 4098 4099 4099 4098 4098 4100 4100 4099 4099 4101 4101 4099 4099 4100 4100 4099 4099 4101 4101 4102 4102 4102 4102 4103 4103 4099 4099 4104 4104 4099 4099 4103 4103 4099 4099 4104 4104 4105 4105 4106 4106 4107 4107 4108 4108 4099 4099 4108 4108 4107 4107 4108 4108 4099 4099 4109 4109 4105 4105 4109 4109 4099 4099 4110 4110 4111 4111 4099 4099 4112 4112 4099 4099 4111 4111 4112 4112 4113 4113 4099 4099 4114 4114 4099 4099 4113 4113 4099 4099 4114 4114 4097 4097</p>
        </triangles>
      </mesh>
    </geometry>
  </library_geometries>
  <library_materials>
    <material id="6978729e857749b381905c811efcb399" name="defaultmaterial">
      <instance_effect url="#4d63b7d24d5d4d0d8c9b02a2fecf2e68"/>
    </material>
    <material id="428925c24d7d4eabac9ddfdebf297cfe" name="defaultmaterial">
      <instance_effect url="#58da3176c0a44be68313996928f95377"/>
    </material>
  </library_materials>
  <library_visual_scenes>
    <visual_scene id="scene">
      <node id="node0" name="node0">
        <instance_geometry url="#82532fb61d364a648cb1dda4699719a3">
          <bind_material>
            <technique_common>
              <instance_material symbol="material0" target="#6978729e857749b381905c811efcb399"/>
            </technique_common>
          </bind_material>
        </instance_geometry>
      </node>
      <node id="node1" name="node1">
        <instance_geometry url="#dd110f11737741f29f0907690b00790a">
          <bind_material>
            <technique_common>
              <instance_material symbol="material1" target="#428925c24d7d4eabac9ddfdebf297cfe"/>
            </technique_common>
          </bind_material>
        </instance_geometry>
      </node>
    </visual_scene>
  </library_visual_scenes>
  <scene>
    <instance_visual_scene url="#scene"/>
  </scene>
</COLLADA>
