<COLLADA xmlns="http://www.collada.org/2005/11/COLLADASchema" version="1.4.1">
  <asset>
    <created>2026-07-22T20:42:48.762433</created>
    <modified>2026-07-22T20:42:48.762433</modified>
    <up_axis>Y_UP</up_axis>
  </asset>
  <library_effects>
    <effect id="94950ab927b948be9cb069b0041d5b3b" name="94950ab927b948be9cb069b0041d5b3b">
      <profile_COMMON>
        <technique sid="common">
          <phong>
            <emission>
              <color>0.0 0.0 0.0 1.0</color>
            </emission>
            <ambient>
              <color>0.0 0.0 0.0 1.0</color>
            </ambient>
            <diffuse>
              <color>1.0 1.0 1.0 1.0</color>
            </diffuse>
            <specular>
              <color>0.0 0.0 0.0 1.0</color>
            </specular>
            <shininess>
              <float>0.0</float>
            </shininess>
            <reflective>
              <color>0.0 0.0 0.0 1.0</color>
            </reflective>
            <reflectivity>
              <float>0.0</float>
            </reflectivity>
            <transparent>
              <color>0.0 0.0 0.0 1.0</color>
            </transparent>
            <transparency>
              <float>1.0</float>
            </transparency>
          </phong>
        </technique>
        <extra>
          <technique profile="GOOGLEEARTH">
            <double_sided>0</double_sided>
          </technique>
        </extra>
      </profile_COMMON>
    </effect>
  </library_effects>
  <library_geometries>
    <geometry id="249c42a624e2455bb8f728e73933f9fb" name="527d98f020334043931d07ab49a9978c">
      <mesh>
        <source id="verts-array">
          <float_array count="9765" id="verts-array-array">0.00151984 -7.12827e-05 0.0002348946 0.00151984 -7.12827e-05 0.002234895 0.00146805 0.0003220803 0.0002348946 0.00146805 0.0003220803 0.002234895 0.00131622 0.0006886363 0.0002348946 0.00131622 0.0006886363 0.002234895 0.00107469 0.001003407 0.0002348946 0.00107469 0.001003407 0.002234895 0.0007599185 0.001244937 0.0002348946 0.0007599185 0.001244937 0.002234895 0.0003933625 0.001396767 0.0002348946 0.0003933625 0.001396767 0.002234895 -4.988137e-10 0.001448557 0.0002348946 -4.988137e-10 0.001448557 0.002234895 -0.0003933635 0.001396767 0.0002348946 -0.0003933635 0.001396767 0.002234895 -0.0007599195 0.001244937 0.0002348946 -0.0007599195 0.001244937 0.002234895 -0.00107469 0.001003407 0.0002348946 -0.00107469 0.001003407 0.002234895 -0.00131622 0.0006886363 0.0002348946 -0.00131622 0.0006886363 0.002234895 -0.00146805 0.0003220803 0.0002348946 -0.00146805 0.0003220803 0.002234895 -0.00151984 -7.12827e-05 0.0002348946 -0.00151984 -7.12827e-05 0.002234895 -0.00146805 -0.0004646457 0.0002348946 -0.00146805 -0.0004646457 0.002234895 -0.00131622 -0.0008312017 0.0002348946 -0.00131622 -0.0008312017 0.002234895 -0.00107469 -0.001145973 0.0002348946 -0.00107469 -0.001145973 0.002234895 -0.0007599195 -0.001387503 0.0002348946 -0.0007599195 -0.001387503 0.002234895 -0.0003933635 -0.001539333 0.0002348946 -0.0003933635 -0.001539333 0.002234895 -4.988137e-10 -0.001591123 0.0002348946 -4.988137e-10 -0.001591123 0.002234895 0.0003933625 -0.001539333 0.0002348946 0.0003933625 -0.001539333 0.002234895 0.0007599185 -0.001387503 0.0002348946 0.0007599185 -0.001387503 0.002234895 0.00107469 -0.001145973 0.0002348946 0.00107469 -0.001145973 0.002234895 0.00131622 -0.0008312017 0.0002348946 0.00131622 -0.0008312017 0.002234895 0.00146805 -0.0004646457 0.0002348946 0.00146805 -0.0004646457 0.002234895 -0.00883396 0.008050357 -0.002765105 -0.00929618 0.007516937 -0.002765105 -0.00883396 0.008050357 0.002234895 -0.00929618 0.007516937 0.002234895 -0.00349739 0.001869927 0.003234895 -0.0031306 0.002396897 0.003234895 -0.00423363 0.002492327 0.003234895 0.00138922 0.003679727 0.003234895 0.00142702 0.003661187 0.003234895 0.0014785 0.004256217 0.003234895 -0.00162765 0.007761387 0.003234895 -0.00248159 0.007522127 0.003234895 -0.00273262 0.004620547 0.003234895 0.00162765 -0.007903953 0.003234895 0.00196814 -0.007808553 0.003234895 0.00153122 -0.007770753 0.003234895 0.00502046 -0.005091743 0.003234895 0.00490472 -0.005180553 0.003234895 0.00484789 -0.005837443 0.003234895 0.00519527 -0.004863923 0.003234895 0.0051145 -0.004969183 0.003234895 0.00624321 -0.005066833 0.003234895 0.0011 0.005928717 0.003234895 0.00106252 0.005644017 0.003234895 0.0009526275 0.005378717 0.003234895 0.0007778165 0.005150897 0.003234895 0.0005499995 0.004976087 0.003234895 -0.0002847015 0.004866197 0.003234895 -0.00179842 0.004539727 0.003234895 -4.988137e-10 0.004828717 0.003234895 0.0002847005 0.004866197 0.003234895 0.00177811 0.007719237 0.003234895 0.0009526275 0.006478717 0.003234895 0.00106252 0.006213417 0.003234895 -0.0005500005 0.004976087 0.003234895 -0.0007778175 0.005150897 0.003234895 -0.0009526285 0.005378717 0.003234895 -0.0009526285 0.006478717 0.003234895 -0.0007778175 0.006706537 0.003234895 -0.0015184 0.007776407 0.003234895 -0.0005500005 0.006881347 0.003234895 -0.0005459395 0.007910067 0.003234895 -0.0002847015 0.006991237 0.003234895 -4.988137e-10 0.007928717 0.003234895 -4.988137e-10 0.007028717 0.003234895 0.0005459385 0.007910067 0.003234895 0.0002847005 0.006991237 0.003234895 0.00162765 0.007761387 0.003234895 0.0005499995 0.006881347 0.003234895 0.0007778165 0.006706537 0.003234895 -0.00106252 0.005644017 0.003234895 -0.0011 0.005928717 0.003234895 -0.00106252 0.006213417 0.003234895 0.00499407 0.006154817 0.003234895 0.00461344 0.006464477 0.003234895 0.00452734 0.005233877 0.003234895 0.00256361 0.004162347 0.003234895 0.00314264 0.004171357 0.003234895 0.00318012 0.004456057 0.003234895 0.00329001 0.004721357 0.003234895 0.00346482 0.004949177 0.003234895 0.00284332 0.007395447 0.003234895 0.00369264 0.005123987 0.003234895 0.00368052 0.007031797 0.003234895 0.00395794 0.005233877 0.003234895 0.00424264 0.005271357 0.003234895 0.00267904 0.007466807 0.003234895 0.00479264 0.005123987 0.003234895 0.0048979 0.005043217 0.003234895 0.00546043 0.005775407 0.003234895 0.00502046 0.004949177 0.003234895 0.00581933 0.005391117 0.003234895 0.00519527 0.004721357 0.003234895 0.00530516 0.004456057 0.003234895 0.00534264 0.004171357 0.003234895 0.00568962 0.003891897 0.003234895 0.00620569 0.004977417 0.003234895 0.00683536 0.004085387 0.003234895 0.00770334 0.002087087 0.003234895 0.00758831 0.002410747 0.003234895 0.00557654 0.002584797 0.003234895 0.00733769 0.003115927 0.003234895 0.00699409 0.003779037 0.003234895 0.00549572 0.001650597 0.003234895 0.00769947 0.001459937 0.003234895 0.00773892 0.001915887 0.003234895 0.008 -7.12827e-05 0.003234895 0.00792549 0.001018047 0.003234895 0.00783612 0.001448117 0.003234895 0.00746011 -0.002914033 0.003234895 0.00770334 -0.002229653 0.003234895 0.00741597 -0.001816983 0.003234895 0.0077825 -0.001848693 0.003234895 0.00792549 -0.001160613 0.003234895 0.00732209 -0.002902093 0.003234895 0.00728195 -0.003366073 0.003234895 0.00733769 -0.003258493 0.003234895 0.00620569 -0.005119983 0.003234895 0.00548421 -0.005892503 0.003234895 0.00546043 -0.005917973 0.003234895 0.00368052 -0.007174363 0.003234895 0.0038498 -0.007071423 0.003234895 0.00396318 -0.005760903 0.003234895 0.00461344 -0.006607043 0.003234895 0.00479402 -0.006460133 0.003234895 0.00172188 -0.005567003 0.003234895 0.00267904 -0.007609373 0.003234895 -0.0005459395 -0.008052633 0.003234895 0.0004136015 -0.008052633 0.003234895 0.0004461105 -0.007676873 0.003234895 0.0005459385 -0.008052633 0.003234895 0.0015184 -0.007918973 0.003234895 -0.00283081 -0.007393373 0.003234895 -0.00284332 -0.007538013 0.003234895 -0.00267904 -0.007609373 0.003234895 -0.00162765 -0.007903953 0.003234895 -0.00264015 -0.005189623 0.003234895 -0.00368052 -0.007174363 0.003234895 -0.00326225 -0.007356043 0.003234895 -0.0034959 -0.005115583 0.003234895 -0.00358056 -0.005180553 0.003234895 -0.00374943 -0.007132463 0.003234895 -0.00369264 -0.005266553 0.003234895 -0.00395794 -0.005376443 0.003234895 -0.00424264 -0.005413923 0.003234895 -0.00461344 -0.006607043 0.003234895 -0.00452734 -0.005376443 0.003234895 -0.00499407 -0.006297383 0.003234895 -0.00479264 -0.005266553 0.003234895 -0.0048979 -0.005185783 0.003234895 -0.00546043 -0.005917973 0.003234895 -0.00502046 -0.005091743 0.003234895 -0.00620569 -0.005119983 0.003234895 -0.00510927 -0.004976003 0.003234895 -0.00638525 -0.004865613 0.003234895 -0.00461101 -0.001869703 0.003234895 -0.00783612 -0.001590683 0.003234895 -0.00479264 -0.003361293 0.003234895 -0.00519527 -0.004863923 0.003234895 -0.00530516 -0.004598623 0.003234895 -0.00683536 -0.004227953 0.003234895 -0.00534264 -0.004313923 0.003234895 -0.00699409 -0.003921603 0.003234895 -0.00531017 -0.004067293 0.003234895 -0.00733769 -0.003258493 0.003234895 -0.00530516 -0.004029223 0.003234895 -0.00770334 -0.002229653 0.003234895 -0.00519527 -0.003763923 0.003234895 -0.00502046 -0.003536103 0.003234895 -0.00655 -0.001023911 0.003234895 -0.00677782 -0.0008490997 0.003234895 -0.00792549 -0.001160613 0.003234895 -0.00695263 -0.0006212827 0.003234895 -0.00797165 -0.0004857247 0.003234895 -0.00545 -0.001023911 0.003234895 -0.0057153 -0.001133803 0.003234895 -0.006 -0.001171283 0.003234895 -0.0062847 -0.001133803 0.003234895 -0.00697299 -0.0005721237 0.003234895 -0.00706252 -0.0003559837 0.003234895 -0.008 -7.12827e-05 0.003234895 -0.0071 -7.12827e-05 0.003234895 -0.00792549 0.001018047 0.003234895 -0.00493748 -0.0003559837 0.003234895 -0.00504737 -0.0006212827 0.003234895 -0.00451713 -0.0007845927 0.003234895 -0.00513187 -0.0007314077 0.003234895 -0.00522218 -0.0008490997 0.003234895 -0.006 0.001028717 0.003234895 -0.0057153 0.0009912373 0.003234895 -0.00545 0.0008813453 0.003234895 -0.00522218 0.0007065343 0.003234895 -0.00504737 0.0004787173 0.003234895 -0.00493748 0.0002134183 0.003234895 -0.0049 -7.12827e-05 0.003234895 -0.00706252 0.0002134183 0.003234895 -0.00695263 0.0004787173 0.003234895 -0.00770334 0.002087087 0.003234895 -0.00677782 0.0007065343 0.003234895 -0.00746011 0.002771467 0.003234895 -0.00655 0.0008813453 0.003234895 -0.0062847 0.0009912373 0.003234895 -0.00418285 0.003079227 0.003234895 -0.00424264 0.003071357 0.003234895 -0.00452734 0.003108837 0.003234895 -0.00502046 0.003393537 0.003234895 -0.00510927 0.003509277 0.003234895 -0.00704701 0.003676917 0.003234895 -0.00479264 0.003218727 0.003234895 -0.00733769 0.003115927 0.003234895 -0.00530516 0.004456057 0.003234895 -0.00624321 0.004924267 0.003234895 -0.00534264 0.004171357 0.003234895 -0.00683536 0.004085387 0.003234895 -0.00530516 0.003886657 0.003234895 -0.00519527 0.003621357 0.003234895 -0.00519527 0.004721357 0.003234895 -0.0051145 0.004826617 0.003234895 -0.00620569 0.004977417 0.003234895 -0.00502046 0.004949177 0.003234895 -0.00546043 0.005775407 0.003234895 -0.00479264 0.005123987 0.003234895 -0.00461344 0.006464477 0.003234895 -0.00452734 0.005233877 0.003234895 -0.0038498 0.006928857 0.003234895 -0.00424264 0.005271357 0.003234895 -0.00399601 0.005238887 0.003234895 -0.00368052 0.007031797 0.003234895 -0.00395794 0.005233877 0.003234895 -0.00267904 0.007466807 0.003234895 -0.00369264 0.005123987 0.003234895 -0.00346482 0.004949177 0.003234895 -0.00329001 0.004721357 0.003234895 -0.00326742 0.004666817 0.003234895 -0.00346482 -0.005091743 0.003234895 -0.00329001 -0.004863923 0.003234895 -0.00318012 -0.004029223 0.003234895 -0.00315051 -0.004254133 0.003234895 -0.00256361 -0.004304913 0.003234895 -0.00314264 -0.004313923 0.003234895 -0.00318012 -0.004598623 0.003234895 -0.00344098 -0.003567183 0.003234895 -0.00329001 -0.003763923 0.003234895 -0.00246928 -0.003214563 0.003234895 -0.00303503 -0.002676773 0.003234895 -0.00332758 -0.002256453 0.003234895 -0.00346482 -0.003536103 0.003234895 -0.00369264 -0.003361293 0.003234895 -0.0047381 -0.003338703 0.003234895 -0.00452734 -0.003251403 0.003234895 -0.00424264 -0.003213923 0.003234895 -0.00395794 -0.003251403 0.003234895 -0.00349739 -0.002012493 0.003234895 -0.00351809 -0.001964253 0.003234895 0.0002847005 -0.007133803 0.003234895 -4.988137e-10 -0.007171283 0.003234895 -0.0002847015 -0.007133803 0.003234895 -0.0005500005 -0.007023913 0.003234895 -0.0007778175 -0.006849103 0.003234895 -0.0009526285 -0.006621283 0.003234895 -0.00106252 -0.006355983 0.003234895 -0.0011 -0.006071283 0.003234895 -0.00106252 -0.005786583 0.003234895 0.0009526275 -0.006621283 0.003234895 0.0007778165 -0.006849103 0.003234895 0.0005499995 -0.007023913 0.003234895 0.0005008405 -0.007044273 0.003234895 0.0009526275 -0.005521283 0.003234895 0.00106252 -0.005786583 0.003234895 0.0011 -0.006071283 0.003234895 0.00106252 -0.006355983 0.003234895 0.0002847005 -0.005008763 0.003234895 0.0005499995 -0.005118653 0.003234895 0.0007133095 -0.004588413 0.003234895 0.0006601245 -0.005203153 0.003234895 0.00179842 -0.004682293 0.003234895 0.0007778165 -0.005293463 0.003234895 0.0009355045 -0.005498973 0.003234895 -0.0009526285 -0.005521283 0.003234895 -0.0008190305 -0.005347173 0.003234895 -0.0007778175 -0.005293463 0.003234895 -0.0005500005 -0.005118653 0.003234895 -0.0002847015 -0.005008763 0.003234895 -4.988137e-10 -0.004971283 0.003234895 0.00399601 -0.005381453 0.003234895 0.00395794 -0.005376443 0.003234895 0.00369264 -0.005266553 0.003234895 0.00479264 -0.005266553 0.003234895 0.00452734 -0.005376443 0.003234895 0.00424264 -0.005413923 0.003234895 0.00479264 -0.003361293 0.003234895 0.00502046 -0.003536103 0.003234895 0.00511834 -0.002711433 0.003234895 0.0050443 -0.003567183 0.003234895 0.00519527 -0.003763923 0.003234895 0.00530516 -0.004029223 0.003234895 0.00683536 -0.004227953 0.003234895 0.00534264 -0.004313923 0.003234895 0.00530516 -0.004598623 0.003234895 0.00395794 -0.003251403 0.003234895 0.00418285 -0.003221793 0.003234895 0.00423363 -0.002634893 0.003234895 0.00424264 -0.003213923 0.003234895 0.00452734 -0.003251403 0.003234895 0.00318012 -0.004598623 0.003234895 0.00314264 -0.004313923 0.003234895 0.00346482 -0.005091743 0.003234895 0.00329001 -0.004863923 0.003234895 0.00326742 -0.004809383 0.003234895 0.00189425 -0.003574563 0.003234895 0.00318012 -0.004029223 0.003234895 0.00211586 -0.003465863 0.003234895 0.00329001 -0.003763923 0.003234895 0.00275587 -0.002970453 0.003234895 0.00346482 -0.003536103 0.003234895 0.00312619 -0.002539083 0.003234895 0.00369264 -0.003361293 0.003234895 0.00706252 0.0002134183 0.003234895 0.0071 -7.12827e-05 0.003234895 0.00706252 -0.0003559837 0.003234895 0.00695263 -0.0006212827 0.003234895 0.00677782 -0.0008490997 0.003234895 0.00655 0.0008813453 0.003234895 0.00677782 0.0007065343 0.003234895 0.00695263 0.0004787173 0.003234895 0.00655 -0.001023911 0.003234895 0.0062847 -0.001133803 0.003234895 0.00521222 -0.001626323 0.003234895 0.006 -0.001171283 0.003234895 0.0057153 -0.001133803 0.003234895 0.00545 0.0008813453 0.003234895 0.0057153 0.0009912373 0.003234895 0.006 0.001028717 0.003234895 0.0062847 0.0009912373 0.003234895 0.00545 -0.001023911 0.003234895 0.00527589 -0.0008903127 0.003234895 0.0043275 -0.001549783 0.003234895 0.00522218 -0.0008490997 0.003234895 0.00504737 -0.0006212827 0.003234895 0.00493748 0.0002134183 0.003234895 0.00461101 0.001727137 0.003234895 0.0049 -7.12827e-05 0.003234895 0.00493748 -0.0003559837 0.003234895 0.00504737 0.0004787173 0.003234895 0.00522218 0.0007065343 0.003234895 0.00542769 0.0008642223 0.003234895 0.00519527 0.003621357 0.003234895 0.00530516 0.003886657 0.003234895 0.00531017 0.003924727 0.003234895 0.00452734 0.003108837 0.003234895 0.00424264 0.003071357 0.003234895 0.00469183 0.002661337 0.003234895 0.00246747 0.003051117 0.003234895 0.00318012 0.003886657 0.003234895 0.00315051 0.004111567 0.003234895 0.00502046 0.003393537 0.003234895 0.00479264 0.003218727 0.003234895 0.0047381 0.003196137 0.003234895 0.00395794 0.003108837 0.003234895 0.00369264 0.003218727 0.003234895 0.00275451 0.002828947 0.003234895 0.00346482 0.003393537 0.003234895 0.00329001 0.003621357 0.003234895 -0.00395794 0.003108837 0.003234895 -0.00369264 0.003218727 0.003234895 -0.00303503 0.002534207 0.003234895 -0.00290219 0.002660477 0.003234895 -0.0034959 0.003369697 0.003234895 -0.0028457 0.003313447 0.003234895 -0.00346482 0.003393537 0.003234895 -0.00329001 0.003621357 0.003234895 -0.00318012 0.004456057 0.003234895 -0.00314264 0.004171357 0.003234895 -0.00318012 0.003886657 0.003234895 0.00328305 0.002213787 0.003234895 0.00349981 0.001823267 0.003234895 0.00367583 0.001506137 0.003234895 0.00391812 0.0007339113 0.003234895 0.004 -7.12827e-05 0.003234895 0.00391812 -0.0008764767 0.003234895 0.00372327 -0.001497513 0.003234895 0.00275587 0.002827887 0.003234895 0.00211586 0.003323297 0.003234895 -0.00218462 0.003256247 0.003234895 -0.00189377 0.003437537 0.003234895 -0.00176158 0.003519937 0.003234895 -0.00100261 0.003801027 0.003234895 -0.0002025975 0.003923587 0.003234895 0.0006057105 0.003882587 0.003234895 -0.00244842 0.003091817 0.003234895 -0.00390517 -0.0008375357 0.003234895 -0.00397948 -0.0004759557 0.003234895 -0.00397948 0.0003333903 0.003234895 -0.00381656 0.001126167 0.003234895 -0.00381656 -0.001268733 0.003234895 -0.00244842 -0.003234383 0.003234895 -0.00176158 -0.003662503 0.003234895 0.0007656215 -0.003983753 0.003234895 0.0006057105 -0.004025153 0.003234895 -0.0002025975 -0.004066153 0.003234895 -0.00100261 -0.003943593 0.003234895 0.00138922 -0.003822293 0.003234895 0.00328305 -0.002356353 0.003234895 0.00367583 -0.001648703 0.003234895 -0.00618799 0.01021022 -0.002765105 -0.00678177 0.009828597 -0.002765105 -0.00618799 0.01021022 0.002234895 -0.00678177 0.009828597 0.002234895 -0.0110575 0.004590517 -0.002765105 -0.0110575 0.004590517 0.002234895 -0.0108398 0.005067257 -0.002765105 -0.0107643 0.005232567 0.002234895 -0.0107643 0.005232567 -0.002765105 -0.0118225 0.001985077 -0.002765105 -0.0119229 0.001286437 -0.002765105 -0.0118225 0.001985077 0.002234895 -0.0119229 0.001286437 0.002234895 -0.0119229 -0.001429003 -0.002765105 -0.0118225 -0.002127643 -0.002765105 -0.0119229 -0.001429003 0.002234895 -0.0118225 -0.002127643 0.002234895 -0.0110575 -0.004733083 -0.002765105 -0.0107643 -0.005375133 -0.002765105 -0.0110575 -0.004733083 0.002234895 -0.0107643 -0.005375133 0.002234895 -0.00929618 -0.007659503 -0.002765105 -0.00883396 -0.008192923 -0.002765105 -0.00929618 -0.007659503 0.002234895 -0.00883396 -0.008192923 0.002234895 -0.00678177 -0.009971163 -0.002765105 -0.00618799 -0.01035278 -0.002765105 -0.00678177 -0.009971163 0.002234895 -0.00618799 -0.01035278 0.002234895 0.0119229 0.001286437 -0.002765105 0.0118225 0.001985077 -0.002765105 0.0119229 0.001286437 0.002234895 0.0118225 0.001985077 0.002234895 0.0118225 -0.002127643 -0.002765105 0.0119229 -0.001429003 -0.002765105 0.0118225 -0.002127643 0.002234895 0.0119229 -0.001429003 0.002234895 0.0107643 -0.005375133 -0.002765105 0.0110575 -0.004733083 -0.002765105 0.0107643 -0.005375133 0.002234895 0.0110575 -0.004733083 0.002234895 0.00883396 -0.008192923 -0.002765105 0.00929618 -0.007659503 -0.002765105 0.00883396 -0.008192923 0.002234895 0.00929618 -0.007659503 0.002234895 0.00618799 -0.01035278 -0.002765105 0.00678177 -0.009971163 -0.002765105 0.00618799 -0.01035278 0.002234895 0.00678177 -0.009971163 0.002234895 0.00304071 -0.01167968 -0.002765105 0.00371795 -0.01148078 -0.002765105 0.00304071 -0.01167968 0.002234895 0.00371795 -0.01148078 0.002234895 0.0003529125 -0.01206608 -0.002765105 0.0003529125 -0.01206608 0.002234895 6.63775e-05 -0.01206608 -0.002765105 -0.0003529135 -0.01206608 0.002234895 -0.0003529135 -0.01206608 -0.002765105 -0.00304071 -0.01167968 -0.002765105 -0.00304071 -0.01167968 0.002234895 -0.00319765 -0.01163358 -0.002765105 -0.00371795 -0.01148078 0.002234895 -0.00371795 -0.01148078 -0.002765105 0.0110575 0.004590517 -0.002765105 0.0107643 0.005232567 -0.002765105 0.0110575 0.004590517 0.002234895 0.0107643 0.005232567 0.002234895 0.00929618 0.007516937 -0.002765105 0.00883396 0.008050357 -0.002765105 0.00929618 0.007516937 0.002234895 0.00883396 0.008050357 0.002234895 0.00618799 0.01021022 -0.002765105 0.00618799 0.01021022 0.002234895 0.00623371 0.01018082 -0.002765105 0.00678177 0.009828597 0.002234895 0.00678177 0.009828597 -0.002765105 0.00371795 0.01133822 -0.002765105 0.00304071 0.01153712 -0.002765105 0.00371795 0.01133822 0.002234895 0.00304071 0.01153712 0.002234895 -0.00371795 0.01133822 -0.002765105 -0.00371795 0.01133822 0.002234895 -0.0032005 0.01149012 -0.002765105 -0.00304071 0.01153712 0.002234895 -0.00304071 0.01153712 -0.002765105 0.0003529125 0.01192352 -0.002765105 -0.0003529135 0.01192352 -0.002765105 0.0003529125 0.01192352 0.002234895 -0.0003529135 0.01192352 0.002234895 0.00250646 0.001577247 -0.002765105 0.00220611 0.001935197 -0.002765105 0.00342288 0.001829927 -0.002765105 -0.0026809 -0.001417683 -0.002765105 -0.00235649 -0.001910913 -0.002765105 -0.00236971 -0.002063603 -0.002765105 -0.00106252 -0.006355983 -0.002765105 -0.00104863 -0.006389513 -0.002765105 -0.00196995 -0.006309813 -0.002765105 0.00522218 -0.0008490997 -0.002765105 0.00527589 -0.0008903127 -0.002765105 0.00511834 -0.002711433 -0.002765105 0.0118104 0.001203537 -0.002765105 0.0116694 0.001116477 -0.002765105 0.0106695 0.002264047 -0.002765105 0.00719938 -0.007488473 -0.002765105 0.00679103 -0.007067763 -0.002765105 0.0091221 -0.007269433 -0.002765105 0.0002847005 -0.007133803 -0.002765105 0.0005008405 -0.007044273 -0.002765105 6.63775e-05 -0.01206608 -0.002765105 -0.0118104 -0.001346103 -0.002765105 -0.0116694 -0.001259043 -0.002765105 -0.0106695 -0.002406613 -0.002765105 0.00193033 0.009485717 -0.002765105 0.00193139 0.009490957 -0.002765105 0.00164626 0.006195247 -0.002765105 0.00354301 0.009012197 -0.002765105 0.0040252 0.008791987 -0.002765105 0.00378454 0.006010257 -0.002765105 0.00454466 0.008554757 -0.002765105 0.00618799 0.01021022 -0.002765105 0.00623371 0.01018082 -0.002765105 0.00606582 0.01014222 -0.002765105 0.00602146 0.007727477 -0.002765105 0.00544601 0.009727927 -0.002765105 0.00500953 0.009325497 -0.002765105 0.00585738 0.005830917 -0.002765105 0.00595861 0.007646067 -0.002765105 0.00481809 0.009073757 -0.002765105 0.00375618 0.009558717 -0.002765105 0.00204647 0.01006072 -0.002765105 0.00215923 0.01035622 -0.002765105 0.00382107 0.009868247 -0.002765105 0.00246466 0.01086532 -0.002765105 0.00383937 0.01046162 -0.002765105 0.00294264 0.01143742 -0.002765105 0.00374658 0.01120142 -0.002765105 0.00304071 0.01153712 -0.002765105 0.00371795 0.01133822 -0.002765105 0.00101398 0.009617477 -0.002765105 0.0007778165 0.006706537 -0.002765105 -0.0003529135 0.01192352 -0.002765105 0.0003529125 0.01192352 -0.002765105 -0.0004001135 0.01183542 -0.002765105 0.0004189395 0.01180032 -0.002765105 0.0007163745 0.01111672 -0.002765105 0.0004829625 0.008558127 -0.002765105 0.0004330125 0.008678717 -0.002765105 0.0008403815 0.009642427 -0.002765105 0.0008659965 0.01054212 -0.002765105 0.0008909445 0.01022692 -0.002765105 -4.988137e-10 0.008928717 -0.002765105 -0.0001294105 0.008911677 -0.002765105 -0.0004330135 0.008678717 -0.002765105 -0.0004829635 0.008558127 -0.002765105 -0.0005000005 0.008428717 -0.002765105 -0.0008522295 0.006609557 -0.002765105 -0.0004829635 0.008299307 -0.002765105 -0.0004330135 0.008178717 -0.002765105 -0.0003535535 0.008075167 -0.002765105 -0.0002500005 0.007995707 -0.002765105 -0.0007778175 0.006706537 -0.002765105 -0.0005500005 0.006881347 -0.002765105 -0.0002500005 0.008861727 -0.002765105 -0.0003535535 0.008782267 -0.002765105 0.0002847005 0.006991237 -0.002765105 0.0002499995 0.007995707 -0.002765105 0.0005499995 0.006881347 -0.002765105 0.0003535525 0.008075167 -0.002765105 0.0007631135 0.006717817 -0.002765105 0.0004330125 0.008178717 -0.002765105 0.0004829625 0.008299307 -0.002765105 0.0004999995 0.008428717 -0.002765105 0.0003535525 0.008782267 -0.002765105 0.0002499995 0.008861727 -0.002765105 0.0001294095 0.008911677 -0.002765105 -0.0002847015 0.006991237 -0.002765105 -0.0001294105 0.007945757 -0.002765105 -4.988137e-10 0.007028717 -0.002765105 -4.988137e-10 0.007928717 -0.002765105 0.0001294095 0.007945757 -0.002765105 -0.0009526285 0.006478717 -0.002765105 -0.0009760725 0.006422117 -0.002765105 -0.00163066 0.006478747 -0.002765105 -0.0004189405 0.01180032 -0.002765105 -0.0008403825 0.009642427 -0.002765105 -0.00136346 0.009567227 -0.002765105 -0.00193033 0.009485717 -0.002765105 -0.0007163755 0.01111672 -0.002765105 -0.0008909455 0.01022692 -0.002765105 -0.0008659975 0.01054212 -0.002765105 -0.00215923 0.01035622 -0.002765105 -0.00204647 0.01006072 -0.002765105 -0.00268384 0.006569867 -0.002765105 -0.00361918 0.006650787 -0.002765105 -0.0032005 0.01149012 -0.002765105 -0.00304071 0.01153712 -0.002765105 -0.00294264 0.01143742 -0.002765105 -0.00246466 0.01086532 -0.002765105 -0.00233143 0.01064322 -0.002765105 -0.00454466 0.008554757 -0.002765105 -0.00354301 0.009012197 -0.002765105 -0.00678177 0.009828597 -0.002765105 -0.00618799 0.01021022 -0.002765105 -0.00677069 0.009689217 -0.002765105 -0.00606582 0.01014222 -0.002765105 -0.00665132 0.008953327 -0.002765105 -0.00646658 0.008389107 -0.002765105 -0.00382107 0.009868247 -0.002765105 -0.00383937 0.01046162 -0.002765105 -0.00374658 0.01120142 -0.002765105 -0.00371795 0.01133822 -0.002765105 -0.00375618 0.009558717 -0.002765105 -0.00374924 0.005147427 -0.002765105 -0.00395794 0.005233877 -0.002765105 -0.00519527 0.004721357 -0.002765105 -0.00840442 0.004856567 -0.002765105 -0.0067908 0.006924967 -0.002765105 -0.00789147 0.005654727 -0.002765105 -0.00679103 0.006925197 -0.002765105 -0.00836627 0.005999237 -0.002765105 -0.0085882 0.006224557 -0.002765105 -0.00424264 0.005271357 -0.002765105 -0.00679058 0.006925157 -0.002765105 -0.00595861 0.007646067 -0.002765105 -0.00481809 0.009073757 -0.002765105 -0.00631711 0.008110387 -0.002765105 -0.00500953 0.009325497 -0.002765105 -0.00544601 0.009727927 -0.002765105 -0.00452734 0.005233877 -0.002765105 -0.00479264 0.005123987 -0.002765105 -0.00502046 0.004949177 -0.002765105 -0.00892442 0.006713867 -0.002765105 -0.0091221 0.007126867 -0.002765105 -0.00719938 0.007345907 -0.002765105 -0.00745399 0.007533507 -0.002765105 -0.00929618 0.007516937 -0.002765105 -0.00883396 0.008050357 -0.002765105 -0.00924628 0.007386327 -0.002765105 -0.00869758 0.008019557 -0.002765105 -0.00798617 0.007796667 -0.002765105 -0.0110575 0.004590517 -0.002765105 -0.0108398 0.005067257 -0.002765105 -0.0109728 0.004479267 -0.002765105 -0.00876927 0.004888127 -0.002765105 -0.0106388 0.004107527 -0.002765105 -0.0084868 0.004728377 -0.002765105 -0.00520181 0.003637147 -0.002765105 -0.00530516 0.003886657 -0.002765105 -0.00525223 0.004583847 -0.002765105 -0.00530516 0.004456057 -0.002765105 -0.00534264 0.004171357 -0.002765105 -0.0107643 0.005232567 -0.002765105 -0.0106247 0.005241427 -0.002765105 -0.00987933 0.005227997 -0.002765105 -0.00929457 0.005125437 -0.002765105 -0.00899742 0.005017157 -0.002765105 -0.00926485 0.002927607 -0.002765105 -0.00918501 0.003199497 -0.002765105 -0.00973764 0.003396287 -0.002765105 -0.00519527 0.003621357 -0.002765105 -0.00502046 0.003393537 -0.002765105 -0.00479264 0.003218727 -0.002765105 -0.0100141 0.003549957 -0.002765105 -0.0104745 0.003924727 -0.002765105 -0.00452734 0.003108837 -0.002765105 -0.00398084 0.002470457 -0.002765105 -0.00424264 0.003071357 -0.002765105 -0.00395794 0.003108837 -0.002765105 -0.0103201 -0.0006549867 -0.002765105 -0.00973444 -0.0006218607 -0.002765105 -0.00435822 -0.001891573 -0.002765105 -0.0118104 0.001203537 -0.002765105 -0.0119229 0.001286437 -0.002765105 -0.00973444 0.0004792953 -0.002765105 -0.0106286 -0.0007245487 -0.002765105 -0.0062847 0.0009912373 -0.002765105 -0.00655 0.0008813453 -0.002765105 -0.00949524 0.002142947 -0.002765105 -0.00677782 0.0007065343 -0.002765105 -0.00695263 0.0004787173 -0.002765105 -0.00504737 -0.0006212827 -0.002765105 -0.00493748 -0.0003559837 -0.002765105 -0.0049 -7.12827e-05 -0.002765105 -0.00493748 0.0002134183 -0.002765105 -0.00504737 0.0004787173 -0.002765105 -0.00522218 0.0007065343 -0.002765105 -0.00545 0.0008813453 -0.002765105 -0.0057153 0.0009912373 -0.002765105 -0.00695263 -0.0006212827 -0.002765105 -0.00677782 -0.0008490997 -0.002765105 -0.0057153 -0.001133803 -0.002765105 -0.00545 -0.001023911 -0.002765105 -0.00522218 -0.0008490997 -0.002765105 -0.006 0.001028717 -0.002765105 -0.0116911 0.002032897 -0.002765105 -0.0109721 0.002230017 -0.002765105 -0.00706252 0.0002134183 -0.002765105 -0.0103822 0.002296347 -0.002765105 -0.0100665 0.002276177 -0.002765105 -0.011176 0.0008118463 -0.002765105 -0.0103201 0.0005124213 -0.002765105 -0.0106286 0.0005819833 -0.002765105 -0.0118225 0.001985077 -0.002765105 -0.0071 -7.12827e-05 -0.002765105 -0.00706252 -0.0003559837 -0.002765105 -0.00655 -0.001023911 -0.002765105 -0.0062847 -0.001133803 -0.002765105 -0.006 -0.001171283 -0.002765105 -0.00942816 -0.002514003 -0.002765105 -0.00949524 -0.002285513 -0.002765105 -0.011176 -0.0009544117 -0.002765105 -0.0103822 -0.002438913 -0.002765105 -0.0103326 -0.002435753 -0.002765105 -0.0100665 -0.002418743 -0.002765105 -0.0118225 -0.002127643 -0.002765105 -0.0119229 -0.001429003 -0.002765105 -0.0116911 -0.002175463 -0.002765105 -0.0109721 -0.002372583 -0.002765105 -0.00510927 -0.004976003 -0.002765105 -0.0108451 -0.004479763 -0.002765105 -0.0104745 -0.004067293 -0.002765105 -0.0100141 -0.003692523 -0.002765105 -0.00973764 -0.003538853 -0.002765105 -0.00918501 -0.003342063 -0.002765105 -0.00444934 -0.002944743 -0.002765105 -0.00452734 -0.003251403 -0.002765105 -0.00479264 -0.003361293 -0.002765105 -0.00502046 -0.003536103 -0.002765105 -0.00519527 -0.003763923 -0.002765105 -0.00530516 -0.004029223 -0.002765105 -0.00534264 -0.004313923 -0.002765105 -0.00530516 -0.004598623 -0.002765105 -0.00519527 -0.004863923 -0.002765105 -0.00502046 -0.005091743 -0.002765105 -0.00789173 -0.005797483 -0.002765105 -0.00929457 -0.005268003 -0.002765105 -0.00987933 -0.005370563 -0.002765105 -0.0106247 -0.005383993 -0.002765105 -0.0109728 -0.004621833 -0.002765105 -0.0107643 -0.005375133 -0.002765105 -0.0110575 -0.004733083 -0.002765105 -0.00479264 -0.005266553 -0.002765105 -0.00471988 -0.006071893 -0.002765105 -0.00789147 -0.005797293 -0.002765105 -0.0084868 -0.004870943 -0.002765105 -0.00899742 -0.005159723 -0.002765105 -0.00595861 -0.007788633 -0.002765105 -0.0067908 -0.007067533 -0.002765105 -0.00836627 -0.006141803 -0.002765105 -0.00618799 -0.01035278 -0.002765105 -0.00678177 -0.009971163 -0.002765105 -0.00677069 -0.009831783 -0.002765105 -0.00631711 -0.008252953 -0.002765105 -0.00501406 -0.009472243 -0.002765105 -0.00544601 -0.009870493 -0.002765105 -0.00606582 -0.01028478 -0.002765105 -0.00665132 -0.009095893 -0.002765105 -0.00646658 -0.008531673 -0.002765105 -0.00719938 -0.007488473 -0.002765105 -0.00745399 -0.007676073 -0.002765105 -0.0085882 -0.006367123 -0.002765105 -0.00798617 -0.007939233 -0.002765105 -0.00892442 -0.006856433 -0.002765105 -0.00869758 -0.008162123 -0.002765105 -0.00924628 -0.007528893 -0.002765105 -0.00883396 -0.008192923 -0.002765105 -0.00929618 -0.007659503 -0.002765105 -0.00454466 -0.008697323 -0.002765105 -0.00481809 -0.009216323 -0.002765105 -0.00500953 -0.009468063 -0.002765105 -0.0040252 -0.008934553 -0.002765105 -0.00378454 -0.006152823 -0.002765105 -0.00354301 -0.009154763 -0.002765105 -0.00273137 -0.006243933 -0.002765105 -0.00319765 -0.01163358 -0.002765105 -0.00371795 -0.01148078 -0.002765105 -0.00374658 -0.01134398 -0.002765105 -0.00383937 -0.01060418 -0.002765105 -0.00382107 -0.01001081 -0.002765105 -0.00375618 -0.009701283 -0.002765105 -0.00304071 -0.01167968 -0.002765105 -0.00294264 -0.01157998 -0.002765105 -0.00246466 -0.01100788 -0.002765105 -0.00236153 -0.01083598 -0.002765105 -0.00204647 -0.01020328 -0.002765105 -0.00215923 -0.01049878 -0.002765105 -0.0008403825 -0.009784993 -0.002765105 -0.0007732715 -0.01104078 -0.002765105 -0.0008909455 -0.01036948 -0.002765105 -0.0008659975 -0.01068468 -0.002765105 -0.00193033 -0.009628283 -0.002765105 -0.0009526285 -0.006621283 -0.002765105 -4.988137e-10 -0.007171283 -0.002765105 -0.0007778175 -0.006849103 -0.002765105 -0.0005500005 -0.007023913 -0.002765105 -0.0004300515 -0.007073593 -0.002765105 -0.0002847015 -0.007133803 -0.002765105 -0.0007163755 -0.01125928 -0.002765105 -0.0004189405 -0.01194288 -0.002765105 -0.0003529135 -0.01206608 -0.002765105 0.00268384 -0.006712433 -0.002765105 0.00233143 -0.01078578 -0.002765105 0.00215923 -0.01049878 -0.002765105 0.0005499995 -0.007023913 -0.002765105 0.0007778165 -0.006849103 -0.002765105 0.00193033 -0.009628283 -0.002765105 0.00204647 -0.01020328 -0.002765105 0.0008659965 -0.01068468 -0.002765105 0.0007163745 -0.01125928 -0.002765105 0.0004189395 -0.01194288 -0.002765105 0.0003529125 -0.01206608 -0.002765105 0.0008403815 -0.009784993 -0.002765105 0.0008909445 -0.01036948 -0.002765105 0.00375618 -0.009701283 -0.002765105 0.00354301 -0.009154763 -0.002765105 0.00454466 -0.008697323 -0.002765105 0.00475668 -0.006891763 -0.002765105 0.0045926 -0.008788313 -0.002765105 0.00382107 -0.01001081 -0.002765105 0.00383937 -0.01060418 -0.002765105 0.00246466 -0.01100788 -0.002765105 0.00374658 -0.01134398 -0.002765105 0.00294264 -0.01157998 -0.002765105 0.00371795 -0.01148078 -0.002765105 0.00304071 -0.01167968 -0.002765105 0.00481809 -0.009216323 -0.002765105 0.00581099 -0.006982973 -0.002765105 0.00500953 -0.009468063 -0.002765105 0.00679058 -0.007067723 -0.002765105 0.00595861 -0.007788633 -0.002765105 0.00555488 -0.009943263 -0.002765105 0.00544601 -0.009870493 -0.002765105 0.00678177 -0.009971163 -0.002765105 0.00618799 -0.01035278 -0.002765105 0.00677069 -0.009831783 -0.002765105 0.00606582 -0.01028478 -0.002765105 0.00631711 -0.008252953 -0.002765105 0.00646658 -0.008531673 -0.002765105 0.00665132 -0.009095893 -0.002765105 0.00745399 -0.007676073 -0.002765105 0.00929618 -0.007659503 -0.002765105 0.00883396 -0.008192923 -0.002765105 0.00924628 -0.007528893 -0.002765105 0.00869758 -0.008162123 -0.002765105 0.00798617 -0.007939233 -0.002765105 0.0084868 -0.004870943 -0.002765105 0.00789147 -0.005797293 -0.002765105 0.0059022 -0.005928663 -0.002765105 0.00836627 -0.006141803 -0.002765105 0.0083663 -0.006141843 -0.002765105 0.0067908 -0.007067533 -0.002765105 0.0085882 -0.006367123 -0.002765105 0.00892442 -0.006856433 -0.002765105 0.0110575 -0.004733083 -0.002765105 0.0107643 -0.005375133 -0.002765105 0.0109728 -0.004621833 -0.002765105 0.0106247 -0.005383993 -0.002765105 0.0106388 -0.004250093 -0.002765105 0.00987933 -0.005370563 -0.002765105 0.00929457 -0.005268003 -0.002765105 0.00973764 -0.003538853 -0.002765105 0.0100141 -0.003692523 -0.002765105 0.00608154 -0.003855823 -0.002765105 0.0104745 -0.004067293 -0.002765105 0.0062847 -0.001133803 -0.002765105 0.00631823 -0.001119913 -0.002765105 0.00617265 -0.002802653 -0.002765105 0.00926485 -0.003070173 -0.002765105 0.00918501 -0.003342063 -0.002765105 0.0119229 -0.001429003 -0.002765105 0.0118225 -0.002127643 -0.002765105 0.0116911 -0.002175463 -0.002765105 0.0106286 0.0005819833 -0.002765105 0.0103201 0.0005124213 -0.002765105 0.00655003 0.001559377 -0.002765105 0.00973444 0.0004792953 -0.002765105 0.00973444 -0.0006218607 -0.002765105 0.00655 -0.001023911 -0.002765105 0.00677782 -0.0008490997 -0.002765105 0.00949524 -0.002285513 -0.002765105 0.00695263 -0.0006212827 -0.002765105 0.00706252 -0.0003559837 -0.002765105 0.0071 -7.12827e-05 -0.002765105 0.00706252 0.0002134183 -0.002765105 0.00695263 0.0004787173 -0.002765105 0.00677782 0.0007065343 -0.002765105 0.00655 0.0008813453 -0.002765105 0.0118104 -0.001346103 -0.002765105 0.0109721 -0.002372583 -0.002765105 0.011176 -0.0009544117 -0.002765105 0.0103822 -0.002438913 -0.002765105 0.0106286 -0.0007245487 -0.002765105 0.0100665 -0.002418743 -0.002765105 0.0103201 -0.0006549867 -0.002765105 0.00949524 0.002142947 -0.002765105 0.011176 0.0008118463 -0.002765105 0.0103822 0.002296347 -0.002765105 0.0103326 0.002293187 -0.002765105 0.0100665 0.002276177 -0.002765105 0.0118225 0.001985077 -0.002765105 0.0119229 0.001286437 -0.002765105 0.0116911 0.002032897 -0.002765105 0.0109721 0.002230017 -0.002765105 0.00942816 0.002371437 -0.002765105 0.00664115 0.002612557 -0.002765105 0.00918501 0.003199497 -0.002765105 0.00672207 0.003547897 -0.002765105 0.00949072 0.003308367 -0.002765105 0.0084868 0.004728377 -0.002765105 0.00899742 0.005017157 -0.002765105 0.00973764 0.003396287 -0.002765105 0.00929457 0.005125437 -0.002765105 0.0100141 0.003549957 -0.002765105 0.00987933 0.005227997 -0.002765105 0.0104745 0.003924727 -0.002765105 0.0106247 0.005241427 -0.002765105 0.0109728 0.004479267 -0.002765105 0.0107643 0.005232567 -0.002765105 0.0110575 0.004590517 -0.002765105 0.00789147 0.005654727 -0.002765105 0.00691169 0.005739707 -0.002765105 0.00789173 0.005654917 -0.002765105 0.00836627 0.005999237 -0.002765105 0.00745399 0.007533507 -0.002765105 0.0085882 0.006224557 -0.002765105 0.00798617 0.007796667 -0.002765105 0.00892442 0.006713867 -0.002765105 0.00869758 0.008019557 -0.002765105 0.00924628 0.007386327 -0.002765105 0.00883396 0.008050357 -0.002765105 0.00929618 0.007516937 -0.002765105 0.00601052 0.007601077 -0.002765105 0.0067908 0.006924967 -0.002765105 0.0070361 0.007177687 -0.002765105 0.00719938 0.007345907 -0.002765105 0.00678177 0.009828597 -0.002765105 0.00677069 0.009689217 -0.002765105 0.00665132 0.008953327 -0.002765105 0.00646658 0.008389107 -0.002765105 0.00631711 0.008110387 -0.002765105 0.00145663 0.004003437 -0.002765105 0.0009526275 0.005378717 -0.002765105 0.00106252 0.005644017 -0.002765105 0.0011 0.005928717 -0.002765105 0.00106252 0.006213417 -0.002765105 0.00104863 0.006246947 -0.002765105 0.0009526275 0.006478717 -0.002765105 0.0002847005 0.004866197 -0.002765105 0.0005499995 0.004976087 -0.002765105 0.0005351755 0.004083157 -0.002765105 0.0006168665 0.005027397 -0.002765105 0.0007778165 0.005150897 -0.002765105 -0.00105887 0.004221067 -0.002765105 -0.0009526285 0.005378717 -0.002765105 -0.0007778175 0.005150897 -0.002765105 -0.0005500005 0.004976087 -0.002765105 -0.0002847015 0.004866197 -0.002765105 -4.988137e-10 0.004828717 -0.002765105 -0.00106252 0.006213417 -0.002765105 -0.0011 0.005928717 -0.002765105 -0.00182029 0.004286937 -0.002765105 -0.00106252 0.005644017 -0.002765105 -0.0009576645 0.005390877 -0.002765105 -0.00314264 0.004171357 -0.002765105 -0.00287346 0.004378057 -0.002765105 -0.00318012 0.003886657 -0.002765105 -0.00295438 0.003442707 -0.002765105 -0.00329001 0.003621357 -0.002765105 -0.00392441 0.003122727 -0.002765105 -0.00369264 0.003218727 -0.002765105 -0.0030455 0.002389537 -0.002765105 -0.00346482 0.003393537 -0.002765105 -0.00339767 0.003481057 -0.002765105 -0.00369264 0.005123987 -0.002765105 -0.00346482 0.004949177 -0.002765105 -0.00317327 0.004403987 -0.002765105 -0.00318012 0.004456057 -0.002765105 -0.00329001 0.004721357 -0.002765105 0.00519527 0.004721357 -0.002765105 0.00502046 0.004949177 -0.002765105 0.00479264 0.005123987 -0.002765105 0.00452734 0.005233877 -0.002765105 0.00424264 0.005271357 -0.002765105 0.00521871 0.003677957 -0.002765105 0.00530516 0.003886657 -0.002765105 0.00566775 0.003639107 -0.002765105 0.00534264 0.004171357 -0.002765105 0.00530516 0.004456057 -0.002765105 0.00369264 0.003218727 -0.002765105 0.00395794 0.003108837 -0.002765105 0.00351399 0.002883097 -0.002765105 0.00424264 0.003071357 -0.002765105 0.00558683 0.002703767 -0.002765105 0.00452734 0.003108837 -0.002765105 0.00479264 0.003218727 -0.002765105 0.00502046 0.003393537 -0.002765105 0.00519527 0.003621357 -0.002765105 0.00319401 0.003853127 -0.002765105 0.00329001 0.003621357 -0.002765105 0.00137571 0.003068097 -0.002765105 0.00346482 0.003393537 -0.002765105 0.00355234 0.003326387 -0.002765105 0.00395794 0.005233877 -0.002765105 0.00370843 0.005130527 -0.002765105 0.00369264 0.005123987 -0.002765105 0.00318012 0.003886657 -0.002765105 0.00314264 0.004171357 -0.002765105 0.00346482 0.004949177 -0.002765105 0.00329001 0.004721357 -0.002765105 0.00318012 0.004456057 -0.002765105 0.00545 -0.001023911 -0.002765105 0.0057153 -0.001133803 -0.002765105 0.006 -0.001171283 -0.002765105 0.00504737 0.0004787173 -0.002765105 0.00493748 0.0002134183 -0.002765105 0.0049 -7.12827e-05 -0.002765105 0.0030455 -0.002532103 -0.002765105 0.00493748 -0.0003559837 -0.002765105 0.00504737 -0.0006212827 -0.002765105 0.0057153 0.0009912373 -0.002765105 0.00545 0.0008813453 -0.002765105 0.00549572 0.001650597 -0.002765105 0.00542769 0.0008642223 -0.002765105 0.00522218 0.0007065343 -0.002765105 0.0064934 0.0009047893 -0.002765105 0.0062847 0.0009912373 -0.002765105 0.006 0.001028717 -0.002765105 0.00530516 -0.004598623 -0.002765105 0.00534264 -0.004313923 -0.002765105 0.00519527 -0.004863923 -0.002765105 0.00899742 -0.005159723 -0.002765105 0.00329001 -0.003763923 -0.002765105 0.00318012 -0.004029223 -0.002765105 0.00295438 -0.003585273 -0.002765105 0.00314264 -0.004313923 -0.002765105 0.00277505 -0.005658113 -0.002765105 0.00318012 -0.004598623 -0.002765105 0.00329001 -0.004863923 -0.002765105 0.00346482 -0.005091743 -0.002765105 0.00452734 -0.005376443 -0.002765105 0.00479264 -0.005266553 -0.002765105 0.00484789 -0.005837443 -0.002765105 0.00490472 -0.005180553 -0.002765105 0.00502046 -0.005091743 -0.002765105 0.00369264 -0.005266553 -0.002765105 0.00395794 -0.005376443 -0.002765105 0.00424264 -0.005413923 -0.002765105 0.00424264 -0.003213923 -0.002765105 0.00395794 -0.003251403 -0.002765105 0.00369264 -0.003361293 -0.002765105 0.00346482 -0.003536103 -0.002765105 0.00339767 -0.003623623 -0.002765105 0.00502046 -0.003536103 -0.002765105 0.00479264 -0.003361293 -0.002765105 0.00452734 -0.003251403 -0.002765105 0.00530516 -0.004029223 -0.002765105 0.00520181 -0.003779713 -0.002765105 0.00519527 -0.003763923 -0.002765105 0.0050443 -0.003567183 -0.002765105 0.0009526275 -0.006621283 -0.002765105 0.0009760715 -0.006564683 -0.002765105 0.00106252 -0.006355983 -0.002765105 0.0011 -0.006071283 -0.002765105 0.00106252 -0.005786583 -0.002765105 -0.0009526285 -0.005521283 -0.002765105 -0.00106252 -0.005786583 -0.002765105 -0.00187873 -0.005255493 -0.002765105 -0.0011 -0.006071283 -0.002765105 -0.0001053575 -0.003320563 -0.002765105 -0.0002510285 -0.005004333 -0.002765105 -0.0002847015 -0.005008763 -0.002765105 -0.0016994 -0.003182653 -0.002765105 -0.0005500005 -0.005118653 -0.002765105 -0.0007778175 -0.005293463 -0.002765105 -0.0008190305 -0.005347173 -0.002765105 0.0005499995 -0.005118653 -0.002765105 0.0002847005 -0.005008763 -0.002765105 0.0008161005 -0.003400283 -0.002765105 -4.988137e-10 -0.004971283 -0.002765105 0.0009526275 -0.005521283 -0.002765105 0.0009355045 -0.005498973 -0.002765105 0.0007778165 -0.005293463 -0.002765105 0.0006601245 -0.005203153 -0.002765105 -0.0034959 -0.005115583 -0.002765105 -0.00346482 -0.005091743 -0.002765105 -0.00264015 -0.005189623 -0.002765105 -0.00329001 -0.004863923 -0.002765105 -0.00318012 -0.004598623 -0.002765105 -0.00314264 -0.004313923 -0.002765105 -0.00246082 -0.003116783 -0.002765105 -0.00318012 -0.004029223 -0.002765105 -0.00329001 -0.003763923 -0.002765105 -0.00369264 -0.005266553 -0.002765105 -0.00370843 -0.005273093 -0.002765105 -0.00395794 -0.005376443 -0.002765105 -0.00465513 -0.005323513 -0.002765105 -0.00452734 -0.005376443 -0.002765105 -0.00424264 -0.005413923 -0.002765105 -0.00346482 -0.003536103 -0.002765105 -0.00355234 -0.003468953 -0.002765105 -0.00351399 -0.003025663 -0.002765105 -0.00369264 -0.003361293 -0.002765105 -0.00395794 -0.003251403 -0.002765105 -0.00424264 -0.003213923 -0.002765105 -0.00447527 -0.003244553 -0.002765105 -0.00229813 0.001857077 -0.002765105 -0.0026809 0.001275117 -0.002765105 -0.00200672 0.002132017 -0.002765105 -0.00291913 0.0006205653 -0.002765105 -0.003 -7.12827e-05 -0.002765105 -0.00342288 -0.001972493 -0.002765105 -0.00291913 -0.0007631307 -0.002765105 0.0004542545 0.003147817 -0.002765105 0.0001744335 0.002923637 -0.002765105 -0.00113979 0.003285717 -0.002765105 -0.0005209455 0.002883137 -0.002765105 -0.00184394 0.002285587 -0.002765105 -0.00199232 0.002298427 -0.002765105 -0.00179148 0.002335087 -0.002765105 -0.00190121 0.003351597 -0.002765105 -0.0011921 0.002681137 -0.002765105 -0.00118824 0.002683367 -0.002765105 0.0015 0.002526797 -0.002765105 0.00133504 0.002597947 -0.002765105 0.0008604095 0.002802687 -0.002765105 0.0004309465 0.002878407 -0.002765105 0.00205872 0.002110837 -0.002765105 0.00250646 -0.001719813 -0.002765105 0.00205872 -0.002253403 -0.002765105 0.00182608 -0.002426603 -0.002765105 0.00281908 0.0009547773 -0.002765105 0.00281908 -0.001097343 -0.002765105 0.00297972 -0.0004195617 -0.002765105 0.00297972 0.0002769963 -0.002765105 0.0015 -0.002669363 -0.002765105 0.0008604095 -0.002945253 -0.002765105 0.0008553905 -0.002946133 -0.002765105 0.0001744335 -0.003066203 -0.002765105 -8.20594e-05 -0.003051273 -0.002765105 -0.00179148 -0.002477653 -0.002765105 -0.00164569 -0.002561823 -0.002765105 -0.00118824 -0.002825933 -0.002765105 -0.0005209455 -0.003025703 -0.002765105 -0.00229813 -0.001999643 -0.002765105 -0.00221627 -0.002076883 -0.002765105 0.0008403815 0.009642427 -0.002765105 0.0008403815 0.009642427 0.002234895 0.00101398 0.009617477 -0.002765105 0.00193033 0.009485717 0.002234895 0.00193033 0.009485717 -0.002765105 0.0008403815 0.009642427 -0.002765105 0.0008909445 0.01022692 -0.002765105 0.0008403815 0.009642427 0.002234895 0.0008909445 0.01022692 0.002234895 0.0003529125 0.01192352 -0.002765105 0.0003529125 0.01192352 0.002234895 0.0004189395 0.01180032 0.002234895 0.0004189395 0.01180032 -0.002765105 0.0007163745 0.01111672 0.002234895 0.0007163745 0.01111672 -0.002765105 0.0008659965 0.01054212 0.002234895 0.0008659965 0.01054212 -0.002765105 0.0008909445 0.01022692 0.002234895 0.0008909445 0.01022692 -0.002765105 0.00204647 0.01006072 -0.002765105 0.00204647 0.01006072 0.002234895 0.00215923 0.01035622 0.002234895 0.00215923 0.01035622 -0.002765105 0.00246466 0.01086532 0.002234895 0.00246466 0.01086532 -0.002765105 0.00294264 0.01143742 0.002234895 0.00294264 0.01143742 -0.002765105 0.00304071 0.01153712 0.002234895 0.00304071 0.01153712 -0.002765105 0.00193033 0.009485717 -0.002765105 0.00193033 0.009485717 0.002234895 0.00193139 0.009490957 -0.002765105 0.00204647 0.01006072 0.002234895 0.00204647 0.01006072 -0.002765105 0.00481809 0.009073757 -0.002765105 0.00481809 0.009073757 0.002234895 0.00500953 0.009325497 0.002234895 0.00500953 0.009325497 -0.002765105 0.00544601 0.009727927 0.002234895 0.00544601 0.009727927 -0.002765105 0.00606582 0.01014222 0.002234895 0.00606582 0.01014222 -0.002765105 0.00618799 0.01021022 0.002234895 0.00618799 0.01021022 -0.002765105 0.0067908 0.006924967 -0.002765105 0.0067908 0.006924967 0.002234895 0.0070361 0.007177687 -0.002765105 0.00719938 0.007345907 0.002234895 0.00719938 0.007345907 -0.002765105 0.00719938 0.007345907 -0.002765105 0.00719938 0.007345907 0.002234895 0.00745399 0.007533507 0.002234895 0.00745399 0.007533507 -0.002765105 0.00798617 0.007796667 0.002234895 0.00798617 0.007796667 -0.002765105 0.00869758 0.008019557 0.002234895 0.00869758 0.008019557 -0.002765105 0.00883396 0.008050357 0.002234895 0.00883396 0.008050357 -0.002765105 0.00899742 0.005017157 -0.002765105 0.00899742 0.005017157 0.002234895 0.00929457 0.005125437 0.002234895 0.00929457 0.005125437 -0.002765105 0.00987933 0.005227997 0.002234895 0.00987933 0.005227997 -0.002765105 0.0106247 0.005241427 0.002234895 0.0106247 0.005241427 -0.002765105 0.0107643 0.005232567 0.002234895 0.0107643 0.005232567 -0.002765105 0.0100665 0.002276177 0.002234895 0.0100665 0.002276177 -0.002765105 0.00949524 0.002142947 0.002234895 0.00949524 0.002142947 -0.002765105 0.0100665 0.002276177 -0.002765105 0.0100665 0.002276177 0.002234895 0.0103326 0.002293187 -0.002765105 0.0103822 0.002296347 0.002234895 0.0103822 0.002296347 -0.002765105 0.0106695 0.002264047 -0.002765105 0.0109721 0.002230017 0.002234895 0.0109721 0.002230017 -0.002765105 0.0116911 0.002032897 0.002234895 0.0116911 0.002032897 -0.002765105 0.0118225 0.001985077 0.002234895 0.0118225 0.001985077 -0.002765105 0.0103201 -0.0006549867 -0.002765105 0.0103201 -0.0006549867 0.002234895 0.0106286 -0.0007245487 0.002234895 0.0106286 -0.0007245487 -0.002765105 0.011176 -0.0009544117 0.002234895 0.011176 -0.0009544117 -0.002765105 0.0118104 -0.001346103 0.002234895 0.0118104 -0.001346103 -0.002765105 0.0119229 -0.001429003 0.002234895 0.0119229 -0.001429003 -0.002765105 0.00973764 -0.003538853 0.002234895 0.00973764 -0.003538853 -0.002765105 0.00918501 -0.003342063 0.002234895 0.00918501 -0.003342063 -0.002765105 0.00973764 -0.003538853 -0.002765105 0.00973764 -0.003538853 0.002234895 0.0100141 -0.003692523 0.002234895 0.0100141 -0.003692523 -0.002765105 0.0104745 -0.004067293 0.002234895 0.0104745 -0.004067293 -0.002765105 0.0106388 -0.004250093 -0.002765105 0.0109728 -0.004621833 0.002234895 0.0109728 -0.004621833 -0.002765105 0.0110575 -0.004733083 0.002234895 0.0110575 -0.004733083 -0.002765105 0.00836627 -0.006141803 -0.002765105 0.00836627 -0.006141803 0.002234895 0.0083663 -0.006141843 -0.002765105 0.0085882 -0.006367123 0.002234895 0.0085882 -0.006367123 -0.002765105 0.00892442 -0.006856433 0.002234895 0.00892442 -0.006856433 -0.002765105 0.0091221 -0.007269433 -0.002765105 0.00924628 -0.007528893 0.002234895 0.00924628 -0.007528893 -0.002765105 0.00929618 -0.007659503 0.002234895 0.00929618 -0.007659503 -0.002765105 0.00631711 -0.008252953 0.002234895 0.00631711 -0.008252953 -0.002765105 0.00595861 -0.007788633 0.002234895 0.00595861 -0.007788633 -0.002765105 0.00631711 -0.008252953 -0.002765105 0.00631711 -0.008252953 0.002234895 0.00646658 -0.008531673 0.002234895 0.00646658 -0.008531673 -0.002765105 0.00665132 -0.009095893 0.002234895 0.00665132 -0.009095893 -0.002765105 0.00677069 -0.009831783 0.002234895 0.00677069 -0.009831783 -0.002765105 0.00678177 -0.009971163 0.002234895 0.00678177 -0.009971163 -0.002765105 0.00375618 -0.009701283 -0.002765105 0.00375618 -0.009701283 0.002234895 0.00382107 -0.01001081 0.002234895 0.00382107 -0.01001081 -0.002765105 0.00383937 -0.01060418 0.002234895 0.00383937 -0.01060418 -0.002765105 0.00374658 -0.01134398 0.002234895 0.00374658 -0.01134398 -0.002765105 0.00371795 -0.01148078 0.002234895 0.00371795 -0.01148078 -0.002765105 0.0008909445 -0.01036948 0.002234895 0.0008909445 -0.01036948 -0.002765105 0.0008403815 -0.009784993 0.002234895 0.0008403815 -0.009784993 -0.002765105 0.0008909445 -0.01036948 -0.002765105 0.0008909445 -0.01036948 0.002234895 0.0008659965 -0.01068468 0.002234895 0.0008659965 -0.01068468 -0.002765105 0.0007163745 -0.01125928 0.002234895 0.0007163745 -0.01125928 -0.002765105 0.0004189395 -0.01194288 0.002234895 0.0004189395 -0.01194288 -0.002765105 0.0003529125 -0.01206608 0.002234895 0.0003529125 -0.01206608 -0.002765105 -0.00215923 -0.01049878 -0.002765105 -0.00204647 -0.01020328 -0.002765105 -0.00215923 -0.01049878 0.002234895 -0.00204647 -0.01020328 0.002234895 -0.00236153 -0.01083598 -0.002765105 -0.00246466 -0.01100788 0.002234895 -0.00246466 -0.01100788 -0.002765105 -0.00294264 -0.01157998 0.002234895 -0.00294264 -0.01157998 -0.002765105 -0.00304071 -0.01167968 0.002234895 -0.00304071 -0.01167968 -0.002765105 -0.00481809 -0.009216323 0.002234895 -0.00481809 -0.009216323 -0.002765105 -0.00454466 -0.008697323 0.002234895 -0.00454466 -0.008697323 -0.002765105 -0.00500953 -0.009468063 -0.002765105 -0.00481809 -0.009216323 -0.002765105 -0.00500953 -0.009468063 0.002234895 -0.00481809 -0.009216323 0.002234895 -0.00501406 -0.009472243 -0.002765105 -0.00544601 -0.009870493 0.002234895 -0.00544601 -0.009870493 -0.002765105 -0.00606582 -0.01028478 0.002234895 -0.00606582 -0.01028478 -0.002765105 -0.00618799 -0.01035278 0.002234895 -0.00618799 -0.01035278 -0.002765105 -0.00719938 -0.007488473 -0.002765105 -0.00719938 -0.007488473 0.002234895 -0.00745399 -0.007676073 0.002234895 -0.00745399 -0.007676073 -0.002765105 -0.00798617 -0.007939233 0.002234895 -0.00798617 -0.007939233 -0.002765105 -0.00869758 -0.008162123 0.002234895 -0.00869758 -0.008162123 -0.002765105 -0.00883396 -0.008192923 0.002234895 -0.00883396 -0.008192923 -0.002765105 -0.00899742 -0.005159723 0.002234895 -0.00899742 -0.005159723 -0.002765105 -0.0084868 -0.004870943 0.002234895 -0.0084868 -0.004870943 -0.002765105 -0.00899742 -0.005159723 -0.002765105 -0.00899742 -0.005159723 0.002234895 -0.00929457 -0.005268003 0.002234895 -0.00929457 -0.005268003 -0.002765105 -0.00987933 -0.005370563 0.002234895 -0.00987933 -0.005370563 -0.002765105 -0.0106247 -0.005383993 0.002234895 -0.0106247 -0.005383993 -0.002765105 -0.0107643 -0.005375133 0.002234895 -0.0107643 -0.005375133 -0.002765105 -0.0100665 -0.002418743 -0.002765105 -0.0100665 -0.002418743 0.002234895 -0.0103326 -0.002435753 -0.002765105 -0.0103822 -0.002438913 0.002234895 -0.0103822 -0.002438913 -0.002765105 -0.0106695 -0.002406613 -0.002765105 -0.0109721 -0.002372583 0.002234895 -0.0109721 -0.002372583 -0.002765105 -0.0116911 -0.002175463 0.002234895 -0.0116911 -0.002175463 -0.002765105 -0.0118225 -0.002127643 0.002234895 -0.0118225 -0.002127643 -0.002765105 -0.0103201 0.0005124213 0.002234895 -0.0103201 0.0005124213 -0.002765105 -0.00973444 0.0004792953 0.002234895 -0.00973444 0.0004792953 -0.002765105 -0.0103201 0.0005124213 -0.002765105 -0.0103201 0.0005124213 0.002234895 -0.0106286 0.0005819833 0.002234895 -0.0106286 0.0005819833 -0.002765105 -0.011176 0.0008118463 0.002234895 -0.011176 0.0008118463 -0.002765105 -0.0118104 0.001203537 0.002234895 -0.0118104 0.001203537 -0.002765105 -0.0119229 0.001286437 0.002234895 -0.0119229 0.001286437 -0.002765105 -0.00973764 0.003396287 -0.002765105 -0.00973764 0.003396287 0.002234895 -0.0100141 0.003549957 0.002234895 -0.0100141 0.003549957 -0.002765105 -0.0104745 0.003924727 0.002234895 -0.0104745 0.003924727 -0.002765105 -0.0106388 0.004107527 -0.002765105 -0.0109728 0.004479267 0.002234895 -0.0109728 0.004479267 -0.002765105 -0.0110575 0.004590517 0.002234895 -0.0110575 0.004590517 -0.002765105 -0.00836627 0.005999237 0.002234895 -0.00836627 0.005999237 -0.002765105 -0.00789147 0.005654727 0.002234895 -0.00789147 0.005654727 -0.002765105 -0.00836627 0.005999237 -0.002765105 -0.00836627 0.005999237 0.002234895 -0.0085882 0.006224557 0.002234895 -0.0085882 0.006224557 -0.002765105 -0.00892442 0.006713867 0.002234895 -0.00892442 0.006713867 -0.002765105 -0.0091221 0.007126867 -0.002765105 -0.00924628 0.007386327 0.002234895 -0.00924628 0.007386327 -0.002765105 -0.00929618 0.007516937 0.002234895 -0.00929618 0.007516937 -0.002765105 -0.00631711 0.008110387 -0.002765105 -0.00631711 0.008110387 0.002234895 -0.00646658 0.008389107 0.002234895 -0.00646658 0.008389107 -0.002765105 -0.00665132 0.008953327 0.002234895 -0.00665132 0.008953327 -0.002765105 -0.00677069 0.009689217 0.002234895 -0.00677069 0.009689217 -0.002765105 -0.00678177 0.009828597 0.002234895 -0.00678177 0.009828597 -0.002765105 -0.00375618 0.009558717 0.002234895 -0.00375618 0.009558717 -0.002765105 -0.00354301 0.009012197 0.002234895 -0.00354301 0.009012197 -0.002765105 -0.00375618 0.009558717 -0.002765105 -0.00375618 0.009558717 0.002234895 -0.00382107 0.009868247 0.002234895 -0.00382107 0.009868247 -0.002765105 -0.00383937 0.01046162 0.002234895 -0.00383937 0.01046162 -0.002765105 -0.00374658 0.01120142 0.002234895 -0.00374658 0.01120142 -0.002765105 -0.00371795 0.01133822 0.002234895 -0.00371795 0.01133822 -0.002765105 -0.0008909455 0.01022692 -0.002765105 -0.0008909455 0.01022692 0.002234895 -0.0008659975 0.01054212 0.002234895 -0.0008659975 0.01054212 -0.002765105 -0.0007163755 0.01111672 0.002234895 -0.0007163755 0.01111672 -0.002765105 -0.0004189405 0.01180032 0.002234895 -0.0004189405 0.01180032 -0.002765105 -0.0004001135 0.01183542 -0.002765105 -0.0003529135 0.01192352 0.002234895 -0.0003529135 0.01192352 -0.002765105 0.00918501 0.003199497 -0.002765105 0.00918501 0.003199497 0.002234895 0.00942816 0.002371437 -0.002765105 0.00949524 0.002142947 0.002234895 0.00949524 0.002142947 -0.002765105 0.00973764 0.003396287 -0.002765105 0.00973764 0.003396287 0.002234895 0.00949072 0.003308367 -0.002765105 0.00918501 0.003199497 0.002234895 0.00918501 0.003199497 -0.002765105 0.0110575 0.004590517 -0.002765105 0.0110575 0.004590517 0.002234895 0.0109728 0.004479267 0.002234895 0.0109728 0.004479267 -0.002765105 0.0104745 0.003924727 0.002234895 0.0104745 0.003924727 -0.002765105 0.0100141 0.003549957 0.002234895 0.0100141 0.003549957 -0.002765105 0.00973764 0.003396287 0.002234895 0.00973764 0.003396287 -0.002765105 0.00929618 0.007516937 -0.002765105 0.00929618 0.007516937 0.002234895 0.00924628 0.007386327 0.002234895 0.00924628 0.007386327 -0.002765105 0.00892442 0.006713867 0.002234895 0.00892442 0.006713867 -0.002765105 0.0085882 0.006224557 0.002234895 0.0085882 0.006224557 -0.002765105 0.00836627 0.005999237 0.002234895 0.00836627 0.005999237 -0.002765105 0.00595861 0.007646067 -0.002765105 0.00595861 0.007646067 0.002234895 0.00601052 0.007601077 -0.002765105 0.0067908 0.006924967 0.002234895 0.0067908 0.006924967 -0.002765105 0.00631711 0.008110387 -0.002765105 0.00631711 0.008110387 0.002234895 0.00602146 0.007727477 -0.002765105 0.00595861 0.007646067 0.002234895 0.00595861 0.007646067 -0.002765105 0.00678177 0.009828597 -0.002765105 0.00678177 0.009828597 0.002234895 0.00677069 0.009689217 0.002234895 0.00677069 0.009689217 -0.002765105 0.00665132 0.008953327 0.002234895 0.00665132 0.008953327 -0.002765105 0.00646658 0.008389107 0.002234895 0.00646658 0.008389107 -0.002765105 0.00631711 0.008110387 0.002234895 0.00631711 0.008110387 -0.002765105 0.00371795 0.01133822 -0.002765105 0.00371795 0.01133822 0.002234895 0.00374658 0.01120142 0.002234895 0.00374658 0.01120142 -0.002765105 0.00383937 0.01046162 0.002234895 0.00383937 0.01046162 -0.002765105 0.00382107 0.009868247 0.002234895 0.00382107 0.009868247 -0.002765105 0.00375618 0.009558717 0.002234895 0.00375618 0.009558717 -0.002765105 -0.0067908 0.006924967 -0.002765105 -0.0067908 0.006924967 0.002234895 -0.00679058 0.006925157 -0.002765105 -0.00595861 0.007646067 0.002234895 -0.00595861 0.007646067 -0.002765105 -0.0067908 0.006924967 0.002234895 -0.0067908 0.006924967 -0.002765105 -0.00719938 0.007345907 0.002234895 -0.00679103 0.006925197 -0.002765105 -0.00719938 0.007345907 -0.002765105 -0.00883396 0.008050357 -0.002765105 -0.00883396 0.008050357 0.002234895 -0.00869758 0.008019557 0.002234895 -0.00869758 0.008019557 -0.002765105 -0.00798617 0.007796667 0.002234895 -0.00798617 0.007796667 -0.002765105 -0.00745399 0.007533507 0.002234895 -0.00745399 0.007533507 -0.002765105 -0.00719938 0.007345907 0.002234895 -0.00719938 0.007345907 -0.002765105 -0.00618799 0.01021022 -0.002765105 -0.00618799 0.01021022 0.002234895 -0.00606582 0.01014222 0.002234895 -0.00606582 0.01014222 -0.002765105 -0.00544601 0.009727927 0.002234895 -0.00544601 0.009727927 -0.002765105 -0.00500953 0.009325497 0.002234895 -0.00500953 0.009325497 -0.002765105 -0.00481809 0.009073757 0.002234895 -0.00481809 0.009073757 -0.002765105 -0.0084868 0.004728377 -0.002765105 -0.0084868 0.004728377 0.002234895 -0.00840442 0.004856567 -0.002765105 -0.00789147 0.005654727 0.002234895 -0.00789147 0.005654727 -0.002765105 -0.00899742 0.005017157 -0.002765105 -0.00899742 0.005017157 0.002234895 -0.00876927 0.004888127 -0.002765105 -0.0084868 0.004728377 0.002234895 -0.0084868 0.004728377 -0.002765105 -0.0107643 0.005232567 -0.002765105 -0.0107643 0.005232567 0.002234895 -0.0106247 0.005241427 0.002234895 -0.0106247 0.005241427 -0.002765105 -0.00987933 0.005227997 0.002234895 -0.00987933 0.005227997 -0.002765105 -0.00929457 0.005125437 0.002234895 -0.00929457 0.005125437 -0.002765105 -0.00899742 0.005017157 0.002234895 -0.00899742 0.005017157 -0.002765105 -0.0118225 0.001985077 -0.002765105 -0.0118225 0.001985077 0.002234895 -0.0116911 0.002032897 0.002234895 -0.0116911 0.002032897 -0.002765105 -0.0109721 0.002230017 0.002234895 -0.0109721 0.002230017 -0.002765105 -0.0103822 0.002296347 0.002234895 -0.0103822 0.002296347 -0.002765105 -0.0100665 0.002276177 0.002234895 -0.0100665 0.002276177 -0.002765105 -0.00973444 -0.0006218607 0.002234895 -0.00973444 0.0004792953 0.002234895 -0.00973444 -0.0006218607 -0.002765105 -0.00973444 0.0004792953 -0.002765105 -0.00973444 -0.0006218607 -0.002765105 -0.0103201 -0.0006549867 -0.002765105 -0.00973444 -0.0006218607 0.002234895 -0.0103201 -0.0006549867 0.002234895 -0.0118104 -0.001346103 -0.002765105 -0.0119229 -0.001429003 -0.002765105 -0.0118104 -0.001346103 0.002234895 -0.0119229 -0.001429003 0.002234895 -0.0116694 -0.001259043 -0.002765105 -0.011176 -0.0009544117 0.002234895 -0.011176 -0.0009544117 -0.002765105 -0.0106286 -0.0007245487 0.002234895 -0.0106286 -0.0007245487 -0.002765105 -0.0103201 -0.0006549867 0.002234895 -0.0103201 -0.0006549867 -0.002765105 -0.0109728 -0.004621833 -0.002765105 -0.0110575 -0.004733083 -0.002765105 -0.0109728 -0.004621833 0.002234895 -0.0110575 -0.004733083 0.002234895 -0.0108451 -0.004479763 -0.002765105 -0.0104745 -0.004067293 0.002234895 -0.0104745 -0.004067293 -0.002765105 -0.0100141 -0.003692523 0.002234895 -0.0100141 -0.003692523 -0.002765105 -0.00973764 -0.003538853 0.002234895 -0.00973764 -0.003538853 -0.002765105 -0.00789147 -0.005797293 0.002234895 -0.0084868 -0.004870943 0.002234895 -0.00789147 -0.005797293 -0.002765105 -0.0084868 -0.004870943 -0.002765105 -0.00789147 -0.005797293 0.002234895 -0.00789147 -0.005797293 -0.002765105 -0.00836627 -0.006141803 0.002234895 -0.00789173 -0.005797483 -0.002765105 -0.00836627 -0.006141803 -0.002765105 -0.00929618 -0.007659503 -0.002765105 -0.00929618 -0.007659503 0.002234895 -0.00924628 -0.007528893 0.002234895 -0.00924628 -0.007528893 -0.002765105 -0.00892442 -0.006856433 0.002234895 -0.00892442 -0.006856433 -0.002765105 -0.0085882 -0.006367123 0.002234895 -0.0085882 -0.006367123 -0.002765105 -0.00836627 -0.006141803 0.002234895 -0.00836627 -0.006141803 -0.002765105 -0.00678177 -0.009971163 -0.002765105 -0.00678177 -0.009971163 0.002234895 -0.00677069 -0.009831783 0.002234895 -0.00677069 -0.009831783 -0.002765105 -0.00665132 -0.009095893 0.002234895 -0.00665132 -0.009095893 -0.002765105 -0.00646658 -0.008531673 0.002234895 -0.00646658 -0.008531673 -0.002765105 -0.00631711 -0.008252953 0.002234895 -0.00631711 -0.008252953 -0.002765105 0.0067908 -0.007067533 -0.002765105 0.0067908 -0.007067533 0.002234895 0.00679058 -0.007067723 -0.002765105 0.00595861 -0.007788633 0.002234895 0.00595861 -0.007788633 -0.002765105 0.0067908 -0.007067533 0.002234895 0.0067908 -0.007067533 -0.002765105 0.00719938 -0.007488473 0.002234895 0.00679103 -0.007067763 -0.002765105 0.00719938 -0.007488473 -0.002765105 0.00883396 -0.008192923 -0.002765105 0.00883396 -0.008192923 0.002234895 0.00869758 -0.008162123 0.002234895 0.00869758 -0.008162123 -0.002765105 0.00798617 -0.007939233 0.002234895 0.00798617 -0.007939233 -0.002765105 0.00745399 -0.007676073 0.002234895 0.00745399 -0.007676073 -0.002765105 0.00719938 -0.007488473 0.002234895 0.00719938 -0.007488473 -0.002765105 0.0107643 -0.005375133 -0.002765105 0.0107643 -0.005375133 0.002234895 0.0106247 -0.005383993 0.002234895 0.0106247 -0.005383993 -0.002765105 0.00987933 -0.005370563 0.002234895 0.00987933 -0.005370563 -0.002765105 0.00929457 -0.005268003 0.002234895 0.00929457 -0.005268003 -0.002765105 0.00899742 -0.005159723 0.002234895 0.00899742 -0.005159723 -0.002765105 0.00949524 -0.002285513 -0.002765105 0.00949524 -0.002285513 0.002234895 0.00926485 -0.003070173 -0.002765105 0.00918501 -0.003342063 0.002234895 0.00918501 -0.003342063 -0.002765105 0.00949524 -0.002285513 -0.002765105 0.0100665 -0.002418743 -0.002765105 0.00949524 -0.002285513 0.002234895 0.0100665 -0.002418743 0.002234895 0.0118225 -0.002127643 -0.002765105 0.0118225 -0.002127643 0.002234895 0.0116911 -0.002175463 0.002234895 0.0116911 -0.002175463 -0.002765105 0.0109721 -0.002372583 0.002234895 0.0109721 -0.002372583 -0.002765105 0.0103822 -0.002438913 0.002234895 0.0103822 -0.002438913 -0.002765105 0.0100665 -0.002418743 0.002234895 0.0100665 -0.002418743 -0.002765105 0.0118104 0.001203537 -0.002765105 0.0119229 0.001286437 -0.002765105 0.0118104 0.001203537 0.002234895 0.0119229 0.001286437 0.002234895 0.0116694 0.001116477 -0.002765105 0.011176 0.0008118463 0.002234895 0.011176 0.0008118463 -0.002765105 0.0106286 0.0005819833 0.002234895 0.0106286 0.0005819833 -0.002765105 0.0103201 0.0005124213 0.002234895 0.0103201 0.0005124213 -0.002765105 -0.00354301 -0.009154763 -0.002765105 -0.00354301 -0.009154763 0.002234895 -0.0040252 -0.008934553 -0.002765105 -0.00454466 -0.008697323 0.002234895 -0.00454466 -0.008697323 -0.002765105 -0.00354301 -0.009154763 -0.002765105 -0.00375618 -0.009701283 -0.002765105 -0.00354301 -0.009154763 0.002234895 -0.00375618 -0.009701283 0.002234895 -0.00371795 -0.01148078 -0.002765105 -0.00371795 -0.01148078 0.002234895 -0.00374658 -0.01134398 0.002234895 -0.00374658 -0.01134398 -0.002765105 -0.00383937 -0.01060418 0.002234895 -0.00383937 -0.01060418 -0.002765105 -0.00382107 -0.01001081 0.002234895 -0.00382107 -0.01001081 -0.002765105 -0.00375618 -0.009701283 0.002234895 -0.00375618 -0.009701283 -0.002765105 -0.0003529135 -0.01206608 -0.002765105 -0.0003529135 -0.01206608 0.002234895 -0.0004189405 -0.01194288 0.002234895 -0.0004189405 -0.01194288 -0.002765105 -0.0007163755 -0.01125928 0.002234895 -0.0007163755 -0.01125928 -0.002765105 -0.0007732715 -0.01104078 -0.002765105 -0.0008659975 -0.01068468 0.002234895 -0.0008659975 -0.01068468 -0.002765105 -0.0008909455 -0.01036948 0.002234895 -0.0008909455 -0.01036948 -0.002765105 0.00193033 -0.009628283 0.002234895 0.0008403815 -0.009784993 0.002234895 0.00193033 -0.009628283 -0.002765105 0.0008403815 -0.009784993 -0.002765105 0.00193033 -0.009628283 -0.002765105 0.00204647 -0.01020328 -0.002765105 0.00193033 -0.009628283 0.002234895 0.00204647 -0.01020328 0.002234895 0.00304071 -0.01167968 -0.002765105 0.00304071 -0.01167968 0.002234895 0.00294264 -0.01157998 0.002234895 0.00294264 -0.01157998 -0.002765105 0.00246466 -0.01100788 0.002234895 0.00246466 -0.01100788 -0.002765105 0.00233143 -0.01078578 -0.002765105 0.00215923 -0.01049878 0.002234895 0.00215923 -0.01049878 -0.002765105 0.00204647 -0.01020328 0.002234895 0.00204647 -0.01020328 -0.002765105 0.00606582 -0.01028478 -0.002765105 0.00618799 -0.01035278 -0.002765105 0.00606582 -0.01028478 0.002234895 0.00618799 -0.01035278 0.002234895 0.00555488 -0.009943263 -0.002765105 0.00544601 -0.009870493 0.002234895 0.00544601 -0.009870493 -0.002765105 0.00500953 -0.009468063 0.002234895 0.00500953 -0.009468063 -0.002765105 0.00481809 -0.009216323 0.002234895 0.00481809 -0.009216323 -0.002765105 -0.00193033 0.009485717 -0.002765105 -0.00193033 0.009485717 0.002234895 -0.00136346 0.009567227 -0.002765105 -0.0008403825 0.009642427 0.002234895 -0.0008403825 0.009642427 -0.002765105 -0.00193033 0.009485717 -0.002765105 -0.00204647 0.01006072 -0.002765105 -0.00193033 0.009485717 0.002234895 -0.00204647 0.01006072 0.002234895 -0.00304071 0.01153712 -0.002765105 -0.00304071 0.01153712 0.002234895 -0.00294264 0.01143742 0.002234895 -0.00294264 0.01143742 -0.002765105 -0.00246466 0.01086532 0.002234895 -0.00246466 0.01086532 -0.002765105 -0.00233143 0.01064322 -0.002765105 -0.00215923 0.01035622 0.002234895 -0.00215923 0.01035622 -0.002765105 -0.00204647 0.01006072 0.002234895 -0.00204647 0.01006072 -0.002765105 -0.00631711 0.008110387 0.002234895 -0.00631711 0.008110387 -0.002765105 -0.00595861 0.007646067 0.002234895 -0.00595861 0.007646067 -0.002765105 0.00354301 0.009012197 -0.002765105 0.00354301 0.009012197 0.002234895 0.0040252 0.008791987 -0.002765105 0.00454466 0.008554757 0.002234895 0.00454466 0.008554757 -0.002765105 0.00354301 0.009012197 -0.002765105 0.00375618 0.009558717 -0.002765105 0.00354301 0.009012197 0.002234895 0.00375618 0.009558717 0.002234895 0.00789147 0.005654727 0.002234895 0.0084868 0.004728377 0.002234895 0.00789147 0.005654727 -0.002765105 0.0084868 0.004728377 -0.002765105 0.00789147 0.005654727 0.002234895 0.00789147 0.005654727 -0.002765105 0.00836627 0.005999237 0.002234895 0.00789173 0.005654917 -0.002765105 0.00836627 0.005999237 -0.002765105 -0.0008403825 -0.009784993 0.002234895 -0.00193033 -0.009628283 0.002234895 -0.0008403825 -0.009784993 -0.002765105 -0.00193033 -0.009628283 -0.002765105 -0.0008403825 -0.009784993 -0.002765105 -0.0008909455 -0.01036948 -0.002765105 -0.0008403825 -0.009784993 0.002234895 -0.0008909455 -0.01036948 0.002234895 0.00454466 -0.008697323 0.002234895 0.00354301 -0.009154763 0.002234895 0.00454466 -0.008697323 -0.002765105 0.00354301 -0.009154763 -0.002765105 0.00481809 -0.009216323 -0.002765105 0.00481809 -0.009216323 0.002234895 0.0045926 -0.008788313 -0.002765105 0.00454466 -0.008697323 0.002234895 0.00454466 -0.008697323 -0.002765105 0.0084868 -0.004870943 0.002234895 0.00789147 -0.005797293 0.002234895 0.0084868 -0.004870943 -0.002765105 0.00789147 -0.005797293 -0.002765105 0.0084868 -0.004870943 -0.002765105 0.00899742 -0.005159723 -0.002765105 0.0084868 -0.004870943 0.002234895 0.00899742 -0.005159723 0.002234895 0.00973444 0.0004792953 0.002234895 0.00973444 -0.0006218607 0.002234895 0.00973444 0.0004792953 -0.002765105 0.00973444 -0.0006218607 -0.002765105 0.00973444 0.0004792953 -0.002765105 0.0103201 0.0005124213 -0.002765105 0.00973444 0.0004792953 0.002234895 0.0103201 0.0005124213 0.002234895 -0.00595861 -0.007788633 0.002234895 -0.0067908 -0.007067533 0.002234895 -0.00595861 -0.007788633 -0.002765105 -0.0067908 -0.007067533 -0.002765105 -0.00595861 -0.007788633 -0.002765105 -0.00631711 -0.008252953 -0.002765105 -0.00595861 -0.007788633 0.002234895 -0.00631711 -0.008252953 0.002234895 -0.00918501 -0.003342063 -0.002765105 -0.00918501 -0.003342063 0.002234895 -0.00942816 -0.002514003 -0.002765105 -0.00949524 -0.002285513 0.002234895 -0.00949524 -0.002285513 -0.002765105 -0.00918501 -0.003342063 -0.002765105 -0.00973764 -0.003538853 -0.002765105 -0.00918501 -0.003342063 0.002234895 -0.00973764 -0.003538853 0.002234895 -0.00949524 0.002142947 -0.002765105 -0.00949524 0.002142947 0.002234895 -0.00926485 0.002927607 -0.002765105 -0.00918501 0.003199497 0.002234895 -0.00918501 0.003199497 -0.002765105 -0.00949524 0.002142947 -0.002765105 -0.0100665 0.002276177 -0.002765105 -0.00949524 0.002142947 0.002234895 -0.0100665 0.002276177 0.002234895 -0.00454466 0.008554757 0.002234895 -0.00354301 0.009012197 0.002234895 -0.00454466 0.008554757 -0.002765105 -0.00354301 0.009012197 -0.002765105 -0.00454466 0.008554757 -0.002765105 -0.00481809 0.009073757 -0.002765105 -0.00454466 0.008554757 0.002234895 -0.00481809 0.009073757 0.002234895 -0.0008909455 0.01022692 0.002234895 -0.0008909455 0.01022692 -0.002765105 -0.0008403825 0.009642427 0.002234895 -0.0008403825 0.009642427 -0.002765105 -0.00973764 0.003396287 0.002234895 -0.00973764 0.003396287 -0.002765105 -0.00918501 0.003199497 0.002234895 -0.00918501 0.003199497 -0.002765105 -0.0100665 -0.002418743 0.002234895 -0.0100665 -0.002418743 -0.002765105 -0.00949524 -0.002285513 0.002234895 -0.00949524 -0.002285513 -0.002765105 -0.00719938 -0.007488473 0.002234895 -0.00719938 -0.007488473 -0.002765105 -0.0067908 -0.007067533 0.002234895 -0.0067908 -0.007067533 -0.002765105 -0.00204647 -0.01020328 0.002234895 -0.00204647 -0.01020328 -0.002765105 -0.00193033 -0.009628283 0.002234895 -0.00193033 -0.009628283 -0.002765105 0.00375618 -0.009701283 0.002234895 0.00375618 -0.009701283 -0.002765105 0.00354301 -0.009154763 0.002234895 0.00354301 -0.009154763 -0.002765105 0.00836627 -0.006141803 0.002234895 0.00836627 -0.006141803 -0.002765105 0.00789147 -0.005797293 0.002234895 0.00789147 -0.005797293 -0.002765105 0.0103201 -0.0006549867 0.002234895 0.0103201 -0.0006549867 -0.002765105 0.00973444 -0.0006218607 0.002234895 0.00973444 -0.0006218607 -0.002765105 0.00899742 0.005017157 0.002234895 0.00899742 0.005017157 -0.002765105 0.0084868 0.004728377 0.002234895 0.0084868 0.004728377 -0.002765105 0.00481809 0.009073757 0.002234895 0.00481809 0.009073757 -0.002765105 0.00454466 0.008554757 0.002234895 0.00454466 0.008554757 -0.002765105 0.0001294095 0.002245757 0.002234895 -0.00107469 0.001003407 0.002234895 -0.0007599195 0.001244937 0.002234895 -0.0002025975 0.003923587 0.002234895 -0.0001294105 0.003211677 0.002234895 -4.988137e-10 0.003228717 0.002234895 0.0006057105 0.003882587 0.002234895 -0.0004330135 0.002478717 0.002234895 -0.00397948 0.0003333903 0.002234895 -0.0003535535 0.002375167 0.002234895 -0.00397948 -0.0004759557 0.002234895 -0.00381656 -0.001268733 0.002234895 -0.0002500005 0.003161727 0.002234895 -0.00100261 0.003801027 0.002234895 -0.0003535535 0.003082267 0.002234895 0.0001294095 0.003211677 0.002234895 0.0002499995 0.003161727 0.002234895 0.00138922 0.003679727 0.002234895 0.00131622 -0.0008312017 0.002234895 0.00367583 -0.001648703 0.002234895 0.00146805 -0.0004646457 0.002234895 0.00391812 -0.0008764767 0.002234895 0.00151984 -7.12827e-05 0.002234895 0.004 -7.12827e-05 0.002234895 0.00146805 0.0003220803 0.002234895 -4.988137e-10 -0.001591123 0.002234895 0.0006057105 -0.004025153 0.002234895 0.0003933625 -0.001539333 0.002234895 0.00138922 -0.003822293 0.002234895 0.0007599185 -0.001387503 0.002234895 0.00211586 -0.003465863 0.002234895 0.00107469 -0.001145973 0.002234895 0.00275587 -0.002970453 0.002234895 0.00328305 -0.002356353 0.002234895 -0.0004330135 0.002978717 0.002234895 -0.00176158 0.003519937 0.002234895 -0.0004829635 0.002858127 0.002234895 -0.00244842 0.003091817 0.002234895 -0.0005000005 0.002728717 0.002234895 -0.00303503 0.002534207 0.002234895 -0.0004829635 0.002599307 0.002234895 -0.00349739 0.001869927 0.002234895 -0.00381656 0.001126167 0.002234895 0.0003535525 0.003082267 0.002234895 0.0004330125 0.002978717 0.002234895 0.00211586 0.003323297 0.002234895 0.0004829625 0.002858127 0.002234895 0.00275587 0.002827887 0.002234895 0.0004999995 0.002728717 0.002234895 0.0003933625 0.001396767 0.002234895 0.0004829625 0.002599307 0.002234895 0.0004330125 0.002478717 0.002234895 0.0003535525 0.002375167 0.002234895 0.0002499995 0.002295707 0.002234895 -4.988137e-10 0.001448557 0.002234895 -0.0003933635 0.001396767 0.002234895 0.00391812 0.0007339113 0.002234895 0.00367583 0.001506137 0.002234895 0.00131622 0.0006886363 0.002234895 0.00328305 0.002213787 0.002234895 0.00107469 0.001003407 0.002234895 0.0007599185 0.001244937 0.002234895 -0.00146805 0.0003220803 0.002234895 -0.00151984 -7.12827e-05 0.002234895 -0.00146805 -0.0004646457 0.002234895 -0.00107469 -0.001145973 0.002234895 -0.00244842 -0.003234383 0.002234895 -0.0007599195 -0.001387503 0.002234895 -0.00176158 -0.003662503 0.002234895 -0.0003933635 -0.001539333 0.002234895 -0.00100261 -0.003943593 0.002234895 -0.0002025975 -0.004066153 0.002234895 -0.00131622 -0.0008312017 0.002234895 -0.00349739 -0.002012493 0.002234895 -0.00303503 -0.002676773 0.002234895 -4.988137e-10 0.002228717 0.002234895 -0.0001294105 0.002245757 0.002234895 -0.0002500005 0.002295707 0.002234895 -0.00131622 0.0006886363 0.002234895 0.00367583 0.001506137 0.002234895 0.00349981 0.001823267 0.003234895 0.00328305 0.002213787 0.002234895 0.00328305 0.002213787 0.003234895 0.00275587 0.002827887 0.002234895 0.00275587 0.002827887 0.003234895 0.00211586 0.003323297 0.002234895 0.00275451 0.002828947 0.003234895 0.00246747 0.003051117 0.003234895 0.00211586 0.003323297 0.003234895 0.00142702 0.003661187 0.003234895 0.00138922 0.003679727 0.002234895 0.00138922 0.003679727 0.003234895 0.0006057105 0.003882587 0.002234895 0.0006057105 0.003882587 0.003234895 -0.0002025975 0.003923587 0.002234895 -0.0002025975 0.003923587 0.003234895 -0.00100261 0.003801027 0.002234895 -0.00100261 0.003801027 0.003234895 -0.00176158 0.003519937 0.002234895 -0.00176158 0.003519937 0.003234895 -0.00189377 0.003437537 0.003234895 -0.00218462 0.003256247 0.003234895 -0.00244842 0.003091817 0.002234895 -0.00244842 0.003091817 0.003234895 -0.00290219 0.002660477 0.003234895 -0.00303503 0.002534207 0.002234895 -0.00303503 0.002534207 0.003234895 -0.0031306 0.002396897 0.003234895 -0.00349739 0.001869927 0.002234895 -0.00349739 0.001869927 0.003234895 -0.00381656 0.001126167 0.002234895 -0.00381656 0.001126167 0.003234895 -0.00397948 0.0003333903 0.002234895 -0.00397948 0.0003333903 0.003234895 -0.00397948 -0.0004759557 0.002234895 -0.00397948 -0.0004759557 0.003234895 -0.00390517 -0.0008375357 0.003234895 -0.00381656 -0.001268733 0.002234895 -0.00381656 -0.001268733 0.003234895 -0.00351809 -0.001964253 0.003234895 -0.00349739 -0.002012493 0.002234895 -0.00349739 -0.002012493 0.003234895 -0.00332758 -0.002256453 0.003234895 -0.00303503 -0.002676773 0.002234895 -0.00303503 -0.002676773 0.003234895 -0.00246928 -0.003214563 0.003234895 -0.00244842 -0.003234383 0.002234895 -0.00244842 -0.003234383 0.003234895 -0.00176158 -0.003662503 0.002234895 -0.00176158 -0.003662503 0.003234895 -0.00100261 -0.003943593 0.002234895 -0.00100261 -0.003943593 0.003234895 -0.0002025975 -0.004066153 0.002234895 -0.0002025975 -0.004066153 0.003234895 0.0006057105 -0.004025153 0.002234895 0.0006057105 -0.004025153 0.003234895 0.0007656215 -0.003983753 0.003234895 0.00138922 -0.003822293 0.002234895 0.00138922 -0.003822293 0.003234895 0.00189425 -0.003574563 0.003234895 0.00211586 -0.003465863 0.002234895 0.00211586 -0.003465863 0.003234895 0.00275587 -0.002970453 0.002234895 0.00275587 -0.002970453 0.003234895 0.00312619 -0.002539083 0.003234895 0.00328305 -0.002356353 0.002234895 0.00328305 -0.002356353 0.003234895 0.00367583 -0.001648703 0.002234895 0.00367583 -0.001648703 0.003234895 0.00372327 -0.001497513 0.003234895 0.00391812 -0.0008764767 0.002234895 0.00391812 -0.0008764767 0.003234895 0.004 -7.12827e-05 0.002234895 0.004 -7.12827e-05 0.003234895 0.00391812 0.0007339113 0.002234895 0.00391812 0.0007339113 0.003234895 0.00367583 0.001506137 0.003234895 0.0004999995 0.002728717 0.001934895 0.0004999995 0.002728717 0.002234895 0.0004829625 0.002858127 0.001934895 0.0004829625 0.002858127 0.002234895 0.0004330125 0.002978717 0.001934895 0.0004330125 0.002978717 0.002234895 0.0003535525 0.003082267 0.001934895 0.0003535525 0.003082267 0.002234895 0.0002499995 0.003161727 0.001934895 0.0002499995 0.003161727 0.002234895 0.0001294095 0.003211677 0.001934895 0.0001294095 0.003211677 0.002234895 -4.988137e-10 0.003228717 0.001934895 -4.988137e-10 0.003228717 0.002234895 -0.0001294105 0.003211677 0.001934895 -0.0001294105 0.003211677 0.002234895 -0.0002500005 0.003161727 0.001934895 -0.0002500005 0.003161727 0.002234895 -0.0003535535 0.003082267 0.001934895 -0.0003535535 0.003082267 0.002234895 -0.0004330135 0.002978717 0.001934895 -0.0004330135 0.002978717 0.002234895 -0.0004829635 0.002858127 0.001934895 -0.0004829635 0.002858127 0.002234895 -0.0005000005 0.002728717 0.001934895 -0.0005000005 0.002728717 0.002234895 -0.0004829635 0.002599307 0.001934895 -0.0004829635 0.002599307 0.002234895 -0.0004330135 0.002478717 0.001934895 -0.0004330135 0.002478717 0.002234895 -0.0003535535 0.002375167 0.001934895 -0.0003535535 0.002375167 0.002234895 -0.0002500005 0.002295707 0.001934895 -0.0002500005 0.002295707 0.002234895 -0.0001294105 0.002245757 0.001934895 -0.0001294105 0.002245757 0.002234895 -4.988137e-10 0.002228717 0.001934895 -4.988137e-10 0.002228717 0.002234895 0.0001294095 0.002245757 0.001934895 0.0001294095 0.002245757 0.002234895 0.0002499995 0.002295707 0.001934895 0.0002499995 0.002295707 0.002234895 0.0003535525 0.002375167 0.001934895 0.0003535525 0.002375167 0.002234895 0.0004330125 0.002478717 0.001934895 0.0004330125 0.002478717 0.002234895 0.0004829625 0.002599307 0.001934895 0.0004829625 0.002599307 0.002234895 0.0004330125 0.002478717 0.001934895 0.0004829625 0.002599307 0.001934895 -4.988137e-10 0.002728717 0.001934895 0.0004999995 0.002728717 0.001934895 0.0004829625 0.002858127 0.001934895 0.0001294095 0.002245757 0.001934895 0.0002499995 0.002295707 0.001934895 0.0003535525 0.002375167 0.001934895 -0.0002500005 0.002295707 0.001934895 -0.0001294105 0.002245757 0.001934895 -4.988137e-10 0.002228717 0.001934895 -0.0004829635 0.002599307 0.001934895 -0.0004330135 0.002478717 0.001934895 -0.0003535535 0.002375167 0.001934895 -0.0004330135 0.002978717 0.001934895 -0.0004829635 0.002858127 0.001934895 -0.0005000005 0.002728717 0.001934895 -0.0001294105 0.003211677 0.001934895 -0.0002500005 0.003161727 0.001934895 -0.0003535535 0.003082267 0.001934895 0.0002499995 0.003161727 0.001934895 0.0001294095 0.003211677 0.001934895 -4.988137e-10 0.003228717 0.001934895 0.0004330125 0.002978717 0.001934895 0.0003535525 0.003082267 0.001934895 0.0005499995 0.006881347 0.003234895 0.0007631135 0.006717817 -0.002765105 0.0007778165 0.006706537 0.003234895 0.0007778165 0.006706537 -0.002765105 0.0009526275 0.006478717 0.003234895 -0.0009526285 0.006478717 0.003234895 -0.0008522295 0.006609557 -0.002765105 -0.0007778175 0.006706537 0.003234895 -0.0007778175 0.006706537 -0.002765105 -0.0005500005 0.006881347 0.003234895 -0.0005500005 0.006881347 -0.002765105 -0.0002847015 0.006991237 0.003234895 -0.0002847015 0.006991237 -0.002765105 -4.988137e-10 0.007028717 0.003234895 -4.988137e-10 0.007028717 -0.002765105 0.0002847005 0.006991237 0.003234895 0.0002847005 0.006991237 -0.002765105 0.0005499995 0.006881347 -0.002765105 -0.00106252 0.006213417 0.003234895 -0.0009760725 0.006422117 -0.002765105 -0.0009526285 0.006478717 -0.002765105 -0.00106252 0.005644017 0.003234895 -0.00106252 0.005644017 -0.002765105 -0.0011 0.005928717 0.003234895 -0.0011 0.005928717 -0.002765105 -0.00106252 0.006213417 -0.002765105 0.0007778165 0.005150897 0.003234895 0.0006168665 0.005027397 -0.002765105 0.0005499995 0.004976087 0.003234895 0.0005499995 0.004976087 -0.002765105 0.0002847005 0.004866197 0.003234895 0.0002847005 0.004866197 -0.002765105 -4.988137e-10 0.004828717 0.003234895 -4.988137e-10 0.004828717 -0.002765105 -0.0002847015 0.004866197 0.003234895 -0.0002847015 0.004866197 -0.002765105 -0.0005500005 0.004976087 0.003234895 -0.0005500005 0.004976087 -0.002765105 -0.0007778175 0.005150897 0.003234895 -0.0007778175 0.005150897 -0.002765105 -0.0009526285 0.005378717 0.003234895 -0.0009526285 0.005378717 -0.002765105 -0.0009576645 0.005390877 -0.002765105 0.0009526275 0.006478717 -0.002765105 0.00104863 0.006246947 -0.002765105 0.00106252 0.006213417 0.003234895 0.00106252 0.006213417 -0.002765105 0.0011 0.005928717 0.003234895 0.0011 0.005928717 -0.002765105 0.00106252 0.005644017 0.003234895 0.00106252 0.005644017 -0.002765105 0.0009526275 0.005378717 0.003234895 0.0009526275 0.005378717 -0.002765105 0.0007778165 0.005150897 -0.002765105 -0.00706252 -0.0003559837 -0.002765105 -0.00697299 -0.0005721237 0.003234895 -0.00695263 -0.0006212827 -0.002765105 -0.00695263 -0.0006212827 0.003234895 -0.00677782 -0.0008490997 -0.002765105 -0.00677782 -0.0008490997 0.003234895 -0.00655 -0.001023911 -0.002765105 -0.00655 -0.001023911 0.003234895 -0.0062847 -0.001133803 -0.002765105 -0.0062847 -0.001133803 0.003234895 -0.006 -0.001171283 -0.002765105 -0.006 -0.001171283 0.003234895 -0.0057153 -0.001133803 -0.002765105 -0.0057153 -0.001133803 0.003234895 -0.00545 -0.001023911 -0.002765105 -0.00545 -0.001023911 0.003234895 -0.00522218 -0.0008490997 -0.002765105 -0.00522218 -0.0008490997 0.003234895 -0.00513187 -0.0007314077 0.003234895 -0.00504737 -0.0006212827 -0.002765105 -0.00504737 -0.0006212827 0.003234895 -0.00493748 -0.0003559837 -0.002765105 -0.00493748 -0.0003559837 0.003234895 -0.0049 -7.12827e-05 -0.002765105 -0.0049 -7.12827e-05 0.003234895 -0.00493748 0.0002134183 -0.002765105 -0.00493748 0.0002134183 0.003234895 -0.00504737 0.0004787173 -0.002765105 -0.00504737 0.0004787173 0.003234895 -0.00522218 0.0007065343 -0.002765105 -0.00522218 0.0007065343 0.003234895 -0.00545 0.0008813453 -0.002765105 -0.00545 0.0008813453 0.003234895 -0.0057153 0.0009912373 -0.002765105 -0.0057153 0.0009912373 0.003234895 -0.006 0.001028717 -0.002765105 -0.006 0.001028717 0.003234895 -0.0062847 0.0009912373 -0.002765105 -0.0062847 0.0009912373 0.003234895 -0.00655 0.0008813453 -0.002765105 -0.00655 0.0008813453 0.003234895 -0.00677782 0.0007065343 -0.002765105 -0.00677782 0.0007065343 0.003234895 -0.00695263 0.0004787173 -0.002765105 -0.00695263 0.0004787173 0.003234895 -0.00706252 0.0002134183 -0.002765105 -0.00706252 0.0002134183 0.003234895 -0.0071 -7.12827e-05 -0.002765105 -0.0071 -7.12827e-05 0.003234895 -0.00706252 -0.0003559837 0.003234895 -0.00314264 -0.004313923 -0.002765105 -0.00315051 -0.004254133 0.003234895 -0.00318012 -0.004029223 -0.002765105 -0.00318012 -0.004029223 0.003234895 -0.00329001 -0.003763923 -0.002765105 -0.00329001 -0.003763923 0.003234895 -0.00344098 -0.003567183 0.003234895 -0.00346482 -0.003536103 -0.002765105 -0.00346482 -0.003536103 0.003234895 -0.00355234 -0.003468953 -0.002765105 -0.00369264 -0.003361293 0.003234895 -0.00369264 -0.003361293 -0.002765105 -0.00395794 -0.003251403 -0.002765105 -0.00395794 -0.003251403 0.003234895 -0.00424264 -0.003213923 -0.002765105 -0.00424264 -0.003213923 0.003234895 -0.00447527 -0.003244553 -0.002765105 -0.00452734 -0.003251403 0.003234895 -0.00452734 -0.003251403 -0.002765105 -0.0047381 -0.003338703 0.003234895 -0.00479264 -0.003361293 -0.002765105 -0.00479264 -0.003361293 0.003234895 -0.00502046 -0.003536103 -0.002765105 -0.00502046 -0.003536103 0.003234895 -0.00519527 -0.003763923 -0.002765105 -0.00519527 -0.003763923 0.003234895 -0.00530516 -0.004029223 -0.002765105 -0.00530516 -0.004029223 0.003234895 -0.00531017 -0.004067293 0.003234895 -0.00534264 -0.004313923 -0.002765105 -0.00534264 -0.004313923 0.003234895 -0.00530516 -0.004598623 -0.002765105 -0.00530516 -0.004598623 0.003234895 -0.00519527 -0.004863923 -0.002765105 -0.00519527 -0.004863923 0.003234895 -0.00510927 -0.004976003 -0.002765105 -0.00510927 -0.004976003 0.003234895 -0.00502046 -0.005091743 -0.002765105 -0.00502046 -0.005091743 0.003234895 -0.0048979 -0.005185783 0.003234895 -0.00479264 -0.005266553 -0.002765105 -0.00479264 -0.005266553 0.003234895 -0.00465513 -0.005323513 -0.002765105 -0.00452734 -0.005376443 0.003234895 -0.00369264 -0.005266553 -0.002765105 -0.00370843 -0.005273093 -0.002765105 -0.00395794 -0.005376443 0.003234895 -0.00395794 -0.005376443 -0.002765105 -0.00424264 -0.005413923 0.003234895 -0.00424264 -0.005413923 -0.002765105 -0.00452734 -0.005376443 -0.002765105 -0.00369264 -0.005266553 0.003234895 -0.00358056 -0.005180553 0.003234895 -0.0034959 -0.005115583 -0.002765105 -0.0034959 -0.005115583 0.003234895 -0.00346482 -0.005091743 -0.002765105 -0.00346482 -0.005091743 0.003234895 -0.00329001 -0.004863923 -0.002765105 -0.00329001 -0.004863923 0.003234895 -0.00318012 -0.004598623 -0.002765105 -0.00318012 -0.004598623 0.003234895 -0.00314264 -0.004313923 0.003234895 -0.0009526285 -0.006621283 0.003234895 -0.00104863 -0.006389513 -0.002765105 -0.00106252 -0.006355983 0.003234895 -0.00106252 -0.006355983 -0.002765105 -0.0011 -0.006071283 0.003234895 -0.0011 -0.006071283 -0.002765105 -0.00106252 -0.005786583 0.003234895 -0.00106252 -0.005786583 -0.002765105 -0.0009526285 -0.005521283 0.003234895 -0.0009526285 -0.005521283 -0.002765105 -0.0008190305 -0.005347173 0.003234895 -0.0008190305 -0.005347173 -0.002765105 -0.0007778175 -0.005293463 0.003234895 -0.0007778175 -0.005293463 -0.002765105 -0.0005500005 -0.005118653 0.003234895 -0.0005500005 -0.005118653 -0.002765105 -0.0002847015 -0.005008763 0.003234895 -0.0002847015 -0.007133803 0.003234895 -0.0004300515 -0.007073593 -0.002765105 -0.0005500005 -0.007023913 0.003234895 -0.0005500005 -0.007023913 -0.002765105 -0.0007778175 -0.006849103 0.003234895 -0.0007778175 -0.006849103 -0.002765105 -0.0009526285 -0.006621283 -0.002765105 0.00106252 -0.006355983 0.003234895 0.0009760715 -0.006564683 -0.002765105 0.0009526275 -0.006621283 0.003234895 0.0009526275 -0.006621283 -0.002765105 0.0007778165 -0.006849103 0.003234895 0.0007778165 -0.006849103 -0.002765105 0.0005499995 -0.007023913 0.003234895 0.0005499995 -0.007023913 -0.002765105 0.0005008405 -0.007044273 0.003234895 0.0005008405 -0.007044273 -0.002765105 0.0002847005 -0.007133803 0.003234895 0.0002847005 -0.007133803 -0.002765105 -4.988137e-10 -0.007171283 0.003234895 -4.988137e-10 -0.007171283 -0.002765105 -0.0002847015 -0.007133803 -0.002765105 -0.0002847015 -0.005008763 -0.002765105 -0.0002510285 -0.005004333 -0.002765105 -4.988137e-10 -0.004971283 0.003234895 -4.988137e-10 -0.004971283 -0.002765105 0.0002847005 -0.005008763 0.003234895 0.0002847005 -0.005008763 -0.002765105 0.0005499995 -0.005118653 0.003234895 0.0005499995 -0.005118653 -0.002765105 0.0006601245 -0.005203153 0.003234895 0.0006601245 -0.005203153 -0.002765105 0.0007778165 -0.005293463 0.003234895 0.0007778165 -0.005293463 -0.002765105 0.0009355045 -0.005498973 0.003234895 0.0009355045 -0.005498973 -0.002765105 0.0009526275 -0.005521283 0.003234895 0.0009526275 -0.005521283 -0.002765105 0.00106252 -0.005786583 0.003234895 0.00106252 -0.005786583 -0.002765105 0.0011 -0.006071283 0.003234895 0.0011 -0.006071283 -0.002765105 0.00106252 -0.006355983 -0.002765105 0.00530516 -0.004029223 0.003234895 0.00519527 -0.003763923 0.003234895 0.00519527 -0.003763923 -0.002765105 0.0050443 -0.003567183 -0.002765105 0.0050443 -0.003567183 0.003234895 0.00502046 -0.003536103 -0.002765105 0.00502046 -0.003536103 0.003234895 0.00479264 -0.003361293 -0.002765105 0.00479264 -0.003361293 0.003234895 0.00452734 -0.003251403 -0.002765105 0.00452734 -0.003251403 0.003234895 0.00424264 -0.003213923 -0.002765105 0.00424264 -0.003213923 0.003234895 0.00418285 -0.003221793 0.003234895 0.00395794 -0.003251403 -0.002765105 0.00395794 -0.003251403 0.003234895 0.00369264 -0.003361293 -0.002765105 0.00369264 -0.003361293 0.003234895 0.00346482 -0.003536103 -0.002765105 0.00346482 -0.003536103 0.003234895 0.00339767 -0.003623623 -0.002765105 0.00329001 -0.003763923 0.003234895 0.00329001 -0.003763923 -0.002765105 0.00318012 -0.004029223 -0.002765105 0.00318012 -0.004029223 0.003234895 0.00314264 -0.004313923 -0.002765105 0.00314264 -0.004313923 0.003234895 0.00318012 -0.004598623 -0.002765105 0.00318012 -0.004598623 0.003234895 0.00326742 -0.004809383 0.003234895 0.00329001 -0.004863923 -0.002765105 0.00329001 -0.004863923 0.003234895 0.00346482 -0.005091743 -0.002765105 0.00346482 -0.005091743 0.003234895 0.00369264 -0.005266553 -0.002765105 0.00369264 -0.005266553 0.003234895 0.00395794 -0.005376443 -0.002765105 0.00395794 -0.005376443 0.003234895 0.00399601 -0.005381453 0.003234895 0.00424264 -0.005413923 -0.002765105 0.00424264 -0.005413923 0.003234895 0.00452734 -0.005376443 -0.002765105 0.00452734 -0.005376443 0.003234895 0.00479264 -0.005266553 -0.002765105 0.00479264 -0.005266553 0.003234895 0.00490472 -0.005180553 -0.002765105 0.00490472 -0.005180553 0.003234895 0.00502046 -0.005091743 -0.002765105 0.00502046 -0.005091743 0.003234895 0.0051145 -0.004969183 0.003234895 0.00519527 -0.004863923 -0.002765105 0.00519527 -0.004863923 0.003234895 0.00530516 -0.004598623 -0.002765105 0.00530516 -0.004598623 0.003234895 0.00534264 -0.004313923 -0.002765105 0.00534264 -0.004313923 0.003234895 0.00530516 -0.004029223 -0.002765105 0.00520181 -0.003779713 -0.002765105 -0.00502046 0.004949177 -0.002765105 -0.0051145 0.004826617 0.003234895 -0.00519527 0.004721357 -0.002765105 -0.00519527 0.004721357 0.003234895 -0.00525223 0.004583847 -0.002765105 -0.00530516 0.004456057 0.003234895 -0.00519527 0.003621357 -0.002765105 -0.00520181 0.003637147 -0.002765105 -0.00530516 0.003886657 0.003234895 -0.00530516 0.003886657 -0.002765105 -0.00534264 0.004171357 0.003234895 -0.00534264 0.004171357 -0.002765105 -0.00530516 0.004456057 -0.002765105 -0.00519527 0.003621357 0.003234895 -0.00510927 0.003509277 0.003234895 -0.00502046 0.003393537 -0.002765105 -0.00502046 0.003393537 0.003234895 -0.00479264 0.003218727 -0.002765105 -0.00479264 0.003218727 0.003234895 -0.00452734 0.003108837 -0.002765105 -0.00452734 0.003108837 0.003234895 -0.00424264 0.003071357 -0.002765105 -0.00424264 0.003071357 0.003234895 -0.00418285 0.003079227 0.003234895 -0.00395794 0.003108837 -0.002765105 -0.00395794 0.003108837 0.003234895 -0.00392441 0.003122727 -0.002765105 -0.00369264 0.003218727 0.003234895 -0.00369264 0.003218727 -0.002765105 -0.0034959 0.003369697 0.003234895 -0.00346482 0.003393537 -0.002765105 -0.00346482 0.003393537 0.003234895 -0.00339767 0.003481057 -0.002765105 -0.00329001 0.003621357 0.003234895 -0.00329001 0.003621357 -0.002765105 -0.00318012 0.003886657 -0.002765105 -0.00318012 0.003886657 0.003234895 -0.00314264 0.004171357 -0.002765105 -0.00314264 0.004171357 0.003234895 -0.00317327 0.004403987 -0.002765105 -0.00318012 0.004456057 0.003234895 -0.00318012 0.004456057 -0.002765105 -0.00326742 0.004666817 0.003234895 -0.00329001 0.004721357 -0.002765105 -0.00329001 0.004721357 0.003234895 -0.00346482 0.004949177 -0.002765105 -0.00346482 0.004949177 0.003234895 -0.00369264 0.005123987 -0.002765105 -0.00369264 0.005123987 0.003234895 -0.00374924 0.005147427 -0.002765105 -0.00395794 0.005233877 0.003234895 -0.00395794 0.005233877 -0.002765105 -0.00399601 0.005238887 0.003234895 -0.00424264 0.005271357 -0.002765105 -0.00424264 0.005271357 0.003234895 -0.00452734 0.005233877 -0.002765105 -0.00452734 0.005233877 0.003234895 -0.00479264 0.005123987 -0.002765105 -0.00479264 0.005123987 0.003234895 -0.00502046 0.004949177 0.003234895 0.00502046 0.004949177 -0.002765105 0.0048979 0.005043217 0.003234895 0.00479264 0.005123987 -0.002765105 0.00479264 0.005123987 0.003234895 0.00452734 0.005233877 -0.002765105 0.00452734 0.005233877 0.003234895 0.00424264 0.005271357 -0.002765105 0.00424264 0.005271357 0.003234895 0.00395794 0.005233877 -0.002765105 0.00395794 0.005233877 0.003234895 0.00370843 0.005130527 -0.002765105 0.00369264 0.005123987 -0.002765105 0.00369264 0.005123987 0.003234895 0.00346482 0.004949177 -0.002765105 0.00346482 0.004949177 0.003234895 0.00329001 0.004721357 -0.002765105 0.00329001 0.004721357 0.003234895 0.00318012 0.004456057 -0.002765105 0.00318012 0.004456057 0.003234895 0.00314264 0.004171357 -0.002765105 0.00314264 0.004171357 0.003234895 0.00315051 0.004111567 0.003234895 0.00318012 0.003886657 -0.002765105 0.00318012 0.003886657 0.003234895 0.00319401 0.003853127 -0.002765105 0.00329001 0.003621357 0.003234895 0.00329001 0.003621357 -0.002765105 0.00346482 0.003393537 -0.002765105 0.00346482 0.003393537 0.003234895 0.00355234 0.003326387 -0.002765105 0.00369264 0.003218727 0.003234895 0.00369264 0.003218727 -0.002765105 0.00395794 0.003108837 -0.002765105 0.00395794 0.003108837 0.003234895 0.00424264 0.003071357 -0.002765105 0.00424264 0.003071357 0.003234895 0.00452734 0.003108837 -0.002765105 0.00452734 0.003108837 0.003234895 0.0047381 0.003196137 0.003234895 0.00479264 0.003218727 -0.002765105 0.00479264 0.003218727 0.003234895 0.00502046 0.003393537 -0.002765105 0.00502046 0.003393537 0.003234895 0.00519527 0.003621357 -0.002765105 0.00519527 0.003621357 0.003234895 0.00521871 0.003677957 -0.002765105 0.00530516 0.003886657 0.003234895 0.00530516 0.003886657 -0.002765105 0.00531017 0.003924727 0.003234895 0.00534264 0.004171357 -0.002765105 0.00534264 0.004171357 0.003234895 0.00530516 0.004456057 -0.002765105 0.00530516 0.004456057 0.003234895 0.00519527 0.004721357 -0.002765105 0.00519527 0.004721357 0.003234895 0.00502046 0.004949177 0.003234895 0.00655 -0.001023911 0.003234895 0.00631823 -0.001119913 -0.002765105 0.0062847 -0.001133803 0.003234895 0.0062847 -0.001133803 -0.002765105 0.006 -0.001171283 0.003234895 0.006 -0.001171283 -0.002765105 0.0057153 -0.001133803 0.003234895 0.0057153 -0.001133803 -0.002765105 0.00545 -0.001023911 0.003234895 0.00545 -0.001023911 -0.002765105 0.00527589 -0.0008903127 0.003234895 0.00527589 -0.0008903127 -0.002765105 0.00522218 -0.0008490997 0.003234895 0.00522218 -0.0008490997 -0.002765105 0.00504737 -0.0006212827 0.003234895 0.00504737 -0.0006212827 -0.002765105 0.00493748 -0.0003559837 0.003234895 0.00493748 -0.0003559837 -0.002765105 0.0049 -7.12827e-05 0.003234895 0.0049 -7.12827e-05 -0.002765105 0.00493748 0.0002134183 0.003234895 0.00493748 0.0002134183 -0.002765105 0.00504737 0.0004787173 0.003234895 0.00504737 0.0004787173 -0.002765105 0.00522218 0.0007065343 0.003234895 0.00522218 0.0007065343 -0.002765105 0.00542769 0.0008642223 0.003234895 0.00542769 0.0008642223 -0.002765105 0.00545 0.0008813453 0.003234895 0.00545 0.0008813453 -0.002765105 0.0057153 0.0009912373 0.003234895 0.0057153 0.0009912373 -0.002765105 0.006 0.001028717 0.003234895 0.006 0.001028717 -0.002765105 0.0062847 0.0009912373 0.003234895 0.0062847 0.0009912373 -0.002765105 0.0064934 0.0009047893 -0.002765105 0.00655 0.0008813453 0.003234895 0.00655 0.0008813453 -0.002765105 0.00677782 0.0007065343 0.003234895 0.00677782 0.0007065343 -0.002765105 0.00695263 0.0004787173 0.003234895 0.00695263 0.0004787173 -0.002765105 0.00706252 0.0002134183 0.003234895 0.00706252 0.0002134183 -0.002765105 0.0071 -7.12827e-05 0.003234895 0.0071 -7.12827e-05 -0.002765105 0.00706252 -0.0003559837 0.003234895 0.00706252 -0.0003559837 -0.002765105 0.00695263 -0.0006212827 0.003234895 0.00695263 -0.0006212827 -0.002765105 0.00677782 -0.0008490997 0.003234895 0.00677782 -0.0008490997 -0.002765105 0.00655 -0.001023911 -0.002765105 0.00949524 -0.002285513 0.002234895 0.00891617 -0.001296783 0.002234895 0.00866626 -0.002499453 0.002234895 0.0119229 0.001286437 0.002234895 0.0118225 0.001985077 0.002234895 0.0118104 0.001203537 0.002234895 0.0116911 0.002032897 0.002234895 0.011176 0.0008118463 0.002234895 0.0106286 0.0005819833 0.002234895 0.00918501 -0.003342063 0.002234895 0.0100665 0.002276177 0.002234895 0.00949524 0.002142947 0.002234895 0.00891617 0.001154217 0.002234895 0.0109721 0.002230017 0.002234895 0.0103822 0.002296347 0.002234895 0.0103201 0.0005124213 0.002234895 0.00973444 0.0004792953 0.002234895 0.00973444 -0.0006218607 0.002234895 0.009 -7.12827e-05 0.002234895 0.00789147 0.005654727 0.002234895 0.00519012 0.007281447 0.002234895 0.0084868 0.004728377 0.002234895 0.00614298 0.006506237 0.002234895 0.0069814 0.005608507 0.002234895 0.0118225 -0.002127643 0.002234895 0.0119229 -0.001429003 0.002234895 0.0116911 -0.002175463 0.002234895 0.0118104 -0.001346103 0.002234895 0.0109721 -0.002372583 0.002234895 0.0103822 -0.002438913 0.002234895 0.0110575 0.004590517 0.002234895 0.0107643 0.005232567 0.002234895 0.0109728 0.004479267 0.002234895 0.0106247 0.005241427 0.002234895 0.0104745 0.003924727 0.002234895 0.0100141 0.003549957 0.002234895 0.0103201 -0.0006549867 0.002234895 0.0100665 -0.002418743 0.002234895 0.0106286 -0.0007245487 0.002234895 0.011176 -0.0009544117 0.002234895 0.00768977 0.004604977 0.002234895 0.0082549 0.003514327 0.002234895 0.00899742 0.005017157 0.002234895 -0.0069814 -0.005751073 0.002234895 -0.00768977 -0.004747543 0.002234895 -0.0067908 -0.007067533 0.002234895 0.0107643 -0.005375133 0.002234895 0.0110575 -0.004733083 0.002234895 0.0106247 -0.005383993 0.002234895 0.0109728 -0.004621833 0.002234895 0.00987933 -0.005370563 0.002234895 0.00929457 -0.005268003 0.002234895 0.00987933 0.005227997 0.002234895 0.00929457 0.005125437 0.002234895 0.00973764 0.003396287 0.002234895 0.00918501 0.003199497 0.002234895 0.00866626 0.002356887 0.002234895 0.00929618 0.007516937 0.002234895 0.00883396 0.008050357 0.002234895 0.00924628 0.007386327 0.002234895 0.00869758 0.008019557 0.002234895 0.00892442 0.006713867 0.002234895 0.0085882 0.006224557 0.002234895 0.00193033 0.009485717 0.002234895 0.0008403815 0.009642427 0.002234895 0.0006141815 0.008907737 0.002234895 0.0003529125 0.01192352 0.002234895 -0.0003529135 0.01192352 0.002234895 0.0004189395 0.01180032 0.002234895 -0.0004189405 0.01180032 0.002234895 0.0007163745 0.01111672 0.002234895 0.0008659965 0.01054212 0.002234895 -0.00193033 0.009485717 0.002234895 -0.0018311 0.008740477 0.002234895 -0.0006141825 0.008907737 0.002234895 -0.00354301 -0.009154763 0.002234895 -0.0018311 -0.008883043 0.002234895 -0.00301392 -0.008551633 0.002234895 -0.0003529135 -0.01206608 0.002234895 0.0003529125 -0.01206608 0.002234895 -0.0004189405 -0.01194288 0.002234895 0.0004189395 -0.01194288 0.002234895 -0.0007163755 -0.01125928 0.002234895 -0.0008659975 -0.01068468 0.002234895 0.0084868 -0.004870943 0.002234895 0.00973764 -0.003538853 0.002234895 0.00899742 -0.005159723 0.002234895 0.0100141 -0.003692523 0.002234895 0.0104745 -0.004067293 0.002234895 0.00798617 0.007796667 0.002234895 0.00745399 0.007533507 0.002234895 0.00836627 0.005999237 0.002234895 0.00719938 0.007345907 0.002234895 0.0067908 0.006924967 0.002234895 0.00595861 0.007646067 0.002234895 0.00414059 0.007919687 0.002234895 0.00371795 0.01133822 0.002234895 0.00304071 0.01153712 0.002234895 0.00374658 0.01120142 0.002234895 0.00294264 0.01143742 0.002234895 0.00383937 0.01046162 0.002234895 0.00382107 0.009868247 0.002234895 -0.0008403825 0.009642427 0.002234895 -4.988137e-10 0.008928717 0.002234895 -0.0008909455 0.01022692 0.002234895 -0.00304071 0.01153712 0.002234895 -0.00371795 0.01133822 0.002234895 -0.00294264 0.01143742 0.002234895 -0.00374658 0.01120142 0.002234895 -0.00246466 0.01086532 0.002234895 -0.00215923 0.01035622 0.002234895 -0.00454466 0.008554757 0.002234895 -0.00414059 0.007919687 0.002234895 -0.00354301 0.009012197 0.002234895 -0.00301392 0.008409067 0.002234895 -0.0084868 0.004728377 0.002234895 -0.00891617 0.001154217 0.002234895 -0.00866626 0.002356887 0.002234895 -0.00454466 -0.008697323 0.002234895 0.0008909445 -0.01036948 0.002234895 0.0008403815 -0.009784993 0.002234895 -0.0006141825 -0.009050303 0.002234895 0.00193033 -0.009628283 0.002234895 0.0018311 -0.008883043 0.002234895 0.0006141815 -0.009050303 0.002234895 0.00354301 -0.009154763 0.002234895 0.00454466 -0.008697323 0.002234895 0.00301392 -0.008551633 0.002234895 0.00414059 -0.008062253 0.002234895 0.00519012 -0.007424013 0.002234895 0.00595861 -0.007788633 0.002234895 0.00614298 -0.006648803 0.002234895 0.0067908 -0.007067533 0.002234895 0.0069814 -0.005751073 0.002234895 0.0018311 0.008740477 0.002234895 0.00301392 0.008409067 0.002234895 0.00204647 0.01006072 0.002234895 -0.0007163755 0.01111672 0.002234895 -0.0008659975 0.01054212 0.002234895 0.0008909445 0.01022692 0.002234895 -0.00375618 0.009558717 0.002234895 -0.00204647 0.01006072 0.002234895 -0.00382107 0.009868247 0.002234895 -0.00383937 0.01046162 0.002234895 -0.00519012 0.007281447 0.002234895 -0.00595861 0.007646067 0.002234895 -0.00614298 0.006506237 0.002234895 -0.0067908 0.006924967 0.002234895 -0.0069814 0.005608507 0.002234895 -0.00973764 0.003396287 0.002234895 -0.00929457 0.005125437 0.002234895 -0.0100141 0.003549957 0.002234895 -0.00987933 0.005227997 0.002234895 -0.0104745 0.003924727 0.002234895 -0.0106247 0.005241427 0.002234895 -0.0109728 0.004479267 0.002234895 -0.0107643 0.005232567 0.002234895 -0.0110575 0.004590517 0.002234895 -0.0118225 0.001985077 0.002234895 -0.0119229 0.001286437 0.002234895 -0.0118104 0.001203537 0.002234895 -0.00678177 -0.009971163 0.002234895 -0.00618799 -0.01035278 0.002234895 -0.00677069 -0.009831783 0.002234895 -0.00606582 -0.01028478 0.002234895 -0.00665132 -0.009095893 0.002234895 -0.00646658 -0.008531673 0.002234895 -0.00371795 -0.01148078 0.002234895 -0.00304071 -0.01167968 0.002234895 -0.00374658 -0.01134398 0.002234895 -0.00294264 -0.01157998 0.002234895 -0.00383937 -0.01060418 0.002234895 -0.00382107 -0.01001081 0.002234895 0.0007163745 -0.01125928 0.002234895 0.0008659965 -0.01068468 0.002234895 -0.0008909455 -0.01036948 0.002234895 -0.0008403825 -0.009784993 0.002234895 -0.00193033 -0.009628283 0.002234895 0.00304071 -0.01167968 0.002234895 0.00371795 -0.01148078 0.002234895 0.00294264 -0.01157998 0.002234895 0.00374658 -0.01134398 0.002234895 0.00246466 -0.01100788 0.002234895 0.00215923 -0.01049878 0.002234895 0.00883396 -0.008192923 0.002234895 0.00929618 -0.007659503 0.002234895 0.00869758 -0.008162123 0.002234895 0.00924628 -0.007528893 0.002234895 0.00798617 -0.007939233 0.002234895 0.00745399 -0.007676073 0.002234895 0.00678177 0.009828597 0.002234895 0.00618799 0.01021022 0.002234895 0.00677069 0.009689217 0.002234895 0.00606582 0.01014222 0.002234895 0.00665132 0.008953327 0.002234895 0.00646658 0.008389107 0.002234895 0.00246466 0.01086532 0.002234895 0.00215923 0.01035622 0.002234895 0.00375618 0.009558717 0.002234895 0.00354301 0.009012197 0.002234895 0.00454466 0.008554757 0.002234895 -0.00618799 0.01021022 0.002234895 -0.00678177 0.009828597 0.002234895 -0.00606582 0.01014222 0.002234895 -0.00677069 0.009689217 0.002234895 -0.00544601 0.009727927 0.002234895 -0.00500953 0.009325497 0.002234895 -0.00414059 -0.008062253 0.002234895 -0.00519012 -0.007424013 0.002234895 -0.00481809 -0.009216323 0.002234895 -0.00204647 -0.01020328 0.002234895 -0.00375618 -0.009701283 0.002234895 -0.00215923 -0.01049878 0.002234895 -0.00246466 -0.01100788 0.002234895 0.00383937 -0.01060418 0.002234895 0.00382107 -0.01001081 0.002234895 0.00204647 -0.01020328 0.002234895 0.00618799 -0.01035278 0.002234895 0.00678177 -0.009971163 0.002234895 0.00606582 -0.01028478 0.002234895 0.00677069 -0.009831783 0.002234895 0.00544601 -0.009870493 0.002234895 0.00500953 -0.009468063 0.002234895 0.00892442 -0.006856433 0.002234895 0.0085882 -0.006367123 0.002234895 0.00719938 -0.007488473 0.002234895 0.00836627 -0.006141803 0.002234895 0.00789147 -0.005797293 0.002234895 0.00481809 0.009073757 0.002234895 0.00631711 0.008110387 0.002234895 0.00500953 0.009325497 0.002234895 0.00544601 0.009727927 0.002234895 -0.00665132 0.008953327 0.002234895 -0.00646658 0.008389107 0.002234895 -0.00481809 0.009073757 0.002234895 -0.00789147 0.005654727 0.002234895 -0.00768977 0.004604977 0.002234895 -0.0082549 0.003514327 0.002234895 -0.00544601 -0.009870493 0.002234895 -0.00500953 -0.009468063 0.002234895 -0.00631711 -0.008252953 0.002234895 -0.00595861 -0.007788633 0.002234895 -0.00614298 -0.006648803 0.002234895 0.00375618 -0.009701283 0.002234895 0.00631711 -0.008252953 0.002234895 0.00481809 -0.009216323 0.002234895 0.00646658 -0.008531673 0.002234895 0.00665132 -0.009095893 0.002234895 0.0082549 -0.003656893 0.002234895 0.00768977 -0.004747543 0.002234895 -0.00631711 0.008110387 0.002234895 -0.00719938 0.007345907 0.002234895 -0.00836627 0.005999237 0.002234895 -0.00745399 0.007533507 0.002234895 -0.0085882 0.006224557 0.002234895 -0.00798617 0.007796667 0.002234895 -0.00892442 0.006713867 0.002234895 -0.00869758 0.008019557 0.002234895 -0.00924628 0.007386327 0.002234895 -0.00883396 0.008050357 0.002234895 -0.00929618 0.007516937 0.002234895 -0.0116911 0.002032897 0.002234895 -0.011176 0.0008118463 0.002234895 -0.0109721 0.002230017 0.002234895 -0.0106286 0.0005819833 0.002234895 -0.0103822 0.002296347 0.002234895 -0.0103201 0.0005124213 0.002234895 -0.0100665 0.002276177 0.002234895 -0.00973444 0.0004792953 0.002234895 -0.00949524 0.002142947 0.002234895 -0.00918501 0.003199497 0.002234895 -0.00899742 0.005017157 0.002234895 -0.0119229 -0.001429003 0.002234895 -0.0118225 -0.002127643 0.002234895 -0.0116911 -0.002175463 0.002234895 -0.0110575 -0.004733083 0.002234895 -0.0107643 -0.005375133 0.002234895 -0.0109728 -0.004621833 0.002234895 -0.0106247 -0.005383993 0.002234895 -0.0104745 -0.004067293 0.002234895 -0.0100141 -0.003692523 0.002234895 -0.00789147 -0.005797293 0.002234895 -0.00836627 -0.006141803 0.002234895 -0.00719938 -0.007488473 0.002234895 -0.0085882 -0.006367123 0.002234895 -0.00745399 -0.007676073 0.002234895 -0.00892442 -0.006856433 0.002234895 -0.00798617 -0.007939233 0.002234895 -0.00924628 -0.007528893 0.002234895 -0.00869758 -0.008162123 0.002234895 -0.00929618 -0.007659503 0.002234895 -0.00883396 -0.008192923 0.002234895 -0.0100665 -0.002418743 0.002234895 -0.00949524 -0.002285513 0.002234895 -0.00891617 -0.001296783 0.002234895 -0.0084868 -0.004870943 0.002234895 -0.0082549 -0.003656893 0.002234895 -0.00899742 -0.005159723 0.002234895 -0.0118104 -0.001346103 0.002234895 -0.0109721 -0.002372583 0.002234895 -0.011176 -0.0009544117 0.002234895 -0.0103822 -0.002438913 0.002234895 -0.0106286 -0.0007245487 0.002234895 -0.0103201 -0.0006549867 0.002234895 -0.00973444 -0.0006218607 0.002234895 -0.009 -7.12827e-05 0.002234895 -0.00987933 -0.005370563 0.002234895 -0.00929457 -0.005268003 0.002234895 -0.00973764 -0.003538853 0.002234895 -0.00918501 -0.003342063 0.002234895 -0.00866626 -0.002499453 0.002234895 -4.988137e-10 0.007928717 0.003234895 -6.56814e-05 0.007933047 0.003230295 -0.0005459395 0.007910067 0.003234895 -0.0001294105 0.007945757 0.003216815 -0.0001928195 0.007967387 0.003193905 -0.0002500005 0.007995707 0.003164035 -0.0003056085 0.008032987 0.003124865 -0.0003535535 0.008075167 0.003080785 -0.0004330135 0.008178717 0.002973535 -0.0004829635 0.008299307 0.002850385 -0.0005000005 0.008428717 0.002720205 -0.0004829635 0.008558127 0.002591985 -0.0006141825 0.008907737 0.002234895 -0.0004330135 0.008678717 0.002474185 -0.0003535535 0.008782267 0.002374285 -0.0001922935 0.008890257 0.002271285 -0.0001294105 0.008911677 0.002250995 -6.5459e-05 0.008924417 0.002238965 -4.988137e-10 0.008928717 0.002234895 -0.0003054635 0.008824557 0.002333805 -0.0002500005 0.008861727 0.002298385 6.59284e-05 0.008924347 0.002239015 0.0006141815 0.008907737 0.002234895 0.0001294095 0.008911677 0.002250995 0.0001925565 0.008890147 0.002271395 0.0002499995 0.008861727 0.002298385 0.0003056875 0.008824387 0.002333975 0.0003535525 0.008782267 0.002374285 0.0004330125 0.008678717 0.002474185 0.0004829625 0.008558127 0.002591985 0.0004999995 0.008428717 0.002720205 0.0001928745 0.007967417 0.003193885 0.0001294095 0.007945757 0.003216815 0.0005459385 0.007910067 0.003234895 6.60191e-05 0.007933097 0.003230245 0.0004829625 0.008299307 0.002850385 0.0004330125 0.008178717 0.002973535 0.0003535525 0.008075167 0.003080785 0.0003057655 0.008033107 0.003124735 0.0002499995 0.007995707 0.003164035 -0.00797165 -0.0004857247 0.003234895 -0.009 -7.12827e-05 0.002234895 -0.00891617 -0.001296783 0.002234895 -0.0082549 -0.003656893 0.002234895 -0.00770334 -0.002229653 0.003234895 -0.00866626 -0.002499453 0.002234895 -0.00783612 -0.001590683 0.003234895 -0.00792549 -0.001160613 0.003234895 -0.00768977 -0.004747543 0.002234895 -0.00699409 -0.003921603 0.003234895 -0.00733769 -0.003258493 0.003234895 -0.00614298 -0.006648803 0.002234895 -0.00620569 -0.005119983 0.003234895 -0.0069814 -0.005751073 0.002234895 -0.00638525 -0.004865613 0.003234895 -0.00683536 -0.004227953 0.003234895 -0.00519012 -0.007424013 0.002234895 -0.00499407 -0.006297383 0.003234895 -0.00546043 -0.005917973 0.003234895 -0.00326225 -0.007356043 0.003234895 -0.00368052 -0.007174363 0.003234895 -0.00414059 -0.008062253 0.002234895 -0.00374943 -0.007132463 0.003234895 -0.00461344 -0.006607043 0.003234895 -0.00284332 -0.007538013 0.003234895 -0.00301392 -0.008551633 0.002234895 -0.00267904 -0.007609373 0.003234895 -0.0018311 -0.008883043 0.002234895 -0.00162765 -0.007903953 0.003234895 -0.0006141825 -0.009050303 0.002234895 -0.0005459395 -0.008052633 0.003234895 0.0004136015 -0.008052633 0.003234895 0.0006141815 -0.009050303 0.002234895 0.0005459385 -0.008052633 0.003234895 0.0015184 -0.007918973 0.003234895 0.0018311 -0.008883043 0.002234895 0.00162765 -0.007903953 0.003234895 0.00196814 -0.007808553 0.003234895 0.00301392 -0.008551633 0.002234895 0.00267904 -0.007609373 0.003234895 0.00414059 -0.008062253 0.002234895 0.00368052 -0.007174363 0.003234895 0.0038498 -0.007071423 0.003234895 0.00519012 -0.007424013 0.002234895 0.00461344 -0.006607043 0.003234895 0.00479402 -0.006460133 0.003234895 0.00614298 -0.006648803 0.002234895 0.00546043 -0.005917973 0.003234895 0.00548421 -0.005892503 0.003234895 0.0069814 -0.005751073 0.002234895 0.00620569 -0.005119983 0.003234895 0.00624321 -0.005066833 0.003234895 0.00768977 -0.004747543 0.002234895 0.00683536 -0.004227953 0.003234895 0.00728195 -0.003366073 0.003234895 0.0082549 -0.003656893 0.002234895 0.00733769 -0.003258493 0.003234895 0.00746011 -0.002914033 0.003234895 0.00866626 -0.002499453 0.002234895 0.00770334 -0.002229653 0.003234895 0.0077825 -0.001848693 0.003234895 0.00891617 -0.001296783 0.002234895 0.00792549 -0.001160613 0.003234895 0.009 -7.12827e-05 0.002234895 0.008 -7.12827e-05 0.003234895 0.00891617 0.001154217 0.002234895 0.00792549 0.001018047 0.003234895 0.00866626 0.002356887 0.002234895 0.00773892 0.001915887 0.003234895 0.00783612 0.001448117 0.003234895 0.0082549 0.003514327 0.002234895 0.00758831 0.002410747 0.003234895 0.00770334 0.002087087 0.003234895 0.0069814 0.005608507 0.002234895 0.00683536 0.004085387 0.003234895 0.00768977 0.004604977 0.002234895 0.00699409 0.003779037 0.003234895 0.00733769 0.003115927 0.003234895 0.00614298 0.006506237 0.002234895 0.00581933 0.005391117 0.003234895 0.00620569 0.004977417 0.003234895 0.00414059 0.007919687 0.002234895 0.00461344 0.006464477 0.003234895 0.00519012 0.007281447 0.002234895 0.00499407 0.006154817 0.003234895 0.00546043 0.005775407 0.003234895 0.00301392 0.008409067 0.002234895 0.00284332 0.007395447 0.003234895 0.00368052 0.007031797 0.003234895 0.00162765 0.007761387 0.003234895 0.0018311 0.008740477 0.002234895 0.00177811 0.007719237 0.003234895 0.00267904 0.007466807 0.003234895 -0.0015184 0.007776407 0.003234895 -0.0018311 0.008740477 0.002234895 -0.00414059 0.007919687 0.002234895 -0.00267904 0.007466807 0.003234895 -0.00301392 0.008409067 0.002234895 -0.00248159 0.007522127 0.003234895 -0.00162765 0.007761387 0.003234895 -0.0069814 0.005608507 0.002234895 -0.00546043 0.005775407 0.003234895 -0.00614298 0.006506237 0.002234895 -0.00461344 0.006464477 0.003234895 -0.00519012 0.007281447 0.002234895 -0.0038498 0.006928857 0.003234895 -0.00368052 0.007031797 0.003234895 -0.00768977 0.004604977 0.002234895 -0.00624321 0.004924267 0.003234895 -0.00620569 0.004977417 0.003234895 -0.0082549 0.003514327 0.002234895 -0.00704701 0.003676917 0.003234895 -0.00683536 0.004085387 0.003234895 -0.008 -7.12827e-05 0.003234895 -0.00792549 0.001018047 0.003234895 -0.00891617 0.001154217 0.002234895 -0.00770334 0.002087087 0.003234895 -0.00866626 0.002356887 0.002234895 -0.00746011 0.002771467 0.003234895 -0.00733769 0.003115927 0.003234895 0.00146805 0.0003220803 0.0002348946 0.00297972 0.0002769963 0.0002348946 0.00151984 -7.12827e-05 0.0002348946 0.00297972 -0.0004195617 0.0002348946 0.00146805 -0.0004646457 0.0002348946 0.00281908 -0.001097343 0.0002348946 0.00131622 -0.0008312017 0.0002348946 0.00250646 -0.001719813 0.0002348946 0.00107469 -0.001145973 0.0002348946 0.00205872 -0.002253403 0.0002348946 0.0007599185 -0.001387503 0.0002348946 0.0015 -0.002669363 0.0002348946 0.0003933625 -0.001539333 0.0002348946 0.0008604095 -0.002945253 0.0002348946 -4.988137e-10 -0.001591123 0.0002348946 0.0001744335 -0.003066203 0.0002348946 -0.0003933635 -0.001539333 0.0002348946 -0.00107469 0.001003407 0.0002348946 -0.00179148 0.002335087 0.0002348946 -0.0007599195 0.001244937 0.0002348946 -0.00118824 0.002683367 0.0002348946 -0.0003933635 0.001396767 0.0002348946 -0.0005209455 0.002883137 0.0002348946 -4.988137e-10 0.001448557 0.0002348946 0.0001744335 0.002923637 0.0002348946 0.0003933625 0.001396767 0.0002348946 0.0008604095 0.002802687 0.0002348946 0.0007599185 0.001244937 0.0002348946 0.0015 0.002526797 0.0002348946 0.00107469 0.001003407 0.0002348946 0.00205872 0.002110837 0.0002348946 0.00131622 0.0006886363 0.0002348946 0.00250646 0.001577247 0.0002348946 0.00281908 0.0009547773 0.0002348946 -0.0005209455 -0.003025703 0.0002348946 -0.00118824 -0.002825933 0.0002348946 -0.0007599195 -0.001387503 0.0002348946 -0.00179148 -0.002477653 0.0002348946 -0.00107469 -0.001145973 0.0002348946 -0.00229813 -0.001999643 0.0002348946 -0.00131622 -0.0008312017 0.0002348946 -0.0026809 -0.001417683 0.0002348946 -0.00146805 -0.0004646457 0.0002348946 -0.00291913 -0.0007631307 0.0002348946 -0.00151984 -7.12827e-05 0.0002348946 -0.003 -7.12827e-05 0.0002348946 -0.00146805 0.0003220803 0.0002348946 -0.00291913 0.0006205653 0.0002348946 -0.00131622 0.0006886363 0.0002348946 -0.0026809 0.001275117 0.0002348946 -0.00229813 0.001857077 0.0002348946 -0.00184394 0.002285587 -0.002765105 -0.00179148 0.002335087 -0.002765105 -0.00179148 0.002335087 0.0002348946 -0.0011921 0.002681137 -0.002765105 -0.00118824 0.002683367 0.0002348946 -0.00118824 0.002683367 -0.002765105 -0.0005209455 0.002883137 0.0002348946 -0.0005209455 0.002883137 -0.002765105 0.0001744335 0.002923637 0.0002348946 0.0001744335 0.002923637 -0.002765105 0.0004309465 0.002878407 -0.002765105 0.0008604095 0.002802687 0.0002348946 0.0008604095 0.002802687 -0.002765105 0.00133504 0.002597947 -0.002765105 0.0015 0.002526797 0.0002348946 0.0015 0.002526797 -0.002765105 0.00205872 0.002110837 0.0002348946 0.00205872 0.002110837 -0.002765105 0.00220611 0.001935197 -0.002765105 0.00250646 0.001577247 0.0002348946 0.00250646 0.001577247 -0.002765105 0.00281908 0.0009547773 0.0002348946 0.00281908 0.0009547773 -0.002765105 0.00297972 0.0002769963 0.0002348946 0.00297972 0.0002769963 -0.002765105 0.00297972 -0.0004195617 0.0002348946 0.00297972 -0.0004195617 -0.002765105 0.00281908 -0.001097343 0.0002348946 0.00281908 -0.001097343 -0.002765105 0.00250646 -0.001719813 0.0002348946 0.00250646 -0.001719813 -0.002765105 0.00205872 -0.002253403 0.0002348946 0.00205872 -0.002253403 -0.002765105 0.00182608 -0.002426603 -0.002765105 0.0015 -0.002669363 0.0002348946 0.0015 -0.002669363 -0.002765105 0.0008604095 -0.002945253 0.0002348946 0.0008604095 -0.002945253 -0.002765105 0.0001744335 -0.003066203 0.0002348946 0.0008553905 -0.002946133 -0.002765105 0.0001744335 -0.003066203 -0.002765105 -8.20594e-05 -0.003051273 -0.002765105 -0.0005209455 -0.003025703 0.0002348946 -0.0005209455 -0.003025703 -0.002765105 -0.00118824 -0.002825933 0.0002348946 -0.00118824 -0.002825933 -0.002765105 -0.00164569 -0.002561823 -0.002765105 -0.00179148 -0.002477653 0.0002348946 -0.00179148 -0.002477653 -0.002765105 -0.00221627 -0.002076883 -0.002765105 -0.00229813 -0.001999643 0.0002348946 -0.00229813 -0.001999643 -0.002765105 -0.00235649 -0.001910913 -0.002765105 -0.0026809 -0.001417683 0.0002348946 -0.0026809 -0.001417683 -0.002765105 -0.00291913 -0.0007631307 0.0002348946 -0.00291913 -0.0007631307 -0.002765105 -0.003 -7.12827e-05 0.0002348946 -0.003 -7.12827e-05 -0.002765105 -0.00291913 0.0006205653 0.0002348946 -0.00291913 0.0006205653 -0.002765105 -0.0026809 0.001275117 0.0002348946 -0.0026809 0.001275117 -0.002765105 -0.00229813 0.001857077 0.0002348946 -0.00229813 0.001857077 -0.002765105 -0.00200672 0.002132017 -0.002765105 0.0001294095 0.008911677 -0.002765105 0.0002499995 0.008861727 -0.002765105 0.0001925565 0.008890147 0.002271395 0.0003535525 0.008075167 -0.002765105 0.0004330125 0.008178717 0.002973535 0.0004330125 0.008178717 -0.002765105 0.0004829625 0.008299307 0.002850385 0.0004829625 0.008299307 -0.002765105 0.0004999995 0.008428717 0.002720205 0.0004999995 0.008428717 -0.002765105 0.0004829625 0.008558127 0.002591985 0.0004829625 0.008558127 -0.002765105 0.0004330125 0.008678717 0.002474185 0.0004330125 0.008678717 -0.002765105 0.0003535525 0.008782267 0.002374285 0.0003535525 0.008782267 -0.002765105 0.0003056875 0.008824387 0.002333975 0.0002499995 0.008861727 0.002298385 0.0002499995 0.007995707 -0.002765105 0.0003057655 0.008033107 0.003124735 0.0003535525 0.008075167 0.003080785 0.0001294095 0.007945757 -0.002765105 0.0001928745 0.007967417 0.003193885 0.0002499995 0.007995707 0.003164035 -4.988137e-10 0.007928717 -0.002765105 6.60191e-05 0.007933097 0.003230245 0.0001294095 0.007945757 0.003216815 -0.0001294105 0.007945757 -0.002765105 -6.56814e-05 0.007933047 0.003230295 -4.988137e-10 0.007928717 0.003234895 -0.0002500005 0.007995707 -0.002765105 -0.0001928195 0.007967387 0.003193905 -0.0001294105 0.007945757 0.003216815 -0.0003535535 0.008075167 0.003080785 -0.0003056085 0.008032987 0.003124865 -0.0002500005 0.007995707 0.003164035 -0.0003535535 0.008075167 -0.002765105 -0.0004330135 0.008178717 -0.002765105 -0.0004330135 0.008178717 0.002973535 -0.0004829635 0.008299307 -0.002765105 -0.0004829635 0.008299307 0.002850385 -0.0005000005 0.008428717 -0.002765105 -0.0005000005 0.008428717 0.002720205 -0.0004829635 0.008558127 -0.002765105 -0.0004829635 0.008558127 0.002591985 -0.0004330135 0.008678717 -0.002765105 -0.0004330135 0.008678717 0.002474185 -0.0003535535 0.008782267 -0.002765105 -0.0003535535 0.008782267 0.002374285 -0.0002500005 0.008861727 -0.002765105 -0.0001294105 0.008911677 -0.002765105 -0.0001294105 0.008911677 0.002250995 -0.0001922935 0.008890257 0.002271285 -0.0002500005 0.008861727 0.002298385 -0.0003054635 0.008824557 0.002333805 0.0001294095 0.008911677 0.002250995 6.59284e-05 0.008924347 0.002239015 -4.988137e-10 0.008928717 -0.002765105 -4.988137e-10 0.008928717 0.002234895 -6.5459e-05 0.008924417 0.002238965</float_array>
          <technique_common>
            <accessor count="3255" source="#verts-array-array" stride="3">
              <param type="float" name="X"/>
              <param type="float" name="Y"/>
              <param type="float" name="Z"/>
            </accessor>
          </technique_common>
        </source>
        <source id="normals-array">
          <float_array count="9765" id="normals-array-array">-1 1.203001e-16 0 -1 1.247557e-16 0 -0.9659257 -0.2588196 0 -0.9659257 -0.2588196 0 -0.866028 -0.4999955 0 -0.866028 -0.4999955 0 -0.7071068 -0.7071068 0 -0.7071068 -0.7071068 0 -0.4999955 -0.866028 0 -0.4999955 -0.866028 0 -0.2588196 -0.9659257 0 -0.2588196 -0.9659257 0 -1.604001e-16 -1 0 -1.51489e-16 -1 0 0.2588196 -0.9659257 0 0.2588196 -0.9659257 0 0.4999955 -0.866028 0 0.4999955 -0.866028 0 0.7071068 -0.7071068 0 0.7071068 -0.7071068 0 0.866028 -0.4999955 0 0.866028 -0.4999955 0 0.9659257 -0.2588196 0 0.9659257 -0.2588196 0 1 -3.02978e-16 0 1 -2.851558e-16 0 0.9659257 0.2588196 0 0.9659257 0.2588196 0 0.866028 0.4999955 0 0.866028 0.4999955 0 0.7071068 0.7071068 0 0.7071068 0.7071068 0 0.4999955 0.866028 0 0.4999955 0.866028 0 0.2588196 0.9659257 0 0.2588196 0.9659257 0 5.435782e-16 1 0 5.435782e-16 1 0 -0.2588196 0.9659257 0 -0.2588196 0.9659257 0 -0.4999955 0.866028 0 -0.4999955 0.866028 0 -0.7071068 0.7071068 0 -0.7071068 0.7071068 0 -0.866028 0.4999955 0 -0.866028 0.4999955 0 -0.9659257 0.2588196 0 -0.9659257 0.2588196 0 -0.7557433 0.654868 0 -0.7557433 0.654868 0 -0.7557433 0.654868 0 -0.7557433 0.654868 0 0 0 1 0 0 1 0 0 1 0 0 1 0 0 1 0 0 1 0 0 1 0 0 1 0 0 1 0 0 1 0 0 1 0 0 1 0 0 1 0 0 1 0 0 1 0 0 1 0 0 1 0 0 1 0 0 1 0 0 1 0 0 1 0 0 1 0 0 1 0 0 1 0 0 1 0 0 1 0 0 1 0 0 1 0 0 1 0 0 1 0 0 1 0 0 1 0 0 1 0 0 1 0 0 1 0 0 1 0 0 1 0 0 1 0 0 1 0 0 1 0 0 1 0 0 1 0 0 1 0 0 1 0 0 1 0 0 1 0 0 1 0 0 1 0 0 1 0 0 1 0 0 1 0 0 1 0 0 1 0 0 1 0 0 1 0 0 1 0 0 1 0 0 1 0 0 1 0 0 1 0 0 1 0 0 1 0 0 1 0 0 1 0 0 1 0 0 1 0 0 1 0 0 1 0 0 1 0 0 1 0 0 1 0 0 1 0 0 1 0 0 1 0 0 1 0 0 1 0 0 1 0 0 1 0 0 1 0 0 1 0 0 1 0 0 1 0 0 1 0 0 1 0 0 1 0 0 1 0 0 1 0 0 1 0 0 1 0 0 1 0 0 1 0 0 1 0 0 1 0 0 1 0 0 1 0 0 1 0 0 1 0 0 1 0 0 1 0 0 1 0 0 1 0 0 1 0 0 1 0 0 1 0 0 1 0 0 1 0 0 1 0 0 1 0 0 1 0 0 1 0 0 1 0 0 1 0 0 1 0 0 1 0 0 1 0 0 1 0 0 1 0 0 1 0 0 1 0 0 1 0 0 1 0 0 1 0 0 1 0 0 1 0 0 1 0 0 1 0 0 1 0 0 1 0 0 1 0 0 1 0 0 1 0 0 1 0 0 1 0 0 1 0 0 1 0 0 1 0 0 1 0 0 1 0 0 1 0 0 1 0 0 1 0 0 1 0 0 1 0 0 1 0 0 1 0 0 1 0 0 1 0 0 1 0 0 1 0 0 1 0 0 1 0 0 1 0 0 1 0 0 1 0 0 1 0 0 1 0 0 1 0 0 1 0 0 1 0 0 1 0 0 1 0 0 1 0 0 1 0 0 1 0 0 1 0 0 1 0 0 1 0 0 1 0 0 1 0 0 1 0 0 1 0 0 1 0 0 1 0 0 1 0 0 1 0 0 1 0 0 1 0 0 1 0 0 1 0 0 1 0 0 1 0 0 1 0 0 1 0 0 1 0 0 1 0 0 1 0 0 1 0 0 1 0 0 1 0 0 1 0 0 1 0 0 1 0 0 1 0 0 1 0 0 1 0 0 1 0 0 1 0 0 1 0 0 1 0 0 1 0 0 1 0 0 1 0 0 1 0 0 1 0 0 1 0 0 1 0 0 1 0 0 1 0 0 1 0 0 1 0 0 1 0 0 1 0 0 1 0 0 1 0 0 1 0 0 1 0 0 1 0 0 1 0 0 1 0 0 1 0 0 1 0 0 1 0 0 1 0 0 1 0 0 1 0 0 1 0 0 1 0 0 1 0 0 1 0 0 1 0 0 1 0 0 1 0 0 1 0 0 1 0 0 1 0 0 1 0 0 1 0 0 1 0 0 1 0 0 1 0 0 1 0 0 1 0 0 1 0 0 1 0 0 1 0 0 1 0 0 1 0 0 1 0 0 1 0 0 1 0 0 1 0 0 1 0 0 1 0 0 1 0 0 1 0 0 1 0 0 1 0 0 1 0 0 1 0 0 1 0 0 1 0 0 1 0 0 1 0 0 1 0 0 1 0 0 1 0 0 1 0 0 1 0 0 1 0 0 1 0 0 1 0 0 1 0 0 1 0 0 1 0 0 1 0 0 1 0 0 1 0 0 1 0 0 1 0 0 1 0 0 1 0 0 1 0 0 1 0 0 1 0 0 1 0 0 1 0 0 1 0 0 1 0 0 1 0 0 1 0 0 1 0 0 1 0 0 1 0 0 1 0 0 1 0 0 1 0 0 1 0 0 1 0 0 1 0 0 1 0 0 1 0 0 1 0 0 1 0 0 1 0 0 1 0 0 1 0 0 1 0 0 1 0 0 1 0 0 1 0 0 1 0 0 1 0 0 1 0 0 1 0 0 1 0 0 1 0 0 1 0 0 1 0 0 1 0 0 1 0 0 1 0 0 1 0 0 1 0 0 1 0 0 1 0 0 1 0 0 1 0 0 1 0 0 1 0 0 1 0 0 1 0 0 1 0 0 1 0 0 1 0 0 1 0 0 1 0 0 1 0 0 1 0 0 1 0 0 1 0 0 1 0 0 1 0 0 1 0 0 1 0 0 1 0 0 1 0 0 1 0 0 1 0 0 1 0 0 1 0 0 1 0 0 1 0 0 1 0 0 1 0 0 1 0 0 1 0 0 1 0 0 1 0 0 1 0 0 1 0 0 1 0 0 1 0 0 1 0 0 1 0 0 1 0 0 1 0 0 1 0 0 1 0 0 1 0 0 1 0 0 1 0 0 1 0 0 1 0 0 1 0 0 1 0 0 1 0 0 1 0 0 1 0 0 1 0 0 1 -0.5406616 0.8412402 0 -0.5406616 0.8412402 0 -0.5406616 0.8412402 0 -0.5406616 0.8412402 0 -0.9096463 0.4153837 0 -0.9096401 0.4153972 1.556144e-06 -0.9096335 0.4154117 7.469384e-08 -0.9096393 0.4153991 1.628421e-06 -0.9096207 0.4154398 0 -0.9898313 0.1422464 0 -0.9898313 0.1422464 0 -0.9898313 0.1422464 0 -0.9898313 0.1422464 0 -0.9898313 -0.1422464 0 -0.9898313 -0.1422464 0 -0.9898313 -0.1422464 0 -0.9898313 -0.1422464 0 -0.9096397 -0.4153981 0 -0.9096397 -0.4153981 0 -0.9096397 -0.4153981 0 -0.9096397 -0.4153981 0 -0.7557433 -0.654868 0 -0.7557433 -0.654868 0 -0.7557433 -0.654868 0 -0.7557433 -0.654868 0 -0.5406616 -0.8412402 0 -0.5406616 -0.8412402 0 -0.5406616 -0.8412402 0 -0.5406616 -0.8412402 0 0.9898313 0.1422464 0 0.9898313 0.1422464 0 0.9898313 0.1422464 0 0.9898313 0.1422464 0 0.9898313 -0.1422464 0 0.9898313 -0.1422464 0 0.9898313 -0.1422464 0 0.9898313 -0.1422464 0 0.9096397 -0.4153981 0 0.9096397 -0.4153981 0 0.9096397 -0.4153981 0 0.9096397 -0.4153981 0 0.7557433 -0.654868 0 0.7557433 -0.654868 0 0.7557433 -0.654868 0 0.7557433 -0.654868 0 0.5406616 -0.8412402 0 0.5406616 -0.8412402 0 0.5406616 -0.8412402 0 0.5406616 -0.8412402 0 0.2817905 -0.959476 0 0.2817905 -0.959476 0 0.2817905 -0.959476 0 0.2817905 -0.959476 0 0 -1 0 0 -1 0 0 -1 0 0 -1 0 0 -1 0 -0.2818353 -0.9594628 0 -0.2817914 -0.9594757 -1.497674e-06 -0.2818061 -0.9594714 -6.851821e-08 -0.2817895 -0.9594762 -1.424324e-06 -0.2817769 -0.9594799 0 0.9096397 0.4153981 0 0.9096397 0.4153981 0 0.9096397 0.4153981 0 0.9096397 0.4153981 0 0.7557433 0.654868 0 0.7557433 0.654868 0 0.7557433 0.654868 0 0.7557433 0.654868 0 0.5408692 0.8411067 0 0.5406631 0.8412392 -2.663523e-06 0.5407567 0.841179 -1.198962e-07 0.5406602 0.8412411 -2.460855e-06 0.5406443 0.8412513 0 0.2817905 0.959476 0 0.2817905 0.959476 0 0.2817905 0.959476 0 0.2817905 0.959476 0 -0.2816693 0.9595115 0 -0.2817822 0.9594784 -1.26834e-05 -0.281926 0.9594362 -6.099256e-07 -0.2817988 0.9594735 -1.332601e-05 -0.2821826 0.9593607 0 0 1 0 0 1 0 0 1 0 0 1 0 0 0 -1 0 0 -1 0 0 -1 0 0 -1 0 0 -1 0 0 -1 0 0 -1 0 0 -1 0 0 -1 0 0 -1 0 0 -1 0 0 -1 0 0 -1 0 0 -1 0 0 -1 0 0 -1 0 0 -1 0 0 -1 0 0 -1 0 0 -1 0 0 -1 0 0 -1 0 0 -1 0 0 -1 0 0 -1 0 0 -1 0 0 -1 0 0 -1 0 0 -1 0 0 -1 0 0 -1 0 0 -1 0 0 -1 0 0 -1 0 0 -1 0 0 -1 0 0 -1 0 0 -1 0 0 -1 0 0 -1 0 0 -1 0 0 -1 0 0 -1 0 0 -1 0 0 -1 0 0 -1 0 0 -1 0 0 -1 0 0 -1 0 0 -1 0 0 -1 0 0 -1 0 0 -1 0 0 -1 0 0 -1 0 0 -1 0 0 -1 0 0 -1 0 0 -1 0 0 -1 0 0 -1 0 0 -1 0 0 -1 0 0 -1 0 0 -1 0 0 -1 0 0 -1 0 0 -1 0 0 -1 0 0 -1 0 0 -1 0 0 -1 0 0 -1 0 0 -1 0 0 -1 0 0 -1 0 0 -1 0 0 -1 0 0 -1 0 0 -1 0 0 -1 0 0 -1 0 0 -1 0 0 -1 0 0 -1 0 0 -1 0 0 -1 0 0 -1 0 0 -1 0 0 -1 0 0 -1 0 0 -1 0 0 -1 0 0 -1 0 0 -1 0 0 -1 0 0 -1 0 0 -1 0 0 -1 0 0 -1 0 0 -1 0 0 -1 0 0 -1 0 0 -1 0 0 -1 0 0 -1 0 0 -1 0 0 -1 0 0 -1 0 0 -1 0 0 -1 0 0 -1 0 0 -1 0 0 -1 0 0 -1 0 0 -1 0 0 -1 0 0 -1 0 0 -1 0 0 -1 0 0 -1 0 0 -1 0 0 -1 0 0 -1 0 0 -1 0 0 -1 0 0 -1 0 0 -1 0 0 -1 0 0 -1 0 0 -1 0 0 -1 0 0 -1 0 0 -1 0 0 -1 0 0 -1 0 0 -1 0 0 -1 0 0 -1 0 0 -1 0 0 -1 0 0 -1 0 0 -1 0 0 -1 0 0 -1 0 0 -1 0 0 -1 0 0 -1 0 0 -1 0 0 -1 0 0 -1 0 0 -1 0 0 -1 0 0 -1 0 0 -1 0 0 -1 0 0 -1 0 0 -1 0 0 -1 0 0 -1 0 0 -1 0 0 -1 0 0 -1 0 0 -1 0 0 -1 0 0 -1 0 0 -1 0 0 -1 0 0 -1 0 0 -1 0 0 -1 0 0 -1 0 0 -1 0 0 -1 0 0 -1 0 0 -1 0 0 -1 0 0 -1 0 0 -1 0 0 -1 0 0 -1 0 0 -1 0 0 -1 0 0 -1 0 0 -1 0 0 -1 0 0 -1 0 0 -1 0 0 -1 0 0 -1 0 0 -1 0 0 -1 0 0 -1 0 0 -1 0 0 -1 0 0 -1 0 0 -1 0 0 -1 0 0 -1 0 0 -1 0 0 -1 0 0 -1 0 0 -1 0 0 -1 0 0 -1 0 0 -1 0 0 -1 0 0 -1 0 0 -1 0 0 -1 0 0 -1 0 0 -1 0 0 -1 0 0 -1 0 0 -1 0 0 -1 0 0 -1 0 0 -1 0 0 -1 0 0 -1 0 0 -1 0 0 -1 0 0 -1 0 0 -1 0 0 -1 0 0 -1 0 0 -1 0 0 -1 0 0 -1 0 0 -1 0 0 -1 0 0 -1 0 0 -1 0 0 -1 0 0 -1 0 0 -1 0 0 -1 0 0 -1 0 0 -1 0 0 -1 0 0 -1 0 0 -1 0 0 -1 0 0 -1 0 0 -1 0 0 -1 0 0 -1 0 0 -1 0 0 -1 0 0 -1 0 0 -1 0 0 -1 0 0 -1 0 0 -1 0 0 -1 0 0 -1 0 0 -1 0 0 -1 0 0 -1 0 0 -1 0 0 -1 0 0 -1 0 0 -1 0 0 -1 0 0 -1 0 0 -1 0 0 -1 0 0 -1 0 0 -1 0 0 -1 0 0 -1 0 0 -1 0 0 -1 0 0 -1 0 0 -1 0 0 -1 0 0 -1 0 0 -1 0 0 -1 0 0 -1 0 0 -1 0 0 -1 0 0 -1 0 0 -1 0 0 -1 0 0 -1 0 0 -1 0 0 -1 0 0 -1 0 0 -1 0 0 -1 0 0 -1 0 0 -1 0 0 -1 0 0 -1 0 0 -1 0 0 -1 0 0 -1 0 0 -1 0 0 -1 0 0 -1 0 0 -1 0 0 -1 0 0 -1 0 0 -1 0 0 -1 0 0 -1 0 0 -1 0 0 -1 0 0 -1 0 0 -1 0 0 -1 0 0 -1 0 0 -1 0 0 -1 0 0 -1 0 0 -1 0 0 -1 0 0 -1 0 0 -1 0 0 -1 0 0 -1 0 0 -1 0 0 -1 0 0 -1 0 0 -1 0 0 -1 0 0 -1 0 0 -1 0 0 -1 0 0 -1 0 0 -1 0 0 -1 0 0 -1 0 0 -1 0 0 -1 0 0 -1 0 0 -1 0 0 -1 0 0 -1 0 0 -1 0 0 -1 0 0 -1 0 0 -1 0 0 -1 0 0 -1 0 0 -1 0 0 -1 0 0 -1 0 0 -1 0 0 -1 0 0 -1 0 0 -1 0 0 -1 0 0 -1 0 0 -1 0 0 -1 0 0 -1 0 0 -1 0 0 -1 0 0 -1 0 0 -1 0 0 -1 0 0 -1 0 0 -1 0 0 -1 0 0 -1 0 0 -1 0 0 -1 0 0 -1 0 0 -1 0 0 -1 0 0 -1 0 0 -1 0 0 -1 0 0 -1 0 0 -1 0 0 -1 0 0 -1 0 0 -1 0 0 -1 0 0 -1 0 0 -1 0 0 -1 0 0 -1 0 0 -1 0 0 -1 0 0 -1 0 0 -1 0 0 -1 0 0 -1 0 0 -1 0 0 -1 0 0 -1 0 0 -1 0 0 -1 0 0 -1 0 0 -1 0 0 -1 0 0 -1 0 0 -1 0 0 -1 0 0 -1 0 0 -1 0 0 -1 0 0 -1 0 0 -1 0 0 -1 0 0 -1 0 0 -1 0 0 -1 0 0 -1 0 0 -1 0 0 -1 0 0 -1 0 0 -1 0 0 -1 0 0 -1 0 0 -1 0 0 -1 0 0 -1 0 0 -1 0 0 -1 0 0 -1 0 0 -1 0 0 -1 0 0 -1 0 0 -1 0 0 -1 0 0 -1 0 0 -1 0 0 -1 0 0 -1 0 0 -1 0 0 -1 0 0 -1 0 0 -1 0 0 -1 0 0 -1 0 0 -1 0 0 -1 0 0 -1 0 0 -1 0 0 -1 0 0 -1 0 0 -1 0 0 -1 0 0 -1 0 0 -1 0 0 -1 0 0 -1 0 0 -1 0 0 -1 0 0 -1 0 0 -1 0 0 -1 0 0 -1 0 0 -1 0 0 -1 0 0 -1 0 0 -1 0 0 -1 0 0 -1 0 0 -1 0 0 -1 0 0 -1 0 0 -1 0 0 -1 0 0 -1 0 0 -1 0 0 -1 0 0 -1 0 0 -1 0 0 -1 0 0 -1 0 0 -1 0 0 -1 0 0 -1 0 0 -1 0 0 -1 0 0 -1 0 0 -1 0 0 -1 0 0 -1 0 0 -1 0 0 -1 0 0 -1 0 0 -1 0 0 -1 0 0 -1 0 0 -1 0 0 -1 0 0 -1 0 0 -1 0 0 -1 0 0 -1 0 0 -1 0 0 -1 0 0 -1 0 0 -1 0 0 -1 0 0 -1 0 0 -1 0 0 -1 0 0 -1 0 0 -1 0 0 -1 0 0 -1 0 0 -1 0 0 -1 0 0 -1 0 0 -1 0 0 -1 0 0 -1 0 0 -1 0 0 -1 0 0 -1 0 0 -1 0 0 -1 0 0 -1 0 0 -1 0 0 -1 0 0 -1 0 0 -1 0 0 -1 0 0 -1 0 0 -1 0 0 -1 0 0 -1 0 0 -1 0 0 -1 0 0 -1 0 0 -1 0 0 -1 0 0 -1 0 0 -1 0 0 -1 0 0 -1 0 0 -1 0 0 -1 0 0 -1 0 0 -1 0 0 -1 0 0 -1 0 0 -1 0 0 -1 0 0 -1 0 0 -1 0 0 -1 0 0 -1 0 0 -1 0 0 -1 0 0 -1 0 0 -1 0 0 -1 0 0 -1 0 0 -1 0 0 -1 0 0 -1 0 0 -1 0 0 -1 0 0 -1 0 0 -1 0 0 -1 0 0 -1 0 0 -1 0 0 -1 0 0 -1 0 0 -1 0 0 -1 0 0 -1 0 0 -1 0 0 -1 0 0 -1 0 0 -1 0 0 -1 0 0 -1 0 0 -1 0 0 -1 0 0 -1 0 0 -1 0 0 -1 0 0 -1 0 0 -1 0 0 -1 0 0 -1 0 0 -1 0 0 -1 0 0 -1 0 0 -1 0 0 -1 0 0 -1 0 0 -1 0 0 -1 0 0 -1 0 0 -1 0 0 -1 0 0 -1 0 0 -1 0 0 -1 0 0 -1 0 0 -1 0 0 -1 0 0 -1 0 0 -1 0 0 -1 0 0 -1 0 0 -1 0 0 -1 0 0 -1 0 0 -1 0 0 -1 0 0 -1 0 0 -1 0 0 -1 0 0 -1 0 0 -1 0 0 -1 0 0 -1 0 0 -1 0 0 -1 0 0 -1 0 0 -1 0 0 -1 0 0 -1 0 0 -1 0 0 -1 0 0 -1 0 0 -1 0 0 -1 0 0 -1 0 0 -1 0 0 -1 0 0 -1 0 0 -1 0 0 -1 0 0 -1 0 0 -1 0 0 -1 0 0 -1 0 0 -1 0 0 -1 0 0 -1 0 0 -1 0 0 -1 0 0 -1 0 0 -1 0 0 -1 0 0 -1 0 0 -1 0 0 -1 0 0 -1 0 0 -1 0 0 -1 0 0 -1 0 0 -1 0 0 -1 0.1422611 0.9898292 0 0.1423129 0.9898217 1.836103e-06 0.1422926 0.9898246 1.304047e-07 0.1423152 0.9898214 1.659133e-06 0.1423241 0.9898201 0 0.9962791 -0.08618601 0 0.9962791 -0.08618601 0 0.9962791 -0.08618601 0 0.9962791 -0.08618601 0 0.8813996 0.4723715 0 0.8813996 0.4723715 0 0.8999301 0.4360343 0 0.8999301 0.4360343 0 0.9452078 0.3264693 0 0.9452078 0.3264693 0 0.986111 0.1660875 0 0.986111 0.1660875 0 0.9968823 0.07890298 0 0.9968823 0.07890298 0 -0.9342892 0.3565159 0 -0.9342892 0.3565159 0 -0.8993761 0.4371758 0 -0.8993761 0.4371758 0 -0.8149282 0.5795619 0 -0.8149282 0.5795619 0 -0.7407696 0.6717592 0 -0.7407696 0.6717592 0 -0.7129105 0.7012551 0 -0.7129105 0.7012551 0 -0.9801466 0.1982739 0 -0.9802051 0.1979846 -3.156327e-07 -0.9801762 0.1981278 -1.174306e-08 -0.9802052 0.1979842 -2.925765e-07 -0.9802057 0.1979817 0 -0.795983 0.6053189 0 -0.795983 0.6053189 0 -0.7397717 0.672858 0 -0.7397717 0.672858 0 -0.6186489 0.7856676 0 -0.6186489 0.7856676 0 -0.5214544 0.8532792 0 -0.5214544 0.8532792 0 -0.4863411 0.873769 0 -0.4863411 0.873769 0 -0.7175623 0.6964943 0 -0.7175631 0.6964935 -7.959389e-08 -0.7175634 0.6964932 -3.107807e-09 -0.7175632 0.6964934 -8.083889e-08 -0.7175644 0.6964922 0 -0.5931839 0.805067 0 -0.5931839 0.805067 0 -0.5202304 0.854026 0 -0.5202304 0.854026 0 -0.3722451 0.9281345 0 -0.3722451 0.9281345 0 -0.25985 0.965649 0 -0.25985 0.965649 0 -0.2202916 0.9754341 0 -0.2202916 0.9754341 0 -0.3423726 0.9395643 0 -0.3423726 0.9395643 0 -0.2585604 0.9659951 0 -0.2585604 0.9659951 0 -0.09567257 0.9954129 0 -0.09567257 0.9954129 0 0.0226811 0.9997428 0 0.0226811 0.9997428 0 0.06333961 0.997992 0 0.06333961 0.997992 0 -0.2271261 0.9738653 0 -0.2271261 0.9738653 0 -0.2271261 0.9738653 0 -0.2271261 0.9738653 0 -0.06379313 0.9979631 0 -0.0637609 0.9979652 1.7224e-06 -0.06368695 0.9979699 3.587653e-08 0.02408264 0.99971 1.35168e-06 0.02416376 0.999708 0 0.1117382 0.9937377 3.610482e-08 0.1886413 0.9820461 4.611296e-07 0.1886487 0.9820446 0 0.3034446 0.9528491 0 0.3034446 0.9528491 0 0.3419842 0.9397057 0 0.3419842 0.9397057 0 0.2199621 0.9755084 0 0.2199621 0.9755084 0 0.3047414 0.9524351 0 0.3047414 0.9524351 0 0.4576442 0.8891354 0 0.4576442 0.8891354 0 0.5597577 0.8286563 0 0.5597577 0.8286563 0 0.5932234 0.8050379 0 0.5932234 0.8050379 0 0.3354626 0.9420535 0 0.3354626 0.9420535 0 0.3354626 0.9420535 0 0.3354626 0.9420535 0 0.4858389 0.8740484 0 0.4858389 0.8740484 0 0.5607356 0.8279949 0 0.5607356 0.8279949 0 0.689641 0.7241514 2.825862e-06 0.6895995 0.724191 0 0.7437981 0.6684044 2.753781e-07 0.7703693 0.6375979 2.726073e-06 0.7703867 0.6375769 0 0.7956451 0.6057631 0 0.7956451 0.6057631 0 0.8 0.6 0 0.7124465 0.7017264 -1.339132e-06 0.7579247 0.6523421 -2.698712e-08 0.7712918 0.6364817 -6.451383e-07 0.7712853 0.6364895 0 0.8657137 0.5005395 4.704876e-07 0.8657111 0.500544 0 0.9020057 0.4317241 4.717201e-08 0.918837 0.3946372 4.801954e-07 0.9188403 0.3946296 0 0.9341451 0.3568934 0 0.9341451 0.3568934 0 0.7915264 0.611135 0 0.7915264 0.611135 0 0.7915264 0.611135 0 0.7915264 0.611135 0 0.8812749 0.4726039 0 0.8812749 0.4726039 0 0.9193648 0.3934062 0 0.9193648 0.3934062 0 0.9716657 0.2363596 0 0.9716657 0.2363596 0 0.9928003 0.1197813 0 0.9928003 0.1197813 0 0.9968552 0.07924491 0 0.9968552 0.07924491 0 0.9787242 0.2051802 0 0.9787242 0.2051802 0 0.9929588 0.1184606 0 0.9929588 0.1184606 0 0.998897 -0.04695433 0 0.998897 -0.04695433 0 0.9863295 -0.1647851 0 0.9863295 -0.1647851 0 0.9787943 -0.2048456 0 0.9787943 -0.2048456 0 0.9962791 0.08618601 0 0.9962791 0.08618601 0 0.9962791 0.08618601 0 0.9962791 0.08618601 0 0.9968823 -0.07890298 0 0.9968823 -0.07890298 0 0.986111 -0.1660875 0 0.986111 -0.1660875 0 0.9452078 -0.3264693 0 0.9452078 -0.3264693 0 0.8999301 -0.4360343 0 0.8999301 -0.4360343 0 0.8813996 -0.4723715 0 0.8813996 -0.4723715 0 0.8993761 -0.4371757 0 0.9342892 -0.3565159 0 0.8993761 -0.4371758 1.060237e-08 0.9342892 -0.3565159 0 0.8575151 -0.5144587 8.390429e-10 0.8149282 -0.5795619 1.086616e-08 0.8149281 -0.5795621 0 0.7407696 -0.6717592 0 0.7407696 -0.6717592 0 0.7129105 -0.7012551 0 0.7129105 -0.7012551 0 0.884727 -0.4661096 0 0.884727 -0.4661096 0 0.884727 -0.4661096 0 0.884727 -0.4661096 0 0.7399076 -0.6727085 0 0.795983 -0.6053189 0 0.7397718 -0.6728579 2.498058e-07 0.795983 -0.6053189 0 0.6779953 -0.7350662 1.873981e-08 0.6186488 -0.7856677 2.311919e-07 0.6186472 -0.7856689 0 0.5214544 -0.8532792 0 0.5214544 -0.8532792 0 0.4863411 -0.873769 0 0.4863411 -0.873769 0 0.5931839 -0.805067 0 0.5931839 -0.805067 0 0.5202304 -0.854026 0 0.5202304 -0.854026 0 0.3722451 -0.9281345 0 0.3722451 -0.9281345 0 0.25985 -0.965649 0 0.25985 -0.965649 0 0.2202916 -0.9754341 0 0.2202916 -0.9754341 0 0.4922752 -0.8704396 0 0.4922752 -0.8704396 0 0.4922752 -0.8704396 0 0.4922752 -0.8704396 0 0.3423726 -0.9395643 0 0.3423726 -0.9395643 0 0.2585604 -0.9659951 0 0.2585604 -0.9659951 0 0.09567257 -0.9954129 0 0.09567257 -0.9954129 0 -0.0226811 -0.9997428 0 -0.0226811 -0.9997428 0 -0.06333961 -0.997992 0 -0.06333961 -0.997992 0 0.06379313 -0.9979631 0 0.0637609 -0.9979652 1.7224e-06 0.06368695 -0.9979699 3.587653e-08 -0.02408264 -0.99971 1.35168e-06 -0.02416376 -0.999708 0 -0.1117382 -0.9937377 3.610482e-08 -0.1886413 -0.9820461 4.611296e-07 -0.1886487 -0.9820446 0 -0.3034446 -0.9528491 0 -0.3034446 -0.9528491 0 -0.3419842 -0.9397057 0 -0.3419842 -0.9397057 0 -0.05647157 -0.9984042 0 -0.05647157 -0.9984042 0 -0.05647157 -0.9984042 0 -0.05647157 -0.9984042 0 -0.2199621 -0.9755084 0 -0.2199621 -0.9755084 0 -0.3047414 -0.9524351 0 -0.3047414 -0.9524351 0 -0.4576442 -0.8891354 0 -0.4576442 -0.8891354 0 -0.5597577 -0.8286563 0 -0.5597577 -0.8286563 0 -0.5932234 -0.8050379 0 -0.5932234 -0.8050379 0 -0.4858389 -0.8740484 0 -0.4858389 -0.8740484 0 -0.5607356 -0.8279949 0 -0.5607356 -0.8279949 0 -0.689641 -0.7241514 2.825862e-06 -0.6895995 -0.724191 0 -0.7437981 -0.6684044 2.753781e-07 -0.7703693 -0.6375979 2.726073e-06 -0.7703867 -0.6375769 0 -0.7956451 -0.6057631 0 -0.7956451 -0.6057631 0 -0.5872804 -0.8093836 0 -0.5872804 -0.8093836 0 -0.5872804 -0.8093836 0 -0.5872804 -0.8093836 0 -0.7124459 -0.701727 0 -0.7124459 -0.701727 0 -0.7712921 -0.6364814 0 -0.7712921 -0.6364814 0 -0.8657137 -0.5005395 4.704876e-07 -0.8657111 -0.500544 0 -0.9020057 -0.4317241 4.717201e-08 -0.918837 -0.3946372 4.801954e-07 -0.9188403 -0.3946296 0 -0.9341451 -0.3568934 0 -0.9341451 -0.3568934 0 -0.8812749 -0.4726039 0 -0.8812749 -0.4726039 0 -0.9193648 -0.3934062 0 -0.9193648 -0.3934062 0 -0.9716657 -0.2363596 0 -0.9716657 -0.2363596 0 -0.9928003 -0.1197813 0 -0.9928003 -0.1197813 0 -0.9968552 -0.07924491 0 -0.9968552 -0.07924491 0 -0.9316389 -0.3633855 0 -0.9316389 -0.3633855 0 -0.9316389 -0.3633855 0 -0.9316389 -0.3633855 0 -0.9787242 -0.2051802 0 -0.9787242 -0.2051802 0 -0.9929588 -0.1184606 0 -0.9929588 -0.1184606 0 -0.998897 0.04695433 0 -0.998897 0.04695433 0 -0.9863295 0.1647851 0 -0.9863295 0.1647851 0 -0.9787943 0.2048456 0 -0.9787943 0.2048456 0 -0.9968823 0.07890298 0 -0.9968823 0.07890298 0 -0.986111 0.1660875 0 -0.986111 0.1660875 0 -0.9452078 0.3264693 0 -0.9452078 0.3264693 0 -0.8999297 0.4360351 -1.381103e-06 -0.8998541 0.436191 0 -0.8813501 0.4724638 -2.46818e-08 -0.8814004 0.4723699 -2.73868e-06 -0.8814651 0.4722492 0 0.95949 0.2817428 0 0.9594929 0.2817329 1.793248e-06 0.9594975 0.281717 1.399567e-07 0.9594936 0.2817304 1.951234e-06 0.9595051 0.2816911 0 0.3354372 -0.9420626 0 0.3354618 -0.9420538 -1.370077e-06 0.3354602 -0.9420544 -5.286848e-08 0.3354635 -0.9420532 -1.358853e-06 0.3354832 -0.9420462 0 0.7956451 -0.6057631 0 0.7956451 -0.6057631 0 0.7703681 -0.6375994 0 0.7703681 -0.6375994 0 0.6896423 -0.7241502 0 0.6896423 -0.7241502 0 0.5607356 -0.8279949 0 0.5607356 -0.8279949 0 0.4858389 -0.8740484 0 0.4858389 -0.8740484 0 0.9341451 -0.3568934 0 0.9341451 -0.3568934 0 0.9188369 -0.3946375 0 0.9188369 -0.3946375 0 0.8657138 -0.5005393 0 0.8657138 -0.5005393 0 0.7712921 -0.6364814 0 0.7712921 -0.6364814 0 0.7124459 -0.701727 0 0.7124459 -0.701727 0 0.6549416 0.7556795 0 0.6548631 0.7557475 -1.427197e-06 0.6548994 0.7557161 -9.961895e-08 0.6548617 0.7557487 -1.253143e-06 0.6548572 0.7557527 0 0.79152 -0.6111433 0 0.791526 -0.6111355 -9.513749e-07 0.7915382 -0.6111197 -3.775561e-08 0.7915268 -0.6111345 -1.000343e-06 0.7915565 -0.611096 0 0.9968552 -0.07924491 0 0.9968552 -0.07924491 0 0.9928003 -0.1197813 0 0.9928003 -0.1197813 0 0.9716657 -0.2363596 0 0.9716657 -0.2363596 0 0.9193648 -0.3934062 0 0.9193648 -0.3934062 0 0.8812749 -0.4726039 0 0.8812749 -0.4726039 0 0.9787943 0.2048456 0 0.9787943 0.2048456 0 0.9863295 0.1647851 0 0.9863295 0.1647851 0 0.998897 0.04695433 0 0.998897 0.04695433 0 0.9929588 -0.1184606 0 0.9929588 -0.1184606 0 0.9787242 -0.2051802 0 0.9787242 -0.2051802 0 -0.6536199 0.756823 0 -0.6548624 0.7557481 -9.551502e-08 -0.6542415 0.7562857 -6.590842e-09 -0.6548625 0.7557481 -8.234041e-08 -0.6548628 0.7557478 0 0.7175632 0.6964934 0 0.7078887 0.7063221 -0.001618015 0.7175632 0.6964934 -7.14089e-08 0.7119685 0.7022108 -0.0009389517 0.7175689 0.6964875 0 0.2202916 0.9754341 0 0.2202916 0.9754341 0 0.25985 0.965649 0 0.25985 0.965649 0 0.3722451 0.9281345 0 0.3722451 0.9281345 0 0.5202304 0.854026 0 0.5202304 0.854026 0 0.5931839 0.805067 0 0.5931839 0.805067 0 0.4863411 0.873769 0 0.4863411 0.873769 0 0.5214544 0.8532792 0 0.5214544 0.8532792 0 0.6186489 0.7856676 0 0.6186489 0.7856676 0 0.7397717 0.672858 0 0.7397717 0.672858 0 0.795983 0.6053189 0 0.795983 0.6053189 0 -0.8412616 0.5406282 0 -0.8412533 0.5406412 4.701431e-07 -0.8412567 0.5406359 3.326801e-08 -0.841253 0.5406417 4.22205e-07 -0.8412518 0.5406436 0 0.492276 0.8704392 0 0.4922752 0.8704396 -4.666667e-08 0.4922753 0.8704396 -1.800774e-09 0.4922752 0.8704396 -4.62844e-08 0.4922745 0.87044 0 -0.06333961 0.997992 0 -0.06333961 0.997992 0 -0.0226811 0.9997428 0 -0.0226811 0.9997428 0 0.09567257 0.9954129 0 0.09567257 0.9954129 0 0.2585604 0.9659951 0 0.2585604 0.9659951 0 0.3423726 0.9395643 0 0.3423726 0.9395643 0 -0.3419842 0.9397057 0 -0.3419842 0.9397057 0 -0.3034446 0.9528491 0 -0.3034446 0.9528491 0 -0.188641 0.9820461 0 -0.188641 0.9820461 0 -0.02408238 0.99971 0 -0.02408238 0.99971 0 0.06375977 0.9979653 0 0.06375977 0.9979653 0 -1 0 0 -1 0 0 -1 0 0 -1 0 0 -0.05647157 0.9984042 0 -0.05647157 0.9984042 0 -0.05647157 0.9984042 0 -0.05647157 0.9984042 0 -0.5597659 0.8286508 0 -0.5932234 0.8050379 0 -0.5597579 0.8286562 3.1971e-07 -0.5932234 0.8050379 0 -0.5253588 0.8508808 3.086825e-08 -0.4576441 0.8891355 3.032558e-07 -0.4576417 0.8891367 0 -0.3047414 0.9524351 0 -0.3047414 0.9524351 0 -0.2199621 0.9755084 0 -0.2199621 0.9755084 0 -0.7703205 0.6376569 0 -0.7956451 0.6057631 0 -0.770367 0.6376008 -2.786859e-06 -0.7956451 0.6057631 0 -0.7437854 0.6684185 -2.700534e-07 -0.6896436 0.7241489 -2.661308e-06 -0.689661 0.7241324 0 -0.5607356 0.8279949 0 -0.5607356 0.8279949 0 -0.4858389 0.8740484 0 -0.4858389 0.8740484 0 -0.8412531 -0.5406415 0 -0.8412531 -0.5406415 0 -0.8412531 -0.5406415 0 -0.8412531 -0.5406415 0 -0.5872804 0.8093836 0 -0.5898133 0.8075395 -0.0003675867 -0.5872804 0.8093836 -1.606123e-08 -0.5887503 0.808315 -0.0002133111 -0.5872789 0.8093846 0 -0.9341451 0.3568934 0 -0.9341451 0.3568934 0 -0.9188369 0.3946375 0 -0.9188369 0.3946375 0 -0.8657138 0.5005393 0 -0.8657138 0.5005393 0 -0.7712921 0.6364814 0 -0.7712921 0.6364814 0 -0.7124459 0.701727 0 -0.7124459 0.701727 0 -0.9968552 0.07924491 0 -0.9968552 0.07924491 0 -0.9928003 0.1197813 0 -0.9928003 0.1197813 0 -0.9716657 0.2363596 0 -0.9716657 0.2363596 0 -0.9193648 0.3934062 0 -0.9193648 0.3934062 0 -0.8812749 0.4726039 0 -0.8812749 0.4726039 0 0.6536199 -0.756823 0 0.6548624 -0.7557481 -9.551502e-08 0.6542415 -0.7562857 -6.590842e-09 0.6548625 -0.7557481 -8.234041e-08 0.6548628 -0.7557478 0 -0.7175632 -0.6964934 0 -0.7078887 -0.7063221 -0.001618015 -0.7175632 -0.6964934 -7.14089e-08 -0.7119685 -0.7022108 -0.0009389517 -0.7175689 -0.6964875 0 -0.2202916 -0.9754341 0 -0.2202916 -0.9754341 0 -0.25985 -0.965649 0 -0.25985 -0.965649 0 -0.3722451 -0.9281345 0 -0.3722451 -0.9281345 0 -0.5202304 -0.854026 0 -0.5202304 -0.854026 0 -0.5931839 -0.805067 0 -0.5931839 -0.805067 0 0.06333961 -0.997992 0 0.06333961 -0.997992 0 0.0226811 -0.9997428 0 0.0226811 -0.9997428 0 -0.09567257 -0.9954129 0 -0.09567257 -0.9954129 0 -0.2585604 -0.9659951 0 -0.2585604 -0.9659951 0 -0.3423726 -0.9395643 0 -0.3423726 -0.9395643 0 0.9594953 -0.2817247 0 0.9594934 -0.2817309 1.06155e-06 0.9594913 -0.2817382 8.241716e-08 0.959493 -0.2817324 1.141059e-06 0.9594874 -0.2817517 0 -0.2271261 -0.9738653 0 -0.2271261 -0.9738653 0 -0.2271261 -0.9738653 0 -0.2271261 -0.9738653 0 0.3419842 -0.9397057 0 0.3419842 -0.9397057 0 0.3034446 -0.9528491 0 0.3034446 -0.9528491 0 0.188641 -0.9820461 0 0.188641 -0.9820461 0 0.02408238 -0.99971 0 0.02408238 -0.99971 0 -0.06375977 -0.9979653 0 -0.06375977 -0.9979653 0 0.5597659 -0.8286508 0 0.5932234 -0.8050379 0 0.5597579 -0.8286562 3.1971e-07 0.5932234 -0.8050379 0 0.5253588 -0.8508808 3.086825e-08 0.4576441 -0.8891355 3.032558e-07 0.4576417 -0.8891367 0 0.3047414 -0.9524351 0 0.3047414 -0.9524351 0 0.2199621 -0.9755084 0 0.2199621 -0.9755084 0 -0.4154169 -0.9096311 0 -0.4154164 -0.9096314 -5.978605e-08 -0.4154164 -0.9096314 -4.475159e-09 -0.4154163 -0.9096314 -5.945568e-08 -0.4154158 -0.9096316 0 -0.9316389 0.3633855 0 -0.9316389 0.3633855 0 -0.9316389 0.3633855 0 -0.9316389 0.3633855 0 -0.9787943 -0.2048456 0 -0.9787943 -0.2048456 0 -0.9863295 -0.1647851 0 -0.9863295 -0.1647851 0 -0.998897 -0.04695433 0 -0.998897 -0.04695433 0 -0.9929588 0.1184606 0 -0.9929588 0.1184606 0 -0.9787242 0.2051802 0 -0.9787242 0.2051802 0 -0.8813996 -0.4723715 0 -0.8813996 -0.4723715 0 -0.8999301 -0.4360343 0 -0.8999301 -0.4360343 0 -0.9452078 -0.3264693 5.677039e-09 -0.9452078 -0.3264694 0 -0.9677297 -0.2519904 4.399358e-10 -0.986111 -0.1660875 5.576251e-09 -0.986111 -0.1660875 0 -0.9968823 -0.07890298 0 -0.9968823 -0.07890298 0 0.1423141 -0.9898216 0 0.1423141 -0.9898216 0 0.1423141 -0.9898216 0 0.1423141 -0.9898216 0 -0.9802052 -0.1979844 0 -0.9802052 -0.1979844 0 -0.9802052 -0.1979844 0 -0.9802052 -0.1979844 0 -0.7129105 -0.7012551 0 -0.7129105 -0.7012551 0 -0.7407696 -0.6717592 0 -0.7407696 -0.6717592 0 -0.8149288 -0.5795611 -1.406723e-06 -0.8149445 -0.5795391 0 -0.8575185 -0.5144532 -1.094912e-07 -0.8993756 -0.4371767 -1.393921e-06 -0.8993666 -0.4371953 0 -0.9342892 -0.3565159 0 -0.9342892 -0.3565159 0 -0.5214545 -0.8532791 0 -0.4863411 -0.873769 0 -0.5214544 -0.8532792 -2.210947e-08 -0.4863411 -0.873769 0 -0.5557052 -0.8313794 -2.264559e-09 -0.6186489 -0.7856676 -2.362857e-08 -0.6186482 -0.7856681 0 -0.7397717 -0.672858 0 -0.7397717 -0.672858 0 -0.795983 -0.6053189 0 -0.795983 -0.6053189 0 -0.1423258 0.9898199 0 -0.1423149 0.9898214 1.257205e-06 -0.1423136 0.9898216 9.464865e-08 -0.1423132 0.9898217 1.26475e-06 -0.1423014 0.9898234 0 0.9802052 0.1979844 0 0.9802052 0.1979844 0 0.9802052 0.1979844 0 0.9802052 0.1979844 0 0.7129105 0.7012551 0 0.7129105 0.7012551 0 0.7407696 0.6717592 0 0.7407696 0.6717592 0 0.8149288 0.5795611 -1.406723e-06 0.8149445 0.5795391 0 0.8575185 0.5144532 -1.094912e-07 0.8993756 0.4371767 -1.393921e-06 0.8993666 0.4371953 0 0.9342892 0.3565159 0 0.9342892 0.3565159 0 -0.7915264 -0.611135 0 -0.7915264 -0.611135 0 -0.7915264 -0.611135 0 -0.7915264 -0.611135 0 0.4154169 0.9096311 0 0.4154164 0.9096314 -5.978605e-08 0.4154164 0.9096314 -4.475159e-09 0.4154163 0.9096314 -5.945568e-08 0.4154158 0.9096316 0 0.9316389 -0.3633855 0 0.9316389 -0.3633855 0 0.9316389 -0.3633855 0 0.9316389 -0.3633855 0 0.8412531 0.5406415 0 0.8412531 0.5406415 0 0.8412531 0.5406415 0 0.8412531 0.5406415 0 0.5872804 -0.8093836 0 0.5898133 -0.8075395 -0.0003675867 0.5872804 -0.8093836 -1.606123e-08 0.5887503 -0.808315 -0.0002133111 0.5872789 -0.8093846 0 -0.1423141 -0.9898216 0 -0.1423141 -0.9898216 0 -0.1423141 -0.9898216 0 -0.1423141 -0.9898216 0 -0.9962791 0.08618601 0 -0.9962791 0.08618601 0 -0.9962791 0.08618601 0 -0.9962791 0.08618601 0 0.4154163 -0.9096314 0 0.4154163 -0.9096314 0 0.4154163 -0.9096314 0 0.4154163 -0.9096314 0 -0.8847294 -0.4661051 0 -0.8847271 -0.4661093 -4.685762e-07 -0.8847225 -0.4661181 -1.859587e-08 -0.8847268 -0.4661099 -4.926951e-07 -0.8847157 -0.4661311 0 0.8412531 -0.5406415 0 0.8412531 -0.5406415 0 0.8412531 -0.5406415 0 0.8412531 -0.5406415 0 -0.4922752 -0.8704396 0 -0.4922752 -0.8704396 0 -0.4922752 -0.8704396 0 -0.4922752 -0.8704396 0 1 0 0 1 0 0 1 0 0 1 0 0 0.05647157 -0.9984042 0 0.05647157 -0.9984042 0 0.05647157 -0.9984042 0 0.05647157 -0.9984042 0 -0.6548624 -0.7557481 0 -0.6548624 -0.7557481 0 -0.6548624 -0.7557481 0 -0.6548624 -0.7557481 0 -0.7915264 0.611135 0 -0.7915264 0.611135 0 -0.7915264 0.611135 0 -0.7915264 0.611135 0 -0.95949 -0.2817428 0 -0.9594929 -0.2817329 1.793248e-06 -0.9594975 -0.281717 1.399567e-07 -0.9594936 -0.2817304 1.951234e-06 -0.9595051 -0.2816911 0 -0.3354626 0.9420535 0 -0.3354626 0.9420535 0 -0.3354626 0.9420535 0 -0.3354626 0.9420535 0 -0.9594953 0.2817247 0 -0.9594934 0.2817309 1.06155e-06 -0.9594913 0.2817382 8.241716e-08 -0.959493 0.2817324 1.141059e-06 -0.9594874 0.2817517 0 0.2271261 0.9738653 0 0.2271261 0.9738653 0 0.2271261 0.9738653 0 0.2271261 0.9738653 0 -0.4154163 0.9096314 0 -0.4154163 0.9096314 0 -0.4154163 0.9096314 0 -0.4154163 0.9096314 0 0.884727 0.4661096 0 0.884727 0.4661096 0 0.884727 0.4661096 0 0.884727 0.4661096 0 -0.9962791 -0.08618601 0 -0.9962791 -0.08618601 0 -0.9962791 -0.08618601 0 -0.9962791 -0.08618601 0 -0.3354626 -0.9420535 0 -0.3354626 -0.9420535 0 -0.3354626 -0.9420535 0 -0.3354626 -0.9420535 0 0.2271261 -0.9738653 0 0.2271261 -0.9738653 0 0.2271261 -0.9738653 0 0.2271261 -0.9738653 0 0.7175632 -0.6964934 0 0.7175632 -0.6964934 0 0.7175632 -0.6964934 0 0.7175632 -0.6964934 0 0.9802052 -0.1979844 0 0.9802052 -0.1979844 0 0.9802052 -0.1979844 0 0.9802052 -0.1979844 0 0.9316389 0.3633855 0 0.9316389 0.3633855 0 0.9316389 0.3633855 0 0.9316389 0.3633855 0 0.5872804 0.8093836 0 0.5872804 0.8093836 0 0.5872804 0.8093836 0 0.5872804 0.8093836 0 0.05647157 0.9984042 0 0.05647157 0.9984042 0 0.05647157 0.9984042 0 0.05647157 0.9984042 0 -0.4922752 0.8704396 0 -0.4922752 0.8704396 0 -0.4922752 0.8704396 0 -0.4922752 0.8704396 0 -0.884727 0.4661096 0 -0.884727 0.4661096 0 -0.884727 0.4661096 0 -0.884727 0.4661096 0 0 0 1 0 0 1 0 0 1 0 0 1 0 0 1 0 0 1 0 0 1 0 0 1 0 0 1 0 0 1 0 0 1 0 0 1 0 0 1 0 0 1 0 0 1 0 0 1 0 0 1 0 0 1 0 0 1 0 0 1 0 0 1 0 0 1 0 0 1 0 0 1 0 0 1 0 0 1 0 0 1 0 0 1 0 0 1 0 0 1 0 0 1 0 0 1 0 0 1 0 0 1 0 0 1 0 0 1 0 0 1 0 0 1 0 0 1 0 0 1 0 0 1 0 0 1 0 0 1 0 0 1 0 0 1 0 0 1 0 0 1 0 0 1 0 0 1 0 0 1 0 0 1 0 0 1 0 0 1 0 0 1 0 0 1 0 0 1 0 0 1 0 0 1 0 0 1 0 0 1 0 0 1 0 0 1 0 0 1 0 0 1 0 0 1 0 0 1 0 0 1 0 0 1 0 0 1 0 0 1 0 0 1 0 0 1 0 0 1 0 0 1 0 0 1 0 0 1 0 0 1 0 0 1 0 0 1 -0.918957 -0.3943577 8.548734e-07 -0.8743457 -0.4853036 5.341465e-07 -0.8207644 -0.5712668 8.044609e-07 -0.8207634 -0.5712683 0 -0.6889714 -0.7247885 0 -0.6896558 -0.7241369 0.0007686706 -0.528965 -0.8486436 -8.354357e-07 -0.613987 -0.7893138 0.00192548 -0.6120961 -0.7907834 -1.631635e-05 -0.5289732 -0.8486385 0 -0.440376 -0.8978134 3.145894e-07 -0.3473002 -0.937754 6.940143e-07 -0.3472849 -0.9377597 0 -0.1514295 -0.9884681 0 -0.1514295 -0.9884681 0 0.05064623 -0.9987167 0 0.05064623 -0.9987167 0 0.2506531 -0.968077 0 0.2506531 -0.968077 0 0.4403981 -0.8978026 -7.963274e-07 0.4404064 -0.8977985 0 0.5289772 -0.848636 -2.107021e-06 0.5289694 -0.8486409 -1.640387e-06 0.6121085 -0.7907738 -1.145957e-06 0.6121081 -0.7907741 0 0.6889612 -0.7247982 -4.85777e-07 0.7587543 -0.6513769 -1.700365e-06 0.7587541 -0.6513772 0 0.8207613 -0.5712713 -4.090147e-07 0.8743452 -0.4853044 -5.582075e-07 0.8743448 -0.4853052 0 0.9541397 -0.2993618 0 0.9541397 -0.2993618 0 0.9948693 -0.1011684 0 0.9948693 -0.1011684 0 0.9948692 0.1011694 -1.272841e-06 0.9948689 0.1011728 0 0.9795298 0.2012994 -7.993156e-07 0.9541399 0.2993612 -1.547859e-06 0.9541405 0.299359 0 0.9189629 0.3943439 -2.558189e-07 0.8743449 0.485305 -2.605375e-06 0.8743467 0.4853018 0 0.8207571 0.5712773 -1.211434e-06 0.7587564 0.6513744 8.968756e-08 0.7587602 0.6513701 0 0.6888873 0.7248684 1.396459e-06 0.6121067 0.7907752 3.129912e-06 0.6120211 0.7908414 0 0.4403977 0.8978028 0 0.4403977 0.8978028 0 0.2506531 0.968077 0 0.2506531 0.968077 0 0.05064623 0.9987167 0 0.05064623 0.9987167 0 -0.1514286 0.9884682 1.264286e-06 -0.1514211 0.9884693 0 -0.2506413 0.96808 6.578795e-07 -0.3473023 0.9377532 -2.259233e-07 -0.3473055 0.9377521 0 -0.4403869 0.8978081 -7.964259e-07 -0.5289635 0.8486446 -1.410063e-06 -0.5289587 0.8486476 0 -0.6889704 0.7247895 1.614522e-06 -0.6889683 0.7247914 0 -0.7587664 0.6513628 1.148118e-06 -0.8207656 0.5712651 2.044454e-06 -0.8207705 0.5712581 0 -0.9189564 0.3943592 1.439774e-06 -0.9189528 0.3943676 0 -0.9541361 0.2993731 7.438828e-07 -0.9795298 0.201299 1.012168e-06 -0.9795302 0.2012974 0 -1 1.243261e-16 0 -1 1.154457e-16 0 -0.9795297 -0.2012998 0 -0.9795297 -0.2012998 0 -0.9189579 -0.3943556 0 -1 4.455554e-18 0 -1 -8.911109e-18 0 -0.965926 -0.2588184 0 -0.965926 -0.2588184 0 -0.8660204 -0.5000086 0 -0.8660204 -0.5000086 0 -0.7071018 -0.7071117 0 -0.7071018 -0.7071117 0 -0.5000026 -0.8660239 0 -0.5000026 -0.8660239 0 -0.2588295 -0.965923 0 -0.2588295 -0.965923 0 -1.514893e-16 -1 0 -1.514893e-16 -1 0 0.2588295 -0.965923 0 0.2588295 -0.965923 0 0.5000026 -0.8660239 0 0.5000026 -0.8660239 0 0.7071018 -0.7071117 0 0.7071018 -0.7071117 0 0.8660204 -0.5000086 0 0.8660204 -0.5000086 0 0.965926 -0.2588184 0 0.965926 -0.2588184 0 1 -8.911109e-18 0 1 8.911109e-18 0 0.965926 0.2588184 0 0.965926 0.2588184 0 0.8660204 0.5000086 0 0.8660204 0.5000086 0 0.7071018 0.7071117 0 0.7071018 0.7071117 0 0.5000026 0.8660239 0 0.5000026 0.8660239 0 0.2588295 0.965923 0 0.2588295 0.965923 0 5.524904e-16 1 0 5.435793e-16 1 0 -0.2588295 0.965923 0 -0.2588295 0.965923 0 -0.5000026 0.8660239 0 -0.5000026 0.8660239 0 -0.7071018 0.7071117 0 -0.7071018 0.7071117 0 -0.8660204 0.5000086 0 -0.8660204 0.5000086 0 -0.965926 0.2588184 0 -0.965926 0.2588184 0 0 0 1 0 0 1 0 0 1 0 0 1 0 0 1 0 0 1 0 0 1 0 0 1 0 0 1 0 0 1 0 0 1 0 0 1 0 0 1 0 0 1 0 0 1 0 0 1 0 0 1 0 0 1 0 0 1 0 0 1 0 0 1 0 0 1 0 0 1 0 0 1 0 0 1 -0.4999993 -0.8660258 1.295781e-07 -0.6087295 -0.7933778 4.026491e-09 -0.707108 -0.7071056 1.331149e-07 -0.7070778 -0.7071358 0 -0.8660255 -0.4999998 9.637019e-08 0.8660254 -0.4999999 2.372869e-07 0.7933572 -0.6087564 5.559919e-09 0.7071081 -0.7071054 1.81705e-07 0.7071144 -0.7070992 0 0.4999992 -0.8660259 0 0.4999992 -0.8660259 0 0.2588157 -0.9659267 0 0.2588157 -0.9659267 0 -1.603999e-16 -1 0 -1.514888e-16 -1 0 -0.2588157 -0.9659267 0 -0.2588157 -0.9659267 0 -0.5000018 -0.8660244 0 0.965926 -0.2588184 5.542409e-08 0.9238797 -0.3826831 1.714687e-09 0.8660249 -0.5000009 0 0.965926 0.2588184 2.0994e-09 0.9659256 0.2588198 0 1 3.920886e-16 0 1 4.009997e-16 0 0.9659256 -0.2588198 0 -0.707108 0.7071055 7.732998e-08 -0.6087637 0.7933516 2.386636e-09 -0.4999993 0.8660258 7.832377e-08 -0.5000041 0.8660231 0 -0.2588157 0.9659267 0 -0.2588157 0.9659267 0 5.524884e-16 1 0 5.524884e-16 1 0 0.2588157 0.9659267 0 0.2588157 0.9659267 0 0.4999992 0.8660259 0 0.4999992 0.8660259 0 0.7071081 0.7071055 0 0.7071081 0.7071055 0 0.8660255 0.4999999 0 0.8660406 0.4999737 1.460768e-06 0.9238899 0.3826585 1.537139e-06 -0.8660266 -0.4999978 0 -0.9238728 -0.3826996 2.989173e-09 -0.965926 -0.2588184 9.862278e-08 -0.9659218 -0.258834 0 -1 4.009997e-16 0 -1 3.920886e-16 0 -0.965926 0.2588184 0 -0.965926 0.2588184 0 -0.8660255 0.4999999 0 -0.8660255 0.4999999 0 -0.7071064 0.7071071 0 0.9659267 0.2588158 -1.698015e-07 0.9238858 0.3826682 -5.25761e-09 0.8660259 0.4999991 -1.731385e-07 0.8660356 0.4999824 0 0.7071055 0.7071081 0 0.7071055 0.7071081 0 0.4999999 0.8660255 0 0.4999999 0.8660255 0 0.2588184 0.965926 0 0.2588184 0.965926 0 -8.911104e-18 1 0 8.911104e-18 1 0 -0.2588184 0.965926 0 -0.2588184 0.965926 0 -0.4999999 0.8660255 0 -0.4999999 0.8660255 0 -0.7071055 0.7071081 1.194892e-07 -0.7071021 0.7071115 0 -0.7933538 0.6087609 3.666493e-09 -0.8660259 0.4999992 1.196119e-07 -0.8660285 0.4999947 0 -0.9659267 0.2588157 0 -0.9659267 0.2588157 0 -1 9.623992e-15 0 -1 9.623992e-15 0 -0.9659267 -0.2588157 0 -0.9659267 -0.2588157 0 -0.8660259 -0.4999992 0 -0.8660259 -0.4999992 0 -0.7071055 -0.7071081 0 -0.7071055 -0.7071081 0 -0.4999999 -0.8660255 0 -0.4999999 -0.8660255 0 -0.2588184 -0.965926 0 -0.2588184 -0.965926 0 8.911104e-18 -1 0 -8.911104e-18 -1 0 0.2588184 -0.965926 0 0.2588184 -0.965926 0 0.4999999 -0.8660255 0 0.4999999 -0.8660255 0 0.7071055 -0.7071081 0 0.7071055 -0.7071081 0 0.8660259 -0.4999992 0 0.8660259 -0.4999992 0 0.9659267 -0.2588157 0 0.9659267 -0.2588157 0 1 9.231903e-15 0 1 9.231903e-15 0 0.9659256 0.25882 0 -1 6.284923e-08 9.894136e-08 -0.9914465 -0.130514 3.006876e-09 -0.9659268 -0.2588153 9.718291e-08 -0.9659262 -0.2588178 0 -0.8660276 -0.4999962 -5.318205e-07 -0.8660212 -0.5000072 0 -0.7934 -0.6087007 -1.649093e-08 -0.707093 -0.7071206 -5.439158e-07 -0.7071653 -0.7070483 3.639732e-07 -0.6087502 -0.793362 1.112247e-08 -0.4999961 -0.8660277 3.613705e-07 -0.5000066 -0.8660216 0 -0.2588153 -0.9659268 0 -0.2588153 -0.9659268 0 1.030459e-05 -1 0 2.564107e-07 -1 3.963375e-07 0.1304857 -0.9914502 1.227275e-08 0.258817 -0.9659264 4.041868e-07 0.2587708 -0.9659387 -7.814684e-08 0.3826754 -0.9238829 -2.418214e-09 0.4999958 -0.8660278 -7.958222e-08 0.4999889 -0.8660318 0 0.7071068 -0.7071068 0 0.7071068 -0.7071068 0 0.8660278 -0.4999959 0 0.8660278 -0.4999959 0 0.9659269 -0.2588152 -1.505959e-07 0.9659329 -0.2587926 0 0.9914481 -0.1305015 -4.565474e-09 1 -9.53863e-08 -1.47223e-07 1 -3.615999e-06 0 0.9659268 0.2588153 0 0.9659268 0.2588153 0 0.8660289 0.4999939 0 0.8660289 0.4999939 0 0.7933575 0.608756 0 0.7933575 0.608756 0 0.7071052 0.7071084 -1.499418e-07 0.7071011 0.7071125 0 0.6087569 0.7933568 -4.603989e-09 0.5000012 0.8660247 -1.50294e-07 0.5000019 0.8660243 -1.481033e-07 0.3826805 0.9238808 -4.544771e-09 0.2588152 0.9659269 -1.482711e-07 -0.4999984 0.8660263 8.418371e-07 -0.3826717 0.9238844 5.070712e-07 -0.2588153 0.9659268 8.996934e-10 -0.2588159 0.9659267 0 8.911104e-18 1 0 -8.911104e-18 1 0 0.258809 0.9659285 0 -0.4999939 0.8660289 0 -0.6087808 0.7933385 9.526641e-09 -0.6087009 0.7933998 3.58013e-07 -0.6087168 0.7933876 0 -0.7070481 0.7071654 0 -0.7070481 0.7071654 0 -0.8660278 0.4999959 0 -0.8660278 0.4999959 0 -0.9659268 0.2588153 0 -0.9659268 0.2588153 0 -1 9.822615e-06 0 0.8660255 0.4999998 9.637019e-08 0.9238728 0.3826996 2.989173e-09 0.965926 0.2588184 9.862278e-08 0.9659218 0.258834 0 1 3.920886e-16 0 1 4.009997e-16 0 0.965926 -0.2588184 0 0.965926 -0.2588184 0 0.8660257 -0.4999996 0 0.8660257 -0.4999996 0 0.7933552 -0.6087589 0 0.7933552 -0.6087589 0 0.7071072 -0.7071064 0 0.7071072 -0.7071064 0 0.4999992 -0.8660259 0 0.4999992 -0.8660259 0 0.2588155 -0.9659268 2.445808e-07 0.2588159 0.9659267 3.284862e-07 0.3826796 0.9238811 1.008924e-08 0.499999 0.866026 3.294602e-07 0.499986 0.8660335 0 0.7071081 0.7071055 0 0.7071081 0.7071055 0 0.8660266 0.4999978 0 -0.965926 0.2588184 5.542409e-08 -0.9238797 0.3826831 1.714687e-09 -0.8660255 0.4999998 5.641531e-08 -0.8660282 0.4999951 0 -0.7071081 0.7071055 0 -0.7071081 0.7071055 0 -0.4999824 0.8660356 0 -0.4999824 0.8660356 0 -0.3826682 0.9238858 0 -0.3826682 0.9238858 0 -0.25882 0.9659256 0 -0.25882 0.9659256 0 5.079329e-16 1 0 5.079329e-16 1 0 0.2588279 0.9659235 0 0.2587742 -0.9659379 0 0.1304838 -0.9914504 7.411054e-09 1.548393e-07 -1 2.388747e-07 5.76708e-06 -1 0 -0.2588157 -0.9659267 0 -0.2588157 -0.9659267 0 -0.4999947 -0.8660285 0 -0.4999947 -0.8660285 0 -0.6087609 -0.7933538 0 -0.6087609 -0.7933538 0 -0.7071159 -0.7070977 0 -0.7071159 -0.7070977 0 -0.7933246 -0.6087989 0 -0.7933246 -0.6087989 0 -0.8659967 -0.5000497 0 -0.8659967 -0.5000497 0 -0.965926 -0.2588184 0 -0.965926 -0.2588184 0 -1 4.009997e-16 0 -1 3.920886e-16 0 -0.9659256 0.2588198 0 -0.9659268 -0.2588153 8.996934e-10 -0.8660212 -0.5000072 0 -0.8660262 -0.4999986 4.820725e-07 -0.7934 -0.6087007 0 -0.7934 -0.6087007 0 -0.7071654 -0.7070481 0 -0.7071654 -0.7070481 0 -0.4999959 -0.8660278 0 -0.4999959 -0.8660278 0 -0.2588153 -0.9659268 0 -0.2588153 -0.9659268 0 -6.284923e-08 -1 9.894136e-08 -9.822615e-06 -1 0 0.130514 -0.9914465 3.006876e-09 0.2588153 -0.9659268 9.718291e-08 0.2588178 -0.9659262 0 0.4999959 -0.8660278 0 0.4999959 -0.8660278 0 0.7071208 -0.7070927 0 0.7071069 -0.7071066 3.639693e-07 0.793362 -0.6087502 1.112247e-08 0.8660277 -0.4999961 3.613705e-07 0.8660216 -0.5000066 0 0.9659268 -0.2588153 0 0.9659268 -0.2588153 0 1 -3.831775e-16 0 1 -4.544663e-16 0 0.9659268 0.2588153 -7.814637e-08 0.9659263 0.2588173 0 0.9238829 0.3826754 -2.418214e-09 0.8660278 0.4999958 -7.958222e-08 0.8660318 0.4999889 0 0.7071068 0.7071068 0 0.7071068 0.7071068 0 0.4999959 0.8660278 0 0.4999959 0.8660278 0 0.2588152 0.9659269 -1.505959e-07 0.2587926 0.9659329 0 0.1305015 0.9914481 -4.565474e-09 9.53863e-08 1 -1.47223e-07 3.615999e-06 1 0 -0.2588153 0.9659268 0 -0.2588153 0.9659268 0 -0.4999939 0.8660289 0 -0.4999939 0.8660289 0 -0.608756 0.7933575 0 -0.608756 0.7933575 0 -0.7071084 0.7071052 -1.499418e-07 -0.7071125 0.7071011 0 -0.7933568 0.6087569 -4.603989e-09 -0.8660277 0.499996 -1.502941e-07 -0.8660244 0.5000018 0 -0.9659268 0.2588153 0 -0.9659268 0.2588153 0 -1 -3.920886e-16 0 -1 -3.831775e-16 0 -0.9659267 -0.2588159 0 -0.9238844 -0.3826717 5.070712e-07 0.7071068 -0.7071067 -1.499418e-07 0.7933568 -0.6087569 -4.603989e-09 0.8660247 -0.5000012 -1.50294e-07 0.8660243 -0.5000019 -1.481033e-07 0.9238808 -0.3826805 -4.544771e-09 0.9659269 -0.2588152 -1.482711e-07 0.8660328 0.4999872 5.353526e-07 0.9238844 0.3826717 5.070712e-07 0.9659268 0.2588153 8.996934e-10 0.9659267 0.2588159 0 1 -2.851553e-16 0 1 -2.762442e-16 0 0.9659285 -0.258809 0 0.8660289 0.4999939 0 0.7933575 0.608756 1.633679e-09 0.7071068 0.7071068 5.325445e-08 0.7071052 0.7071083 0 0.4999959 0.8660278 0 0.4999959 0.8660278 0 0.2588153 0.9659268 0 0.2588153 0.9659268 0 6.284923e-08 1 9.894136e-08 9.822615e-06 1 0 -0.130514 0.9914465 3.006876e-09 -0.2588341 0.9659218 9.718316e-08 -0.2588179 0.9659261 1.181761e-07 -0.3826962 0.9238742 3.581811e-09 -0.5000072 0.8660213 1.154772e-07 -0.4999938 0.866029 -5.318207e-07 -0.6087007 0.7934 -1.649093e-08 -0.7071206 0.707093 -5.439158e-07 -0.7070483 0.7071653 3.639732e-07 -0.793362 0.6087502 1.112247e-08 -0.8660277 0.4999961 3.613705e-07 -0.8660216 0.5000066 0 -0.9659268 0.2588153 0 -0.9659268 0.2588153 0 -1 -1.030459e-05 0 -1 -2.564107e-07 3.963375e-07 -0.9914502 -0.1304857 1.227275e-08 -0.9659264 -0.258817 4.041868e-07 -0.9659387 -0.2587708 -7.814684e-08 -0.9238829 -0.3826754 -2.418214e-09 -0.8660278 -0.4999958 -7.958222e-08 -0.8660318 -0.4999889 0 -0.7071068 -0.7071068 0 -0.7071068 -0.7071068 0 -0.4999678 -0.866044 0 -0.4999957 -0.8660279 3.320953e-07 -0.382659 -0.9238896 1.009367e-08 -0.2587928 -0.9659328 3.26261e-07 -0.2588237 -0.9659246 -1.50596e-07 -0.1305015 -0.9914481 -4.565474e-09 -9.53863e-08 -1 -1.47223e-07 -3.615999e-06 -1 0 0.2588153 -0.9659268 0 0.2588153 -0.9659268 0 0.4999959 -0.8660278 0 0.4999959 -0.8660278 0 0.7071109 -0.7071026 0 -0.7071067 -0.7071068 -1.499418e-07 -0.6087569 -0.7933568 -4.603989e-09 -0.499996 -0.8660277 -1.502941e-07 -0.5000018 -0.8660244 0 -0.2588153 -0.9659268 0 -0.2588153 -0.9659268 0 8.911104e-18 -1 0 -8.911104e-18 -1 0 0.2588159 -0.9659267 0 0.2588153 -0.9659268 8.996934e-10 0.3826717 -0.9238844 5.070712e-07 0.4999872 -0.8660328 4.820716e-07 0.4999959 -0.8660278 0 0.7071068 -0.7071068 0 0.7071068 -0.7071068 0 0.8660278 -0.4999959 0 0.8660278 -0.4999959 0 0.9659268 -0.2588153 0 0.9659268 -0.2588153 0 1 -6.284923e-08 9.894136e-08 1 -9.822615e-06 0 0.9914465 0.130514 3.006876e-09 0.9659218 0.2588341 9.718316e-08 0.9659261 0.2588179 1.181761e-07 0.9238742 0.3826962 3.581811e-09 0.8660278 0.4999958 1.15477e-07 0.8660292 0.4999935 0 0.7070927 0.7071208 0 0.7071066 0.7071069 3.639693e-07 0.6087502 0.793362 1.112247e-08 0.4999961 0.8660277 3.613705e-07 0.5000066 0.8660216 0 0.2588153 0.9659268 0 0.2588153 0.9659268 0 0 1 0 4.455552e-17 1 0 -0.2588153 0.9659268 -7.814637e-08 -0.2588173 0.9659263 0 -0.3826754 0.9238829 -2.418214e-09 -0.4999958 0.8660278 -7.958222e-08 -0.4999889 0.8660318 0 -0.7071068 0.7071068 0 -0.7071068 0.7071068 0 -0.866044 0.4999678 0 -0.8660279 0.4999957 3.320953e-07 -0.9238896 0.382659 1.009367e-08 -0.9659328 0.2587928 3.26261e-07 -0.9659246 0.2588237 -1.50596e-07 -0.9914481 0.1305015 -4.565474e-09 -1 9.53863e-08 -1.47223e-07 -1 3.615999e-06 0 -0.9659268 -0.2588153 0 -0.9659268 -0.2588153 0 -0.8660278 -0.4999959 0 -0.8660278 -0.4999959 0 -0.7071026 -0.7071109 0 -0.4999998 0.8660255 9.637019e-08 -0.3826996 0.9238728 2.989173e-09 -0.2588184 0.965926 9.862278e-08 -0.258834 0.9659218 0 8.911104e-18 1 0 -8.911104e-18 1 0 0.2588184 0.965926 0 0.2588184 0.965926 0 0.4999996 0.8660257 0 0.4999996 0.8660257 0 0.6087589 0.7933552 0 0.6087589 0.7933552 0 0.7071064 0.7071072 0 0.7071064 0.7071072 0 0.8660259 0.4999992 0 0.8660259 0.4999992 0 0.9659267 0.2588157 0 0.9659267 0.2588157 0 1 -2.886306e-14 0 1 -2.886306e-14 0 0.9659267 -0.2588157 0 0.9659267 -0.2588157 0 0.8660259 -0.4999992 0 0.8660259 -0.4999992 0 0.7071011 -0.7071125 0 0.7071011 -0.7071125 0 0.6087989 -0.7933246 0 0.6087989 -0.7933246 0 0.5000497 -0.8659967 0 0.5000497 -0.8659967 0 0.2588184 -0.965926 0 0.2588184 -0.965926 0 -8.911104e-18 -1 0 5.346662e-17 -1 0 -0.2588184 -0.965926 5.542409e-08 -0.2588198 -0.9659256 0 -0.3826831 -0.9238797 1.714687e-09 -0.4999998 -0.8660255 5.641531e-08 -0.4999951 -0.8660282 0 -0.7071055 -0.7071081 0 -0.7071055 -0.7071081 0 -0.8660259 -0.4999992 0 -0.8660259 -0.4999992 0 -0.9659267 -0.2588157 0 -0.9659267 -0.2588157 0 -1 -2.846206e-14 0 -1 -2.847098e-14 0 -0.9659267 0.2588157 0 -0.9659267 0.2588157 0 -0.8660259 0.4999992 0 -0.8660259 0.4999992 0 -0.7071055 0.7071081 0 -0.7071055 0.7071081 0 -0.4999978 0.8660266 0 0 0 1 0 0 1 0 0 1 0 0 1 0 0 1 0 0 1 0 0 1 0 0 1 0 0 1 0 0 1 0 0 1 0 0 1 0 0 1 0 0 1 0 0 1 0 0 1 0 0 1 0 0 1 0 0 1 0 0 1 0 0 1 0 0 1 0 0 1 0 0 1 0 0 1 0 0 1 0 0 1 0 0 1 0 0 1 0 0 1 0 0 1 0 0 1 0 0 1 0 0 1 0 0 1 0 0 1 0 0 1 0 0 1 0 0 1 0 0 1 0 0 1 0 0 1 0 0 1 0 0 1 0 0 1 0 0 1 0 0 1 0 0 1 0 0 1 0 0 1 0 0 1 0 0 1 0 0 1 0 0 1 0 0 1 0 0 1 0 0 1 0 0 1 0 0 1 0 0 1 0 0 1 0 0 1 0 0 1 0 0 1 0 0 1 0 0 1 0 0 1 0 0 1 0 0 1 0 0 1 0 0 1 0 0 1 0 0 1 0 0 1 0 0 1 0 0 1 0 0 1 0 0 1 0 0 1 0 0 1 0 0 1 0 0 1 0 0 1 0 0 1 0 0 1 0 0 1 0 0 1 0 0 1 0 0 1 0 0 1 0 0 1 0 0 1 0 0 1 0 0 1 0 0 1 0 0 1 0 0 1 0 0 1 0 0 1 0 0 1 0 0 1 0 0 1 0 0 1 0 0 1 0 0 1 0 0 1 0 0 1 0 0 1 0 0 1 0 0 1 0 0 1 0 0 1 0 0 1 0 0 1 0 0 1 0 0 1 0 0 1 0 0 1 0 0 1 0 0 1 0 0 1 0 0 1 0 0 1 0 0 1 0 0 1 0 0 1 0 0 1 0 0 1 0 0 1 0 0 1 0 0 1 0 0 1 0 0 1 0 0 1 0 0 1 0 0 1 0 0 1 0 0 1 0 0 1 0 0 1 0 0 1 0 0 1 0 0 1 0 0 1 0 0 1 0 0 1 0 0 1 0 0 1 0 0 1 0 0 1 0 0 1 0 0 1 0 0 1 0 0 1 0 0 1 0 0 1 0 0 1 0 0 1 0 0 1 0 0 1 0 0 1 0 0 1 0 0 1 0 0 1 0 0 1 0 0 1 0 0 1 0 0 1 0 0 1 0 0 1 0 0 1 0 0 1 0 0 1 0 0 1 0 0 1 0 0 1 0 0 1 0 0 1 0 0 1 0 0 1 0 0 1 0 0 1 0 0 1 0 0 1 0 0 1 0 0 1 0 0 1 0 0 1 0 0 1 0 0 1 0 0 1 0 0 1 0 0 1 0 0 1 0 0 1 0 0 1 0 0 1 0 0 1 0 0 1 0 0 1 0 0 1 0 0 1 0 0 1 0 0 1 0 0 1 0 0 1 0 0 1 0 0 1 0 0 1 0 0 1 0 0 1 0 0 1 0 0 1 0 0 1 0 0 1 0 0 1 0 0 1 0 0 1 0 0 1 0 0 1 0 0 1 0 0 1 0 0 1 0 0 1 0 0 1 0 0 1 0 0 1 0 0 1 0 0 1 0 0 1 0 0 1 0 0 1 0 0 1 0 0 1 0 0 1 0 0 1 0 0 1 0 0 1 0 0 1 0 0 1 0 0 1 0 0 1 0 0 1 0 0 1 0 0 1 0 0 1 0 0 1 0 0 1 0 0 1 0 0 1 0 0 1 0 0 1 0 0 1 0 0 1 0 0 1 0 0 1 0 0 1 0 0 1 0 0 1 0 0 1 0 0 1 0 0 1 0 0 1 0 0 1 0 0 1 0 0 1 0 0 1 0 0 1 0 0 1 0 0 1 0 0 1 0 0 1 0 0 1 0 0 1 0 0 1 0 0 1 0 0 1 0 0 1 0 0 1 0 0 1 0 0 1 0 0 1 0 0 1 0 0 1 0 0 1 0 0 1 0 0 1 0 0 1 0 0 1 0 0 1 0 0 1 0 0 1 0 0 1 0 0 1 0 0 1 0 0 1 0 0 1 0 0 1 0 0 1 0 0 1 0 0 1 0 0 1 0 0 1 0 0 1 0 0 1 0 0 1 0 0 1 0 0 1 0 0 1 0 0 1 0 0 1 5.521317e-05 0.5736137 0.8191259 -0.02009699 0.5826435 0.8124793 -0.0660881 0.7008503 0.7102403 -0.02519648 0.6699408 0.7419869 -0.02802631 0.6899227 0.7233403 -0.03059585 0.6978329 0.7156069 -0.03320806 0.7018561 0.7115443 -0.03622912 0.7041446 0.7091318 -0.04018104 0.7053779 0.7076917 -0.04331303 0.7056495 0.707236 -0.04467672 0.7057082 0.7070926 -0.04219521 0.7061198 0.706834 -0.06593037 0.7074984 0.7036329 -0.03876604 0.7070733 0.7060769 -0.03494439 0.7094232 0.703916 -0.02889687 0.728165 0.6847925 -0.02795181 0.7530782 0.657337 -0.03031609 0.8830391 0.4683192 7.611834e-05 0.8906196 0.4547491 -0.03247349 0.7127018 0.700715 -0.03052137 0.7179889 0.6953851 0.03023308 0.8806318 0.4728356 0.06593319 0.7074985 0.7036325 0.02794515 0.753301 0.6570819 0.0289005 0.7281885 0.6847673 0.03053185 0.7179544 0.6954203 0.03248327 0.7127138 0.7007024 0.03496804 0.7093994 0.7039388 0.03876604 0.7070733 0.7060769 0.04219521 0.7061198 0.706834 0.04467672 0.7057082 0.7070926 0.02802444 0.689835 0.723424 0.02520755 0.6700293 0.7419066 0.06609001 0.7008505 0.7102399 0.02011714 0.5831878 0.8120882 0.04331303 0.7056495 0.707236 0.04018104 0.7053779 0.7076917 0.03621877 0.7041386 0.7091382 0.03320646 0.7018675 0.7115331 0.03063418 0.6979054 0.7155345 -0.7062819 -0.04831116 0.7062803 -0.7071073 -7.174453e-07 0.7071063 -0.7005217 -0.09628311 0.707106 -0.6485654 -0.2817134 0.7071071 -0.6808844 -0.1907759 0.7071075 -0.6808847 -0.190775 0.7071074 -0.693125 -0.1440323 0.7062807 -0.7005229 -0.09628295 0.7071049 -0.6041666 -0.3674013 0.7071061 -0.628565 -0.325691 0.70628 -0.6485661 -0.281714 0.7071062 -0.4826397 -0.5167793 0.7071054 -0.5485086 -0.4462502 0.7071061 -0.5485107 -0.4462475 0.7071062 -0.5783565 -0.4082546 0.7062804 -0.6041711 -0.3673959 0.7071051 -0.4077756 -0.5776848 0.7071063 -0.4467656 -0.5491532 0.7062799 -0.4826407 -0.5167796 0.7071045 -0.2820417 -0.649319 0.7062841 -0.3252963 -0.6278368 0.7071091 -0.3253154 -0.6278282 0.707108 -0.3678149 -0.6048773 0.706283 -0.407773 -0.5776861 0.7071067 -0.2820459 -0.6493194 0.7062821 -0.2367954 -0.6662789 0.707107 -0.2368 -0.6662772 0.7071071 -0.1438636 -0.6923162 0.7071079 -0.1438634 -0.6923161 0.707108 -0.04825467 -0.7054575 0.7071076 -0.04825537 -0.7054579 0.7071072 0 -0.707931 0.7062816 0.04825417 -0.705458 0.7071072 0.04825401 -0.7054579 0.7071072 0.09640729 -0.7013348 0.7062826 0.1438647 -0.6923162 0.7071076 0.1438768 -0.6923129 0.7071084 0.1909953 -0.6816793 0.7062819 0.2367944 -0.6662792 0.707107 0.236794 -0.6662792 0.7071073 0.3253161 -0.6278278 0.707108 0.3253136 -0.6278279 0.7071091 0.3678281 -0.6048697 0.7062826 0.4077753 -0.5776844 0.7071068 0.4077719 -0.5776868 0.7071067 0.4467648 -0.5491534 0.7062802 0.4826391 -0.5167792 0.7071059 0.4826793 -0.5167436 0.7071045 0.5174197 -0.4831645 0.7062782 0.5485109 -0.446247 0.7071064 0.5485036 -0.4462552 0.7071069 0.5783521 -0.4082599 0.7062809 0.6041665 -0.3674028 0.7071054 0.6041668 -0.3674029 0.7071051 0.6285665 -0.3256877 0.7062801 0.6485667 -0.2817131 0.7071061 0.648571 -0.2817029 0.7071062 0.6670558 -0.2370721 0.7062814 0.6808844 -0.1907737 0.7071081 0.6808851 -0.1907714 0.707108 0.6931248 -0.1440305 0.7062812 0.7005214 -0.09628476 0.707106 0.7005217 -0.09628722 0.7071054 0.7071073 6.870801e-07 0.7071062 0.7071074 8.2348e-07 0.7071062 0.7005219 0.09628315 0.7071058 0.7005227 0.09628414 0.7071049 0.680885 0.1907752 0.7071071 0.693123 0.1440375 0.7062816 0.6931259 0.1440301 0.7062802 0.6485654 0.2817134 0.7071071 0.6670551 0.237073 0.7062817 0.6808815 0.1907842 0.707108 0.5485118 0.4462471 0.7071056 0.6041702 0.3673965 0.7071055 0.6041665 0.3674013 0.7071061 0.628565 0.325691 0.70628 0.6485663 0.2817135 0.7071062 0.4826395 0.5167802 0.7071049 0.5173852 0.4831989 0.7062799 0.5485122 0.4462446 0.7071069 0.3253153 0.6278281 0.707108 0.4077721 0.5776859 0.7071074 0.4077759 0.5776848 0.7071061 0.4467656 0.5491532 0.7062799 0.4826395 0.5167808 0.7071045 0.2367957 0.666279 0.7071068 0.2820454 0.64932 0.7062818 0.3253146 0.6278273 0.7071091 0.14385 0.6923189 0.707108 0.1438633 0.6923168 0.7071073 0.1909845 0.6816823 0.7062819 0.2368017 0.6662772 0.7071065 -0.09640729 0.7013348 0.7062826 -0.1438646 0.6923164 0.7071075 -0.3253161 0.6278278 0.707108 -0.2367915 0.6662801 0.7071073 -0.2367946 0.6662793 0.707107 -0.1909927 0.6816804 0.7062815 -0.1438765 0.692313 0.7071084 -0.5485118 0.4462468 0.7071058 -0.4826387 0.5167805 0.7071052 -0.4826388 0.5167805 0.7071051 -0.4077743 0.577686 0.707106 -0.4077753 0.5776839 0.7071072 -0.3678281 0.6048697 0.7062826 -0.3253136 0.6278279 0.7071091 -0.6041664 0.3674025 0.7071056 -0.5783521 0.4082599 0.7062809 -0.5485047 0.4462538 0.7071069 -0.6485663 0.2817132 0.7071064 -0.6285638 0.3256937 0.7062798 -0.6041675 0.3674017 0.7071051 -0.7071068 -1.956748e-06 0.7071068 -0.700522 0.09628484 0.7071054 -0.7005219 0.09628446 0.7071056 -0.680885 0.1907747 0.7071072 -0.6808846 0.1907741 0.7071078 -0.6670558 0.2370721 0.7062814 -0.6485676 0.2817106 0.7071062 0 0 -1 0 0 -1 0 0 -1 0 0 -1 0 0 -1 0 0 -1 0 0 -1 0 0 -1 0 0 -1 0 0 -1 0 0 -1 0 0 -1 0 0 -1 0 0 -1 0 0 -1 0 0 -1 0 0 -1 0 0 -1 0 0 -1 0 0 -1 0 0 -1 0 0 -1 0 0 -1 0 0 -1 0 0 -1 0 0 -1 0 0 -1 0 0 -1 0 0 -1 0 0 -1 0 0 -1 0 0 -1 0 0 -1 0 0 -1 0 0 -1 0 0 -1 0 0 -1 0 0 -1 0 0 -1 0 0 -1 0 0 -1 0 0 -1 0 0 -1 0 0 -1 0 0 -1 0 0 -1 0 0 -1 0 0 -1 0 0 -1 0 0 -1 0 0 -1 0.6862593 -0.727357 1.004015e-06 0.5971839 -0.8021043 0 0.5971624 -0.8021203 1.748276e-07 0.5001189 -0.8659567 3.004957e-08 0.3960763 -0.9182176 2.080367e-07 0.396204 -0.9181625 0 0.1736439 -0.9848085 0 0.1736439 -0.9848085 0 -0.05814163 -0.9983083 3.293938e-07 -0.05814539 -0.9983081 0 -0.1736413 -0.984809 5.091101e-08 -0.2867981 -0.957991 1.172485e-06 -0.2868008 -0.9579903 0 -0.3960676 -0.9182214 1.399118e-07 -0.5000024 -0.866024 9.236468e-07 -0.4999891 -0.8660317 0 -0.6862427 -0.7273727 -1.094786e-06 -0.6862323 -0.7273824 0 -0.7660361 -0.6427975 -1.679229e-07 -0.8354854 -0.5495126 -1.037479e-06 -0.835489 -0.5495071 0 -0.9396911 -0.3420244 0 -0.9396911 -0.3420244 0 -0.9932381 -0.116095 0 -0.9932381 -0.116095 0 -0.9932381 0.116095 0 -0.9932381 0.116095 0 -0.9396911 0.3420244 0 -0.9396911 0.3420244 0 -0.835485 0.5495132 0 -0.835485 0.5495132 0 -0.6862434 0.727372 -3.096942e-07 -0.6862457 0.7273698 0 -0.5971671 0.8021169 -4.820605e-08 -0.5000027 0.8660238 -3.016481e-07 -0.5000008 0.8660249 0 -0.2867977 0.9579912 0 -0.2864068 0.9581081 9.540284e-05 -0.05814233 0.9983083 -1.241754e-06 -0.1731047 0.9849034 0.0001268403 -0.05816153 0.9983072 0 0.05813619 0.9983087 -2.094506e-07 0.1736448 0.9848083 -1.301453e-06 0.1736535 0.9848068 0 0.3960763 0.9182176 2.206816e-07 0.3960774 0.9182171 0 0.4999966 0.8660274 3.615333e-08 0.597162 0.8021207 -5.52895e-07 0.5971553 0.8021256 0 0.6862635 0.727353 -1.311545e-07 0.7660449 0.6427871 -8.820282e-07 0.7660598 0.6427693 0 0.8354819 0.5495179 -1.224557e-10 0.8936325 0.4487995 -7.388603e-10 0.8936325 0.4487995 0 0.9730453 0.2306142 0 0.9730453 0.2306142 0 1 1.245304e-16 0 1 1.245304e-16 0 0.9730453 -0.2306142 0 0.9730453 -0.2306142 0 0.8936325 -0.4487995 0 0.8936325 -0.4487995 0 0.7660445 -0.6427875 0 0.7660459 -0.6427858 -5.21573e-07 0.6862423 -0.727373 2.829767e-07 -0.2588311 -0.9659222 0.0008515378 -0.5000051 -0.8660221 0.0008439665 -0.3968294 -0.9178924 6.794345e-06 -0.7072652 0.7069482 0.0003637051 -0.8334894 0.5525354 0 -0.8660204 0.5000086 0 -0.9470633 0.3210468 0 -0.965926 0.2588184 0 -0.9978787 0.06510048 0 -1 -7.307109e-16 0 -0.980183 -0.1980944 0 -0.965926 -0.2588184 0 -0.8929313 -0.450193 0 -0.8660204 -0.5000086 0 -0.7550405 -0.6556782 0 -0.7072906 -0.7069228 0.0004196621 -0.6269165 -0.7790865 6.686354e-06 -0.5167765 -0.8561203 0 -0.5 0.8660251 0.0007229381 -0.590769 0.8068408 5.256992e-06 -0.701718 0.7124548 0 -0.2588281 0.9659231 0.0007164698 -0.3688525 0.929488 5.191917e-06 -0.4833692 0.8754166 0 -2.825574e-07 0.9999997 0.0007147784 -0.1253601 0.9921113 5.17503e-06 -0.2486855 0.9685843 0 0.258828 0.9659232 0.0007174305 0.1250292 0.9921531 5.181594e-06 -0.0001999903 1 -1.480228e-20 0.5002006 0.8659095 0.0003651198 0.3687767 0.929518 5.199298e-06 0.2484773 0.9686377 0 0.7007439 0.7134121 0.001040723 0.5907477 0.8068562 0.0004704096 0.4833411 0.8754321 0 0.7071018 0.7071117 0 0.8660204 0.5000086 0 0.8334894 0.5525354 0 0.965926 0.2588184 0 0.9470633 0.3210468 0 1 6.772443e-16 0 0.9978787 0.06510048 0 0.965926 -0.2588184 0 0.980183 -0.1980944 0 0.8660204 -0.5000086 0 0.8929313 -0.450193 0 0.7071019 -0.7071117 6.936516e-06 0.7549714 -0.6557578 0 0.5000026 -0.8660239 7.088198e-06 0.2588295 -0.965923 7.169487e-06 0.2695935 -0.9629737 0.0009416036 0.3962708 -0.9181334 0.0006605416 0.5174545 -0.8557101 0.001026655 0.6265108 -0.7794125 0.0005555007 -0.2691443 -0.9630999 0 -0.1360933 -0.990696 6.843521e-06 0.0002718822 -0.9999999 0.0004271322 0.000272079 -0.9999996 0.0008388905 0.1351463 -0.9908253 0.000795414</float_array>
          <technique_common>
            <accessor count="3255" source="#normals-array-array" stride="3">
              <param type="float" name="X"/>
              <param type="float" name="Y"/>
              <param type="float" name="Z"/>
            </accessor>
          </technique_common>
        </source>
        <vertices id="verts-array-vertices">
          <input semantic="POSITION" source="#verts-array"/>
        </vertices>
        <triangles count="3110" material="material0">
          <input offset="0" semantic="VERTEX" source="#verts-array-vertices"/>
          <input offset="1" semantic="NORMAL" source="#normals-array"/>
          <p>0 0 1 1 2 2 3 3 2 2 1 1 2 2 3 3 4 4 5 5 4 4 3 3 4 4 5 5 6 6 7 7 6 6 5 5 6 6 7 7 8 8 9 9 8 8 7 7 8 8 9 9 10 10 11 11 10 10 9 9 10 10 11 11 12 12 13 13 12 12 11 11 12 12 13 13 14 14 15 15 14 14 13 13 14 14 15 15 16 16 17 17 16 16 15 15 16 16 17 17 18 18 19 19 18 18 17 17 18 18 19 19 20 20 21 21 20 20 19 19 20 20 21 21 22 22 23 23 22 22 21 21 22 22 23 23 24 24 25 25 24 24 23 23 24 24 25 25 26 26 27 27 26 26 25 25 26 26 27 27 28 28 29 29 28 28 27 27 28 28 29 29 30 30 31 31 30 30 29 29 30 30 31 31 32 32 33 33 32 32 31 31 32 32 33 33 34 34 35 35 34 34 33 33 34 34 35 35 36 36 37 37 36 36 35 35 36 36 37 37 38 38 39 39 38 38 37 37 38 38 39 39 40 40 41 41 40 40 39 39 40 40 41 41 42 42 43 43 42 42 41 41 42 42 43 43 44 44 45 45 44 44 43 43 44 44 45 45 46 46 47 47 46 46 45 45 46 46 47 47 0 0 1 1 0 0 47 47 48 48 49 49 50 50 51 51 50 50 49 49 52 52 53 53 54 54 55 55 56 56 57 57 58 58 59 59 60 60 61 61 62 62 63 63 64 64 65 65 66 66 67 67 68 68 69 69 70 70 71 71 57 57 71 71 72 72 57 57 73 73 57 57 72 72 57 57 73 73 74 74 75 75 76 76 77 77 57 57 77 77 76 76 77 77 57 57 78 78 74 74 78 78 57 57 79 79 80 80 81 81 75 75 82 82 76 76 83 83 76 76 82 82 76 76 83 83 84 84 85 85 86 86 87 87 88 88 87 87 86 86 87 87 88 88 89 89 90 90 89 89 88 88 89 89 90 90 91 91 92 92 91 91 90 90 91 91 92 92 93 93 94 94 93 93 92 92 93 93 94 94 95 95 96 96 95 95 94 94 95 95 96 96 79 79 97 97 79 79 96 96 79 79 97 97 80 80 84 84 98 98 76 76 99 99 76 76 98 98 76 76 99 99 87 87 100 100 87 87 99 99 87 87 100 100 85 85 101 101 102 102 103 103 104 104 105 105 106 106 107 107 108 108 109 109 110 110 109 109 108 108 109 109 110 110 111 111 112 112 111 111 110 110 111 111 112 112 102 102 113 113 102 102 112 112 102 102 113 113 103 103 81 81 70 70 79 79 57 57 79 79 70 70 79 79 57 57 114 114 104 104 114 114 57 57 114 114 104 104 109 109 106 106 109 109 104 104 109 109 106 106 107 107 103 103 115 115 101 101 116 116 101 101 115 115 101 101 116 116 117 117 118 118 117 117 116 116 117 117 118 118 119 119 120 120 119 119 118 118 121 121 122 122 123 123 120 120 121 121 119 119 123 123 119 119 121 121 119 119 123 123 124 124 125 125 124 124 123 123 126 126 127 127 128 128 129 129 128 128 127 127 128 128 129 129 123 123 130 130 123 123 129 129 123 123 130 130 125 125 131 131 132 132 133 133 134 134 135 135 132 132 136 136 132 132 135 135 132 132 136 136 133 133 137 137 138 138 139 139 140 140 139 139 138 138 139 139 140 140 141 141 142 142 143 143 144 144 69 69 68 68 145 145 64 64 145 145 68 68 145 145 64 64 146 146 66 66 146 146 64 64 146 146 66 66 147 147 148 148 149 149 150 150 151 151 150 150 149 149 150 150 151 151 66 66 152 152 66 66 151 151 66 66 152 152 147 147 63 63 62 62 153 153 154 154 153 153 62 62 153 153 154 154 148 148 155 155 156 156 157 157 158 158 157 157 156 156 157 157 158 158 63 63 159 159 63 63 158 158 63 63 159 159 61 61 160 160 161 161 162 162 160 160 162 162 157 157 163 163 157 157 162 162 157 157 163 163 155 155 164 164 165 165 160 160 166 166 160 160 165 165 160 160 166 166 161 161 167 167 168 168 169 169 170 170 169 169 168 168 170 170 171 171 169 169 172 172 169 169 171 171 169 169 172 172 173 173 174 174 173 173 172 172 173 173 174 174 175 175 174 174 176 176 175 175 177 177 175 175 176 176 175 175 177 177 178 178 179 179 178 178 177 177 178 178 179 179 180 180 181 181 180 180 179 179 180 180 181 181 182 182 183 183 184 184 185 185 181 181 186 186 182 182 187 187 182 182 186 186 182 182 187 187 188 188 189 189 188 188 187 187 188 188 189 189 190 190 191 191 190 190 189 189 190 190 191 191 192 192 193 193 192 192 191 191 192 192 193 193 194 194 195 195 194 194 193 193 194 194 195 195 184 184 196 196 184 184 195 195 184 184 196 196 185 185 197 197 198 198 184 184 184 184 198 198 199 199 200 200 199 199 198 198 199 199 200 200 201 201 202 202 203 203 183 183 204 204 183 183 203 203 183 183 204 204 184 184 205 205 184 184 204 204 184 184 205 205 197 197 200 200 206 206 201 201 207 207 201 201 206 206 201 201 207 207 208 208 209 209 208 208 207 207 208 208 209 209 210 210 211 211 212 212 213 213 214 214 213 213 212 212 213 213 214 214 183 183 215 215 183 183 214 214 183 183 215 215 202 202 216 216 217 217 54 54 218 218 54 54 217 217 54 54 218 218 219 219 219 219 220 220 54 54 221 221 54 54 220 220 54 54 221 221 213 213 222 222 213 213 221 221 213 213 222 222 211 211 209 209 223 223 210 210 224 224 210 210 223 223 210 210 224 224 225 225 226 226 225 225 224 224 225 225 226 226 227 227 228 228 227 227 226 226 227 227 228 228 229 229 54 54 230 230 231 231 231 231 232 232 54 54 227 227 54 54 232 232 54 54 227 227 216 216 229 229 216 216 227 227 233 233 234 234 235 235 232 232 236 236 227 227 233 233 227 227 236 236 227 227 233 233 237 237 235 235 237 237 233 233 238 238 239 239 240 240 241 241 240 240 239 239 240 240 241 241 242 242 235 235 242 242 241 241 242 242 235 235 243 243 234 234 243 243 235 235 238 238 244 244 239 239 245 245 239 239 244 244 239 239 245 245 246 246 247 247 246 246 245 245 246 246 247 247 248 248 249 249 248 248 247 247 248 248 249 249 250 250 251 251 250 250 249 249 250 250 251 251 252 252 251 251 253 253 252 252 254 254 252 252 253 253 252 252 254 254 255 255 256 256 255 255 254 254 255 255 256 256 257 257 258 258 257 257 256 256 257 257 258 258 59 59 259 259 59 59 258 258 59 59 259 259 60 60 260 260 60 60 259 259 60 60 260 260 261 261 169 169 165 165 167 167 164 164 167 167 165 165 167 167 164 164 262 262 263 263 262 262 164 164 264 264 265 265 266 266 267 267 266 266 265 265 266 266 267 267 164 164 268 268 164 164 267 267 164 164 268 268 263 263 269 269 270 270 271 271 271 271 272 272 269 269 273 273 269 269 272 272 269 269 273 273 274 274 275 275 274 274 273 273 185 185 276 276 183 183 277 277 183 183 276 276 183 183 277 277 278 278 275 275 273 273 279 279 280 280 279 279 273 273 279 279 280 280 281 281 282 282 283 283 157 157 284 284 157 157 283 283 157 157 284 284 160 160 285 285 160 160 284 284 160 160 285 285 286 286 286 286 287 287 160 160 288 288 160 160 287 287 160 160 288 288 164 164 289 289 164 164 288 288 164 164 289 289 290 290 291 291 292 292 63 63 293 293 63 63 292 292 63 63 293 293 157 157 294 294 157 157 293 293 157 157 294 294 282 282 295 295 296 296 153 153 297 297 153 153 296 296 153 153 297 297 63 63 298 298 63 63 297 297 63 63 298 298 291 291 299 299 300 300 301 301 302 302 301 301 300 300 301 301 302 302 303 303 304 304 303 303 302 302 303 303 304 304 153 153 305 305 153 153 304 304 153 153 305 305 295 295 290 290 306 306 164 164 307 307 164 164 306 306 164 164 307 307 266 266 308 308 266 266 307 307 308 308 309 309 266 266 310 310 266 266 309 309 266 266 310 310 301 301 311 311 301 301 310 310 301 301 311 311 299 299 150 150 312 312 313 313 148 148 150 150 153 153 313 313 153 153 150 150 153 153 313 313 314 314 65 65 315 315 66 66 316 316 66 66 315 315 66 66 316 316 150 150 317 317 150 150 316 316 150 150 317 317 312 312 318 318 319 319 320 320 321 321 320 320 319 319 320 320 321 321 142 142 322 322 142 142 321 321 142 142 322 322 143 143 323 323 143 143 322 322 143 143 323 323 324 324 325 325 324 324 323 323 324 324 325 325 69 69 326 326 69 69 325 325 69 69 326 326 67 67 327 327 328 328 329 329 330 330 329 329 328 328 329 329 330 330 320 320 331 331 320 320 330 330 320 320 331 331 318 318 332 332 333 333 303 303 314 314 334 334 153 153 335 335 153 153 334 334 153 153 335 335 303 303 336 336 303 303 335 335 303 303 336 336 332 332 337 337 338 338 339 339 340 340 339 339 338 338 339 339 340 340 341 341 342 342 341 341 340 340 341 341 342 342 343 343 344 344 343 343 342 342 345 345 346 346 132 132 139 139 132 132 346 346 132 132 139 139 134 134 141 141 134 134 139 139 346 346 347 347 139 139 348 348 139 139 347 347 139 139 348 348 349 349 350 350 351 351 132 132 352 352 132 132 351 351 132 132 352 352 345 345 349 349 353 353 139 139 354 354 139 139 353 353 139 139 354 354 355 355 356 356 355 355 354 354 355 355 356 356 357 357 358 358 359 359 131 131 360 360 131 131 359 359 131 131 360 360 132 132 361 361 132 132 360 360 132 132 361 361 350 350 357 357 362 362 355 355 363 363 355 355 362 362 355 355 363 363 364 364 365 365 364 364 363 363 364 364 365 365 366 366 367 367 368 368 369 369 364 364 369 369 368 368 369 369 364 364 370 370 366 366 370 370 364 364 367 367 371 371 368 368 372 372 368 368 371 371 368 368 372 372 131 131 373 373 131 131 372 372 131 131 373 373 358 358 374 374 128 128 375 375 123 123 375 375 128 128 375 375 123 123 376 376 122 122 376 376 123 123 377 377 378 378 379 379 380 380 381 381 104 104 382 382 104 104 381 381 104 104 382 382 105 105 374 374 383 383 128 128 384 384 128 128 383 383 128 128 384 384 379 379 385 385 379 379 384 384 379 379 385 385 377 377 386 386 387 387 388 388 389 389 388 388 387 387 388 388 389 389 380 380 390 390 380 380 389 389 380 380 390 390 381 381 230 230 54 54 391 391 53 53 391 391 54 54 391 391 53 53 392 392 53 53 393 393 392 392 394 394 392 392 393 393 392 392 394 394 395 395 396 396 395 395 394 394 395 395 396 396 397 397 398 398 397 397 396 396 261 261 399 399 60 60 400 400 60 60 399 399 60 60 400 400 396 396 401 401 396 396 400 400 396 396 401 401 398 398 402 402 403 403 368 368 404 404 368 368 403 403 404 404 405 405 368 368 406 406 368 368 405 405 368 368 406 406 364 364 407 407 364 364 406 406 364 364 407 407 408 408 409 409 379 379 388 388 378 378 388 388 379 379 388 388 378 378 386 386 57 57 56 56 104 104 410 410 104 104 56 56 104 104 410 410 380 380 411 411 412 412 76 76 413 413 76 76 412 412 413 413 414 414 76 76 415 415 76 76 414 414 76 76 415 415 57 57 416 416 57 57 415 415 57 57 416 416 55 55 87 87 58 58 76 76 60 60 76 76 58 58 76 76 60 60 411 411 396 396 411 411 60 60 411 411 396 396 417 417 394 394 417 417 396 396 418 418 419 419 213 213 420 420 213 213 419 419 213 213 420 420 54 54 421 421 54 54 420 420 54 54 421 421 52 52 418 418 213 213 422 422 183 183 422 422 213 213 422 422 183 183 281 281 278 278 281 281 183 183 281 281 278 278 279 279 270 270 264 264 271 271 266 266 271 271 264 264 271 271 266 266 423 423 424 424 423 423 266 266 425 425 426 426 301 301 427 427 301 301 426 426 301 301 427 427 266 266 428 428 266 266 427 427 266 266 428 428 424 424 425 425 301 301 429 429 303 303 429 429 301 301 429 429 303 303 337 337 333 333 337 337 303 303 337 337 333 333 338 338 344 344 327 327 343 343 329 329 343 343 327 327 343 343 329 329 430 430 431 431 430 430 329 329 409 409 402 402 379 379 368 368 379 379 402 402 379 379 368 368 128 128 131 131 128 128 368 368 128 128 131 131 126 126 133 133 126 126 131 131 408 408 431 431 364 364 329 329 364 364 431 431 364 364 329 329 355 355 320 320 355 355 329 329 355 355 320 320 139 139 142 142 139 139 320 320 139 139 142 142 137 137 144 144 137 137 142 142 432 432 433 433 434 434 435 435 434 434 433 433 436 436 437 437 438 438 439 439 438 438 437 437 438 438 439 439 440 440 441 441 442 442 443 443 444 444 443 443 442 442 445 445 446 446 447 447 448 448 447 447 446 446 449 449 450 450 451 451 452 452 451 451 450 450 453 453 454 454 455 455 456 456 455 455 454 454 457 457 458 458 459 459 460 460 459 459 458 458 461 461 462 462 463 463 464 464 463 463 462 462 465 465 466 466 467 467 468 468 467 467 466 466 469 469 470 470 471 471 472 472 471 471 470 470 473 473 474 474 475 475 476 476 475 475 474 474 477 477 478 478 479 479 480 480 479 479 478 478 481 481 482 482 483 483 484 484 483 483 482 482 485 485 486 486 487 487 488 488 487 487 486 486 487 487 488 488 489 489 490 490 491 491 492 492 493 493 492 492 491 491 492 492 493 493 494 494 495 495 496 496 497 497 498 498 497 497 496 496 499 499 500 500 501 501 502 502 501 501 500 500 503 503 504 504 505 505 506 506 505 505 504 504 505 505 506 506 507 507 508 508 509 509 510 510 511 511 510 510 509 509 512 512 513 513 514 514 515 515 514 514 513 513 514 514 515 515 516 516 517 517 518 518 519 519 520 520 519 519 518 518 521 521 522 522 523 523 524 524 525 525 526 526 527 527 528 528 529 529 530 530 531 531 532 532 533 533 534 534 535 535 536 536 537 537 538 538 539 539 540 540 541 541 542 542 543 543 544 544 545 545 546 546 547 547 548 548 549 549 550 550 551 551 550 550 549 549 552 552 553 553 554 554 555 555 554 554 553 553 554 554 555 555 556 556 557 557 556 556 555 555 558 558 550 550 559 559 551 551 559 559 550 550 559 559 551 551 555 555 560 560 555 555 551 551 555 555 560 560 557 557 550 550 547 547 548 548 546 546 548 548 547 547 548 548 546 546 561 561 546 546 562 562 561 561 563 563 561 561 562 562 561 561 563 563 564 564 565 565 564 564 563 563 564 564 565 565 566 566 567 567 566 566 565 565 566 566 567 567 568 568 569 569 568 568 567 567 568 568 569 569 570 570 571 571 545 545 572 572 573 573 574 574 575 575 576 576 575 575 574 574 575 575 576 576 577 577 578 578 579 579 580 580 577 577 581 581 575 575 582 582 575 575 581 581 575 575 582 582 580 580 575 575 583 583 584 584 585 585 586 586 575 575 587 587 575 575 586 586 575 575 587 587 588 588 589 589 588 588 587 587 588 588 589 589 590 590 590 590 591 591 588 588 592 592 588 588 591 591 588 588 592 592 593 593 594 594 593 593 592 592 584 584 595 595 575 575 596 596 575 575 595 595 575 575 596 596 585 585 597 597 598 598 599 599 600 600 599 599 598 598 599 599 600 600 601 601 602 602 601 601 600 600 601 601 602 602 603 603 572 572 601 601 571 571 603 603 571 571 601 601 571 571 603 603 580 580 604 604 580 580 603 603 580 580 604 604 578 578 579 579 605 605 580 580 606 606 580 580 605 605 580 580 606 606 575 575 607 607 575 575 606 606 575 575 607 607 583 583 594 594 592 592 608 608 609 609 608 608 592 592 608 608 609 609 610 610 611 611 610 610 609 609 610 610 611 611 597 597 612 612 597 597 611 611 597 597 612 612 598 598 613 613 614 614 615 615 613 613 615 615 588 588 616 616 575 575 617 617 588 588 617 617 575 575 617 617 588 588 618 618 615 615 618 618 588 588 618 618 615 615 619 619 616 616 617 617 620 620 621 621 620 620 617 617 620 620 621 621 622 622 623 623 624 624 625 625 626 626 627 627 628 628 628 628 629 629 626 626 630 630 626 626 629 629 626 626 630 630 625 625 631 631 625 625 630 630 625 625 631 631 623 623 632 632 633 633 626 626 634 634 635 635 636 636 637 637 636 636 635 635 636 636 637 637 638 638 639 639 638 638 637 637 640 640 641 641 627 627 642 642 627 627 641 641 627 627 642 642 643 643 626 626 633 633 627 627 644 644 627 627 633 633 627 627 644 644 640 640 626 626 645 645 646 646 647 647 648 648 649 649 650 650 649 649 648 648 649 649 650 650 651 651 652 652 651 651 650 650 651 651 652 652 653 653 646 646 654 654 626 626 655 655 626 626 654 654 626 626 655 655 632 632 656 656 632 632 655 655 632 632 656 656 657 657 658 658 657 657 656 656 657 657 658 658 659 659 639 639 659 659 658 658 659 659 639 639 660 660 637 637 660 660 639 639 654 654 661 661 655 655 662 662 655 655 661 661 655 655 662 662 649 649 663 663 649 649 662 662 649 649 663 663 647 647 653 653 664 664 651 651 665 665 651 651 664 664 651 651 665 665 666 666 667 667 666 666 665 665 668 668 669 669 670 670 671 671 670 670 669 669 670 670 671 671 665 665 672 672 665 665 671 671 665 665 672 672 667 667 673 673 674 674 675 675 676 676 675 675 674 674 675 675 676 676 677 677 678 678 677 677 676 676 677 677 678 678 679 679 680 680 679 679 678 678 647 647 681 681 648 648 682 682 648 648 681 681 648 648 682 682 678 678 683 683 678 678 682 682 678 678 683 683 680 680 684 684 685 685 674 674 686 686 674 674 685 685 686 686 687 687 674 674 688 688 674 674 687 687 674 674 688 688 676 676 689 689 690 690 679 679 691 691 679 679 690 690 679 679 692 692 689 689 693 693 689 689 692 692 689 689 693 693 694 694 691 691 695 695 679 679 696 696 679 679 695 695 679 679 696 696 677 677 694 694 697 697 698 698 699 699 698 698 697 697 698 698 699 699 700 700 701 701 702 702 703 703 704 704 705 705 706 706 701 701 703 703 707 707 708 708 709 709 710 710 711 711 710 710 709 709 710 710 711 711 712 712 713 713 714 714 703 703 715 715 703 703 714 714 703 703 715 715 698 698 716 716 698 698 715 715 698 698 716 716 717 717 717 717 718 718 698 698 719 719 698 698 718 718 698 698 719 719 720 720 721 721 722 722 702 702 723 723 724 724 703 703 725 725 703 703 724 724 703 703 725 725 713 713 694 694 698 698 689 689 720 720 689 689 698 698 689 689 720 720 710 710 726 726 710 710 720 720 710 710 726 726 708 708 727 727 728 728 729 729 730 730 729 729 728 728 729 729 730 730 712 712 731 731 712 712 730 730 712 712 731 731 710 710 704 704 706 706 732 732 733 733 732 732 706 706 732 732 733 733 734 734 735 735 727 727 705 705 729 729 705 705 727 727 705 705 729 729 706 706 736 736 706 706 729 729 706 706 736 736 702 702 737 737 702 702 736 736 702 702 737 737 721 721 722 722 738 738 702 702 739 739 702 702 738 738 702 702 739 739 703 703 740 740 703 703 739 739 703 703 740 740 723 723 741 741 742 742 703 703 742 742 543 543 703 703 743 743 703 703 543 543 703 703 743 743 707 707 744 744 544 544 745 745 543 543 745 745 544 544 745 745 543 543 746 746 742 742 746 746 543 543 747 747 748 748 749 749 542 542 749 749 748 748 749 749 542 542 750 750 544 544 750 750 542 542 751 751 752 752 753 753 753 753 754 754 751 751 755 755 751 751 754 754 751 751 755 755 756 756 703 703 757 757 741 741 758 758 741 741 757 757 741 741 758 758 759 759 759 759 760 760 741 741 761 761 741 741 760 760 741 741 761 761 756 756 762 762 756 756 761 761 756 756 762 762 763 763 763 763 764 764 756 756 765 765 756 756 764 764 756 756 765 765 751 751 751 751 766 766 767 767 768 768 769 769 752 752 770 770 752 752 769 769 752 752 770 770 771 771 772 772 771 771 770 770 771 771 772 772 773 773 766 766 774 774 775 775 767 767 776 776 751 751 777 777 751 751 776 776 751 751 777 777 752 752 778 778 752 752 777 777 752 752 778 778 768 768 775 775 779 779 780 780 766 766 775 775 767 767 780 780 767 767 775 775 767 767 780 780 781 781 782 782 783 783 784 784 785 785 786 786 787 787 782 782 784 784 788 788 789 789 788 788 784 784 788 788 789 789 787 787 790 790 787 787 789 789 787 787 790 790 785 785 780 780 791 791 781 781 792 792 781 781 791 791 781 781 792 792 793 793 794 794 793 793 792 792 793 793 794 794 795 795 796 796 795 795 794 794 795 795 796 796 797 797 798 798 797 797 796 796 797 797 798 798 799 799 775 775 800 800 801 801 785 785 779 779 786 786 775 775 786 786 779 779 786 786 775 775 802 802 801 801 802 802 775 775 800 800 775 775 803 803 804 804 803 803 775 775 803 803 804 804 805 805 806 806 805 805 804 804 805 805 806 806 807 807 808 808 809 809 807 807 810 810 807 807 809 809 810 810 811 811 807 807 812 812 807 807 811 811 807 807 812 812 805 805 813 813 807 807 814 814 806 806 814 814 807 807 814 814 806 806 815 815 816 816 815 815 806 806 529 529 817 817 818 818 819 819 820 820 821 821 822 822 821 821 820 820 817 817 529 529 823 823 528 528 823 823 529 529 823 823 528 528 824 824 539 539 541 541 825 825 824 824 826 826 823 823 827 827 823 823 826 826 823 823 827 827 819 819 828 828 819 819 827 827 819 819 828 828 820 820 829 829 820 820 828 828 820 820 829 829 830 830 825 825 830 830 829 829 830 830 825 825 831 831 541 541 831 831 825 825 831 831 541 541 832 832 833 833 834 834 835 835 836 836 837 837 838 838 833 833 838 838 837 837 838 838 833 833 839 839 835 835 839 839 833 833 840 840 841 841 541 541 842 842 541 541 841 841 541 541 842 842 843 843 836 836 838 838 540 540 844 844 540 540 838 838 540 540 844 844 541 541 845 845 541 541 844 844 541 541 845 845 840 840 846 846 834 834 847 847 833 833 847 847 834 834 847 847 833 833 848 848 849 849 848 848 833 833 848 848 849 849 850 850 846 846 851 851 834 834 852 852 834 834 851 851 834 834 852 852 853 853 854 854 853 853 852 852 853 853 854 854 855 855 856 856 855 855 854 854 855 855 856 856 857 857 850 850 849 849 858 858 859 859 858 858 849 849 858 858 859 859 860 860 859 859 861 861 862 862 862 862 863 863 859 859 864 864 859 859 863 863 859 859 864 864 860 860 865 865 866 866 867 867 868 868 867 867 866 866 862 862 869 869 863 863 870 870 863 863 869 869 863 863 870 870 868 868 871 871 868 868 870 870 868 868 871 871 867 867 536 536 538 538 872 872 873 873 874 874 875 875 876 876 875 875 874 874 875 875 876 876 538 538 877 877 538 538 876 876 538 538 877 877 872 872 878 878 879 879 880 880 879 879 881 881 880 880 882 882 880 880 881 881 880 880 882 882 883 883 884 884 883 883 882 882 883 883 884 884 537 537 885 885 537 537 884 884 537 537 885 885 538 538 886 886 887 887 888 888 889 889 888 888 887 887 888 888 889 889 890 890 891 891 890 890 889 889 890 890 891 891 892 892 893 893 894 894 895 895 896 896 895 895 894 894 895 895 896 896 890 890 897 897 898 898 899 899 900 900 899 899 898 898 899 899 900 900 895 895 901 901 895 895 900 900 895 895 901 901 893 893 902 902 903 903 904 904 905 905 906 906 907 907 908 908 907 907 906 906 907 907 908 908 909 909 898 898 910 910 900 900 911 911 900 900 910 910 900 900 911 911 912 912 913 913 912 912 911 911 912 912 913 913 914 914 914 914 915 915 912 912 916 916 912 912 915 915 912 912 916 916 917 917 918 918 919 919 907 907 902 902 904 904 920 920 921 921 920 920 904 904 920 920 921 921 922 922 923 923 922 922 921 921 922 922 923 923 924 924 925 925 924 924 923 923 924 924 925 925 926 926 926 926 925 925 909 909 912 912 909 909 925 925 909 909 912 912 907 907 917 917 907 907 912 912 907 907 917 917 918 918 927 927 534 534 907 907 928 928 907 907 534 534 907 907 928 928 905 905 929 929 535 535 930 930 534 534 930 930 535 535 930 930 534 534 931 931 927 927 931 931 534 534 932 932 933 933 934 934 533 533 934 934 933 933 934 934 533 533 935 935 535 535 935 935 533 533 936 936 937 937 938 938 939 939 938 938 937 937 938 938 939 939 940 940 941 941 942 942 943 943 944 944 943 943 942 942 943 943 944 944 945 945 946 946 945 945 944 944 945 945 946 946 947 947 948 948 947 947 946 946 947 947 948 948 949 949 950 950 949 949 948 948 949 949 950 950 951 951 943 943 940 940 941 941 939 939 941 941 940 940 941 941 939 939 952 952 953 953 952 952 939 939 952 952 953 953 954 954 955 955 954 954 953 953 955 955 956 956 957 957 958 958 957 957 956 956 957 957 958 958 959 959 960 960 959 959 958 958 959 959 960 960 961 961 962 962 961 961 960 960 961 961 962 962 963 963 964 964 965 965 953 953 966 966 953 953 965 965 953 953 966 966 955 955 967 967 955 955 966 966 955 955 967 967 956 956 968 968 969 969 553 553 970 970 553 553 969 969 970 970 971 971 553 553 972 972 553 553 971 971 553 553 972 972 555 555 973 973 974 974 547 547 975 975 547 547 974 974 547 547 975 975 976 976 976 976 977 977 547 547 978 978 547 547 977 977 547 547 978 978 545 545 979 979 545 545 978 978 545 545 979 979 572 572 980 980 981 981 982 982 983 983 982 982 981 981 982 982 983 983 973 973 984 984 973 973 983 983 973 973 984 984 974 974 985 985 986 986 987 987 987 987 988 988 985 985 989 989 985 985 988 988 985 985 989 989 982 982 990 990 982 982 989 989 982 982 990 990 980 980 614 614 991 991 615 615 992 992 615 615 991 991 615 615 992 992 993 993 994 994 993 993 992 992 993 993 994 994 985 985 995 995 985 985 994 994 985 985 995 995 986 986 996 996 997 997 998 998 999 999 998 998 997 997 998 998 999 999 1000 1000 1001 1001 1002 1002 1003 1003 1004 1004 1003 1003 1002 1002 1003 1003 1004 1004 999 999 1005 1005 999 999 1004 1004 999 999 1005 1005 1000 1000 645 645 626 626 1006 1006 625 625 1006 1006 626 626 1006 1006 625 625 1007 1007 996 996 1008 1008 997 997 1009 1009 997 997 1008 1008 997 997 1009 1009 625 625 1010 1010 625 625 1009 1009 625 625 1010 1010 1007 1007 558 558 1011 1011 1012 1012 1012 1012 1013 1013 558 558 1014 1014 558 558 1013 1013 558 558 1014 1014 550 550 1015 1015 550 550 1014 1014 1016 1016 1017 1017 1018 1018 1019 1019 1018 1018 1017 1017 1018 1018 1019 1019 558 558 1020 1020 558 558 1019 1019 558 558 1020 1020 1011 1011 1021 1021 1022 1022 1023 1023 1024 1024 1023 1023 1022 1022 1023 1023 1024 1024 1025 1025 1026 1026 1025 1025 1024 1024 1026 1026 1027 1027 1025 1025 1028 1028 1025 1025 1027 1027 1025 1025 1028 1028 1018 1018 1029 1029 1018 1018 1028 1028 1018 1018 1029 1029 1016 1016 1030 1030 1031 1031 1032 1032 1033 1033 1032 1032 1031 1031 1032 1032 1033 1033 1023 1023 1034 1034 1023 1023 1033 1033 1023 1023 1034 1034 1021 1021 1015 1015 1035 1035 550 550 1036 1036 550 550 1035 1035 550 550 1036 1036 547 547 1037 1037 547 547 1036 1036 1030 1030 973 973 1038 1038 1039 1039 1038 1038 973 973 1037 1037 1040 1040 547 547 1041 1041 547 547 1040 1040 547 547 1041 1041 973 973 1042 1042 973 973 1041 1041 973 973 1042 1042 1039 1039 531 531 1043 1043 532 532 1044 1044 532 532 1043 1043 532 532 1044 1044 899 899 1045 1045 899 899 1044 1044 899 899 1045 1045 897 897 1046 1046 1047 1047 523 523 1048 1048 523 523 1047 1047 523 523 1048 1048 1049 1049 1048 1048 1050 1050 1049 1049 1051 1051 1049 1049 1050 1050 1049 1049 1051 1051 530 530 1052 1052 1053 1053 1054 1054 1055 1055 1054 1054 1053 1053 1054 1054 1055 1055 523 523 1056 1056 523 523 1055 1055 523 523 1056 1056 1046 1046 919 919 1057 1057 907 907 1058 1058 907 907 1057 1057 907 907 1058 1058 1054 1054 1059 1059 1054 1054 1058 1058 1054 1054 1059 1059 1052 1052 1060 1060 1061 1061 895 895 1062 1062 1060 1060 880 880 895 895 880 880 1060 1060 880 880 895 895 878 878 890 890 878 878 895 895 878 878 890 890 1063 1063 892 892 1063 1063 890 890 1064 1064 1065 1065 1066 1066 1067 1067 1066 1066 1065 1065 1066 1066 1067 1067 1068 1068 1067 1067 1069 1069 1068 1068 1070 1070 1068 1068 1069 1069 1068 1068 1070 1070 1071 1071 1072 1072 1073 1073 1074 1074 1075 1075 1074 1074 1073 1073 1074 1074 1075 1075 880 880 1076 1076 880 880 1075 1075 880 880 1076 1076 1062 1062 1071 1071 1077 1077 1068 1068 1078 1078 1068 1068 1077 1077 1068 1068 1078 1078 1074 1074 1079 1079 1074 1074 1078 1078 1074 1074 1079 1079 1072 1072 530 530 532 532 1049 1049 1080 1080 1049 1049 532 532 1049 1049 1080 1080 1081 1081 1081 1081 1082 1082 1049 1049 1083 1083 1049 1049 1082 1082 1049 1049 1083 1083 1066 1066 1084 1084 1066 1066 1083 1083 1066 1066 1084 1084 1064 1064 1085 1085 1086 1086 532 532 1087 1087 532 532 1086 1086 532 532 1087 1087 1080 1080 1061 1061 1088 1088 895 895 1089 1089 895 895 1088 1088 895 895 1089 1089 899 899 1090 1090 899 899 1089 1089 899 899 1090 1090 532 532 1091 1091 532 532 1090 1090 532 532 1091 1091 1085 1085 837 837 1092 1092 833 833 1093 1093 833 833 1092 1092 833 833 1093 1093 1094 1094 1094 1094 1095 1095 1068 1068 1096 1096 1068 1068 1095 1095 1097 1097 1098 1098 1099 1099 1099 1099 1098 1098 529 529 1100 1100 529 529 1098 1098 529 529 1100 1100 527 527 1101 1101 1102 1102 1103 1103 1101 1101 1103 1103 1104 1104 1103 1103 1105 1105 1104 1104 1106 1106 1104 1104 1105 1105 1104 1104 1106 1106 1099 1099 1107 1107 1099 1099 1106 1106 1099 1099 1107 1107 1097 1097 1108 1108 1109 1109 1110 1110 1110 1110 1109 1109 1101 1101 1111 1111 1101 1101 1109 1109 1101 1101 1111 1111 1102 1102 1096 1096 1112 1112 1068 1068 1113 1113 1068 1068 1112 1112 1068 1068 1113 1113 1066 1066 1114 1114 1066 1066 1113 1113 1066 1066 1114 1114 1110 1110 1115 1115 1110 1110 1114 1114 1110 1110 1115 1115 1108 1108 1116 1116 1117 1117 1118 1118 1119 1119 1118 1118 1117 1117 1119 1119 1120 1120 1118 1118 1121 1121 1118 1118 1120 1120 1118 1118 1121 1121 1122 1122 1123 1123 1122 1122 1121 1121 1122 1122 1123 1123 1124 1124 1116 1116 1118 1118 1125 1125 806 806 1125 1125 1118 1118 1125 1125 806 806 1126 1126 804 804 1126 1126 806 806 1126 1126 804 804 1127 1127 774 774 1128 1128 775 775 1129 1129 775 775 1128 1128 775 775 1129 1129 804 804 1130 1130 804 804 1129 1129 804 804 1130 1130 1127 1127 1131 1131 1132 1132 1133 1133 1134 1134 1133 1133 1132 1132 1135 1135 1136 1136 757 757 1137 1137 757 757 1136 1136 757 757 1137 1137 758 758 1138 1138 1139 1139 1003 1003 1138 1138 1003 1003 1140 1140 1139 1139 1141 1141 1003 1003 1142 1142 1003 1003 1141 1141 1003 1003 1142 1142 1143 1143 1144 1144 1143 1143 1142 1142 1145 1145 1146 1146 1147 1147 1148 1148 1147 1147 1146 1146 1149 1149 1150 1150 1151 1151 1152 1152 1151 1151 1150 1150 1151 1151 1152 1152 1153 1153 1147 1147 1153 1153 1152 1152 1153 1153 1147 1147 1154 1154 1148 1148 1154 1154 1147 1147 1155 1155 1156 1156 1032 1032 1157 1157 1032 1032 1156 1156 1032 1032 1157 1157 1145 1145 1158 1158 1145 1145 1157 1157 1145 1145 1158 1158 1146 1146 1155 1155 1032 1032 1159 1159 1023 1023 1159 1159 1032 1032 1159 1159 1023 1023 522 522 1160 1160 1049 1049 1161 1161 1162 1162 1161 1161 1049 1049 521 521 523 523 1163 1163 1160 1160 1164 1164 1049 1049 1165 1165 1049 1049 1164 1164 1049 1049 1165 1165 523 523 1166 1166 523 523 1165 1165 523 523 1166 1166 1163 1163 1162 1162 1049 1049 1167 1167 1066 1066 1167 1167 1049 1049 1167 1167 1066 1066 1168 1168 1110 1110 1168 1168 1066 1066 1168 1168 1110 1110 1169 1169 1169 1169 1110 1110 1170 1170 1101 1101 1170 1170 1110 1110 1170 1170 1101 1101 1171 1171 1172 1172 1173 1173 1104 1104 1174 1174 1104 1104 1173 1173 1104 1104 1174 1174 1101 1101 1175 1175 1101 1101 1174 1174 1101 1101 1175 1175 1171 1171 525 525 1176 1176 526 526 1177 1177 526 526 1176 1176 526 526 1177 1177 1122 1122 937 937 1025 1025 939 939 1018 1018 939 939 1025 1025 939 939 1018 1018 953 953 558 558 953 953 1018 1018 953 953 558 558 964 964 559 559 964 964 558 558 522 522 1023 1023 523 523 1025 1025 523 523 1023 1023 523 523 1025 1025 1054 1054 937 937 1054 1054 1025 1025 1054 1054 937 937 907 907 936 936 907 907 937 937 907 907 936 936 927 927 1094 1094 1068 1068 833 833 1074 1074 833 833 1068 1068 833 833 1074 1074 849 849 880 880 849 849 1074 1074 849 849 880 880 859 859 883 883 859 859 880 880 859 859 883 883 861 861 1030 1030 1032 1032 973 973 1145 1145 973 973 1032 1032 973 973 1145 1145 982 982 1147 1147 982 982 1145 1145 982 982 1147 1147 985 985 1152 1152 985 985 1147 1147 985 985 1152 1152 993 993 818 818 816 816 529 529 806 806 529 529 816 816 529 529 806 806 1099 1099 1118 1118 1099 1099 806 806 1099 1099 1118 1118 1104 1104 1122 1122 1104 1104 1118 1118 1104 1104 1122 1122 1172 1172 1177 1177 1172 1172 1122 1122 1149 1149 1140 1140 1150 1150 1003 1003 1150 1150 1140 1140 1150 1150 1003 1003 1152 1152 999 999 1152 1152 1003 1003 1152 1152 999 999 993 993 997 997 993 993 999 999 993 993 997 997 615 615 625 625 615 615 997 997 615 615 625 625 619 619 624 624 619 619 625 625 1124 1124 1131 1131 1122 1122 1133 1133 1122 1122 1131 1131 1122 1122 1133 1133 526 526 1143 1143 526 526 1133 1133 526 526 1143 1143 524 524 1144 1144 524 524 1143 1143 1134 1134 1135 1135 1133 1133 757 757 1133 1133 1135 1135 1133 1133 757 757 1143 1143 703 703 1143 1143 757 757 1143 1143 703 703 1003 1003 698 698 1003 1003 703 703 1003 1003 698 698 1001 1001 700 700 1001 1001 698 698 1178 1178 1179 1179 1180 1180 1181 1181 1180 1180 1179 1179 1180 1180 1181 1181 1182 1182 1183 1183 1184 1184 1185 1185 1186 1186 1185 1185 1184 1184 1187 1187 1188 1188 1189 1189 1187 1187 1189 1189 1190 1190 1191 1191 1190 1190 1189 1189 1190 1190 1191 1191 1192 1192 1193 1193 1192 1192 1191 1191 1192 1192 1193 1193 1194 1194 1195 1195 1194 1194 1193 1193 1194 1194 1195 1195 1196 1196 1197 1197 1198 1198 1199 1199 1197 1197 1199 1199 1200 1200 1201 1201 1200 1200 1199 1199 1200 1200 1201 1201 1202 1202 1203 1203 1202 1202 1201 1201 1202 1202 1203 1203 1204 1204 1205 1205 1204 1204 1203 1203 1204 1204 1205 1205 1206 1206 1207 1207 1208 1208 1209 1209 1210 1210 1209 1209 1208 1208 1209 1209 1210 1210 1211 1211 1212 1212 1213 1213 1214 1214 1212 1212 1214 1214 1215 1215 1216 1216 1215 1215 1214 1214 1215 1215 1216 1216 1217 1217 1218 1218 1217 1217 1216 1216 1217 1217 1218 1218 1219 1219 1220 1220 1219 1219 1218 1218 1219 1219 1220 1220 1221 1221 1222 1222 1223 1223 1224 1224 1225 1225 1224 1224 1223 1223 1224 1224 1225 1225 1226 1226 1227 1227 1228 1228 1229 1229 1227 1227 1229 1229 1230 1230 1231 1231 1230 1230 1229 1229 1230 1230 1231 1231 1232 1232 1233 1233 1232 1232 1231 1231 1232 1232 1233 1233 1234 1234 1235 1235 1234 1234 1233 1233 1234 1234 1235 1235 1236 1236 1237 1237 1238 1238 1239 1239 1237 1237 1239 1239 1240 1240 1241 1241 1240 1240 1239 1239 1240 1240 1241 1241 1242 1242 1243 1243 1242 1242 1241 1241 1242 1242 1243 1243 1244 1244 1245 1245 1244 1244 1243 1243 1244 1244 1245 1245 1246 1246 1247 1247 1248 1248 1249 1249 1250 1250 1249 1249 1248 1248 1251 1251 1252 1252 1253 1253 1254 1254 1253 1253 1252 1252 1253 1253 1254 1254 1255 1255 1255 1255 1254 1254 1256 1256 1257 1257 1256 1256 1254 1254 1256 1256 1257 1257 1258 1258 1259 1259 1258 1258 1257 1257 1258 1258 1259 1259 1260 1260 1261 1261 1260 1260 1259 1259 1260 1260 1261 1261 1262 1262 1263 1263 1264 1264 1265 1265 1263 1263 1265 1265 1266 1266 1267 1267 1266 1266 1265 1265 1266 1266 1267 1267 1268 1268 1269 1269 1268 1268 1267 1267 1268 1268 1269 1269 1270 1270 1271 1271 1270 1270 1269 1269 1270 1270 1271 1271 1272 1272 1273 1273 1274 1274 1275 1275 1276 1276 1275 1275 1274 1274 1277 1277 1278 1278 1279 1279 1277 1277 1279 1279 1280 1280 1281 1281 1280 1280 1279 1279 1280 1280 1281 1281 1282 1282 1282 1282 1281 1281 1283 1283 1284 1284 1283 1283 1281 1281 1283 1283 1284 1284 1285 1285 1286 1286 1285 1285 1284 1284 1285 1285 1286 1286 1287 1287 1288 1288 1289 1289 1290 1290 1291 1291 1290 1290 1289 1289 1290 1290 1291 1291 1292 1292 1293 1293 1292 1292 1291 1291 1292 1292 1293 1293 1294 1294 1294 1294 1293 1293 1295 1295 1296 1296 1295 1295 1293 1293 1295 1295 1296 1296 1297 1297 1298 1298 1297 1297 1296 1296 1297 1297 1298 1298 1299 1299 1300 1300 1301 1301 1302 1302 1303 1303 1302 1302 1301 1301 1304 1304 1305 1305 1306 1306 1304 1304 1306 1306 1307 1307 1308 1308 1307 1307 1306 1306 1307 1307 1308 1308 1309 1309 1310 1310 1309 1309 1308 1308 1309 1309 1310 1310 1311 1311 1312 1312 1311 1311 1310 1310 1311 1311 1312 1312 1313 1313 1314 1314 1315 1315 1316 1316 1314 1314 1316 1316 1317 1317 1318 1318 1317 1317 1316 1316 1317 1317 1318 1318 1319 1319 1320 1320 1319 1319 1318 1318 1319 1319 1320 1320 1321 1321 1322 1322 1321 1321 1320 1320 1321 1321 1322 1322 1323 1323 1324 1324 1325 1325 1326 1326 1327 1327 1326 1326 1325 1325 1328 1328 1329 1329 1330 1330 1328 1328 1330 1330 1331 1331 1332 1332 1331 1331 1330 1330 1331 1331 1332 1332 1333 1333 1334 1334 1333 1333 1332 1332 1333 1333 1334 1334 1335 1335 1336 1336 1335 1335 1334 1334 1335 1335 1336 1336 1337 1337 1338 1338 1339 1339 1340 1340 1341 1341 1340 1340 1339 1339 1338 1338 1340 1340 1342 1342 1343 1343 1342 1342 1340 1340 1342 1342 1343 1343 1344 1344 1345 1345 1344 1344 1343 1343 1344 1344 1345 1345 1346 1346 1347 1347 1346 1346 1345 1345 1346 1346 1347 1347 1348 1348 1349 1349 1350 1350 1351 1351 1352 1352 1351 1351 1350 1350 1353 1353 1354 1354 1355 1355 1356 1356 1355 1355 1354 1354 1353 1353 1355 1355 1357 1357 1358 1358 1357 1357 1355 1355 1357 1357 1358 1358 1359 1359 1360 1360 1359 1359 1358 1358 1359 1359 1360 1360 1361 1361 1362 1362 1361 1361 1360 1360 1361 1361 1362 1362 1363 1363 1364 1364 1365 1365 1366 1366 1364 1364 1366 1366 1367 1367 1368 1368 1367 1367 1366 1366 1367 1367 1368 1368 1369 1369 1370 1370 1369 1369 1368 1368 1369 1369 1370 1370 1371 1371 1372 1372 1371 1371 1370 1370 1371 1371 1372 1372 1373 1373 1374 1374 1375 1375 1376 1376 1377 1377 1376 1376 1375 1375 1378 1378 1379 1379 1380 1380 1378 1378 1380 1380 1381 1381 1382 1382 1381 1381 1380 1380 1381 1381 1382 1382 1383 1383 1384 1384 1383 1383 1382 1382 1383 1383 1384 1384 1385 1385 1386 1386 1385 1385 1384 1384 1385 1385 1386 1386 1387 1387 1388 1388 1389 1389 1390 1390 1391 1391 1390 1390 1389 1389 1390 1390 1391 1391 1392 1392 1392 1392 1391 1391 1393 1393 1394 1394 1393 1393 1391 1391 1393 1393 1394 1394 1395 1395 1396 1396 1395 1395 1394 1394 1395 1395 1396 1396 1397 1397 1398 1398 1397 1397 1396 1396 1397 1397 1398 1398 1399 1399 1400 1400 1401 1401 1402 1402 1403 1403 1402 1402 1401 1401 1404 1404 1405 1405 1406 1406 1404 1404 1406 1406 1407 1407 1408 1408 1407 1407 1406 1406 1407 1407 1408 1408 1409 1409 1410 1410 1409 1409 1408 1408 1409 1409 1410 1410 1411 1411 1412 1412 1411 1411 1410 1410 1411 1411 1412 1412 1413 1413 1414 1414 1415 1415 1416 1416 1414 1414 1416 1416 1417 1417 1418 1418 1417 1417 1416 1416 1417 1417 1418 1418 1419 1419 1419 1419 1418 1418 1420 1420 1421 1421 1420 1420 1418 1418 1420 1420 1421 1421 1422 1422 1423 1423 1422 1422 1421 1421 1422 1422 1423 1423 1424 1424 1425 1425 1426 1426 1427 1427 1428 1428 1427 1427 1426 1426 1429 1429 1430 1430 1431 1431 1429 1429 1431 1431 1432 1432 1433 1433 1432 1432 1431 1431 1432 1432 1433 1433 1434 1434 1434 1434 1433 1433 1435 1435 1436 1436 1435 1435 1433 1433 1435 1435 1436 1436 1437 1437 1438 1438 1437 1437 1436 1436 1437 1437 1438 1438 1439 1439 1440 1440 1441 1441 1442 1442 1440 1440 1442 1442 1443 1443 1444 1444 1443 1443 1442 1442 1443 1443 1444 1444 1445 1445 1446 1446 1445 1445 1444 1444 1445 1445 1446 1446 1447 1447 1448 1448 1447 1447 1446 1446 1447 1447 1448 1448 1449 1449 1450 1450 1451 1451 1452 1452 1453 1453 1452 1452 1451 1451 1454 1454 1455 1455 1456 1456 1454 1454 1456 1456 1457 1457 1458 1458 1457 1457 1456 1456 1457 1457 1458 1458 1459 1459 1460 1460 1459 1459 1458 1458 1459 1459 1460 1460 1461 1461 1462 1462 1461 1461 1460 1460 1461 1461 1462 1462 1463 1463 1464 1464 1465 1465 1466 1466 1464 1464 1466 1466 1467 1467 1468 1468 1467 1467 1466 1466 1467 1467 1468 1468 1469 1469 1470 1470 1469 1469 1468 1468 1469 1469 1470 1470 1471 1471 1471 1471 1470 1470 1472 1472 1473 1473 1472 1472 1470 1470 1472 1472 1473 1473 1474 1474 1475 1475 1476 1476 1477 1477 1478 1478 1477 1477 1476 1476 1477 1477 1478 1478 1479 1479 1480 1480 1481 1481 1482 1482 1483 1483 1482 1482 1481 1481 1482 1482 1483 1483 1484 1484 1485 1485 1486 1486 1487 1487 1485 1485 1487 1487 1488 1488 1489 1489 1488 1488 1487 1487 1488 1488 1489 1489 1490 1490 1491 1491 1490 1490 1489 1489 1490 1490 1491 1491 1492 1492 1493 1493 1492 1492 1491 1491 1492 1492 1493 1493 1494 1494 1495 1495 1496 1496 1497 1497 1495 1495 1497 1497 1498 1498 1499 1499 1498 1498 1497 1497 1498 1498 1499 1499 1500 1500 1501 1501 1500 1500 1499 1499 1500 1500 1501 1501 1502 1502 1503 1503 1502 1502 1501 1501 1502 1502 1503 1503 1504 1504 1505 1505 1506 1506 1507 1507 1508 1508 1507 1507 1506 1506 1507 1507 1508 1508 1509 1509 1510 1510 1511 1511 1512 1512 1513 1513 1512 1512 1511 1511 1512 1512 1513 1513 1514 1514 1515 1515 1516 1516 1517 1517 1515 1515 1517 1517 1518 1518 1519 1519 1518 1518 1517 1517 1518 1518 1519 1519 1520 1520 1521 1521 1520 1520 1519 1519 1520 1520 1521 1521 1522 1522 1523 1523 1522 1522 1521 1521 1522 1522 1523 1523 1524 1524 1525 1525 1526 1526 1527 1527 1525 1525 1527 1527 1528 1528 1529 1529 1528 1528 1527 1527 1528 1528 1529 1529 1530 1530 1531 1531 1530 1530 1529 1529 1530 1530 1531 1531 1532 1532 1533 1533 1532 1532 1531 1531 1532 1532 1533 1533 1534 1534 1535 1535 1536 1536 1537 1537 1538 1538 1537 1537 1536 1536 1537 1537 1538 1538 1539 1539 1540 1540 1541 1541 1542 1542 1543 1543 1542 1542 1541 1541 1542 1542 1543 1543 1544 1544 1545 1545 1546 1546 1547 1547 1545 1545 1547 1547 1548 1548 1549 1549 1548 1548 1547 1547 1548 1548 1549 1549 1550 1550 1551 1551 1550 1550 1549 1549 1550 1550 1551 1551 1552 1552 1553 1553 1552 1552 1551 1551 1552 1552 1553 1553 1554 1554 1555 1555 1556 1556 1557 1557 1555 1555 1557 1557 1558 1558 1559 1559 1558 1558 1557 1557 1558 1558 1559 1559 1560 1560 1561 1561 1560 1560 1559 1559 1560 1560 1561 1561 1562 1562 1563 1563 1562 1562 1561 1561 1562 1562 1563 1563 1564 1564 1565 1565 1566 1566 1567 1567 1568 1568 1567 1567 1566 1566 1567 1567 1568 1568 1569 1569 1570 1570 1571 1571 1572 1572 1573 1573 1572 1572 1571 1571 1572 1572 1573 1573 1574 1574 1575 1575 1576 1576 1577 1577 1575 1575 1577 1577 1578 1578 1579 1579 1578 1578 1577 1577 1578 1578 1579 1579 1580 1580 1581 1581 1580 1580 1579 1579 1580 1580 1581 1581 1582 1582 1583 1583 1582 1582 1581 1581 1582 1582 1583 1583 1584 1584 1585 1585 1586 1586 1587 1587 1585 1585 1587 1587 1588 1588 1589 1589 1588 1588 1587 1587 1588 1588 1589 1589 1590 1590 1591 1591 1590 1590 1589 1589 1590 1590 1591 1591 1592 1592 1593 1593 1592 1592 1591 1591 1592 1592 1593 1593 1594 1594 1595 1595 1596 1596 1597 1597 1598 1598 1597 1597 1596 1596 1599 1599 1600 1600 1601 1601 1602 1602 1601 1601 1600 1600 1603 1603 1604 1604 1605 1605 1606 1606 1605 1605 1604 1604 1603 1603 1605 1605 1607 1607 1608 1608 1607 1607 1605 1605 1607 1607 1608 1608 1609 1609 1610 1610 1609 1609 1608 1608 1609 1609 1610 1610 1611 1611 1612 1612 1611 1611 1610 1610 1611 1611 1612 1612 1613 1613 1614 1614 1615 1615 1616 1616 1617 1617 1616 1616 1615 1615 1614 1614 1616 1616 1618 1618 1619 1619 1618 1618 1616 1616 1618 1618 1619 1619 1620 1620 1621 1621 1620 1620 1619 1619 1620 1620 1621 1621 1622 1622 1623 1623 1622 1622 1621 1621 1622 1622 1623 1623 1624 1624 1625 1625 1626 1626 1627 1627 1628 1628 1627 1627 1626 1626 1629 1629 1630 1630 1631 1631 1632 1632 1631 1631 1630 1630 1631 1631 1632 1632 1633 1633 1634 1634 1635 1635 1636 1636 1634 1634 1636 1636 1637 1637 1638 1638 1637 1637 1636 1636 1637 1637 1638 1638 1639 1639 1640 1640 1639 1639 1638 1638 1639 1639 1640 1640 1641 1641 1642 1642 1641 1641 1640 1640 1641 1641 1642 1642 1643 1643 1644 1644 1645 1645 1646 1646 1644 1644 1646 1646 1647 1647 1648 1648 1647 1647 1646 1646 1647 1647 1648 1648 1649 1649 1650 1650 1649 1649 1648 1648 1649 1649 1650 1650 1651 1651 1652 1652 1651 1651 1650 1650 1651 1651 1652 1652 1653 1653 1654 1654 1655 1655 1656 1656 1657 1657 1656 1656 1655 1655 1656 1656 1657 1657 1658 1658 1659 1659 1660 1660 1661 1661 1662 1662 1661 1661 1660 1660 1661 1661 1662 1662 1663 1663 1664 1664 1665 1665 1666 1666 1664 1664 1666 1666 1667 1667 1668 1668 1667 1667 1666 1666 1667 1667 1668 1668 1669 1669 1670 1670 1669 1669 1668 1668 1669 1669 1670 1670 1671 1671 1672 1672 1671 1671 1670 1670 1671 1671 1672 1672 1673 1673 1674 1674 1675 1675 1676 1676 1674 1674 1676 1676 1677 1677 1678 1678 1677 1677 1676 1676 1677 1677 1678 1678 1679 1679 1680 1680 1679 1679 1678 1678 1679 1679 1680 1680 1681 1681 1682 1682 1681 1681 1680 1680 1681 1681 1682 1682 1683 1683 1684 1684 1685 1685 1686 1686 1687 1687 1686 1686 1685 1685 1686 1686 1687 1687 1688 1688 1689 1689 1690 1690 1691 1691 1692 1692 1691 1691 1690 1690 1693 1693 1694 1694 1695 1695 1693 1693 1695 1695 1696 1696 1697 1697 1696 1696 1695 1695 1696 1696 1697 1697 1698 1698 1699 1699 1698 1698 1697 1697 1698 1698 1699 1699 1700 1700 1701 1701 1700 1700 1699 1699 1700 1700 1701 1701 1702 1702 1703 1703 1704 1704 1705 1705 1706 1706 1705 1705 1704 1704 1703 1703 1705 1705 1707 1707 1708 1708 1707 1707 1705 1705 1707 1707 1708 1708 1709 1709 1710 1710 1709 1709 1708 1708 1709 1709 1710 1710 1711 1711 1712 1712 1711 1711 1710 1710 1711 1711 1712 1712 1713 1713 1714 1714 1715 1715 1716 1716 1717 1717 1716 1716 1715 1715 1716 1716 1717 1717 1718 1718 1719 1719 1720 1720 1721 1721 1722 1722 1721 1721 1720 1720 1723 1723 1724 1724 1725 1725 1723 1723 1725 1725 1726 1726 1727 1727 1726 1726 1725 1725 1726 1726 1727 1727 1728 1728 1729 1729 1728 1728 1727 1727 1728 1728 1729 1729 1730 1730 1731 1731 1730 1730 1729 1729 1730 1730 1731 1731 1732 1732 1733 1733 1734 1734 1735 1735 1733 1733 1735 1735 1736 1736 1737 1737 1736 1736 1735 1735 1736 1736 1737 1737 1738 1738 1738 1738 1737 1737 1739 1739 1740 1740 1739 1739 1737 1737 1739 1739 1740 1740 1741 1741 1742 1742 1741 1741 1740 1740 1741 1741 1742 1742 1743 1743 1744 1744 1745 1745 1746 1746 1747 1747 1746 1746 1745 1745 1748 1748 1749 1749 1750 1750 1751 1751 1750 1750 1749 1749 1752 1752 1753 1753 1754 1754 1752 1752 1754 1754 1755 1755 1756 1756 1755 1755 1754 1754 1755 1755 1756 1756 1757 1757 1757 1757 1756 1756 1758 1758 1759 1759 1758 1758 1756 1756 1758 1758 1759 1759 1760 1760 1761 1761 1760 1760 1759 1759 1760 1760 1761 1761 1762 1762 1763 1763 1764 1764 1765 1765 1766 1766 1765 1765 1764 1764 1763 1763 1765 1765 1767 1767 1768 1768 1767 1767 1765 1765 1767 1767 1768 1768 1769 1769 1770 1770 1769 1769 1768 1768 1769 1769 1770 1770 1771 1771 1772 1772 1771 1771 1770 1770 1771 1771 1772 1772 1773 1773 1774 1774 1775 1775 1776 1776 1777 1777 1776 1776 1775 1775 1776 1776 1777 1777 1778 1778 1779 1779 1780 1780 1781 1781 1782 1782 1781 1781 1780 1780 1783 1783 1784 1784 1785 1785 1783 1783 1785 1785 1786 1786 1787 1787 1786 1786 1785 1785 1786 1786 1787 1787 1788 1788 1788 1788 1787 1787 1789 1789 1790 1790 1789 1789 1787 1787 1789 1789 1790 1790 1791 1791 1792 1792 1791 1791 1790 1790 1791 1791 1792 1792 1793 1793 1794 1794 1795 1795 1796 1796 1797 1797 1796 1796 1795 1795 1798 1798 1799 1799 1800 1800 1801 1801 1800 1800 1799 1799 1800 1800 1801 1801 1802 1802 1803 1803 1804 1804 1805 1805 1806 1806 1805 1805 1804 1804 1807 1807 1808 1808 1809 1809 1810 1810 1809 1809 1808 1808 1811 1811 1812 1812 1813 1813 1814 1814 1813 1813 1812 1812 1813 1813 1814 1814 1815 1815 1816 1816 1817 1817 1818 1818 1819 1819 1818 1818 1817 1817 1820 1820 1821 1821 1822 1822 1823 1823 1822 1822 1821 1821 1824 1824 1825 1825 1826 1826 1827 1827 1826 1826 1825 1825 1828 1828 1829 1829 1830 1830 1831 1831 1830 1830 1829 1829 1830 1830 1831 1831 1832 1832 1833 1833 1834 1834 1835 1835 1836 1836 1835 1835 1834 1834 1837 1837 1838 1838 1839 1839 1840 1840 1839 1839 1838 1838 1841 1841 1842 1842 1843 1843 1844 1844 1843 1843 1842 1842 1845 1845 1846 1846 1847 1847 1848 1848 1847 1847 1846 1846 1849 1849 1850 1850 1851 1851 1852 1852 1851 1851 1850 1850 1853 1853 1854 1854 1855 1855 1856 1856 1855 1855 1854 1854 1857 1857 1858 1858 1859 1859 1860 1860 1859 1859 1858 1858 1859 1859 1860 1860 1861 1861 1862 1862 1863 1863 1864 1864 1865 1865 1864 1864 1863 1863 1866 1866 1867 1867 1868 1868 1869 1869 1868 1868 1867 1867 1868 1868 1869 1869 1870 1870 1871 1871 1872 1872 1873 1873 1874 1874 1873 1873 1872 1872 1875 1875 1876 1876 1877 1877 1878 1878 1877 1877 1876 1876 1879 1879 1880 1880 1881 1881 1882 1882 1881 1881 1880 1880 1883 1883 1884 1884 1885 1885 1886 1886 1885 1885 1884 1884 1887 1887 1888 1888 1889 1889 1890 1890 1889 1889 1888 1888 1891 1891 1892 1892 1893 1893 1894 1894 1893 1893 1892 1892 1895 1895 1896 1896 1897 1897 1898 1898 1897 1897 1896 1896 1899 1899 1900 1900 1901 1901 1902 1902 1901 1901 1900 1900 1903 1903 1904 1904 1905 1905 1906 1906 1905 1905 1904 1904 1907 1907 1908 1908 1909 1909 1910 1910 1909 1909 1908 1908 1911 1911 1912 1912 1913 1913 1914 1914 1913 1913 1912 1912 1915 1915 1916 1916 1917 1917 1918 1918 1917 1917 1916 1916 1919 1919 1920 1920 1921 1921 1922 1922 1921 1921 1920 1920 1923 1923 1924 1924 1925 1925 1926 1926 1927 1927 1928 1928 1926 1926 1928 1928 1929 1929 1930 1930 1931 1931 1932 1932 1933 1933 1932 1932 1931 1931 1932 1932 1933 1933 1934 1934 1927 1927 1926 1926 1935 1935 1936 1936 1935 1935 1926 1926 1935 1935 1936 1936 1937 1937 1928 1928 1938 1938 1929 1929 1939 1939 1929 1929 1938 1938 1929 1929 1939 1939 1940 1940 1941 1941 1942 1942 1943 1943 1944 1944 1943 1943 1942 1942 1943 1943 1944 1944 1945 1945 1946 1946 1945 1945 1944 1944 1945 1945 1946 1946 1947 1947 1948 1948 1949 1949 1950 1950 1951 1951 1950 1950 1949 1949 1950 1950 1951 1951 1952 1952 1953 1953 1952 1952 1951 1951 1952 1952 1953 1953 1954 1954 1955 1955 1954 1954 1953 1953 1954 1954 1955 1955 1941 1941 1956 1956 1941 1941 1955 1955 1941 1941 1956 1956 1942 1942 1937 1937 1936 1936 1957 1957 1958 1958 1957 1957 1936 1936 1957 1957 1958 1958 1959 1959 1960 1960 1959 1959 1958 1958 1959 1959 1960 1960 1961 1961 1962 1962 1961 1961 1960 1960 1961 1961 1962 1962 1963 1963 1964 1964 1963 1963 1962 1962 1963 1963 1964 1964 1930 1930 1965 1965 1930 1930 1964 1964 1930 1930 1965 1965 1931 1931 1939 1939 1966 1966 1940 1940 1967 1967 1940 1940 1966 1966 1940 1940 1967 1967 1968 1968 1969 1969 1968 1968 1967 1967 1968 1968 1969 1969 1970 1970 1971 1971 1970 1970 1969 1969 1970 1970 1971 1971 1972 1972 1973 1973 1972 1972 1971 1971 1972 1972 1973 1973 1974 1974 1974 1974 1975 1975 1972 1972 1976 1976 1972 1972 1975 1975 1972 1972 1976 1976 1977 1977 1923 1923 1977 1977 1976 1976 1977 1977 1923 1923 1978 1978 1925 1925 1978 1978 1923 1923 1946 1946 1979 1979 1947 1947 1980 1980 1947 1947 1979 1979 1947 1947 1980 1980 1981 1981 1982 1982 1981 1981 1980 1980 1981 1981 1982 1982 1983 1983 1970 1970 1983 1983 1982 1982 1983 1983 1970 1970 1984 1984 1972 1972 1984 1984 1970 1970 1985 1985 1934 1934 1986 1986 1987 1987 1986 1986 1934 1934 1988 1988 1989 1989 1990 1990 1991 1991 1990 1990 1989 1989 1990 1990 1991 1991 1992 1992 1993 1993 1992 1992 1991 1991 1992 1992 1993 1993 1948 1948 1994 1994 1948 1948 1993 1993 1948 1948 1994 1994 1949 1949 1987 1987 1934 1934 1995 1995 1996 1996 1995 1995 1934 1934 1995 1995 1996 1996 1988 1988 1997 1997 1988 1988 1996 1996 1988 1988 1997 1997 1989 1989 1923 1923 1998 1998 1924 1924 1999 1999 1924 1924 1998 1998 1924 1924 1999 1999 2000 2000 2000 2000 1932 1932 1924 1924 1934 1934 1924 1924 1932 1932 1924 1924 1934 1934 2001 2001 1985 1985 2001 2001 1934 1934 2002 2002 2003 2003 2004 2004 2005 2005 2004 2004 2003 2003 2004 2004 2005 2005 2006 2006 2007 2007 2006 2006 2005 2005 2006 2006 2007 2007 2008 2008 2009 2009 2008 2008 2007 2007 2008 2008 2009 2009 2010 2010 2010 2010 2011 2011 2008 2008 2012 2012 2008 2008 2011 2011 2008 2008 2012 2012 2013 2013 2014 2014 2013 2013 2012 2012 2013 2013 2014 2014 2015 2015 2016 2016 2015 2015 2014 2014 2015 2015 2016 2016 2017 2017 2018 2018 2017 2017 2016 2016 2017 2017 2018 2018 2019 2019 2020 2020 2019 2019 2018 2018 2019 2019 2020 2020 2021 2021 2022 2022 2021 2021 2020 2020 2022 2022 2023 2023 2021 2021 2024 2024 2021 2021 2023 2023 2021 2021 2024 2024 2025 2025 2024 2024 2026 2026 2025 2025 2027 2027 2025 2025 2026 2026 2025 2025 2027 2027 2028 2028 2027 2027 2029 2029 2028 2028 2030 2030 2028 2028 2029 2029 2028 2028 2030 2030 2031 2031 2032 2032 2031 2031 2030 2030 2031 2031 2032 2032 2033 2033 2034 2034 2033 2033 2032 2032 2033 2033 2034 2034 2035 2035 2036 2036 2035 2035 2034 2034 2035 2035 2036 2036 2037 2037 2036 2036 2038 2038 2037 2037 2039 2039 2037 2037 2038 2038 2037 2037 2039 2039 2040 2040 2039 2039 2041 2041 2040 2040 2042 2042 2040 2040 2041 2041 2040 2040 2042 2042 2043 2043 2042 2042 2044 2044 2043 2043 2045 2045 2043 2043 2044 2044 2043 2043 2045 2045 2046 2046 2045 2045 2047 2047 2046 2046 2048 2048 2046 2046 2047 2047 2046 2046 2048 2048 2049 2049 2050 2050 2049 2049 2048 2048 2049 2049 2050 2050 2051 2051 2052 2052 2051 2051 2050 2050 2051 2051 2052 2052 2053 2053 2054 2054 2053 2053 2052 2052 2053 2053 2054 2054 2055 2055 2056 2056 2055 2055 2054 2054 2055 2055 2056 2056 2057 2057 2056 2056 2058 2058 2057 2057 2059 2059 2057 2057 2058 2058 2057 2057 2059 2059 2060 2060 2059 2059 2061 2061 2060 2060 2062 2062 2060 2060 2061 2061 2060 2060 2062 2062 2063 2063 2064 2064 2063 2063 2062 2062 2063 2063 2064 2064 2065 2065 2064 2064 2066 2066 2065 2065 2067 2067 2065 2065 2066 2066 2065 2065 2067 2067 2068 2068 2069 2069 2068 2068 2067 2067 2068 2068 2069 2069 2070 2070 2069 2069 2071 2071 2070 2070 2072 2072 2070 2070 2071 2071 2070 2070 2072 2072 2073 2073 2074 2074 2073 2073 2072 2072 2073 2073 2074 2074 2075 2075 2076 2076 2075 2075 2074 2074 2075 2075 2076 2076 2077 2077 2078 2078 2077 2077 2076 2076 2077 2077 2078 2078 2002 2002 2079 2079 2002 2002 2078 2078 2002 2002 2079 2079 2003 2003 2080 2080 2081 2081 2082 2082 2083 2083 2082 2082 2081 2081 2082 2082 2083 2083 2084 2084 2085 2085 2084 2084 2083 2083 2084 2084 2085 2085 2086 2086 2087 2087 2086 2086 2085 2085 2086 2086 2087 2087 2088 2088 2089 2089 2088 2088 2087 2087 2088 2088 2089 2089 2090 2090 2091 2091 2090 2090 2089 2089 2090 2090 2091 2091 2092 2092 2093 2093 2092 2092 2091 2091 2092 2092 2093 2093 2094 2094 2095 2095 2094 2094 2093 2093 2094 2094 2095 2095 2096 2096 2097 2097 2096 2096 2095 2095 2096 2096 2097 2097 2098 2098 2099 2099 2098 2098 2097 2097 2098 2098 2099 2099 2100 2100 2101 2101 2100 2100 2099 2099 2100 2100 2101 2101 2102 2102 2103 2103 2102 2102 2101 2101 2102 2102 2103 2103 2104 2104 2105 2105 2104 2104 2103 2103 2104 2104 2105 2105 2106 2106 2107 2107 2106 2106 2105 2105 2106 2106 2107 2107 2108 2108 2109 2109 2108 2108 2107 2107 2108 2108 2109 2109 2110 2110 2111 2111 2110 2110 2109 2109 2110 2110 2111 2111 2112 2112 2113 2113 2112 2112 2111 2111 2112 2112 2113 2113 2114 2114 2115 2115 2114 2114 2113 2113 2114 2114 2115 2115 2116 2116 2117 2117 2116 2116 2115 2115 2116 2116 2117 2117 2118 2118 2119 2119 2118 2118 2117 2117 2118 2118 2119 2119 2120 2120 2121 2121 2120 2120 2119 2119 2120 2120 2121 2121 2122 2122 2123 2123 2122 2122 2121 2121 2122 2122 2123 2123 2124 2124 2125 2125 2124 2124 2123 2123 2124 2124 2125 2125 2126 2126 2127 2127 2126 2126 2125 2125 2126 2126 2127 2127 2080 2080 2081 2081 2080 2080 2127 2127 2128 2128 2129 2129 2130 2130 2131 2131 2130 2130 2129 2129 2130 2130 2131 2131 2132 2132 2133 2133 2134 2134 2130 2130 2135 2135 2130 2130 2134 2134 2130 2130 2135 2135 2128 2128 2136 2136 2137 2137 2130 2130 2138 2138 2130 2130 2137 2137 2130 2130 2138 2138 2133 2133 2139 2139 2140 2140 2130 2130 2141 2141 2130 2130 2140 2140 2130 2130 2141 2141 2136 2136 2142 2142 2143 2143 2130 2130 2144 2144 2130 2130 2143 2143 2130 2130 2144 2144 2139 2139 2145 2145 2146 2146 2130 2130 2147 2147 2130 2130 2146 2146 2130 2130 2147 2147 2142 2142 2148 2148 2149 2149 2130 2130 2150 2150 2130 2130 2149 2149 2130 2130 2150 2150 2145 2145 2132 2132 2151 2151 2130 2130 2152 2152 2130 2130 2151 2151 2130 2130 2152 2152 2148 2148 2153 2153 2154 2154 2155 2155 2156 2156 2155 2155 2154 2154 2155 2155 2156 2156 2157 2157 2158 2158 2159 2159 2160 2160 2161 2161 2160 2160 2159 2159 2160 2160 2161 2161 2162 2162 2163 2163 2162 2162 2161 2161 2162 2162 2163 2163 2164 2164 2165 2165 2164 2164 2163 2163 2164 2164 2165 2165 2166 2166 2167 2167 2166 2166 2165 2165 2166 2166 2167 2167 2168 2168 2169 2169 2168 2168 2167 2167 2168 2168 2169 2169 2153 2153 2170 2170 2153 2153 2169 2169 2153 2153 2170 2170 2154 2154 2171 2171 2172 2172 2158 2158 2173 2173 2158 2158 2172 2172 2158 2158 2173 2173 2159 2159 2174 2174 2175 2175 2176 2176 2177 2177 2176 2176 2175 2175 2176 2176 2177 2177 2171 2171 2178 2178 2171 2171 2177 2177 2171 2171 2178 2178 2172 2172 2179 2179 2180 2180 2181 2181 2182 2182 2181 2181 2180 2180 2181 2181 2182 2182 2183 2183 2184 2184 2183 2183 2182 2182 2183 2183 2184 2184 2185 2185 2186 2186 2185 2185 2184 2184 2185 2185 2186 2186 2187 2187 2188 2188 2187 2187 2186 2186 2187 2187 2188 2188 2189 2189 2190 2190 2189 2189 2188 2188 2189 2189 2190 2190 2191 2191 2192 2192 2191 2191 2190 2190 2191 2191 2192 2192 2193 2193 2194 2194 2193 2193 2192 2192 2193 2193 2194 2194 2174 2174 2195 2195 2174 2174 2194 2194 2174 2174 2195 2195 2175 2175 2156 2156 2196 2196 2157 2157 2197 2197 2157 2157 2196 2196 2157 2157 2197 2197 2198 2198 2199 2199 2198 2198 2197 2197 2198 2198 2199 2199 2200 2200 2201 2201 2200 2200 2199 2199 2200 2200 2201 2201 2202 2202 2203 2203 2202 2202 2201 2201 2202 2202 2203 2203 2204 2204 2205 2205 2204 2204 2203 2203 2204 2204 2205 2205 2179 2179 2206 2206 2179 2179 2205 2205 2179 2179 2206 2206 2180 2180 2207 2207 2208 2208 2209 2209 2210 2210 2209 2209 2208 2208 2209 2209 2210 2210 2211 2211 2212 2212 2211 2211 2210 2210 2211 2211 2212 2212 2213 2213 2214 2214 2213 2213 2212 2212 2213 2213 2214 2214 2215 2215 2216 2216 2215 2215 2214 2214 2215 2215 2216 2216 2217 2217 2218 2218 2217 2217 2216 2216 2217 2217 2218 2218 2219 2219 2220 2220 2219 2219 2218 2218 2219 2219 2220 2220 2221 2221 2222 2222 2221 2221 2220 2220 2221 2221 2222 2222 2223 2223 2222 2222 2224 2224 2223 2223 2225 2225 2223 2223 2224 2224 2223 2223 2225 2225 2226 2226 2227 2227 2226 2226 2225 2225 2226 2226 2227 2227 2228 2228 2229 2229 2228 2228 2227 2227 2228 2228 2229 2229 2230 2230 2231 2231 2230 2230 2229 2229 2230 2230 2231 2231 2232 2232 2233 2233 2232 2232 2231 2231 2232 2232 2233 2233 2234 2234 2235 2235 2234 2234 2233 2233 2234 2234 2235 2235 2236 2236 2237 2237 2236 2236 2235 2235 2236 2236 2237 2237 2238 2238 2239 2239 2238 2238 2237 2237 2238 2238 2239 2239 2240 2240 2241 2241 2240 2240 2239 2239 2240 2240 2241 2241 2242 2242 2243 2243 2242 2242 2241 2241 2242 2242 2243 2243 2244 2244 2245 2245 2244 2244 2243 2243 2244 2244 2245 2245 2246 2246 2247 2247 2246 2246 2245 2245 2246 2246 2247 2247 2248 2248 2249 2249 2248 2248 2247 2247 2248 2248 2249 2249 2250 2250 2251 2251 2250 2250 2249 2249 2250 2250 2251 2251 2252 2252 2253 2253 2252 2252 2251 2251 2252 2252 2253 2253 2254 2254 2255 2255 2254 2254 2253 2253 2254 2254 2255 2255 2207 2207 2256 2256 2207 2207 2255 2255 2207 2207 2256 2256 2208 2208 2257 2257 2258 2258 2259 2259 2260 2260 2259 2259 2258 2258 2259 2259 2260 2260 2261 2261 2260 2260 2262 2262 2261 2261 2263 2263 2261 2261 2262 2262 2261 2261 2263 2263 2264 2264 2265 2265 2264 2264 2263 2263 2264 2264 2265 2265 2266 2266 2267 2267 2266 2266 2265 2265 2266 2266 2267 2267 2268 2268 2268 2268 2267 2267 2269 2269 2270 2270 2269 2269 2267 2267 2269 2269 2270 2270 2271 2271 2272 2272 2271 2271 2270 2270 2271 2271 2272 2272 2273 2273 2274 2274 2273 2273 2272 2272 2273 2273 2274 2274 2275 2275 2276 2276 2275 2275 2274 2274 2275 2275 2276 2276 2277 2277 2278 2278 2277 2277 2276 2276 2277 2277 2278 2278 2279 2279 2280 2280 2279 2279 2278 2278 2279 2279 2280 2280 2281 2281 2282 2282 2281 2281 2280 2280 2281 2281 2282 2282 2283 2283 2282 2282 2284 2284 2283 2283 2285 2285 2283 2283 2284 2284 2283 2283 2285 2285 2286 2286 2287 2287 2286 2286 2285 2285 2286 2286 2287 2287 2288 2288 2289 2289 2288 2288 2287 2287 2288 2288 2289 2289 2290 2290 2291 2291 2290 2290 2289 2289 2290 2290 2291 2291 2292 2292 2293 2293 2292 2292 2291 2291 2292 2292 2293 2293 2294 2294 2293 2293 2295 2295 2294 2294 2296 2296 2294 2294 2295 2295 2294 2294 2296 2296 2297 2297 2298 2298 2297 2297 2296 2296 2297 2297 2298 2298 2299 2299 2300 2300 2299 2299 2298 2298 2301 2301 2302 2302 2303 2303 2304 2304 2303 2303 2302 2302 2303 2303 2304 2304 2305 2305 2306 2306 2305 2305 2304 2304 2305 2305 2306 2306 2300 2300 2307 2307 2300 2300 2306 2306 2300 2300 2307 2307 2299 2299 2303 2303 2308 2308 2301 2301 2309 2309 2301 2301 2308 2308 2301 2301 2309 2309 2310 2310 2311 2311 2310 2310 2309 2309 2310 2310 2311 2311 2312 2312 2313 2313 2312 2312 2311 2311 2312 2312 2313 2313 2314 2314 2315 2315 2314 2314 2313 2313 2314 2314 2315 2315 2316 2316 2317 2317 2316 2316 2315 2315 2316 2316 2317 2317 2257 2257 2318 2318 2257 2257 2317 2317 2257 2257 2318 2318 2258 2258 2319 2319 2320 2320 2321 2321 2322 2322 2321 2321 2320 2320 2321 2321 2322 2322 2323 2323 2324 2324 2323 2323 2322 2322 2323 2323 2324 2324 2325 2325 2326 2326 2325 2325 2324 2324 2325 2325 2326 2326 2327 2327 2328 2328 2327 2327 2326 2326 2327 2327 2328 2328 2329 2329 2330 2330 2329 2329 2328 2328 2329 2329 2330 2330 2331 2331 2332 2332 2331 2331 2330 2330 2331 2331 2332 2332 2333 2333 2334 2334 2333 2333 2332 2332 2333 2333 2334 2334 2335 2335 2336 2336 2337 2337 2338 2338 2339 2339 2338 2338 2337 2337 2338 2338 2339 2339 2340 2340 2341 2341 2340 2340 2339 2339 2340 2340 2341 2341 2319 2319 2342 2342 2319 2319 2341 2341 2319 2319 2342 2342 2320 2320 2343 2343 2344 2344 2345 2345 2346 2346 2345 2345 2344 2344 2345 2345 2346 2346 2347 2347 2348 2348 2347 2347 2346 2346 2347 2347 2348 2348 2349 2349 2350 2350 2349 2349 2348 2348 2349 2349 2350 2350 2351 2351 2352 2352 2351 2351 2350 2350 2351 2351 2352 2352 2353 2353 2354 2354 2353 2353 2352 2352 2353 2353 2354 2354 2355 2355 2356 2356 2355 2355 2354 2354 2355 2355 2356 2356 2336 2336 2357 2357 2336 2336 2356 2356 2336 2336 2357 2357 2337 2337 2334 2334 2358 2358 2335 2335 2359 2359 2335 2335 2358 2358 2335 2335 2359 2359 2360 2360 2361 2361 2360 2360 2359 2359 2360 2360 2361 2361 2362 2362 2363 2363 2362 2362 2361 2361 2362 2362 2363 2363 2364 2364 2365 2365 2364 2364 2363 2363 2364 2364 2365 2365 2366 2366 2367 2367 2366 2366 2365 2365 2366 2366 2367 2367 2368 2368 2369 2369 2368 2368 2367 2367 2368 2368 2369 2369 2370 2370 2371 2371 2370 2370 2369 2369 2370 2370 2371 2371 2372 2372 2373 2373 2372 2372 2371 2371 2372 2372 2373 2373 2374 2374 2375 2375 2374 2374 2373 2373 2374 2374 2375 2375 2376 2376 2377 2377 2376 2376 2375 2375 2376 2376 2377 2377 2343 2343 2378 2378 2343 2343 2377 2377 2343 2343 2378 2378 2344 2344 2379 2379 2380 2380 2381 2381 2381 2381 2380 2380 2382 2382 2383 2383 2382 2382 2380 2380 2382 2382 2383 2383 2384 2384 2385 2385 2384 2384 2383 2383 2384 2384 2385 2385 2386 2386 2387 2387 2386 2386 2385 2385 2386 2386 2387 2387 2388 2388 2389 2389 2388 2388 2387 2387 2388 2388 2389 2389 2390 2390 2389 2389 2391 2391 2390 2390 2392 2392 2390 2390 2391 2391 2390 2390 2392 2392 2393 2393 2394 2394 2393 2393 2392 2392 2393 2393 2394 2394 2395 2395 2396 2396 2395 2395 2394 2394 2395 2395 2396 2396 2397 2397 2398 2398 2397 2397 2396 2396 2397 2397 2398 2398 2399 2399 2400 2400 2399 2399 2398 2398 2399 2399 2400 2400 2401 2401 2401 2401 2400 2400 2402 2402 2403 2403 2402 2402 2400 2400 2402 2402 2403 2403 2404 2404 2405 2405 2404 2404 2403 2403 2404 2404 2405 2405 2406 2406 2405 2405 2407 2407 2406 2406 2408 2408 2406 2406 2407 2407 2406 2406 2408 2408 2409 2409 2410 2410 2409 2409 2408 2408 2409 2409 2410 2410 2411 2411 2412 2412 2411 2411 2410 2410 2411 2411 2412 2412 2413 2413 2414 2414 2413 2413 2412 2412 2413 2413 2414 2414 2415 2415 2414 2414 2416 2416 2415 2415 2417 2417 2415 2415 2416 2416 2415 2415 2417 2417 2418 2418 2419 2419 2418 2418 2417 2417 2418 2418 2419 2419 2420 2420 2421 2421 2420 2420 2419 2419 2420 2420 2421 2421 2422 2422 2423 2423 2422 2422 2421 2421 2422 2422 2423 2423 2424 2424 2425 2425 2424 2424 2423 2423 2424 2424 2425 2425 2426 2426 2425 2425 2427 2427 2426 2426 2428 2428 2426 2426 2427 2427 2426 2426 2428 2428 2429 2429 2430 2430 2429 2429 2428 2428 2429 2429 2430 2430 2431 2431 2432 2432 2431 2431 2430 2430 2431 2431 2432 2432 2433 2433 2434 2434 2433 2433 2432 2432 2433 2433 2434 2434 2435 2435 2379 2379 2435 2435 2434 2434 2435 2435 2379 2379 2436 2436 2381 2381 2436 2436 2379 2379 2437 2437 2438 2438 2439 2439 2440 2440 2439 2439 2438 2438 2439 2439 2440 2440 2441 2441 2442 2442 2441 2441 2440 2440 2443 2443 2444 2444 2445 2445 2446 2446 2445 2445 2444 2444 2445 2445 2446 2446 2447 2447 2448 2448 2447 2447 2446 2446 2447 2447 2448 2448 2442 2442 2449 2449 2442 2442 2448 2448 2442 2442 2449 2449 2441 2441 2445 2445 2450 2450 2443 2443 2451 2451 2443 2443 2450 2450 2443 2443 2451 2451 2452 2452 2453 2453 2452 2452 2451 2451 2452 2452 2453 2453 2454 2454 2455 2455 2454 2454 2453 2453 2454 2454 2455 2455 2456 2456 2457 2457 2456 2456 2455 2455 2456 2456 2457 2457 2458 2458 2457 2457 2459 2459 2458 2458 2460 2460 2458 2458 2459 2459 2458 2458 2460 2460 2461 2461 2462 2462 2461 2461 2460 2460 2461 2461 2462 2462 2463 2463 2464 2464 2463 2463 2462 2462 2463 2463 2464 2464 2465 2465 2466 2466 2465 2465 2464 2464 2465 2465 2466 2466 2467 2467 2468 2468 2467 2467 2466 2466 2467 2467 2468 2468 2469 2469 2470 2470 2469 2469 2468 2468 2469 2469 2470 2470 2471 2471 2471 2471 2470 2470 2472 2472 2473 2473 2472 2472 2470 2470 2472 2472 2473 2473 2474 2474 2475 2475 2474 2474 2473 2473 2474 2474 2475 2475 2476 2476 2477 2477 2476 2476 2475 2475 2476 2476 2477 2477 2478 2478 2479 2479 2478 2478 2477 2477 2478 2478 2479 2479 2480 2480 2481 2481 2480 2480 2479 2479 2480 2480 2481 2481 2482 2482 2483 2483 2482 2482 2481 2481 2482 2482 2483 2483 2484 2484 2485 2485 2484 2484 2483 2483 2484 2484 2485 2485 2486 2486 2487 2487 2486 2486 2485 2485 2486 2486 2487 2487 2488 2488 2489 2489 2488 2488 2487 2487 2488 2488 2489 2489 2490 2490 2491 2491 2490 2490 2489 2489 2490 2490 2491 2491 2492 2492 2493 2493 2492 2492 2491 2491 2492 2492 2493 2493 2494 2494 2495 2495 2494 2494 2493 2493 2494 2494 2495 2495 2437 2437 2496 2496 2437 2437 2495 2495 2437 2437 2496 2496 2438 2438 2497 2497 2498 2498 2499 2499 2500 2500 2499 2499 2498 2498 2499 2499 2500 2500 2501 2501 2502 2502 2501 2501 2500 2500 2501 2501 2502 2502 2503 2503 2504 2504 2503 2503 2502 2502 2503 2503 2504 2504 2505 2505 2506 2506 2505 2505 2504 2504 2505 2505 2506 2506 2507 2507 2507 2507 2506 2506 2508 2508 2509 2509 2508 2508 2506 2506 2508 2508 2509 2509 2510 2510 2511 2511 2510 2510 2509 2509 2510 2510 2511 2511 2512 2512 2513 2513 2512 2512 2511 2511 2512 2512 2513 2513 2514 2514 2515 2515 2514 2514 2513 2513 2514 2514 2515 2515 2516 2516 2515 2515 2517 2517 2516 2516 2518 2518 2516 2516 2517 2517 2516 2516 2518 2518 2519 2519 2520 2520 2519 2519 2518 2518 2519 2519 2520 2520 2521 2521 2522 2522 2521 2521 2520 2520 2521 2521 2522 2522 2523 2523 2523 2523 2522 2522 2524 2524 2525 2525 2524 2524 2522 2522 2524 2524 2525 2525 2526 2526 2527 2527 2526 2526 2525 2525 2526 2526 2527 2527 2528 2528 2528 2528 2527 2527 2529 2529 2530 2530 2529 2529 2527 2527 2529 2529 2530 2530 2531 2531 2532 2532 2531 2531 2530 2530 2531 2531 2532 2532 2533 2533 2532 2532 2534 2534 2533 2533 2535 2535 2533 2533 2534 2534 2533 2533 2535 2535 2536 2536 2537 2537 2536 2536 2535 2535 2536 2536 2537 2537 2538 2538 2539 2539 2538 2538 2537 2537 2538 2538 2539 2539 2540 2540 2541 2541 2540 2540 2539 2539 2540 2540 2541 2541 2542 2542 2543 2543 2542 2542 2541 2541 2542 2542 2543 2543 2544 2544 2545 2545 2544 2544 2543 2543 2544 2544 2545 2545 2546 2546 2547 2547 2546 2546 2545 2545 2546 2546 2547 2547 2548 2548 2549 2549 2548 2548 2547 2547 2548 2548 2549 2549 2550 2550 2551 2551 2550 2550 2549 2549 2550 2550 2551 2551 2497 2497 2552 2552 2497 2497 2551 2551 2497 2497 2552 2552 2498 2498 2553 2553 2554 2554 2555 2555 2556 2556 2555 2555 2554 2554 2555 2555 2556 2556 2557 2557 2558 2558 2557 2557 2556 2556 2557 2557 2558 2558 2559 2559 2560 2560 2559 2559 2558 2558 2559 2559 2560 2560 2561 2561 2562 2562 2561 2561 2560 2560 2561 2561 2562 2562 2563 2563 2564 2564 2563 2563 2562 2562 2563 2563 2564 2564 2565 2565 2566 2566 2565 2565 2564 2564 2565 2565 2566 2566 2567 2567 2568 2568 2567 2567 2566 2566 2567 2567 2568 2568 2569 2569 2570 2570 2569 2569 2568 2568 2569 2569 2570 2570 2571 2571 2572 2572 2571 2571 2570 2570 2571 2571 2572 2572 2573 2573 2574 2574 2573 2573 2572 2572 2573 2573 2574 2574 2575 2575 2576 2576 2575 2575 2574 2574 2575 2575 2576 2576 2577 2577 2578 2578 2577 2577 2576 2576 2577 2577 2578 2578 2579 2579 2580 2580 2579 2579 2578 2578 2579 2579 2580 2580 2581 2581 2582 2582 2581 2581 2580 2580 2581 2581 2582 2582 2583 2583 2584 2584 2583 2583 2582 2582 2583 2583 2584 2584 2585 2585 2586 2586 2585 2585 2584 2584 2585 2585 2586 2586 2587 2587 2586 2586 2588 2588 2587 2587 2589 2589 2587 2587 2588 2588 2587 2587 2589 2589 2590 2590 2591 2591 2590 2590 2589 2589 2590 2590 2591 2591 2592 2592 2593 2593 2592 2592 2591 2591 2592 2592 2593 2593 2594 2594 2595 2595 2594 2594 2593 2593 2594 2594 2595 2595 2596 2596 2597 2597 2596 2596 2595 2595 2596 2596 2597 2597 2598 2598 2599 2599 2598 2598 2597 2597 2598 2598 2599 2599 2600 2600 2601 2601 2600 2600 2599 2599 2600 2600 2601 2601 2602 2602 2603 2603 2602 2602 2601 2601 2602 2602 2603 2603 2604 2604 2605 2605 2604 2604 2603 2603 2604 2604 2605 2605 2553 2553 2606 2606 2553 2553 2605 2605 2553 2553 2606 2606 2554 2554 2607 2607 2608 2608 2609 2609 2610 2610 2611 2611 2612 2612 2613 2613 2612 2612 2611 2611 2612 2612 2613 2613 2614 2614 2615 2615 2614 2614 2613 2613 2607 2607 2609 2609 2616 2616 2617 2617 2618 2618 2619 2619 2613 2613 2620 2620 2615 2615 2621 2621 2615 2615 2620 2620 2615 2615 2621 2621 2622 2622 2617 2617 2622 2622 2621 2621 2622 2622 2617 2617 2623 2623 2619 2619 2623 2623 2617 2617 2623 2623 2619 2619 2624 2624 2625 2625 2624 2624 2619 2619 2626 2626 2627 2627 2628 2628 2629 2629 2628 2628 2627 2627 2628 2628 2629 2629 2630 2630 2631 2631 2632 2632 2633 2633 2634 2634 2633 2633 2632 2632 2633 2633 2634 2634 2635 2635 2636 2636 2635 2635 2634 2634 2637 2637 2638 2638 2639 2639 2640 2640 2639 2639 2638 2638 2639 2639 2640 2640 2641 2641 2642 2642 2641 2641 2640 2640 2625 2625 2608 2608 2624 2624 2607 2607 2624 2624 2608 2608 2624 2624 2607 2607 2643 2643 2644 2644 2643 2643 2607 2607 2643 2643 2644 2644 2645 2645 2636 2636 2645 2645 2644 2644 2645 2645 2636 2636 2646 2646 2634 2634 2646 2646 2636 2636 2630 2630 2647 2647 2628 2628 2648 2648 2628 2628 2647 2647 2628 2628 2648 2648 2649 2649 2650 2650 2651 2651 2652 2652 2653 2653 2654 2654 2655 2655 2656 2656 2655 2655 2654 2654 2655 2655 2656 2656 2657 2657 2658 2658 2657 2657 2656 2656 2640 2640 2659 2659 2642 2642 2660 2660 2642 2642 2659 2659 2642 2642 2660 2660 2661 2661 2649 2649 2661 2661 2660 2660 2661 2661 2649 2649 2662 2662 2648 2648 2662 2662 2649 2649 2662 2662 2648 2648 2618 2618 2663 2663 2618 2618 2648 2648 2618 2618 2663 2663 2619 2619 2664 2664 2665 2665 2666 2666 2667 2667 2666 2666 2665 2665 2666 2666 2667 2667 2668 2668 2669 2669 2668 2668 2667 2667 2670 2670 2671 2671 2672 2672 2673 2673 2674 2674 2675 2675 2676 2676 2675 2675 2674 2674 2675 2675 2676 2676 2677 2677 2678 2678 2677 2677 2676 2676 2679 2679 2680 2680 2681 2681 2682 2682 2683 2683 2684 2684 2685 2685 2686 2686 2687 2687 2688 2688 2687 2687 2686 2686 2687 2687 2688 2688 2689 2689 2690 2690 2689 2689 2688 2688 2616 2616 2691 2691 2692 2692 2693 2693 2692 2692 2691 2691 2692 2692 2693 2693 2694 2694 2658 2658 2694 2694 2693 2693 2694 2694 2658 2658 2695 2695 2656 2656 2695 2695 2658 2658 2667 2667 2696 2696 2669 2669 2697 2697 2669 2669 2696 2696 2669 2669 2697 2697 2698 2698 2699 2699 2698 2698 2697 2697 2698 2698 2699 2699 2626 2626 2700 2700 2626 2626 2699 2699 2626 2626 2700 2700 2627 2627 2701 2701 2627 2627 2700 2700 2627 2627 2701 2701 2702 2702 2703 2703 2704 2704 2705 2705 2706 2706 2705 2705 2704 2704 2705 2705 2706 2706 2707 2707 2708 2708 2707 2707 2706 2706 2679 2679 2681 2681 2709 2709 2710 2710 2709 2709 2681 2681 2709 2709 2710 2710 2711 2711 2712 2712 2713 2713 2714 2714 2715 2715 2714 2714 2713 2713 2714 2714 2715 2715 2716 2716 2717 2717 2716 2716 2715 2715 2718 2718 2719 2719 2720 2720 2721 2721 2720 2720 2719 2719 2722 2722 2723 2723 2724 2724 2682 2682 2684 2684 2725 2725 2726 2726 2727 2727 2728 2728 2729 2729 2730 2730 2727 2727 2731 2731 2727 2727 2730 2730 2727 2727 2731 2731 2728 2728 2732 2732 2733 2733 2734 2734 2735 2735 2734 2734 2733 2733 2736 2736 2737 2737 2738 2738 2739 2739 2738 2738 2737 2737 2738 2738 2739 2739 2740 2740 2672 2672 2741 2741 2670 2670 2742 2742 2670 2670 2741 2741 2670 2670 2742 2742 2743 2743 2676 2676 2744 2744 2678 2678 2745 2745 2678 2678 2744 2744 2678 2678 2745 2745 2746 2746 2711 2711 2746 2746 2745 2745 2746 2746 2711 2711 2671 2671 2710 2710 2671 2671 2711 2711 2671 2671 2710 2710 2672 2672 2721 2721 2680 2680 2720 2720 2679 2679 2720 2720 2680 2680 2720 2720 2679 2679 2747 2747 2748 2748 2747 2747 2679 2679 2747 2747 2748 2748 2749 2749 2717 2717 2749 2749 2748 2748 2749 2749 2717 2717 2750 2750 2715 2715 2750 2750 2717 2717 2751 2751 2752 2752 2753 2753 2754 2754 2753 2753 2752 2752 2753 2753 2754 2754 2755 2755 2756 2756 2757 2757 2758 2758 2759 2759 2758 2758 2757 2757 2758 2758 2759 2759 2760 2760 2761 2761 2760 2760 2759 2759 2760 2760 2761 2761 2762 2762 2763 2763 2762 2762 2761 2761 2762 2762 2763 2763 2764 2764 2765 2765 2766 2766 2767 2767 2768 2768 2769 2769 2770 2770 2771 2771 2770 2770 2769 2769 2770 2770 2771 2771 2772 2772 2773 2773 2772 2772 2771 2771 2774 2774 2775 2775 2776 2776 2777 2777 2776 2776 2775 2775 2776 2776 2777 2777 2778 2778 2779 2779 2778 2778 2777 2777 2688 2688 2780 2780 2690 2690 2781 2781 2690 2690 2780 2780 2690 2690 2781 2781 2782 2782 2726 2726 2782 2782 2781 2781 2782 2782 2726 2726 2783 2783 2728 2728 2783 2783 2726 2726 2783 2783 2728 2728 2784 2784 2785 2785 2786 2786 2787 2787 2788 2788 2787 2787 2786 2786 2787 2787 2788 2788 2789 2789 2790 2790 2789 2789 2788 2788 2791 2791 2792 2792 2793 2793 2794 2794 2793 2793 2792 2792 2793 2793 2794 2794 2795 2795 2796 2796 2795 2795 2794 2794 2797 2797 2798 2798 2799 2799 2800 2800 2799 2799 2798 2798 2799 2799 2800 2800 2801 2801 2802 2802 2801 2801 2800 2800 2706 2706 2803 2803 2708 2708 2804 2804 2708 2708 2803 2803 2708 2708 2804 2804 2805 2805 2743 2743 2805 2805 2804 2804 2805 2805 2743 2743 2806 2806 2742 2742 2806 2806 2743 2743 2806 2806 2742 2742 2807 2807 2808 2808 2809 2809 2810 2810 2811 2811 2810 2810 2809 2809 2810 2810 2811 2811 2812 2812 2813 2813 2812 2812 2811 2811 2684 2684 2814 2814 2725 2725 2815 2815 2725 2725 2814 2814 2725 2725 2815 2815 2816 2816 2728 2728 2683 2683 2784 2784 2682 2682 2784 2784 2683 2683 2784 2784 2682 2682 2817 2817 2818 2818 2817 2817 2682 2682 2817 2817 2818 2818 2819 2819 2779 2779 2819 2819 2818 2818 2819 2819 2779 2779 2820 2820 2777 2777 2820 2820 2779 2779 2788 2788 2821 2821 2790 2790 2822 2822 2790 2790 2821 2821 2790 2790 2822 2822 2823 2823 2824 2824 2825 2825 2826 2826 2827 2827 2826 2826 2825 2825 2826 2826 2827 2827 2828 2828 2829 2829 2828 2828 2827 2827 2794 2794 2830 2830 2796 2796 2831 2831 2796 2796 2830 2830 2796 2796 2831 2831 2832 2832 2833 2833 2832 2832 2831 2831 2832 2832 2833 2833 2834 2834 2742 2742 2702 2702 2807 2807 2701 2701 2807 2807 2702 2702 2807 2807 2701 2701 2835 2835 2836 2836 2835 2835 2701 2701 2835 2835 2836 2836 2837 2837 2802 2802 2837 2837 2836 2836 2837 2837 2802 2802 2838 2838 2800 2800 2838 2838 2802 2802 2811 2811 2839 2839 2813 2813 2840 2840 2813 2813 2839 2839 2813 2813 2840 2840 2841 2841 2755 2755 2842 2842 2843 2843 2722 2722 2843 2843 2842 2842 2843 2843 2722 2722 2844 2844 2724 2724 2844 2844 2722 2722 2771 2771 2845 2845 2773 2773 2846 2846 2773 2773 2845 2845 2773 2773 2846 2846 2847 2847 2816 2816 2847 2847 2846 2846 2847 2847 2816 2816 2848 2848 2815 2815 2848 2848 2816 2816 2848 2848 2815 2815 2652 2652 2849 2849 2652 2652 2815 2815 2652 2652 2849 2849 2650 2650 2822 2822 2850 2850 2823 2823 2732 2732 2823 2823 2850 2850 2823 2823 2732 2732 2729 2729 2734 2734 2729 2729 2732 2732 2729 2729 2734 2734 2730 2730 2736 2736 2735 2735 2737 2737 2733 2733 2737 2737 2735 2735 2737 2737 2733 2733 2851 2851 2852 2852 2851 2851 2733 2733 2851 2851 2852 2852 2853 2853 2829 2829 2853 2853 2852 2852 2853 2853 2829 2829 2854 2854 2827 2827 2854 2854 2829 2829 2609 2609 2855 2855 2616 2616 2856 2856 2616 2616 2855 2855 2616 2616 2856 2856 2691 2691 2740 2740 2691 2691 2856 2856 2691 2691 2740 2740 2834 2834 2739 2739 2834 2834 2740 2740 2834 2834 2739 2739 2832 2832 2840 2840 2857 2857 2841 2841 2752 2752 2841 2841 2857 2857 2841 2841 2752 2752 2718 2718 2751 2751 2718 2718 2752 2752 2718 2718 2751 2751 2719 2719 2755 2755 2754 2754 2842 2842 2858 2858 2842 2842 2754 2754 2842 2842 2858 2858 2859 2859 2860 2860 2859 2859 2858 2858 2859 2859 2860 2860 2861 2861 2862 2862 2861 2861 2860 2860 2861 2861 2862 2862 2863 2863 2864 2864 2863 2863 2862 2862 2863 2863 2864 2864 2865 2865 2866 2866 2865 2865 2864 2864 2865 2865 2866 2866 2867 2867 2765 2765 2767 2767 2868 2868 2869 2869 2868 2868 2767 2767 2868 2868 2869 2869 2870 2870 2871 2871 2870 2870 2869 2869 2870 2870 2871 2871 2872 2872 2873 2873 2872 2872 2871 2871 2872 2872 2873 2873 2874 2874 2875 2875 2874 2874 2873 2873 2874 2874 2875 2875 2876 2876 2723 2723 2876 2876 2875 2875 2876 2876 2723 2723 2877 2877 2722 2722 2877 2877 2723 2723 2877 2877 2722 2722 2756 2756 2878 2878 2756 2756 2722 2722 2756 2756 2878 2878 2757 2757 2879 2879 2880 2880 2881 2881 2882 2882 2883 2883 2884 2884 2885 2885 2884 2884 2883 2883 2884 2884 2885 2885 2886 2886 2887 2887 2886 2886 2885 2885 2888 2888 2889 2889 2890 2890 2891 2891 2890 2890 2889 2889 2890 2890 2891 2891 2892 2892 2893 2893 2892 2892 2891 2891 2892 2892 2893 2893 2894 2894 2895 2895 2894 2894 2893 2893 2894 2894 2895 2895 2896 2896 2897 2897 2896 2896 2895 2895 2896 2896 2897 2897 2898 2898 2899 2899 2900 2900 2901 2901 2890 2890 2652 2652 2888 2888 2651 2651 2888 2888 2652 2652 2888 2888 2651 2651 2902 2902 2903 2903 2902 2902 2651 2651 2902 2902 2903 2903 2904 2904 2879 2879 2881 2881 2905 2905 2906 2906 2905 2905 2881 2881 2905 2905 2906 2906 2907 2907 2908 2908 2907 2907 2906 2906 2907 2907 2908 2908 2909 2909 2899 2899 2909 2909 2908 2908 2909 2909 2899 2899 2910 2910 2910 2910 2899 2899 2911 2911 2901 2901 2911 2911 2899 2899 2911 2911 2901 2901 2875 2875 2912 2912 2875 2875 2901 2901 2875 2875 2912 2912 2723 2723 2885 2885 2913 2913 2887 2887 2914 2914 2887 2887 2913 2913 2887 2887 2914 2914 2915 2915 2904 2904 2915 2915 2914 2914 2915 2915 2904 2904 2916 2916 2903 2903 2916 2916 2904 2904 2916 2916 2903 2903 2900 2900 2917 2917 2900 2900 2903 2903 2900 2900 2917 2917 2901 2901 2918 2918 2919 2919 2920 2920 2921 2921 2920 2920 2919 2919 2921 2921 2922 2922 2920 2920 2923 2923 2920 2920 2922 2922 2920 2920 2923 2923 2924 2924 2924 2924 2925 2925 2920 2920 2926 2926 2920 2920 2925 2925 2920 2920 2926 2926 2927 2927 2928 2928 2929 2929 2930 2930 2931 2931 2930 2930 2929 2929 2930 2930 2931 2931 2932 2932 2933 2933 2934 2934 2930 2930 2935 2935 2930 2930 2934 2934 2930 2930 2935 2935 2936 2936 2932 2932 2937 2937 2930 2930 2938 2938 2930 2930 2937 2937 2930 2930 2938 2938 2933 2933 2936 2936 2939 2939 2940 2940 2941 2941 2940 2940 2939 2939 2940 2940 2941 2941 2942 2942 2942 2942 2943 2943 2940 2940 2944 2944 2940 2940 2943 2943 2940 2940 2944 2944 2945 2945 2945 2945 2946 2946 2940 2940 2947 2947 2940 2940 2946 2946 2940 2940 2947 2947 2948 2948 2949 2949 2950 2950 2951 2951 2952 2952 2951 2951 2950 2950 2951 2951 2952 2952 2918 2918 2948 2948 2953 2953 2951 2951 2954 2954 2951 2951 2953 2953 2951 2951 2954 2954 2955 2955 2955 2955 2956 2956 2951 2951 2957 2957 2951 2951 2956 2956 2951 2951 2957 2957 2949 2949 2958 2958 2959 2959 2960 2960 2961 2961 2962 2962 2963 2963 2964 2964 2963 2963 2962 2962 2963 2963 2964 2964 2960 2960 2965 2965 2960 2960 2964 2964 2960 2960 2965 2965 2958 2958 2966 2966 2967 2967 2961 2961 2968 2968 2961 2961 2967 2967 2961 2961 2968 2968 2962 2962 2969 2969 2970 2970 2971 2971 2972 2972 2971 2971 2970 2970 2971 2971 2972 2972 2966 2966 2973 2973 2966 2966 2972 2972 2966 2966 2973 2973 2967 2967 2974 2974 2975 2975 2969 2969 2976 2976 2969 2969 2975 2975 2969 2969 2976 2976 2970 2970 2977 2977 2978 2978 2979 2979 2980 2980 2979 2979 2978 2978 2979 2979 2980 2980 2974 2974 2981 2981 2974 2974 2980 2980 2974 2974 2981 2981 2975 2975 2977 2977 2979 2979 2982 2982 2983 2983 2982 2982 2979 2979 2982 2982 2983 2983 2984 2984 2985 2985 2984 2984 2983 2983 2984 2984 2985 2985 2986 2986 2987 2987 2986 2986 2985 2985 2986 2986 2987 2987 2988 2988 2988 2988 2987 2987 2989 2989 2990 2990 2989 2989 2987 2987 2989 2989 2990 2990 2991 2991 2991 2991 2990 2990 2992 2992 2993 2993 2992 2992 2990 2990 2992 2992 2993 2993 2994 2994 2994 2994 2993 2993 2995 2995 2996 2996 2995 2995 2993 2993 2995 2995 2996 2996 2997 2997 2998 2998 2997 2997 2996 2996 2997 2997 2998 2998 2999 2999 2999 2999 2998 2998 3000 3000 3001 3001 3000 3000 2998 2998 3000 3000 3001 3001 3002 3002 3002 3002 3001 3001 3003 3003 3004 3004 3003 3003 3001 3001 3003 3003 3004 3004 3005 3005 3005 3005 3004 3004 3006 3006 3007 3007 3006 3006 3004 3004 3006 3006 3007 3007 3008 3008 3008 3008 3007 3007 3009 3009 3010 3010 3009 3009 3007 3007 3009 3009 3010 3010 3011 3011 3011 3011 3010 3010 3012 3012 3013 3013 3012 3012 3010 3010 3012 3012 3013 3013 3014 3014 3014 3014 3013 3013 3015 3015 3016 3016 3015 3015 3013 3013 3015 3015 3016 3016 3017 3017 3017 3017 3016 3016 3018 3018 3019 3019 3018 3018 3016 3016 3018 3018 3019 3019 3020 3020 3021 3021 3020 3020 3019 3019 3020 3020 3021 3021 3022 3022 3023 3023 3022 3022 3021 3021 3022 3022 3023 3023 3024 3024 3025 3025 3026 3026 3023 3023 3027 3027 3023 3023 3026 3026 3023 3023 3027 3027 3024 3024 3028 3028 3029 3029 3025 3025 3030 3030 3025 3025 3029 3029 3025 3025 3030 3030 3026 3026 3031 3031 3032 3032 3033 3033 3034 3034 3033 3033 3032 3032 3033 3033 3034 3034 3028 3028 3035 3035 3028 3028 3034 3034 3028 3028 3035 3035 3029 3029 3036 3036 3037 3037 3031 3031 3038 3038 3031 3031 3037 3037 3031 3031 3038 3038 3032 3032 3039 3039 3040 3040 3041 3041 3042 3042 3041 3041 3040 3040 3041 3041 3042 3042 3036 3036 3043 3043 3036 3036 3042 3042 3036 3036 3043 3043 3037 3037 3044 3044 3045 3045 3039 3039 3046 3046 3039 3039 3045 3045 3039 3039 3046 3046 3040 3040 2948 2948 2951 2951 2940 2940 3047 3047 2940 2940 2951 2951 2940 2940 3047 3047 3048 3048 3049 3049 3048 3048 3047 3047 3048 3048 3049 3049 3044 3044 3050 3050 3044 3044 3049 3049 3044 3044 3050 3050 3045 3045 2927 2927 2928 2928 2920 2920 2930 2930 2920 2920 2928 2928 2920 2920 2930 2930 3051 3051 3052 3052 3051 3051 2930 2930 3053 3053 3054 3054 3055 3055 3056 3056 3055 3055 3054 3054 3055 3055 3056 3056 3052 3052 3057 3057 3052 3052 3056 3056 3052 3052 3057 3057 3051 3051 3058 3058 3059 3059 3060 3060 3061 3061 3060 3060 3059 3059 3060 3060 3061 3061 3062 3062 3063 3063 3062 3062 3061 3061 3062 3062 3063 3063 3053 3053 3064 3064 3053 3053 3063 3063 3053 3053 3064 3064 3054 3054 3065 3065 3066 3066 3058 3058 3067 3067 3058 3058 3066 3066 3058 3058 3067 3067 3059 3059 3068 3068 3069 3069 3065 3065 3070 3070 3065 3065 3069 3069 3065 3065 3070 3070 3066 3066 2958 2958 3071 3071 2959 2959 3072 3072 2959 2959 3071 3071 2959 2959 3072 3072 3073 3073 3074 3074 3073 3073 3072 3072 3073 3073 3074 3074 3075 3075 3076 3076 3075 3075 3074 3074 3075 3075 3076 3076 3068 3068 3077 3077 3068 3068 3076 3076 3068 3068 3077 3077 3069 3069 3078 3078 3079 3079 3080 3080 3081 3081 3080 3080 3079 3079 3080 3080 3081 3081 3082 3082 3083 3083 3082 3082 3081 3081 3082 3082 3083 3083 3084 3084 3085 3085 3084 3084 3083 3083 3084 3084 3085 3085 3086 3086 3087 3087 3086 3086 3085 3085 3086 3086 3087 3087 3088 3088 3089 3089 3088 3088 3087 3087 3088 3088 3089 3089 3090 3090 3091 3091 3090 3090 3089 3089 3090 3090 3091 3091 3092 3092 3093 3093 3092 3092 3091 3091 3092 3092 3093 3093 3094 3094 3095 3095 3096 3096 3097 3097 3098 3098 3097 3097 3096 3096 3097 3097 3098 3098 3099 3099 3100 3100 3099 3099 3098 3098 3099 3099 3100 3100 3101 3101 3102 3102 3101 3101 3100 3100 3101 3101 3102 3102 3103 3103 3104 3104 3103 3103 3102 3102 3103 3103 3104 3104 3105 3105 3106 3106 3105 3105 3104 3104 3105 3105 3106 3106 3107 3107 3108 3108 3107 3107 3106 3106 3107 3107 3108 3108 3109 3109 3110 3110 3109 3109 3108 3108 3109 3109 3110 3110 3078 3078 3111 3111 3078 3078 3110 3110 3078 3078 3111 3111 3079 3079 3093 3093 3112 3112 3094 3094 3113 3113 3094 3094 3112 3112 3094 3094 3113 3113 3114 3114 3115 3115 3114 3114 3113 3113 3114 3114 3115 3115 3116 3116 3117 3117 3116 3116 3115 3115 3116 3116 3117 3117 3118 3118 3119 3119 3118 3118 3117 3117 3118 3118 3119 3119 3120 3120 3121 3121 3120 3120 3119 3119 3120 3120 3121 3121 3122 3122 3123 3123 3122 3122 3121 3121 3122 3122 3123 3123 3124 3124 3125 3125 3124 3124 3123 3123 3124 3124 3125 3125 3126 3126 3127 3127 3126 3126 3125 3125 3126 3126 3127 3127 3095 3095 3128 3128 3095 3095 3127 3127 3095 3095 3128 3128 3096 3096 3129 3129 3130 3130 3131 3131 3132 3132 3131 3131 3130 3130 3131 3131 3132 3132 3133 3133 3134 3134 3133 3133 3132 3132 3133 3133 3134 3134 3135 3135 3136 3136 3135 3135 3134 3134 3135 3135 3136 3136 3137 3137 3136 3136 3138 3138 3137 3137 3139 3139 3137 3137 3138 3138 3137 3137 3139 3139 3140 3140 3139 3139 3141 3141 3140 3140 3142 3142 3140 3140 3141 3141 3140 3140 3142 3142 3143 3143 3144 3144 3143 3143 3142 3142 3143 3143 3144 3144 3145 3145 3144 3144 3146 3146 3145 3145 3147 3147 3145 3145 3146 3146 3145 3145 3147 3147 3148 3148 3149 3149 3148 3148 3147 3147 3148 3148 3149 3149 3150 3150 3151 3151 3150 3150 3149 3149 3150 3150 3151 3151 3152 3152 3153 3153 3152 3152 3151 3151 3152 3152 3153 3153 3154 3154 3155 3155 3154 3154 3153 3153 3154 3154 3155 3155 3156 3156 3157 3157 3156 3156 3155 3155 3156 3156 3157 3157 3158 3158 3159 3159 3158 3158 3157 3157 3158 3158 3159 3159 3160 3160 3159 3159 3161 3161 3160 3160 3162 3162 3160 3160 3161 3161 3160 3160 3162 3162 3163 3163 3164 3164 3163 3163 3162 3162 3163 3163 3164 3164 3165 3165 3166 3166 3165 3165 3164 3164 3165 3165 3166 3166 3167 3167 3168 3168 3167 3167 3166 3166 3168 3168 3169 3169 3167 3167 3170 3170 3167 3167 3169 3169 3167 3167 3170 3170 3171 3171 3172 3172 3171 3171 3170 3170 3171 3171 3172 3172 3173 3173 3172 3172 3174 3174 3173 3173 3175 3175 3173 3173 3174 3174 3173 3173 3175 3175 3176 3176 3175 3175 3177 3177 3176 3176 3178 3178 3176 3176 3177 3177 3176 3176 3178 3178 3179 3179 3178 3178 3180 3180 3179 3179 3181 3181 3179 3179 3180 3180 3179 3179 3181 3181 3182 3182 3183 3183 3182 3182 3181 3181 3182 3182 3183 3183 3184 3184 3185 3185 3184 3184 3183 3183 3184 3184 3185 3185 3186 3186 3187 3187 3186 3186 3185 3185 3186 3186 3187 3187 3188 3188 3189 3189 3188 3188 3187 3187 3188 3188 3189 3189 3190 3190 3191 3191 3190 3190 3189 3189 3190 3190 3191 3191 3192 3192 3193 3193 3192 3192 3191 3191 3192 3192 3193 3193 3131 3131 3194 3194 3131 3131 3193 3193 3131 3131 3194 3194 3129 3129 3195 3195 3196 3196 3197 3197 3198 3198 3199 3199 3200 3200 3201 3201 3200 3200 3199 3199 3200 3200 3201 3201 3202 3202 3203 3203 3202 3202 3201 3201 3202 3202 3203 3203 3204 3204 3205 3205 3204 3204 3203 3203 3204 3204 3205 3205 3206 3206 3207 3207 3206 3206 3205 3205 3206 3206 3207 3207 3208 3208 3209 3209 3208 3208 3207 3207 3208 3208 3209 3209 3210 3210 3211 3211 3210 3210 3209 3209 3210 3210 3211 3211 3196 3196 3212 3212 3196 3196 3211 3211 3196 3196 3212 3212 3197 3197 3213 3213 3214 3214 3198 3198 3215 3215 3198 3198 3214 3214 3198 3198 3215 3215 3199 3199 3216 3216 3217 3217 3213 3213 3218 3218 3213 3213 3217 3217 3213 3213 3218 3218 3214 3214 3219 3219 3220 3220 3216 3216 3221 3221 3216 3216 3220 3220 3216 3216 3221 3221 3217 3217 3222 3222 3223 3223 3219 3219 3224 3224 3219 3219 3223 3223 3219 3219 3224 3224 3220 3220 3225 3225 3226 3226 3222 3222 3227 3227 3222 3222 3226 3226 3222 3222 3227 3227 3223 3223 3228 3228 3229 3229 3225 3225 3230 3230 3225 3225 3229 3229 3225 3225 3230 3230 3226 3226 3225 3225 3231 3231 3228 3228 3232 3232 3228 3228 3231 3231 3228 3228 3232 3232 3233 3233 3234 3234 3233 3233 3232 3232 3233 3233 3234 3234 3235 3235 3236 3236 3235 3235 3234 3234 3235 3235 3236 3236 3237 3237 3238 3238 3237 3237 3236 3236 3237 3237 3238 3238 3239 3239 3240 3240 3239 3239 3238 3238 3239 3239 3240 3240 3241 3241 3242 3242 3241 3241 3240 3240 3241 3241 3242 3242 3243 3243 3244 3244 3245 3245 3246 3246 3246 3246 3247 3247 3244 3244 3248 3248 3244 3244 3247 3247 3244 3244 3248 3248 3242 3242 3249 3249 3242 3242 3248 3248 3242 3242 3249 3249 3243 3243 3197 3197 3250 3250 3195 3195 3251 3251 3195 3195 3250 3250 3195 3195 3251 3251 3252 3252 3253 3253 3252 3252 3251 3251 3252 3252 3253 3253 3245 3245 3254 3254 3245 3245 3253 3253 3245 3245 3254 3254 3246 3246</p>
        </triangles>
      </mesh>
    </geometry>
  </library_geometries>
  <library_materials>
    <material id="48d7b696177c4b9a88734eb35a5d890d" name="defaultmaterial">
      <instance_effect url="#94950ab927b948be9cb069b0041d5b3b"/>
    </material>
  </library_materials>
  <library_visual_scenes>
    <visual_scene id="scene">
      <node id="node0" name="node0">
        <instance_geometry url="#249c42a624e2455bb8f728e73933f9fb">
          <bind_material>
            <technique_common>
              <instance_material symbol="material0" target="#48d7b696177c4b9a88734eb35a5d890d"/>
            </technique_common>
          </bind_material>
        </instance_geometry>
      </node>
    </visual_scene>
  </library_visual_scenes>
  <scene>
    <instance_visual_scene url="#scene"/>
  </scene>
</COLLADA>
