<COLLADA xmlns="http://www.collada.org/2005/11/COLLADASchema" version="1.4.1">
  <asset>
    <created>2026-07-22T20:42:49.137685</created>
    <modified>2026-07-22T20:42:49.137685</modified>
    <up_axis>Y_UP</up_axis>
  </asset>
  <library_effects>
    <effect id="4aea419b2be047928ad96134525e0e93" name="4aea419b2be047928ad96134525e0e93">
      <profile_COMMON>
        <technique sid="common">
          <phong>
            <emission>
              <color>0.0 0.0 0.0 1.0</color>
            </emission>
            <ambient>
              <color>0.0 0.0 0.0 1.0</color>
            </ambient>
            <diffuse>
              <color>1.0 1.0 1.0 1.0</color>
            </diffuse>
            <specular>
              <color>0.0 0.0 0.0 1.0</color>
            </specular>
            <shininess>
              <float>0.0</float>
            </shininess>
            <reflective>
              <color>0.0 0.0 0.0 1.0</color>
            </reflective>
            <reflectivity>
              <float>0.0</float>
            </reflectivity>
            <transparent>
              <color>0.0 0.0 0.0 1.0</color>
            </transparent>
            <transparency>
              <float>1.0</float>
            </transparency>
          </phong>
        </technique>
        <extra>
          <technique profile="GOOGLEEARTH">
            <double_sided>0</double_sided>
          </technique>
        </extra>
      </profile_COMMON>
    </effect>
  </library_effects>
  <library_geometries>
    <geometry id="1032d9bc768d4a16bd38f787fa258568" name="8337fa41f92e4d36a242a60b480416e5">
      <mesh>
        <source id="verts-array">
          <float_array count="26187" id="verts-array-array">-0.00106252 -0.0102153 -0.005 -0.0011 -0.0105 -0.005 -0.014175 -0.009325 -0.005 -0.00748341 0.00543701 -0.005 -0.0077185 0.005075 -0.005 -0.014175 0.005075 -0.005 -0.0212847 0.0115625 -0.005 -0.0215 0.0114733 -0.005 -0.0215 0.0175 -0.005 -0.04 0.01 -0.005 -0.04 0.0175 -0.005 -0.038 0.01 -0.005 -0.0220625 0.0102153 -0.005 -0.038 0.009325 -0.005 -0.0221 0.0105 -0.005 -0.0220625 0.0107847 -0.005 -0.0219526 0.00995 -0.005 -0.0217778 0.00972218 -0.005 -0.0215 0.009325 -0.005 -0.02155 0.00954737 -0.005 -0.0215 0.00952666 -0.005 -0.02155 0.0114526 -0.005 -0.0217778 0.0112778 -0.005 -0.0219526 0.01105 -0.005 -0.038 0.005075 -0.005 -0.0215 0.005075 -0.005 -0.038 -0.005075 -0.005 -0.0215 -0.005075 -0.005 -0.039 -0.01 -0.005 -0.038 -0.01 -0.005 -0.039 -0.01455 -0.005 -0.0215 -0.01455 -0.005 -0.039 -0.0175 -0.005 -0.0217778 -0.00972218 -0.005 -0.038 -0.009325 -0.005 -0.02155 -0.00954737 -0.005 -0.0215 -0.009325 -0.005 -0.0215 -0.00952666 -0.005 -0.0219526 -0.00995 -0.005 -0.0220625 -0.0102153 -0.005 -0.0221 -0.0105 -0.005 -0.0220625 -0.0107847 -0.005 -0.0219526 -0.01105 -0.005 -0.0217778 -0.0112778 -0.005 -0.02155 -0.0114526 -0.005 -0.0215 -0.0114733 -0.005 0.04 -0.01 -0.005 0.04 -0.01455 -0.005 0.038 -0.01 -0.005 0.014175 -0.01455 -0.005 0.038 -0.009325 -0.005 0.014175 -0.005075 -0.005 0.038 -0.005075 -0.005 0.014175 -0.009325 -0.005 0.02 0.0009 -0.005 0.0197671 0.000869333 -0.005 0.014175 0.005075 -0.005 0.0192206 -0.00045 -0.005 0.0193636 -0.000636396 -0.005 0.01955 -0.000779423 -0.005 0.02045 -0.000779423 -0.005 0.0206364 -0.000636396 -0.005 0.0192206 0.00045 -0.005 0.0191307 0.000232937 -0.005 0.0191 5.09898e-19 -0.005 0.0191307 -0.000232937 -0.005 0.0202329 0.000869333 -0.005 0.01955 0.000779423 -0.005 0.0193636 0.000636396 -0.005 0.0208693 0.000232937 -0.005 0.0207794 0.00045 -0.005 0.038 0.005075 -0.005 0.0206364 0.000636396 -0.005 0.02045 0.000779423 -0.005 0.0197671 -0.000869333 -0.005 0.02 -0.0009 -0.005 0.0202329 -0.000869333 -0.005 0.0207794 -0.00045 -0.005 0.0208693 -0.000232937 -0.005 0.0209 -2.20436e-19 -0.005 0.038 0.009325 -0.005 0.014175 0.009325 -0.005 0.038 0.01 -0.005 0.014175 0.0175 -0.005 0.039 0.0175 -0.005 0.039 0.01 -0.005 -0.0195 -0.01455 -0.005 -0.02045 -0.0114526 -0.005 -0.0202222 -0.0112778 -0.005 -0.0212847 -0.0115625 -0.005 -0.021 -0.0116 -0.005 -0.0207153 -0.0115625 -0.005 -0.0200474 -0.01105 -0.005 -0.0199375 -0.0107847 -0.005 -0.0199 -0.0105 -0.005 -0.0195 -0.009325 -0.005 -0.0199375 -0.0102153 -0.005 -0.02045 -0.00954737 -0.005 -0.0207153 -0.00943748 -0.005 -0.021 -0.0094 -0.005 -0.0212847 -0.00943748 -0.005 -0.0200474 -0.00995 -0.005 -0.0202222 -0.00972218 -0.005 -0.0207153 0.00943748 -0.005 -0.0195 0.009325 -0.005 -0.021 0.0094 -0.005 -0.0212847 0.00943748 -0.005 -0.02045 0.00954737 -0.005 -0.0202222 0.00972218 -0.005 -0.0200474 0.00995 -0.005 -0.0199375 0.0102153 -0.005 -0.0199 0.0105 -0.005 -0.0199375 0.0107847 -0.005 -0.0202222 0.0112778 -0.005 -0.0195 0.0175 -0.005 -0.0200474 0.01105 -0.005 -0.02045 0.0114526 -0.005 -0.0207153 0.0115625 -0.005 -0.021 0.0116 -0.005 -0.0207794 -0.00045 -0.005 -0.0206364 -0.000636396 -0.005 -0.0206364 0.000636396 -0.005 -0.0207794 0.00045 -0.005 -0.02045 0.000779423 -0.005 -0.01955 0.000779423 -0.005 -0.0197671 0.000869333 -0.005 -0.0195 0.005075 -0.005 -0.02 0.0009 -0.005 -0.0202329 0.000869333 -0.005 -0.0208693 0.000232937 -0.005 -0.0209 3.30655e-19 -0.005 -0.0208693 -0.000232937 -0.005 -0.02045 -0.000779423 -0.005 -0.0202329 -0.000869333 -0.005 -0.0195 -0.005075 -0.005 -0.02 -0.0009 -0.005 -0.0197671 -0.000869333 -0.005 -0.01955 -0.000779423 -0.005 -0.0195 -0.000741057 -0.005 -0.014175 -0.005075 -0.005 -0.0193636 -0.000636396 -0.005 -0.0191307 0.000232937 -0.005 -0.0192206 0.00045 -0.005 -0.0193636 0.000636396 -0.005 -0.0195 0.000741057 -0.005 -0.0192206 -0.00045 -0.005 -0.0191307 -0.000232937 -0.005 -0.0191 0 -0.005 -0.00904786 -0.00192318 -0.005 -0.00879727 -0.00285841 -0.005 -0.00879727 0.00285841 -0.005 -0.00904786 0.00192318 -0.005 -0.0084503 -0.00376231 -0.005 -0.00801073 -0.004625 -0.005 -0.0077185 -0.005075 -0.005 -0.00801073 0.004625 -0.005 -0.0084503 0.00376231 -0.005 -0.00919933 0.000966888 -0.005 -0.00925 0 -0.005 -0.00919933 -0.000966888 -0.005 0.004625 0.00801073 -0.005 0.00376231 0.0084503 -0.005 0.005175 0.009325 -0.005 0.00285841 0.00879727 -0.005 0.00192318 0.00904786 -0.005 0.000966888 0.00919933 -0.005 -5.66399e-19 0.00925 -0.005 -0.000966888 0.00919933 -0.005 -0.014175 0.009325 -0.005 -0.00192318 0.00904786 -0.005 -0.00285841 0.00879727 -0.005 -0.00376231 0.0084503 -0.005 -0.004625 0.00801073 -0.005 -0.00543701 0.00748341 -0.005 -0.00618946 0.00687409 -0.005 -0.00687409 0.00618946 -0.005 0.00687409 0.00618946 -0.005 0.00618946 0.00687409 -0.005 0.00543701 0.00748341 -0.005 0.005175 0.00765356 -0.005 0.0084503 0.00376231 -0.005 0.00801073 0.004625 -0.005 0.0077185 0.005075 -0.005 0.00748341 0.00543701 -0.005 0.00801073 -0.004625 -0.005 0.0084503 -0.00376231 -0.005 0.00879727 -0.00285841 -0.005 0.00919933 0.000966888 -0.005 0.00904786 0.00192318 -0.005 0.00879727 0.00285841 -0.005 0.00904786 -0.00192318 -0.005 0.00919933 -0.000966888 -0.005 0.00925 1.1328e-18 -0.005 0.005175 -0.009325 -0.005 0.005175 -0.00765356 -0.005 0.00543701 -0.00748341 -0.005 0.00618946 -0.00687409 -0.005 0.00687409 -0.00618946 -0.005 0.00748341 -0.00543701 -0.005 0.0077185 -0.005075 -0.005 -0.00748341 -0.00543701 -0.005 0.00192318 -0.00904786 -0.005 0.00285841 -0.00879727 -0.005 -0.00543701 -0.00748341 -0.005 -0.004625 -0.00801073 -0.005 0.00376231 -0.0084503 -0.005 0.004625 -0.00801073 -0.005 -0.00687409 -0.00618946 -0.005 -0.00618946 -0.00687409 -0.005 -0.00376231 -0.0084503 -0.005 -0.00285841 -0.00879727 -0.005 -0.00192318 -0.00904786 -0.005 -0.000966888 -0.00919933 -0.005 1.6992e-18 -0.00925 -0.005 0.000966888 -0.00919933 -0.005 -0.0011 0.0105 -0.005 -0.00106252 0.0102153 -0.005 -0.000952628 0.00995 -0.005 -0.000777817 0.00972218 -0.005 1.17906e-18 0.0094 -0.005 0.000284701 0.00943748 -0.005 -0.00055 0.00954737 -0.005 -0.000284701 0.00943748 -0.005 0.00055 0.00954737 -0.005 0.000777817 0.00972218 -0.005 0.000952628 0.00995 -0.005 0.000952628 0.01105 -0.005 0.000777817 0.0112778 -0.005 0.005175 0.0175 -0.005 0.00055 0.0114526 -0.005 0.000284701 0.0115625 -0.005 -3.11605e-19 0.0116 -0.005 -0.014175 0.0175 -0.005 -0.000284701 0.0115625 -0.005 -0.00055 0.0114526 -0.005 -0.000777817 0.0112778 -0.005 -0.000952628 0.01105 -0.005 -0.00106252 0.0107847 -0.005 0.00106252 0.0102153 -0.005 0.0011 0.0105 -0.005 0.00106252 0.0107847 -0.005 0.000284701 -0.0115625 -0.005 0.00055 -0.0114526 -0.005 0.005175 -0.01455 -0.005 -0.00106252 -0.0107847 -0.005 -0.000952628 -0.01105 -0.005 -0.014175 -0.01455 -0.005 -0.000777817 -0.0112778 -0.005 -0.00055 -0.0114526 -0.005 -0.000284701 -0.0115625 -0.005 1.17906e-18 -0.0116 -0.005 0.000777817 -0.0112778 -0.005 0.000952628 -0.01105 -0.005 0.00106252 -0.0107847 -0.005 0.000777817 -0.00972218 -0.005 0.00055 -0.00954737 -0.005 0.000284701 -0.00943748 -0.005 -3.11605e-19 -0.0094 -0.005 -0.000284701 -0.00943748 -0.005 -0.00055 -0.00954737 -0.005 -0.000777817 -0.00972218 -0.005 -0.000952628 -0.00995 -0.005 0.0011 -0.0105 -0.005 0.00106252 -0.0102153 -0.005 0.000952628 -0.00995 -0.005 -0.0215 -0.0175 -0.005 -0.0195 -0.0175 -0.005 -0.014175 -0.0175 -0.005 0.005175 -0.0175 -0.005 0.014175 -0.0175 -0.005 0.04 -0.0175 -0.005 0.038 -0.01 0 0.038 -0.00775 0 0.0050265 -0.00775 0 -0.0190681 -0.0110176 0 -0.011125 -0.0165 0 -0.019 -0.0105 0 -0.011125 -0.00775 0 -0.0190681 -0.00998236 0 -0.04 -0.01 0 -0.04 -0.011 0 -0.038 -0.01 0 -0.038 -0.011 0 -0.022 -0.0122321 0 -0.0224142 -0.0119142 0 -0.038 -0.0165 0 -0.0215176 -0.00856815 0 -0.021 -0.0085 0 -0.038 -0.00775 0 -0.0204824 -0.00856815 0 -0.02 -0.00876795 0 -0.0195858 -0.00908579 0 -0.0192679 -0.0095 0 -0.0192679 -0.0115 0 -0.0195858 -0.0119142 0 -0.02 -0.0122321 0 -0.0204824 -0.0124319 0 -0.021 -0.0125 0 -0.0215176 -0.0124319 0 -0.0224142 -0.00908579 0 -0.0227321 -0.0095 0 -0.0229319 -0.00998236 0 -0.022 -0.00876795 0 -0.0227321 -0.0115 0 -0.0229319 -0.0110176 0 -0.023 -0.0105 0 -0.0269094 -0.00112288 0 -0.027 -1.71451e-18 0 -0.038 0.011 0 -0.0140837 0.00374126 0 -0.0135601 0.00274377 0 -0.011125 0.0165 0 -0.0147604 0.00464186 0 -0.0132034 0.00167521 0 -0.0130227 0.000563266 0 -0.0130227 -0.000563266 0 -0.0132034 -0.00167521 0 -0.0266398 -0.00221668 0 -0.038 0.01 0 -0.04 0.01 0 -0.04 0.011 0 -0.0229319 0.0110176 0 -0.0227321 0.0115 0 -0.038 0.0165 0 -0.0224142 0.0119142 0 -0.022 0.0122321 0 -0.0135601 -0.00274377 0 -0.0140837 -0.00374126 0 -0.0147604 -0.00464186 0 -0.0155729 -0.00542223 0 -0.0165 -0.00606218 0 -0.0175178 -0.00654511 0 -0.0219475 -0.00672363 0 -0.0230008 -0.00632415 0 -0.0239765 -0.00576089 0 -0.0248491 -0.00504842 0 -0.0255961 -0.0042052 0 -0.0261982 -0.00325306 0 -0.0192679 0.0095 0 -0.0190681 0.00998236 0 -0.019 0.0105 0 -0.0190681 0.0110176 0 -0.0195858 0.00908579 0 -0.0165 0.00606218 0 -0.0155729 0.00542223 0 -0.0215176 0.0124319 0 -0.021 0.0125 0 -0.0204824 0.0124319 0 -0.02 0.0122321 0 -0.0195858 0.0119142 0 -0.0192679 0.0115 0 -0.0185998 -0.00685853 0 -0.0197181 -0.00699432 0 -0.0208438 -0.00694896 0 -0.0269094 0.00112288 0 -0.0266398 0.00221668 0 -0.0261982 0.00325306 0 -0.0224142 0.00908579 0 -0.0239765 0.00576089 0 -0.022 0.00876795 0 -0.0230008 0.00632415 0 -0.0215176 0.00856815 0 -0.0219475 0.00672363 0 -0.021 0.0085 0 -0.0208438 0.00694896 0 -0.0204824 0.00856815 0 -0.0197181 0.00699432 0 -0.02 0.00876795 0 -0.0185998 0.00685853 0 -0.0175178 0.00654511 0 -0.023 0.0105 0 -0.0229319 0.00998236 0 -0.0227321 0.0095 0 -0.0255961 0.0042052 0 -0.0248491 0.00504842 0 0.04 0.01 0 0.04 0.011 0 0.038 0.01 0 0.038 0.011 0 -0.00376231 0.0084503 0 -0.00173205 0.0095 0 -0.00193185 0.00998236 0 0.000517638 0.0124319 0 0.038 0.0165 0 5.66554e-19 0.0125 0 -0.000517638 0.0124319 0 -0.001 0.0122321 0 -0.00285841 0.00879727 0 -0.00192318 0.00904786 0 -0.00146077 0.00913393 0 -0.00193185 0.0110176 0 -0.00173205 0.0115 0 -0.00141421 0.0119142 0 0.0202819 0.00699432 0 0.0214002 0.00685853 0 0.0224822 0.00654511 0 0.0235 0.00606218 0 0.0244271 0.00542223 0 0.0264399 0.00274377 0 0.0259163 0.00374126 0 0.0252396 0.00464186 0 0.001 0.0122321 0 0.00141421 0.0119142 0 0.00173205 0.0115 0 0.00376231 0.0084503 0 0.00193185 0.00998236 0 0.00173205 0.0095 0 -0.00904786 -0.00192318 0 -0.00919933 -0.000966888 0 0.0267966 0.00167521 0 0.0269773 0.000563266 0 0.0269773 -0.000563266 0 0.0267966 -0.00167521 0 0.00146077 0.00913393 0 0.00192318 0.00904786 0 0.00285841 0.00879727 0 -0.00618946 -0.00687409 0 -0.00687409 -0.00618946 0 -0.00748341 -0.00543701 0 -0.00801073 -0.004625 0 0.0264399 -0.00274377 0 0.0259163 -0.00374126 0 0.0252396 -0.00464186 0 -0.0084503 -0.00376231 0 -0.00879727 -0.00285841 0 0.0244271 -0.00542223 0 0.0235 -0.00606218 0 0.0224822 -0.00654511 0 0.0180525 -0.00672363 0 0.0169992 -0.00632415 0 0.0160235 -0.00576089 0 -0.00925 1.1328e-18 0 -0.00919933 0.000966888 0 -0.00904786 0.00192318 0 -0.00879727 0.00285841 0 -0.002 0.0105 0 -0.00543701 0.00748341 0 -0.004625 0.00801073 0 0.0214002 -0.00685853 0 0.0202819 -0.00699432 0 0.0191562 -0.00694896 0 -0.0084503 0.00376231 0 -0.00801073 0.004625 0 -0.00748341 0.00543701 0 0.0151509 -0.00504842 0 0.0144039 -0.0042052 0 0.0138018 -0.00325306 0 -0.00687409 0.00618946 0 -0.00618946 0.00687409 0 0.00748341 -0.00543701 0 0.00687409 -0.00618946 0 0.0151509 0.00504842 0 0.0160235 0.00576089 0 0.00193185 0.0110176 0 0.0169992 0.00632415 0 0.0180525 0.00672363 0 0.004625 0.00801073 0 0.002 0.0105 0 0.0191562 0.00694896 0 0.00618946 -0.00687409 0 0.00543701 -0.00748341 0 0.0133602 -0.00221668 0 0.0130906 -0.00112288 0 0.00904786 -0.00192318 0 0.00879727 -0.00285841 0 0.0084503 -0.00376231 0 0.00801073 -0.004625 0 0.0130906 0.00112288 0 0.00919933 0.000966888 0 0.013 -1.71451e-18 0 0.00925 0 0 0.00919933 -0.000966888 0 0.0133602 0.00221668 0 0.00879727 0.00285841 0 0.00904786 0.00192318 0 0.00618946 0.00687409 0 0.00687409 0.00618946 0 0.0138018 0.00325306 0 0.0144039 0.0042052 0 0.00543701 0.00748341 0 0.00748341 0.00543701 0 0.00801073 0.004625 0 0.0084503 0.00376231 0 -0.004625 -0.00801073 0 -0.0050265 -0.00775 0 -0.00543701 -0.00748341 0 -0.001 -0.0122321 0 -0.00141421 -0.0119142 0 0.04 -0.011 0 0.04 -0.01 0 0.038 -0.011 0 -0.00193185 -0.00998236 0 -0.00173205 -0.0095 0 0.00173205 -0.0115 0 0.00141421 -0.0119142 0 0.038 -0.0165 0 0.001 -0.0122321 0 -0.00173205 -0.0115 0 -0.00193185 -0.0110176 0 -0.002 -0.0105 0 0.00146077 -0.00913393 0 0.00173205 -0.0095 0 0.00192318 -0.00904786 0 0.00285841 -0.00879727 0 0.004625 -0.00801073 0 0.00376231 -0.0084503 0 0.000517638 -0.0124319 0 -2.14375e-18 -0.0125 0 -0.000517638 -0.0124319 0 0.00193185 -0.00998236 0 0.002 -0.0105 0 0.00193185 -0.0110176 0 -0.00146077 -0.00913393 0 -0.00192318 -0.00904786 0 -0.00285841 -0.00879727 0 -0.00376231 -0.0084503 0 -0.04 0.0165 0.008 -0.04 0.0175 0.008 -0.04 0.0165 0.0045 -0.04 0.0175 -0.005 -0.04 0.01 0 -0.04 0.011 0 -0.04 0.01 -0.005 -0.04 0.0112588 3.40742e-05 -0.04 0.0115 0.000133975 -0.04 0.0117071 0.000292893 -0.04 0.011866 0.0005 -0.04 0.0119659 0.000741181 -0.04 0.012 0.001 -0.04 0.013 0.0045 -0.04 0.012 0.0035 -0.04 0.0127412 0.00446593 -0.04 0.012134 0.004 -0.04 0.0122929 0.00420711 -0.04 0.0125 0.00436603 -0.04 0.0120341 0.00375882 -0.0145567 -0.0185 -0.00292081 -0.039 -0.0185 -0.004 -0.0137721 -0.0185 -0.00352926 -0.0128979 -0.0185 -0.004 -0.0152301 -0.0185 -0.00219131 -0.0157741 -0.0185 -0.00136073 -0.0161737 -0.0185 -0.000451811 -0.0164179 -0.0185 0.000510547 -0.0165 -0.0185 0.0015 -0.039 -0.0185 0.007 -0.0164179 -0.0185 0.00248945 -0.0161737 -0.0185 0.00345181 -0.0128979 -0.0185 0.007 -0.0137721 -0.0185 0.00652926 -0.0145567 -0.0185 0.00592081 -0.0157741 -0.0185 0.00436073 -0.0152301 -0.0185 0.00519131 0.04 0.011 0 0.04 0.01 0 0.04 0.01 -0.004 0.04 0.0175 -0.004 0.04 0.0175 0.008 0.04 0.0165 0.0045 0.04 0.0165 0.008 0.04 0.0119659 0.000741181 0.04 0.011866 0.0005 0.04 0.012 0.001 0.04 0.0117071 0.000292893 0.04 0.0115 0.000133975 0.04 0.0112588 3.40742e-05 0.04 0.013 0.0045 0.04 0.012 0.0035 0.04 0.0122929 0.00420711 0.04 0.0125 0.00436603 0.04 0.0127412 0.00446593 0.04 0.012134 0.004 0.04 0.0120341 0.00375882 -0.0145567 0.0185 0.00592081 -0.039 0.0185 0.007 -0.0137721 0.0185 0.00652926 -0.0128979 0.0185 0.007 -0.0152301 0.0185 0.00519131 -0.0157741 0.0185 0.00436073 -0.0161737 0.0185 0.00345181 -0.0157741 0.0185 -0.00136073 -0.0152301 0.0185 -0.00219131 -0.039 0.0185 -0.004 -0.0161737 0.0185 -0.000451811 -0.0164179 0.0185 0.00248945 -0.0165 0.0185 0.0015 -0.0164179 0.0185 0.000510547 -0.0145567 0.0185 -0.00292081 -0.0137721 0.0185 -0.00352926 -0.0128979 0.0185 -0.004 -0.00644335 -0.0185 0.00592081 0.00810208 -0.0185 0.007 -0.00722792 -0.0185 0.00652926 -0.00810208 -0.0185 0.007 -0.00522589 -0.0185 -0.00136073 -0.00576986 -0.0185 -0.00219131 0.00482634 -0.0185 -0.000451811 -0.00522589 -0.0185 0.00436073 0.00458215 -0.0185 0.00248945 0.00482634 -0.0185 0.00345181 -0.00576986 -0.0185 0.00519131 0.00722792 -0.0185 0.00652926 0.00644335 -0.0185 0.00592081 0.00644335 -0.0185 -0.00292081 -0.00810208 -0.0185 -0.004 0.00722792 -0.0185 -0.00352926 0.00810208 -0.0185 -0.004 0.00522589 -0.0185 0.00436073 0.00576986 -0.0185 0.00519131 0.00576986 -0.0185 -0.00219131 0.00522589 -0.0185 -0.00136073 -0.00644335 -0.0185 -0.00292081 -0.00722792 -0.0185 -0.00352926 -0.00482634 -0.0185 0.00345181 -0.00458215 -0.0185 0.00248945 0.0045 -0.0185 0.0015 -0.0045 -0.0185 0.0015 0.00458215 -0.0185 0.000510547 -0.00458215 -0.0185 0.000510547 -0.00482634 -0.0185 -0.000451811 0.0137721 -0.0185 -0.00352926 0.0128979 -0.0185 -0.004 0.039 -0.0185 -0.004 0.0145567 -0.0185 -0.00292081 0.0161737 -0.0185 -0.000451811 0.0157741 -0.0185 -0.00136073 0.0152301 -0.0185 -0.00219131 0.0128979 -0.0185 0.007 0.0137721 -0.0185 0.00652926 0.039 -0.0185 0.007 0.0145567 -0.0185 0.00592081 0.0152301 -0.0185 0.00519131 0.0157741 -0.0185 0.00436073 0.0161737 -0.0185 0.00345181 0.0164179 -0.0185 0.00248945 0.0165 -0.0185 0.0015 0.0164179 -0.0185 0.000510547 0.00576986 0.0185 -0.00219131 -0.00810208 0.0185 -0.004 -0.00722792 0.0185 -0.00352926 -0.00576986 0.0185 0.00519131 -0.00644335 0.0185 0.00592081 0.00810208 0.0185 0.007 -0.00722792 0.0185 0.00652926 -0.00810208 0.0185 0.007 0.00644335 0.0185 -0.00292081 0.00722792 0.0185 -0.00352926 0.00810208 0.0185 -0.004 -0.00644335 0.0185 -0.00292081 -0.00576986 0.0185 -0.00219131 0.00522589 0.0185 -0.00136073 0.00722792 0.0185 0.00652926 0.00644335 0.0185 0.00592081 0.00576986 0.0185 0.00519131 0.00522589 0.0185 0.00436073 0.00482634 0.0185 0.00345181 -0.00522589 0.0185 0.00436073 0.00458215 0.0185 0.00248945 -0.00482634 0.0185 0.00345181 -0.00522589 0.0185 -0.00136073 -0.00482634 0.0185 -0.000451811 0.00458215 0.0185 0.000510547 -0.00458215 0.0185 0.000510547 0.0045 0.0185 0.0015 -0.0045 0.0185 0.0015 -0.00458215 0.0185 0.00248945 0.00482634 0.0185 -0.000451811 0.0137721 0.0185 0.00652926 0.0128979 0.0185 0.007 0.039 0.0185 0.007 0.039 0.0185 -0.004 0.0128979 0.0185 -0.004 0.0137721 0.0185 -0.00352926 0.0145567 0.0185 -0.00292081 0.0152301 0.0185 -0.00219131 0.0157741 0.0185 -0.00136073 0.0145567 0.0185 0.00592081 0.0164179 0.0185 0.00248945 0.0161737 0.0185 0.00345181 0.0161737 0.0185 -0.000451811 0.0164179 0.0185 0.000510547 0.0165 0.0185 0.0015 0.0157741 0.0185 0.00436073 0.0152301 0.0185 0.00519131 -0.04 -0.011 0 -0.04 -0.01 0 -0.04 -0.01 -0.004 -0.04 -0.0175 -0.004 -0.04 -0.0175 0.008 -0.04 -0.0165 0.0045 -0.04 -0.0165 0.008 -0.04 -0.0119659 0.000741181 -0.04 -0.011866 0.0005 -0.04 -0.012 0.001 -0.04 -0.0117071 0.000292893 -0.04 -0.0115 0.000133975 -0.04 -0.0112588 3.40742e-05 -0.04 -0.012134 0.004 -0.04 -0.0120341 0.00375882 -0.04 -0.0122929 0.00420711 -0.04 -0.012 0.0035 -0.04 -0.0125 0.00436603 -0.04 -0.013 0.0045 -0.04 -0.0127412 0.00446593 0.04 -0.0165 0.008 0.04 -0.0175 0.008 0.04 -0.0165 0.0045 0.04 -0.0175 -0.005 0.04 -0.011866 0.0005 0.04 -0.0119659 0.000741181 0.04 -0.01 -0.005 0.04 -0.01 0 0.04 -0.011 0 0.04 -0.01455 -0.005 0.04 -0.012 0.001 0.04 -0.013 0.0045 0.04 -0.0112588 3.40742e-05 0.04 -0.0115 0.000133975 0.04 -0.0117071 0.000292893 0.04 -0.012 0.0035 0.04 -0.0120341 0.00375882 0.04 -0.012134 0.004 0.04 -0.0122929 0.00420711 0.04 -0.0125 0.00436603 0.04 -0.0127412 0.00446593 -0.02155 -0.00954737 -0.002 -0.0215 -0.00952666 -0.005 -0.0212847 -0.00943748 -0.002 -0.0212847 -0.00943748 -0.005 -0.021 -0.0094 -0.002 -0.021 -0.0094 -0.005 -0.0207153 -0.00943748 -0.002 -0.0207153 -0.00943748 -0.005 -0.02045 -0.00954737 -0.002 -0.02045 -0.00954737 -0.005 -0.0202222 -0.00972218 -0.002 -0.0202222 -0.00972218 -0.005 -0.0200474 -0.00995 -0.002 -0.0200474 -0.00995 -0.005 -0.0199375 -0.0102153 -0.002 -0.0199375 -0.0102153 -0.005 -0.0199 -0.0105 -0.002 -0.0199 -0.0105 -0.005 -0.0199375 -0.0107847 -0.002 -0.0199375 -0.0107847 -0.005 -0.0200474 -0.01105 -0.002 -0.0200474 -0.01105 -0.005 -0.0202222 -0.0112778 -0.002 -0.0202222 -0.0112778 -0.005 -0.02045 -0.0114526 -0.002 -0.02045 -0.0114526 -0.005 -0.0207153 -0.0115625 -0.002 -0.0207153 -0.0115625 -0.005 -0.021 -0.0116 -0.002 -0.021 -0.0116 -0.005 -0.0212847 -0.0115625 -0.002 -0.0212847 -0.0115625 -0.005 -0.0215 -0.0114733 -0.005 -0.02155 -0.0114526 -0.002 -0.02155 -0.0114526 -0.005 -0.0217778 -0.0112778 -0.002 -0.0217778 -0.0112778 -0.005 -0.0219526 -0.01105 -0.002 -0.0219526 -0.01105 -0.005 -0.0220625 -0.0107847 -0.002 -0.0220625 -0.0107847 -0.005 -0.0221 -0.0105 -0.002 -0.0221 -0.0105 -0.005 -0.0220625 -0.0102153 -0.002 -0.0220625 -0.0102153 -0.005 -0.0219526 -0.00995 -0.002 -0.0219526 -0.00995 -0.005 -0.0217778 -0.00972218 -0.002 -0.0217778 -0.00972218 -0.005 -0.02155 -0.00954737 -0.005 -0.0011 -0.0105 -0.002 -0.0011 -0.0105 -0.005 -0.00106252 -0.0102153 -0.002 -0.00106252 -0.0102153 -0.005 -0.000952628 -0.00995 -0.002 -0.000952628 -0.00995 -0.005 -0.000777817 -0.00972218 -0.002 -0.000777817 -0.00972218 -0.005 -0.00055 -0.00954737 -0.002 -0.00055 -0.00954737 -0.005 -0.000284701 -0.00943748 -0.002 -0.000284701 -0.00943748 -0.005 -3.11605e-19 -0.0094 -0.002 -3.11605e-19 -0.0094 -0.005 0.000284701 -0.00943748 -0.002 0.000284701 -0.00943748 -0.005 0.00055 -0.00954737 -0.002 0.00055 -0.00954737 -0.005 0.000777817 -0.00972218 -0.002 0.000777817 -0.00972218 -0.005 0.000952628 -0.00995 -0.002 0.000952628 -0.00995 -0.005 0.00106252 -0.0102153 -0.002 0.00106252 -0.0102153 -0.005 0.0011 -0.0105 -0.002 0.0011 -0.0105 -0.005 0.00106252 -0.0107847 -0.002 0.00106252 -0.0107847 -0.005 0.000952628 -0.01105 -0.002 0.000952628 -0.01105 -0.005 0.000777817 -0.0112778 -0.002 0.000777817 -0.0112778 -0.005 0.00055 -0.0114526 -0.002 0.00055 -0.0114526 -0.005 0.000284701 -0.0115625 -0.002 0.000284701 -0.0115625 -0.005 1.17906e-18 -0.0116 -0.002 1.17906e-18 -0.0116 -0.005 -0.000284701 -0.0115625 -0.002 -0.000284701 -0.0115625 -0.005 -0.00055 -0.0114526 -0.002 -0.00055 -0.0114526 -0.005 -0.000777817 -0.0112778 -0.002 -0.000777817 -0.0112778 -0.005 -0.000952628 -0.01105 -0.002 -0.000952628 -0.01105 -0.005 -0.00106252 -0.0107847 -0.002 -0.00106252 -0.0107847 -0.005 -0.02155 0.0114526 -0.002 -0.0215 0.0114733 -0.005 -0.0212847 0.0115625 -0.002 -0.0212847 0.0115625 -0.005 -0.021 0.0116 -0.002 -0.021 0.0116 -0.005 -0.0207153 0.0115625 -0.002 -0.0207153 0.0115625 -0.005 -0.02045 0.0114526 -0.002 -0.02045 0.0114526 -0.005 -0.0202222 0.0112778 -0.002 -0.0202222 0.0112778 -0.005 -0.0200474 0.01105 -0.002 -0.0200474 0.01105 -0.005 -0.0199375 0.0107847 -0.002 -0.0199375 0.0107847 -0.005 -0.0199 0.0105 -0.002 -0.0199 0.0105 -0.005 -0.0199375 0.0102153 -0.002 -0.0199375 0.0102153 -0.005 -0.0200474 0.00995 -0.002 -0.0200474 0.00995 -0.005 -0.0202222 0.00972218 -0.002 -0.0202222 0.00972218 -0.005 -0.02045 0.00954737 -0.002 -0.02045 0.00954737 -0.005 -0.0207153 0.00943748 -0.002 -0.0207153 0.00943748 -0.005 -0.021 0.0094 -0.002 -0.021 0.0094 -0.005 -0.0212847 0.00943748 -0.002 -0.0212847 0.00943748 -0.005 -0.0215 0.00952666 -0.005 -0.02155 0.00954737 -0.002 -0.02155 0.00954737 -0.005 -0.0217778 0.00972218 -0.002 -0.0217778 0.00972218 -0.005 -0.0219526 0.00995 -0.002 -0.0219526 0.00995 -0.005 -0.0220625 0.0102153 -0.002 -0.0220625 0.0102153 -0.005 -0.0221 0.0105 -0.002 -0.0221 0.0105 -0.005 -0.0220625 0.0107847 -0.002 -0.0220625 0.0107847 -0.005 -0.0219526 0.01105 -0.002 -0.0219526 0.01105 -0.005 -0.0217778 0.0112778 -0.002 -0.0217778 0.0112778 -0.005 -0.02155 0.0114526 -0.005 -0.0011 0.0105 -0.002 -0.0011 0.0105 -0.005 -0.00106252 0.0107847 -0.002 -0.00106252 0.0107847 -0.005 -0.000952628 0.01105 -0.002 -0.000952628 0.01105 -0.005 -0.000777817 0.0112778 -0.002 -0.000777817 0.0112778 -0.005 -0.00055 0.0114526 -0.002 -0.00055 0.0114526 -0.005 -0.000284701 0.0115625 -0.002 -0.000284701 0.0115625 -0.005 -3.11605e-19 0.0116 -0.002 -3.11605e-19 0.0116 -0.005 0.000284701 0.0115625 -0.002 0.000284701 0.0115625 -0.005 0.00055 0.0114526 -0.002 0.00055 0.0114526 -0.005 0.000777817 0.0112778 -0.002 0.000777817 0.0112778 -0.005 0.000952628 0.01105 -0.002 0.000952628 0.01105 -0.005 0.00106252 0.0107847 -0.002 0.00106252 0.0107847 -0.005 0.0011 0.0105 -0.002 0.0011 0.0105 -0.005 0.00106252 0.0102153 -0.002 0.00106252 0.0102153 -0.005 0.000952628 0.00995 -0.002 0.000952628 0.00995 -0.005 0.000777817 0.00972218 -0.002 0.000777817 0.00972218 -0.005 0.00055 0.00954737 -0.002 0.00055 0.00954737 -0.005 0.000284701 0.00943748 -0.002 0.000284701 0.00943748 -0.005 1.17906e-18 0.0094 -0.002 1.17906e-18 0.0094 -0.005 -0.000284701 0.00943748 -0.002 -0.000284701 0.00943748 -0.005 -0.00055 0.00954737 -0.002 -0.00055 0.00954737 -0.005 -0.000777817 0.00972218 -0.002 -0.000777817 0.00972218 -0.005 -0.000952628 0.00995 -0.002 -0.000952628 0.00995 -0.005 -0.00106252 0.0102153 -0.002 -0.00106252 0.0102153 -0.005 -0.04 0.0175 0.008 -0.04 0.0165 0.008 0.04 0.0175 0.008 0.04 0.0165 0.008 0.038 0.0165 0.0045 0.04 0.0165 0.0045 0.04 0.0165 0.008 -0.04 0.0165 0.008 -0.038 0.0165 0.0045 -0.04 0.0165 0.0045 -0.038 0.0165 0 -0.011125 0.0165 0 0.038 0.0165 0 0.04 -0.0175 0.008 0.04 -0.0165 0.008 -0.04 -0.0175 0.008 -0.04 -0.0165 0.008 -0.04 -0.0165 0.008 0.04 -0.0165 0.008 0.038 -0.0165 0.0045 0.04 -0.0165 0.0045 -0.011125 -0.0165 0 -0.038 -0.0165 0 -0.038 -0.0165 0.0045 -0.04 -0.0165 0.0045 0.038 -0.0165 0 -0.00820481 -0.00086236 -0.001 -0.00820481 -0.00086236 -0.004 -0.00825 -2.02067e-18 -0.001 -0.00825 -2.02067e-18 -0.004 -0.00820481 0.00086236 -0.001 -0.00820481 0.00086236 -0.004 -0.00806972 0.00171527 -0.001 -0.00806972 0.00171527 -0.004 -0.00784622 0.00254939 -0.001 -0.00784622 0.00254939 -0.004 -0.00753675 0.00335558 -0.001 -0.00753675 0.00335558 -0.004 -0.00714471 0.004125 -0.001 -0.00714471 0.004125 -0.004 -0.00667439 0.00484923 -0.001 -0.00667439 0.00484923 -0.004 -0.00613094 0.00552033 -0.001 -0.00613094 0.00552033 -0.004 -0.00552033 0.00613094 -0.001 -0.00552033 0.00613094 -0.004 -0.00484923 0.00667439 -0.001 -0.00484923 0.00667439 -0.004 -0.004125 0.00714471 -0.001 -0.004125 0.00714471 -0.004 -0.00335558 0.00753675 -0.001 -0.00335558 0.00753675 -0.004 -0.00254939 0.00784622 -0.001 -0.00254939 0.00784622 -0.004 -0.00171527 0.00806972 -0.001 -0.00171527 0.00806972 -0.004 -0.00086236 0.00820481 -0.001 -0.00086236 0.00820481 -0.004 -2.33703e-18 0.00825 -0.001 -5.05167e-19 0.00825 -0.004 0.00086236 0.00820481 -0.001 0.00086236 0.00820481 -0.004 0.00171527 0.00806972 -0.001 0.00171527 0.00806972 -0.004 0.00254939 0.00784622 -0.001 0.00254939 0.00784622 -0.004 0.00335558 0.00753675 -0.001 0.00335558 0.00753675 -0.004 0.004125 0.00714471 -0.001 0.004125 0.00714471 -0.004 0.00484923 0.00667439 -0.001 0.00484923 0.00667439 -0.004 0.00552033 0.00613094 -0.001 0.00552033 0.00613094 -0.004 0.00613094 0.00552033 -0.001 0.00613094 0.00552033 -0.004 0.00667439 0.00484923 -0.001 0.00667439 0.00484923 -0.004 0.00714471 0.004125 -0.001 0.00714471 0.004125 -0.004 0.00753675 0.00335558 -0.001 0.00753675 0.00335558 -0.004 0.00784622 0.00254939 -0.001 0.00784622 0.00254939 -0.004 0.00806972 0.00171527 -0.001 0.00806972 0.00171527 -0.004 0.00820481 0.00086236 -0.001 0.00820481 0.00086236 -0.004 0.00825 1.01033e-18 -0.001 0.00825 1.01033e-18 -0.004 0.00820481 -0.00086236 -0.001 0.00820481 -0.00086236 -0.004 0.00806972 -0.00171527 -0.001 0.00806972 -0.00171527 -0.004 0.00784622 -0.00254939 -0.001 0.00784622 -0.00254939 -0.004 0.00753675 -0.00335558 -0.001 0.00753675 -0.00335558 -0.004 0.00714471 -0.004125 -0.001 0.00714471 -0.004125 -0.004 0.00667439 -0.00484923 -0.001 0.00667439 -0.00484923 -0.004 0.00613094 -0.00552033 -0.001 0.00613094 -0.00552033 -0.004 0.00552033 -0.00613094 -0.001 0.00552033 -0.00613094 -0.004 0.00484923 -0.00667439 -0.001 0.00484923 -0.00667439 -0.004 0.004125 -0.00714471 -0.001 0.004125 -0.00714471 -0.004 0.00335558 -0.00753675 -0.001 0.00335558 -0.00753675 -0.004 0.00254939 -0.00784622 -0.001 0.00254939 -0.00784622 -0.004 0.00171527 -0.00806972 -0.001 0.00171527 -0.00806972 -0.004 0.00086236 -0.00820481 -0.001 0.00086236 -0.00820481 -0.004 1.5155e-18 -0.00825 -0.001 1.5155e-18 -0.00825 -0.004 -0.00086236 -0.00820481 -0.001 -0.00086236 -0.00820481 -0.004 -0.00171527 -0.00806972 -0.001 -0.00171527 -0.00806972 -0.004 -0.00254939 -0.00784622 -0.001 -0.00254939 -0.00784622 -0.004 -0.00335558 -0.00753675 -0.001 -0.00335558 -0.00753675 -0.004 -0.004125 -0.00714471 -0.001 -0.004125 -0.00714471 -0.004 -0.00484923 -0.00667439 -0.001 -0.00484923 -0.00667439 -0.004 -0.00552033 -0.00613094 -0.001 -0.00552033 -0.00613094 -0.004 -0.00613094 -0.00552033 -0.001 -0.00613094 -0.00552033 -0.004 -0.00667439 -0.00484923 -0.001 -0.00667439 -0.00484923 -0.004 -0.00714471 -0.004125 -0.001 -0.00714471 -0.004125 -0.004 -0.00753675 -0.00335558 -0.001 -0.00753675 -0.00335558 -0.004 -0.00784622 -0.00254939 -0.001 -0.00784622 -0.00254939 -0.004 -0.00806972 -0.00171527 -0.001 -0.00806972 -0.00171527 -0.004 0.038 0.00523294 -0.00336933 0.038 0.005 -0.0034 0.038 0.005075 -0.005 0.038 -0.00545 -0.00327942 0.038 -0.009325 -0.005 0.038 -0.00523294 -0.00336933 0.038 -0.005075 -0.005 0.038 -0.005 -0.0034 0.038 -0.00476706 -0.00336933 0.038 -0.01 0 0.038 -0.00586933 -0.00226706 0.038 -0.00577942 -0.00205 0.038 -0.00775 0 0.038 0.00545 -0.00172058 0.038 0.0056364 -0.0018636 0.038 0.01 0 0.038 -0.0056364 -0.0031364 0.038 -0.00577942 -0.00295 0.038 -0.01 -0.005 0.038 -0.00586933 -0.00273294 0.038 -0.0059 -0.0025 0.038 -0.00413067 -0.00273294 0.038 -0.00422058 -0.00295 0.038 -0.0043636 -0.0031364 0.038 -0.00455 -0.00327942 0.038 0.0043636 -0.0031364 0.038 0.00455 -0.00327942 0.038 0.00476706 -0.00336933 0.038 0.00413067 -0.00226706 0.038 0.00422058 -0.00205 0.038 0.0043636 -0.0018636 0.038 0.00455 -0.00172058 0.038 0.00545 -0.00327942 0.038 0.009325 -0.005 0.038 0.0056364 -0.0031364 0.038 -0.0056364 -0.0018636 0.038 -0.00545 -0.00172058 0.038 -0.00523294 -0.00163067 0.038 0.00476706 -0.00163067 0.038 0.005 -0.0016 0.038 0.00523294 -0.00163067 0.038 0.01 -0.005 0.038 0.00586933 -0.00273294 0.038 0.00577942 -0.00295 0.038 0.00422058 -0.00295 0.038 0.00413067 -0.00273294 0.038 -0.0041 -0.0025 0.038 0.0041 -0.0025 0.038 -0.00413067 -0.00226706 0.038 -0.00422058 -0.00205 0.038 -0.0043636 -0.0018636 0.038 0.00577942 -0.00205 0.038 0.00586933 -0.00226706 0.038 0.0059 -0.0025 0.038 -0.005 -0.0016 0.038 -0.00476706 -0.00163067 0.038 -0.00455 -0.00172058 0.038 -0.01 -0.005 0.038 -0.01 0 0.04 -0.01 -0.005 0.04 -0.01 0 0.04 0.01 -0.004 0.04 0.01 0 0.038 0.01 8.67362e-19 0.038 0.01 -0.005 0.039 0.01 -0.005 0.0399659 0.01 -0.00425882 0.039866 0.01 -0.0045 0.0397071 0.01 -0.00470711 0.0392588 0.01 -0.00496593 0.0395 0.01 -0.00486603 -0.038 -0.00577942 -0.00205 -0.038 -0.01 0 -0.038 -0.0056364 -0.0018636 -0.038 -0.00775 0 -0.038 -0.00545 -0.00172058 -0.038 -0.00523294 -0.00163067 -0.038 0.0056364 -0.0031364 -0.038 0.00577942 -0.00295 -0.038 0.009325 -0.005 -0.038 0.00577942 -0.00205 -0.038 0.0056364 -0.0018636 -0.038 0.01 1.22465e-18 -0.038 0.00545 -0.00172058 -0.038 0.00523294 -0.00163067 -0.038 -0.00586933 -0.00226706 -0.038 -0.0059 -0.0025 -0.038 -0.01 -0.005 -0.038 -0.00586933 -0.00273294 -0.038 -0.009325 -0.005 -0.038 -0.00577942 -0.00295 -0.038 -0.0043636 -0.0018636 -0.038 -0.00422058 -0.00205 -0.038 -0.00413067 -0.00226706 -0.038 0.01 -0.005 -0.038 -0.0056364 -0.0031364 -0.038 -0.00545 -0.00327942 -0.038 -0.005075 -0.005 -0.038 -0.00523294 -0.00336933 -0.038 -0.005 -0.0034 -0.038 -0.0043636 -0.0031364 -0.038 0.00413067 -0.00273294 -0.038 -0.00455 -0.00327942 -0.038 -0.00476706 -0.00336933 -0.038 -0.00455 -0.00172058 -0.038 -0.00476706 -0.00163067 -0.038 -0.005 -0.0016 -0.038 0.00422058 -0.00295 -0.038 0.0043636 -0.0031364 -0.038 0.005075 -0.005 -0.038 0.00455 -0.00327942 -0.038 0.00476706 -0.00336933 -0.038 0.005 -0.0034 -0.038 0.00523294 -0.00336933 -0.038 0.00545 -0.00327942 -0.038 0.00586933 -0.00273294 -0.038 0.0059 -0.0025 -0.038 0.00586933 -0.00226706 -0.038 0.005 -0.0016 -0.038 0.00476706 -0.00163067 -0.038 0.00455 -0.00172058 -0.038 0.0043636 -0.0018636 -0.038 0.00422058 -0.00205 -0.038 0.00413067 -0.00226706 -0.038 -0.0041 -0.0025 -0.038 0.0041 -0.0025 -0.038 -0.00413067 -0.00273294 -0.038 -0.00422058 -0.00295 -0.038 0.01 -0.005 -0.038 0.01 0 -0.04 0.01 -0.005 -0.04 0.01 0 -0.04 -0.01 -0.004 -0.04 -0.01 0 -0.038 -0.01 0 -0.038 -0.01 -0.005 -0.039 -0.01 -0.005 -0.0399659 -0.01 -0.00425882 -0.039866 -0.01 -0.0045 -0.0397071 -0.01 -0.00470711 -0.0392588 -0.01 -0.00496593 -0.0395 -0.01 -0.00486603 0.034 -0.00545 -0.00327942 0.034 -0.00523294 -0.00336933 0.034 -0.005 -0.0025 0.034 -0.005 -0.0034 0.034 -0.00476706 -0.00336933 0.034 -0.00586933 -0.00273294 0.034 -0.00577942 -0.00295 0.034 -0.0056364 -0.0031364 0.034 -0.00577942 -0.00205 0.034 -0.00586933 -0.00226706 0.034 -0.0059 -0.0025 0.034 -0.00523294 -0.00163067 0.034 -0.00545 -0.00172058 0.034 -0.0056364 -0.0018636 0.034 -0.00455 -0.00172058 0.034 -0.00476706 -0.00163067 0.034 -0.005 -0.0016 0.034 -0.00413067 -0.00226706 0.034 -0.00422058 -0.00205 0.034 -0.0043636 -0.0018636 0.034 -0.00422058 -0.00295 0.034 -0.00413067 -0.00273294 0.034 -0.0041 -0.0025 0.034 -0.00455 -0.00327942 0.034 -0.0043636 -0.0031364 0.034 -0.005 -0.0034 0.038 -0.005 -0.0034 0.034 -0.00476706 -0.00336933 0.038 -0.00476706 -0.00336933 0.034 -0.00455 -0.00327942 0.038 -0.00455 -0.00327942 0.034 -0.0043636 -0.0031364 0.038 -0.0043636 -0.0031364 0.034 -0.00422058 -0.00295 0.038 -0.00422058 -0.00295 0.034 -0.00413067 -0.00273294 0.038 -0.00413067 -0.00273294 0.034 -0.0041 -0.0025 0.038 -0.0041 -0.0025 0.034 -0.00413067 -0.00226706 0.038 -0.00413067 -0.00226706 0.034 -0.00422058 -0.00205 0.038 -0.00422058 -0.00205 0.034 -0.0043636 -0.0018636 0.038 -0.0043636 -0.0018636 0.034 -0.00455 -0.00172058 0.038 -0.00455 -0.00172058 0.034 -0.00476706 -0.00163067 0.038 -0.00476706 -0.00163067 0.034 -0.005 -0.0016 0.038 -0.005 -0.0016 0.034 -0.00523294 -0.00163067 0.038 -0.00523294 -0.00163067 0.034 -0.00545 -0.00172058 0.038 -0.00545 -0.00172058 0.034 -0.0056364 -0.0018636 0.038 -0.0056364 -0.0018636 0.034 -0.00577942 -0.00205 0.038 -0.00577942 -0.00205 0.034 -0.00586933 -0.00226706 0.038 -0.00586933 -0.00226706 0.034 -0.0059 -0.0025 0.038 -0.0059 -0.0025 0.034 -0.00586933 -0.00273294 0.038 -0.00586933 -0.00273294 0.034 -0.00577942 -0.00295 0.038 -0.00577942 -0.00295 0.034 -0.0056364 -0.0031364 0.038 -0.0056364 -0.0031364 0.034 -0.00545 -0.00327942 0.038 -0.00545 -0.00327942 0.034 -0.00523294 -0.00336933 0.038 -0.00523294 -0.00336933 0.034 0.00455 -0.00327942 0.034 0.00476706 -0.00336933 0.034 0.005 -0.0025 0.034 0.005 -0.0034 0.034 0.00523294 -0.00336933 0.034 0.00413067 -0.00273294 0.034 0.00422058 -0.00295 0.034 0.0043636 -0.0031364 0.034 0.00422058 -0.00205 0.034 0.00413067 -0.00226706 0.034 0.0041 -0.0025 0.034 0.00476706 -0.00163067 0.034 0.00455 -0.00172058 0.034 0.0043636 -0.0018636 0.034 0.00545 -0.00172058 0.034 0.00523294 -0.00163067 0.034 0.005 -0.0016 0.034 0.00586933 -0.00226706 0.034 0.00577942 -0.00205 0.034 0.0056364 -0.0018636 0.034 0.00577942 -0.00295 0.034 0.00586933 -0.00273294 0.034 0.0059 -0.0025 0.034 0.00545 -0.00327942 0.034 0.0056364 -0.0031364 0.034 0.005 -0.0034 0.038 0.005 -0.0034 0.034 0.00523294 -0.00336933 0.038 0.00523294 -0.00336933 0.034 0.00545 -0.00327942 0.038 0.00545 -0.00327942 0.034 0.0056364 -0.0031364 0.038 0.0056364 -0.0031364 0.034 0.00577942 -0.00295 0.038 0.00577942 -0.00295 0.034 0.00586933 -0.00273294 0.038 0.00586933 -0.00273294 0.034 0.0059 -0.0025 0.038 0.0059 -0.0025 0.034 0.00586933 -0.00226706 0.038 0.00586933 -0.00226706 0.034 0.00577942 -0.00205 0.038 0.00577942 -0.00205 0.034 0.0056364 -0.0018636 0.038 0.0056364 -0.0018636 0.034 0.00545 -0.00172058 0.038 0.00545 -0.00172058 0.034 0.00523294 -0.00163067 0.038 0.00523294 -0.00163067 0.034 0.005 -0.0016 0.038 0.005 -0.0016 0.034 0.00476706 -0.00163067 0.038 0.00476706 -0.00163067 0.034 0.00455 -0.00172058 0.038 0.00455 -0.00172058 0.034 0.0043636 -0.0018636 0.038 0.0043636 -0.0018636 0.034 0.00422058 -0.00205 0.038 0.00422058 -0.00205 0.034 0.00413067 -0.00226706 0.038 0.00413067 -0.00226706 0.034 0.0041 -0.0025 0.038 0.0041 -0.0025 0.034 0.00413067 -0.00273294 0.038 0.00413067 -0.00273294 0.034 0.00422058 -0.00295 0.038 0.00422058 -0.00295 0.034 0.0043636 -0.0031364 0.038 0.0043636 -0.0031364 0.034 0.00455 -0.00327942 0.038 0.00455 -0.00327942 0.034 0.00476706 -0.00336933 0.038 0.00476706 -0.00336933 -0.034 -0.00455 -0.00327942 -0.034 -0.00476706 -0.00336933 -0.034 -0.005 -0.0025 -0.034 -0.005 -0.0034 -0.034 -0.00523294 -0.00336933 -0.034 -0.00413067 -0.00273294 -0.034 -0.00422058 -0.00295 -0.034 -0.0043636 -0.0031364 -0.034 -0.00422058 -0.00205 -0.034 -0.00413067 -0.00226706 -0.034 -0.0041 -0.0025 -0.034 -0.00476706 -0.00163067 -0.034 -0.00455 -0.00172058 -0.034 -0.0043636 -0.0018636 -0.034 -0.00545 -0.00172058 -0.034 -0.00523294 -0.00163067 -0.034 -0.005 -0.0016 -0.034 -0.00586933 -0.00226706 -0.034 -0.00577942 -0.00205 -0.034 -0.0056364 -0.0018636 -0.034 -0.00577942 -0.00295 -0.034 -0.00586933 -0.00273294 -0.034 -0.0059 -0.0025 -0.034 -0.00545 -0.00327942 -0.034 -0.0056364 -0.0031364 -0.034 -0.005 -0.0016 -0.038 -0.005 -0.0016 -0.034 -0.00476706 -0.00163067 -0.038 -0.00476706 -0.00163067 -0.034 -0.00455 -0.00172058 -0.038 -0.00455 -0.00172058 -0.034 -0.0043636 -0.0018636 -0.038 -0.0043636 -0.0018636 -0.034 -0.00422058 -0.00205 -0.038 -0.00422058 -0.00205 -0.034 -0.00413067 -0.00226706 -0.038 -0.00413067 -0.00226706 -0.034 -0.0041 -0.0025 -0.038 -0.0041 -0.0025 -0.034 -0.00413067 -0.00273294 -0.038 -0.00413067 -0.00273294 -0.034 -0.00422058 -0.00295 -0.038 -0.00422058 -0.00295 -0.034 -0.0043636 -0.0031364 -0.038 -0.0043636 -0.0031364 -0.034 -0.00455 -0.00327942 -0.038 -0.00455 -0.00327942 -0.034 -0.00476706 -0.00336933 -0.038 -0.00476706 -0.00336933 -0.034 -0.005 -0.0034 -0.038 -0.005 -0.0034 -0.034 -0.00523294 -0.00336933 -0.038 -0.00523294 -0.00336933 -0.034 -0.00545 -0.00327942 -0.038 -0.00545 -0.00327942 -0.034 -0.0056364 -0.0031364 -0.038 -0.0056364 -0.0031364 -0.034 -0.00577942 -0.00295 -0.038 -0.00577942 -0.00295 -0.034 -0.00586933 -0.00273294 -0.038 -0.00586933 -0.00273294 -0.034 -0.0059 -0.0025 -0.038 -0.0059 -0.0025 -0.034 -0.00586933 -0.00226706 -0.038 -0.00586933 -0.00226706 -0.034 -0.00577942 -0.00205 -0.038 -0.00577942 -0.00205 -0.034 -0.0056364 -0.0018636 -0.038 -0.0056364 -0.0018636 -0.034 -0.00545 -0.00172058 -0.038 -0.00545 -0.00172058 -0.034 -0.00523294 -0.00163067 -0.038 -0.00523294 -0.00163067 -0.034 0.00545 -0.00327942 -0.034 0.00523294 -0.00336933 -0.034 0.005 -0.0025 -0.034 0.005 -0.0034 -0.034 0.00476706 -0.00336933 -0.034 0.00586933 -0.00273294 -0.034 0.00577942 -0.00295 -0.034 0.0056364 -0.0031364 -0.034 0.00577942 -0.00205 -0.034 0.00586933 -0.00226706 -0.034 0.0059 -0.0025 -0.034 0.00523294 -0.00163067 -0.034 0.00545 -0.00172058 -0.034 0.0056364 -0.0018636 -0.034 0.00455 -0.00172058 -0.034 0.00476706 -0.00163067 -0.034 0.005 -0.0016 -0.034 0.00413067 -0.00226706 -0.034 0.00422058 -0.00205 -0.034 0.0043636 -0.0018636 -0.034 0.00422058 -0.00295 -0.034 0.00413067 -0.00273294 -0.034 0.0041 -0.0025 -0.034 0.00455 -0.00327942 -0.034 0.0043636 -0.0031364 -0.034 0.005 -0.0016 -0.038 0.005 -0.0016 -0.034 0.00523294 -0.00163067 -0.038 0.00523294 -0.00163067 -0.034 0.00545 -0.00172058 -0.038 0.00545 -0.00172058 -0.034 0.0056364 -0.0018636 -0.038 0.0056364 -0.0018636 -0.034 0.00577942 -0.00205 -0.038 0.00577942 -0.00205 -0.034 0.00586933 -0.00226706 -0.038 0.00586933 -0.00226706 -0.034 0.0059 -0.0025 -0.038 0.0059 -0.0025 -0.034 0.00586933 -0.00273294 -0.038 0.00586933 -0.00273294 -0.034 0.00577942 -0.00295 -0.038 0.00577942 -0.00295 -0.034 0.0056364 -0.0031364 -0.038 0.0056364 -0.0031364 -0.034 0.00545 -0.00327942 -0.038 0.00545 -0.00327942 -0.034 0.00523294 -0.00336933 -0.038 0.00523294 -0.00336933 -0.034 0.005 -0.0034 -0.038 0.005 -0.0034 -0.034 0.00476706 -0.00336933 -0.038 0.00476706 -0.00336933 -0.034 0.00455 -0.00327942 -0.038 0.00455 -0.00327942 -0.034 0.0043636 -0.0031364 -0.038 0.0043636 -0.0031364 -0.034 0.00422058 -0.00295 -0.038 0.00422058 -0.00295 -0.034 0.00413067 -0.00273294 -0.038 0.00413067 -0.00273294 -0.034 0.0041 -0.0025 -0.038 0.0041 -0.0025 -0.034 0.00413067 -0.00226706 -0.038 0.00413067 -0.00226706 -0.034 0.00422058 -0.00205 -0.038 0.00422058 -0.00205 -0.034 0.0043636 -0.0018636 -0.038 0.0043636 -0.0018636 -0.034 0.00455 -0.00172058 -0.038 0.00455 -0.00172058 -0.034 0.00476706 -0.00163067 -0.038 0.00476706 -0.00163067 0.038 -0.0119659 0.000741181 0.038 -0.011866 0.0005 0.038 -0.0165 0 0.038 -0.0117071 0.000292893 0.038 -0.012 0.0035 0.038 -0.012 0.001 0.038 -0.013 0.0045 0.038 -0.0115 0.000133975 0.038 -0.0112588 3.40742e-05 0.038 -0.011 0 0.038 -0.0165 0.0045 0.038 -0.0122929 0.00420711 0.038 -0.012134 0.004 0.038 -0.0120341 0.00375882 0.038 -0.0125 0.00436603 0.038 -0.0127412 0.00446593 0.038 -0.013 0.0045 0.038 -0.0165 0.0045 0.04 -0.013 0.0045 0.04 -0.0165 0.0045 0.04 -0.012 0.0035 0.04 -0.012 0.001 0.038 -0.012 0.0035 0.038 -0.012 0.001 0.038 0.013 0.0045 0.038 0.0165 0.0045 0.038 0.0165 0 0.038 0.011 0 0.038 0.0112588 3.40742e-05 0.038 0.0115 0.000133975 0.038 0.0117071 0.000292893 0.038 0.011866 0.0005 0.038 0.0119659 0.000741181 0.038 0.012 0.001 0.038 0.012 0.0035 0.038 0.0120341 0.00375882 0.038 0.012134 0.004 0.038 0.0122929 0.00420711 0.038 0.0127412 0.00446593 0.038 0.0125 0.00436603 0.04 0.012 0.001 0.04 0.012 0.0035 0.038 0.012 0.001 0.038 0.012 0.0035 0.04 0.013 0.0045 0.04 0.0165 0.0045 0.038 0.013 0.0045 0.038 0.0165 0.0045 -0.038 -0.013 0.0045 -0.038 -0.0165 0.0045 -0.038 -0.0165 0 -0.038 -0.0117071 0.000292893 -0.038 -0.011866 0.0005 -0.038 -0.011 0 -0.038 -0.0112588 3.40742e-05 -0.038 -0.0115 0.000133975 -0.038 -0.0119659 0.000741181 -0.038 -0.012 0.001 -0.038 -0.012 0.0035 -0.038 -0.0120341 0.00375882 -0.038 -0.012134 0.004 -0.038 -0.0122929 0.00420711 -0.038 -0.0127412 0.00446593 -0.038 -0.0125 0.00436603 -0.04 -0.012 0.001 -0.04 -0.012 0.0035 -0.038 -0.012 0.001 -0.038 -0.012 0.0035 -0.04 -0.013 0.0045 -0.04 -0.0165 0.0045 -0.038 -0.013 0.0045 -0.038 -0.0165 0.0045 -0.038 0.012 0.001 -0.038 0.0119659 0.000741181 -0.038 0.0165 0 -0.038 0.011866 0.0005 -0.038 0.0117071 0.000292893 -0.038 0.0115 0.000133975 -0.038 0.0112588 3.40742e-05 -0.038 0.011 0 -0.038 0.0165 0.0045 -0.038 0.013 0.0045 -0.038 0.012 0.0035 -0.038 0.0120341 0.00375882 -0.038 0.0127412 0.00446593 -0.038 0.0125 0.00436603 -0.038 0.012134 0.004 -0.038 0.0122929 0.00420711 -0.038 0.013 0.0045 -0.038 0.0165 0.0045 -0.04 0.013 0.0045 -0.04 0.0165 0.0045 -0.038 0.012 0.001 -0.038 0.012 0.0035 -0.04 0.012 0.001 -0.04 0.012 0.0035 -0.001 0.00876795 -0.000425209 -0.001 0.00876795 -0.002 -0.00141421 0.00908579 -0.002 0.00141421 0.00908579 -5.48102e-05 0.00141421 0.00908579 -0.002 0.001 0.00876795 -0.002 0.00173205 0.0095 -0.002 0.000517638 0.00856815 -0.002 0.000517638 0.00856815 -0.00066623 0.000725464 0.00863621 -0.00058337 0.00091813 0.00872866 -0.000472375 0.001 0.00876795 -0.000425209 -0.000517638 0.00856815 -0.002 -0.000264548 0.00851757 -0.000728319 -2.14375e-18 0.0085 -0.002 -3.92011e-18 0.0085 -0.00075 0.000263353 0.00851741 -0.000728515 -0.000916771 0.00872249 -0.000479461 -0.000725765 0.00863633 -0.000583228 -0.000517638 0.00856815 -0.00066623 -0.00173205 0.0095 -0.002 -0.00146077 0.00913393 0 -0.00141421 0.00908579 -5.48102e-05 0.00146077 0.00913393 -1.30104e-18 0.00173205 0.0095 0 0.00193185 0.00998236 -0.002 0.00193185 0.00998236 0 0.002 0.0105 -0.002 0.002 0.0105 0 0.00193185 0.0110176 -0.002 0.00193185 0.0110176 0 0.00173205 0.0115 -0.002 0.00173205 0.0115 0 0.00141421 0.0119142 -0.002 0.00141421 0.0119142 0 0.001 0.0122321 -0.002 0.001 0.0122321 0 0.000517638 0.0124319 -0.002 0.000517638 0.0124319 0 5.66554e-19 0.0125 -0.002 5.66554e-19 0.0125 0 -0.000517638 0.0124319 -0.002 -0.000517638 0.0124319 0 -0.001 0.0122321 -0.002 -0.001 0.0122321 0 -0.00141421 0.0119142 -0.002 -0.00141421 0.0119142 0 -0.00173205 0.0115 -0.002 -0.00173205 0.0115 0 -0.00193185 0.0110176 -0.002 -0.00193185 0.0110176 0 -0.002 0.0105 -0.002 -0.002 0.0105 0 -0.00193185 0.00998236 -0.002 -0.00193185 0.00998236 0 -0.00173205 0.0095 0 -0.000777817 -0.00972218 -0.002 -0.00141421 -0.00908579 -0.002 -0.000952628 -0.00995 -0.002 -0.00173205 -0.0095 -0.002 -0.00106252 -0.0102153 -0.002 -0.00193185 -0.00998236 -0.002 -0.0011 -0.0105 -0.002 -0.002 -0.0105 -0.002 -0.00106252 -0.0107847 -0.002 -0.00193185 -0.0110176 -0.002 -0.000952628 -0.01105 -0.002 -0.00173205 -0.0115 -0.002 -0.000777817 -0.0112778 -0.002 -0.00141421 -0.0119142 -0.002 -0.00055 -0.0114526 -0.002 -0.001 -0.0122321 -0.002 -0.000284701 -0.0115625 -0.002 -0.000517638 -0.0124319 -0.002 1.17906e-18 -0.0116 -0.002 -2.14375e-18 -0.0125 -0.002 0.000284701 -0.0115625 -0.002 0.000517638 -0.0124319 -0.002 0.00055 -0.0114526 -0.002 0.001 -0.0122321 -0.002 0.000777817 -0.0112778 -0.002 0.00141421 -0.0119142 -0.002 0.000952628 -0.01105 -0.002 0.00173205 -0.0115 -0.002 0.00106252 -0.0107847 -0.002 0.00193185 -0.0110176 -0.002 0.0011 -0.0105 -0.002 0.002 -0.0105 -0.002 0.00106252 -0.0102153 -0.002 0.00193185 -0.00998236 -0.002 0.000952628 -0.00995 -0.002 0.00173205 -0.0095 -0.002 0.000777817 -0.00972218 -0.002 0.00141421 -0.00908579 -0.002 0.00055 -0.00954737 -0.002 0.001 -0.00876795 -0.002 0.000284701 -0.00943748 -0.002 0.000517638 -0.00856815 -0.002 -3.11605e-19 -0.0094 -0.002 5.66554e-19 -0.0085 -0.002 -0.000284701 -0.00943748 -0.002 -0.000517638 -0.00856815 -0.002 -0.00055 -0.00954737 -0.002 -0.001 -0.00876795 -0.002 0.001 -0.00876795 -0.000425209 0.001 -0.00876795 -0.002 0.00141421 -0.00908579 -0.002 -0.00141421 -0.00908579 -5.48102e-05 -0.00141421 -0.00908579 -0.002 -0.001 -0.00876795 -0.002 -0.00173205 -0.0095 -0.002 -0.000517638 -0.00856815 -0.002 -0.000517638 -0.00856815 -0.00066623 -0.000725464 -0.00863621 -0.00058337 -0.00091813 -0.00872866 -0.000472375 -0.001 -0.00876795 -0.000425209 0.000517638 -0.00856815 -0.002 0.000264548 -0.00851757 -0.000728319 5.66554e-19 -0.0085 -0.002 -1.65389e-18 -0.0085 -0.00075 -0.000263353 -0.00851741 -0.000728515 0.000916771 -0.00872249 -0.000479461 0.000725765 -0.00863633 -0.000583228 0.000517638 -0.00856815 -0.00066623 0.00173205 -0.0095 -0.002 0.00146077 -0.00913393 0 0.00141421 -0.00908579 -5.48102e-05 -0.00146077 -0.00913393 -1.30104e-18 -0.00173205 -0.0095 0 -0.00193185 -0.00998236 -0.002 -0.00193185 -0.00998236 0 -0.002 -0.0105 -0.002 -0.002 -0.0105 0 -0.00193185 -0.0110176 -0.002 -0.00193185 -0.0110176 0 -0.00173205 -0.0115 -0.002 -0.00173205 -0.0115 0 -0.00141421 -0.0119142 -0.002 -0.00141421 -0.0119142 0 -0.001 -0.0122321 -0.002 -0.001 -0.0122321 0 -0.000517638 -0.0124319 -0.002 -0.000517638 -0.0124319 0 -2.14375e-18 -0.0125 -0.002 -2.14375e-18 -0.0125 0 0.000517638 -0.0124319 -0.002 0.000517638 -0.0124319 0 0.001 -0.0122321 -0.002 0.001 -0.0122321 0 0.00141421 -0.0119142 -0.002 0.00141421 -0.0119142 0 0.00173205 -0.0115 -0.002 0.00173205 -0.0115 0 0.00193185 -0.0110176 -0.002 0.00193185 -0.0110176 0 0.002 -0.0105 -0.002 0.002 -0.0105 0 0.00193185 -0.00998236 -0.002 0.00193185 -0.00998236 0 0.00173205 -0.0095 0 -0.000777817 0.0112778 -0.002 -0.00141421 0.0119142 -0.002 -0.000952628 0.01105 -0.002 -0.00173205 0.0115 -0.002 -0.00106252 0.0107847 -0.002 -0.00193185 0.0110176 -0.002 -0.0011 0.0105 -0.002 -0.002 0.0105 -0.002 -0.00106252 0.0102153 -0.002 -0.00193185 0.00998236 -0.002 -0.000952628 0.00995 -0.002 -0.00173205 0.0095 -0.002 -0.000777817 0.00972218 -0.002 -0.00141421 0.00908579 -0.002 -0.00055 0.00954737 -0.002 -0.001 0.00876795 -0.002 -0.000284701 0.00943748 -0.002 -0.000517638 0.00856815 -0.002 1.17906e-18 0.0094 -0.002 -2.14375e-18 0.0085 -0.002 0.000284701 0.00943748 -0.002 0.000517638 0.00856815 -0.002 0.00055 0.00954737 -0.002 0.001 0.00876795 -0.002 0.000777817 0.00972218 -0.002 0.00141421 0.00908579 -0.002 0.000952628 0.00995 -0.002 0.00173205 0.0095 -0.002 0.00106252 0.0102153 -0.002 0.00193185 0.00998236 -0.002 0.0011 0.0105 -0.002 0.002 0.0105 -0.002 0.00106252 0.0107847 -0.002 0.00193185 0.0110176 -0.002 0.000952628 0.01105 -0.002 0.00173205 0.0115 -0.002 0.000777817 0.0112778 -0.002 0.00141421 0.0119142 -0.002 0.00055 0.0114526 -0.002 0.001 0.0122321 -0.002 0.000284701 0.0115625 -0.002 0.000517638 0.0124319 -0.002 -3.11605e-19 0.0116 -0.002 5.66554e-19 0.0125 -0.002 -0.000284701 0.0115625 -0.002 -0.000517638 0.0124319 -0.002 -0.00055 0.0114526 -0.002 -0.001 0.0122321 -0.002 -0.019 -0.0105 -0.002 -0.019 -0.0105 0 -0.0190681 -0.00998236 -0.002 -0.0190681 -0.00998236 0 -0.0192679 -0.0095 -0.002 -0.0192679 -0.0095 0 -0.0195858 -0.00908579 -0.002 -0.0195858 -0.00908579 0 -0.02 -0.00876795 -0.002 -0.02 -0.00876795 0 -0.0204824 -0.00856815 -0.002 -0.0204824 -0.00856815 0 -0.021 -0.0085 -0.002 -0.021 -0.0085 0 -0.0215176 -0.00856815 -0.002 -0.0215176 -0.00856815 0 -0.022 -0.00876795 -0.002 -0.022 -0.00876795 0 -0.0224142 -0.00908579 -0.002 -0.0224142 -0.00908579 0 -0.0227321 -0.0095 -0.002 -0.0227321 -0.0095 0 -0.0229319 -0.00998236 -0.002 -0.0229319 -0.00998236 0 -0.023 -0.0105 -0.002 -0.023 -0.0105 0 -0.0229319 -0.0110176 -0.002 -0.0229319 -0.0110176 0 -0.0227321 -0.0115 -0.002 -0.0227321 -0.0115 0 -0.0224142 -0.0119142 -0.002 -0.0224142 -0.0119142 0 -0.022 -0.0122321 -0.002 -0.022 -0.0122321 0 -0.0215176 -0.0124319 -0.002 -0.0215176 -0.0124319 0 -0.021 -0.0125 -0.002 -0.021 -0.0125 0 -0.0204824 -0.0124319 -0.002 -0.0204824 -0.0124319 0 -0.02 -0.0122321 -0.002 -0.02 -0.0122321 0 -0.0195858 -0.0119142 -0.002 -0.0195858 -0.0119142 0 -0.0192679 -0.0115 -0.002 -0.0192679 -0.0115 0 -0.0190681 -0.0110176 -0.002 -0.0190681 -0.0110176 0 -0.0219526 -0.00995 -0.002 -0.0227321 -0.0095 -0.002 -0.0220625 -0.0102153 -0.002 -0.0229319 -0.00998236 -0.002 -0.0221 -0.0105 -0.002 -0.023 -0.0105 -0.002 -0.0220625 -0.0107847 -0.002 -0.0229319 -0.0110176 -0.002 -0.0219526 -0.01105 -0.002 -0.0227321 -0.0115 -0.002 -0.0217778 -0.0112778 -0.002 -0.0224142 -0.0119142 -0.002 -0.02155 -0.0114526 -0.002 -0.022 -0.0122321 -0.002 -0.0212847 -0.0115625 -0.002 -0.0215176 -0.0124319 -0.002 -0.021 -0.0116 -0.002 -0.021 -0.0125 -0.002 -0.0207153 -0.0115625 -0.002 -0.0204824 -0.0124319 -0.002 -0.02045 -0.0114526 -0.002 -0.02 -0.0122321 -0.002 -0.0202222 -0.0112778 -0.002 -0.0195858 -0.0119142 -0.002 -0.0200474 -0.01105 -0.002 -0.0192679 -0.0115 -0.002 -0.0199375 -0.0107847 -0.002 -0.0190681 -0.0110176 -0.002 -0.0199 -0.0105 -0.002 -0.019 -0.0105 -0.002 -0.0199375 -0.0102153 -0.002 -0.0190681 -0.00998236 -0.002 -0.0200474 -0.00995 -0.002 -0.0192679 -0.0095 -0.002 -0.0202222 -0.00972218 -0.002 -0.0195858 -0.00908579 -0.002 -0.02045 -0.00954737 -0.002 -0.02 -0.00876795 -0.002 -0.0207153 -0.00943748 -0.002 -0.0204824 -0.00856815 -0.002 -0.021 -0.0094 -0.002 -0.021 -0.0085 -0.002 -0.0212847 -0.00943748 -0.002 -0.0215176 -0.00856815 -0.002 -0.02155 -0.00954737 -0.002 -0.022 -0.00876795 -0.002 -0.0217778 -0.00972218 -0.002 -0.0224142 -0.00908579 -0.002 -0.019 0.0105 -0.002 -0.019 0.0105 0 -0.0190681 0.0110176 -0.002 -0.0190681 0.0110176 0 -0.0192679 0.0115 -0.002 -0.0192679 0.0115 0 -0.0195858 0.0119142 -0.002 -0.0195858 0.0119142 0 -0.02 0.0122321 -0.002 -0.02 0.0122321 0 -0.0204824 0.0124319 -0.002 -0.0204824 0.0124319 0 -0.021 0.0125 -0.002 -0.021 0.0125 0 -0.0215176 0.0124319 -0.002 -0.0215176 0.0124319 0 -0.022 0.0122321 -0.002 -0.022 0.0122321 0 -0.0224142 0.0119142 -0.002 -0.0224142 0.0119142 0 -0.0227321 0.0115 -0.002 -0.0227321 0.0115 0 -0.0229319 0.0110176 -0.002 -0.0229319 0.0110176 0 -0.023 0.0105 -0.002 -0.023 0.0105 0 -0.0229319 0.00998236 -0.002 -0.0229319 0.00998236 0 -0.0227321 0.0095 -0.002 -0.0227321 0.0095 0 -0.0224142 0.00908579 -0.002 -0.0224142 0.00908579 0 -0.022 0.00876795 -0.002 -0.022 0.00876795 0 -0.0215176 0.00856815 -0.002 -0.0215176 0.00856815 0 -0.021 0.0085 -0.002 -0.021 0.0085 0 -0.0204824 0.00856815 -0.002 -0.0204824 0.00856815 0 -0.02 0.00876795 -0.002 -0.02 0.00876795 0 -0.0195858 0.00908579 -0.002 -0.0195858 0.00908579 0 -0.0192679 0.0095 -0.002 -0.0192679 0.0095 0 -0.0190681 0.00998236 -0.002 -0.0190681 0.00998236 0 -0.0200474 0.01105 -0.002 -0.0192679 0.0115 -0.002 -0.0202222 0.0112778 -0.002 -0.0195858 0.0119142 -0.002 -0.02045 0.0114526 -0.002 -0.02 0.0122321 -0.002 -0.0207153 0.0115625 -0.002 -0.0204824 0.0124319 -0.002 -0.021 0.0116 -0.002 -0.021 0.0125 -0.002 -0.0212847 0.0115625 -0.002 -0.0215176 0.0124319 -0.002 -0.02155 0.0114526 -0.002 -0.022 0.0122321 -0.002 -0.0217778 0.0112778 -0.002 -0.0224142 0.0119142 -0.002 -0.0219526 0.01105 -0.002 -0.0227321 0.0115 -0.002 -0.0220625 0.0107847 -0.002 -0.0229319 0.0110176 -0.002 -0.0221 0.0105 -0.002 -0.023 0.0105 -0.002 -0.0220625 0.0102153 -0.002 -0.0229319 0.00998236 -0.002 -0.0219526 0.00995 -0.002 -0.0227321 0.0095 -0.002 -0.0217778 0.00972218 -0.002 -0.0224142 0.00908579 -0.002 -0.02155 0.00954737 -0.002 -0.022 0.00876795 -0.002 -0.0212847 0.00943748 -0.002 -0.0215176 0.00856815 -0.002 -0.021 0.0094 -0.002 -0.021 0.0085 -0.002 -0.0207153 0.00943748 -0.002 -0.0204824 0.00856815 -0.002 -0.02045 0.00954737 -0.002 -0.02 0.00876795 -0.002 -0.0202222 0.00972218 -0.002 -0.0195858 0.00908579 -0.002 -0.0200474 0.00995 -0.002 -0.0192679 0.0095 -0.002 -0.0199375 0.0102153 -0.002 -0.0190681 0.00998236 -0.002 -0.0199 0.0105 -0.002 -0.019 0.0105 -0.002 -0.0199375 0.0107847 -0.002 -0.0190681 0.0110176 -0.002 -0.04 -0.0119659 0.000741181 -0.038 -0.0119659 0.000741181 -0.04 -0.011866 0.0005 -0.038 -0.011866 0.0005 -0.04 -0.0117071 0.000292893 -0.038 -0.0117071 0.000292893 -0.04 -0.0115 0.000133975 -0.038 -0.0115 0.000133975 -0.04 -0.0112588 3.40742e-05 -0.038 -0.0112588 3.40742e-05 -0.04 -0.0120341 0.00375882 -0.038 -0.0120341 0.00375882 -0.04 -0.012134 0.004 -0.038 -0.012134 0.004 -0.04 -0.0122929 0.00420711 -0.038 -0.0122929 0.00420711 -0.04 -0.0125 0.00436603 -0.038 -0.0125 0.00436603 -0.04 -0.0127412 0.00446593 -0.038 -0.0127412 0.00446593 -0.04 0.0112588 3.40742e-05 -0.038 0.0112588 3.40742e-05 -0.04 0.0115 0.000133975 -0.038 0.0115 0.000133975 -0.04 0.0117071 0.000292893 -0.038 0.0117071 0.000292893 -0.04 0.011866 0.0005 -0.038 0.011866 0.0005 -0.04 0.0119659 0.000741181 -0.038 0.0119659 0.000741181 -0.04 0.0127412 0.00446593 -0.038 0.0127412 0.00446593 -0.04 0.0125 0.00436603 -0.038 0.0125 0.00436603 -0.04 0.0122929 0.00420711 -0.038 0.0122929 0.00420711 -0.04 0.012134 0.004 -0.038 0.012134 0.004 -0.04 0.0120341 0.00375882 -0.038 0.0120341 0.00375882 0.038 0.0112588 3.40742e-05 0.04 0.0112588 3.40742e-05 0.038 0.0115 0.000133975 0.04 0.0115 0.000133975 0.038 0.0117071 0.000292893 0.04 0.0117071 0.000292893 0.038 0.011866 0.0005 0.04 0.011866 0.0005 0.038 0.0119659 0.000741181 0.04 0.0119659 0.000741181 0.04 0.0120341 0.00375882 0.038 0.0120341 0.00375882 0.04 0.012134 0.004 0.038 0.012134 0.004 0.04 0.0122929 0.00420711 0.038 0.0122929 0.00420711 0.04 0.0125 0.00436603 0.038 0.0125 0.00436603 0.04 0.0127412 0.00446593 0.038 0.0127412 0.00446593 0.04 -0.0127412 0.00446593 0.038 -0.0127412 0.00446593 0.04 -0.0125 0.00436603 0.038 -0.0125 0.00436603 0.04 -0.0122929 0.00420711 0.038 -0.0122929 0.00420711 0.04 -0.012134 0.004 0.038 -0.012134 0.004 0.04 -0.0120341 0.00375882 0.038 -0.0120341 0.00375882 0.038 -0.0119659 0.000741181 0.04 -0.0119659 0.000741181 0.038 -0.011866 0.0005 0.04 -0.011866 0.0005 0.038 -0.0117071 0.000292893 0.04 -0.0117071 0.000292893 0.038 -0.0115 0.000133975 0.04 -0.0115 0.000133975 0.038 -0.0112588 3.40742e-05 0.04 -0.0112588 3.40742e-05 -0.0399914 -0.0176305 0.00799145 -0.0399659 -0.0177588 -0.004 -0.039866 -0.018 -0.004 -0.0399239 -0.0178827 0.00792388 -0.0399659 -0.0177588 0.00796593 -0.0397071 -0.0182071 0.00770711 -0.0397934 -0.0181088 0.00779335 -0.039866 -0.018 0.00786602 -0.0397071 -0.0182071 -0.004 -0.0395 -0.018366 -0.004 -0.0395 -0.018366 0.0075 -0.0392588 -0.0184659 -0.004 -0.0392588 -0.0184659 0.00725882 -0.0392588 -0.0184659 0.00725882 -0.012591 -0.0184991 0.00704128 -0.0120443 -0.0184951 0.00709928 -0.0117702 -0.0184926 0.00712134 0.0118003 -0.0184929 0.00711914 0.0392588 -0.0184659 0.00725882 0.0112317 -0.0184884 0.00715174 0.0109548 -0.018487 0.00716091 -0.0112008 -0.0184882 0.00715298 -0.0106257 -0.0184861 0.00716623 0.0103743 -0.0184861 0.00716623 -0.0100452 -0.018487 0.00716091 -0.00976835 -0.0184884 0.00715174 0.0123568 -0.0184977 0.00706849 0.00840899 -0.0184991 0.00704128 -0.00919973 -0.0184929 0.00711914 -0.00864323 -0.0184977 0.00706849 0.00979923 -0.0184882 0.00715298 0.00922982 -0.0184926 0.00712134 0.00895569 -0.0184951 0.00709928 0.0397071 -0.0182071 0.00770711 -0.0395 -0.018366 0.0075 0.0395 -0.018366 0.0075 0.0399914 -0.0176305 0.00799145 -0.0399914 -0.0176305 0.00799145 0.0399659 -0.0177588 0.00796593 -0.0399659 -0.0177588 0.00796593 0.0399239 -0.0178827 0.00792388 -0.0399239 -0.0178827 0.00792388 0.039866 -0.018 0.00786602 -0.039866 -0.018 0.00786602 0.0397934 -0.0181088 0.00779335 -0.0397934 -0.0181088 0.00779335 -0.0397071 -0.0182071 0.00770711 -0.0103743 0.0184861 0.00716623 -0.0109548 0.018487 0.00716091 -0.0392219 0.0184708 0.00722191 -0.0112317 0.0184884 0.00715174 -0.0118003 0.0184929 0.00711914 0.00976835 0.0184884 0.00715174 0.0100452 0.018487 0.00716091 0.0106257 0.0184861 0.00716623 0.0392219 0.0184708 0.00722191 0.012591 0.0184991 0.00704128 0.0120443 0.0184951 0.00709928 0.0117702 0.0184926 0.00712134 0.0112008 0.0184882 0.00715298 -0.00840899 0.0184991 0.00704128 0.00919973 0.0184929 0.00711914 0.00864323 0.0184977 0.00706849 -0.00979923 0.0184882 0.00715298 -0.00922982 0.0184926 0.00712134 -0.00895569 0.0184951 0.00709928 -0.0123568 0.0184977 0.00706849 0.0392588 0.0184659 0.00725882 -0.0392588 0.0184659 0.00725882 0.0394312 0.0183945 0.00743116 -0.0394312 0.0183945 0.00743116 0.0395 0.018366 0.0075 -0.0395 0.018366 0.0075 -0.0396184 0.0182752 0.00761837 -0.0397818 0.0181235 0.00778183 -0.0398613 0.017997 0.00786129 0.039901 0.0179339 0.00790097 0.0398613 0.017997 0.00786129 0.0397818 0.0181235 0.00778183 -0.0397071 0.0182071 0.00770711 0.0397071 0.0182071 0.00770711 0.0396184 0.0182752 0.00761837 -0.039901 0.0179339 0.00790097 -0.0399659 0.0177588 0.00796593 0.0399659 0.0177588 0.00796593 -0.0399749 0.0177225 0.00797493 0.0399749 0.0177225 0.00797493 -0.0399937 0.017612 0.00799371 0.0399937 0.017612 0.00799371 0.0399937 0.017612 0.00799371 0.0399749 0.0177225 0.00797493 0.0399659 0.0177588 0.00796593 0.0399659 0.0177588 -0.004 0.039901 0.0179339 0.00790097 0.039866 0.018 -0.004 0.0398613 0.017997 0.00786129 0.0397071 0.0182071 -0.004 0.0395 0.018366 -0.004 0.0395 0.018366 0.0075 0.0396184 0.0182752 0.00761837 0.0397071 0.0182071 0.00770711 0.0397818 0.0181235 0.00778183 0.0392588 0.0184659 -0.004 0.0392219 0.0184708 0.00722191 0.0392588 0.0184659 0.00725882 0.0394312 0.0183945 0.00743116 -0.0392588 0.0184659 -0.00425882 -0.012591 0.0184991 -0.00404128 -0.0120443 0.0184951 -0.00409928 -0.0117702 0.0184926 -0.00412134 -0.0112008 0.0184882 -0.00415298 -0.0106257 0.0184861 -0.00416623 0.0103743 0.0184861 -0.00416623 0.0109548 0.018487 -0.00416091 0.039 0.0184659 -0.00425882 0.0112317 0.0184884 -0.00415174 0.0118003 0.0184929 -0.00411914 -0.0100452 0.018487 -0.00416091 -0.00976835 0.0184884 -0.00415174 0.00840899 0.0184991 -0.00404128 -0.00919973 0.0184929 -0.00411914 -0.00864323 0.0184977 -0.00406849 0.00979923 0.0184882 -0.00415298 0.00922982 0.0184926 -0.00412134 0.00895569 0.0184951 -0.00409928 0.0123568 0.0184977 -0.00406849 0.039 0.018366 -0.0045 -0.0395 0.018366 -0.0045 0.039 0.0182071 -0.00470711 -0.0397071 0.0182071 -0.00470711 -0.0397934 0.0181088 -0.00479335 0.039 0.018 -0.00486603 -0.039866 0.018 -0.00486603 -0.0399239 0.0178827 -0.00492388 0.039 0.0177588 -0.00496593 -0.0399659 0.0177588 -0.00496593 -0.0399914 0.0176305 -0.00499144 -0.0399937 0.017612 0.00799371 -0.0399749 0.0177225 0.00797493 -0.0399914 0.0176305 -0.00499144 -0.0399659 0.0177588 0.00796593 -0.0399659 0.0177588 -0.00496593 -0.0399239 0.0178827 -0.00492388 -0.039901 0.0179339 0.00790097 -0.039866 0.018 -0.00486603 -0.0398613 0.017997 0.00786129 -0.0397934 0.0181088 -0.00479335 -0.0397818 0.0181235 0.00778183 -0.0397071 0.0182071 -0.00470711 -0.0397071 0.0182071 0.00770711 -0.0396184 0.0182752 0.00761837 -0.0395 0.018366 -0.0045 -0.0395 0.018366 0.0075 -0.0394312 0.0183945 0.00743116 -0.0392588 0.0184659 -0.00425882 -0.0392588 0.0184659 0.00725882 -0.0392219 0.0184708 0.00722191 0.0392588 -0.0184659 -0.00425882 0.012591 -0.0184991 -0.00404128 0.0120443 -0.0184951 -0.00409928 0.0117702 -0.0184926 -0.00412134 0.0112008 -0.0184882 -0.00415298 0.0106257 -0.0184861 -0.00416623 -0.0103743 -0.0184861 -0.00416623 -0.0109548 -0.018487 -0.00416091 -0.039 -0.0184659 -0.00425882 -0.0112317 -0.0184884 -0.00415174 -0.0118003 -0.0184929 -0.00411914 0.0100452 -0.018487 -0.00416091 0.00976835 -0.0184884 -0.00415174 -0.00840899 -0.0184991 -0.00404128 0.00919973 -0.0184929 -0.00411914 0.00864323 -0.0184977 -0.00406849 -0.00979923 -0.0184882 -0.00415298 -0.00922982 -0.0184926 -0.00412134 -0.00895569 -0.0184951 -0.00409928 -0.0123568 -0.0184977 -0.00406849 -0.039 -0.018366 -0.0045 0.0395 -0.018366 -0.0045 -0.039 -0.0182071 -0.00470711 0.0397071 -0.0182071 -0.00470711 0.0397934 -0.0181088 -0.00479335 -0.039 -0.018 -0.00486603 0.039866 -0.018 -0.00486603 0.0399239 -0.0178827 -0.00492388 -0.039 -0.0177588 -0.00496593 0.0399659 -0.0177588 -0.00496593 0.0399914 -0.0176305 -0.00499144 0.0399914 -0.0176305 0.00799145 0.0399914 -0.0176305 -0.00499144 0.0399659 -0.0177588 0.00796593 0.0399659 -0.0177588 -0.00496593 0.0399239 -0.0178827 -0.00492388 0.0399239 -0.0178827 0.00792388 0.039866 -0.018 -0.00486603 0.039866 -0.018 0.00786602 0.0397934 -0.0181088 -0.00479335 0.0397934 -0.0181088 0.00779335 0.0397071 -0.0182071 -0.00470711 0.0397071 -0.0182071 0.00770711 0.0395 -0.018366 0.0075 0.0395 -0.018366 -0.0045 0.0392588 -0.0184659 0.00725882 0.0392588 -0.0184659 -0.00425882 0.0208693 0.000232937 0.008 0.0248296 0.0012941 0.008 0.0207794 0.00045 0.008 0.0243301 0.0025 0.008 0.0206364 0.000636396 0.008 0.0235355 0.00353553 0.008 0.02045 0.000779423 0.008 0.0225 0.00433013 0.008 0.0202329 0.000869333 0.008 0.0212941 0.00482963 0.008 0.02 0.0009 0.008 0.02 0.005 0.008 0.0197671 0.000869333 0.008 0.0187059 0.00482963 0.008 0.01955 0.000779423 0.008 0.0175 0.00433013 0.008 0.0193636 0.000636396 0.008 0.0164645 0.00353553 0.008 0.0192206 0.00045 0.008 0.0156699 0.0025 0.008 0.0191307 0.000232937 0.008 0.0151704 0.0012941 0.008 0.0191 5.09898e-19 0.008 0.015 0 0.008 0.0191307 -0.000232937 0.008 0.0151704 -0.0012941 0.008 0.0192206 -0.00045 0.008 0.0156699 -0.0025 0.008 0.0193636 -0.000636396 0.008 0.0164645 -0.00353553 0.008 0.01955 -0.000779423 0.008 0.0175 -0.00433013 0.008 0.0197671 -0.000869333 0.008 0.0187059 -0.00482963 0.008 0.02 -0.0009 0.008 0.02 -0.005 0.008 0.0202329 -0.000869333 0.008 0.0212941 -0.00482963 0.008 0.02045 -0.000779423 0.008 0.0225 -0.00433013 0.008 0.0206364 -0.000636396 0.008 0.0235355 -0.00353553 0.008 0.0207794 -0.00045 0.008 0.0243301 -0.0025 0.008 0.0208693 -0.000232937 0.008 0.0248296 -0.0012941 0.008 0.0209 0 0.008 0.025 6.12323e-19 0.008 0.0151851 -0.00129046 0.002 0.0151704 -0.0012941 0.008 0.0150647 -0.000802056 0.002 0.015 0 0.008 0.0152573 -0.00158334 0.002 0.0155727 -0.00232362 0.002 0.0156699 -0.0025 0.008 0.0164698 -0.00353083 0.002 0.0164645 -0.00353553 0.008 0.0160028 -0.00300371 0.002 0.0156801 -0.0024935 0.002 0.0175081 -0.00431609 0.002 0.0175 -0.00433013 0.008 0.0171597 -0.00411492 0.002 0.0165364 -0.00360601 0.002 0.0178565 -0.00451725 0.002 0.0186089 -0.00480259 0.002 0.0187059 -0.00482963 0.008 0.0200005 -0.00498785 0.002 0.02 -0.005 0.008 0.0193973 -0.00496354 0.002 0.0187073 -0.00482268 0.002 0.0202013 -0.00499594 0.002 0.0210001 -0.00489895 0.002 0.0212941 -0.00482963 0.008 0.0212899 -0.00481503 0.002 0.021773 -0.00467508 0.002 0.0225 -0.00433013 0.008 0.023525 -0.00352457 0.002 0.0235355 -0.00353553 0.008 0.0231622 -0.00387302 0.002 0.0225 -0.00433013 0.002 0.0237426 -0.00331561 0.002 0.024226 -0.00267233 0.002 0.0243301 -0.0025 0.008 0.0248229 -0.00129185 0.002 0.0248296 -0.0012941 0.008 0.0245999 -0.00195983 0.002 0.0243194 -0.00249435 0.002 0.0249838 2.81893e-18 0.002 0.025 2.83277e-18 0.008 0.0249838 -0.000402333 0.002 0.0248547 -0.00119658 0.002 0.0249838 0.000402333 0.002 0.0248547 0.00119658 0.002 0.0248296 0.0012941 0.008 0.0243194 0.00249435 0.002 0.0243301 0.0025 0.008 0.0245999 0.00195983 0.002 0.0248229 0.00129185 0.002 0.024226 0.00267233 0.002 0.0237426 0.00331561 0.002 0.0235355 0.00353553 0.008 0.023525 0.00352457 0.002 0.0231622 0.00387302 0.002 0.0225 0.00433013 0.008 0.0212899 0.00481503 0.002 0.0212941 0.00482963 0.008 0.021773 0.00467508 0.002 0.0225 0.00433013 0.002 0.0210001 0.00489895 0.002 0.0202013 0.00499594 0.002 0.02 0.005 0.008 0.0187073 0.00482268 0.002 0.0187059 0.00482963 0.008 0.0193973 0.00496354 0.002 0.0200005 0.00498785 0.002 0.0175081 0.00431609 0.002 0.0175 0.00433013 0.008 0.0178565 0.00451725 0.002 0.0186089 0.00480259 0.002 0.0171597 0.00411492 0.002 0.0165364 0.00360601 0.002 0.0164645 0.00353553 0.008 0.0156801 0.0024935 0.002 0.0156699 0.0025 0.008 0.0160028 0.00300371 0.002 0.0164698 0.00353083 0.002 0.0155727 0.00232362 0.002 0.0152573 0.00158334 0.002 0.0151704 0.0012941 0.008 0.0151851 0.00129046 0.002 0.0150647 0.000802056 0.002 0.015 0 0.002 0.0151927 0.00160492 0.00148236 0.0193891 0.0050312 0.00148236 0.0246626 -0.00198654 0.00148236 0.0159483 -0.00304465 0.00148236 0.0181965 0.00622643 6.81484e-05 0.0172211 0.00585649 6.81484e-05 0.0174278 0.0054207 0.000267949 0.026294 -0.00155133 6.81484e-05 0.0264613 -0.000521613 6.81484e-05 0.0259805 -0.000482799 0.000267949 0.0155095 -0.0046751 6.81484e-05 0.0163176 -0.00533488 6.81484e-05 0.0165916 -0.0049379 0.000267949 0.0136016 0.00103984 6.81484e-05 0.0138512 0.00205276 6.81484e-05 0.0142602 0.0030125 6.81484e-05 0.0254788 0.0034646 6.81484e-05 0.020261 -0.0064771 6.81484e-05 0.0176054 -0.00504648 0.000585786 0.0174278 -0.0054207 0.000267949 0.0172211 -0.00585649 6.81484e-05 0.0221276 -0.0056101 0.000267949 0.0212002 -0.00587874 0.000267949 0.0212966 -0.00635136 6.81484e-05 0.0255677 0.000449469 0.000585786 0.0259805 0.000482799 0.000267949 0.0264613 0.000521613 6.81484e-05 0.0237947 0.00464763 0.000267949 0.0244911 0.00397874 0.000267949 0.0248521 0.0042986 6.81484e-05 0.0168269 0.00459701 0.000585786 0.0165916 0.0049379 0.000267949 0.0163176 0.00533488 6.81484e-05 0.0185344 -0.00505996 0.001 0.0184459 -0.00536525 0.000585786 0.0183307 -0.00576311 0.000267949 0.0181965 -0.00622643 6.81484e-05 0.0211173 -0.0054729 0.000585786 0.0219807 -0.0052228 0.000585786 0.0227929 -0.00483743 0.000585786 0.0251149 0.0012607 0.001 0.0254235 0.00133677 0.000585786 0.0258257 0.00143589 0.000267949 0.026294 0.00155133 6.81484e-05 0.024181 0.00370406 0.000585786 0.0235327 0.00432678 0.000585786 0.0227929 0.00483743 0.000585786 0.0163508 0.00379926 0.001 0.0161306 0.00402848 0.000585786 0.0158437 0.00432721 0.000267949 0.0155095 0.0046751 6.81484e-05 0.0148003 -0.000845038 0.001 0.0147321 0 0.001 0.0144142 0 0.000585786 0.0193891 -0.0050312 0.00148236 0.019365 -0.00522954 0.001 0.0193267 -0.00554506 0.000585786 0.0192768 -0.00595625 0.000267949 0.0192186 -0.0064351 6.81484e-05 0.0210537 -0.00516149 0.001 0.021868 -0.00492562 0.001 0.022634 -0.00456218 0.001 0.0233317 -0.00408058 0.001 0.0246626 0.00198654 0.00148236 0.0248464 0.00206486 0.001 0.0251388 0.00218944 0.000585786 0.0255199 0.0023518 0.000267949 0.0259636 0.00254087 6.81484e-05 0.0239431 0.0034933 0.001 0.0233317 0.00408058 0.001 0.022634 0.00456218 0.001 0.021868 0.00492562 0.001 0.0159483 0.00304465 0.00148236 0.0157886 0.00316468 0.001 0.0155345 0.00335562 0.000585786 0.0152033 0.00360445 0.000267949 0.0148177 0.00389423 6.81484e-05 0.0149319 0 0.00148236 0.0149975 -0.000812988 0.00148236 0.0151927 -0.00160492 0.00148236 0.0155124 -0.00235529 0.00148236 0.0150032 -0.00166819 0.001 0.0144865 -0.000896023 0.000585786 0.014 0 0.000267949 0.0136016 -0.00103984 6.81484e-05 0.0138512 -0.00205276 6.81484e-05 0.0143088 -0.00190001 0.000267949 0.0146873 -0.00278834 0.000267949 0.015054 -0.00259584 0.000585786 0.0155345 -0.00335562 0.000585786 0.0157886 -0.00316468 0.001 0.0163508 -0.00379926 0.001 0.0164892 -0.00365516 0.00148236 0.017121 -0.004171 0.00148236 0.0142602 -0.0030125 6.81484e-05 0.0152033 -0.00360445 0.000267949 0.0161306 -0.00402848 0.000585786 0.0170075 -0.00433544 0.001 0.0178273 -0.00457882 0.00148236 0.0148177 -0.00389423 6.81484e-05 0.0158437 -0.00432721 0.000267949 0.0168269 -0.00459701 0.000585786 0.0177417 -0.00475933 0.001 0.01859 -0.00486805 0.00148236 0.0210138 -0.00496572 0.00148236 0.0217972 -0.0047388 0.00148236 0.0225341 -0.00438915 0.00148236 0.0232053 -0.00392581 0.00148236 0.0237936 -0.0033608 0.00148236 0.0222987 -0.00606111 6.81484e-05 0.023 -0.00519615 0.000267949 0.0235327 -0.00432678 0.000585786 0.0239431 -0.0034933 0.001 0.0242835 -0.00270875 0.00148236 0.0240997 -0.00502127 6.81484e-05 0.0248521 -0.0042986 6.81484e-05 0.0244911 -0.00397874 0.000267949 0.0250711 -0.00320679 0.000267949 0.0247211 -0.00298541 0.000585786 0.0251388 -0.00218944 0.000585786 0.0248464 -0.00206486 0.001 0.0251149 -0.0012607 0.001 0.0249209 -0.00121289 0.00148236 0.0250517 -0.000407816 0.00148236 0.0254788 -0.0034646 6.81484e-05 0.0259636 -0.00254087 6.81484e-05 0.0255199 -0.0023518 0.000267949 0.0258257 -0.00143589 0.000267949 0.0254235 -0.00133677 0.000585786 0.0255677 -0.000449469 0.000585786 0.0252509 -0.000423894 0.001 0.0252509 0.000423894 0.001 0.0250517 0.000407816 0.00148236 0.0249209 0.00121289 0.00148236 0.0237936 0.0033608 0.00148236 0.0232053 0.00392581 0.00148236 0.0225341 0.00438915 0.00148236 0.0217972 0.0047388 0.00148236 0.0210138 0.00496572 0.00148236 0.0240997 0.00502127 6.81484e-05 0.023 0.00519615 0.000267949 0.0219807 0.0052228 0.000585786 0.0210537 0.00516149 0.001 0.0202041 0.00506404 0.00148236 0.0222987 0.00606111 6.81484e-05 0.0212966 0.00635136 6.81484e-05 0.0212002 0.00587874 0.000267949 0.0202416 0.00599513 0.000267949 0.0202249 0.00558126 0.000585786 0.0193267 0.00554506 0.000585786 0.019365 0.00522954 0.001 0.0185344 0.00505996 0.001 0.01859 0.00486805 0.00148236 0.0178273 0.00457882 0.00148236 0.020261 0.0064771 6.81484e-05 0.0192186 0.0064351 6.81484e-05 0.0192768 0.00595625 0.000267949 0.0183307 0.00576311 0.000267949 0.0184459 0.00536525 0.000585786 0.0176054 0.00504648 0.000585786 0.0177417 0.00475933 0.001 0.0170075 0.00433544 0.001 0.017121 0.004171 0.00148236 0.0164892 0.00365516 0.00148236 0.0153355 -0.00244814 0.001 0.0147017 -0.00176884 0.000585786 0.0140777 -0.000962468 0.000267949 0.0135176 0 6.81484e-05 0.0202041 -0.00506404 0.00148236 0.0202416 -0.00599513 0.000267949 0.0202249 -0.00558126 0.000585786 0.0202121 -0.00526368 0.001 0.0244524 -0.00281554 0.001 0.024181 -0.00370406 0.000585786 0.0237947 -0.00464763 0.000267949 0.0232412 -0.00561389 6.81484e-05 0.0242835 0.00270875 0.00148236 0.0250711 0.00320679 0.000267949 0.0247211 0.00298541 0.000585786 0.0244524 0.00281554 0.001 0.0202121 0.00526368 0.001 0.0211173 0.0054729 0.000585786 0.0221276 0.0056101 0.000267949 0.0232412 0.00561389 6.81484e-05 0.0155124 0.00235529 0.00148236 0.0146873 0.00278834 0.000267949 0.015054 0.00259584 0.000585786 0.0153355 0.00244814 0.001 0.0143088 0.00190001 0.000267949 0.0147017 0.00176884 0.000585786 0.0150032 0.00166819 0.001 0.0140777 0.000962468 0.000267949 0.0144865 0.000896023 0.000585786 0.0148003 0.000845038 0.001 0.0149975 0.000812988 0.00148236 0.0209 -2.20436e-19 -0.005 0.0209 -2.20436e-19 0.008 0.0208693 0.000232937 -0.005 0.0208693 0.000232937 0.008 0.0207794 0.00045 -0.005 0.0207794 0.00045 0.008 0.0206364 0.000636396 -0.005 0.0206364 0.000636396 0.008 0.02045 0.000779423 -0.005 0.02045 0.000779423 0.008 0.0202329 0.000869333 -0.005 0.0202329 0.000869333 0.008 0.02 0.0009 -0.005 0.02 0.0009 0.008 0.0197671 0.000869333 -0.005 0.0197671 0.000869333 0.008 0.01955 0.000779423 -0.005 0.01955 0.000779423 0.008 0.0193636 0.000636396 -0.005 0.0193636 0.000636396 0.008 0.0192206 0.00045 -0.005 0.0192206 0.00045 0.008 0.0191307 0.000232937 -0.005 0.0191307 0.000232937 0.008 0.0191 5.09898e-19 -0.005 0.0191 5.09898e-19 0.008 0.0191307 -0.000232937 -0.005 0.0191307 -0.000232937 0.008 0.0192206 -0.00045 -0.005 0.0192206 -0.00045 0.008 0.0193636 -0.000636396 -0.005 0.0193636 -0.000636396 0.008 0.01955 -0.000779423 -0.005 0.01955 -0.000779423 0.008 0.0197671 -0.000869333 -0.005 0.0197671 -0.000869333 0.008 0.02 -0.0009 -0.005 0.02 -0.0009 0.008 0.0202329 -0.000869333 -0.005 0.0202329 -0.000869333 0.008 0.02045 -0.000779423 -0.005 0.02045 -0.000779423 0.008 0.0206364 -0.000636396 -0.005 0.0206364 -0.000636396 0.008 0.0207794 -0.00045 -0.005 0.0207794 -0.00045 0.008 0.0208693 -0.000232937 -0.005 0.0208693 -0.000232937 0.008 -0.0399659 -0.0175 -0.00425882 -0.039933 -0.01775 -0.00425882 -0.039433 -0.01775 -0.00486603 -0.0392241 -0.0176294 -0.00496593 -0.039183 -0.017683 -0.00496593 -0.039067 -0.01775 -0.00496593 -0.03925 -0.017567 -0.00496593 -0.039483 -0.0176294 -0.00486603 -0.039683 -0.017683 -0.00470711 -0.0392588 -0.0175 -0.00496593 -0.0393536 -0.0178536 -0.00486603 -0.0391294 -0.0177241 -0.00496593 -0.03925 -0.017933 -0.00486603 -0.0391294 -0.017983 -0.00486603 -0.0395 -0.0175 -0.00486603 -0.0397071 -0.0175 -0.00470711 -0.039866 -0.0175 -0.0045 -0.0396124 -0.0178536 -0.00470711 -0.0395 -0.018 -0.00470711 -0.0393536 -0.0181124 -0.00470711 -0.039183 -0.018183 -0.00470711 -0.0398365 -0.0177241 -0.0045 -0.03975 -0.017933 -0.0045 -0.0396124 -0.0181124 -0.0045 -0.039433 -0.01825 -0.0045 -0.0392241 -0.0183365 -0.0045 -0.0398365 -0.017983 -0.00425882 -0.039683 -0.018183 -0.00425882 -0.039483 -0.0183365 -0.00425882 -0.03925 -0.018433 -0.00425882 -0.0392588 -0.01 -0.00496593 -0.0395 -0.01 -0.00486603 -0.0397071 -0.01 -0.00470711 -0.039866 -0.01 -0.0045 -0.0399659 -0.01 -0.00425882 0.0399659 0.0175 -0.00425882 0.039933 0.01775 -0.00425882 0.039433 0.01775 -0.00486603 0.0392241 0.0176294 -0.00496593 0.039183 0.017683 -0.00496593 0.039067 0.01775 -0.00496593 0.03925 0.017567 -0.00496593 0.039483 0.0176294 -0.00486603 0.039683 0.017683 -0.00470711 0.0392588 0.0175 -0.00496593 0.0393536 0.0178536 -0.00486603 0.0391294 0.0177241 -0.00496593 0.03925 0.017933 -0.00486603 0.0391294 0.017983 -0.00486603 0.0395 0.0175 -0.00486603 0.0397071 0.0175 -0.00470711 0.039866 0.0175 -0.0045 0.0396124 0.0178536 -0.00470711 0.0395 0.018 -0.00470711 0.0393536 0.0181124 -0.00470711 0.039183 0.018183 -0.00470711 0.0398365 0.0177241 -0.0045 0.03975 0.017933 -0.0045 0.0396124 0.0181124 -0.0045 0.039433 0.01825 -0.0045 0.0392241 0.0183365 -0.0045 0.0398365 0.017983 -0.00425882 0.039683 0.018183 -0.00425882 0.039483 0.0183365 -0.00425882 0.03925 0.018433 -0.00425882 0.0392588 0.01 -0.00496593 0.0395 0.01 -0.00486603 0.0397071 0.01 -0.00470711 0.039866 0.01 -0.0045 0.0399659 0.01 -0.00425882 -0.0193636 -0.000636396 0.008 -0.0195 -0.000741057 -0.005 -0.01955 -0.000779423 0.008 -0.01955 -0.000779423 -0.005 -0.0197671 -0.000869333 0.008 -0.0197671 -0.000869333 -0.005 -0.02 -0.0009 0.008 -0.02 -0.0009 -0.005 -0.0202329 -0.000869333 0.008 -0.0202329 -0.000869333 -0.005 -0.02045 -0.000779423 0.008 -0.02045 -0.000779423 -0.005 -0.0206364 -0.000636396 0.008 -0.0206364 -0.000636396 -0.005 -0.0207794 -0.00045 0.008 -0.0207794 -0.00045 -0.005 -0.0208693 -0.000232937 0.008 -0.0208693 -0.000232937 -0.005 -0.0209 5.09898e-19 0.008 -0.0209 5.09898e-19 -0.005 -0.0208693 0.000232937 0.008 -0.0208693 0.000232937 -0.005 -0.0207794 0.00045 0.008 -0.0207794 0.00045 -0.005 -0.0206364 0.000636396 0.008 -0.0206364 0.000636396 -0.005 -0.02045 0.000779423 0.008 -0.02045 0.000779423 -0.005 -0.0202329 0.000869333 0.008 -0.0202329 0.000869333 -0.005 -0.02 0.0009 0.008 -0.02 0.0009 -0.005 -0.0197671 0.000869333 0.008 -0.0197671 0.000869333 -0.005 -0.01955 0.000779423 0.008 -0.01955 0.000779423 -0.005 -0.0193636 0.000636396 0.008 -0.0195 0.000741057 -0.005 -0.0193636 0.000636396 -0.005 -0.0192206 0.00045 0.008 -0.0192206 0.00045 -0.005 -0.0191307 0.000232937 0.008 -0.0191307 0.000232937 -0.005 -0.0191 -2.20436e-19 0.008 -0.0191 -2.20436e-19 -0.005 -0.0191307 -0.000232937 0.008 -0.0191307 -0.000232937 -0.005 -0.0192206 -0.00045 0.008 -0.0192206 -0.00045 -0.005 -0.0193636 -0.000636396 -0.005 -0.0248149 0.00129046 0.002 -0.0247427 0.00158334 0.002 -0.0248073 0.00160492 0.00148236 -0.0212927 0.00482268 0.002 -0.0206027 0.00496354 0.002 -0.0206109 0.0050312 0.00148236 -0.0151771 -0.00129185 0.002 -0.0154001 -0.00195983 0.002 -0.0153374 -0.00198654 0.00148236 -0.0235302 -0.00353083 0.002 -0.0239972 -0.00300371 0.002 -0.0240517 -0.00304465 0.00148236 -0.0218035 0.00622643 6.81484e-05 -0.0227789 0.00585649 6.81484e-05 -0.0225722 0.0054207 0.000267949 -0.013706 -0.00155133 6.81484e-05 -0.0135387 -0.000521613 6.81484e-05 -0.0140195 -0.000482799 0.000267949 -0.0244905 -0.0046751 6.81484e-05 -0.0236824 -0.00533488 6.81484e-05 -0.0234084 -0.0049379 0.000267949 -0.0263984 0.00103984 6.81484e-05 -0.0261488 0.00205276 6.81484e-05 -0.0257398 0.0030125 6.81484e-05 -0.0145212 0.0034646 6.81484e-05 -0.019739 -0.0064771 6.81484e-05 -0.0223946 -0.00504648 0.000585786 -0.0225722 -0.0054207 0.000267949 -0.0227789 -0.00585649 6.81484e-05 -0.0178724 -0.0056101 0.000267949 -0.0187998 -0.00587874 0.000267949 -0.0187034 -0.00635136 6.81484e-05 -0.0144323 0.000449469 0.000585786 -0.0140195 0.000482799 0.000267949 -0.0135387 0.000521613 6.81484e-05 -0.0162053 0.00464763 0.000267949 -0.0155089 0.00397874 0.000267949 -0.0151479 0.0042986 6.81484e-05 -0.0231731 0.00459701 0.000585786 -0.0234084 0.0049379 0.000267949 -0.0236824 0.00533488 6.81484e-05 -0.0214656 -0.00505996 0.001 -0.0215541 -0.00536525 0.000585786 -0.0216693 -0.00576311 0.000267949 -0.0218035 -0.00622643 6.81484e-05 -0.0188827 -0.0054729 0.000585786 -0.0180193 -0.0052228 0.000585786 -0.0172071 -0.00483743 0.000585786 -0.0148851 0.0012607 0.001 -0.0145765 0.00133677 0.000585786 -0.0141743 0.00143589 0.000267949 -0.013706 0.00155133 6.81484e-05 -0.015819 0.00370406 0.000585786 -0.0164673 0.00432678 0.000585786 -0.0172071 0.00483743 0.000585786 -0.0236492 0.00379926 0.001 -0.0238694 0.00402848 0.000585786 -0.0241563 0.00432721 0.000267949 -0.0244905 0.0046751 6.81484e-05 -0.0251997 -0.000845038 0.001 -0.025268 0 0.001 -0.0255858 0 0.000585786 -0.0206109 -0.0050312 0.00148236 -0.020635 -0.00522954 0.001 -0.0206733 -0.00554506 0.000585786 -0.0207232 -0.00595625 0.000267949 -0.0207814 -0.0064351 6.81484e-05 -0.0189463 -0.00516149 0.001 -0.018132 -0.00492562 0.001 -0.017366 -0.00456218 0.001 -0.0166683 -0.00408058 0.001 -0.0153374 0.00198654 0.00148236 -0.0151536 0.00206486 0.001 -0.0148612 0.00218944 0.000585786 -0.0144801 0.0023518 0.000267949 -0.0140364 0.00254087 6.81484e-05 -0.0160569 0.0034933 0.001 -0.0166683 0.00408058 0.001 -0.017366 0.00456218 0.001 -0.018132 0.00492562 0.001 -0.0240517 0.00304465 0.00148236 -0.0242114 0.00316468 0.001 -0.0244655 0.00335562 0.000585786 -0.0247967 0.00360445 0.000267949 -0.0251823 0.00389423 6.81484e-05 -0.0250681 0 0.00148236 -0.0250025 -0.000812988 0.00148236 -0.0248073 -0.00160492 0.00148236 -0.0243198 -0.0024935 0.002 -0.0244273 -0.00232362 0.002 -0.0244876 -0.00235529 0.00148236 -0.0249968 -0.00166819 0.001 -0.0255135 -0.000896023 0.000585786 -0.026 0 0.000267949 -0.0263984 -0.00103984 6.81484e-05 -0.0261488 -0.00205276 6.81484e-05 -0.0256912 -0.00190001 0.000267949 -0.0253127 -0.00278834 0.000267949 -0.024946 -0.00259584 0.000585786 -0.0244655 -0.00335562 0.000585786 -0.0242114 -0.00316468 0.001 -0.0236492 -0.00379926 0.001 -0.0235108 -0.00365516 0.00148236 -0.022879 -0.004171 0.00148236 -0.0257398 -0.0030125 6.81484e-05 -0.0247967 -0.00360445 0.000267949 -0.0238694 -0.00402848 0.000585786 -0.0229925 -0.00433544 0.001 -0.0221727 -0.00457882 0.00148236 -0.0251823 -0.00389423 6.81484e-05 -0.0241563 -0.00432721 0.000267949 -0.0231731 -0.00459701 0.000585786 -0.0222583 -0.00475933 0.001 -0.02141 -0.00486805 0.00148236 -0.0213911 -0.00480259 0.002 -0.0212927 -0.00482268 0.002 -0.0189862 -0.00496572 0.00148236 -0.0182028 -0.0047388 0.00148236 -0.0174659 -0.00438915 0.00148236 -0.0167947 -0.00392581 0.00148236 -0.0162064 -0.0033608 0.00148236 -0.0177013 -0.00606111 6.81484e-05 -0.017 -0.00519615 0.000267949 -0.0164673 -0.00432678 0.000585786 -0.0160569 -0.0034933 0.001 -0.0157165 -0.00270875 0.00148236 -0.015774 -0.00267233 0.002 -0.0156806 -0.00249435 0.002 -0.0159003 -0.00502127 6.81484e-05 -0.0151479 -0.0042986 6.81484e-05 -0.0155089 -0.00397874 0.000267949 -0.0149289 -0.00320679 0.000267949 -0.0152789 -0.00298541 0.000585786 -0.0148612 -0.00218944 0.000585786 -0.0151536 -0.00206486 0.001 -0.0148851 -0.0012607 0.001 -0.0150791 -0.00121289 0.00148236 -0.0149483 -0.000407816 0.00148236 -0.0145212 -0.0034646 6.81484e-05 -0.0140364 -0.00254087 6.81484e-05 -0.0144801 -0.0023518 0.000267949 -0.0141743 -0.00143589 0.000267949 -0.0145765 -0.00133677 0.000585786 -0.0144323 -0.000449469 0.000585786 -0.0147491 -0.000423894 0.001 -0.0147491 0.000423894 0.001 -0.0149483 0.000407816 0.00148236 -0.0150791 0.00121289 0.00148236 -0.0151453 0.00119658 0.002 -0.0151771 0.00129185 0.002 -0.0162064 0.0033608 0.00148236 -0.0167947 0.00392581 0.00148236 -0.0174659 0.00438915 0.00148236 -0.0182028 0.0047388 0.00148236 -0.0189862 0.00496572 0.00148236 -0.0159003 0.00502127 6.81484e-05 -0.017 0.00519615 0.000267949 -0.0180193 0.0052228 0.000585786 -0.0189463 0.00516149 0.001 -0.0197959 0.00506404 0.00148236 -0.0197987 0.00499594 0.002 -0.0199995 0.00498785 0.002 -0.0177013 0.00606111 6.81484e-05 -0.0187034 0.00635136 6.81484e-05 -0.0187998 0.00587874 0.000267949 -0.0197584 0.00599513 0.000267949 -0.0197751 0.00558126 0.000585786 -0.0206733 0.00554506 0.000585786 -0.020635 0.00522954 0.001 -0.0214656 0.00505996 0.001 -0.02141 0.00486805 0.00148236 -0.0221727 0.00457882 0.00148236 -0.019739 0.0064771 6.81484e-05 -0.0207814 0.0064351 6.81484e-05 -0.0207232 0.00595625 0.000267949 -0.0216693 0.00576311 0.000267949 -0.0215541 0.00536525 0.000585786 -0.0223946 0.00504648 0.000585786 -0.0222583 0.00475933 0.001 -0.0229925 0.00433544 0.001 -0.022879 0.004171 0.00148236 -0.0235108 0.00365516 0.00148236 -0.0234636 0.00360601 0.002 -0.0235302 0.00353083 0.002 -0.025 0 0.002 -0.0249353 -0.000802056 0.002 -0.0248149 -0.00129046 0.002 -0.0247427 -0.00158334 0.002 -0.0246645 -0.00244814 0.001 -0.0252983 -0.00176884 0.000585786 -0.0259223 -0.000962468 0.000267949 -0.0264824 0 6.81484e-05 -0.0221435 -0.00451725 0.002 -0.0224919 -0.00431609 0.002 -0.0228403 -0.00411492 0.002 -0.0234636 -0.00360601 0.002 -0.0206027 -0.00496354 0.002 -0.0197959 -0.00506404 0.00148236 -0.0197987 -0.00499594 0.002 -0.0199995 -0.00498785 0.002 -0.0197584 -0.00599513 0.000267949 -0.0197751 -0.00558126 0.000585786 -0.0197879 -0.00526368 0.001 -0.0189999 -0.00489895 0.002 -0.0162574 -0.00331561 0.002 -0.016475 -0.00352457 0.002 -0.0168378 -0.00387302 0.002 -0.0175 -0.00433013 0.002 -0.018227 -0.00467508 0.002 -0.0187101 -0.00481503 0.002 -0.0155476 -0.00281554 0.001 -0.015819 -0.00370406 0.000585786 -0.0162053 -0.00464763 0.000267949 -0.0167588 -0.00561389 6.81484e-05 -0.0150162 0.000402333 0.002 -0.0150162 2.81893e-18 0.002 -0.0150162 -0.000402333 0.002 -0.0151453 -0.00119658 0.002 -0.0154001 0.00195983 0.002 -0.0157165 0.00270875 0.00148236 -0.015774 0.00267233 0.002 -0.0156806 0.00249435 0.002 -0.0149289 0.00320679 0.000267949 -0.0152789 0.00298541 0.000585786 -0.0155476 0.00281554 0.001 -0.0162574 0.00331561 0.002 -0.0189999 0.00489895 0.002 -0.0187101 0.00481503 0.002 -0.018227 0.00467508 0.002 -0.0175 0.00433013 0.002 -0.0168378 0.00387302 0.002 -0.016475 0.00352457 0.002 -0.0197879 0.00526368 0.001 -0.0188827 0.0054729 0.000585786 -0.0178724 0.0056101 0.000267949 -0.0167588 0.00561389 6.81484e-05 -0.0228403 0.00411492 0.002 -0.0224919 0.00431609 0.002 -0.0221435 0.00451725 0.002 -0.0213911 0.00480259 0.002 -0.0239972 0.00300371 0.002 -0.0244876 0.00235529 0.00148236 -0.0244273 0.00232362 0.002 -0.0243198 0.0024935 0.002 -0.0253127 0.00278834 0.000267949 -0.024946 0.00259584 0.000585786 -0.0246645 0.00244814 0.001 -0.0256912 0.00190001 0.000267949 -0.0252983 0.00176884 0.000585786 -0.0249968 0.00166819 0.001 -0.0259223 0.000962468 0.000267949 -0.0255135 0.000896023 0.000585786 -0.0251997 0.000845038 0.001 -0.0250025 0.000812988 0.00148236 -0.0249353 0.000802056 0.002 -0.0191307 0.000232937 0.008 -0.0151704 0.0012941 0.008 -0.0192206 0.00045 0.008 -0.0156699 0.0025 0.008 -0.0193636 0.000636396 0.008 -0.0164645 0.00353553 0.008 -0.01955 0.000779423 0.008 -0.0175 0.00433013 0.008 -0.0197671 0.000869333 0.008 -0.0187059 0.00482963 0.008 -0.02 0.0009 0.008 -0.02 0.005 0.008 -0.0202329 0.000869333 0.008 -0.0212941 0.00482963 0.008 -0.02045 0.000779423 0.008 -0.0225 0.00433013 0.008 -0.0206364 0.000636396 0.008 -0.0235355 0.00353553 0.008 -0.0207794 0.00045 0.008 -0.0243301 0.0025 0.008 -0.0208693 0.000232937 0.008 -0.0248296 0.0012941 0.008 -0.0209 1.10218e-19 0.008 -0.025 0 0.008 -0.0208693 -0.000232937 0.008 -0.0248296 -0.0012941 0.008 -0.0207794 -0.00045 0.008 -0.0243301 -0.0025 0.008 -0.0206364 -0.000636396 0.008 -0.0235355 -0.00353553 0.008 -0.02045 -0.000779423 0.008 -0.0225 -0.00433013 0.008 -0.0202329 -0.000869333 0.008 -0.0212941 -0.00482963 0.008 -0.02 -0.0009 0.008 -0.02 -0.005 0.008 -0.0197671 -0.000869333 0.008 -0.0187059 -0.00482963 0.008 -0.01955 -0.000779423 0.008 -0.0175 -0.00433013 0.008 -0.0193636 -0.000636396 0.008 -0.0164645 -0.00353553 0.008 -0.0192206 -0.00045 0.008 -0.0156699 -0.0025 0.008 -0.0191307 -0.000232937 0.008 -0.0151704 -0.0012941 0.008 -0.0191 0 0.008 -0.015 2.83277e-18 0.008 -0.0248296 -0.0012941 0.008 -0.025 0 0.008 -0.0243301 -0.0025 0.008 -0.0235355 -0.00353553 0.008 -0.0225 -0.00433013 0.008 -0.0212941 -0.00482963 0.008 -0.02 -0.005 0.008 -0.0187059 -0.00482963 0.008 -0.0175 -0.00433013 0.008 -0.0164645 -0.00353553 0.008 -0.0156699 -0.0025 0.008 -0.0151704 -0.0012941 0.008 -0.015 2.83277e-18 0.008 -0.0151704 0.0012941 0.008 -0.0156699 0.0025 0.008 -0.0164645 0.00353553 0.008 -0.0175 0.00433013 0.008 -0.0187059 0.00482963 0.008 -0.02 0.005 0.008 -0.0212941 0.00482963 0.008 -0.0225 0.00433013 0.008 -0.0235355 0.00353553 0.008 -0.0243301 0.0025 0.008 -0.0248296 0.0012941 0.008 -0.00141421 0.00908579 -5.48102e-05 -0.00146077 0.00913393 -1.73472e-18 -0.00192318 0.00904786 -1.73472e-18 0.00141421 -0.00908579 -5.48102e-05 0.00146077 -0.00913393 -1.73472e-18 0.00192318 -0.00904786 -1.73472e-18 0.001 -0.00876795 -0.000425209 0.000517638 -0.00856815 -0.00066623 0.000725765 -0.00863633 -0.000583228 0.00086236 -0.00820481 -0.001 0.000916771 -0.00872249 -0.000479461 0.00171527 -0.00806972 -0.001 -0.00086236 -0.00820481 -0.001 -0.00091813 -0.00872866 -0.000472375 -0.000725464 -0.00863621 -0.00058337 -0.000517638 -0.00856815 -0.00066623 -0.000263353 -0.00851741 -0.000728515 7.41907e-17 -0.00825 -0.001 -1.56142e-18 -0.0085 -0.00075 0.000264548 -0.00851757 -0.000728319 -0.001 -0.00876795 -0.000425209 -0.00171527 -0.00806972 -0.001 -0.00141421 -0.00908579 -5.48102e-05 -0.001 0.00876795 -0.000425209 -0.000517638 0.00856815 -0.00066623 -0.000725765 0.00863633 -0.000583228 -0.00086236 0.00820481 -0.001 -0.000916771 0.00872249 -0.000479461 -0.00171527 0.00806972 -0.001 0.00086236 0.00820481 -0.001 0.00091813 0.00872866 -0.000472375 0.000725464 0.00863621 -0.00058337 0.000517638 0.00856815 -0.00066623 0.000263353 0.00851741 -0.000728515 -2.36998e-17 0.00825 -0.001 -3.25428e-18 0.0085 -0.00075 -0.000264548 0.00851757 -0.000728319 0.001 0.00876795 -0.000425209 0.00171527 0.00806972 -0.001 0.00141421 0.00908579 -5.48102e-05 0.00254939 -0.00784622 -0.001 0.00285841 -0.00879727 -1.73472e-18 0.00335558 -0.00753675 -0.001 0.00376231 -0.0084503 -1.73472e-18 0.004125 -0.00714471 -0.001 -0.00146077 -0.00913393 -1.73472e-18 -0.00192318 -0.00904786 -1.73472e-18 -0.00285841 -0.00879727 -1.73472e-18 -0.00254939 -0.00784622 -0.001 -0.00376231 -0.0084503 -1.73472e-18 -0.00335558 -0.00753675 -0.001 -0.004625 -0.00801073 -1.73472e-18 -0.004125 -0.00714471 -0.001 -0.0050265 -0.00775 0 -0.00484923 -0.00667439 -0.001 -0.00254939 0.00784622 -0.001 -0.00285841 0.00879727 -1.73472e-18 -0.00335558 0.00753675 -0.001 -0.00376231 0.0084503 -1.73472e-18 -0.004125 0.00714471 -0.001 -0.004625 0.00801073 -1.73472e-18 -0.00484923 0.00667439 -0.001 -0.00543701 0.00748341 -1.73472e-18 -0.00552033 0.00613094 -0.001 -0.00618946 0.00687409 -1.73472e-18 -0.00613094 0.00552033 -0.001 -0.00687409 0.00618946 -1.73472e-18 -0.00667439 0.00484923 -0.001 -0.00748341 0.00543701 -1.73472e-18 -0.00714471 0.004125 -0.001 -0.00801073 0.004625 -1.73472e-18 -0.00753675 0.00335558 -0.001 -0.0084503 0.00376231 -1.73472e-18 -0.00784622 0.00254939 -0.001 -0.00879727 0.00285841 -1.73472e-18 -0.00806972 0.00171527 -0.001 -0.00904786 0.00192318 -1.73472e-18 -0.00820481 0.00086236 -0.001 -0.00919933 0.000966888 -1.73472e-18 -0.00825 -4.93459e-17 -0.001 -0.00925 -5.53273e-17 -1.73472e-18 -0.00820481 -0.00086236 -0.001 -0.00919933 -0.000966888 -1.73472e-18 -0.00806972 -0.00171527 -0.001 -0.00904786 -0.00192318 -1.73472e-18 -0.00784622 -0.00254939 -0.001 -0.00879727 -0.00285841 -1.73472e-18 -0.00753675 -0.00335558 -0.001 -0.0084503 -0.00376231 -1.73472e-18 -0.00714471 -0.004125 -0.001 -0.00801073 -0.004625 -1.73472e-18 -0.00667439 -0.00484923 -0.001 -0.00748341 -0.00543701 -1.73472e-18 -0.00613094 -0.00552033 -0.001 -0.00687409 -0.00618946 -1.73472e-18 -0.00552033 -0.00613094 -0.001 -0.00618946 -0.00687409 -1.73472e-18 -0.00543701 -0.00748341 -1.73472e-18 0.004625 -0.00801073 -1.73472e-18 0.0050265 -0.00775 0 0.00484923 -0.00667439 -0.001 0.00543701 -0.00748341 -1.73472e-18 0.00552033 -0.00613094 -0.001 0.00618946 -0.00687409 -1.73472e-18 0.00613094 -0.00552033 -0.001 0.00687409 -0.00618946 -1.73472e-18 0.00667439 -0.00484923 -0.001 0.00748341 -0.00543701 -1.73472e-18 0.00714471 -0.004125 -0.001 0.00801073 -0.004625 -1.73472e-18 0.00753675 -0.00335558 -0.001 0.0084503 -0.00376231 -1.73472e-18 0.00784622 -0.00254939 -0.001 0.00879727 -0.00285841 -1.73472e-18 0.00806972 -0.00171527 -0.001 0.00904786 -0.00192318 -1.73472e-18 0.00820481 -0.00086236 -0.001 0.00919933 -0.000966888 -1.73472e-18 0.00825 0 -0.001 0.00925 0 -1.73472e-18 0.00820481 0.00086236 -0.001 0.00919933 0.000966888 -1.73472e-18 0.00806972 0.00171527 -0.001 0.00904786 0.00192318 -1.73472e-18 0.00784622 0.00254939 -0.001 0.00879727 0.00285841 -1.73472e-18 0.00753675 0.00335558 -0.001 0.0084503 0.00376231 -1.73472e-18 0.00714471 0.004125 -0.001 0.00801073 0.004625 -1.73472e-18 0.00667439 0.00484923 -0.001 0.00748341 0.00543701 -1.73472e-18 0.00613094 0.00552033 -0.001 0.00687409 0.00618946 -1.73472e-18 0.00552033 0.00613094 -0.001 0.00618946 0.00687409 -1.73472e-18 0.00484923 0.00667439 -0.001 0.00543701 0.00748341 -1.73472e-18 0.004125 0.00714471 -0.001 0.004625 0.00801073 -1.73472e-18 0.00335558 0.00753675 -0.001 0.00376231 0.0084503 -1.73472e-18 0.00254939 0.00784622 -0.001 0.00285841 0.00879727 -1.73472e-18 0.00192318 0.00904786 -1.73472e-18 0.00146077 0.00913393 -1.73472e-18 0.00484923 -0.00667439 -0.004 0.005175 -0.00765356 -0.005 0.004125 -0.00714471 -0.004 0.004625 -0.00801073 -0.005 0.00335558 -0.00753675 -0.004 0.00376231 -0.0084503 -0.005 0.00254939 -0.00784622 -0.004 0.00285841 -0.00879727 -0.005 0.00171527 -0.00806972 -0.004 0.00192318 -0.00904786 -0.005 0.00086236 -0.00820481 -0.004 0.000966888 -0.00919933 -0.005 7.78544e-18 -0.00825 -0.004 8.72913e-18 -0.00925 -0.005 -0.00086236 -0.00820481 -0.004 -0.000966888 -0.00919933 -0.005 -0.00171527 -0.00806972 -0.004 -0.00192318 -0.00904786 -0.005 -0.00254939 -0.00784622 -0.004 -0.00285841 -0.00879727 -0.005 -0.00335558 -0.00753675 -0.004 -0.00376231 -0.0084503 -0.005 -0.004125 -0.00714471 -0.004 -0.004625 -0.00801073 -0.005 -0.00484923 -0.00667439 -0.004 -0.00543701 -0.00748341 -0.005 -0.00552033 -0.00613094 -0.004 -0.00618946 -0.00687409 -0.005 -0.00613094 -0.00552033 -0.004 -0.00687409 -0.00618946 -0.005 -0.00667439 -0.00484923 -0.004 0.00714471 -0.004125 -0.004 0.0077185 -0.005075 -0.005 0.00667439 -0.00484923 -0.004 0.00748341 -0.00543701 -0.005 0.00613094 -0.00552033 -0.004 0.00687409 -0.00618946 -0.005 0.00552033 -0.00613094 -0.004 0.00618946 -0.00687409 -0.005 0.00543701 -0.00748341 -0.005 0.00667439 0.00484923 -0.004 0.0077185 0.005075 -0.005 0.00714471 0.004125 -0.004 0.00801073 0.004625 -0.005 0.00753675 0.00335558 -0.004 0.0084503 0.00376231 -0.005 0.00784622 0.00254939 -0.004 0.00879727 0.00285841 -0.005 0.00806972 0.00171527 -0.004 0.00904786 0.00192318 -0.005 0.00820481 0.00086236 -0.004 0.00919933 0.000966888 -0.005 0.00825 4.57967e-18 -0.004 0.00925 5.13478e-18 -0.005 0.00820481 -0.00086236 -0.004 0.00919933 -0.000966888 -0.005 0.00806972 -0.00171527 -0.004 0.00904786 -0.00192318 -0.005 0.00784622 -0.00254939 -0.004 0.00879727 -0.00285841 -0.005 0.00753675 -0.00335558 -0.004 0.0084503 -0.00376231 -0.005 0.00801073 -0.004625 -0.005 0.004125 0.00714471 -0.004 0.005175 0.00765356 -0.005 0.00484923 0.00667439 -0.004 0.00543701 0.00748341 -0.005 0.00552033 0.00613094 -0.004 0.00618946 0.00687409 -0.005 0.00613094 0.00552033 -0.004 0.00687409 0.00618946 -0.005 0.00748341 0.00543701 -0.005 -0.00714471 0.004125 -0.004 -0.0077185 0.005075 -0.005 -0.00667439 0.00484923 -0.004 -0.00748341 0.00543701 -0.005 -0.00613094 0.00552033 -0.004 -0.00687409 0.00618946 -0.005 -0.00552033 0.00613094 -0.004 -0.00618946 0.00687409 -0.005 -0.00484923 0.00667439 -0.004 -0.00543701 0.00748341 -0.005 -0.004125 0.00714471 -0.004 -0.004625 0.00801073 -0.005 -0.00335558 0.00753675 -0.004 -0.00376231 0.0084503 -0.005 -0.00254939 0.00784622 -0.004 -0.00285841 0.00879727 -0.005 -0.00171527 0.00806972 -0.004 -0.00192318 0.00904786 -0.005 -0.00086236 0.00820481 -0.004 -0.000966888 0.00919933 -0.005 -1.83187e-18 0.00825 -0.004 -2.05391e-18 0.00925 -0.005 0.00086236 0.00820481 -0.004 0.000966888 0.00919933 -0.005 0.00171527 0.00806972 -0.004 0.00192318 0.00904786 -0.005 0.00254939 0.00784622 -0.004 0.00285841 0.00879727 -0.005 0.00335558 0.00753675 -0.004 0.00376231 0.0084503 -0.005 0.004625 0.00801073 -0.005 -0.00748341 -0.00543701 -0.005 -0.0077185 -0.005075 -0.005 -0.00714471 -0.004125 -0.004 -0.00801073 -0.004625 -0.005 -0.00753675 -0.00335558 -0.004 -0.0084503 -0.00376231 -0.005 -0.00784622 -0.00254939 -0.004 -0.00879727 -0.00285841 -0.005 -0.00806972 -0.00171527 -0.004 -0.00904786 -0.00192318 -0.005 -0.00820481 -0.00086236 -0.004 -0.00919933 -0.000966888 -0.005 -0.00825 0 -0.004 -0.00925 0 -0.005 -0.00820481 0.00086236 -0.004 -0.00919933 0.000966888 -0.005 -0.00806972 0.00171527 -0.004 -0.00904786 0.00192318 -0.005 -0.00784622 0.00254939 -0.004 -0.00879727 0.00285841 -0.005 -0.00753675 0.00335558 -0.004 -0.0084503 0.00376231 -0.005 -0.00801073 0.004625 -0.005 -0.00926393 -0.021 -0.00230423 -0.00946814 -0.021 -0.00234763 -0.00946481 -0.0204854 -0.00236344 -0.00910599 -0.0204974 -0.00224923 -0.00890139 -0.0205 -0.00216667 -0.0085 -0.021 -0.0019641 -0.0100819 -0.021 -0.00247809 -0.00965322 -0.0204778 -0.00240934 -0.00947046 -0.0204852 -0.00236524 -0.0105 -0.021 -0.00247809 -0.0104162 -0.0204583 -0.00249912 -0.0100328 -0.0204647 -0.00247262 -0.0109181 -0.021 -0.00247809 -0.0108032 -0.0204609 -0.00248849 -0.0104999 -0.0204588 -0.00249682 -0.0115319 -0.021 -0.00234763 -0.0113668 -0.0204786 -0.00240494 -0.0109878 -0.0204653 -0.00247015 -0.0117361 -0.021 -0.00230423 -0.0117378 -0.020493 -0.00230365 -0.0115341 -0.0204851 -0.00235929 -0.0131765 -0.021 -0.00147258 -0.0126814 -0.0205 -0.00185284 -0.0125 -0.021 -0.0019641 -0.0124943 -0.0205 -0.00195357 -0.0120986 -0.0205 -0.00216667 -0.0143481 -0.021 0.000469801 -0.0142824 -0.0205 0.000198792 -0.0141542 -0.021 -0.000126947 -0.0140161 -0.0205 -0.00040715 -0.0139451 -0.021 -0.000489044 -0.0139579 -0.0205 -0.00049595 -0.0137361 -0.021 -0.000851141 -0.0136534 -0.0205 -0.00096087 -0.0133162 -0.021 -0.00131743 -0.0133207 -0.0205 -0.00132128 -0.0132044 -0.0205 -0.00144721 -0.0143481 -0.021 0.0025302 -0.0143508 -0.0205 0.00253199 -0.0144126 -0.021 0.00233165 -0.0144452 -0.0205 0.00215964 -0.0145 -0.021 0.0015 -0.0145 -0.0205 0.0015 -0.0144126 -0.021 0.000668353 -0.0144452 -0.0205 0.000840365 -0.0143508 -0.0205 0.00046801 -0.0125 -0.021 0.0049641 -0.0126814 -0.0205 0.00485284 -0.0131765 -0.021 0.00447258 -0.0132044 -0.0205 0.00444721 -0.0133162 -0.021 0.00431743 -0.0133207 -0.0205 0.00432128 -0.0137361 -0.021 0.00385114 -0.0136534 -0.0205 0.00396087 -0.0139451 -0.021 0.00348904 -0.0139579 -0.0205 0.00349595 -0.0141542 -0.021 0.00312695 -0.0140161 -0.0205 0.00340715 -0.0142824 -0.0205 0.00280121 -0.0117361 -0.021 0.00530423 -0.0115319 -0.021 0.00534763 -0.0115352 -0.0204854 0.00536344 -0.011894 -0.0204974 0.00524923 -0.0120986 -0.0205 0.00516667 -0.0124943 -0.0205 0.00495357 -0.0109181 -0.021 0.00547809 -0.0113468 -0.0204778 0.00540934 -0.0115295 -0.0204852 0.00536524 -0.0105 -0.021 0.00547809 -0.0105838 -0.0204583 0.00549912 -0.0109672 -0.0204647 0.00547262 -0.0100819 -0.021 0.00547809 -0.0101968 -0.0204609 0.00548849 -0.0105001 -0.0204588 0.00549682 -0.00946814 -0.021 0.00534763 -0.00963316 -0.0204786 0.00540494 -0.0100122 -0.0204653 0.00547015 -0.00926393 -0.021 0.00530423 -0.00926216 -0.020493 0.00530365 -0.00946593 -0.0204851 0.00535928 -0.00782348 -0.021 0.00447258 -0.00831861 -0.0205 0.00485284 -0.0085 -0.021 0.0049641 -0.00850567 -0.0205 0.00495357 -0.00890139 -0.0205 0.00516667 -0.00665192 -0.021 0.0025302 -0.00671756 -0.0205 0.00280121 -0.00684582 -0.021 0.00312695 -0.00698393 -0.0205 0.00340715 -0.00705488 -0.021 0.00348904 -0.00704208 -0.0205 0.00349595 -0.00726393 -0.021 0.00385114 -0.00734657 -0.0205 0.00396087 -0.00768378 -0.021 0.00431743 -0.00767931 -0.0205 0.00432128 -0.00779556 -0.0205 0.00444721 -0.00665192 -0.021 0.000469801 -0.00664925 -0.0205 0.00046801 -0.00658741 -0.021 0.000668353 -0.00655476 -0.0205 0.000840365 -0.0065 -0.021 0.0015 -0.0065 -0.0205 0.0015 -0.00658741 -0.021 0.00233165 -0.00655476 -0.0205 0.00215964 -0.00664925 -0.0205 0.00253199 -0.00850567 -0.0205 -0.00195357 -0.00831861 -0.0205 -0.00185284 -0.00782348 -0.021 -0.00147258 -0.00779556 -0.0205 -0.00144721 -0.00768378 -0.021 -0.00131743 -0.00767931 -0.0205 -0.00132128 -0.00726393 -0.021 -0.000851141 -0.00734657 -0.0205 -0.00096087 -0.00705488 -0.021 -0.000489044 -0.00704208 -0.0205 -0.00049595 -0.00684582 -0.021 -0.000126947 -0.00698393 -0.0205 -0.00040715 -0.00671756 -0.0205 0.000198792 -0.00894115 -0.0215 0.0006 -0.00730259 -0.0215 7.64217e-05 -0.00876133 -0.0215 0.00103413 -0.00707648 -0.0215 0.000772309 -0.0087 -0.0215 0.0015 -0.007 -0.0215 0.0015 -0.00876133 -0.0215 0.00196587 -0.0120588 -0.0215 0.0024 -0.0136974 -0.0215 0.00292358 -0.0122387 -0.0215 0.00196587 -0.0139235 -0.0215 0.00222769 -0.0123 -0.0215 0.0015 -0.014 -0.0215 0.0015 -0.0122387 -0.0215 0.00103413 -0.0139235 -0.0215 0.000772309 -0.0120588 -0.0215 0.0006 -0.00707648 -0.0215 0.00222769 -0.00730259 -0.0215 0.00292358 -0.00894115 -0.0215 0.0024 -0.00766844 -0.0215 0.00355725 -0.00922721 -0.0215 0.00277279 -0.00815804 -0.0215 0.00410101 -0.0096 -0.0215 0.00305885 -0.00875 -0.0215 0.00453109 -0.0100341 -0.0215 0.00323867 -0.00941844 -0.0215 0.0048287 -0.0105 -0.0215 0.0033 -0.0101342 -0.0215 0.00498083 -0.0108658 -0.0215 0.00498083 -0.0109659 -0.0215 0.00323867 -0.0115816 -0.0215 0.0048287 -0.0114 -0.0215 0.00305885 -0.01225 -0.0215 0.00453109 -0.0117728 -0.0215 0.00277279 -0.012842 -0.0215 0.00410101 -0.0133316 -0.0215 0.00355725 -0.0105 -0.0215 -0.0003 -0.0101342 -0.0215 -0.00198083 -0.0100341 -0.0215 -0.000238666 -0.00941844 -0.0215 -0.0018287 -0.0096 -0.0215 -5.88457e-05 -0.00875 -0.0215 -0.00153109 -0.00922721 -0.0215 0.000227208 -0.00815804 -0.0215 -0.00110101 -0.00766844 -0.0215 -0.000557248 -0.0136974 -0.0215 7.64217e-05 -0.0133316 -0.0215 -0.000557248 -0.0117728 -0.0215 0.000227208 -0.012842 -0.0215 -0.00110101 -0.0114 -0.0215 -5.88457e-05 -0.01225 -0.0215 -0.00153109 -0.0109659 -0.0215 -0.000238666 -0.0115816 -0.0215 -0.0018287 -0.0108658 -0.0215 -0.00198083 0.0120588 -0.0215 0.0006 0.0136974 -0.0215 7.64217e-05 0.0122387 -0.0215 0.00103413 0.0139235 -0.0215 0.000772309 0.0123 -0.0215 0.0015 0.014 -0.0215 0.0015 0.0122387 -0.0215 0.00196587 0.00894115 -0.0215 0.0024 0.00730259 -0.0215 0.00292358 0.00876133 -0.0215 0.00196587 0.00707648 -0.0215 0.00222769 0.0087 -0.0215 0.0015 0.007 -0.0215 0.0015 0.00876133 -0.0215 0.00103413 0.00707648 -0.0215 0.000772309 0.00894115 -0.0215 0.0006 0.0109659 -0.0215 0.00323867 0.0108658 -0.0215 0.00498083 0.0105 -0.0215 0.0033 0.0101342 -0.0215 0.00498083 0.0100341 -0.0215 0.00323867 0.00941844 -0.0215 0.0048287 0.0096 -0.0215 0.00305885 0.00875 -0.0215 0.00453109 0.00922721 -0.0215 0.00277279 0.00815804 -0.0215 0.00410101 0.00766844 -0.0215 0.00355725 0.0105 -0.0215 -0.0003 0.0108658 -0.0215 -0.00198083 0.0109659 -0.0215 -0.000238666 0.0115816 -0.0215 -0.0018287 0.0114 -0.0215 -5.88457e-05 0.01225 -0.0215 -0.00153109 0.0117728 -0.0215 0.000227208 0.012842 -0.0215 -0.00110101 0.0133316 -0.0215 -0.000557248 0.00730259 -0.0215 7.64217e-05 0.00766844 -0.0215 -0.000557248 0.00922721 -0.0215 0.000227208 0.00815804 -0.0215 -0.00110101 0.0096 -0.0215 -5.88457e-05 0.00875 -0.0215 -0.00153109 0.0100341 -0.0215 -0.000238666 0.00941844 -0.0215 -0.0018287 0.0101342 -0.0215 -0.00198083 0.0139235 -0.0215 0.00222769 0.0136974 -0.0215 0.00292358 0.0120588 -0.0215 0.0024 0.0133316 -0.0215 0.00355725 0.0117728 -0.0215 0.00277279 0.012842 -0.0215 0.00410101 0.0114 -0.0215 0.00305885 0.01225 -0.0215 0.00453109 0.0115816 -0.0215 0.0048287 0.0117361 -0.021 -0.00230423 0.0115319 -0.021 -0.00234763 0.0115352 -0.0204854 -0.00236344 0.011894 -0.0204974 -0.00224923 0.0120986 -0.0205 -0.00216667 0.0125 -0.021 -0.0019641 0.0109181 -0.021 -0.00247809 0.0113468 -0.0204778 -0.00240934 0.0115295 -0.0204852 -0.00236524 0.0105 -0.021 -0.00247809 0.0105838 -0.0204583 -0.00249912 0.0109672 -0.0204647 -0.00247262 0.0100819 -0.021 -0.00247809 0.0101968 -0.0204609 -0.00248849 0.0105001 -0.0204588 -0.00249682 0.00946814 -0.021 -0.00234763 0.00963316 -0.0204786 -0.00240494 0.0100122 -0.0204653 -0.00247015 0.00926393 -0.021 -0.00230423 0.00926216 -0.020493 -0.00230365 0.00946593 -0.0204851 -0.00235929 0.00782348 -0.021 -0.00147258 0.00831861 -0.0205 -0.00185284 0.0085 -0.021 -0.0019641 0.00850567 -0.0205 -0.00195357 0.00890139 -0.0205 -0.00216667 0.00665192 -0.021 0.000469801 0.00671756 -0.0205 0.000198792 0.00684582 -0.021 -0.000126947 0.00698393 -0.0205 -0.00040715 0.00705488 -0.021 -0.000489044 0.00704208 -0.0205 -0.00049595 0.00726393 -0.021 -0.000851141 0.00734657 -0.0205 -0.00096087 0.00768378 -0.021 -0.00131743 0.00767931 -0.0205 -0.00132128 0.00779556 -0.0205 -0.00144721 0.00665192 -0.021 0.0025302 0.00664925 -0.0205 0.00253199 0.00658741 -0.021 0.00233165 0.00655476 -0.0205 0.00215964 0.0065 -0.021 0.0015 0.0065 -0.0205 0.0015 0.00658741 -0.021 0.000668353 0.00655476 -0.0205 0.000840365 0.00664925 -0.0205 0.00046801 0.0085 -0.021 0.0049641 0.00831861 -0.0205 0.00485284 0.00782348 -0.021 0.00447258 0.00779556 -0.0205 0.00444721 0.00768378 -0.021 0.00431743 0.00767931 -0.0205 0.00432128 0.00726393 -0.021 0.00385114 0.00734657 -0.0205 0.00396087 0.00705488 -0.021 0.00348904 0.00704208 -0.0205 0.00349595 0.00684582 -0.021 0.00312695 0.00698393 -0.0205 0.00340715 0.00671756 -0.0205 0.00280121 0.00926393 -0.021 0.00530423 0.00946814 -0.021 0.00534763 0.00946481 -0.0204854 0.00536344 0.00910599 -0.0204974 0.00524923 0.00890139 -0.0205 0.00516667 0.00850567 -0.0205 0.00495357 0.0100819 -0.021 0.00547809 0.00965322 -0.0204778 0.00540934 0.00947046 -0.0204852 0.00536524 0.0105 -0.021 0.00547809 0.0104162 -0.0204583 0.00549912 0.0100328 -0.0204647 0.00547262 0.0109181 -0.021 0.00547809 0.0108032 -0.0204609 0.00548849 0.0104999 -0.0204588 0.00549682 0.0115319 -0.021 0.00534763 0.0113668 -0.0204786 0.00540494 0.0109878 -0.0204653 0.00547015 0.0117361 -0.021 0.00530423 0.0117378 -0.020493 0.00530365 0.0115341 -0.0204851 0.00535928 0.0131765 -0.021 0.00447258 0.0126814 -0.0205 0.00485284 0.0125 -0.021 0.0049641 0.0124943 -0.0205 0.00495357 0.0120986 -0.0205 0.00516667 0.0143481 -0.021 0.0025302 0.0142824 -0.0205 0.00280121 0.0141542 -0.021 0.00312695 0.0140161 -0.0205 0.00340715 0.0139451 -0.021 0.00348904 0.0139579 -0.0205 0.00349595 0.0137361 -0.021 0.00385114 0.0136534 -0.0205 0.00396087 0.0133162 -0.021 0.00431743 0.0133207 -0.0205 0.00432128 0.0132044 -0.0205 0.00444721 0.0143481 -0.021 0.000469801 0.0143508 -0.0205 0.00046801 0.0144126 -0.021 0.000668353 0.0144452 -0.0205 0.000840365 0.0145 -0.021 0.0015 0.0145 -0.0205 0.0015 0.0144126 -0.021 0.00233165 0.0144452 -0.0205 0.00215964 0.0143508 -0.0205 0.00253199 0.0124943 -0.0205 -0.00195357 0.0126814 -0.0205 -0.00185284 0.0131765 -0.021 -0.00147258 0.0132044 -0.0205 -0.00144721 0.0133162 -0.021 -0.00131743 0.0133207 -0.0205 -0.00132128 0.0137361 -0.021 -0.000851141 0.0136534 -0.0205 -0.00096087 0.0139451 -0.021 -0.000489044 0.0139579 -0.0205 -0.00049595 0.0141542 -0.021 -0.000126947 0.0140161 -0.0205 -0.00040715 0.0142824 -0.0205 0.000198792 0.00894115 -0.0175 0.0024 0.00876133 -0.0175 0.00196587 0.0105 -0.0175 0.0015 0.0087 -0.0175 0.0015 0.00876133 -0.0175 0.00103413 0.0100341 -0.0175 0.00323867 0.0096 -0.0175 0.00305885 0.00922721 -0.0175 0.00277279 0.0114 -0.0175 0.00305885 0.0109659 -0.0175 0.00323867 0.0105 -0.0175 0.0033 0.0122387 -0.0175 0.00196587 0.0120588 -0.0175 0.0024 0.0117728 -0.0175 0.00277279 0.0120588 -0.0175 0.0006 0.0122387 -0.0175 0.00103413 0.0123 -0.0175 0.0015 0.0109659 -0.0175 -0.000238666 0.0114 -0.0175 -5.88457e-05 0.0117728 -0.0175 0.000227208 0.0096 -0.0175 -5.88457e-05 0.0100341 -0.0175 -0.000238666 0.0105 -0.0175 -0.0003 0.00894115 -0.0175 0.0006 0.00922721 -0.0175 0.000227208 0.0087 -0.0175 0.0015 0.0087 -0.0215 0.0015 0.00876133 -0.0175 0.00103413 0.00876133 -0.0215 0.00103413 0.00894115 -0.0175 0.0006 0.00894115 -0.0215 0.0006 0.00922721 -0.0175 0.000227208 0.00922721 -0.0215 0.000227208 0.0096 -0.0175 -5.88457e-05 0.0096 -0.0215 -5.88457e-05 0.0100341 -0.0175 -0.000238666 0.0100341 -0.0215 -0.000238666 0.0105 -0.0175 -0.0003 0.0105 -0.0215 -0.0003 0.0109659 -0.0175 -0.000238666 0.0109659 -0.0215 -0.000238666 0.0114 -0.0175 -5.88457e-05 0.0114 -0.0215 -5.88457e-05 0.0117728 -0.0175 0.000227208 0.0117728 -0.0215 0.000227208 0.0120588 -0.0175 0.0006 0.0120588 -0.0215 0.0006 0.0122387 -0.0175 0.00103413 0.0122387 -0.0215 0.00103413 0.0123 -0.0175 0.0015 0.0123 -0.0215 0.0015 0.0122387 -0.0175 0.00196587 0.0122387 -0.0215 0.00196587 0.0120588 -0.0175 0.0024 0.0120588 -0.0215 0.0024 0.0117728 -0.0175 0.00277279 0.0117728 -0.0215 0.00277279 0.0114 -0.0175 0.00305885 0.0114 -0.0215 0.00305885 0.0109659 -0.0175 0.00323867 0.0109659 -0.0215 0.00323867 0.0105 -0.0175 0.0033 0.0105 -0.0215 0.0033 0.0100341 -0.0175 0.00323867 0.0100341 -0.0215 0.00323867 0.0096 -0.0175 0.00305885 0.0096 -0.0215 0.00305885 0.00922721 -0.0175 0.00277279 0.00922721 -0.0215 0.00277279 0.00894115 -0.0175 0.0024 0.00894115 -0.0215 0.0024 0.00876133 -0.0175 0.00196587 0.00876133 -0.0215 0.00196587 -0.0120588 -0.0175 0.0024 -0.0122387 -0.0175 0.00196587 -0.0105 -0.0175 0.0015 -0.0123 -0.0175 0.0015 -0.0122387 -0.0175 0.00103413 -0.0109659 -0.0175 0.00323867 -0.0114 -0.0175 0.00305885 -0.0117728 -0.0175 0.00277279 -0.0096 -0.0175 0.00305885 -0.0100341 -0.0175 0.00323867 -0.0105 -0.0175 0.0033 -0.00876133 -0.0175 0.00196587 -0.00894115 -0.0175 0.0024 -0.00922721 -0.0175 0.00277279 -0.00894115 -0.0175 0.0006 -0.00876133 -0.0175 0.00103413 -0.0087 -0.0175 0.0015 -0.0100341 -0.0175 -0.000238666 -0.0096 -0.0175 -5.88457e-05 -0.00922721 -0.0175 0.000227208 -0.0114 -0.0175 -5.88457e-05 -0.0109659 -0.0175 -0.000238666 -0.0105 -0.0175 -0.0003 -0.0120588 -0.0175 0.0006 -0.0117728 -0.0175 0.000227208 -0.0123 -0.0175 0.0015 -0.0123 -0.0215 0.0015 -0.0122387 -0.0175 0.00103413 -0.0122387 -0.0215 0.00103413 -0.0120588 -0.0175 0.0006 -0.0120588 -0.0215 0.0006 -0.0117728 -0.0175 0.000227208 -0.0117728 -0.0215 0.000227208 -0.0114 -0.0175 -5.88457e-05 -0.0114 -0.0215 -5.88457e-05 -0.0109659 -0.0175 -0.000238666 -0.0109659 -0.0215 -0.000238666 -0.0105 -0.0175 -0.0003 -0.0105 -0.0215 -0.0003 -0.0100341 -0.0175 -0.000238666 -0.0100341 -0.0215 -0.000238666 -0.0096 -0.0175 -5.88457e-05 -0.0096 -0.0215 -5.88457e-05 -0.00922721 -0.0175 0.000227208 -0.00922721 -0.0215 0.000227208 -0.00894115 -0.0175 0.0006 -0.00894115 -0.0215 0.0006 -0.00876133 -0.0175 0.00103413 -0.00876133 -0.0215 0.00103413 -0.0087 -0.0175 0.0015 -0.0087 -0.0215 0.0015 -0.00876133 -0.0175 0.00196587 -0.00876133 -0.0215 0.00196587 -0.00894115 -0.0175 0.0024 -0.00894115 -0.0215 0.0024 -0.00922721 -0.0175 0.00277279 -0.00922721 -0.0215 0.00277279 -0.0096 -0.0175 0.00305885 -0.0096 -0.0215 0.00305885 -0.0100341 -0.0175 0.00323867 -0.0100341 -0.0215 0.00323867 -0.0105 -0.0175 0.0033 -0.0105 -0.0215 0.0033 -0.0109659 -0.0175 0.00323867 -0.0109659 -0.0215 0.00323867 -0.0114 -0.0175 0.00305885 -0.0114 -0.0215 0.00305885 -0.0117728 -0.0175 0.00277279 -0.0117728 -0.0215 0.00277279 -0.0120588 -0.0175 0.0024 -0.0120588 -0.0215 0.0024 -0.0122387 -0.0175 0.00196587 -0.0122387 -0.0215 0.00196587 -0.0120588 0.0175 0.0006 -0.0122387 0.0175 0.00103413 -0.0105 0.0175 0.0015 -0.0123 0.0175 0.0015 -0.0122387 0.0175 0.00196587 -0.0109659 0.0175 -0.000238666 -0.0114 0.0175 -5.88457e-05 -0.0117728 0.0175 0.000227208 -0.0096 0.0175 -5.88457e-05 -0.0100341 0.0175 -0.000238666 -0.0105 0.0175 -0.0003 -0.00876133 0.0175 0.00103413 -0.00894115 0.0175 0.0006 -0.00922721 0.0175 0.000227208 -0.00894115 0.0175 0.0024 -0.00876133 0.0175 0.00196587 -0.0087 0.0175 0.0015 -0.0100341 0.0175 0.00323867 -0.0096 0.0175 0.00305885 -0.00922721 0.0175 0.00277279 -0.0114 0.0175 0.00305885 -0.0109659 0.0175 0.00323867 -0.0105 0.0175 0.0033 -0.0120588 0.0175 0.0024 -0.0117728 0.0175 0.00277279 0.0123 0.0175 0.0015 0.0123 0.0215 0.0015 0.0122387 0.0175 0.00103413 0.0122387 0.0215 0.00103413 0.0120588 0.0175 0.0006 0.0120588 0.0215 0.0006 0.0117728 0.0175 0.000227208 0.0117728 0.0215 0.000227208 0.0114 0.0175 -5.88457e-05 0.0114 0.0215 -5.88457e-05 0.0109659 0.0175 -0.000238666 0.0109659 0.0215 -0.000238666 0.0105 0.0175 -0.0003 0.0105 0.0215 -0.0003 0.0100341 0.0175 -0.000238666 0.0100341 0.0215 -0.000238666 0.0096 0.0175 -5.88457e-05 0.0096 0.0215 -5.88457e-05 0.00922721 0.0175 0.000227208 0.00922721 0.0215 0.000227208 0.00894115 0.0175 0.0006 0.00894115 0.0215 0.0006 0.00876133 0.0175 0.00103413 0.00876133 0.0215 0.00103413 0.0087 0.0175 0.0015 0.0087 0.0215 0.0015 0.00876133 0.0175 0.00196587 0.00876133 0.0215 0.00196587 0.00894115 0.0175 0.0024 0.00894115 0.0215 0.0024 0.00922721 0.0175 0.00277279 0.00922721 0.0215 0.00277279 0.0096 0.0175 0.00305885 0.0096 0.0215 0.00305885 0.0100341 0.0175 0.00323867 0.0100341 0.0215 0.00323867 0.0105 0.0175 0.0033 0.0105 0.0215 0.0033 0.0109659 0.0175 0.00323867 0.0109659 0.0215 0.00323867 0.0114 0.0175 0.00305885 0.0114 0.0215 0.00305885 0.0117728 0.0175 0.00277279 0.0117728 0.0215 0.00277279 0.0120588 0.0175 0.0024 0.0120588 0.0215 0.0024 0.0122387 0.0175 0.00196587 0.0122387 0.0215 0.00196587 -0.0087 0.0175 0.0015 -0.0087 0.0215 0.0015 -0.00876133 0.0175 0.00103413 -0.00876133 0.0215 0.00103413 -0.00894115 0.0175 0.0006 -0.00894115 0.0215 0.0006 -0.00922721 0.0175 0.000227208 -0.00922721 0.0215 0.000227208 -0.0096 0.0175 -5.88457e-05 -0.0096 0.0215 -5.88457e-05 -0.0100341 0.0175 -0.000238666 -0.0100341 0.0215 -0.000238666 -0.0105 0.0175 -0.0003 -0.0105 0.0215 -0.0003 -0.0109659 0.0175 -0.000238666 -0.0109659 0.0215 -0.000238666 -0.0114 0.0175 -5.88457e-05 -0.0114 0.0215 -5.88457e-05 -0.0117728 0.0175 0.000227208 -0.0117728 0.0215 0.000227208 -0.0120588 0.0175 0.0006 -0.0120588 0.0215 0.0006 -0.0122387 0.0175 0.00103413 -0.0122387 0.0215 0.00103413 -0.0123 0.0175 0.0015 -0.0123 0.0215 0.0015 -0.0122387 0.0175 0.00196587 -0.0122387 0.0215 0.00196587 -0.0120588 0.0175 0.0024 -0.0120588 0.0215 0.0024 -0.0117728 0.0175 0.00277279 -0.0117728 0.0215 0.00277279 -0.0114 0.0175 0.00305885 -0.0114 0.0215 0.00305885 -0.0109659 0.0175 0.00323867 -0.0109659 0.0215 0.00323867 -0.0105 0.0175 0.0033 -0.0105 0.0215 0.0033 -0.0100341 0.0175 0.00323867 -0.0100341 0.0215 0.00323867 -0.0096 0.0175 0.00305885 -0.0096 0.0215 0.00305885 -0.00922721 0.0175 0.00277279 -0.00922721 0.0215 0.00277279 -0.00894115 0.0175 0.0024 -0.00894115 0.0215 0.0024 -0.00876133 0.0175 0.00196587 -0.00876133 0.0215 0.00196587 0.00894115 0.0175 0.0006 0.00876133 0.0175 0.00103413 0.0105 0.0175 0.0015 0.0087 0.0175 0.0015 0.00876133 0.0175 0.00196587 0.0100341 0.0175 -0.000238666 0.0096 0.0175 -5.88457e-05 0.00922721 0.0175 0.000227208 0.0114 0.0175 -5.88457e-05 0.0109659 0.0175 -0.000238666 0.0105 0.0175 -0.0003 0.0122387 0.0175 0.00103413 0.0120588 0.0175 0.0006 0.0117728 0.0175 0.000227208 0.0120588 0.0175 0.0024 0.0122387 0.0175 0.00196587 0.0123 0.0175 0.0015 0.0109659 0.0175 0.00323867 0.0114 0.0175 0.00305885 0.0117728 0.0175 0.00277279 0.0096 0.0175 0.00305885 0.0100341 0.0175 0.00323867 0.0105 0.0175 0.0033 0.00894115 0.0175 0.0024 0.00922721 0.0175 0.00277279 -0.0120588 0.0215 0.0006 -0.0136974 0.0215 7.64217e-05 -0.0122387 0.0215 0.00103413 -0.0139235 0.0215 0.000772309 -0.0123 0.0215 0.0015 -0.014 0.0215 0.0015 -0.0122387 0.0215 0.00196587 -0.00894115 0.0215 0.0024 -0.00730259 0.0215 0.00292358 -0.00876133 0.0215 0.00196587 -0.00707648 0.0215 0.00222769 -0.0087 0.0215 0.0015 -0.007 0.0215 0.0015 -0.00876133 0.0215 0.00103413 -0.00707648 0.0215 0.000772309 -0.00894115 0.0215 0.0006 -0.0139235 0.0215 0.00222769 -0.0136974 0.0215 0.00292358 -0.0120588 0.0215 0.0024 -0.0133316 0.0215 0.00355725 -0.0117728 0.0215 0.00277279 -0.012842 0.0215 0.00410101 -0.0114 0.0215 0.00305885 -0.01225 0.0215 0.00453109 -0.0109659 0.0215 0.00323867 -0.0115816 0.0215 0.0048287 -0.0105 0.0215 0.0033 -0.0108658 0.0215 0.00498083 -0.0101342 0.0215 0.00498083 -0.0100341 0.0215 0.00323867 -0.00941844 0.0215 0.0048287 -0.0096 0.0215 0.00305885 -0.00875 0.0215 0.00453109 -0.00922721 0.0215 0.00277279 -0.00815804 0.0215 0.00410101 -0.00766844 0.0215 0.00355725 -0.0105 0.0215 -0.0003 -0.0108658 0.0215 -0.00198083 -0.0109659 0.0215 -0.000238666 -0.0115816 0.0215 -0.0018287 -0.0114 0.0215 -5.88457e-05 -0.01225 0.0215 -0.00153109 -0.0117728 0.0215 0.000227208 -0.012842 0.0215 -0.00110101 -0.0133316 0.0215 -0.000557248 -0.00730259 0.0215 7.64217e-05 -0.00766844 0.0215 -0.000557248 -0.00922721 0.0215 0.000227208 -0.00815804 0.0215 -0.00110101 -0.0096 0.0215 -5.88457e-05 -0.00875 0.0215 -0.00153109 -0.0100341 0.0215 -0.000238666 -0.00941844 0.0215 -0.0018287 -0.0101342 0.0215 -0.00198083 -0.00946814 0.021 -0.00234763 -0.00926393 0.021 -0.00230423 -0.00926216 0.020493 -0.00230365 -0.00782348 0.021 -0.00147258 -0.00831861 0.0205 -0.00185284 -0.0085 0.021 -0.0019641 -0.00850567 0.0205 -0.00195357 -0.00890139 0.0205 -0.00216667 -0.00665192 0.021 0.000469801 -0.00671756 0.0205 0.000198792 -0.00684582 0.021 -0.000126947 -0.00698393 0.0205 -0.00040715 -0.00705488 0.021 -0.000489044 -0.00704208 0.0205 -0.00049595 -0.00726393 0.021 -0.000851141 -0.00734657 0.0205 -0.00096087 -0.00768378 0.021 -0.00131743 -0.00767931 0.0205 -0.00132128 -0.00779556 0.0205 -0.00144721 -0.00665192 0.021 0.0025302 -0.00664925 0.0205 0.00253199 -0.00658741 0.021 0.00233165 -0.00655476 0.0205 0.00215964 -0.0065 0.021 0.0015 -0.0065 0.0205 0.0015 -0.00658741 0.021 0.000668353 -0.00655476 0.0205 0.000840365 -0.00664925 0.0205 0.00046801 -0.0085 0.021 0.0049641 -0.00831861 0.0205 0.00485284 -0.00782348 0.021 0.00447258 -0.00779556 0.0205 0.00444721 -0.00768378 0.021 0.00431743 -0.00767931 0.0205 0.00432128 -0.00726393 0.021 0.00385114 -0.00734657 0.0205 0.00396087 -0.00705488 0.021 0.00348904 -0.00704208 0.0205 0.00349595 -0.00684582 0.021 0.00312695 -0.00698393 0.0205 0.00340715 -0.00671756 0.0205 0.00280121 -0.00926393 0.021 0.00530423 -0.00946814 0.021 0.00534763 -0.00946481 0.0204854 0.00536344 -0.00910599 0.0204974 0.00524923 -0.00890139 0.0205 0.00516667 -0.00850567 0.0205 0.00495357 -0.0100819 0.021 0.00547809 -0.00965322 0.0204778 0.00540934 -0.00947046 0.0204852 0.00536524 -0.0105 0.021 0.00547809 -0.0104162 0.0204583 0.00549912 -0.0100328 0.0204647 0.00547262 -0.0109181 0.021 0.00547809 -0.0108032 0.0204609 0.00548849 -0.0104999 0.0204588 0.00549682 -0.0115319 0.021 0.00534763 -0.0113668 0.0204786 0.00540494 -0.0109878 0.0204653 0.00547015 -0.0117361 0.021 0.00530423 -0.0117378 0.020493 0.00530365 -0.0115341 0.0204851 0.00535928 -0.0131765 0.021 0.00447258 -0.0126814 0.0205 0.00485284 -0.0125 0.021 0.0049641 -0.0124943 0.0205 0.00495357 -0.0120986 0.0205 0.00516667 -0.0143481 0.021 0.0025302 -0.0142824 0.0205 0.00280121 -0.0141542 0.021 0.00312695 -0.0140161 0.0205 0.00340715 -0.0139451 0.021 0.00348904 -0.0139579 0.0205 0.00349595 -0.0137361 0.021 0.00385114 -0.0136534 0.0205 0.00396087 -0.0133162 0.021 0.00431743 -0.0133207 0.0205 0.00432128 -0.0132044 0.0205 0.00444721 -0.0143481 0.021 0.000469801 -0.0143508 0.0205 0.00046801 -0.0144126 0.021 0.000668353 -0.0144452 0.0205 0.000840365 -0.0145 0.021 0.0015 -0.0145 0.0205 0.0015 -0.0144126 0.021 0.00233165 -0.0144452 0.0205 0.00215964 -0.0143508 0.0205 0.00253199 -0.0125 0.021 -0.0019641 -0.0126814 0.0205 -0.00185284 -0.0131765 0.021 -0.00147258 -0.0132044 0.0205 -0.00144721 -0.0133162 0.021 -0.00131743 -0.0133207 0.0205 -0.00132128 -0.0137361 0.021 -0.000851141 -0.0136534 0.0205 -0.00096087 -0.0139451 0.021 -0.000489044 -0.0139579 0.0205 -0.00049595 -0.0141542 0.021 -0.000126947 -0.0140161 0.0205 -0.00040715 -0.0142824 0.0205 0.000198792 -0.0117361 0.021 -0.00230423 -0.0115319 0.021 -0.00234763 -0.0115352 0.0204854 -0.00236344 -0.011894 0.0204974 -0.00224923 -0.0120986 0.0205 -0.00216667 -0.0124943 0.0205 -0.00195357 -0.0109181 0.021 -0.00247809 -0.0113468 0.0204778 -0.00240934 -0.0115295 0.0204852 -0.00236524 -0.0105 0.021 -0.00247809 -0.0105838 0.0204583 -0.00249912 -0.0109672 0.0204647 -0.00247262 -0.0100819 0.021 -0.00247809 -0.0101968 0.0204609 -0.00248849 -0.0105001 0.0204588 -0.00249682 -0.00946593 0.0204851 -0.00235929 -0.00963316 0.0204786 -0.00240494 -0.0100122 0.0204653 -0.00247015 0.00922721 0.0215 0.000227208 0.00766844 0.0215 -0.000557248 0.00894115 0.0215 0.0006 0.00730259 0.0215 7.64217e-05 0.00876133 0.0215 0.00103413 0.00707648 0.0215 0.000772309 0.0087 0.0215 0.0015 0.007 0.0215 0.0015 0.00876133 0.0215 0.00196587 0.0120588 0.0215 0.0024 0.0136974 0.0215 0.00292358 0.0122387 0.0215 0.00196587 0.0139235 0.0215 0.00222769 0.0123 0.0215 0.0015 0.014 0.0215 0.0015 0.0122387 0.0215 0.00103413 0.0105 0.0215 0.0033 0.0108658 0.0215 0.00498083 0.0109659 0.0215 0.00323867 0.0115816 0.0215 0.0048287 0.0114 0.0215 0.00305885 0.01225 0.0215 0.00453109 0.0117728 0.0215 0.00277279 0.012842 0.0215 0.00410101 0.0133316 0.0215 0.00355725 0.0109659 0.0215 -0.000238666 0.0108658 0.0215 -0.00198083 0.0105 0.0215 -0.0003 0.0101342 0.0215 -0.00198083 0.0100341 0.0215 -0.000238666 0.00941844 0.0215 -0.0018287 0.0096 0.0215 -5.88457e-05 0.00875 0.0215 -0.00153109 0.00815804 0.0215 -0.00110101 0.0139235 0.0215 0.000772309 0.0136974 0.0215 7.64217e-05 0.0120588 0.0215 0.0006 0.0133316 0.0215 -0.000557248 0.0117728 0.0215 0.000227208 0.012842 0.0215 -0.00110101 0.0114 0.0215 -5.88457e-05 0.01225 0.0215 -0.00153109 0.0115816 0.0215 -0.0018287 0.00707648 0.0215 0.00222769 0.00730259 0.0215 0.00292358 0.00894115 0.0215 0.0024 0.00766844 0.0215 0.00355725 0.00922721 0.0215 0.00277279 0.00815804 0.0215 0.00410101 0.0096 0.0215 0.00305885 0.00875 0.0215 0.00453109 0.0100341 0.0215 0.00323867 0.00941844 0.0215 0.0048287 0.0101342 0.0215 0.00498083 0.00946814 0.021 0.00534763 0.00926393 0.021 0.00530423 0.00926216 0.020493 0.00530365 0.00782348 0.021 0.00447258 0.00831861 0.0205 0.00485284 0.0085 0.021 0.0049641 0.00850567 0.0205 0.00495357 0.00890139 0.0205 0.00516667 0.00665192 0.021 0.0025302 0.00671756 0.0205 0.00280121 0.00684582 0.021 0.00312695 0.00698393 0.0205 0.00340715 0.00705488 0.021 0.00348904 0.00704208 0.0205 0.00349595 0.00726393 0.021 0.00385114 0.00734657 0.0205 0.00396087 0.00768378 0.021 0.00431743 0.00767931 0.0205 0.00432128 0.00779556 0.0205 0.00444721 0.00665192 0.021 0.000469801 0.00664925 0.0205 0.00046801 0.00658741 0.021 0.000668353 0.00655476 0.0205 0.000840365 0.0065 0.021 0.0015 0.0065 0.0205 0.0015 0.00658741 0.021 0.00233165 0.00655476 0.0205 0.00215964 0.00664925 0.0205 0.00253199 0.0085 0.021 -0.0019641 0.00831861 0.0205 -0.00185284 0.00782348 0.021 -0.00147258 0.00779556 0.0205 -0.00144721 0.00768378 0.021 -0.00131743 0.00767931 0.0205 -0.00132128 0.00726393 0.021 -0.000851141 0.00734657 0.0205 -0.00096087 0.00705488 0.021 -0.000489044 0.00704208 0.0205 -0.00049595 0.00684582 0.021 -0.000126947 0.00698393 0.0205 -0.00040715 0.00671756 0.0205 0.000198792 0.00926393 0.021 -0.00230423 0.00946814 0.021 -0.00234763 0.00946481 0.0204854 -0.00236344 0.00910599 0.0204974 -0.00224923 0.00890139 0.0205 -0.00216667 0.00850567 0.0205 -0.00195357 0.0100819 0.021 -0.00247809 0.00965322 0.0204778 -0.00240934 0.00947046 0.0204852 -0.00236524 0.0105 0.021 -0.00247809 0.0104162 0.0204583 -0.00249912 0.0100328 0.0204647 -0.00247262 0.0109181 0.021 -0.00247809 0.0108032 0.0204609 -0.00248849 0.0104999 0.0204588 -0.00249682 0.0115319 0.021 -0.00234763 0.0113668 0.0204786 -0.00240494 0.0109878 0.0204653 -0.00247015 0.0117361 0.021 -0.00230423 0.0117378 0.020493 -0.00230365 0.0115341 0.0204851 -0.00235929 0.0131765 0.021 -0.00147258 0.0126814 0.0205 -0.00185284 0.0125 0.021 -0.0019641 0.0124943 0.0205 -0.00195357 0.0120986 0.0205 -0.00216667 0.0143481 0.021 0.000469801 0.0142824 0.0205 0.000198792 0.0141542 0.021 -0.000126947 0.0140161 0.0205 -0.00040715 0.0139451 0.021 -0.000489044 0.0139579 0.0205 -0.00049595 0.0137361 0.021 -0.000851141 0.0136534 0.0205 -0.00096087 0.0133162 0.021 -0.00131743 0.0133207 0.0205 -0.00132128 0.0132044 0.0205 -0.00144721 0.0143481 0.021 0.0025302 0.0143508 0.0205 0.00253199 0.0144126 0.021 0.00233165 0.0144452 0.0205 0.00215964 0.0145 0.021 0.0015 0.0145 0.0205 0.0015 0.0144126 0.021 0.000668353 0.0144452 0.0205 0.000840365 0.0143508 0.0205 0.00046801 0.0125 0.021 0.0049641 0.0126814 0.0205 0.00485284 0.0131765 0.021 0.00447258 0.0132044 0.0205 0.00444721 0.0133162 0.021 0.00431743 0.0133207 0.0205 0.00432128 0.0137361 0.021 0.00385114 0.0136534 0.0205 0.00396087 0.0139451 0.021 0.00348904 0.0139579 0.0205 0.00349595 0.0141542 0.021 0.00312695 0.0140161 0.0205 0.00340715 0.0142824 0.0205 0.00280121 0.0117361 0.021 0.00530423 0.0115319 0.021 0.00534763 0.0115352 0.0204854 0.00536344 0.011894 0.0204974 0.00524923 0.0120986 0.0205 0.00516667 0.0124943 0.0205 0.00495357 0.0109181 0.021 0.00547809 0.0113468 0.0204778 0.00540934 0.0115295 0.0204852 0.00536524 0.0105 0.021 0.00547809 0.0105838 0.0204583 0.00549912 0.0109672 0.0204647 0.00547262 0.0100819 0.021 0.00547809 0.0101968 0.0204609 0.00548849 0.0105001 0.0204588 0.00549682 0.00946593 0.0204851 0.00535928 0.00963316 0.0204786 0.00540494 0.0100122 0.0204653 0.00547015 0.00850174 -0.018768 -0.00308333 0.00830896 -0.0185681 -0.0035255 0.00879725 -0.0185925 -0.00360175 0.0121258 -0.0199824 -0.00222914 0.0122057 -0.0195 -0.00241229 0.0119234 -0.0199923 -0.00230748 0.0115571 -0.0199987 -0.0024201 0.0113712 -0.0199987 -0.00246367 0.0109821 -0.0199964 -0.00252687 0.0105866 -0.0199946 -0.00255357 0.0101869 -0.0199954 -0.00254284 0.00999673 -0.0199965 -0.00252438 0.00960831 -0.0199988 -0.00245931 0.00923274 -0.0199964 -0.00235995 0.00887415 -0.0199824 -0.00222914 0.0091664 -0.019531 -0.00253185 0.00955957 -0.019547 -0.00262463 0.0099685 -0.0195539 -0.0026862 0.0101692 -0.0195554 -0.00270378 0.0105915 -0.0195562 -0.00271401 0.0110092 -0.0195542 -0.00268857 0.0114189 -0.0195475 -0.00262874 0.0116139 -0.0195415 -0.00258783 0.0119961 -0.01952 -0.00248352 0.0123327 -0.0190858 -0.00270364 0.0087943 -0.0195 -0.00241229 0.00906729 -0.0191259 -0.00280859 0.00948981 -0.0191497 -0.00289124 0.00992912 -0.0191621 -0.00294659 0.0101447 -0.0191652 -0.00296246 0.0105983 -0.0191669 -0.00297171 0.0110469 -0.0191625 -0.00294873 0.0114871 -0.0191506 -0.00289492 0.0116966 -0.019141 -0.00285835 0.0121074 -0.019111 -0.00276593 0.0124983 -0.018768 -0.00308333 0.00866728 -0.0190858 -0.00270364 0.00894161 -0.0188064 -0.00317283 0.00940308 -0.01883 -0.00324356 0.00988078 -0.0188429 -0.00329104 0.0101147 -0.0188462 -0.00330467 0.0106066 -0.018848 -0.00331261 0.0110932 -0.0188434 -0.00329288 0.0115718 -0.0188309 -0.00324672 0.0118002 -0.0188212 -0.00321539 0.0122501 -0.0187919 -0.00313641 0.012691 -0.0185681 -0.0035255 0.00930447 -0.0186067 -0.00366099 0.00982617 -0.0186141 -0.00370036 0.0100809 -0.0186159 -0.00371161 0.0106159 -0.0186169 -0.00371815 0.0111454 -0.0186143 -0.00370187 0.011668 -0.0186073 -0.00366362 0.0119185 -0.0186015 -0.00363749 0.0124148 -0.0185835 -0.00357092 -0.0124983 -0.018768 -0.00308333 -0.012691 -0.0185681 -0.0035255 -0.0122028 -0.0185925 -0.00360175 -0.00887415 -0.0199824 -0.00222914 -0.0087943 -0.0195 -0.00241229 -0.00907657 -0.0199923 -0.00230748 -0.00944291 -0.0199987 -0.0024201 -0.00962876 -0.0199987 -0.00246367 -0.0100179 -0.0199964 -0.00252687 -0.0104134 -0.0199946 -0.00255357 -0.0108131 -0.0199954 -0.00254284 -0.0110033 -0.0199965 -0.00252438 -0.0113917 -0.0199988 -0.00245931 -0.0117673 -0.0199964 -0.00235995 -0.0121258 -0.0199824 -0.00222914 -0.0118336 -0.019531 -0.00253185 -0.0114404 -0.019547 -0.00262463 -0.0110315 -0.0195539 -0.0026862 -0.0108308 -0.0195554 -0.00270378 -0.0104085 -0.0195562 -0.00271401 -0.00999085 -0.0195542 -0.00268857 -0.00958106 -0.0195475 -0.00262874 -0.00938609 -0.0195415 -0.00258783 -0.00900386 -0.01952 -0.00248352 -0.00866728 -0.0190858 -0.00270364 -0.0122057 -0.0195 -0.00241229 -0.0119327 -0.0191259 -0.00280859 -0.0115102 -0.0191497 -0.00289124 -0.0110709 -0.0191621 -0.00294659 -0.0108553 -0.0191652 -0.00296246 -0.0104017 -0.0191669 -0.00297171 -0.00995312 -0.0191625 -0.00294873 -0.00951289 -0.0191506 -0.00289492 -0.00930339 -0.019141 -0.00285835 -0.00889258 -0.019111 -0.00276593 -0.00850174 -0.018768 -0.00308333 -0.0123327 -0.0190858 -0.00270364 -0.0120584 -0.0188064 -0.00317283 -0.0115969 -0.01883 -0.00324356 -0.0111192 -0.0188429 -0.00329104 -0.0108853 -0.0188462 -0.00330467 -0.0103934 -0.018848 -0.00331261 -0.00990684 -0.0188434 -0.00329288 -0.00942823 -0.0188309 -0.00324672 -0.00919979 -0.0188212 -0.00321539 -0.00874993 -0.0187919 -0.00313641 -0.00830896 -0.0185681 -0.0035255 -0.0116955 -0.0186067 -0.00366099 -0.0111738 -0.0186141 -0.00370036 -0.0109191 -0.0186159 -0.00371161 -0.0103841 -0.0186169 -0.00371815 -0.00985458 -0.0186143 -0.00370187 -0.009332 -0.0186073 -0.00366362 -0.00908152 -0.0186015 -0.00363749 -0.00858517 -0.0185835 -0.00357092 0.0056809 -0.0185681 -0.00111392 0.00617794 -0.0185681 -0.00187285 0.00655821 -0.018768 -0.00157609 0.00739951 -0.0190858 -0.00187881 0.00711945 -0.018768 -0.00218401 0.00679333 -0.0185681 -0.00253941 0.00817249 -0.0195 -0.00207744 0.00799915 -0.0190858 -0.00234385 0.00777326 -0.018768 -0.00269105 0.00751021 -0.0185681 -0.00309537 0.00692402 -0.0199824 0.00343964 0.00729285 -0.0199824 0.0040028 0.00713533 -0.0195 0.00412572 0.00665312 -0.0199824 0.00282338 0.00674839 -0.0195 0.0035349 0.00688476 -0.0190858 0.00432126 0.00679333 -0.0185681 0.00553941 0.00617794 -0.0185681 0.00487285 0.00655821 -0.018768 0.00457609 0.00610491 -0.018768 0.00388394 0.00646901 -0.0190858 0.00368645 0.00616363 -0.0190858 0.00299177 0.00646418 -0.0195 0.00288837 0.00629048 -0.0195 0.00220382 0.00648755 -0.0199824 0.00217087 0.00643185 -0.0199824 0.0015 0.0056809 -0.0185681 0.00411392 0.00577195 -0.018768 0.00312651 0.005977 -0.0190858 0.00225624 0.00623205 -0.0195 0.0015 0.00648755 -0.0199824 0.000829127 0.00531582 -0.0185681 0.00328342 0.00556846 -0.018768 0.00232454 0.00591421 -0.0190858 0.0015 0.00629048 -0.0195 0.000796178 0.00665312 -0.0199824 0.000176624 0.0050927 -0.0185681 0.00240409 0.0055 -0.018768 0.0015 0.005977 -0.0190858 0.000743764 0.00646418 -0.0195 0.000111628 0.00692402 -0.0199824 -0.000439642 0.00501764 -0.0185681 0.0015 0.0050927 -0.0185681 0.000595911 0.00556846 -0.018768 0.000675456 0.00577195 -0.018768 -0.00012651 0.00616363 -0.0190858 8.2349e-06 0.00646901 -0.0190858 -0.000686446 0.00674839 -0.0195 -0.000534905 0.00713533 -0.0195 -0.00112572 0.00729285 -0.0199824 -0.0010028 0.00774949 -0.0199824 -0.00149742 0.00531582 -0.0185681 -0.000283423 0.00610491 -0.018768 -0.000883938 0.00688476 -0.0190858 -0.00132126 0.0076144 -0.0195 -0.00164463 0.00828145 -0.0199824 -0.00190996 0.00828145 -0.0199824 0.00490996 0.00751021 -0.0185681 0.00609537 0.00830896 -0.0185681 0.0065255 0.00777326 -0.018768 0.00569105 0.00850174 -0.018768 0.00608333 0.00799915 -0.0190858 0.00534385 0.00866728 -0.0190858 0.00570364 0.00817249 -0.0195 0.00507744 0.0087943 -0.0195 0.00541229 0.00887415 -0.0199824 0.00522914 0.00711945 -0.018768 0.00518401 0.00739951 -0.0190858 0.00487881 0.0076144 -0.0195 0.00464463 0.00774949 -0.0199824 0.00449742 0.0124983 -0.018768 0.00608333 0.012691 -0.0185681 0.0065255 0.0122028 -0.0185925 0.00660175 0.00907657 -0.0199923 0.00530748 0.00944291 -0.0199987 0.0054201 0.00962876 -0.0199987 0.00546367 0.0100179 -0.0199964 0.00552687 0.0104134 -0.0199946 0.00555357 0.0108131 -0.0199954 0.00554284 0.0110033 -0.0199965 0.00552438 0.0113917 -0.0199988 0.00545931 0.0117673 -0.0199964 0.00535995 0.0121258 -0.0199824 0.00522914 0.0118336 -0.019531 0.00553185 0.0114404 -0.019547 0.00562463 0.0110315 -0.0195539 0.0056862 0.0108308 -0.0195554 0.00570378 0.0104085 -0.0195562 0.00571401 0.00999085 -0.0195542 0.00568857 0.00958106 -0.0195475 0.00562874 0.00938609 -0.0195415 0.00558783 0.00900386 -0.01952 0.00548352 0.0122057 -0.0195 0.00541229 0.0119327 -0.0191259 0.00580859 0.0115102 -0.0191497 0.00589124 0.0110709 -0.0191621 0.00594659 0.0108553 -0.0191652 0.00596246 0.0104017 -0.0191669 0.00597171 0.00995312 -0.0191625 0.00594873 0.00951289 -0.0191506 0.00589492 0.00930339 -0.019141 0.00585835 0.00889258 -0.019111 0.00576593 0.0123327 -0.0190858 0.00570364 0.0120584 -0.0188064 0.00617283 0.0115969 -0.01883 0.00624356 0.0111192 -0.0188429 0.00629104 0.0108853 -0.0188462 0.00630467 0.0103934 -0.018848 0.00631261 0.00990684 -0.0188434 0.00629287 0.00942823 -0.0188309 0.00624672 0.00919979 -0.0188212 0.00621539 0.00874993 -0.0187919 0.00613641 0.0116955 -0.0186067 0.00666099 0.0111738 -0.0186141 0.00670036 0.0109191 -0.0186159 0.00671161 0.0103841 -0.0186169 0.00671815 0.00985458 -0.0186143 0.00670188 0.009332 -0.0186073 0.00666362 0.00908152 -0.0186015 0.00663749 0.00858517 -0.0185835 0.00657092 0.0153191 -0.0185681 0.00411392 0.0148221 -0.0185681 0.00487285 0.0144418 -0.018768 0.00457609 0.0136005 -0.0190858 0.00487881 0.0138805 -0.018768 0.00518401 0.0142067 -0.0185681 0.00553941 0.0128275 -0.0195 0.00507744 0.0130008 -0.0190858 0.00534385 0.0132267 -0.018768 0.00569105 0.0134898 -0.0185681 0.00609537 0.014076 -0.0199824 -0.000439642 0.0137072 -0.0199824 -0.0010028 0.0138647 -0.0195 -0.00112572 0.0143469 -0.0199824 0.000176624 0.0142516 -0.0195 -0.000534905 0.0141152 -0.0190858 -0.00132126 0.0142067 -0.0185681 -0.00253941 0.0148221 -0.0185681 -0.00187285 0.0144418 -0.018768 -0.00157609 0.0148951 -0.018768 -0.000883938 0.014531 -0.0190858 -0.000686446 0.0148364 -0.0190858 8.2349e-06 0.0145358 -0.0195 0.000111628 0.0147095 -0.0195 0.000796178 0.0145125 -0.0199824 0.000829127 0.0145681 -0.0199824 0.0015 0.0153191 -0.0185681 -0.00111392 0.0152281 -0.018768 -0.00012651 0.015023 -0.0190858 0.000743764 0.0147679 -0.0195 0.0015 0.0145125 -0.0199824 0.00217087 0.0156842 -0.0185681 -0.000283423 0.0154315 -0.018768 0.000675456 0.0150858 -0.0190858 0.0015 0.0147095 -0.0195 0.00220382 0.0143469 -0.0199824 0.00282338 0.0159073 -0.0185681 0.000595911 0.0155 -0.018768 0.0015 0.015023 -0.0190858 0.00225624 0.0145358 -0.0195 0.00288837 0.014076 -0.0199824 0.00343964 0.0159824 -0.0185681 0.0015 0.0159073 -0.0185681 0.00240409 0.0154315 -0.018768 0.00232454 0.0152281 -0.018768 0.00312651 0.0148364 -0.0190858 0.00299177 0.014531 -0.0190858 0.00368645 0.0142516 -0.0195 0.0035349 0.0138647 -0.0195 0.00412572 0.0137072 -0.0199824 0.0040028 0.0132505 -0.0199824 0.00449742 0.0156842 -0.0185681 0.00328342 0.0148951 -0.018768 0.00388394 0.0141152 -0.0190858 0.00432126 0.0133856 -0.0195 0.00464463 0.0127186 -0.0199824 0.00490996 0.0127186 -0.0199824 -0.00190996 0.0134898 -0.0185681 -0.00309537 0.0132267 -0.018768 -0.00269105 0.0130008 -0.0190858 -0.00234385 0.0128275 -0.0195 -0.00207744 0.0138805 -0.018768 -0.00218401 0.0136005 -0.0190858 -0.00187881 0.0133856 -0.0195 -0.00164463 0.0132505 -0.0199824 -0.00149742 -0.0153191 -0.0185681 -0.00111392 -0.0148221 -0.0185681 -0.00187285 -0.0144418 -0.018768 -0.00157609 -0.0136005 -0.0190858 -0.00187881 -0.0138805 -0.018768 -0.00218401 -0.0142067 -0.0185681 -0.00253941 -0.0128275 -0.0195 -0.00207744 -0.0130008 -0.0190858 -0.00234385 -0.0132267 -0.018768 -0.00269105 -0.0134898 -0.0185681 -0.00309537 -0.014076 -0.0199824 0.00343964 -0.0137072 -0.0199824 0.0040028 -0.0138647 -0.0195 0.00412572 -0.0143469 -0.0199824 0.00282338 -0.0142516 -0.0195 0.0035349 -0.0141152 -0.0190858 0.00432126 -0.0142067 -0.0185681 0.00553941 -0.0148221 -0.0185681 0.00487285 -0.0144418 -0.018768 0.00457609 -0.0148951 -0.018768 0.00388394 -0.014531 -0.0190858 0.00368645 -0.0148364 -0.0190858 0.00299177 -0.0145358 -0.0195 0.00288837 -0.0147095 -0.0195 0.00220382 -0.0145125 -0.0199824 0.00217087 -0.0145681 -0.0199824 0.0015 -0.0153191 -0.0185681 0.00411392 -0.0152281 -0.018768 0.00312651 -0.015023 -0.0190858 0.00225624 -0.0147679 -0.0195 0.0015 -0.0145125 -0.0199824 0.000829127 -0.0156842 -0.0185681 0.00328342 -0.0154315 -0.018768 0.00232454 -0.0150858 -0.0190858 0.0015 -0.0147095 -0.0195 0.000796178 -0.0143469 -0.0199824 0.000176624 -0.0159073 -0.0185681 0.00240409 -0.0155 -0.018768 0.0015 -0.015023 -0.0190858 0.000743764 -0.0145358 -0.0195 0.000111628 -0.014076 -0.0199824 -0.000439642 -0.0159824 -0.0185681 0.0015 -0.0159073 -0.0185681 0.000595911 -0.0154315 -0.018768 0.000675456 -0.0152281 -0.018768 -0.00012651 -0.0148364 -0.0190858 8.2349e-06 -0.014531 -0.0190858 -0.000686446 -0.0142516 -0.0195 -0.000534905 -0.0138647 -0.0195 -0.00112572 -0.0137072 -0.0199824 -0.0010028 -0.0132505 -0.0199824 -0.00149742 -0.0156842 -0.0185681 -0.000283423 -0.0148951 -0.018768 -0.000883938 -0.0141152 -0.0190858 -0.00132126 -0.0133856 -0.0195 -0.00164463 -0.0127186 -0.0199824 -0.00190996 -0.0127186 -0.0199824 0.00490996 -0.0134898 -0.0185681 0.00609537 -0.012691 -0.0185681 0.0065255 -0.0132267 -0.018768 0.00569105 -0.0124983 -0.018768 0.00608333 -0.0130008 -0.0190858 0.00534385 -0.0123327 -0.0190858 0.00570364 -0.0128275 -0.0195 0.00507744 -0.0122057 -0.0195 0.00541229 -0.0121258 -0.0199824 0.00522914 -0.0138805 -0.018768 0.00518401 -0.0136005 -0.0190858 0.00487881 -0.0133856 -0.0195 0.00464463 -0.0132505 -0.0199824 0.00449742 -0.00850174 -0.018768 0.00608333 -0.00830896 -0.0185681 0.0065255 -0.00879725 -0.0185925 0.00660175 -0.0119234 -0.0199923 0.00530748 -0.0115571 -0.0199987 0.0054201 -0.0113712 -0.0199987 0.00546367 -0.0109821 -0.0199964 0.00552687 -0.0105866 -0.0199946 0.00555357 -0.0101869 -0.0199954 0.00554284 -0.00999673 -0.0199965 0.00552438 -0.00960831 -0.0199988 0.00545931 -0.00923274 -0.0199964 0.00535995 -0.00887415 -0.0199824 0.00522914 -0.0091664 -0.019531 0.00553185 -0.00955957 -0.019547 0.00562463 -0.0099685 -0.0195539 0.0056862 -0.0101692 -0.0195554 0.00570378 -0.0105915 -0.0195562 0.00571401 -0.0110092 -0.0195542 0.00568857 -0.0114189 -0.0195475 0.00562874 -0.0116139 -0.0195415 0.00558783 -0.0119961 -0.01952 0.00548352 -0.0087943 -0.0195 0.00541229 -0.00906729 -0.0191259 0.00580859 -0.00948981 -0.0191497 0.00589124 -0.00992912 -0.0191621 0.00594659 -0.0101447 -0.0191652 0.00596246 -0.0105983 -0.0191669 0.00597171 -0.0110469 -0.0191625 0.00594873 -0.0114871 -0.0191506 0.00589492 -0.0116966 -0.019141 0.00585835 -0.0121074 -0.019111 0.00576593 -0.00866728 -0.0190858 0.00570364 -0.00894161 -0.0188064 0.00617283 -0.00940308 -0.01883 0.00624356 -0.00988078 -0.0188429 0.00629104 -0.0101147 -0.0188462 0.00630467 -0.0106066 -0.018848 0.00631261 -0.0110932 -0.0188434 0.00629287 -0.0115718 -0.0188309 0.00624672 -0.0118002 -0.0188212 0.00621539 -0.0122501 -0.0187919 0.00613641 -0.00930447 -0.0186067 0.00666099 -0.00982617 -0.0186141 0.00670036 -0.0100809 -0.0186159 0.00671161 -0.0106159 -0.0186169 0.00671815 -0.0111454 -0.0186143 0.00670188 -0.011668 -0.0186073 0.00666362 -0.0119185 -0.0186015 0.00663749 -0.0124148 -0.0185835 0.00657092 -0.0056809 -0.0185681 0.00411392 -0.00617794 -0.0185681 0.00487285 -0.00655821 -0.018768 0.00457609 -0.00739951 -0.0190858 0.00487881 -0.00711945 -0.018768 0.00518401 -0.00679333 -0.0185681 0.00553941 -0.00817249 -0.0195 0.00507744 -0.00799915 -0.0190858 0.00534385 -0.00777326 -0.018768 0.00569105 -0.00751021 -0.0185681 0.00609537 -0.00692402 -0.0199824 -0.000439642 -0.00729285 -0.0199824 -0.0010028 -0.00713533 -0.0195 -0.00112572 -0.00665312 -0.0199824 0.000176624 -0.00674839 -0.0195 -0.000534905 -0.00688476 -0.0190858 -0.00132126 -0.00679333 -0.0185681 -0.00253941 -0.00617794 -0.0185681 -0.00187285 -0.00655821 -0.018768 -0.00157609 -0.00610491 -0.018768 -0.000883938 -0.00646901 -0.0190858 -0.000686446 -0.00616363 -0.0190858 8.2349e-06 -0.00646418 -0.0195 0.000111628 -0.00629048 -0.0195 0.000796178 -0.00648755 -0.0199824 0.000829127 -0.00643185 -0.0199824 0.0015 -0.0056809 -0.0185681 -0.00111392 -0.00577195 -0.018768 -0.00012651 -0.005977 -0.0190858 0.000743764 -0.00623205 -0.0195 0.0015 -0.00648755 -0.0199824 0.00217087 -0.00531582 -0.0185681 -0.000283423 -0.00556846 -0.018768 0.000675456 -0.00591421 -0.0190858 0.0015 -0.00629048 -0.0195 0.00220382 -0.00665312 -0.0199824 0.00282338 -0.0050927 -0.0185681 0.000595911 -0.0055 -0.018768 0.0015 -0.005977 -0.0190858 0.00225624 -0.00646418 -0.0195 0.00288837 -0.00692402 -0.0199824 0.00343964 -0.00501764 -0.0185681 0.0015 -0.0050927 -0.0185681 0.00240409 -0.00556846 -0.018768 0.00232454 -0.00577195 -0.018768 0.00312651 -0.00616363 -0.0190858 0.00299177 -0.00646901 -0.0190858 0.00368645 -0.00674839 -0.0195 0.0035349 -0.00713533 -0.0195 0.00412572 -0.00729285 -0.0199824 0.0040028 -0.00774949 -0.0199824 0.00449742 -0.00531582 -0.0185681 0.00328342 -0.00610491 -0.018768 0.00388394 -0.00688476 -0.0190858 0.00432126 -0.0076144 -0.0195 0.00464463 -0.00828145 -0.0199824 0.00490996 -0.00828145 -0.0199824 -0.00190996 -0.00751021 -0.0185681 -0.00309537 -0.00777326 -0.018768 -0.00269105 -0.00799915 -0.0190858 -0.00234385 -0.00817249 -0.0195 -0.00207744 -0.00711945 -0.018768 -0.00218401 -0.00739951 -0.0190858 -0.00187881 -0.0076144 -0.0195 -0.00164463 -0.00774949 -0.0199824 -0.00149742 -0.0056809 0.0185681 -0.00111392 -0.00617794 0.0185681 -0.00187285 -0.00655821 0.018768 -0.00157609 -0.00739951 0.0190858 -0.00187881 -0.00711945 0.018768 -0.00218401 -0.00679333 0.0185681 -0.00253941 -0.00817249 0.0195 -0.00207744 -0.00799915 0.0190858 -0.00234385 -0.00777326 0.018768 -0.00269105 -0.00751021 0.0185681 -0.00309537 -0.00887415 0.0199824 -0.00222914 -0.0087943 0.0195 -0.00241229 -0.00866728 0.0190858 -0.00270364 -0.00850174 0.018768 -0.00308333 -0.00830896 0.0185681 -0.0035255 -0.00692402 0.0199824 0.00343964 -0.00729285 0.0199824 0.0040028 -0.00713533 0.0195 0.00412572 -0.00665312 0.0199824 0.00282338 -0.00674839 0.0195 0.0035349 -0.00688476 0.0190858 0.00432126 -0.00679333 0.0185681 0.00553941 -0.00617794 0.0185681 0.00487285 -0.00655821 0.018768 0.00457609 -0.00610491 0.018768 0.00388394 -0.00646901 0.0190858 0.00368645 -0.00616363 0.0190858 0.00299177 -0.00646418 0.0195 0.00288837 -0.00629048 0.0195 0.00220382 -0.00648755 0.0199824 0.00217087 -0.00643185 0.0199824 0.0015 -0.0056809 0.0185681 0.00411392 -0.00577195 0.018768 0.00312651 -0.005977 0.0190858 0.00225624 -0.00623205 0.0195 0.0015 -0.00648755 0.0199824 0.000829127 -0.00531582 0.0185681 0.00328342 -0.00556846 0.018768 0.00232454 -0.00591421 0.0190858 0.0015 -0.00629048 0.0195 0.000796178 -0.00665312 0.0199824 0.000176624 -0.0050927 0.0185681 0.00240409 -0.0055 0.018768 0.0015 -0.005977 0.0190858 0.000743764 -0.00646418 0.0195 0.000111628 -0.00692402 0.0199824 -0.000439642 -0.00501764 0.0185681 0.0015 -0.0050927 0.0185681 0.000595911 -0.00556846 0.018768 0.000675456 -0.00577195 0.018768 -0.00012651 -0.00616363 0.0190858 8.2349e-06 -0.00646901 0.0190858 -0.000686446 -0.00674839 0.0195 -0.000534905 -0.00713533 0.0195 -0.00112572 -0.00729285 0.0199824 -0.0010028 -0.00774949 0.0199824 -0.00149742 -0.00531582 0.0185681 -0.000283423 -0.00610491 0.018768 -0.000883938 -0.00688476 0.0190858 -0.00132126 -0.0076144 0.0195 -0.00164463 -0.00828145 0.0199824 -0.00190996 -0.00828145 0.0199824 0.00490996 -0.00751021 0.0185681 0.00609537 -0.00830896 0.0185681 0.0065255 -0.00777326 0.018768 0.00569105 -0.00850174 0.018768 0.00608333 -0.00799915 0.0190858 0.00534385 -0.00866728 0.0190858 0.00570364 -0.00817249 0.0195 0.00507744 -0.0087943 0.0195 0.00541229 -0.00887415 0.0199824 0.00522914 -0.00711945 0.018768 0.00518401 -0.00739951 0.0190858 0.00487881 -0.0076144 0.0195 0.00464463 -0.00774949 0.0199824 0.00449742 -0.0153191 0.0185681 0.00411392 -0.0148221 0.0185681 0.00487285 -0.0144418 0.018768 0.00457609 -0.0136005 0.0190858 0.00487881 -0.0138805 0.018768 0.00518401 -0.0142067 0.0185681 0.00553941 -0.0128275 0.0195 0.00507744 -0.0130008 0.0190858 0.00534385 -0.0132267 0.018768 0.00569105 -0.0134898 0.0185681 0.00609537 -0.0121258 0.0199824 0.00522914 -0.0122057 0.0195 0.00541229 -0.0123327 0.0190858 0.00570364 -0.0124983 0.018768 0.00608333 -0.012691 0.0185681 0.0065255 -0.014076 0.0199824 -0.000439642 -0.0137072 0.0199824 -0.0010028 -0.0138647 0.0195 -0.00112572 -0.0143469 0.0199824 0.000176624 -0.0142516 0.0195 -0.000534905 -0.0141152 0.0190858 -0.00132126 -0.0142067 0.0185681 -0.00253941 -0.0148221 0.0185681 -0.00187285 -0.0144418 0.018768 -0.00157609 -0.0148951 0.018768 -0.000883938 -0.014531 0.0190858 -0.000686446 -0.0148364 0.0190858 8.2349e-06 -0.0145358 0.0195 0.000111628 -0.0147095 0.0195 0.000796178 -0.0145125 0.0199824 0.000829127 -0.0145681 0.0199824 0.0015 -0.0153191 0.0185681 -0.00111392 -0.0152281 0.018768 -0.00012651 -0.015023 0.0190858 0.000743764 -0.0147679 0.0195 0.0015 -0.0145125 0.0199824 0.00217087 -0.0156842 0.0185681 -0.000283423 -0.0154315 0.018768 0.000675456 -0.0150858 0.0190858 0.0015 -0.0147095 0.0195 0.00220382 -0.0143469 0.0199824 0.00282338 -0.0159073 0.0185681 0.000595911 -0.0155 0.018768 0.0015 -0.015023 0.0190858 0.00225624 -0.0145358 0.0195 0.00288837 -0.014076 0.0199824 0.00343964 -0.0159824 0.0185681 0.0015 -0.0159073 0.0185681 0.00240409 -0.0154315 0.018768 0.00232454 -0.0152281 0.018768 0.00312651 -0.0148364 0.0190858 0.00299177 -0.014531 0.0190858 0.00368645 -0.0142516 0.0195 0.0035349 -0.0138647 0.0195 0.00412572 -0.0137072 0.0199824 0.0040028 -0.0132505 0.0199824 0.00449742 -0.0156842 0.0185681 0.00328342 -0.0148951 0.018768 0.00388394 -0.0141152 0.0190858 0.00432126 -0.0133856 0.0195 0.00464463 -0.0127186 0.0199824 0.00490996 -0.0127186 0.0199824 -0.00190996 -0.0134898 0.0185681 -0.00309537 -0.012691 0.0185681 -0.0035255 -0.0132267 0.018768 -0.00269105 -0.0124983 0.018768 -0.00308333 -0.0130008 0.0190858 -0.00234385 -0.0123327 0.0190858 -0.00270364 -0.0128275 0.0195 -0.00207744 -0.0122057 0.0195 -0.00241229 -0.0121258 0.0199824 -0.00222914 -0.0138805 0.018768 -0.00218401 -0.0136005 0.0190858 -0.00187881 -0.0133856 0.0195 -0.00164463 -0.0132505 0.0199824 -0.00149742 -0.0122028 0.0185925 0.00660175 -0.00907657 0.0199923 0.00530748 -0.00944291 0.0199987 0.0054201 -0.00962876 0.0199987 0.00546367 -0.0100179 0.0199964 0.00552687 -0.0104134 0.0199946 0.00555357 -0.0108131 0.0199954 0.00554284 -0.0110033 0.0199965 0.00552438 -0.0113917 0.0199988 0.00545931 -0.0117673 0.0199964 0.00535995 -0.0118336 0.019531 0.00553185 -0.0114404 0.019547 0.00562463 -0.0110315 0.0195539 0.0056862 -0.0108308 0.0195554 0.00570378 -0.0104085 0.0195562 0.00571401 -0.00999085 0.0195542 0.00568857 -0.00958106 0.0195475 0.00562874 -0.00938609 0.0195415 0.00558783 -0.00900386 0.01952 0.00548352 -0.0119327 0.0191259 0.00580859 -0.0115102 0.0191497 0.00589124 -0.0110709 0.0191621 0.00594659 -0.0108553 0.0191652 0.00596246 -0.0104017 0.0191669 0.00597171 -0.00995312 0.0191625 0.00594873 -0.00951289 0.0191506 0.00589492 -0.00930339 0.019141 0.00585835 -0.00889258 0.019111 0.00576593 -0.0120584 0.0188064 0.00617283 -0.0115969 0.01883 0.00624356 -0.0111192 0.0188429 0.00629104 -0.0108853 0.0188462 0.00630467 -0.0103934 0.018848 0.00631261 -0.00990684 0.0188434 0.00629287 -0.00942823 0.0188309 0.00624672 -0.00919979 0.0188212 0.00621539 -0.00874993 0.0187919 0.00613641 -0.0116955 0.0186067 0.00666099 -0.0111738 0.0186141 0.00670036 -0.0109191 0.0186159 0.00671161 -0.0103841 0.0186169 0.00671815 -0.00985458 0.0186143 0.00670188 -0.009332 0.0186073 0.00666362 -0.00908152 0.0186015 0.00663749 -0.00858517 0.0185835 0.00657092 0.00850174 0.018768 0.00608333 0.00830896 0.0185681 0.0065255 0.00879725 0.0185925 0.00660175 0.0121258 0.0199824 0.00522914 0.0122057 0.0195 0.00541229 0.0119234 0.0199923 0.00530748 0.0115571 0.0199987 0.0054201 0.0113712 0.0199987 0.00546367 0.0109821 0.0199964 0.00552687 0.0105866 0.0199946 0.00555357 0.0101869 0.0199954 0.00554284 0.00999673 0.0199965 0.00552438 0.00960831 0.0199988 0.00545931 0.00923274 0.0199964 0.00535995 0.00887415 0.0199824 0.00522914 0.0091664 0.019531 0.00553185 0.00955957 0.019547 0.00562463 0.0099685 0.0195539 0.0056862 0.0101692 0.0195554 0.00570378 0.0105915 0.0195562 0.00571401 0.0110092 0.0195542 0.00568857 0.0114189 0.0195475 0.00562874 0.0116139 0.0195415 0.00558783 0.0119961 0.01952 0.00548352 0.0123327 0.0190858 0.00570364 0.0087943 0.0195 0.00541229 0.00906729 0.0191259 0.00580859 0.00948981 0.0191497 0.00589124 0.00992912 0.0191621 0.00594659 0.0101447 0.0191652 0.00596246 0.0105983 0.0191669 0.00597171 0.0110469 0.0191625 0.00594873 0.0114871 0.0191506 0.00589492 0.0116966 0.019141 0.00585835 0.0121074 0.019111 0.00576593 0.0124983 0.018768 0.00608333 0.00866728 0.0190858 0.00570364 0.00894161 0.0188064 0.00617283 0.00940308 0.01883 0.00624356 0.00988078 0.0188429 0.00629104 0.0101147 0.0188462 0.00630467 0.0106066 0.018848 0.00631261 0.0110932 0.0188434 0.00629287 0.0115718 0.0188309 0.00624672 0.0118002 0.0188212 0.00621539 0.0122501 0.0187919 0.00613641 0.012691 0.0185681 0.0065255 0.00930447 0.0186067 0.00666099 0.00982617 0.0186141 0.00670036 0.0100809 0.0186159 0.00671161 0.0106159 0.0186169 0.00671815 0.0111454 0.0186143 0.00670188 0.011668 0.0186073 0.00666362 0.0119185 0.0186015 0.00663749 0.0124148 0.0185835 0.00657092 0.0056809 0.0185681 0.00411392 0.00617794 0.0185681 0.00487285 0.00655821 0.018768 0.00457609 0.00739951 0.0190858 0.00487881 0.00711945 0.018768 0.00518401 0.00679333 0.0185681 0.00553941 0.00817249 0.0195 0.00507744 0.00799915 0.0190858 0.00534385 0.00777326 0.018768 0.00569105 0.00751021 0.0185681 0.00609537 0.00692402 0.0199824 -0.000439642 0.00729285 0.0199824 -0.0010028 0.00713533 0.0195 -0.00112572 0.00665312 0.0199824 0.000176624 0.00674839 0.0195 -0.000534905 0.00688476 0.0190858 -0.00132126 0.00679333 0.0185681 -0.00253941 0.00617794 0.0185681 -0.00187285 0.00655821 0.018768 -0.00157609 0.00610491 0.018768 -0.000883938 0.00646901 0.0190858 -0.000686446 0.00616363 0.0190858 8.2349e-06 0.00646418 0.0195 0.000111628 0.00629048 0.0195 0.000796178 0.00648755 0.0199824 0.000829127 0.00643185 0.0199824 0.0015 0.0056809 0.0185681 -0.00111392 0.00577195 0.018768 -0.00012651 0.005977 0.0190858 0.000743764 0.00623205 0.0195 0.0015 0.00648755 0.0199824 0.00217087 0.00531582 0.0185681 -0.000283423 0.00556846 0.018768 0.000675456 0.00591421 0.0190858 0.0015 0.00629048 0.0195 0.00220382 0.00665312 0.0199824 0.00282338 0.0050927 0.0185681 0.000595911 0.0055 0.018768 0.0015 0.005977 0.0190858 0.00225624 0.00646418 0.0195 0.00288837 0.00692402 0.0199824 0.00343964 0.00501764 0.0185681 0.0015 0.0050927 0.0185681 0.00240409 0.00556846 0.018768 0.00232454 0.00577195 0.018768 0.00312651 0.00616363 0.0190858 0.00299177 0.00646901 0.0190858 0.00368645 0.00674839 0.0195 0.0035349 0.00713533 0.0195 0.00412572 0.00729285 0.0199824 0.0040028 0.00774949 0.0199824 0.00449742 0.00531582 0.0185681 0.00328342 0.00610491 0.018768 0.00388394 0.00688476 0.0190858 0.00432126 0.0076144 0.0195 0.00464463 0.00828145 0.0199824 0.00490996 0.00828145 0.0199824 -0.00190996 0.00751021 0.0185681 -0.00309537 0.00830896 0.0185681 -0.0035255 0.00777326 0.018768 -0.00269105 0.00850174 0.018768 -0.00308333 0.00799915 0.0190858 -0.00234385 0.00866728 0.0190858 -0.00270364 0.00817249 0.0195 -0.00207744 0.0087943 0.0195 -0.00241229 0.00887415 0.0199824 -0.00222914 0.00711945 0.018768 -0.00218401 0.00739951 0.0190858 -0.00187881 0.0076144 0.0195 -0.00164463 0.00774949 0.0199824 -0.00149742 0.0153191 0.0185681 -0.00111392 0.0148221 0.0185681 -0.00187285 0.0144418 0.018768 -0.00157609 0.0136005 0.0190858 -0.00187881 0.0138805 0.018768 -0.00218401 0.0142067 0.0185681 -0.00253941 0.0128275 0.0195 -0.00207744 0.0130008 0.0190858 -0.00234385 0.0132267 0.018768 -0.00269105 0.0134898 0.0185681 -0.00309537 0.0121258 0.0199824 -0.00222914 0.0122057 0.0195 -0.00241229 0.0123327 0.0190858 -0.00270364 0.0124983 0.018768 -0.00308333 0.012691 0.0185681 -0.0035255 0.014076 0.0199824 0.00343964 0.0137072 0.0199824 0.0040028 0.0138647 0.0195 0.00412572 0.0143469 0.0199824 0.00282338 0.0142516 0.0195 0.0035349 0.0141152 0.0190858 0.00432126 0.0142067 0.0185681 0.00553941 0.0148221 0.0185681 0.00487285 0.0144418 0.018768 0.00457609 0.0148951 0.018768 0.00388394 0.014531 0.0190858 0.00368645 0.0148364 0.0190858 0.00299177 0.0145358 0.0195 0.00288837 0.0147095 0.0195 0.00220382 0.0145125 0.0199824 0.00217087 0.0145681 0.0199824 0.0015 0.0153191 0.0185681 0.00411392 0.0152281 0.018768 0.00312651 0.015023 0.0190858 0.00225624 0.0147679 0.0195 0.0015 0.0145125 0.0199824 0.000829127 0.0156842 0.0185681 0.00328342 0.0154315 0.018768 0.00232454 0.0150858 0.0190858 0.0015 0.0147095 0.0195 0.000796178 0.0143469 0.0199824 0.000176624 0.0159073 0.0185681 0.00240409 0.0155 0.018768 0.0015 0.015023 0.0190858 0.000743764 0.0145358 0.0195 0.000111628 0.014076 0.0199824 -0.000439642 0.0159824 0.0185681 0.0015 0.0159073 0.0185681 0.000595911 0.0154315 0.018768 0.000675456 0.0152281 0.018768 -0.00012651 0.0148364 0.0190858 8.2349e-06 0.014531 0.0190858 -0.000686446 0.0142516 0.0195 -0.000534905 0.0138647 0.0195 -0.00112572 0.0137072 0.0199824 -0.0010028 0.0132505 0.0199824 -0.00149742 0.0156842 0.0185681 -0.000283423 0.0148951 0.018768 -0.000883938 0.0141152 0.0190858 -0.00132126 0.0133856 0.0195 -0.00164463 0.0127186 0.0199824 -0.00190996 0.0127186 0.0199824 0.00490996 0.0134898 0.0185681 0.00609537 0.0132267 0.018768 0.00569105 0.0130008 0.0190858 0.00534385 0.0128275 0.0195 0.00507744 0.0138805 0.018768 0.00518401 0.0136005 0.0190858 0.00487881 0.0133856 0.0195 0.00464463 0.0132505 0.0199824 0.00449742 0.0122028 0.0185925 -0.00360175 0.00907657 0.0199923 -0.00230748 0.00944291 0.0199987 -0.0024201 0.00962876 0.0199987 -0.00246367 0.0100179 0.0199964 -0.00252687 0.0104134 0.0199946 -0.00255357 0.0108131 0.0199954 -0.00254284 0.0110033 0.0199965 -0.00252438 0.0113917 0.0199988 -0.00245931 0.0117673 0.0199964 -0.00235995 0.0118336 0.019531 -0.00253185 0.0114404 0.019547 -0.00262463 0.0110315 0.0195539 -0.0026862 0.0108308 0.0195554 -0.00270378 0.0104085 0.0195562 -0.00271401 0.00999085 0.0195542 -0.00268857 0.00958106 0.0195475 -0.00262874 0.00938609 0.0195415 -0.00258783 0.00900386 0.01952 -0.00248352 0.0119327 0.0191259 -0.00280859 0.0115102 0.0191497 -0.00289124 0.0110709 0.0191621 -0.00294659 0.0108553 0.0191652 -0.00296246 0.0104017 0.0191669 -0.00297171 0.00995312 0.0191625 -0.00294873 0.00951289 0.0191506 -0.00289492 0.00930339 0.019141 -0.00285835 0.00889258 0.019111 -0.00276593 0.0120584 0.0188064 -0.00317283 0.0115969 0.01883 -0.00324356 0.0111192 0.0188429 -0.00329104 0.0108853 0.0188462 -0.00330467 0.0103934 0.018848 -0.00331261 0.00990684 0.0188434 -0.00329288 0.00942823 0.0188309 -0.00324672 0.00919979 0.0188212 -0.00321539 0.00874993 0.0187919 -0.00313641 0.0116955 0.0186067 -0.00366099 0.0111738 0.0186141 -0.00370036 0.0109191 0.0186159 -0.00371161 0.0103841 0.0186169 -0.00371815 0.00985458 0.0186143 -0.00370187 0.009332 0.0186073 -0.00366362 0.00908152 0.0186015 -0.00363749 0.00858517 0.0185835 -0.00357092 -0.00879725 0.0185925 -0.00360175 -0.0119234 0.0199923 -0.00230748 -0.0115571 0.0199987 -0.0024201 -0.0113712 0.0199987 -0.00246367 -0.0109821 0.0199964 -0.00252687 -0.0105866 0.0199946 -0.00255357 -0.0101869 0.0199954 -0.00254284 -0.00999673 0.0199965 -0.00252438 -0.00960831 0.0199988 -0.00245931 -0.00923274 0.0199964 -0.00235995 -0.0091664 0.019531 -0.00253185 -0.00955957 0.019547 -0.00262463 -0.0099685 0.0195539 -0.0026862 -0.0101692 0.0195554 -0.00270378 -0.0105915 0.0195562 -0.00271401 -0.0110092 0.0195542 -0.00268857 -0.0114189 0.0195475 -0.00262874 -0.0116139 0.0195415 -0.00258783 -0.0119961 0.01952 -0.00248352 -0.00906729 0.0191259 -0.00280859 -0.00948981 0.0191497 -0.00289124 -0.00992912 0.0191621 -0.00294659 -0.0101447 0.0191652 -0.00296246 -0.0105983 0.0191669 -0.00297171 -0.0110469 0.0191625 -0.00294873 -0.0114871 0.0191506 -0.00289492 -0.0116966 0.019141 -0.00285835 -0.0121074 0.019111 -0.00276593 -0.00894161 0.0188064 -0.00317283 -0.00940308 0.01883 -0.00324356 -0.00988078 0.0188429 -0.00329104 -0.0101147 0.0188462 -0.00330467 -0.0106066 0.018848 -0.00331261 -0.0110932 0.0188434 -0.00329288 -0.0115718 0.0188309 -0.00324672 -0.0118002 0.0188212 -0.00321539 -0.0122501 0.0187919 -0.00313641 -0.00930447 0.0186067 -0.00366099 -0.00982617 0.0186141 -0.00370036 -0.0100809 0.0186159 -0.00371161 -0.0106159 0.0186169 -0.00371815 -0.0111454 0.0186143 -0.00370187 -0.011668 0.0186073 -0.00366362 -0.0119185 0.0186015 -0.00363749 -0.0124148 0.0185835 -0.00357092 0.0141386 0.0211294 -0.000120017 0.0137223 0.0211294 -0.000841127 0.0109163 0.0211294 -0.00246114 0.0100837 0.0211294 -0.00246114 0.00727772 0.0211294 -0.000841127 0.00686138 0.0211294 -0.000120017 0.00686138 0.0211294 0.00312002 0.00727772 0.0211294 0.00384113 0.0100837 0.0211294 0.00546114 0.0109163 0.0211294 0.00546114 0.0137223 0.0211294 0.00384113 0.0141386 0.0211294 0.00312002 0.0140501 0.021483 0.0022546 0.0138156 0.021483 0.00297621 0.0141681 0.021433 0.00227967 0.0139258 0.021433 0.00302526 0.0142693 0.0213536 0.0023012 0.0140204 0.0213536 0.00306738 0.0143471 0.02125 0.00231772 0.014093 0.02125 0.0030997 0.0143959 0.0211294 0.0023281 0.0116215 0.021483 0.00495177 0.0108794 0.021483 0.00510953 0.0116588 0.021433 0.00506646 0.010892 0.021433 0.00522946 0.0116908 0.0213536 0.00516495 0.0109028 0.0213536 0.00533244 0.0117154 0.02125 0.00524052 0.0109111 0.02125 0.00541147 0.0117308 0.0211294 0.00528802 0.00807145 0.021483 0.00419718 0.00756375 0.021483 0.00363331 0.00799076 0.021433 0.00428679 0.00746619 0.021433 0.00370419 0.00792147 0.0213536 0.00436375 0.00738241 0.0213536 0.00376506 0.0078683 0.02125 0.0044228 0.00731813 0.02125 0.00381177 0.00783488 0.0211294 0.00445992 0.0069499 0.021483 0.000745403 0.00718437 0.021483 2.37862e-05 0.00683195 0.021433 0.000720331 0.0070742 0.021433 -2.52624e-05 0.00673066 0.0213536 0.000698801 0.0069796 0.0213536 -6.73814e-05 0.00665293 0.02125 0.000682281 0.00690701 0.02125 -9.97004e-05 0.00660407 0.0211294 0.000671895 0.00937845 0.021483 -0.00195177 0.0101206 0.021483 -0.00210953 0.00934119 0.021433 -0.00206646 0.010108 0.021433 -0.00222946 0.00930919 0.0213536 -0.00216495 0.0100972 0.0213536 -0.00233244 0.00928463 0.02125 -0.00224052 0.0100889 0.02125 -0.00241147 0.0092692 0.0211294 -0.00228802 0.0129285 0.021483 -0.00119718 0.0134363 0.021483 -0.000633313 0.0130092 0.021433 -0.00128679 0.0135338 0.021433 -0.000704195 0.0130785 0.0213536 -0.00136375 0.0136176 0.0213536 -0.000765062 0.0131317 0.02125 -0.0014228 0.0136819 0.02125 -0.000811767 0.0131651 0.0211294 -0.00145992 0.0141294 0.021483 0.0015 0.01425 0.021433 0.0015 0.0143536 0.0213536 0.0015 0.014433 0.02125 0.0015 0.014483 0.0211294 0.0015 0.0134363 0.021483 0.00363331 0.0135338 0.021433 0.00370419 0.0136176 0.0213536 0.00376506 0.0136819 0.02125 0.00381177 0.0131651 0.0211294 0.00445992 0.0131317 0.02125 0.0044228 0.0130785 0.0213536 0.00436375 0.0130092 0.021433 0.00428679 0.0129285 0.021483 0.00419718 0.0123147 0.021483 0.00464316 0.012375 0.021433 0.0047476 0.0124268 0.0213536 0.00483728 0.0124665 0.02125 0.00490609 0.0124915 0.0211294 0.00494935 0.0101206 0.021483 0.00510953 0.010108 0.021433 0.00522946 0.0100972 0.0213536 0.00533244 0.0100889 0.02125 0.00541147 0.0092692 0.0211294 0.00528802 0.00928463 0.02125 0.00524052 0.00930919 0.0213536 0.00516495 0.00934119 0.021433 0.00506646 0.00937845 0.021483 0.00495177 0.0086853 0.021483 0.00464316 0.008625 0.021433 0.0047476 0.00857322 0.0213536 0.00483728 0.00853349 0.02125 0.00490609 0.00850852 0.0211294 0.00494935 0.00718437 0.021483 0.00297621 0.0070742 0.021433 0.00302526 0.0069796 0.0213536 0.00306738 0.00690701 0.02125 0.0030997 0.00660407 0.0211294 0.0023281 0.00665293 0.02125 0.00231772 0.00673066 0.0213536 0.0023012 0.00683195 0.021433 0.00227967 0.0069499 0.021483 0.0022546 0.00687059 0.021483 0.0015 0.00675 0.021433 0.0015 0.00664645 0.0213536 0.0015 0.00656699 0.02125 0.0015 0.00651704 0.0211294 0.0015 0.00756375 0.021483 -0.000633313 0.00746619 0.021433 -0.000704195 0.00738241 0.0213536 -0.000765062 0.00731813 0.02125 -0.000811767 0.00783488 0.0211294 -0.00145992 0.0078683 0.02125 -0.0014228 0.00792147 0.0213536 -0.00136375 0.00799076 0.021433 -0.00128679 0.00807145 0.021483 -0.00119718 0.0086853 0.021483 -0.00164316 0.008625 0.021433 -0.0017476 0.00857322 0.0213536 -0.00183728 0.00853349 0.02125 -0.00190609 0.00850852 0.0211294 -0.00194935 0.0108794 0.021483 -0.00210953 0.010892 0.021433 -0.00222946 0.0109028 0.0213536 -0.00233244 0.0109111 0.02125 -0.00241147 0.0117308 0.0211294 -0.00228802 0.0117154 0.02125 -0.00224052 0.0116908 0.0213536 -0.00216495 0.0116588 0.021433 -0.00206646 0.0116215 0.021483 -0.00195177 0.0123147 0.021483 -0.00164316 0.012375 0.021433 -0.0017476 0.0124268 0.0213536 -0.00183728 0.0124665 0.02125 -0.00190609 0.0124915 0.0211294 -0.00194935 0.0138156 0.021483 2.37862e-05 0.0139258 0.021433 -2.52624e-05 0.0140204 0.0213536 -6.73814e-05 0.014093 0.02125 -9.97004e-05 0.0143959 0.0211294 0.000671895 0.0143471 0.02125 0.000682281 0.0142693 0.0213536 0.000698801 0.0141681 0.021433 0.000720331 0.0140501 0.021483 0.000745403 -0.0141386 0.0211294 0.00312002 -0.0137223 0.0211294 0.00384113 -0.0131651 0.0211294 0.00445992 -0.0124915 0.0211294 0.00494935 -0.0117308 0.0211294 0.00528802 -0.0109163 0.0211294 0.00546114 -0.0100837 0.0211294 0.00546114 -0.0092692 0.0211294 0.00528802 -0.00850852 0.0211294 0.00494935 -0.00783488 0.0211294 0.00445992 -0.00727772 0.0211294 0.00384113 -0.00686138 0.0211294 0.00312002 -0.00660407 0.0211294 0.0023281 -0.00651704 0.0211294 0.0015 -0.00660407 0.0211294 0.000671895 -0.00686138 0.0211294 -0.000120017 -0.00727772 0.0211294 -0.000841127 -0.00783488 0.0211294 -0.00145992 -0.00850852 0.0211294 -0.00194935 -0.0092692 0.0211294 -0.00228802 -0.0100837 0.0211294 -0.00246114 -0.0109163 0.0211294 -0.00246114 -0.0117308 0.0211294 -0.00228802 -0.0124915 0.0211294 -0.00194935 -0.0131651 0.0211294 -0.00145992 -0.0137223 0.0211294 -0.000841127 -0.0141386 0.0211294 -0.000120017 -0.0143959 0.0211294 0.000671895 -0.014483 0.0211294 0.0015 -0.0143959 0.0211294 0.0023281 -0.0143471 0.02125 0.000682281 -0.014093 0.02125 -9.97004e-05 -0.0136819 0.02125 -0.000811767 -0.0131317 0.02125 -0.0014228 -0.0124665 0.02125 -0.00190609 -0.0117154 0.02125 -0.00224052 -0.0109111 0.02125 -0.00241147 -0.0100889 0.02125 -0.00241147 -0.00928463 0.02125 -0.00224052 -0.00853349 0.02125 -0.00190609 -0.0078683 0.02125 -0.0014228 -0.00731813 0.02125 -0.000811767 -0.00690701 0.02125 -9.97004e-05 -0.00665293 0.02125 0.000682281 -0.00656699 0.02125 0.0015 -0.00665293 0.02125 0.00231772 -0.00690701 0.02125 0.0030997 -0.00731813 0.02125 0.00381177 -0.0078683 0.02125 0.0044228 -0.00853349 0.02125 0.00490609 -0.00928463 0.02125 0.00524052 -0.0100889 0.02125 0.00541147 -0.0109111 0.02125 0.00541147 -0.0117154 0.02125 0.00524052 -0.0124665 0.02125 0.00490609 -0.0131317 0.02125 0.0044228 -0.0136819 0.02125 0.00381177 -0.014093 0.02125 0.0030997 -0.0143471 0.02125 0.00231772 -0.014433 0.02125 0.0015 -0.0142693 0.0213536 0.000698801 -0.0140204 0.0213536 -6.73814e-05 -0.0136176 0.0213536 -0.000765062 -0.0130785 0.0213536 -0.00136375 -0.0124268 0.0213536 -0.00183728 -0.0116908 0.0213536 -0.00216495 -0.0109028 0.0213536 -0.00233244 -0.0100972 0.0213536 -0.00233244 -0.00930919 0.0213536 -0.00216495 -0.00857322 0.0213536 -0.00183728 -0.00792147 0.0213536 -0.00136375 -0.00738241 0.0213536 -0.000765062 -0.0069796 0.0213536 -6.73814e-05 -0.00673066 0.0213536 0.000698801 -0.00664645 0.0213536 0.0015 -0.00673066 0.0213536 0.0023012 -0.0069796 0.0213536 0.00306738 -0.00738241 0.0213536 0.00376506 -0.00792147 0.0213536 0.00436375 -0.00857322 0.0213536 0.00483728 -0.00930919 0.0213536 0.00516495 -0.0100972 0.0213536 0.00533244 -0.0109028 0.0213536 0.00533244 -0.0116908 0.0213536 0.00516495 -0.0124268 0.0213536 0.00483728 -0.0130785 0.0213536 0.00436375 -0.0136176 0.0213536 0.00376506 -0.0140204 0.0213536 0.00306738 -0.0142693 0.0213536 0.0023012 -0.0143536 0.0213536 0.0015 -0.0141681 0.021433 0.000720331 -0.0139258 0.021433 -2.52624e-05 -0.0135338 0.021433 -0.000704195 -0.0130092 0.021433 -0.00128679 -0.012375 0.021433 -0.0017476 -0.0116588 0.021433 -0.00206646 -0.010892 0.021433 -0.00222946 -0.010108 0.021433 -0.00222946 -0.00934119 0.021433 -0.00206646 -0.008625 0.021433 -0.0017476 -0.00799076 0.021433 -0.00128679 -0.00746619 0.021433 -0.000704195 -0.0070742 0.021433 -2.52624e-05 -0.00683195 0.021433 0.000720331 -0.00675 0.021433 0.0015 -0.00683195 0.021433 0.00227967 -0.0070742 0.021433 0.00302526 -0.00746619 0.021433 0.00370419 -0.00799076 0.021433 0.00428679 -0.008625 0.021433 0.0047476 -0.00934119 0.021433 0.00506646 -0.010108 0.021433 0.00522946 -0.010892 0.021433 0.00522946 -0.0116588 0.021433 0.00506646 -0.012375 0.021433 0.0047476 -0.0130092 0.021433 0.00428679 -0.0135338 0.021433 0.00370419 -0.0139258 0.021433 0.00302526 -0.0141681 0.021433 0.00227967 -0.01425 0.021433 0.0015 -0.0140501 0.021483 0.000745403 -0.0138156 0.021483 2.37862e-05 -0.0134363 0.021483 -0.000633313 -0.0129285 0.021483 -0.00119718 -0.0123147 0.021483 -0.00164316 -0.0116215 0.021483 -0.00195177 -0.0108794 0.021483 -0.00210953 -0.0101206 0.021483 -0.00210953 -0.00937845 0.021483 -0.00195177 -0.0086853 0.021483 -0.00164316 -0.00807145 0.021483 -0.00119718 -0.00756375 0.021483 -0.000633313 -0.00718437 0.021483 2.37862e-05 -0.0069499 0.021483 0.000745403 -0.00687059 0.021483 0.0015 -0.0069499 0.021483 0.0022546 -0.00718437 0.021483 0.00297621 -0.00756375 0.021483 0.00363331 -0.00807145 0.021483 0.00419718 -0.0086853 0.021483 0.00464316 -0.00937845 0.021483 0.00495177 -0.0101206 0.021483 0.00510953 -0.0108794 0.021483 0.00510953 -0.0116215 0.021483 0.00495177 -0.0123147 0.021483 0.00464316 -0.0129285 0.021483 0.00419718 -0.0134363 0.021483 0.00363331 -0.0138156 0.021483 0.00297621 -0.0140501 0.021483 0.0022546 -0.0141294 0.021483 0.0015 -0.00686138 -0.0211294 0.00312002 -0.00727772 -0.0211294 0.00384113 -0.00783488 -0.0211294 0.00445992 -0.00850852 -0.0211294 0.00494935 -0.0092692 -0.0211294 0.00528802 -0.0100837 -0.0211294 0.00546114 -0.0109163 -0.0211294 0.00546114 -0.0117308 -0.0211294 0.00528802 -0.0124915 -0.0211294 0.00494935 -0.0131651 -0.0211294 0.00445992 -0.0137223 -0.0211294 0.00384113 -0.0141386 -0.0211294 0.00312002 -0.0143959 -0.0211294 0.0023281 -0.014483 -0.0211294 0.0015 -0.0143959 -0.0211294 0.000671895 -0.0141386 -0.0211294 -0.000120017 -0.0137223 -0.0211294 -0.000841127 -0.0131651 -0.0211294 -0.00145992 -0.0124915 -0.0211294 -0.00194935 -0.0117308 -0.0211294 -0.00228802 -0.0109163 -0.0211294 -0.00246114 -0.0100837 -0.0211294 -0.00246114 -0.0092692 -0.0211294 -0.00228802 -0.00850852 -0.0211294 -0.00194935 -0.00783488 -0.0211294 -0.00145992 -0.00727772 -0.0211294 -0.000841127 -0.00686138 -0.0211294 -0.000120017 -0.00660407 -0.0211294 0.000671895 -0.00651704 -0.0211294 0.0015 -0.00660407 -0.0211294 0.0023281 -0.00665293 -0.02125 0.000682281 -0.00690701 -0.02125 -9.97004e-05 -0.00731813 -0.02125 -0.000811767 -0.0078683 -0.02125 -0.0014228 -0.00853349 -0.02125 -0.00190609 -0.00928463 -0.02125 -0.00224052 -0.0100889 -0.02125 -0.00241147 -0.0109111 -0.02125 -0.00241147 -0.0117154 -0.02125 -0.00224052 -0.0124665 -0.02125 -0.00190609 -0.0131317 -0.02125 -0.0014228 -0.0136819 -0.02125 -0.000811767 -0.014093 -0.02125 -9.97004e-05 -0.0143471 -0.02125 0.000682281 -0.014433 -0.02125 0.0015 -0.0143471 -0.02125 0.00231772 -0.014093 -0.02125 0.0030997 -0.0136819 -0.02125 0.00381177 -0.0131317 -0.02125 0.0044228 -0.0124665 -0.02125 0.00490609 -0.0117154 -0.02125 0.00524052 -0.0109111 -0.02125 0.00541147 -0.0100889 -0.02125 0.00541147 -0.00928463 -0.02125 0.00524052 -0.00853349 -0.02125 0.00490609 -0.0078683 -0.02125 0.0044228 -0.00731813 -0.02125 0.00381177 -0.00690701 -0.02125 0.0030997 -0.00665293 -0.02125 0.00231772 -0.00656699 -0.02125 0.0015 -0.00673066 -0.0213536 0.000698801 -0.0069796 -0.0213536 -6.73814e-05 -0.00738241 -0.0213536 -0.000765062 -0.00792147 -0.0213536 -0.00136375 -0.00857322 -0.0213536 -0.00183728 -0.00930919 -0.0213536 -0.00216495 -0.0100972 -0.0213536 -0.00233244 -0.0109028 -0.0213536 -0.00233244 -0.0116908 -0.0213536 -0.00216495 -0.0124268 -0.0213536 -0.00183728 -0.0130785 -0.0213536 -0.00136375 -0.0136176 -0.0213536 -0.000765062 -0.0140204 -0.0213536 -6.73814e-05 -0.0142693 -0.0213536 0.000698801 -0.0143536 -0.0213536 0.0015 -0.0142693 -0.0213536 0.0023012 -0.0140204 -0.0213536 0.00306738 -0.0136176 -0.0213536 0.00376506 -0.0130785 -0.0213536 0.00436375 -0.0124268 -0.0213536 0.00483728 -0.0116908 -0.0213536 0.00516495 -0.0109028 -0.0213536 0.00533244 -0.0100972 -0.0213536 0.00533244 -0.00930919 -0.0213536 0.00516495 -0.00857322 -0.0213536 0.00483728 -0.00792147 -0.0213536 0.00436375 -0.00738241 -0.0213536 0.00376506 -0.0069796 -0.0213536 0.00306738 -0.00673066 -0.0213536 0.0023012 -0.00664645 -0.0213536 0.0015 -0.00683195 -0.021433 0.000720331 -0.0070742 -0.021433 -2.52624e-05 -0.00746619 -0.021433 -0.000704195 -0.00799076 -0.021433 -0.00128679 -0.008625 -0.021433 -0.0017476 -0.00934119 -0.021433 -0.00206646 -0.010108 -0.021433 -0.00222946 -0.010892 -0.021433 -0.00222946 -0.0116588 -0.021433 -0.00206646 -0.012375 -0.021433 -0.0017476 -0.0130092 -0.021433 -0.00128679 -0.0135338 -0.021433 -0.000704195 -0.0139258 -0.021433 -2.52624e-05 -0.0141681 -0.021433 0.000720331 -0.01425 -0.021433 0.0015 -0.0141681 -0.021433 0.00227967 -0.0139258 -0.021433 0.00302526 -0.0135338 -0.021433 0.00370419 -0.0130092 -0.021433 0.00428679 -0.012375 -0.021433 0.0047476 -0.0116588 -0.021433 0.00506646 -0.010892 -0.021433 0.00522946 -0.010108 -0.021433 0.00522946 -0.00934119 -0.021433 0.00506646 -0.008625 -0.021433 0.0047476 -0.00799076 -0.021433 0.00428679 -0.00746619 -0.021433 0.00370419 -0.0070742 -0.021433 0.00302526 -0.00683195 -0.021433 0.00227967 -0.00675 -0.021433 0.0015 -0.0069499 -0.021483 0.000745403 -0.00718437 -0.021483 2.37862e-05 -0.00756375 -0.021483 -0.000633313 -0.00807145 -0.021483 -0.00119718 -0.0086853 -0.021483 -0.00164316 -0.00937845 -0.021483 -0.00195177 -0.0101206 -0.021483 -0.00210953 -0.0108794 -0.021483 -0.00210953 -0.0116215 -0.021483 -0.00195177 -0.0123147 -0.021483 -0.00164316 -0.0129285 -0.021483 -0.00119718 -0.0134363 -0.021483 -0.000633313 -0.0138156 -0.021483 2.37862e-05 -0.0140501 -0.021483 0.000745403 -0.0141294 -0.021483 0.0015 -0.0140501 -0.021483 0.0022546 -0.0138156 -0.021483 0.00297621 -0.0134363 -0.021483 0.00363331 -0.0129285 -0.021483 0.00419718 -0.0123147 -0.021483 0.00464316 -0.0116215 -0.021483 0.00495177 -0.0108794 -0.021483 0.00510953 -0.0101206 -0.021483 0.00510953 -0.00937845 -0.021483 0.00495177 -0.0086853 -0.021483 0.00464316 -0.00807145 -0.021483 0.00419718 -0.00756375 -0.021483 0.00363331 -0.00718437 -0.021483 0.00297621 -0.0069499 -0.021483 0.0022546 -0.00687059 -0.021483 0.0015 0.00686138 -0.0211294 -0.000120017 0.00727772 -0.0211294 -0.000841127 0.0100837 -0.0211294 -0.00246114 0.0109163 -0.0211294 -0.00246114 0.0137223 -0.0211294 -0.000841127 0.0141386 -0.0211294 -0.000120017 0.0141386 -0.0211294 0.00312002 0.0137223 -0.0211294 0.00384113 0.0109163 -0.0211294 0.00546114 0.0100837 -0.0211294 0.00546114 0.00727772 -0.0211294 0.00384113 0.00686138 -0.0211294 0.00312002 0.0069499 -0.021483 0.0022546 0.00718437 -0.021483 0.00297621 0.00683195 -0.021433 0.00227967 0.0070742 -0.021433 0.00302526 0.00673066 -0.0213536 0.0023012 0.0069796 -0.0213536 0.00306738 0.00665293 -0.02125 0.00231772 0.00690701 -0.02125 0.0030997 0.00660407 -0.0211294 0.0023281 0.00937845 -0.021483 0.00495177 0.0101206 -0.021483 0.00510953 0.00934119 -0.021433 0.00506646 0.010108 -0.021433 0.00522946 0.00930919 -0.0213536 0.00516495 0.0100972 -0.0213536 0.00533244 0.00928463 -0.02125 0.00524052 0.0100889 -0.02125 0.00541147 0.0092692 -0.0211294 0.00528802 0.0129285 -0.021483 0.00419718 0.0134363 -0.021483 0.00363331 0.0130092 -0.021433 0.00428679 0.0135338 -0.021433 0.00370419 0.0130785 -0.0213536 0.00436375 0.0136176 -0.0213536 0.00376506 0.0131317 -0.02125 0.0044228 0.0136819 -0.02125 0.00381177 0.0131651 -0.0211294 0.00445992 0.0140501 -0.021483 0.000745403 0.0138156 -0.021483 2.37862e-05 0.0141681 -0.021433 0.000720331 0.0139258 -0.021433 -2.52624e-05 0.0142693 -0.0213536 0.000698801 0.0140204 -0.0213536 -6.73814e-05 0.0143471 -0.02125 0.000682281 0.014093 -0.02125 -9.97004e-05 0.0143959 -0.0211294 0.000671895 0.0116215 -0.021483 -0.00195177 0.0108794 -0.021483 -0.00210953 0.0116588 -0.021433 -0.00206646 0.010892 -0.021433 -0.00222946 0.0116908 -0.0213536 -0.00216495 0.0109028 -0.0213536 -0.00233244 0.0117154 -0.02125 -0.00224052 0.0109111 -0.02125 -0.00241147 0.0117308 -0.0211294 -0.00228802 0.00807145 -0.021483 -0.00119718 0.00756375 -0.021483 -0.000633313 0.00799076 -0.021433 -0.00128679 0.00746619 -0.021433 -0.000704195 0.00792147 -0.0213536 -0.00136375 0.00738241 -0.0213536 -0.000765062 0.0078683 -0.02125 -0.0014228 0.00731813 -0.02125 -0.000811767 0.00783488 -0.0211294 -0.00145992 0.00687059 -0.021483 0.0015 0.00675 -0.021433 0.0015 0.00664645 -0.0213536 0.0015 0.00656699 -0.02125 0.0015 0.00651704 -0.0211294 0.0015 0.00756375 -0.021483 0.00363331 0.00746619 -0.021433 0.00370419 0.00738241 -0.0213536 0.00376506 0.00731813 -0.02125 0.00381177 0.00783488 -0.0211294 0.00445992 0.0078683 -0.02125 0.0044228 0.00792147 -0.0213536 0.00436375 0.00799076 -0.021433 0.00428679 0.00807145 -0.021483 0.00419718 0.0086853 -0.021483 0.00464316 0.008625 -0.021433 0.0047476 0.00857322 -0.0213536 0.00483728 0.00853349 -0.02125 0.00490609 0.00850852 -0.0211294 0.00494935 0.0108794 -0.021483 0.00510953 0.010892 -0.021433 0.00522946 0.0109028 -0.0213536 0.00533244 0.0109111 -0.02125 0.00541147 0.0117308 -0.0211294 0.00528802 0.0117154 -0.02125 0.00524052 0.0116908 -0.0213536 0.00516495 0.0116588 -0.021433 0.00506646 0.0116215 -0.021483 0.00495177 0.0123147 -0.021483 0.00464316 0.012375 -0.021433 0.0047476 0.0124268 -0.0213536 0.00483728 0.0124665 -0.02125 0.00490609 0.0124915 -0.0211294 0.00494935 0.0138156 -0.021483 0.00297621 0.0139258 -0.021433 0.00302526 0.0140204 -0.0213536 0.00306738 0.014093 -0.02125 0.0030997 0.0143959 -0.0211294 0.0023281 0.0143471 -0.02125 0.00231772 0.0142693 -0.0213536 0.0023012 0.0141681 -0.021433 0.00227967 0.0140501 -0.021483 0.0022546 0.0141294 -0.021483 0.0015 0.01425 -0.021433 0.0015 0.0143536 -0.0213536 0.0015 0.014433 -0.02125 0.0015 0.014483 -0.0211294 0.0015 0.0134363 -0.021483 -0.000633313 0.0135338 -0.021433 -0.000704195 0.0136176 -0.0213536 -0.000765062 0.0136819 -0.02125 -0.000811767 0.0131651 -0.0211294 -0.00145992 0.0131317 -0.02125 -0.0014228 0.0130785 -0.0213536 -0.00136375 0.0130092 -0.021433 -0.00128679 0.0129285 -0.021483 -0.00119718 0.0123147 -0.021483 -0.00164316 0.012375 -0.021433 -0.0017476 0.0124268 -0.0213536 -0.00183728 0.0124665 -0.02125 -0.00190609 0.0124915 -0.0211294 -0.00194935 0.0101206 -0.021483 -0.00210953 0.010108 -0.021433 -0.00222946 0.0100972 -0.0213536 -0.00233244 0.0100889 -0.02125 -0.00241147 0.0092692 -0.0211294 -0.00228802 0.00928463 -0.02125 -0.00224052 0.00930919 -0.0213536 -0.00216495 0.00934119 -0.021433 -0.00206646 0.00937845 -0.021483 -0.00195177 0.0086853 -0.021483 -0.00164316 0.008625 -0.021433 -0.0017476 0.00857322 -0.0213536 -0.00183728 0.00853349 -0.02125 -0.00190609 0.00850852 -0.0211294 -0.00194935 0.00718437 -0.021483 2.37862e-05 0.0070742 -0.021433 -2.52624e-05 0.0069796 -0.0213536 -6.73814e-05 0.00690701 -0.02125 -9.97004e-05 0.00660407 -0.0211294 0.000671895 0.00665293 -0.02125 0.000682281 0.00673066 -0.0213536 0.000698801 0.00683195 -0.021433 0.000720331 0.0069499 -0.021483 0.000745403 -0.042 0.0066 -0.0041 -0.042 0.00570887 -0.0041 -0.042 0.005875 -0.0040155 -0.042 0.00623744 -0.0037374 -0.042 0.00651554 -0.003375 -0.042 0.0066 -0.0032089 -0.042 -0.009525 0.0089 -0.042 -0.009525 0.0101 -0.042 -0.0066 0.0089 -0.042 0.009525 0.0101 -0.042 0.009525 0.0089 -0.042 0.0066 0.0089 -0.042 0.004125 -0.0040155 -0.042 0.00429113 -0.0041 -0.042 -0.00429113 -0.0041 -0.042 0.00623744 -0.00126256 -0.042 0.00651554 -0.001625 -0.042 0.0066 -0.00179113 -0.042 0.005875 -0.00098446 -0.042 0.00545293 -0.00080963 -0.042 0.005 -0.00075 -0.042 -0.00454707 -0.00080963 -0.042 -0.005 -0.00075 -0.042 -0.00545293 -0.00080963 -0.042 -0.005875 -0.00098446 -0.042 -0.00623744 -0.00126256 -0.042 -0.00651554 -0.001625 -0.042 -0.0066 -0.00179113 -0.042 -0.004125 -0.00098446 -0.042 -0.004125 -0.0040155 -0.042 0.00348446 -0.003375 -0.042 0.00376256 -0.0037374 -0.042 0.00454707 -0.00080963 -0.042 0.004125 -0.00098446 -0.042 0.00376256 -0.00126256 -0.042 -0.00376256 -0.00126256 -0.042 -0.00348446 -0.001625 -0.042 0.00348446 -0.001625 -0.042 0.00330963 -0.0020471 -0.042 -0.00330963 -0.0020471 -0.042 -0.00376256 -0.0037374 -0.042 -0.00348446 -0.003375 -0.042 -0.00330963 -0.0029529 -0.042 -0.00325 -0.0025 -0.042 0.00325 -0.0025 -0.042 0.00330963 -0.0029529 -0.042 -0.0066 -0.0041 -0.042 -0.0066 -0.0032089 -0.042 -0.00651554 -0.003375 -0.042 -0.00623744 -0.0037374 -0.042 -0.005875 -0.0040155 -0.042 -0.00570887 -0.0041 0.0411 -0.010425 0.0085 0.0411 -0.010425 0.0105 -0.0411 -0.010425 0.0085 -0.0411 -0.010425 0.0105 -0.0411 0.010425 0.0085 -0.0411 0.010425 0.0105 0.0411 0.010425 0.0085 0.0411 0.010425 0.0105 0.042 -0.0066 -0.0041 0.042 -0.00570887 -0.0041 0.042 -0.005875 -0.0040155 0.042 -0.00623744 -0.0037374 0.042 -0.00651554 -0.003375 0.042 -0.0066 -0.0032089 0.042 0.009525 0.0085 0.042 0.009525 0.0101 0.042 0.0066 0.0085 0.042 -0.009525 0.0101 0.042 -0.0066 0.0089 0.042 -0.009525 0.0089 0.042 0.0066 -0.00179113 0.042 0.00651554 -0.001625 0.042 0.00623744 -0.00126256 0.042 -0.0066 -0.00179113 0.042 -0.00651554 -0.001625 0.042 -0.00623744 -0.00126256 0.042 -0.005875 -0.00098446 0.042 -0.00545293 -0.00080963 0.042 -0.004125 -0.00098446 0.042 -0.00454707 -0.00080963 0.042 -0.005 -0.00075 0.042 0.005 -0.00075 0.042 0.00454707 -0.00080963 0.042 0.004125 -0.00098446 0.042 0.00545293 -0.00080963 0.042 0.005875 -0.00098446 0.042 -0.00429113 -0.0041 0.042 0.00429113 -0.0041 0.042 0.004125 -0.0040155 0.042 -0.00348446 -0.001625 0.042 -0.00330963 -0.0020471 0.042 0.00348446 -0.001625 0.042 0.00348446 -0.003375 0.042 -0.00348446 -0.003375 0.042 -0.00376256 -0.0037374 0.042 0.00376256 -0.00126256 0.042 -0.00376256 -0.00126256 0.042 -0.00330963 -0.0029529 0.042 0.00330963 -0.0029529 0.042 -0.00325 -0.0025 0.042 0.00325 -0.0025 0.042 0.00330963 -0.0020471 0.042 0.00376256 -0.0037374 0.042 -0.004125 -0.0040155 0.042 0.0066 -0.0041 0.042 0.0066 -0.0032089 0.042 0.00651554 -0.003375 0.042 0.00623744 -0.0037374 0.042 0.005875 -0.0040155 0.042 0.00570887 -0.0041 0.035 0.0075 0.008 -0.0411 0.009925 0.008 0.0411 0.009925 0.008 0.0415 0.009525 0.008 0.0415 0.00740623 0.008 0.0413329 0.00746933 0.008 0.0411 -0.0075 0.008 0.0411 -0.009925 0.008 0.035 -0.0075 0.008 -0.0411 -0.009925 0.008 0.00815591 0.00201025 0.008 0.00785414 0.00297868 0.008 0.0188409 0.000310583 0.008 0.0413 0.00987141 0.008 0.0413828 0.00980784 0.008 0.0414464 0.009725 0.008 -0.0206 0.00103923 0.008 -0.0208485 0.000848528 0.008 -0.035 0.0075 0.008 0.0411 0.0075 0.008 0.0414864 0.00962853 0.008 0.0412035 0.00991137 0.008 -0.0194 0.00103923 0.008 -0.00297868 0.00785414 0.008 -0.0191515 0.000848528 0.008 -0.00390367 0.00743783 0.008 -0.0189608 0.0006 0.008 -0.0210392 0.0006 0.008 -0.0211591 0.000310583 0.008 -0.035 -0.0075 0.008 -0.0212 4.40873e-19 0.008 -0.0211591 -0.000310583 0.008 0.0206 -0.00103923 0.008 0.0208485 -0.000848528 0.008 0.0210392 -0.0006 0.008 -0.00477174 0.00691306 0.008 -0.00557023 0.00628749 0.008 -0.00628749 0.00557023 0.008 -4.2447e-18 0.0084 0.008 -0.00101251 0.00833875 0.008 -0.00201025 0.00815591 0.008 0.0211591 -0.000310583 0.008 0.0212 0 0.008 0.0211591 0.000310583 0.008 0.0189608 0.0006 0.008 0.00390367 0.00743783 0.008 0.0191515 0.000848528 0.008 0.00297868 0.00785414 0.008 0.0194 0.00103923 0.008 -0.0210392 -0.0006 0.008 -0.0208485 -0.000848528 0.008 -0.0206 -0.00103923 0.008 -0.00785414 0.00297868 0.008 -0.0188409 0.000310583 0.008 -0.00743783 0.00390367 0.008 -0.00691306 0.00477174 0.008 -0.0196894 0.00115911 0.008 -0.02 0.0012 0.008 -0.0203106 0.00115911 0.008 0.0188409 -0.000310583 0.008 0.0189608 -0.0006 0.008 0.00390367 -0.00743783 0.008 0.0191515 -0.000848528 0.008 0.00297868 -0.00785414 0.008 0.0194 -0.00103923 0.008 0.0210392 0.0006 0.008 0.0208485 0.000848528 0.008 0.0206 0.00103923 0.008 0.00201025 0.00815591 0.008 0.00201025 -0.00815591 0.008 0.00691306 0.00477174 0.008 0.00628749 0.00557023 0.008 -0.00297868 -0.00785414 0.008 -0.00201025 -0.00815591 0.008 -0.00101251 -0.00833875 0.008 9.00375e-18 -0.0084 0.008 -0.00743783 -0.00390367 0.008 -0.0189608 -0.0006 0.008 -0.00785414 -0.00297868 0.008 -0.0188409 -0.000310583 0.008 -0.00815591 -0.00201025 0.008 -0.00691306 -0.00477174 0.008 -0.00628749 -0.00557023 0.008 -0.00557023 -0.00628749 0.008 -0.00477174 -0.00691306 0.008 -0.00390367 -0.00743783 0.008 -0.0191515 -0.000848528 0.008 -0.0194 -0.00103923 0.008 -0.00815591 0.00201025 0.008 -0.00833875 0.00101251 0.008 -0.0188 0 0.008 -0.0084 0 0.008 -0.00833875 -0.00101251 0.008 -0.0411 -0.0075 0.008 0.00101251 -0.00833875 0.008 0.0196894 -0.00115911 0.008 0.02 -0.0012 0.008 0.0203106 -0.00115911 0.008 0.0203106 0.00115911 0.008 0.02 0.0012 0.008 0.0196894 0.00115911 0.008 0.00743783 0.00390367 0.008 0.0188 4.40873e-19 0.008 0.00477174 -0.00691306 0.008 0.00557023 -0.00628749 0.008 0.00815591 -0.00201025 0.008 0.00785414 -0.00297868 0.008 0.00743783 -0.00390367 0.008 -0.0203106 -0.00115911 0.008 -0.02 -0.0012 0.008 -0.0196894 -0.00115911 0.008 0.00101251 0.00833875 0.008 -0.0411 0.0075 0.008 0.00557023 0.00628749 0.008 0.00477174 0.00691306 0.008 0.00628749 -0.00557023 0.008 0.00691306 -0.00477174 0.008 0.00833875 -0.00101251 0.008 0.0084 1.59501e-17 0.008 0.00833875 0.00101251 0.008 0.0411 -0.009925 0.011 0.0411 0.009925 0.011 0.022 0 0.011 -0.00390367 -0.00743783 0.011 -0.018 0 0.011 -0.0180681 -0.000517638 0.011 -0.00477174 -0.00691306 0.011 -0.00557023 -0.00628749 0.011 -0.00628749 -0.00557023 0.011 -0.00691306 -0.00477174 0.011 -0.00743783 -0.00390367 0.011 -0.00785414 -0.00297868 0.011 0.0219319 -0.000517638 0.011 0.0217321 -0.001 0.011 0.0214142 -0.00141421 0.011 0.0084 1.59501e-17 0.011 0.0185858 -0.00141421 0.011 0.018268 -0.001 0.011 -0.021 -0.00173205 0.011 -0.0214142 -0.00141421 0.011 -0.0411 -0.009925 0.011 -0.0219319 0.000517638 0.011 -0.0217321 0.001 0.011 -0.0411 0.009925 0.011 -0.0214142 0.00141421 0.011 -0.021 0.00173205 0.011 -0.019 -0.00173205 0.011 -0.00297868 -0.00785414 0.011 -0.0185858 -0.00141421 0.011 -0.018268 -0.001 0.011 0.021 -0.00173205 0.011 0.0205176 -0.00193185 0.011 0.02 -0.002 0.011 -0.0217321 -0.001 0.011 -0.0219319 -0.000517638 0.011 -0.022 1.13311e-18 0.011 0.0180681 -0.000517638 0.011 0.018 1.13311e-18 0.011 0.00833875 0.00101251 0.011 0.0180681 0.000517638 0.011 0.00390367 0.00743783 0.011 0.00477174 0.00691306 0.011 0.00557023 0.00628749 0.011 0.018268 0.001 0.011 0.0185858 0.00141421 0.011 0.00297868 0.00785414 0.011 0.019 0.00173205 0.011 0.00628749 0.00557023 0.011 0.00691306 0.00477174 0.011 0.00743783 0.00390367 0.011 0.00785414 0.00297868 0.011 0.00815591 0.00201025 0.011 0.021 0.00173205 0.011 0.0214142 0.00141421 0.011 0.0217321 0.001 0.011 0.0219319 0.000517638 0.011 -0.019 0.00173205 0.011 -0.0185858 0.00141421 0.011 -0.00297868 0.00785414 0.011 -0.018268 0.001 0.011 -0.00390367 0.00743783 0.011 -0.00477174 0.00691306 0.011 0.00785414 -0.00297868 0.011 0.00743783 -0.00390367 0.011 0.00691306 -0.00477174 0.011 -0.00815591 -0.00201025 0.011 -0.00833875 -0.00101251 0.011 -0.0180681 0.000517638 0.011 -0.0084 -2.05741e-18 0.011 -0.00833875 0.00101251 0.011 -0.00815591 0.00201025 0.011 0.00815591 -0.00201025 0.011 0.00833875 -0.00101251 0.011 0.0194824 -0.00193185 0.011 0.019 -0.00173205 0.011 0.00628749 -0.00557023 0.011 0.00557023 -0.00628749 0.011 0.00477174 -0.00691306 0.011 0.00390367 -0.00743783 0.011 0.00297868 -0.00785414 0.011 0.00201025 -0.00815591 0.011 -0.00201025 0.00815591 0.011 -0.00785414 0.00297868 0.011 -0.00743783 0.00390367 0.011 -0.00691306 0.00477174 0.011 -0.00628749 0.00557023 0.011 -0.00557023 0.00628749 0.011 0.00101251 -0.00833875 0.011 9.00375e-18 -0.0084 0.011 -0.00101251 0.00833875 0.011 -4.2447e-18 0.0084 0.011 -0.00101251 -0.00833875 0.011 -0.00201025 -0.00815591 0.011 -0.0205176 0.00193185 0.011 -0.02 0.002 0.011 -0.0194824 0.00193185 0.011 0.00101251 0.00833875 0.011 0.00201025 0.00815591 0.011 -0.0194824 -0.00193185 0.011 -0.02 -0.002 0.011 -0.0205176 -0.00193185 0.011 0.0194824 0.00193185 0.011 0.02 0.002 0.011 0.0205176 0.00193185 0.011 -0.038 -0.005 -0.0014 -0.0405 -0.005 -0.0014 -0.038 -0.0047153 -0.00143748 -0.0405 -0.0047153 -0.00143748 -0.038 -0.00445 -0.00154737 -0.0405 -0.00445 -0.00154737 -0.038 -0.00422218 -0.00172218 -0.0405 -0.00422218 -0.00172218 -0.038 -0.00404737 -0.00195 -0.0405 -0.00404737 -0.00195 -0.038 -0.00393748 -0.0022153 -0.0405 -0.00393748 -0.0022153 -0.038 -0.0039 -0.0025 -0.0405 -0.0039 -0.0025 -0.038 -0.00393748 -0.0027847 -0.0405 -0.00393748 -0.0027847 -0.038 -0.00404737 -0.00305 -0.0405 -0.00404737 -0.00305 -0.038 -0.00422218 -0.0032778 -0.0405 -0.00422218 -0.0032778 -0.038 -0.00445 -0.0034526 -0.0405 -0.00445 -0.0034526 -0.038 -0.0047153 -0.0035625 -0.0405 -0.0047153 -0.0035625 -0.038 -0.005 -0.0036 -0.0405 -0.005 -0.0036 -0.038 -0.0052847 -0.0035625 -0.0405 -0.0052847 -0.0035625 -0.038 -0.00555 -0.0034526 -0.0405 -0.00555 -0.0034526 -0.038 -0.00577782 -0.0032778 -0.0405 -0.00577782 -0.0032778 -0.038 -0.00595263 -0.00305 -0.0405 -0.00595263 -0.00305 -0.038 -0.00606252 -0.0027847 -0.0405 -0.00606252 -0.0027847 -0.038 -0.0061 -0.0025 -0.0405 -0.0061 -0.0025 -0.038 -0.00606252 -0.0022153 -0.0405 -0.00606252 -0.0022153 -0.038 -0.00595263 -0.00195 -0.0405 -0.00595263 -0.00195 -0.038 -0.00577782 -0.00172218 -0.0405 -0.00577782 -0.00172218 -0.038 -0.00555 -0.00154737 -0.0405 -0.00555 -0.00154737 -0.038 -0.0052847 -0.00143748 -0.0405 -0.0052847 -0.00143748 -0.0419898 -0.00522778 -0.0042351 -0.0405 -0.00545293 -0.0041904 -0.0419874 -0.005 -0.00425 -0.0405 -0.005 -0.00425 -0.0419898 -0.00477077 -0.0042349 -0.0405 -0.00454707 -0.0041904 -0.0405 -0.004125 -0.0040155 -0.042 -0.00429113 -0.0041 -0.0419954 -0.00454707 -0.0041904 -0.0419898 -0.00673511 -0.0022722 -0.0405 -0.00669037 -0.0020471 -0.0419874 -0.00675 -0.0025 -0.0405 -0.00675 -0.0025 -0.0419898 -0.00673492 -0.0027292 -0.0405 -0.00669037 -0.0029529 -0.0405 -0.00651554 -0.003375 -0.042 -0.0066 -0.0032089 -0.0419954 -0.00669037 -0.0029529 -0.0419954 -0.00545293 -0.0041904 -0.042 -0.00570887 -0.0041 -0.0405 -0.005875 -0.0040155 -0.042 -0.005875 -0.0040155 -0.0405 -0.00623744 -0.0037374 -0.042 -0.00623744 -0.0037374 -0.042 -0.00651554 -0.003375 -0.0419954 -0.00669037 -0.0020471 -0.042 -0.0066 -0.00179113 -0.0405 -0.00651554 -0.001625 -0.042 -0.00651554 -0.001625 -0.0405 -0.00623744 -0.00126256 -0.042 -0.00623744 -0.00126256 -0.0405 -0.005875 -0.00098446 -0.042 -0.005875 -0.00098446 -0.0405 -0.00545293 -0.00080963 -0.042 -0.00545293 -0.00080963 -0.0405 -0.005 -0.00075 -0.042 -0.005 -0.00075 -0.0405 -0.00454707 -0.00080963 -0.042 -0.00454707 -0.00080963 -0.0405 -0.004125 -0.00098446 -0.042 -0.004125 -0.00098446 -0.0405 -0.00376256 -0.00126256 -0.042 -0.00376256 -0.00126256 -0.0405 -0.00348446 -0.001625 -0.042 -0.00348446 -0.001625 -0.0405 -0.00330963 -0.0020471 -0.042 -0.00330963 -0.0020471 -0.0405 -0.00325 -0.0025 -0.042 -0.00325 -0.0025 -0.0405 -0.00330963 -0.0029529 -0.042 -0.00330963 -0.0029529 -0.0405 -0.00348446 -0.003375 -0.042 -0.00348446 -0.003375 -0.0405 -0.00376256 -0.0037374 -0.042 -0.00376256 -0.0037374 -0.042 -0.004125 -0.0040155 -0.038 0.005 -0.0014 -0.0405 0.005 -0.0014 -0.038 0.0052847 -0.00143748 -0.0405 0.0052847 -0.00143748 -0.038 0.00555 -0.00154737 -0.0405 0.00555 -0.00154737 -0.038 0.00577782 -0.00172218 -0.0405 0.00577782 -0.00172218 -0.038 0.00595263 -0.00195 -0.0405 0.00595263 -0.00195 -0.038 0.00606252 -0.0022153 -0.0405 0.00606252 -0.0022153 -0.038 0.0061 -0.0025 -0.0405 0.0061 -0.0025 -0.038 0.00606252 -0.0027847 -0.0405 0.00606252 -0.0027847 -0.038 0.00595263 -0.00305 -0.0405 0.00595263 -0.00305 -0.038 0.00577782 -0.0032778 -0.0405 0.00577782 -0.0032778 -0.038 0.00555 -0.0034526 -0.0405 0.00555 -0.0034526 -0.038 0.0052847 -0.0035625 -0.0405 0.0052847 -0.0035625 -0.038 0.005 -0.0036 -0.0405 0.005 -0.0036 -0.038 0.0047153 -0.0035625 -0.0405 0.0047153 -0.0035625 -0.038 0.00445 -0.0034526 -0.0405 0.00445 -0.0034526 -0.038 0.00422218 -0.0032778 -0.0405 0.00422218 -0.0032778 -0.038 0.00404737 -0.00305 -0.0405 0.00404737 -0.00305 -0.038 0.00393748 -0.0027847 -0.0405 0.00393748 -0.0027847 -0.038 0.0039 -0.0025 -0.0405 0.0039 -0.0025 -0.038 0.00393748 -0.0022153 -0.0405 0.00393748 -0.0022153 -0.038 0.00404737 -0.00195 -0.0405 0.00404737 -0.00195 -0.038 0.00422218 -0.00172218 -0.0405 0.00422218 -0.00172218 -0.038 0.00445 -0.00154737 -0.0405 0.00445 -0.00154737 -0.038 0.0047153 -0.00143748 -0.0405 0.0047153 -0.00143748 -0.0405 0.00445 -0.00154737 -0.0405 0.004125 -0.00098446 -0.0405 0.0047153 -0.00143748 -0.0405 0.00454707 -0.00080963 -0.0405 0.005 -0.0014 -0.0405 0.005 -0.00075 -0.0405 0.0052847 -0.00143748 -0.0405 0.00545293 -0.00080963 -0.0405 0.00555 -0.00154737 -0.0405 0.005875 -0.00098446 -0.0405 0.00577782 -0.00172218 -0.0405 0.00623744 -0.00126256 -0.0405 0.00595263 -0.00195 -0.0405 0.00651554 -0.001625 -0.0405 0.00606252 -0.0022153 -0.0405 0.00669037 -0.0020471 -0.0405 0.0061 -0.0025 -0.0405 0.00675 -0.0025 -0.0405 0.00606252 -0.0027847 -0.0405 0.00669037 -0.0029529 -0.0405 0.00595263 -0.00305 -0.0405 0.00651554 -0.003375 -0.0405 0.00577782 -0.0032778 -0.0405 0.00623744 -0.0037374 -0.0405 0.00555 -0.0034526 -0.0405 0.005875 -0.0040155 -0.0405 0.0052847 -0.0035625 -0.0405 0.00545293 -0.0041904 -0.0405 0.005 -0.0036 -0.0405 0.005 -0.00425 -0.0405 0.0047153 -0.0035625 -0.0405 0.00454707 -0.0041904 -0.0405 0.00445 -0.0034526 -0.0405 0.004125 -0.0040155 -0.0405 0.00422218 -0.0032778 -0.0405 0.00376256 -0.0037374 -0.0405 0.00404737 -0.00305 -0.0405 0.00348446 -0.003375 -0.0405 0.00393748 -0.0027847 -0.0405 0.00330963 -0.0029529 -0.0405 0.0039 -0.0025 -0.0405 0.00325 -0.0025 -0.0405 0.00393748 -0.0022153 -0.0405 0.00330963 -0.0020471 -0.0405 0.00404737 -0.00195 -0.0405 0.00348446 -0.001625 -0.0405 0.00422218 -0.00172218 -0.0405 0.00376256 -0.00126256 -0.0419898 0.00477222 -0.0042351 -0.0405 0.00454707 -0.0041904 -0.0419874 0.005 -0.00425 -0.0405 0.005 -0.00425 -0.0419898 0.00522923 -0.0042349 -0.0405 0.00545293 -0.0041904 -0.0405 0.005875 -0.0040155 -0.042 0.00570887 -0.0041 -0.0419954 0.00545293 -0.0041904 -0.0419898 0.00673511 -0.0027278 -0.0405 0.00669037 -0.0029529 -0.0419874 0.00675 -0.0025 -0.0405 0.00675 -0.0025 -0.0419898 0.00673492 -0.0022708 -0.0405 0.00669037 -0.0020471 -0.0405 0.00651554 -0.001625 -0.042 0.0066 -0.00179113 -0.0419954 0.00669037 -0.0020471 -0.0419954 0.00669037 -0.0029529 -0.042 0.0066 -0.0032089 -0.0405 0.00651554 -0.003375 -0.042 0.00651554 -0.003375 -0.0405 0.00623744 -0.0037374 -0.042 0.00623744 -0.0037374 -0.042 0.005875 -0.0040155 -0.0419954 0.00454707 -0.0041904 -0.042 0.00429113 -0.0041 -0.0405 0.004125 -0.0040155 -0.042 0.004125 -0.0040155 -0.0405 0.00376256 -0.0037374 -0.042 0.00376256 -0.0037374 -0.0405 0.00348446 -0.003375 -0.042 0.00348446 -0.003375 -0.0405 0.00330963 -0.0029529 -0.042 0.00330963 -0.0029529 -0.0405 0.00325 -0.0025 -0.042 0.00325 -0.0025 -0.0405 0.00330963 -0.0020471 -0.042 0.00330963 -0.0020471 -0.0405 0.00348446 -0.001625 -0.042 0.00348446 -0.001625 -0.0405 0.00376256 -0.00126256 -0.042 0.00376256 -0.00126256 -0.0405 0.004125 -0.00098446 -0.042 0.004125 -0.00098446 -0.0405 0.00454707 -0.00080963 -0.042 0.00454707 -0.00080963 -0.0405 0.005 -0.00075 -0.042 0.005 -0.00075 -0.0405 0.00545293 -0.00080963 -0.042 0.00545293 -0.00080963 -0.0405 0.005875 -0.00098446 -0.042 0.005875 -0.00098446 -0.0405 0.00623744 -0.00126256 -0.042 0.00623744 -0.00126256 -0.042 0.00651554 -0.001625 -0.0405 -0.00555 -0.00154737 -0.0405 -0.005875 -0.00098446 -0.0405 -0.0052847 -0.00143748 -0.0405 -0.00545293 -0.00080963 -0.0405 -0.005 -0.0014 -0.0405 -0.005 -0.00075 -0.0405 -0.0047153 -0.00143748 -0.0405 -0.00454707 -0.00080963 -0.0405 -0.00445 -0.00154737 -0.0405 -0.004125 -0.00098446 -0.0405 -0.00422218 -0.00172218 -0.0405 -0.00376256 -0.00126256 -0.0405 -0.00404737 -0.00195 -0.0405 -0.00348446 -0.001625 -0.0405 -0.00393748 -0.0022153 -0.0405 -0.00330963 -0.0020471 -0.0405 -0.0039 -0.0025 -0.0405 -0.00325 -0.0025 -0.0405 -0.00393748 -0.0027847 -0.0405 -0.00330963 -0.0029529 -0.0405 -0.00404737 -0.00305 -0.0405 -0.00348446 -0.003375 -0.0405 -0.00422218 -0.0032778 -0.0405 -0.00376256 -0.0037374 -0.0405 -0.00445 -0.0034526 -0.0405 -0.004125 -0.0040155 -0.0405 -0.0047153 -0.0035625 -0.0405 -0.00454707 -0.0041904 -0.0405 -0.005 -0.0036 -0.0405 -0.005 -0.00425 -0.0405 -0.0052847 -0.0035625 -0.0405 -0.00545293 -0.0041904 -0.0405 -0.00555 -0.0034526 -0.0405 -0.005875 -0.0040155 -0.0405 -0.00577782 -0.0032778 -0.0405 -0.00623744 -0.0037374 -0.0405 -0.00595263 -0.00305 -0.0405 -0.00651554 -0.003375 -0.0405 -0.00606252 -0.0027847 -0.0405 -0.00669037 -0.0029529 -0.0405 -0.0061 -0.0025 -0.0405 -0.00675 -0.0025 -0.0405 -0.00606252 -0.0022153 -0.0405 -0.00669037 -0.0020471 -0.0405 -0.00595263 -0.00195 -0.0405 -0.00651554 -0.001625 -0.0405 -0.00577782 -0.00172218 -0.0405 -0.00623744 -0.00126256 0.038 -0.005 -0.0036 0.0405 -0.005 -0.0036 0.038 -0.0047153 -0.0035625 0.0405 -0.0047153 -0.0035625 0.038 -0.00445 -0.0034526 0.0405 -0.00445 -0.0034526 0.038 -0.00422218 -0.0032778 0.0405 -0.00422218 -0.0032778 0.038 -0.00404737 -0.00305 0.0405 -0.00404737 -0.00305 0.038 -0.00393748 -0.0027847 0.0405 -0.00393748 -0.0027847 0.038 -0.0039 -0.0025 0.0405 -0.0039 -0.0025 0.038 -0.00393748 -0.0022153 0.0405 -0.00393748 -0.0022153 0.038 -0.00404737 -0.00195 0.0405 -0.00404737 -0.00195 0.038 -0.00422218 -0.00172218 0.0405 -0.00422218 -0.00172218 0.038 -0.00445 -0.00154737 0.0405 -0.00445 -0.00154737 0.038 -0.0047153 -0.00143748 0.0405 -0.0047153 -0.00143748 0.038 -0.005 -0.0014 0.0405 -0.005 -0.0014 0.038 -0.0052847 -0.00143748 0.0405 -0.0052847 -0.00143748 0.038 -0.00555 -0.00154737 0.0405 -0.00555 -0.00154737 0.038 -0.00577782 -0.00172218 0.0405 -0.00577782 -0.00172218 0.038 -0.00595263 -0.00195 0.0405 -0.00595263 -0.00195 0.038 -0.00606252 -0.0022153 0.0405 -0.00606252 -0.0022153 0.038 -0.0061 -0.0025 0.0405 -0.0061 -0.0025 0.038 -0.00606252 -0.0027847 0.0405 -0.00606252 -0.0027847 0.038 -0.00595263 -0.00305 0.0405 -0.00595263 -0.00305 0.038 -0.00577782 -0.0032778 0.0405 -0.00577782 -0.0032778 0.038 -0.00555 -0.0034526 0.0405 -0.00555 -0.0034526 0.038 -0.0052847 -0.0035625 0.0405 -0.0052847 -0.0035625 0.038 0.005 -0.0036 0.0405 0.005 -0.0036 0.038 0.0052847 -0.0035625 0.0405 0.0052847 -0.0035625 0.038 0.00555 -0.0034526 0.0405 0.00555 -0.0034526 0.038 0.00577782 -0.0032778 0.0405 0.00577782 -0.0032778 0.038 0.00595263 -0.00305 0.0405 0.00595263 -0.00305 0.038 0.00606252 -0.0027847 0.0405 0.00606252 -0.0027847 0.038 0.0061 -0.0025 0.0405 0.0061 -0.0025 0.038 0.00606252 -0.0022153 0.0405 0.00606252 -0.0022153 0.038 0.00595263 -0.00195 0.0405 0.00595263 -0.00195 0.038 0.00577782 -0.00172218 0.0405 0.00577782 -0.00172218 0.038 0.00555 -0.00154737 0.0405 0.00555 -0.00154737 0.038 0.0052847 -0.00143748 0.0405 0.0052847 -0.00143748 0.038 0.005 -0.0014 0.0405 0.005 -0.0014 0.038 0.0047153 -0.00143748 0.0405 0.0047153 -0.00143748 0.038 0.00445 -0.00154737 0.0405 0.00445 -0.00154737 0.038 0.00422218 -0.00172218 0.0405 0.00422218 -0.00172218 0.038 0.00404737 -0.00195 0.0405 0.00404737 -0.00195 0.038 0.00393748 -0.0022153 0.0405 0.00393748 -0.0022153 0.038 0.0039 -0.0025 0.0405 0.0039 -0.0025 0.038 0.00393748 -0.0027847 0.0405 0.00393748 -0.0027847 0.038 0.00404737 -0.00305 0.0405 0.00404737 -0.00305 0.038 0.00422218 -0.0032778 0.0405 0.00422218 -0.0032778 0.038 0.00445 -0.0034526 0.0405 0.00445 -0.0034526 0.038 0.0047153 -0.0035625 0.0405 0.0047153 -0.0035625 0.00744532 -0.000904025 0.0089 0.00744532 -0.000904025 0.0101 0.0075 -1.83697e-18 0.0089 0.0075 -1.83697e-18 0.0101 0.00744532 0.000904025 0.0089 0.00744532 0.000904025 0.0101 0.00736602 0.00133671 0.0089 0.00736602 0.00133671 0.0101 0.00728206 0.00179487 0.0089 0.00728206 0.00179487 0.0101 0.00702031 0.00263486 0.0089 0.00702031 0.00263486 0.0101 0.00701262 0.00265954 0.0089 0.00701262 0.00265954 0.0101 0.00664092 0.00348542 0.0089 0.00664092 0.00348542 0.0101 0.00642674 0.00383972 0.0089 0.00642674 0.00383972 0.0101 0.00617238 0.00426049 0.0089 0.00617238 0.00426049 0.0101 0.00564572 0.00493272 0.0089 0.00564572 0.00493272 0.0101 0.00561383 0.00497342 0.0089 0.00561383 0.00497342 0.0101 0.00497342 0.00561383 0.0089 0.00497342 0.00561383 0.0101 0.00466791 0.00585318 0.0089 0.00466791 0.00585318 0.0101 0.00426049 0.00617238 0.0089 0.00426049 0.00617238 0.0101 0.0035518 0.0066008 0.0089 0.0035518 0.0066008 0.0101 0.00348542 0.00664092 0.0089 0.00348542 0.00664092 0.0101 0.00265954 0.00701262 0.0089 0.00265954 0.00701262 0.0101 0.00231372 0.00712038 0.0089 0.00231372 0.00712038 0.0101 0.00179487 0.00728206 0.0089 0.00179487 0.00728206 0.0101 0.00100575 0.00742667 0.0089 0.00100575 0.00742667 0.0101 0.000904025 0.00744532 0.0089 0.000904025 0.00744532 0.0101 -4.53676e-18 0.0075 0.0089 -4.53676e-18 0.0075 0.0101 -0.000335715 0.00747969 0.0089 -0.000335715 0.00747969 0.0101 -0.000904025 0.00744532 0.0089 -0.000904025 0.00744532 0.0101 -0.0016677 0.00730537 0.0089 -0.0016677 0.00730537 0.0101 -0.00179487 0.00728206 0.0089 -0.00179487 0.00728206 0.0101 -0.00265954 0.00701262 0.0089 -0.00265954 0.00701262 0.0101 -0.00294263 0.00688521 0.0089 -0.00294263 0.00688521 0.0101 -0.00348542 0.00664092 0.0089 -0.00348542 0.00664092 0.0101 -0.00412771 0.00625265 0.0089 -0.00412771 0.00625265 0.0101 -0.00426049 0.00617238 0.0089 -0.00426049 0.00617238 0.0101 -0.00497342 0.00561383 0.0089 -0.00497342 0.00561383 0.0101 -0.00517463 0.00541262 0.0089 -0.00517463 0.00541262 0.0101 -0.00561383 0.00497342 0.0089 -0.00561383 0.00497342 0.0101 -0.00606073 0.00440299 0.0089 -0.00606073 0.00440299 0.0101 -0.00617238 0.00426049 0.0089 -0.00617238 0.00426049 0.0101 -0.00664092 0.00348542 0.0089 -0.00664092 0.00348542 0.0101 -0.00674708 0.00324954 0.0089 -0.00674708 0.00324954 0.0101 -0.00701262 0.00265954 0.0089 -0.00701262 0.00265954 0.0101 -0.00722051 0.00199241 0.0089 -0.00722051 0.00199241 0.0101 -0.00728206 0.00179487 0.0089 -0.00728206 0.00179487 0.0101 -0.00744532 0.000904025 0.0089 -0.00744532 0.000904025 0.0101 -0.00745937 0.000671664 0.0089 -0.00745937 0.000671664 0.0101 -0.0075 9.18485e-19 0.0089 -0.0075 9.18485e-19 0.0101 -0.00745937 -0.000671664 0.0089 -0.00745937 -0.000671664 0.0101 -0.00744532 -0.000904025 0.0089 -0.00744532 -0.000904025 0.0101 -0.00728206 -0.00179487 0.0089 -0.00728206 -0.00179487 0.0101 -0.00722051 -0.00199241 0.0089 -0.00722051 -0.00199241 0.0101 -0.00701262 -0.00265954 0.0089 -0.00701262 -0.00265954 0.0101 -0.00674708 -0.00324954 0.0089 -0.00674708 -0.00324954 0.0101 -0.00664092 -0.00348542 0.0089 -0.00664092 -0.00348542 0.0101 -0.00617238 -0.00426049 0.0089 -0.00617238 -0.00426049 0.0101 -0.00606073 -0.00440299 0.0089 -0.00606073 -0.00440299 0.0101 -0.00561383 -0.00497342 0.0089 -0.00561383 -0.00497342 0.0101 -0.00517463 -0.00541262 0.0089 -0.00517463 -0.00541262 0.0101 -0.00497342 -0.00561383 0.0089 -0.00497342 -0.00561383 0.0101 -0.00426049 -0.00617238 0.0089 -0.00426049 -0.00617238 0.0101 -0.00412771 -0.00625265 0.0089 -0.00412771 -0.00625265 0.0101 -0.00348542 -0.00664092 0.0089 -0.00348542 -0.00664092 0.0101 -0.00294263 -0.00688521 0.0089 -0.00294263 -0.00688521 0.0101 -0.00265954 -0.00701262 0.0089 -0.00265954 -0.00701262 0.0101 -0.00179487 -0.00728206 0.0089 -0.00179487 -0.00728206 0.0101 -0.0016677 -0.00730537 0.0089 -0.0016677 -0.00730537 0.0101 -0.000904025 -0.00744532 0.0089 -0.000904025 -0.00744532 0.0101 -0.000335715 -0.00747969 0.0089 -0.000335715 -0.00747969 0.0101 5.28361e-18 -0.0075 0.0089 5.28361e-18 -0.0075 0.0101 0.000904025 -0.00744532 0.0089 0.000904025 -0.00744532 0.0101 0.00100575 -0.00742667 0.0089 0.00100575 -0.00742667 0.0101 0.00179487 -0.00728206 0.0089 0.00179487 -0.00728206 0.0101 0.00231372 -0.00712038 0.0089 0.00231372 -0.00712038 0.0101 0.00265954 -0.00701262 0.0089 0.00265954 -0.00701262 0.0101 0.00348542 -0.00664092 0.0089 0.00348542 -0.00664092 0.0101 0.0035518 -0.0066008 0.0089 0.0035518 -0.0066008 0.0101 0.00426049 -0.00617238 0.0089 0.00426049 -0.00617238 0.0101 0.00466791 -0.00585318 0.0089 0.00466791 -0.00585318 0.0101 0.00497342 -0.00561383 0.0089 0.00497342 -0.00561383 0.0101 0.00561383 -0.00497342 0.0089 0.00561383 -0.00497342 0.0101 0.00564572 -0.00493272 0.0089 0.00564572 -0.00493272 0.0101 0.00617238 -0.00426049 0.0089 0.00617238 -0.00426049 0.0101 0.00642674 -0.00383972 0.0089 0.00642674 -0.00383972 0.0101 0.00664092 -0.00348542 0.0089 0.00664092 -0.00348542 0.0101 0.00701262 -0.00265954 0.0089 0.00701262 -0.00265954 0.0101 0.00702031 -0.00263486 0.0089 0.00702031 -0.00263486 0.0101 0.00728206 -0.00179487 0.0089 0.00728206 -0.00179487 0.0101 0.00736602 -0.00133671 0.0089 0.00736602 -0.00133671 0.0101 0.038 -0.0066 -0.005 0.038 0.0066 -0.005 0.0411 -0.0066 -0.005 0.0411 0.0066 -0.005 0.0357765 0.0075 0.007897777 0.035 0.0075 0.008 0.0411 0.0075 0.008 0.0411 0.0075 -0.0041 0.038 0.0075 -0.0041 0.038 0.0075 0.005 0.0378978 0.0075 0.00577646 0.0375981 0.0075 0.0065 0.0371213 0.0075 0.00712132 0.0365 0.0075 0.007598076 0.038 -0.00404737 -0.00195 0.038 -0.00422218 -0.00172218 0.038 0.00393748 -0.0022153 0.038 -0.00705 -0.0048794 0.038 -0.0072364 -0.0047364 0.038 -0.00577782 -0.0032778 0.038 -0.0047153 -0.0035625 0.038 0.0039 -0.0025 0.038 -0.005 -0.0036 0.038 0.00393748 -0.0027847 0.038 -0.0066 -0.005 0.038 0.00404737 -0.00305 0.038 0.00422218 -0.0032778 0.038 0.00737942 -0.00455 0.038 0.0072364 -0.0047364 0.038 0.00577782 -0.0032778 0.038 0.0075 0.005 0.038 0.00595263 -0.00195 0.038 0.00577782 -0.00172218 0.038 0.00445 -0.00154737 0.038 -0.0075 0.005 0.038 0.0047153 -0.00143748 0.038 0.005 -0.0014 0.038 0.00422218 -0.00172218 0.038 0.00404737 -0.00195 0.038 -0.00445 -0.0034526 0.038 -0.00422218 -0.0032778 0.038 -0.00404737 -0.00305 0.038 -0.0061 -0.0025 0.038 -0.0075 -0.0041 0.038 -0.00606252 -0.0022153 0.038 0.00445 -0.0034526 0.038 0.0047153 -0.0035625 0.038 0.0066 -0.005 0.038 0.005 -0.0036 0.038 0.0075 -0.0041 0.038 0.0061 -0.0025 0.038 0.00606252 -0.0022153 0.038 0.00555 -0.00154737 0.038 0.0052847 -0.00143748 0.038 -0.00393748 -0.0027847 0.038 -0.0039 -0.0025 0.038 -0.00393748 -0.0022153 0.038 -0.00445 -0.00154737 0.038 -0.0047153 -0.00143748 0.038 -0.005 -0.0014 0.038 -0.0052847 -0.00143748 0.038 -0.00555 -0.00154737 0.038 -0.00577782 -0.00172218 0.038 -0.00595263 -0.00195 0.038 -0.00606252 -0.0027847 0.038 -0.00595263 -0.00305 0.038 -0.00746933 -0.0043329 0.038 -0.00737942 -0.00455 0.038 -0.00683294 -0.0049693 0.038 -0.00555 -0.0034526 0.038 -0.0052847 -0.0035625 0.038 0.00746933 -0.0043329 0.038 0.00595263 -0.00305 0.038 0.00606252 -0.0027847 0.038 0.0052847 -0.0035625 0.038 0.00555 -0.0034526 0.038 0.00683294 -0.0049693 0.038 0.00705 -0.0048794 0.0411 -0.0075 0.008 0.035 -0.0075 0.008 0.0357765 -0.0075 0.007897777 0.0365 -0.0075 0.007598076 0.0371213 -0.0075 0.00712132 0.0375981 -0.0075 0.0065 0.038 -0.0075 -0.0041 0.0411 -0.0075 -0.0041 0.038 -0.0075 0.005 0.0378978 -0.0075 0.00577646 -0.038 0.0066 -0.005 -0.038 -0.0066 -0.005 -0.0411 0.0066 -0.005 -0.0411 -0.0066 -0.005 -0.0357765 -0.0075 0.007897777 -0.035 -0.0075 0.008 -0.0411 -0.0075 0.008 -0.0411 -0.0075 -0.0041 -0.038 -0.0075 -0.0041 -0.038 -0.0075 0.005 -0.0378978 -0.0075 0.00577646 -0.0375981 -0.0075 0.0065 -0.0371213 -0.0075 0.00712132 -0.0365 -0.0075 0.007598076 -0.038 0.00705 -0.0048794 -0.038 0.0072364 -0.0047364 -0.038 0.00577782 -0.0032778 -0.038 0.0075 0.005 -0.038 0.0047153 -0.00143748 -0.038 0.005 -0.0014 -0.038 0.0052847 -0.00143748 -0.038 0.00555 -0.00154737 -0.038 0.00577782 -0.00172218 -0.038 0.0061 -0.0025 -0.038 0.0075 -0.0041 -0.038 0.00606252 -0.0022153 -0.038 0.00595263 -0.00195 -0.038 -0.00422218 -0.0032778 -0.038 -0.00445 -0.0034526 -0.038 0.0066 -0.005 -0.038 -0.0047153 -0.0035625 -0.038 -0.0066 -0.005 -0.038 -0.005 -0.0036 -0.038 0.00683294 -0.0049693 -0.038 0.00555 -0.0034526 -0.038 0.0052847 -0.0035625 -0.038 0.005 -0.0036 -0.038 0.0047153 -0.0035625 -0.038 -0.0039 -0.0025 -0.038 -0.00393748 -0.0027847 -0.038 -0.00404737 -0.00305 -0.038 -0.0075 -0.0041 -0.038 -0.0061 -0.0025 -0.038 -0.0075 0.005 -0.038 -0.00606252 -0.0022153 -0.038 -0.00595263 -0.00195 -0.038 -0.00577782 -0.00172218 -0.038 -0.00555 -0.00154737 -0.038 -0.0052847 -0.00143748 -0.038 -0.005 -0.0014 -0.038 -0.0047153 -0.00143748 -0.038 -0.00445 -0.00154737 -0.038 0.00606252 -0.0027847 -0.038 0.00595263 -0.00305 -0.038 0.00746933 -0.0043329 -0.038 0.00737942 -0.00455 -0.038 0.00445 -0.0034526 -0.038 0.00422218 -0.0032778 -0.038 0.00404737 -0.00305 -0.038 -0.00737942 -0.00455 -0.038 -0.0072364 -0.0047364 -0.038 -0.00577782 -0.0032778 -0.038 -0.00393748 -0.0022153 -0.038 0.00404737 -0.00195 -0.038 0.00422218 -0.00172218 -0.038 -0.0052847 -0.0035625 -0.038 -0.00555 -0.0034526 -0.038 -0.00683294 -0.0049693 -0.038 -0.00705 -0.0048794 -0.038 0.00393748 -0.0027847 -0.038 0.0039 -0.0025 -0.038 0.00393748 -0.0022153 -0.038 -0.00422218 -0.00172218 -0.038 -0.00404737 -0.00195 -0.038 0.00445 -0.00154737 -0.038 -0.00746933 -0.0043329 -0.038 -0.00595263 -0.00305 -0.038 -0.00606252 -0.0027847 -0.0411 0.0075 0.008 -0.035 0.0075 0.008 -0.0357765 0.0075 0.007897777 -0.0365 0.0075 0.007598076 -0.0371213 0.0075 0.00712132 -0.0375981 0.0075 0.0065 -0.038 0.0075 -0.0041 -0.0411 0.0075 -0.0041 -0.038 0.0075 0.005 -0.0378978 0.0075 0.00577646 0.0419898 0.00522778 -0.0042351 0.0405 0.00545293 -0.0041904 0.0419874 0.005 -0.00425 0.0405 0.005 -0.00425 0.0419898 0.00477077 -0.0042349 0.0405 0.00454707 -0.0041904 0.0405 0.004125 -0.0040155 0.042 0.00429113 -0.0041 0.0419954 0.00454707 -0.0041904 0.0419898 0.00673511 -0.0022722 0.0405 0.00669037 -0.0020471 0.0419874 0.00675 -0.0025 0.0405 0.00675 -0.0025 0.0419898 0.00673492 -0.0027292 0.0405 0.00669037 -0.0029529 0.0405 0.00651554 -0.003375 0.042 0.0066 -0.0032089 0.0419954 0.00669037 -0.0029529 0.0419954 0.00545293 -0.0041904 0.042 0.00570887 -0.0041 0.0405 0.005875 -0.0040155 0.042 0.005875 -0.0040155 0.0405 0.00623744 -0.0037374 0.042 0.00623744 -0.0037374 0.042 0.00651554 -0.003375 0.0419954 0.00669037 -0.0020471 0.042 0.0066 -0.00179113 0.0405 0.00651554 -0.001625 0.042 0.00651554 -0.001625 0.0405 0.00623744 -0.00126256 0.042 0.00623744 -0.00126256 0.0405 0.005875 -0.00098446 0.042 0.005875 -0.00098446 0.0405 0.00545293 -0.00080963 0.042 0.00545293 -0.00080963 0.0405 0.005 -0.00075 0.042 0.005 -0.00075 0.0405 0.00454707 -0.00080963 0.042 0.00454707 -0.00080963 0.0405 0.004125 -0.00098446 0.042 0.004125 -0.00098446 0.0405 0.00376256 -0.00126256 0.042 0.00376256 -0.00126256 0.0405 0.00348446 -0.001625 0.042 0.00348446 -0.001625 0.0405 0.00330963 -0.0020471 0.042 0.00330963 -0.0020471 0.0405 0.00325 -0.0025 0.042 0.00325 -0.0025 0.0405 0.00330963 -0.0029529 0.042 0.00330963 -0.0029529 0.0405 0.00348446 -0.003375 0.042 0.00348446 -0.003375 0.0405 0.00376256 -0.0037374 0.042 0.00376256 -0.0037374 0.042 0.004125 -0.0040155 0.0405 -0.00555 -0.0034526 0.0405 -0.005875 -0.0040155 0.0405 -0.0052847 -0.0035625 0.0405 -0.00545293 -0.0041904 0.0405 -0.005 -0.0036 0.0405 -0.005 -0.00425 0.0405 -0.0047153 -0.0035625 0.0405 -0.00454707 -0.0041904 0.0405 -0.00445 -0.0034526 0.0405 -0.004125 -0.0040155 0.0405 -0.00422218 -0.0032778 0.0405 -0.00376256 -0.0037374 0.0405 -0.00404737 -0.00305 0.0405 -0.00348446 -0.003375 0.0405 -0.00393748 -0.0027847 0.0405 -0.00330963 -0.0029529 0.0405 -0.0039 -0.0025 0.0405 -0.00325 -0.0025 0.0405 -0.00393748 -0.0022153 0.0405 -0.00330963 -0.0020471 0.0405 -0.00404737 -0.00195 0.0405 -0.00348446 -0.001625 0.0405 -0.00422218 -0.00172218 0.0405 -0.00376256 -0.00126256 0.0405 -0.00445 -0.00154737 0.0405 -0.004125 -0.00098446 0.0405 -0.0047153 -0.00143748 0.0405 -0.00454707 -0.00080963 0.0405 -0.005 -0.0014 0.0405 -0.005 -0.00075 0.0405 -0.0052847 -0.00143748 0.0405 -0.00545293 -0.00080963 0.0405 -0.00555 -0.00154737 0.0405 -0.005875 -0.00098446 0.0405 -0.00577782 -0.00172218 0.0405 -0.00623744 -0.00126256 0.0405 -0.00595263 -0.00195 0.0405 -0.00651554 -0.001625 0.0405 -0.00606252 -0.0022153 0.0405 -0.00669037 -0.0020471 0.0405 -0.0061 -0.0025 0.0405 -0.00675 -0.0025 0.0405 -0.00606252 -0.0027847 0.0405 -0.00669037 -0.0029529 0.0405 -0.00595263 -0.00305 0.0405 -0.00651554 -0.003375 0.0405 -0.00577782 -0.0032778 0.0405 -0.00623744 -0.0037374 0.0419898 -0.00477222 -0.0042351 0.0405 -0.00454707 -0.0041904 0.0419874 -0.005 -0.00425 0.0405 -0.005 -0.00425 0.0419898 -0.00522923 -0.0042349 0.0405 -0.00545293 -0.0041904 0.0405 -0.005875 -0.0040155 0.042 -0.00570887 -0.0041 0.0419954 -0.00545293 -0.0041904 0.0419898 -0.00673511 -0.0027278 0.0405 -0.00669037 -0.0029529 0.0419874 -0.00675 -0.0025 0.0405 -0.00675 -0.0025 0.0419898 -0.00673492 -0.0022708 0.0405 -0.00669037 -0.0020471 0.0405 -0.00651554 -0.001625 0.042 -0.0066 -0.00179113 0.0419954 -0.00669037 -0.0020471 0.0419954 -0.00454707 -0.0041904 0.042 -0.00429113 -0.0041 0.0405 -0.004125 -0.0040155 0.042 -0.004125 -0.0040155 0.0405 -0.00376256 -0.0037374 0.042 -0.00376256 -0.0037374 0.0405 -0.00348446 -0.003375 0.042 -0.00348446 -0.003375 0.0405 -0.00330963 -0.0029529 0.042 -0.00330963 -0.0029529 0.0405 -0.00325 -0.0025 0.042 -0.00325 -0.0025 0.0405 -0.00330963 -0.0020471 0.042 -0.00330963 -0.0020471 0.0405 -0.00348446 -0.001625 0.042 -0.00348446 -0.001625 0.0405 -0.00376256 -0.00126256 0.042 -0.00376256 -0.00126256 0.0405 -0.004125 -0.00098446 0.042 -0.004125 -0.00098446 0.0405 -0.00454707 -0.00080963 0.042 -0.00454707 -0.00080963 0.0405 -0.005 -0.00075 0.042 -0.005 -0.00075 0.0405 -0.00545293 -0.00080963 0.042 -0.00545293 -0.00080963 0.0405 -0.005875 -0.00098446 0.042 -0.005875 -0.00098446 0.0405 -0.00623744 -0.00126256 0.042 -0.00623744 -0.00126256 0.042 -0.00651554 -0.001625 0.0419954 -0.00669037 -0.0029529 0.042 -0.0066 -0.0032089 0.0405 -0.00651554 -0.003375 0.042 -0.00651554 -0.003375 0.0405 -0.00623744 -0.0037374 0.042 -0.00623744 -0.0037374 0.042 -0.005875 -0.0040155 0.0405 0.00445 -0.0034526 0.0405 0.004125 -0.0040155 0.0405 0.0047153 -0.0035625 0.0405 0.00454707 -0.0041904 0.0405 0.005 -0.0036 0.0405 0.005 -0.00425 0.0405 0.0052847 -0.0035625 0.0405 0.00545293 -0.0041904 0.0405 0.00555 -0.0034526 0.0405 0.005875 -0.0040155 0.0405 0.00577782 -0.0032778 0.0405 0.00623744 -0.0037374 0.0405 0.00595263 -0.00305 0.0405 0.00651554 -0.003375 0.0405 0.00606252 -0.0027847 0.0405 0.00669037 -0.0029529 0.0405 0.0061 -0.0025 0.0405 0.00675 -0.0025 0.0405 0.00606252 -0.0022153 0.0405 0.00669037 -0.0020471 0.0405 0.00595263 -0.00195 0.0405 0.00651554 -0.001625 0.0405 0.00577782 -0.00172218 0.0405 0.00623744 -0.00126256 0.0405 0.00555 -0.00154737 0.0405 0.005875 -0.00098446 0.0405 0.0052847 -0.00143748 0.0405 0.00545293 -0.00080963 0.0405 0.005 -0.0014 0.0405 0.005 -0.00075 0.0405 0.0047153 -0.00143748 0.0405 0.00454707 -0.00080963 0.0405 0.00445 -0.00154737 0.0405 0.004125 -0.00098446 0.0405 0.00422218 -0.00172218 0.0405 0.00376256 -0.00126256 0.0405 0.00404737 -0.00195 0.0405 0.00348446 -0.001625 0.0405 0.00393748 -0.0022153 0.0405 0.00330963 -0.0020471 0.0405 0.0039 -0.0025 0.0405 0.00325 -0.0025 0.0405 0.00393748 -0.0027847 0.0405 0.00330963 -0.0029529 0.0405 0.00404737 -0.00305 0.0405 0.00348446 -0.003375 0.0405 0.00422218 -0.0032778 0.0405 0.00376256 -0.0037374 0.0413329 0.00746933 0.008 0.0415 0.00740623 0.008 0.0415487 0.00737723 0.008005834 0.04155 0.00737942 -0.0041 0.0419777 0.00677327 0.008371753 0.0419994 0.00663267 0.008475652 0.042 0.00660481 0.008496414 0.0419685 0.0068328 0.008327758 0.0419954 0.00669037 -0.0020471 0.0419898 0.00673511 -0.0022722 0.0419954 0.00669037 -0.0029529 0.0419693 0.00683294 -0.0041 0.0419898 0.00673492 -0.0027292 0.0419874 0.00675 -0.0025 0.0419674 0.00683999 0.008322448 0.0419327 0.00694059 0.008250147 0.0417364 0.0072364 -0.0041 0.0417477 0.00721887 0.008071238 0.0418794 0.00705 -0.0041 0.0417952 0.00717152 0.008096477 0.0418338 0.00712102 0.008127784 0.0418509 0.00709017 0.00814867 0.0418747 0.00704735 0.008177659 0.0419309 0.00694573 0.008246455 0.0416293 0.00732744 0.0080175 0.0416689 0.00729737 0.0080294 0.0417333 0.00723326 0.008063569 0.0416181 0.00733591 0.008014152 0.0413329 0.00746933 -0.0041 0.0419693 -0.00683294 -0.0041 0.0419954 -0.00669037 -0.0029529 0.0419898 -0.00673511 -0.0027278 0.0419874 -0.00675 -0.0025 0.0419954 -0.00669037 -0.0020471 0.0419693 -0.00683294 0.008667063 0.0419898 -0.00673492 -0.0022708 0.0412175 -0.0074923 0.0080077 0.0413329 -0.00746933 -0.0041 0.04155 -0.00737942 -0.0041 0.0414444 -0.00743149 0.008068508 0.0413329 -0.00746933 0.008030667 0.0418794 -0.00705 0.00845 0.0418794 -0.00705 -0.0041 0.0417364 -0.0072364 0.008263604 0.0417364 -0.0072364 -0.0041 0.0416479 -0.00731402 0.008185982 0.04155 -0.00737942 0.008120577 0.041325 0.00743971 -0.0043329 0.0415347 0.00735286 -0.0043329 0.0413017 0.00735286 -0.00455 0.0414897 0.007275 -0.00455 0.0412647 0.00721471 -0.0047364 0.0414182 0.00715114 -0.0047364 0.0412165 0.00703467 -0.0048794 0.041325 0.00698971 -0.0048794 0.0411603 0.006825 -0.0049693 0.0412165 0.00680173 -0.0049693 0.0417147 0.00721471 -0.0043329 0.0416511 0.00715114 -0.00455 0.04155 0.00705 -0.0047364 0.0414182 0.0069182 -0.0048794 0.0412647 0.00676471 -0.0049693 0.0411 0.00746933 -0.0043329 0.0411 0.00737942 -0.00455 0.0411 0.0072364 -0.0047364 0.0411 0.00705 -0.0048794 0.0411 0.00683294 -0.0049693 0.0418529 0.00703467 -0.0043329 0.0419397 0.006825 -0.0043329 0.041775 0.00698971 -0.00455 0.0418529 0.00680173 -0.00455 0.0416511 0.0069182 -0.0047364 0.0417147 0.00676471 -0.0047364 0.0414897 0.006825 -0.0048794 0.0415347 0.00671647 -0.0048794 0.0413017 0.00671647 -0.0049693 0.041325 0.00666029 -0.0049693 0.0419693 0.0066 -0.0043329 0.0418794 0.0066 -0.00455 0.0417364 0.0066 -0.0047364 0.04155 0.0066 -0.0048794 0.0413329 0.0066 -0.0049693 0.0418794 -0.00705 0.00845 0.0419693 -0.00683294 0.008667063 0.0419577 -0.00962756 0.008669237 0.0419416 -0.00966674 0.008581086 0.0418693 -0.00972241 0.008455836 0.0417364 -0.0072364 0.008263604 0.0412675 -0.00991801 0.008015732 0.0412175 -0.0074923 0.0080077 0.0413317 -0.00990957 0.00803471 0.0413329 -0.00746933 0.008030667 0.0414402 -0.00989533 0.008066762 0.0414444 -0.00743149 0.008068508 0.0415473 -0.00986922 0.008125501 0.04155 -0.00737942 0.008120577 0.0416196 -0.0098516 0.008165153 0.0416479 -0.00731402 0.008185982 0.0417311 -0.00980535 0.008269218 0.0417971 -0.00977798 0.00833079 0.0412675 -0.00991801 0.01098427 0.0412675 0.00991801 0.01098427 0.0413317 -0.00990957 0.01096529 0.0413317 0.00990957 0.01096529 0.0414402 0.00989533 0.01093324 0.0414402 -0.00989533 0.01093324 0.0415473 0.00986922 0.0108745 0.0415473 -0.00986922 0.0108745 0.0416196 -0.0098516 0.01083485 0.0416196 0.0098516 0.01083485 0.0417311 -0.00980535 0.01073078 0.0417311 0.00980535 0.01073078 0.0417971 0.00977798 0.01066921 0.0417971 -0.00977798 0.01066921 0.0418693 0.00972241 0.01054416 0.0418693 -0.00972241 0.01054416 0.0419416 0.00966674 0.01041891 0.0419416 -0.00966674 0.01041891 0.0419577 0.00962756 0.01033076 0.0419577 -0.00962756 0.01033076 0.0419693 0.00975794 0.0085 0.0419577 0.00975576 0.01020256 0.0419416 0.00984391 0.01024174 0.0418794 0.009975 0.0085 0.0418693 0.00996916 0.01029741 0.0417971 0.0100942 0.01035298 0.0417364 0.0101614 0.0085 0.0417311 0.0101558 0.01038035 0.0416196 0.0102598 0.0104266 0.04155 0.0103044 0.0085 0.0415473 0.0102995 0.01044422 0.0414402 0.0103582 0.01047033 0.0413329 0.0103943 0.0085 0.0413317 0.0103903 0.01048457 0.0412675 0.0104093 0.01049301 -0.00747576 0.000907722 0.01033294 -0.0070413 0.00267041 0.01033294 -0.00563679 0.00499376 0.01033294 -0.00349968 0.00666807 0.01033294 -0.000907722 0.00747576 0.01033294 0.00180221 0.00731184 0.01033294 0.00427791 0.00619762 0.01033294 0.00619762 0.00427791 0.01033294 0.00731184 0.00180221 0.01033294 0.00731184 -0.00180221 0.01033294 0.0070413 -0.00267041 0.01033294 0.00619762 -0.00427791 0.01033294 0.00563679 -0.00499376 0.01033294 0.00427791 -0.00619762 0.01033294 0.00349968 -0.00666807 0.01033294 0.00180221 -0.00731184 0.01033294 0.000907722 -0.00747576 0.01033294 -0.000907722 -0.00747576 0.01033294 -0.00180221 -0.00731184 0.01033294 -0.00349968 -0.00666807 0.01033294 -0.00563679 -0.00499376 0.01033294 -0.0070413 -0.00267041 0.01033294 -0.00763634 -0.00289608 0.01096933 -0.00792974 -0.00195451 0.01096933 -0.00771899 -0.00190256 0.01087942 -0.00810752 -0.000984431 0.01096933 -0.00789204 -0.000958267 0.01087942 -0.007707 -0.000935799 0.0107364 -0.00816706 0 0.01096933 -0.00795 0 0.01087942 -0.0077636 0 0.0107364 -0.00762058 0 0.01055 -0.00810752 0.000984431 0.01096933 -0.00789204 0.000958267 0.01087942 -0.007707 0.000935799 0.0107364 -0.00756501 0.000918559 0.01055 -0.00756501 -0.000918559 0.01055 -0.00747576 -0.000907722 0.01033294 -0.00753067 0 0.01033294 -0.00731184 -0.00180221 0.01033294 -0.00712536 -0.00270229 0.01055 -0.00739914 -0.00182372 0.01055 -0.0072591 -0.00275301 0.0107364 -0.00753801 -0.00185795 0.0107364 -0.00743338 -0.00281911 0.01087942 -0.00672136 -0.00463942 0.01096933 -0.00611313 -0.00541576 0.01096933 -0.00654272 -0.00451611 0.01087942 -0.00595066 -0.00527182 0.01087942 -0.00638932 -0.00441023 0.0107364 -0.00581114 -0.00514822 0.0107364 -0.00627161 -0.00432898 0.01055 -0.00570408 -0.00505338 0.01055 -0.00619762 -0.00427791 0.01033294 -0.00463942 -0.00672136 0.01096933 -0.00379542 -0.00723158 0.01096933 -0.00451611 -0.00654272 0.01087942 -0.00369455 -0.00703938 0.01087942 -0.00441023 -0.00638932 0.0107364 -0.00360793 -0.00687433 0.0107364 -0.00432898 -0.00627161 0.01055 -0.00354146 -0.00674769 0.01055 -0.00427791 -0.00619762 0.01033294 0.00810752 0.000984431 0.01096933 0.00792974 0.00195451 0.01096933 0.00789204 0.000958267 0.01087942 0.00771899 0.00190256 0.01087942 0.007707 0.000935799 0.0107364 0.00753801 0.00185795 0.0107364 0.00756501 0.000918559 0.01055 0.00739914 0.00182372 0.01055 0.00747576 0.000907722 0.01033294 0.00723158 0.00379542 0.01096933 0.00672136 0.00463942 0.01096933 0.00703938 0.00369455 0.01087942 0.00654272 0.00451611 0.01087942 0.00687433 0.00360793 0.0107364 0.00638932 0.00441023 0.0107364 0.00674769 0.00354146 0.01055 0.00627161 0.00432898 0.01055 0.00666807 0.00349968 0.01033294 0.00541576 0.00611313 0.01096933 0.00463942 0.00672136 0.01096933 0.00527182 0.00595066 0.01087942 0.00451611 0.00654272 0.01087942 0.00514822 0.00581114 0.0107364 0.00441023 0.00638932 0.0107364 0.00505338 0.00570408 0.01055 0.00432898 0.00627161 0.01055 0.00499376 0.00563679 0.01033294 0.00289608 0.00763634 0.01096933 0.00195451 0.00792974 0.01096933 0.00281911 0.00743338 0.01087942 0.00190256 0.00771899 0.01087942 0.00275301 0.0072591 0.0107364 0.00185795 0.00753801 0.0107364 0.00270229 0.00712536 0.01055 0.00182372 0.00739914 0.01055 0.00267041 0.0070413 0.01033294 0 0.00816706 0.01096933 -0.000984431 0.00810752 0.01096933 0 0.00795 0.01087942 -0.000958267 0.00789204 0.01087942 0 0.0077636 0.0107364 -0.000935799 0.007707 0.0107364 0 0.00762058 0.01055 -0.000918559 0.00756501 0.01055 0 0.00753067 0.01033294 -0.00289608 0.00763634 0.01096933 -0.00379542 0.00723158 0.01096933 -0.00281911 0.00743338 0.01087942 -0.00369455 0.00703938 0.01087942 -0.00275301 0.0072591 0.0107364 -0.00360793 0.00687433 0.0107364 -0.00270229 0.00712536 0.01055 -0.00354146 0.00674769 0.01055 -0.00267041 0.0070413 0.01033294 -0.00541576 0.00611313 0.01096933 -0.00611313 0.00541576 0.01096933 -0.00527182 0.00595066 0.01087942 -0.00595066 0.00527182 0.01087942 -0.00514822 0.00581114 0.0107364 -0.00581114 0.00514822 0.0107364 -0.00505338 0.00570408 0.01055 -0.00570408 0.00505338 0.01055 -0.00499376 0.00563679 0.01033294 -0.00723158 0.00379542 0.01096933 -0.00763634 0.00289608 0.01096933 -0.00703938 0.00369455 0.01087942 -0.00743338 0.00281911 0.01087942 -0.00687433 0.00360793 0.0107364 -0.0072591 0.00275301 0.0107364 -0.00674769 0.00354146 0.01055 -0.00712536 0.00270229 0.01055 -0.00666807 0.00349968 0.01033294 -0.00666807 -0.00349968 0.01033294 -0.00674769 -0.00354146 0.01055 -0.00687433 -0.00360793 0.0107364 -0.00703938 -0.00369455 0.01087942 -0.00723158 -0.00379542 0.01096933 -0.00499376 -0.00563679 0.01033294 -0.00505338 -0.00570408 0.01055 -0.00514822 -0.00581114 0.0107364 -0.00527182 -0.00595066 0.01087942 -0.00541576 -0.00611313 0.01096933 -0.00267041 -0.0070413 0.01033294 -0.00270229 -0.00712536 0.01055 -0.00275301 -0.0072591 0.0107364 -0.00281911 -0.00743338 0.01087942 -0.00289608 -0.00763634 0.01096933 -0.00195451 -0.00792974 0.01096933 -0.00190256 -0.00771899 0.01087942 -0.00185795 -0.00753801 0.0107364 -0.00182372 -0.00739914 0.01055 -0.000918559 -0.00756501 0.01055 -0.000935799 -0.007707 0.0107364 -0.000958267 -0.00789204 0.01087942 -0.000984431 -0.00810752 0.01096933 5.22545e-19 -0.00753067 0.01033294 5.28784e-19 -0.00762058 0.01055 5.38708e-19 -0.0077636 0.0107364 5.51642e-19 -0.00795 0.01087942 5.66704e-19 -0.00816706 0.01096933 0.000984431 -0.00810752 0.01096933 0.000958267 -0.00789204 0.01087942 0.000935799 -0.007707 0.0107364 0.000918559 -0.00756501 0.01055 0.00182372 -0.00739914 0.01055 0.00185795 -0.00753801 0.0107364 0.00190256 -0.00771899 0.01087942 0.00195451 -0.00792974 0.01096933 0.00267041 -0.0070413 0.01033294 0.00270229 -0.00712536 0.01055 0.00275301 -0.0072591 0.0107364 0.00281911 -0.00743338 0.01087942 0.00289608 -0.00763634 0.01096933 0.00379542 -0.00723158 0.01096933 0.00369455 -0.00703938 0.01087942 0.00360793 -0.00687433 0.0107364 0.00354146 -0.00674769 0.01055 0.00432898 -0.00627161 0.01055 0.00441023 -0.00638932 0.0107364 0.00451611 -0.00654272 0.01087942 0.00463942 -0.00672136 0.01096933 0.00499376 -0.00563679 0.01033294 0.00505338 -0.00570408 0.01055 0.00514822 -0.00581114 0.0107364 0.00527182 -0.00595066 0.01087942 0.00541576 -0.00611313 0.01096933 0.00611313 -0.00541576 0.01096933 0.00595066 -0.00527182 0.01087942 0.00581114 -0.00514822 0.0107364 0.00570408 -0.00505338 0.01055 0.00627161 -0.00432898 0.01055 0.00638932 -0.00441023 0.0107364 0.00654272 -0.00451611 0.01087942 0.00672136 -0.00463942 0.01096933 0.00666807 -0.00349968 0.01033294 0.00674769 -0.00354146 0.01055 0.00687433 -0.00360793 0.0107364 0.00703938 -0.00369455 0.01087942 0.00723158 -0.00379542 0.01096933 0.00763634 -0.00289608 0.01096933 0.00743338 -0.00281911 0.01087942 0.0072591 -0.00275301 0.0107364 0.00712536 -0.00270229 0.01055 0.00739914 -0.00182372 0.01055 0.00753801 -0.00185795 0.0107364 0.00771899 -0.00190256 0.01087942 0.00792974 -0.00195451 0.01096933 0.00747576 -0.000907722 0.01033294 0.00756501 -0.000918559 0.01055 0.007707 -0.000935799 0.0107364 0.00789204 -0.000958267 0.01087942 0.00810752 -0.000984431 0.01096933 0.00816706 5.66704e-19 0.01096933 0.00795 5.51642e-19 0.01087942 0.0077636 5.38708e-19 0.0107364 0.00762058 5.28784e-19 0.01055 0.00753067 5.22545e-19 0.01033294 0.0070413 0.00267041 0.01033294 0.00712536 0.00270229 0.01055 0.0072591 0.00275301 0.0107364 0.00743338 0.00281911 0.01087942 0.00763634 0.00289608 0.01096933 0.00563679 0.00499376 0.01033294 0.00570408 0.00505338 0.01055 0.00581114 0.00514822 0.0107364 0.00595066 0.00527182 0.01087942 0.00611313 0.00541576 0.01096933 0.00349968 0.00666807 0.01033294 0.00354146 0.00674769 0.01055 0.00360793 0.00687433 0.0107364 0.00369455 0.00703938 0.01087942 0.00379542 0.00723158 0.01096933 0.000907722 0.00747576 0.01033294 0.000918559 0.00756501 0.01055 0.000935799 0.007707 0.0107364 0.000958267 0.00789204 0.01087942 0.000984431 0.00810752 0.01096933 -0.00180221 0.00731184 0.01033294 -0.00182372 0.00739914 0.01055 -0.00185795 0.00753801 0.0107364 -0.00190256 0.00771899 0.01087942 -0.00195451 0.00792974 0.01096933 -0.00427791 0.00619762 0.01033294 -0.00432898 0.00627161 0.01055 -0.00441023 0.00638932 0.0107364 -0.00451611 0.00654272 0.01087942 -0.00463942 0.00672136 0.01096933 -0.00619762 0.00427791 0.01033294 -0.00627161 0.00432898 0.01055 -0.00638932 0.00441023 0.0107364 -0.00654272 0.00451611 0.01087942 -0.00672136 0.00463942 0.01096933 -0.00731184 0.00180221 0.01033294 -0.00739914 0.00182372 0.01055 -0.00753801 0.00185795 0.0107364 -0.00771899 0.00190256 0.01087942 -0.00792974 0.00195451 0.01096933 0.038 -0.00746933 -0.0043329 0.0411 -0.00746933 -0.0043329 0.038 -0.00737942 -0.00455 0.0411 -0.00737942 -0.00455 0.038 -0.0072364 -0.0047364 0.0411 -0.0072364 -0.0047364 0.038 -0.00705 -0.0048794 0.0411 -0.00705 -0.0048794 0.038 -0.00683294 -0.0049693 0.0411 -0.00683294 -0.0049693 -0.0419693 0.00683294 -0.0041 -0.0419954 0.00669037 -0.0029529 -0.0419898 0.00673511 -0.0027278 -0.0419874 0.00675 -0.0025 -0.0419954 0.00669037 -0.0020471 -0.0419693 0.00683294 0.008667063 -0.0419898 0.00673492 -0.0022708 -0.0412175 0.0074923 0.0080077 -0.0413329 0.00746933 -0.0041 -0.04155 0.00737942 -0.0041 -0.0414444 0.00743149 0.008068508 -0.0413329 0.00746933 0.008030667 -0.0418794 0.00705 0.00845 -0.0418794 0.00705 -0.0041 -0.0417364 0.0072364 0.008263604 -0.0417364 0.0072364 -0.0041 -0.0416479 0.00731402 0.008185982 -0.04155 0.00737942 0.008120577 -0.0413329 -0.00746933 -0.0041 -0.04155 -0.00737942 -0.0041 -0.041325 -0.00743971 -0.0043329 -0.0415347 -0.00735286 -0.0043329 -0.0413017 -0.00735286 -0.00455 -0.0414897 -0.007275 -0.00455 -0.0412647 -0.00721471 -0.0047364 -0.0414182 -0.00715114 -0.0047364 -0.0412165 -0.00703467 -0.0048794 -0.041325 -0.00698971 -0.0048794 -0.0411603 -0.006825 -0.0049693 -0.0412165 -0.00680173 -0.0049693 -0.0417364 -0.0072364 -0.0041 -0.0417147 -0.00721471 -0.0043329 -0.0416511 -0.00715114 -0.00455 -0.04155 -0.00705 -0.0047364 -0.0414182 -0.0069182 -0.0048794 -0.0412647 -0.00676471 -0.0049693 -0.0411 -0.00746933 -0.0043329 -0.0411 -0.00737942 -0.00455 -0.0411 -0.0072364 -0.0047364 -0.0411 -0.00705 -0.0048794 -0.0411 -0.00683294 -0.0049693 -0.0418794 -0.00705 -0.0041 -0.0419693 -0.00683294 -0.0041 -0.0418529 -0.00703467 -0.0043329 -0.0419397 -0.006825 -0.0043329 -0.041775 -0.00698971 -0.00455 -0.0418529 -0.00680173 -0.00455 -0.0416511 -0.0069182 -0.0047364 -0.0417147 -0.00676471 -0.0047364 -0.0414897 -0.006825 -0.0048794 -0.0415347 -0.00671647 -0.0048794 -0.0413017 -0.00671647 -0.0049693 -0.041325 -0.00666029 -0.0049693 -0.0419693 -0.0066 -0.0043329 -0.0418794 -0.0066 -0.00455 -0.0417364 -0.0066 -0.0047364 -0.04155 -0.0066 -0.0048794 -0.0413329 -0.0066 -0.0049693 -0.0418794 0.00705 0.00845 -0.0419693 0.00683294 0.008667063 -0.0419577 0.00962756 0.008669237 -0.0419416 0.00966674 0.008581086 -0.0418693 0.00972241 0.008455836 -0.0417364 0.0072364 0.008263604 -0.0412675 0.00991801 0.008015732 -0.0412175 0.0074923 0.0080077 -0.0413317 0.00990957 0.00803471 -0.0413329 0.00746933 0.008030667 -0.0414402 0.00989533 0.008066762 -0.0414444 0.00743149 0.008068508 -0.0415473 0.00986922 0.008125501 -0.04155 0.00737942 0.008120577 -0.0416196 0.0098516 0.008165153 -0.0416479 0.00731402 0.008185982 -0.0417311 0.00980535 0.008269218 -0.0417971 0.00977798 0.00833079 -0.0418693 -0.00972241 0.01054416 -0.0418693 0.00972241 0.01054416 -0.0419416 0.00966674 0.01041891 -0.0419416 -0.00966674 0.01041891 -0.0419577 0.00962756 0.01033076 -0.0419577 -0.00962756 0.01033076 -0.0417971 0.00977798 0.01066921 -0.0417971 -0.00977798 0.01066921 -0.0417311 0.00980535 0.01073078 -0.0417311 -0.00980535 0.01073078 -0.0416196 -0.0098516 0.01083485 -0.0416196 0.0098516 0.01083485 -0.0415473 -0.00986922 0.0108745 -0.0415473 0.00986922 0.0108745 -0.0414402 0.00989533 0.01093324 -0.0414402 -0.00989533 0.01093324 -0.0413317 0.00990957 0.01096529 -0.0413317 -0.00990957 0.01096529 -0.0412675 -0.00991801 0.01098427 -0.0412675 0.00991801 0.01098427 -0.0417311 -0.0101558 0.008619653 -0.0417311 -0.0101558 0.01038035 -0.0417971 -0.0100942 0.01035298 -0.0417971 -0.0100942 0.008647018 -0.0418693 -0.00996916 0.01029741 -0.0418693 -0.00996916 0.008702594 -0.0419416 -0.00984391 0.01024174 -0.0419416 -0.00984391 0.00875826 -0.0419577 -0.00975576 0.01020256 -0.0419577 -0.00975576 0.008797439 -0.0416196 -0.0102598 0.0104266 -0.0416196 -0.0102598 0.008573401 -0.0415473 -0.0102995 0.01044422 -0.0415473 -0.0102995 0.008555778 -0.0414402 -0.0103582 0.01047033 -0.0414402 -0.0103582 0.008529672 -0.0413317 -0.0103903 0.01048457 -0.0413317 -0.0103903 0.008515427 -0.0412675 -0.0104093 0.008506992 -0.0412675 -0.0104093 0.01049301 0.0419397 -0.006825 -0.0043329 0.0418529 -0.00703467 -0.0043329 0.0418529 -0.00680173 -0.00455 0.041775 -0.00698971 -0.00455 0.0417147 -0.00676471 -0.0047364 0.0416511 -0.0069182 -0.0047364 0.0415347 -0.00671647 -0.0048794 0.0414897 -0.006825 -0.0048794 0.041325 -0.00666029 -0.0049693 0.0413017 -0.00671647 -0.0049693 0.0417147 -0.00721471 -0.0043329 0.0416511 -0.00715114 -0.00455 0.04155 -0.00705 -0.0047364 0.0414182 -0.0069182 -0.0048794 0.0412647 -0.00676471 -0.0049693 0.0419693 -0.0066 -0.0043329 0.0418794 -0.0066 -0.00455 0.0417364 -0.0066 -0.0047364 0.04155 -0.0066 -0.0048794 0.0413329 -0.0066 -0.0049693 0.0415347 -0.00735286 -0.0043329 0.041325 -0.00743971 -0.0043329 0.0414897 -0.007275 -0.00455 0.0413017 -0.00735286 -0.00455 0.0414182 -0.00715114 -0.0047364 0.0412647 -0.00721471 -0.0047364 0.041325 -0.00698971 -0.0048794 0.0412165 -0.00703467 -0.0048794 0.0412165 -0.00680173 -0.0049693 0.0411603 -0.006825 -0.0049693 0.0419954 0.00545293 -0.0041904 0.0419898 0.00522778 -0.0042351 0.0419874 0.005 -0.00425 0.0419954 0.00454707 -0.0041904 0.0419954 -0.00454707 -0.0041904 0.0419898 0.00477077 -0.0042349 0.0419898 -0.00477222 -0.0042351 0.0419874 -0.005 -0.00425 0.0419954 -0.00545293 -0.0041904 0.0419898 -0.00522923 -0.0042349 0.038 0.00746933 -0.0043329 0.038 0.00737942 -0.00455 0.038 0.0072364 -0.0047364 0.038 0.00705 -0.0048794 0.038 0.00683294 -0.0049693 0.0412675 -0.0104093 0.01049301 0.0412675 -0.0104093 0.008506992 0.0413317 -0.0103903 0.01048457 0.0413317 -0.0103903 0.008515427 0.0414402 -0.0103582 0.008529672 0.0414402 -0.0103582 0.01047033 0.0415473 -0.0102995 0.008555778 0.0415473 -0.0102995 0.01044422 0.0416196 -0.0102598 0.0104266 0.0416196 -0.0102598 0.008573401 0.0417311 -0.0101558 0.01038035 0.0417311 -0.0101558 0.008619653 0.0417971 -0.0100942 0.008647018 0.0417971 -0.0100942 0.01035298 0.0418693 -0.00996916 0.008702594 0.0418693 -0.00996916 0.01029741 0.0419416 -0.00984391 0.00875826 0.0419416 -0.00984391 0.01024174 0.0419577 -0.00975576 0.008797439 0.0419577 -0.00975576 0.01020256 -0.038 0.00746933 -0.0043329 -0.0411 0.00746933 -0.0043329 -0.038 0.00737942 -0.00455 -0.0411 0.00737942 -0.00455 -0.038 0.0072364 -0.0047364 -0.0411 0.0072364 -0.0047364 -0.038 0.00705 -0.0048794 -0.0411 0.00705 -0.0048794 -0.038 0.00683294 -0.0049693 -0.0411 0.00683294 -0.0049693 -0.0419397 0.006825 -0.0043329 -0.0418529 0.00703467 -0.0043329 -0.0418529 0.00680173 -0.00455 -0.041775 0.00698971 -0.00455 -0.0417147 0.00676471 -0.0047364 -0.0416511 0.0069182 -0.0047364 -0.0415347 0.00671647 -0.0048794 -0.0414897 0.006825 -0.0048794 -0.041325 0.00666029 -0.0049693 -0.0413017 0.00671647 -0.0049693 -0.0417147 0.00721471 -0.0043329 -0.0416511 0.00715114 -0.00455 -0.04155 0.00705 -0.0047364 -0.0414182 0.0069182 -0.0048794 -0.0412647 0.00676471 -0.0049693 -0.0419693 0.0066 -0.0043329 -0.0418794 0.0066 -0.00455 -0.0417364 0.0066 -0.0047364 -0.04155 0.0066 -0.0048794 -0.0413329 0.0066 -0.0049693 -0.0415347 0.00735286 -0.0043329 -0.041325 0.00743971 -0.0043329 -0.0414897 0.007275 -0.00455 -0.0413017 0.00735286 -0.00455 -0.0414182 0.00715114 -0.0047364 -0.0412647 0.00721471 -0.0047364 -0.041325 0.00698971 -0.0048794 -0.0412165 0.00703467 -0.0048794 -0.0412165 0.00680173 -0.0049693 -0.0411603 0.006825 -0.0049693 -0.0419954 -0.00545293 -0.0041904 -0.0419898 -0.00522778 -0.0042351 -0.0419874 -0.005 -0.00425 -0.0419954 -0.00454707 -0.0041904 -0.0419954 0.00454707 -0.0041904 -0.0419898 -0.00477077 -0.0042349 -0.0419898 0.00477222 -0.0042351 -0.0419874 0.005 -0.00425 -0.0419954 0.00545293 -0.0041904 -0.0419898 0.00522923 -0.0042349 -0.038 -0.00746933 -0.0043329 -0.038 -0.00737942 -0.00455 -0.038 -0.0072364 -0.0047364 -0.038 -0.00705 -0.0048794 -0.038 -0.00683294 -0.0049693 -0.0419693 -0.00683294 0.008667063 -0.0419954 -0.00669037 -0.0020471 -0.0419898 -0.00673511 -0.0022722 -0.0419874 -0.00675 -0.0025 -0.0419954 -0.00669037 -0.0029529 -0.0419898 -0.00673492 -0.0027292 -0.0418794 -0.00705 0.00845 -0.0417364 -0.0072364 0.008263604 -0.04155 -0.00737942 0.008120577 -0.0416479 -0.00731402 0.008185982 -0.0412175 -0.0074923 0.0080077 -0.0413329 -0.00746933 0.008030667 -0.0414444 -0.00743149 0.008068508 -0.0412675 0.0104093 0.01049301 -0.0412675 0.0104093 0.008506992 -0.0413317 0.0103903 0.01048457 -0.0413317 0.0103903 0.008515427 -0.0414402 0.0103582 0.008529672 -0.0414402 0.0103582 0.01047033 -0.0415473 0.0102995 0.008555778 -0.0415473 0.0102995 0.01044422 -0.0416196 0.0102598 0.0104266 -0.0416196 0.0102598 0.008573401 -0.0417311 0.0101558 0.01038035 -0.0417311 0.0101558 0.008619653 -0.0417971 0.0100942 0.008647018 -0.0417971 0.0100942 0.01035298 -0.0418693 0.00996916 0.008702594 -0.0418693 0.00996916 0.01029741 -0.0419416 0.00984391 0.00875826 -0.0419416 0.00984391 0.01024174 -0.0419577 0.00975576 0.008797439 -0.0419577 0.00975576 0.01020256 -0.0412675 -0.00991801 0.008015732 -0.0412175 -0.0074923 0.0080077 -0.0413317 -0.00990957 0.00803471 -0.0413329 -0.00746933 0.008030667 -0.0414402 -0.00989533 0.008066762 -0.0414444 -0.00743149 0.008068508 -0.0415473 -0.00986922 0.008125501 -0.04155 -0.00737942 0.008120577 -0.0416196 -0.0098516 0.008165153 -0.0416479 -0.00731402 0.008185982 -0.0417311 -0.00980535 0.008269218 -0.0417364 -0.0072364 0.008263604 -0.0417971 -0.00977798 0.00833079 -0.0418794 -0.00705 0.00845 -0.0418693 -0.00972241 0.008455836 -0.0419416 -0.00966674 0.008581086 -0.0419693 -0.00683294 0.008667063 -0.0419577 -0.00962756 0.008669237 -0.00666807 -0.00349968 0.008667063 -0.0070413 -0.00267041 0.008667063 -0.00731184 -0.00180221 0.008667063 -0.00747576 -0.000907722 0.008667063 -0.00619762 -0.00427791 0.008667063 -0.00563679 -0.00499376 0.008667063 -0.00499376 -0.00563679 0.008667063 -0.00427791 -0.00619762 0.008667063 -0.00349968 -0.00666807 0.008667063 -0.00267041 -0.0070413 0.008667063 -0.00180221 -0.00731184 0.008667063 -0.000907722 -0.00747576 0.008667063 5.22545e-19 -0.00753067 0.008667063 0.000907722 -0.00747576 0.008667063 0.00180221 -0.00731184 0.008667063 0.00267041 -0.0070413 0.008667063 0.00349968 -0.00666807 0.008667063 0.00427791 -0.00619762 0.008667063 0.00499376 -0.00563679 0.008667063 0.00563679 -0.00499376 0.008667063 0.00619762 -0.00427791 0.008667063 0.00666807 -0.00349968 0.008667063 0.0070413 -0.00267041 0.008667063 0.00731184 -0.00180221 0.008667063 0.00747576 -0.000907722 0.008667063 0.00753067 5.22545e-19 0.008667063 0.00747576 0.000907722 0.008667063 0.00731184 0.00180221 0.008667063 0.0070413 0.00267041 0.008667063 0.00666807 0.00349968 0.008667063 0.00619762 0.00427791 0.008667063 0.00563679 0.00499376 0.008667063 0.00499376 0.00563679 0.008667063 0.00427791 0.00619762 0.008667063 0.00349968 0.00666807 0.008667063 0.00267041 0.0070413 0.008667063 0.00180221 0.00731184 0.008667063 0.000907722 0.00747576 0.008667063 0 0.00753067 0.008667063 -0.000907722 0.00747576 0.008667063 -0.00180221 0.00731184 0.008667063 -0.00267041 0.0070413 0.008667063 -0.00349968 0.00666807 0.008667063 -0.00427791 0.00619762 0.008667063 -0.00499376 0.00563679 0.008667063 -0.00563679 0.00499376 0.008667063 -0.00619762 0.00427791 0.008667063 -0.00666807 0.00349968 0.008667063 -0.0070413 0.00267041 0.008667063 -0.00731184 0.00180221 0.008667063 -0.00747576 0.000907722 0.008667063 -0.00753067 0 0.008667063 -0.00756501 0.000918559 0.00845 -0.00739914 0.00182372 0.00845 -0.00712536 0.00270229 0.00845 -0.00674769 0.00354146 0.00845 -0.00627161 0.00432898 0.00845 -0.00570408 0.00505338 0.00845 -0.00505338 0.00570408 0.00845 -0.00432898 0.00627161 0.00845 -0.00354146 0.00674769 0.00845 -0.00270229 0.00712536 0.00845 -0.00182372 0.00739914 0.00845 -0.000918559 0.00756501 0.00845 0 0.00762058 0.00845 0.000918559 0.00756501 0.00845 0.00182372 0.00739914 0.00845 0.00270229 0.00712536 0.00845 0.00354146 0.00674769 0.00845 0.00432898 0.00627161 0.00845 0.00505338 0.00570408 0.00845 0.00570408 0.00505338 0.00845 0.00627161 0.00432898 0.00845 0.00674769 0.00354146 0.00845 0.00712536 0.00270229 0.00845 0.00739914 0.00182372 0.00845 0.00756501 0.000918559 0.00845 0.00762058 5.28784e-19 0.00845 0.00756501 -0.000918559 0.00845 0.00739914 -0.00182372 0.00845 0.00712536 -0.00270229 0.00845 0.00674769 -0.00354146 0.00845 0.00627161 -0.00432898 0.00845 0.00570408 -0.00505338 0.00845 0.00505338 -0.00570408 0.00845 0.00432898 -0.00627161 0.00845 0.00354146 -0.00674769 0.00845 0.00270229 -0.00712536 0.00845 0.00182372 -0.00739914 0.00845 0.000918559 -0.00756501 0.00845 5.28784e-19 -0.00762058 0.00845 -0.000918559 -0.00756501 0.00845 -0.00182372 -0.00739914 0.00845 -0.00270229 -0.00712536 0.00845 -0.00354146 -0.00674769 0.00845 -0.00432898 -0.00627161 0.00845 -0.00505338 -0.00570408 0.00845 -0.00570408 -0.00505338 0.00845 -0.00627161 -0.00432898 0.00845 -0.00674769 -0.00354146 0.00845 -0.00712536 -0.00270229 0.00845 -0.00739914 -0.00182372 0.00845 -0.00756501 -0.000918559 0.00845 -0.00762058 0 0.00845 -0.007707 0.000935799 0.008263604 -0.00753801 0.00185795 0.008263604 -0.0072591 0.00275301 0.008263604 -0.00687433 0.00360793 0.008263604 -0.00638932 0.00441023 0.008263604 -0.00581114 0.00514822 0.008263604 -0.00514822 0.00581114 0.008263604 -0.00441023 0.00638932 0.008263604 -0.00360793 0.00687433 0.008263604 -0.00275301 0.0072591 0.008263604 -0.00185795 0.00753801 0.008263604 -0.000935799 0.007707 0.008263604 0 0.0077636 0.008263604 0.000935799 0.007707 0.008263604 0.00185795 0.00753801 0.008263604 0.00275301 0.0072591 0.008263604 0.00360793 0.00687433 0.008263604 0.00441023 0.00638932 0.008263604 0.00514822 0.00581114 0.008263604 0.00581114 0.00514822 0.008263604 0.00638932 0.00441023 0.008263604 0.00687433 0.00360793 0.008263604 0.0072591 0.00275301 0.008263604 0.00753801 0.00185795 0.008263604 0.007707 0.000935799 0.008263604 0.0077636 5.38708e-19 0.008263604 0.007707 -0.000935799 0.008263604 0.00753801 -0.00185795 0.008263604 0.0072591 -0.00275301 0.008263604 0.00687433 -0.00360793 0.008263604 0.00638932 -0.00441023 0.008263604 0.00581114 -0.00514822 0.008263604 0.00514822 -0.00581114 0.008263604 0.00441023 -0.00638932 0.008263604 0.00360793 -0.00687433 0.008263604 0.00275301 -0.0072591 0.008263604 0.00185795 -0.00753801 0.008263604 0.000935799 -0.007707 0.008263604 5.38708e-19 -0.0077636 0.008263604 -0.000935799 -0.007707 0.008263604 -0.00185795 -0.00753801 0.008263604 -0.00275301 -0.0072591 0.008263604 -0.00360793 -0.00687433 0.008263604 -0.00441023 -0.00638932 0.008263604 -0.00514822 -0.00581114 0.008263604 -0.00581114 -0.00514822 0.008263604 -0.00638932 -0.00441023 0.008263604 -0.00687433 -0.00360793 0.008263604 -0.0072591 -0.00275301 0.008263604 -0.00753801 -0.00185795 0.008263604 -0.007707 -0.000935799 0.008263604 -0.0077636 0 0.008263604 -0.00789204 0.000958267 0.008120577 -0.00771899 0.00190256 0.008120577 -0.00743338 0.00281911 0.008120577 -0.00703938 0.00369455 0.008120577 -0.00654272 0.00451611 0.008120577 -0.00595066 0.00527182 0.008120577 -0.00527182 0.00595066 0.008120577 -0.00451611 0.00654272 0.008120577 -0.00369455 0.00703938 0.008120577 -0.00281911 0.00743338 0.008120577 -0.00190256 0.00771899 0.008120577 -0.000958267 0.00789204 0.008120577 0 0.00795 0.008120577 0.000958267 0.00789204 0.008120577 0.00190256 0.00771899 0.008120577 0.00281911 0.00743338 0.008120577 0.00369455 0.00703938 0.008120577 0.00451611 0.00654272 0.008120577 0.00527182 0.00595066 0.008120577 0.00595066 0.00527182 0.008120577 0.00654272 0.00451611 0.008120577 0.00703938 0.00369455 0.008120577 0.00743338 0.00281911 0.008120577 0.00771899 0.00190256 0.008120577 0.00789204 0.000958267 0.008120577 0.00795 5.51642e-19 0.008120577 0.00789204 -0.000958267 0.008120577 0.00771899 -0.00190256 0.008120577 0.00743338 -0.00281911 0.008120577 0.00703938 -0.00369455 0.008120577 0.00654272 -0.00451611 0.008120577 0.00595066 -0.00527182 0.008120577 0.00527182 -0.00595066 0.008120577 0.00451611 -0.00654272 0.008120577 0.00369455 -0.00703938 0.008120577 0.00281911 -0.00743338 0.008120577 0.00190256 -0.00771899 0.008120577 0.000958267 -0.00789204 0.008120577 5.51642e-19 -0.00795 0.008120577 -0.000958267 -0.00789204 0.008120577 -0.00190256 -0.00771899 0.008120577 -0.00281911 -0.00743338 0.008120577 -0.00369455 -0.00703938 0.008120577 -0.00451611 -0.00654272 0.008120577 -0.00527182 -0.00595066 0.008120577 -0.00595066 -0.00527182 0.008120577 -0.00654272 -0.00451611 0.008120577 -0.00703938 -0.00369455 0.008120577 -0.00743338 -0.00281911 0.008120577 -0.00771899 -0.00190256 0.008120577 -0.00789204 -0.000958267 0.008120577 -0.00795 0 0.008120577 -0.00810752 0.000984431 0.008030667 -0.00792974 0.00195451 0.008030667 -0.00763634 0.00289608 0.008030667 -0.00723158 0.00379542 0.008030667 -0.00672136 0.00463942 0.008030667 -0.00611313 0.00541576 0.008030667 -0.00541576 0.00611313 0.008030667 -0.00463942 0.00672136 0.008030667 -0.00379542 0.00723158 0.008030667 -0.00289608 0.00763634 0.008030667 -0.00195451 0.00792974 0.008030667 -0.000984431 0.00810752 0.008030667 0 0.00816706 0.008030667 0.000984431 0.00810752 0.008030667 0.00195451 0.00792974 0.008030667 0.00289608 0.00763634 0.008030667 0.00379542 0.00723158 0.008030667 0.00463942 0.00672136 0.008030667 0.00541576 0.00611313 0.008030667 0.00611313 0.00541576 0.008030667 0.00672136 0.00463942 0.008030667 0.00723158 0.00379542 0.008030667 0.00763634 0.00289608 0.008030667 0.00792974 0.00195451 0.008030667 0.00810752 0.000984431 0.008030667 0.00816706 5.66704e-19 0.008030667 0.00810752 -0.000984431 0.008030667 0.00792974 -0.00195451 0.008030667 0.00763634 -0.00289608 0.008030667 0.00723158 -0.00379542 0.008030667 0.00672136 -0.00463942 0.008030667 0.00611313 -0.00541576 0.008030667 0.00541576 -0.00611313 0.008030667 0.00463942 -0.00672136 0.008030667 0.00379542 -0.00723158 0.008030667 0.00289608 -0.00763634 0.008030667 0.00195451 -0.00792974 0.008030667 0.000984431 -0.00810752 0.008030667 5.66704e-19 -0.00816706 0.008030667 -0.000984431 -0.00810752 0.008030667 -0.00195451 -0.00792974 0.008030667 -0.00289608 -0.00763634 0.008030667 -0.00379542 -0.00723158 0.008030667 -0.00463942 -0.00672136 0.008030667 -0.00541576 -0.00611313 0.008030667 -0.00611313 -0.00541576 0.008030667 -0.00672136 -0.00463942 0.008030667 -0.00723158 -0.00379542 0.008030667 -0.00763634 -0.00289608 0.008030667 -0.00792974 -0.00195451 0.008030667 -0.00810752 -0.000984431 0.008030667 -0.00816706 0 0.008030667 -0.0188 -2.93915e-19 0.008 -0.0188 -2.93915e-19 0.0105 -0.0188409 0.000310583 0.008 -0.0188409 0.000310583 0.0105 -0.0189608 0.0006 0.008 -0.0189608 0.0006 0.0105 -0.0191515 0.000848528 0.008 -0.0191515 0.000848528 0.0105 -0.0194 0.00103923 0.008 -0.0194 0.00103923 0.0105 -0.0196894 0.00115911 0.008 -0.0196894 0.00115911 0.0105 -0.02 0.0012 0.008 -0.02 0.0012 0.0105 -0.0203106 0.00115911 0.008 -0.0203106 0.00115911 0.0105 -0.0206 0.00103923 0.008 -0.0206 0.00103923 0.0105 -0.0208485 0.000848528 0.008 -0.0208485 0.000848528 0.0105 -0.0210392 0.0006 0.008 -0.0210392 0.0006 0.0105 -0.0211591 0.000310583 0.008 -0.0211591 0.000310583 0.0105 -0.0212 6.79865e-19 0.008 -0.0212 6.79865e-19 0.0105 -0.0211591 -0.000310583 0.008 -0.0211591 -0.000310583 0.0105 -0.0210392 -0.0006 0.008 -0.0210392 -0.0006 0.0105 -0.0208485 -0.000848528 0.008 -0.0208485 -0.000848528 0.0105 -0.0206 -0.00103923 0.008 -0.0206 -0.00103923 0.0105 -0.0203106 -0.00115911 0.008 -0.0203106 -0.00115911 0.0105 -0.02 -0.0012 0.008 -0.02 -0.0012 0.0105 -0.0196894 -0.00115911 0.008 -0.0196894 -0.00115911 0.0105 -0.0194 -0.00103923 0.008 -0.0194 -0.00103923 0.0105 -0.0191515 -0.000848528 0.008 -0.0191515 -0.000848528 0.0105 -0.0189608 -0.0006 0.008 -0.0189608 -0.0006 0.0105 -0.0188409 -0.000310583 0.008 -0.0188409 -0.000310583 0.0105 -0.0194 0.00103923 0.0105 -0.019 0.00173205 0.0105 -0.0196894 0.00115911 0.0105 -0.0194824 0.00193185 0.0105 -0.02 0.0012 0.0105 -0.02 0.002 0.0105 -0.0203106 0.00115911 0.0105 -0.0205176 0.00193185 0.0105 -0.0206 0.00103923 0.0105 -0.021 0.00173205 0.0105 -0.0208485 0.000848528 0.0105 -0.0214142 0.00141421 0.0105 -0.0210392 0.0006 0.0105 -0.0217321 0.001 0.0105 -0.0211591 0.000310583 0.0105 -0.0219319 0.000517638 0.0105 -0.0212 6.79865e-19 0.0105 -0.022 1.13311e-18 0.0105 -0.0211591 -0.000310583 0.0105 -0.0219319 -0.000517638 0.0105 -0.0210392 -0.0006 0.0105 -0.0217321 -0.001 0.0105 -0.0208485 -0.000848528 0.0105 -0.0214142 -0.00141421 0.0105 -0.0206 -0.00103923 0.0105 -0.021 -0.00173205 0.0105 -0.0203106 -0.00115911 0.0105 -0.0205176 -0.00193185 0.0105 -0.02 -0.0012 0.0105 -0.02 -0.002 0.0105 -0.0196894 -0.00115911 0.0105 -0.0194824 -0.00193185 0.0105 -0.0194 -0.00103923 0.0105 -0.019 -0.00173205 0.0105 -0.0191515 -0.000848528 0.0105 -0.0185858 -0.00141421 0.0105 -0.0189608 -0.0006 0.0105 -0.018268 -0.001 0.0105 -0.0188409 -0.000310583 0.0105 -0.0180681 -0.000517638 0.0105 -0.0188 0 0.0105 -0.018 -4.89859e-19 0.0105 -0.0188409 0.000310583 0.0105 -0.0180681 0.000517638 0.0105 -0.0189608 0.0006 0.0105 -0.018268 0.001 0.0105 -0.0191515 0.000848528 0.0105 -0.0185858 0.00141421 0.0105 -0.018 -4.89859e-19 0.0105 -0.018 -4.89859e-19 0.011 -0.0180681 0.000517638 0.0105 -0.0180681 0.000517638 0.011 -0.018268 0.001 0.0105 -0.018268 0.001 0.011 -0.0185858 0.00141421 0.0105 -0.0185858 0.00141421 0.011 -0.019 0.00173205 0.0105 -0.019 0.00173205 0.011 -0.0194824 0.00193185 0.0105 -0.0194824 0.00193185 0.011 -0.02 0.002 0.0105 -0.02 0.002 0.011 -0.0205176 0.00193185 0.0105 -0.0205176 0.00193185 0.011 -0.021 0.00173205 0.0105 -0.021 0.00173205 0.011 -0.0214142 0.00141421 0.0105 -0.0214142 0.00141421 0.011 -0.0217321 0.001 0.0105 -0.0217321 0.001 0.011 -0.0219319 0.000517638 0.0105 -0.0219319 0.000517638 0.011 -0.022 1.13311e-18 0.0105 -0.022 1.13311e-18 0.011 -0.0219319 -0.000517638 0.0105 -0.0219319 -0.000517638 0.011 -0.0217321 -0.001 0.0105 -0.0217321 -0.001 0.011 -0.0214142 -0.00141421 0.0105 -0.0214142 -0.00141421 0.011 -0.021 -0.00173205 0.0105 -0.021 -0.00173205 0.011 -0.0205176 -0.00193185 0.0105 -0.0205176 -0.00193185 0.011 -0.02 -0.002 0.0105 -0.02 -0.002 0.011 -0.0194824 -0.00193185 0.0105 -0.0194824 -0.00193185 0.011 -0.019 -0.00173205 0.0105 -0.019 -0.00173205 0.011 -0.0185858 -0.00141421 0.0105 -0.0185858 -0.00141421 0.011 -0.018268 -0.001 0.0105 -0.018268 -0.001 0.011 -0.0180681 -0.000517638 0.0105 -0.0180681 -0.000517638 0.011 0.0212 -2.93915e-19 0.008 0.0212 -2.93915e-19 0.0105 0.0211591 0.000310583 0.008 0.0211591 0.000310583 0.0105 0.0210392 0.0006 0.008 0.0210392 0.0006 0.0105 0.0208485 0.000848528 0.008 0.0208485 0.000848528 0.0105 0.0206 0.00103923 0.008 0.0206 0.00103923 0.0105 0.0203106 0.00115911 0.008 0.0203106 0.00115911 0.0105 0.02 0.0012 0.008 0.02 0.0012 0.0105 0.0196894 0.00115911 0.008 0.0196894 0.00115911 0.0105 0.0194 0.00103923 0.008 0.0194 0.00103923 0.0105 0.0191515 0.000848528 0.008 0.0191515 0.000848528 0.0105 0.0189608 0.0006 0.008 0.0189608 0.0006 0.0105 0.0188409 0.000310583 0.008 0.0188409 0.000310583 0.0105 0.0188 6.79865e-19 0.008 0.0188 6.79865e-19 0.0105 0.0188409 -0.000310583 0.008 0.0188409 -0.000310583 0.0105 0.0189608 -0.0006 0.008 0.0189608 -0.0006 0.0105 0.0191515 -0.000848528 0.008 0.0191515 -0.000848528 0.0105 0.0194 -0.00103923 0.008 0.0194 -0.00103923 0.0105 0.0196894 -0.00115911 0.008 0.0196894 -0.00115911 0.0105 0.02 -0.0012 0.008 0.02 -0.0012 0.0105 0.0203106 -0.00115911 0.008 0.0203106 -0.00115911 0.0105 0.0206 -0.00103923 0.008 0.0206 -0.00103923 0.0105 0.0208485 -0.000848528 0.008 0.0208485 -0.000848528 0.0105 0.0210392 -0.0006 0.008 0.0210392 -0.0006 0.0105 0.0211591 -0.000310583 0.008 0.0211591 -0.000310583 0.0105 0.0206 0.00103923 0.0105 0.021 0.00173205 0.0105 0.0203106 0.00115911 0.0105 0.0205176 0.00193185 0.0105 0.02 0.0012 0.0105 0.02 0.002 0.0105 0.0196894 0.00115911 0.0105 0.0194824 0.00193185 0.0105 0.0194 0.00103923 0.0105 0.019 0.00173205 0.0105 0.0191515 0.000848528 0.0105 0.0185858 0.00141421 0.0105 0.0189608 0.0006 0.0105 0.018268 0.001 0.0105 0.0188409 0.000310583 0.0105 0.0180681 0.000517638 0.0105 0.0188 6.79865e-19 0.0105 0.018 1.13311e-18 0.0105 0.0188409 -0.000310583 0.0105 0.0180681 -0.000517638 0.0105 0.0189608 -0.0006 0.0105 0.018268 -0.001 0.0105 0.0191515 -0.000848528 0.0105 0.0185858 -0.00141421 0.0105 0.0194 -0.00103923 0.0105 0.019 -0.00173205 0.0105 0.0196894 -0.00115911 0.0105 0.0194824 -0.00193185 0.0105 0.02 -0.0012 0.0105 0.02 -0.002 0.0105 0.0203106 -0.00115911 0.0105 0.0205176 -0.00193185 0.0105 0.0206 -0.00103923 0.0105 0.021 -0.00173205 0.0105 0.0208485 -0.000848528 0.0105 0.0214142 -0.00141421 0.0105 0.0210392 -0.0006 0.0105 0.0217321 -0.001 0.0105 0.0211591 -0.000310583 0.0105 0.0219319 -0.000517638 0.0105 0.0212 0 0.0105 0.022 -4.89859e-19 0.0105 0.0211591 0.000310583 0.0105 0.0219319 0.000517638 0.0105 0.0210392 0.0006 0.0105 0.0217321 0.001 0.0105 0.0208485 0.000848528 0.0105 0.0214142 0.00141421 0.0105 0.022 -4.89859e-19 0.0105 0.022 -4.89859e-19 0.011 0.0219319 0.000517638 0.0105 0.0219319 0.000517638 0.011 0.0217321 0.001 0.0105 0.0217321 0.001 0.011 0.0214142 0.00141421 0.0105 0.0214142 0.00141421 0.011 0.021 0.00173205 0.0105 0.021 0.00173205 0.011 0.0205176 0.00193185 0.0105 0.0205176 0.00193185 0.011 0.02 0.002 0.0105 0.02 0.002 0.011 0.0194824 0.00193185 0.0105 0.0194824 0.00193185 0.011 0.019 0.00173205 0.0105 0.019 0.00173205 0.011 0.0185858 0.00141421 0.0105 0.0185858 0.00141421 0.011 0.018268 0.001 0.0105 0.018268 0.001 0.011 0.0180681 0.000517638 0.0105 0.0180681 0.000517638 0.011 0.018 1.13311e-18 0.0105 0.018 1.13311e-18 0.011 0.0180681 -0.000517638 0.0105 0.0180681 -0.000517638 0.011 0.018268 -0.001 0.0105 0.018268 -0.001 0.011 0.0185858 -0.00141421 0.0105 0.0185858 -0.00141421 0.011 0.019 -0.00173205 0.0105 0.019 -0.00173205 0.011 0.0194824 -0.00193185 0.0105 0.0194824 -0.00193185 0.011 0.02 -0.002 0.0105 0.02 -0.002 0.011 0.0205176 -0.00193185 0.0105 0.0205176 -0.00193185 0.011 0.021 -0.00173205 0.0105 0.021 -0.00173205 0.011 0.0214142 -0.00141421 0.0105 0.0214142 -0.00141421 0.011 0.0217321 -0.001 0.0105 0.0217321 -0.001 0.011 0.0219319 -0.000517638 0.0105 0.0219319 -0.000517638 0.011 0.0414734 -0.0100056 0.008095547 0.0412873 -0.0103889 0.008382513 0.0416551 -0.00993981 0.00820312 0.0414734 -0.0103295 0.008419447 0.0418223 -0.00983883 0.008371068 0.0419501 -0.00969753 0.008608644 0.0419553 -0.00972811 0.008637268 0.0419553 -0.00978773 0.008696891 0.041957 -0.00975825 0.008666754 0.0419501 -0.00981636 0.008727466 0.0418223 -0.0100539 0.00858617 0.0418377 -0.00989823 0.008417924 0.0418429 -0.00995476 0.008470241 0.0418377 -0.0100071 0.008526772 0.0416551 -0.0102219 0.008485186 0.0416771 -0.0100243 0.008256617 0.0416845 -0.0101016 0.008323401 0.0416771 -0.0101684 0.008400671 0.0414941 -0.0101096 0.008148788 0.0415012 -0.0102015 0.008223486 0.0414941 -0.0102762 0.008315432 0.0412873 -0.0100425 0.008036058 0.0412997 -0.0101589 0.008087085 0.0413039 -0.0102595 0.008165486 0.0412997 -0.0103379 0.008266149 0.0411 -0.0100544 0.008017037 0.0411 -0.010175 0.008066987 0.0411 -0.0102786 0.008146447 0.0411 -0.010358 0.00825 0.0411 -0.010408 0.00837059 0.0411 -0.010408 0.01062941 0.0411 -0.010175 0.01093301 0.0411 -0.0102786 0.01085355 0.0413039 -0.0102595 0.01083451 0.0411 -0.0100544 0.01098296 0.0412997 -0.0101589 0.01091291 0.0412873 -0.0100425 0.01096394 0.0412873 -0.0103889 0.01061749 0.0414734 -0.0103295 0.01058055 0.0414734 -0.0100056 0.01090445 0.0416551 -0.0102219 0.01051481 0.0418223 -0.0100539 0.01041383 0.0416551 -0.00993981 0.01079688 0.0418223 -0.00983883 0.01062893 0.0419501 -0.00981636 0.01027253 0.0419553 -0.00978773 0.01030311 0.0418377 -0.0100071 0.01047323 0.0416771 -0.0101684 0.01059933 0.0414941 -0.0102762 0.01068457 0.0412997 -0.0103379 0.01073385 0.0411 -0.010358 0.01075 0.041957 -0.00975825 0.01033325 0.0418429 -0.00995476 0.01052976 0.0416845 -0.0101016 0.0106766 0.0415012 -0.0102015 0.01077651 0.0419501 -0.00969753 0.01039136 0.0414941 -0.0101096 0.01085121 0.0416771 -0.0100243 0.01074338 0.0418377 -0.00989823 0.01058208 0.0419553 -0.00972811 0.01036273 -0.0414734 0.0100056 0.008095547 -0.0412873 0.0103889 0.008382513 -0.0416551 0.00993981 0.00820312 -0.0414734 0.0103295 0.008419447 -0.0418223 0.00983883 0.008371068 -0.0419501 0.00969753 0.008608644 -0.0419553 0.00972811 0.008637268 -0.0419553 0.00978773 0.008696891 -0.041957 0.00975825 0.008666754 -0.0419501 0.00981636 0.008727466 -0.0418223 0.0100539 0.00858617 -0.0418377 0.00989823 0.008417924 -0.0418429 0.00995476 0.008470241 -0.0418377 0.0100071 0.008526772 -0.0416551 0.0102219 0.008485186 -0.0416771 0.0100243 0.008256617 -0.0416845 0.0101016 0.008323401 -0.0416771 0.0101684 0.008400671 -0.0414941 0.0101096 0.008148788 -0.0415012 0.0102015 0.008223486 -0.0414941 0.0102762 0.008315432 -0.0412873 0.0100425 0.008036058 -0.0412997 0.0101589 0.008087085 -0.0413039 0.0102595 0.008165486 -0.0412997 0.0103379 0.008266149 -0.0411 0.0100544 0.008017037 -0.0411 0.010175 0.008066987 -0.0411 0.0102786 0.008146447 -0.0411 0.010358 0.00825 -0.0411 0.010408 0.00837059 0.0414734 0.0100056 0.01090445 0.0412873 0.0103889 0.01061749 0.0416551 0.00993981 0.01079688 0.0414734 0.0103295 0.01058055 0.0418223 0.00983883 0.01062893 0.0419501 0.00969753 0.01039136 0.0419553 0.00972811 0.01036273 0.0419553 0.00978773 0.01030311 0.041957 0.00975825 0.01033325 0.0419501 0.00981636 0.01027253 0.0418223 0.0100539 0.01041383 0.0418377 0.00989823 0.01058208 0.0418429 0.00995476 0.01052976 0.0418377 0.0100071 0.01047323 0.0416551 0.0102219 0.01051481 0.0416771 0.0100243 0.01074338 0.0416845 0.0101016 0.0106766 0.0416771 0.0101684 0.01059933 0.0414941 0.0101096 0.01085121 0.0415012 0.0102015 0.01077651 0.0414941 0.0102762 0.01068457 0.0412873 0.0100425 0.01096394 0.0412997 0.0101589 0.01091291 0.0413039 0.0102595 0.01083451 0.0412997 0.0103379 0.01073385 0.0411 0.0100544 0.01098296 0.0411 0.010175 0.01093301 0.0411 0.0102786 0.01085355 0.0411 0.010358 0.01075 0.0411 0.010408 0.01062941 -0.0411 0.010408 0.01062941 -0.0411 0.010175 0.01093301 -0.0411 0.0102786 0.01085355 -0.0413039 0.0102595 0.01083451 -0.0411 0.0100544 0.01098296 -0.0412997 0.0101589 0.01091291 -0.0412873 0.0100425 0.01096394 -0.0412873 0.0103889 0.01061749 -0.0414734 0.0103295 0.01058055 -0.0414734 0.0100056 0.01090445 -0.0416551 0.0102219 0.01051481 -0.0418223 0.0100539 0.01041383 -0.0416551 0.00993981 0.01079688 -0.0418223 0.00983883 0.01062893 -0.0419501 0.00981636 0.01027253 -0.0419553 0.00978773 0.01030311 -0.0418377 0.0100071 0.01047323 -0.0416771 0.0101684 0.01059933 -0.0414941 0.0102762 0.01068457 -0.0412997 0.0103379 0.01073385 -0.0411 0.010358 0.01075 -0.041957 0.00975825 0.01033325 -0.0418429 0.00995476 0.01052976 -0.0416845 0.0101016 0.0106766 -0.0415012 0.0102015 0.01077651 -0.0419501 0.00969753 0.01039136 -0.0414941 0.0101096 0.01085121 -0.0416771 0.0100243 0.01074338 -0.0418377 0.00989823 0.01058208 -0.0419553 0.00972811 0.01036273 0.0411 0.010408 0.00837059 0.0411 0.010358 0.00825 0.0411 0.0102786 0.008146447 0.0411 0.010175 0.008066987 0.0411 0.0100544 0.008017037 0.0416294 0.009525 0.008017037 0.0416114 0.00966202 0.008017037 0.04175 0.009525 0.008066987 0.0417279 0.00969323 0.008066987 0.0418536 0.009525 0.008146447 0.0418279 0.00972003 0.008146447 0.041933 0.009525 0.00825 0.0419046 0.0097406 0.00825 0.041983 0.009525 0.00837059 0.0419529 0.00975353 0.00837059 0.0415585 0.0097897 0.008017037 0.0416629 0.00985 0.008066987 0.0417526 0.00990178 0.008146447 0.0418214 0.00994151 0.00825 0.0418647 0.00996648 0.00837059 0.0414743 0.00989935 0.008017037 0.0415596 0.00998462 0.008066987 0.0416328 0.0100578 0.008146447 0.041689 0.010114 0.00825 0.0417243 0.0101493 0.00837059 0.0413647 0.00998348 0.008017037 0.041425 0.0100879 0.008066987 0.0414768 0.0101776 0.008146447 0.0415165 0.0102464 0.00825 0.0415415 0.0102897 0.00837059 0.041237 0.0100364 0.008017037 0.0412682 0.0101529 0.008066987 0.041295 0.0102529 0.008146447 0.0413156 0.0103296 0.00825 0.0413285 0.0103779 0.00837059 0.0415487 0.00737723 0.008005834 0.0416181 0.00733591 0.008014152 0.0417477 0.00721887 0.008071238 0.0417333 0.00723326 0.008063569 0.0416689 0.00729737 0.0080294 0.0416293 0.00732744 0.0080175 0.0417952 0.00717152 0.008096477 0.0418338 0.00712102 0.008127784 0.0419309 0.00694573 0.008246455 0.0418747 0.00704735 0.008177659 0.0418509 0.00709017 0.00814867 0.0419327 0.00694059 0.008250147 0.0419674 0.00683999 0.008322448 0.0419685 0.0068328 0.008327758 0.042 0.00660481 0.008496414 0.0419994 0.00663267 0.008475652 0.0419777 0.00677327 0.008371753 -0.0411 -0.010408 0.00837059 -0.0411 -0.010358 0.00825 -0.0411 -0.0102786 0.008146447 -0.0411 -0.010175 0.008066987 -0.0411 -0.0100544 0.008017037 -0.0414734 -0.0103295 0.008419447 -0.0412873 -0.0100425 0.008036058 -0.0416551 -0.0102219 0.008485186 -0.0414734 -0.0100056 0.008095547 -0.0418223 -0.0100539 0.00858617 -0.0419501 -0.00981636 0.008727466 -0.0419553 -0.00978773 0.008696891 -0.0419553 -0.00972811 0.008637268 -0.041957 -0.00975825 0.008666754 -0.0419501 -0.00969753 0.008608644 -0.0418223 -0.00983883 0.008371068 -0.0418377 -0.0100071 0.008526772 -0.0418429 -0.00995476 0.008470241 -0.0418377 -0.00989823 0.008417924 -0.0416551 -0.00993981 0.00820312 -0.0416771 -0.0101684 0.008400671 -0.0416845 -0.0101016 0.008323401 -0.0416771 -0.0100243 0.008256617 -0.0414941 -0.0102762 0.008315432 -0.0415012 -0.0102015 0.008223486 -0.0414941 -0.0101096 0.008148788 -0.0412873 -0.0103889 0.008382513 -0.0412997 -0.0103379 0.008266149 -0.0413039 -0.0102595 0.008165486 -0.0412997 -0.0101589 0.008087085 -0.0411 -0.010408 0.01062941 -0.0411 -0.010358 0.01075 -0.0411 -0.0102786 0.01085355 -0.0411 -0.010175 0.01093301 -0.0411 -0.0100544 0.01098296 -0.0414734 -0.0100056 0.01090445 -0.0412873 -0.0103889 0.01061749 -0.0416551 -0.00993981 0.01079688 -0.0414734 -0.0103295 0.01058055 -0.0418223 -0.00983883 0.01062893 -0.0419501 -0.00969753 0.01039136 -0.0419553 -0.00972811 0.01036273 -0.0419553 -0.00978773 0.01030311 -0.041957 -0.00975825 0.01033325 -0.0419501 -0.00981636 0.01027253 -0.0418223 -0.0100539 0.01041383 -0.0418377 -0.00989823 0.01058208 -0.0418429 -0.00995476 0.01052976 -0.0418377 -0.0100071 0.01047323 -0.0416551 -0.0102219 0.01051481 -0.0416771 -0.0100243 0.01074338 -0.0416845 -0.0101016 0.0106766 -0.0416771 -0.0101684 0.01059933 -0.0414941 -0.0101096 0.01085121 -0.0415012 -0.0102015 0.01077651 -0.0414941 -0.0102762 0.01068457 -0.0412873 -0.0100425 0.01096394 -0.0412997 -0.0101589 0.01091291 -0.0413039 -0.0102595 0.01083451 -0.0412997 -0.0103379 0.01073385 0.0357765 -0.0075 0.007897777 0.0357765 0.0075 0.007897777 0.0365 -0.0075 0.007598076 0.0365 0.0075 0.007598076 0.0371213 -0.0075 0.00712132 0.0371213 0.0075 0.00712132 0.0375981 -0.0075 0.0065 0.0375981 0.0075 0.0065 0.0378978 -0.0075 0.00577646 0.0378978 0.0075 0.00577646 -0.0357765 0.0075 0.007897777 -0.0357765 -0.0075 0.007897777 -0.0365 0.0075 0.007598076 -0.0365 -0.0075 0.007598076 -0.0371213 0.0075 0.00712132 -0.0371213 -0.0075 0.00712132 -0.0375981 0.0075 0.0065 -0.0375981 -0.0075 0.0065 -0.0378978 0.0075 0.00577646 -0.0378978 -0.0075 0.00577646</float_array>
          <technique_common>
            <accessor count="8729" source="#verts-array-array" stride="3">
              <param type="float" name="X"/>
              <param type="float" name="Y"/>
              <param type="float" name="Z"/>
            </accessor>
          </technique_common>
        </source>
        <source id="normals-array">
          <float_array count="26187" id="normals-array-array">0 0 -1 0 0 -1 0 0 -1 0 0 -1 0 0 -1 0 0 -1 0 0 -1 0 0 -1 0 0.03274416 -0.9994638 0 0 -1 0 0.03204514 -0.9994864 0 0 -1 0 0 -1 0 0 -1 0 0 -1 0 0 -1 0 0 -1 0 0 -1 0 0 -1 0 0 -1 0 0 -1 0 0 -1 0 0 -1 0 0 -1 0 0 -1 0 0 -1 0 0 -1 0 0 -1 -0.06539997 0 -0.9978591 0 0 -1 -0.06539997 0 -0.9978591 0 0 -1 -0.05376518 -0.05376518 -0.9971051 0 0 -1 0 0 -1 0 0 -1 0 0 -1 0 0 -1 0 0 -1 0 0 -1 0 0 -1 0 0 -1 0 0 -1 0 0 -1 0 0 -1 0 0 -1 0 0 -1 0 0 -1 0 0 -1 0 0 -1 0 0 -1 0 0 -1 0 0 -1 0 0 -1 0 0 -1 0 0 -1 0 0 -1 0 0 -1 0 0 -1 0 0 -1 0 0 -1 0 0 -1 0 0 -1 0 0 -1 0 0 -1 0 0 -1 0 0 -1 0 0 -1 0 0 -1 0 0 -1 0 0 -1 0 0 -1 0 0 -1 0 0 -1 0 0 -1 0 0 -1 0 0 -1 0 0 -1 0 0 -1 0 0 -1 0 0 -1 0 0 -1 0 0 -1 0 0.06539997 -0.9978591 0.05376518 0.05376518 -0.9971051 0.06539997 0 -0.9978591 0 0 -1 0 0 -1 0 0 -1 0 0 -1 0 0 -1 0 0 -1 0 0 -1 0 0 -1 0 0 -1 0 0 -1 0 0 -1 0 0 -1 0 0 -1 0 0 -1 0 0 -1 0 0 -1 0 0 -1 0 0 -1 0 0 -1 0 0 -1 0 0 -1 0 0 -1 0 0 -1 0 0 -1 0 0 -1 0 0 -1 0 0 -1 0 0 -1 0 0.03274416 -0.9994638 0 0 -1 0 0 -1 0 0 -1 0 0 -1 0 0 -1 0 0 -1 0 0 -1 0 0 -1 0 0 -1 0 0 -1 0 0 -1 0 0 -1 0 0 -1 0 0 -1 0 0 -1 0 0 -1 0 0 -1 0 0 -1 0 0 -1 0 0 -1 0 0 -1 0 0 -1 0 0 -1 0 0 -1 0 0 -1 0 0 -1 0 0 -1 0 0 -1 0 0 -1 0 0 -1 0 0 -1 0 0 -1 0 0 -1 0 0 -1 0 0 -1 0 0 -1 0 0 -1 0 0 -1 0 0 -1 0 0 -1 0 0 -1 0 0 -1 0 0 -1 0 0 -1 0 0 -1 0 0 -1 0 0 -1 0 0 -1 0 0 -1 0 0 -1 0 0 -1 0 0 -1 0 0 -1 0 0 -1 0 0 -1 0 0 -1 0 0 -1 0 0 -1 0 0 -1 0 0 -1 0 0 -1 0 0 -1 0 0 -1 0 0 -1 0 0 -1 0 0 -1 0 0 -1 0 0 -1 0 0 -1 0 0 -1 0 0 -1 0 0 -1 0 0 -1 0 0 -1 0 0 -1 0 0 -1 0 0 -1 0 0 -1 0 0 -1 0 0 -1 0 0 -1 0 0 -1 0 0 -1 0 0 -1 0 0 -1 0 0 -1 0 0 -1 0 0 -1 0 0 -1 0 0 -1 0 0 -1 0 0 -1 0 0 -1 0 0 -1 0 0 -1 0 0 -1 0 0 -1 0 0 -1 0 0 -1 0 0 -1 0 0 -1 0 0 -1 0 0 -1 0 0 -1 0 0 -1 0 0 -1 0 0 -1 0 0 -1 0 0 -1 0 0 -1 0 0 -1 0 0 -1 0 0 -1 0 0.06539997 -0.9978591 0 0 -1 0 0 -1 0 0 -1 5.343487e-07 0.06539997 -0.9978591 0 0 -1 0 0 -1 0 0 -1 0 0 -1 0 0 -1 0 0 -1 0 0 -1 0 0 -1 0 0 -1 0 0 -1 0 0 -1 0 0 -1 0 0 -1 0 0 -1 0 0 -1 0 0 -1 0 0 -1 0 0 -1 0 0 -1 0 0 -1 0 0 -1 0 0 -1 0 0 -1 0 0 -1 0 0 -1 0 0 -1 0 0 -1 0 0 -1 0 0 -1 0 0 -1 0 0 -1 0 0 -1 0 -0.06539997 -0.9978591 0 -0.06539997 -0.9978591 0 -0.06539997 -0.9978591 0 -0.06539997 -0.9978591 -5.343487e-07 -0.06539997 -0.9978591 0 -0.03204514 -0.9994864 0 0 1 0 0 1 0 0 1 0 0 1 0 0 1 0 0 1 0 0 1 0 0 1 0 0 1 0 0.06540793 0.9978586 0 0 1 0 0.03268641 0.9994657 0 0 1 0 0 1 0 0 1 0 0 1 0 0 1 0 0 1 0 0 1 0 0 1 0 0 1 0 0 1 0 0 1 0 0 1 0 0 1 0 0 1 0 0 1 0 0 1 0 0 1 0 0 1 0 0 1 0 0 1 0 0 1 0 0 1 0 0 1 -0.0612514 -0.009951835 0.9980728 -0.06206663 -1.948399e-06 0.998072 0 -0.03268641 0.9994657 0.05245509 0.03317208 0.9980722 0.05708709 0.02432173 0.9980729 0 0 1 0.04645087 0.04115083 0.9980726 0.06025743 0.01485242 0.9980724 0.061857 0.004992653 0.9980725 0.06185629 -0.004993319 0.9980726 0.06025859 -0.01485047 0.9980723 -0.0588659 -0.01965447 0.9980724 0 0 1 0 0 1 0 -0.06540793 0.9978586 0 0 1 0 0 1 0 0 1 0 0 1 0 0 1 0.05708599 -0.02432437 0.9980729 0.05245561 -0.03316995 0.9980722 0.04645044 -0.04115177 0.9980726 0.03925051 -0.04807319 0.9980723 0.03103115 -0.05374722 0.9980723 0.02200838 -0.05803169 0.9980721 -0.01726738 -0.05961211 0.9980723 -0.02660547 -0.05607203 0.9980722 -0.03525265 -0.05107292 0.9980725 -0.04299095 -0.04475756 0.9980724 -0.04961651 -0.03728455 0.9980722 -0.05494989 -0.02883953 0.9980725 0 0 1 0 0 1 0 0 1 0 0 1 0 0 1 0.03103143 0.05374778 0.9980723 0.03925093 0.04807366 0.9980723 0 0 1 0 0 1 0 0 1 0 0 1 0 0 1 0 0 1 0.01241427 -0.06080748 0.9980723 0.002499348 -0.06201145 0.9980723 -0.007480839 -0.06160971 0.9980723 -0.06125154 0.009955073 0.9980727 -0.05886642 0.01965229 0.9980724 -0.05494865 0.02884143 0.9980726 0 0 1 -0.03525184 0.05107335 0.9980726 0 0 1 -0.02660562 0.05607136 0.9980722 0 0 1 -0.01726746 0.05961201 0.9980723 0 0 1 -0.007480901 0.06160978 0.9980723 0 0 1 0.002499569 0.06201136 0.9980723 0 0 1 0.01241447 0.06080685 0.9980723 0.02200758 0.05803184 0.9980721 0 0 1 0 0 1 0 0 1 -0.04961703 0.03728275 0.9980722 -0.04299144 0.04475825 0.9980724 0 0 1 0 -0.06540793 0.9978586 0 0 1 0 -0.03268641 0.9994657 0 0 1 0 0 1 0 0 1 0 0 1 0 0 1 0 0 1 0 0 1 0 0 1 0 0 1 0 0 1 0 0 1 0 0 1 0 0 1 0 0 1 0.002499569 0.06201136 0.9980723 0.01241447 0.06080685 0.9980723 0.02200758 0.05803184 0.9980721 0.03103143 0.05374778 0.9980723 0.03925093 0.04807366 0.9980723 0.05708709 0.02432173 0.9980729 0.05245509 0.03317208 0.9980722 0.04645087 0.04115083 0.9980726 0 0 1 0 0 1 0 0 1 0 0 1 0 0 1 0 0 1 0 0 1 0 0 1 0.06025743 0.01485242 0.9980724 0.061857 0.004992653 0.9980725 0.06185629 -0.004993319 0.9980726 0.06025859 -0.01485047 0.9980723 0 0 1 0 0 1 0 0 1 0 0 1 0 0 1 0 0 1 0 0 1 0.05708599 -0.02432437 0.9980729 0.05245561 -0.03316995 0.9980722 0.04645044 -0.04115177 0.9980726 0 0 1 0 0 1 0.03925051 -0.04807319 0.9980723 0.03103115 -0.05374722 0.9980723 0.02200838 -0.05803169 0.9980721 -0.01726738 -0.05961211 0.9980723 -0.02660547 -0.05607203 0.9980722 -0.03525265 -0.05107292 0.9980725 0 0 1 0 0 1 0 0 1 0 0 1 0 0 1 0 0 1 0 0 1 0.01241427 -0.06080748 0.9980723 0.002499348 -0.06201145 0.9980723 -0.007480839 -0.06160971 0.9980723 0 0 1 0 0 1 0 0 1 -0.04299095 -0.04475756 0.9980724 -0.04961651 -0.03728455 0.9980722 -0.05494989 -0.02883953 0.9980725 0 0 1 0 0 1 0 0 1 0 0 1 -0.04299144 0.04475825 0.9980724 -0.03525184 0.05107335 0.9980726 0 0 1 -0.02660562 0.05607136 0.9980722 -0.01726746 0.05961201 0.9980723 0 0 1 0 0 1 -0.007480901 0.06160978 0.9980723 0 0 1 0 0 1 -0.0588659 -0.01965447 0.9980724 -0.0612514 -0.009951835 0.9980728 0 0 1 0 0 1 0 0 1 0 0 1 -0.06125154 0.009955073 0.9980727 0 0 1 -0.06206663 -1.948399e-06 0.998072 0 0 1 0 0 1 -0.05886642 0.01965229 0.9980724 0 0 1 0 0 1 0 0 1 0 0 1 -0.05494865 0.02884143 0.9980726 -0.04961703 0.03728275 0.9980722 0 0 1 0 0 1 0 0 1 0 0 1 0 0 1 0 0 1 0 0 1 0 0 1 0 0 1 0 0.06540793 0.9978586 0 0 1 0 0.03268641 0.9994657 0 0 1 0 0 1 0 0 1 0 0 1 0 0 1 0 0 1 0 0 1 0 0 1 0 0 1 0 0 1 0 0 1 0 0 1 0 0 1 0 0 1 0 0 1 0 0 1 0 0 1 0 0 1 0 0 1 0 0 1 0 0 1 0 0 1 0 0 1 0 0 1 0 0 1 -1 0 0 -0.9996196 0.02758174 0 -1 0 0 -0.9994738 0.03243304 0.0003862435 -1 0 0 -1 0 0 -1 0 0 -1 0 0 -1 0 0 -1 0 0 -1 0 0 -1 0 0 -1 0 0 -1 0 0 -1 0 0 -1 0 0 -1 0 0 -1 0 0 -1 0 0 -1 0 0 -0.04186624 -0.9980811 -0.04562216 -0.06514305 -0.9957477 -0.06513806 -0.03376889 -0.9980809 -0.05190554 -0.01782677 -0.9970228 -0.07501867 -0.04882433 -0.9980804 -0.03810248 -0.05443425 -0.9980807 -0.02952667 -0.0585537 -0.998081 -0.02014436 -0.06107042 -0.9980812 -0.01020896 -0.06192889 -0.9980806 -1.743857e-06 -0.04916305 -0.9975803 0.04915772 -0.06107112 -0.9980812 0.0102115 -0.05855275 -0.9980811 0.0201438 -0.02297582 -0.9971046 0.0724882 -0.03376916 -0.9980809 0.05190534 -0.04186584 -0.998081 0.04562428 -0.05443242 -0.9980808 0.0295266 -0.04882627 -0.9980803 0.03810042 1 0 0 1 0 0 0.9978557 0 -0.06545183 0.99575 0.06512411 -0.06512176 0.9996196 0.02758174 0 1 0 0 1 0 0 1 0 0 1 0 0 1 0 0 1 0 0 1 0 0 1 0 0 1 0 0 1 0 0 1 0 0 1 0 0 1 0 0 1 0 0 1 0 0 -0.04186624 0.9980811 0.04562216 -0.04909949 0.9975865 0.04909639 -0.03376889 0.9980809 0.05190554 -0.01776601 0.9970617 0.07451462 -0.04882433 0.9980804 0.03810248 -0.05443424 0.9980807 0.02952665 -0.05855366 0.998081 0.02014431 -0.05443243 0.9980808 -0.02952664 -0.04882627 0.9980803 -0.03810042 -0.04916305 0.9975803 -0.04915773 -0.0585528 0.9980811 -0.0201438 -0.06107048 0.9980812 0.01020898 -0.0619289 0.9980806 1.752036e-06 -0.06107103 0.9980812 -0.01021152 -0.04186584 0.998081 -0.04562428 -0.03376916 0.9980809 -0.05190534 -0.02297582 0.9971046 -0.0724882 0.04186727 -0.9980809 0.04562565 -0.02249987 -0.9973796 0.06875881 0.03377031 -0.9980808 0.05190554 0.01738366 -0.9972997 0.07135263 0.05443233 -0.9980809 -0.02952472 0.04881848 -0.9980808 -0.03809703 -0.05855645 -0.9980808 -0.02014413 0.05443241 -0.9980809 0.02952459 -0.06107651 -0.9980808 0.01021182 -0.05855643 -0.9980808 0.020144 0.04881833 -0.9980808 0.03809716 -0.03377037 -0.9980809 0.05190544 -0.04186714 -0.9980809 0.04562581 -0.04186727 -0.9980809 -0.04562565 0.02249987 -0.9973796 -0.06875881 -0.03377031 -0.9980808 -0.05190554 -0.01738366 -0.9972997 -0.07135263 -0.05443232 -0.9980809 0.02952469 -0.04881848 -0.9980808 0.03809703 -0.04881833 -0.9980808 -0.03809716 -0.05443241 -0.9980809 -0.0295246 0.04186714 -0.9980809 -0.04562581 0.03377037 -0.9980809 -0.05190544 0.0585564 -0.9980808 0.02014408 0.0610766 -0.9980808 0.01021186 -0.06192379 -0.9980809 6.208407e-08 0.0619238 -0.9980809 -5.389941e-08 -0.06107653 -0.9980808 -0.01021185 0.06107641 -0.9980809 -0.01021184 0.05855649 -0.9980808 -0.020144 0.03376916 -0.9980809 -0.05190534 0.02297582 -0.9971046 -0.0724882 0.04916305 -0.9975803 -0.04915772 0.04186584 -0.998081 -0.04562428 0.0585528 -0.9980811 -0.0201438 0.05443243 -0.9980808 -0.02952664 0.04882627 -0.9980803 -0.03810042 0.01782288 -0.9970253 0.07498632 0.03376889 -0.9980809 0.05190554 0.04916305 -0.9975803 0.04915772 0.04186624 -0.9980811 0.04562216 0.04882433 -0.9980804 0.03810248 0.05443424 -0.9980807 0.02952665 0.05855366 -0.998081 0.02014431 0.06107048 -0.9980812 0.01020898 0.0619289 -0.9980806 1.752036e-06 0.06107103 -0.9980812 -0.01021152 -0.04881848 0.9980808 -0.03809703 0.01738366 0.9972997 -0.07135263 0.03377031 0.9980808 -0.05190554 0.04881848 0.9980808 0.03809703 0.04186714 0.9980809 0.04562581 -0.01738366 0.9972997 0.07135263 0.03377037 0.9980809 0.05190544 0.02249987 0.9973796 0.06875881 -0.04186714 0.9980809 -0.04562581 -0.03377037 0.9980809 -0.05190544 -0.02249987 0.9973796 -0.06875881 0.04186727 0.9980809 -0.04562565 0.04881833 0.9980808 -0.03809716 -0.05443233 0.9980809 -0.02952472 -0.03377031 0.9980808 0.05190554 -0.04186727 0.9980809 0.04562565 -0.04881833 0.9980808 0.03809716 -0.05443241 0.9980809 0.02952459 -0.0585564 0.9980808 0.02014408 0.05443232 0.9980809 0.02952469 -0.0610766 0.9980808 0.01021186 0.05855643 0.9980808 0.020144 0.05443241 0.9980809 -0.0295246 0.05855645 0.9980808 -0.02014413 -0.06107641 0.9980809 -0.01021184 0.06107653 0.9980808 -0.01021185 -0.0619238 0.9980809 -5.389941e-08 0.06192379 0.9980809 6.208407e-08 0.06107651 0.9980808 0.01021182 -0.05855649 0.9980808 -0.020144 0.03376916 0.9980809 0.05190534 0.02291199 0.9971424 0.07198716 0.04910157 0.9975864 0.04909495 0.06514305 0.9957477 -0.06513806 0.01782677 0.9970228 -0.07501867 0.03376889 0.9980809 -0.05190554 0.04186624 0.9980811 -0.04562216 0.04882433 0.9980804 -0.03810248 0.05443425 0.9980807 -0.02952667 0.04186584 0.998081 0.04562428 0.06107112 0.9980812 0.0102115 0.05855275 0.9980811 0.0201438 0.0585537 0.998081 -0.02014436 0.06107042 0.9980812 -0.01020896 0.06192889 0.9980806 -1.743857e-06 0.05443242 0.9980808 0.0295266 0.04882627 0.9980803 0.03810042 -1 0 0 -1 0 0 -0.9978557 0 -0.06545183 -0.9957461 -0.06501 -0.0652954 -0.9994815 -0.03219857 0 -1 0 0 -1 0 0 -1 0 0 -1 0 0 -1 0 0 -1 0 0 -1 0 0 -1 0 0 -1 0 0 -1 0 0 -1 0 0 -1 0 0 -1 0 0 -1 0 0 -1 0 0 1 0 0 0.9994815 -0.03219857 0 1 0 0 0.9994815 -0.03219774 0 1 0 0 1 0 0 1 0 0 1 0 0 1 0 0 1 0 0 1 0 0 1 0 0 1 0 0 1 0 0 1 0 0 1 0 0 1 0 0 1 0 0 1 0 0 1 0 0 1 0 0 0.5000142 -0.8660172 7.928015e-08 0.3826778 -0.9238819 4.837404e-09 0.2588153 -0.9659268 7.624275e-08 0.2588163 -0.9659266 0 7.841771e-16 -1 0 7.841771e-16 -1 0 -0.2588153 -0.9659268 0 -0.2588153 -0.9659268 0 -0.5000143 -0.8660172 0 -0.5000143 -0.8660172 0 -0.7071315 -0.707082 0 -0.7071315 -0.707082 0 -0.8660266 -0.4999979 0 -0.8660266 -0.4999979 0 -0.9659137 -0.2588642 0 -0.9659137 -0.2588642 0 -1 0 0 -1 0 0 -0.9659137 0.2588642 0 -0.9659137 0.2588642 0 -0.866016 0.5000162 0 -0.866016 0.5000162 0 -0.7071068 0.7071068 0 -0.7071068 0.7071068 0 -0.5000162 0.866016 0 -0.5000162 0.866016 0 -0.2588642 0.9659137 0 -0.2588642 0.9659137 0 7.930955e-16 1 0 7.930955e-16 1 0 0.2588653 0.9659134 1.830907e-06 0.2588879 0.9659074 0 0.3826355 0.9238994 1.161683e-07 0.5000152 0.8660166 1.90385e-06 0.4999245 0.866069 0 0.7071068 0.7071068 0 0.7071068 0.7071068 0 0.866016 0.5000162 0 0.866016 0.5000162 0 0.9659137 0.2588642 0 0.9659137 0.2588642 0 1 0 0 1 0 0 0.9659137 -0.2588642 0 0.9659137 -0.2588642 0 0.8660266 -0.4999979 0 0.8660266 -0.4999979 0 0.7071315 -0.707082 0 0.7071315 -0.707082 0 0.5000104 -0.8660194 0 1 -1.670832e-18 0 1 0 0 0.965926 -0.2588184 0 0.965926 -0.2588184 0 0.8660255 -0.4999999 0 0.8660255 -0.4999999 0 0.7071081 -0.7071055 0 0.7071081 -0.7071055 0 0.4999992 -0.8660259 0 0.4999992 -0.8660259 0 0.2588157 -0.9659267 0 0.2588157 -0.9659267 0 1.336666e-16 -1 0 1.425777e-16 -1 0 -0.2588157 -0.9659267 0 -0.2588157 -0.9659267 0 -0.4999992 -0.8660259 0 -0.4999992 -0.8660259 0 -0.7071081 -0.7071055 0 -0.7071081 -0.7071055 0 -0.8660255 -0.4999999 0 -0.8660255 -0.4999999 0 -0.965926 -0.2588184 0 -0.965926 -0.2588184 0 -1 0 0 -1 0 0 -0.965926 0.2588184 0 -0.965926 0.2588184 0 -0.8660149 0.5000182 0 -0.8660149 0.5000182 0 -0.7070833 0.7071303 0 -0.7070833 0.7071303 0 -0.5000012 0.8660247 0 -0.5000012 0.8660247 0 -0.2588646 0.9659136 0 -0.2588646 0.9659136 0 -5.435823e-16 1 0 -5.524934e-16 1 0 0.2588646 0.9659136 0 0.2588646 0.9659136 0 0.5000012 0.8660247 0 0.5000012 0.8660247 0 0.7070833 0.7071303 0 0.7070833 0.7071303 0 0.8660149 0.5000182 0 0.8660149 0.5000182 0 0.965926 0.2588184 0 0.965926 0.2588184 0 0.5000152 -0.8660166 1.90385e-06 0.3826355 -0.9238994 1.161683e-07 0.2588653 -0.9659134 1.830907e-06 0.2588879 -0.9659074 0 8.020066e-16 -1 0 7.930955e-16 -1 0 -0.2588642 -0.9659137 0 -0.2588642 -0.9659137 0 -0.5000162 -0.866016 0 -0.5000162 -0.866016 0 -0.7071068 -0.7071068 0 -0.7071068 -0.7071068 0 -0.866016 -0.5000162 0 -0.866016 -0.5000162 0 -0.9659137 -0.2588642 0 -0.9659137 -0.2588642 0 -1 0 0 -1 0 0 -0.9659137 0.2588642 0 -0.9659137 0.2588642 0 -0.8660266 0.4999979 0 -0.8660266 0.4999979 0 -0.7071315 0.707082 0 -0.7071315 0.707082 0 -0.5000143 0.8660172 0 -0.5000143 0.8660172 0 -0.2588153 0.9659268 0 -0.2588153 0.9659268 0 7.841771e-16 1 0 7.930883e-16 1 0 0.2588153 0.9659268 7.624275e-08 0.2588163 0.9659266 0 0.3826778 0.9238819 4.837404e-09 0.5000142 0.8660172 7.928015e-08 0.5000104 0.8660194 0 0.7071315 0.707082 0 0.7071315 0.707082 0 0.8660266 0.4999979 0 0.8660266 0.4999979 0 0.9659137 0.2588642 0 0.9659137 0.2588642 0 1 0 0 1 0 0 0.9659137 -0.2588642 0 0.9659137 -0.2588642 0 0.866016 -0.5000162 0 0.866016 -0.5000162 0 0.7071068 -0.7071068 0 0.7071068 -0.7071068 0 0.4999245 -0.866069 0 1 -1.670832e-18 0 1 0 0 0.965926 -0.2588184 0 0.965926 -0.2588184 0 0.8660149 -0.5000182 0 0.8660149 -0.5000182 0 0.7070833 -0.7071303 0 0.7070833 -0.7071303 0 0.5000012 -0.8660247 0 0.5000012 -0.8660247 0 0.2588646 -0.9659136 0 0.2588646 -0.9659136 0 1.42579e-16 -1 0 1.42579e-16 -1 0 -0.2588646 -0.9659136 0 -0.2588646 -0.9659136 0 -0.5000012 -0.8660247 0 -0.5000012 -0.8660247 0 -0.7070833 -0.7071303 0 -0.7070833 -0.7071303 0 -0.8660149 -0.5000182 0 -0.8660149 -0.5000182 0 -0.965926 -0.2588184 0 -0.965926 -0.2588184 0 -1 0 0 -1 0 0 -0.965926 0.2588184 0 -0.965926 0.2588184 0 -0.8660255 0.4999999 0 -0.8660255 0.4999999 0 -0.7071081 0.7071055 0 -0.7071081 0.7071055 0 -0.4999992 0.8660259 0 -0.4999992 0.8660259 0 -0.2588157 0.9659267 0 -0.2588157 0.9659267 0 -5.435773e-16 1 0 -5.524884e-16 1 0 0.2588157 0.9659267 0 0.2588157 0.9659267 0 0.4999992 0.8660259 0 0.4999992 0.8660259 0 0.7071081 0.7071055 0 0.7071081 0.7071055 0 0.8660255 0.4999999 0 0.8660255 0.4999999 0 0.965926 0.2588184 0 0.965926 0.2588184 0 0 0.02753723 0.9996208 0 0 1 0 0.02753723 0.9996208 0 0 1 0 -1 0 0 -1 0 0 -1 0 0 -1 0 0 -1 0 0 -1 0 0 -1 0 0 -1 0 0 -1 0 0 -0.03200782 0.9994876 0 0 1 0 -0.03200782 0.9994876 0 0 1 0 1 0 0 1 0 0 1 0 0 1 0 0 1 0 0 1 0 0 1 0 0 1 0 0 1 0 0.994522 0.1045273 0 0.994522 0.1045273 0 1 1.194344e-16 0 1 1.238579e-16 0 0.994522 -0.1045273 0 0.994522 -0.1045273 0 0.9781475 -0.207912 0 0.9781475 -0.207912 0 0.9510564 -0.3090174 0 0.9510564 -0.3090174 0 0.9135447 -0.4067384 0 0.9135447 -0.4067384 0 0.8660253 -0.5000002 0 0.8660253 -0.5000002 0 0.8090161 -0.5877865 0 0.8090161 -0.5877865 0 0.7431436 -0.6691319 0 0.7431436 -0.6691319 0 0.6691319 -0.7431436 0 0.6691319 -0.7431436 0 0.5877865 -0.8090161 0 0.5877865 -0.8090161 0 0.5000002 -0.8660253 0 0.5000002 -0.8660253 0 0.4067384 -0.9135447 0 0.4067384 -0.9135447 0 0.3090174 -0.9510564 0 0.3090174 -0.9510564 0 0.207912 -0.9781475 0 0.207912 -0.9781475 0 0.1045273 -0.994522 0 0.1045273 -0.994522 1.314445e-17 1.548224e-16 -1 -1.314444e-17 2.211749e-17 -1 1.314444e-17 -0.1045273 -0.994522 -1.314445e-17 -0.1045273 -0.994522 0 -0.207912 -0.9781475 0 -0.207912 -0.9781475 0 -0.3090174 -0.9510564 0 -0.3090174 -0.9510564 0 -0.4067384 -0.9135447 0 -0.4067384 -0.9135447 0 -0.5000002 -0.8660253 0 -0.5000002 -0.8660253 0 -0.5877865 -0.8090161 0 -0.5877865 -0.8090161 0 -0.6691319 -0.7431436 0 -0.6691319 -0.7431436 0 -0.7431436 -0.6691319 0 -0.7431436 -0.6691319 0 -0.8090161 -0.5877865 0 -0.8090161 -0.5877865 0 -0.8660253 -0.5000002 0 -0.8660253 -0.5000002 0 -0.9135447 -0.4067384 0 -0.9135447 -0.4067384 0 -0.9510564 -0.3090174 0 -0.9510564 -0.3090174 0 -0.9781475 -0.207912 0 -0.9781475 -0.207912 0 -0.994522 -0.1045273 0 -0.994522 -0.1045273 0 -1 -5.750548e-17 0 -1 -6.192897e-17 0 -0.994522 0.1045273 0 -0.994522 0.1045273 0 -0.9781475 0.207912 0 -0.9781475 0.207912 0 -0.9510564 0.3090174 0 -0.9510564 0.3090174 0 -0.9135447 0.4067384 0 -0.9135447 0.4067384 0 -0.8660253 0.5000002 0 -0.8660253 0.5000002 0 -0.8090161 0.5877865 0 -0.8090161 0.5877865 0 -0.7431436 0.6691319 0 -0.7431436 0.6691319 0 -0.6691319 0.7431436 0 -0.6691319 0.7431436 0 -0.5877865 0.8090161 0 -0.5877865 0.8090161 0 -0.5000002 0.8660253 0 -0.5000002 0.8660253 0 -0.4067384 0.9135447 0 -0.4067384 0.9135447 0 -0.3090174 0.9510564 0 -0.3090174 0.9510564 0 -0.207912 0.9781475 0 -0.207912 0.9781475 0 -0.1045273 0.994522 0 -0.1045273 0.994522 0 -8.404646e-17 1 0 -8.846996e-17 1 0 0.1045273 0.994522 0 0.1045273 0.994522 0 0.207912 0.9781475 0 0.207912 0.9781475 0 0.3090174 0.9510564 0 0.3090174 0.9510564 0 0.4067384 0.9135447 0 0.4067384 0.9135447 0 0.5000002 0.8660253 0 0.5000002 0.8660253 0 0.5877865 0.8090161 0 0.5877865 0.8090161 0 0.6691319 0.7431436 0 0.6691319 0.7431436 0 0.7431436 0.6691319 0 0.7431436 0.6691319 0 0.8090161 0.5877865 0 0.8090161 0.5877865 0 0.8660253 0.5000002 0 0.8660253 0.5000002 0 0.9135447 0.4067384 0 0.9135447 0.4067384 0 0.9510564 0.3090174 0 0.9510564 0.3090174 0 0.9781475 0.207912 0 0.9781475 0.207912 0 1 0 0 1 0 0 1 0 0 1 0 0 1 0 0 1 0 0 1 0 0 1 0 0 1 0 0 1 0 0 1 0 0 1 0 0 1 0 0 1 0 0 1 0 0 1 0 0 1 0 0 1 0 0 1 0 0 1 0 0 1 0 0 1 0 0 1 0 0 1 0 0 1 0 0 1 0 0 1 0 0 1 0 0 1 0 0 1 0 0 1 0 0 1 0 0 1 0 0 1 0 0 1 0 0 1 0 0 1 0 0 1 0 0 1 0 0 1 0 0 1 0 0 1 0 0 1 0 0 1 0 0 1 0 0 1 0 0 1 0 0 1 0 0 1 0 0 1 0 0 1 0 0 1 0 0 1 0 0 1 0 0 1 0 0 1 0 0 1 0 0 0 1 0 0 1 0 0 1 0 0 1 0 0 -1 0 0 -1 0 0 -1 0 0 -1 0 0 -1 0 0 -1 0 0 -1 0 0 -1 0 0 -1 0 0 -1 0 -1 0 0 -1 0 0 -1 0 0 -1 0 0 -1 0 0 -1 0 0 -1 0 0 -1 0 0 -1 0 0 -1 0 0 -1 0 0 -1 0 0 -1 0 0 -1 0 0 -1 0 0 -1 0 0 -1 0 0 -1 0 0 -1 0 0 -1 0 0 -1 0 0 -1 0 0 -1 0 0 -1 0 0 -1 0 0 -1 0 0 -1 0 0 -1 0 0 -1 0 0 -1 0 0 -1 0 0 -1 0 0 -1 0 0 -1 0 0 -1 0 0 -1 0 0 -1 0 0 -1 0 0 -1 0 0 -1 0 0 -1 0 0 -1 0 0 -1 0 0 -1 0 0 -1 0 0 -1 0 0 -1 0 0 -1 0 0 -1 0 0 -1 0 0 -1 0 0 -1 0 0 -1 0 0 -1 0 0 -1 0 0 -1 0 0 -1 0 0 0 -1 0 0 -1 0 0 -1 0 0 -1 0 0 1 0 0 1 0 0 1 0 0 1 0 0 1 0 0 1 0 0 1 0 0 1 0 0 1 0 0 1 0 1 0 0 1 0 0 1 0 0 1 0 0 1 0 0 1 0 0 1 0 0 1 0 0 1 0 0 1 0 0 1 0 0 1 0 0 1 0 0 1 0 0 1 0 0 1 0 0 1 0 0 1 0 0 1 0 0 1 0 0 1 0 0 1 0 0 1 0 0 1 0 0 1 0 0 0 -8.354179e-19 1 0 0 1 0 -0.2588264 0.9659239 0 -0.2588264 0.9659239 0 -0.4999871 0.8660328 0 -0.4999871 0.8660328 0 -0.7071068 0.7071068 0 -0.7071068 0.7071068 0 -0.8660328 0.4999871 0 -0.8660328 0.4999871 0 -0.9659239 0.2588264 0 -0.9659239 0.2588264 0 -1 -8.911124e-18 0 -1 8.911124e-18 0 -0.9659239 -0.2588264 0 -0.9659239 -0.2588264 0 -0.8660328 -0.4999871 0 -0.8660328 -0.4999871 0 -0.7071068 -0.7071068 0 -0.7071068 -0.7071068 0 -0.4999871 -0.8660328 0 -0.4999871 -0.8660328 0 -0.2588264 -0.9659239 0 -0.2588264 -0.9659239 0 0 -1 0 0 -1 0 0.2588264 -0.9659239 0 0.2588264 -0.9659239 0 0.4999871 -0.8660328 0 0.4999871 -0.8660328 0 0.7071068 -0.7071068 0 0.7071068 -0.7071068 0 0.8660328 -0.4999871 0 0.8660328 -0.4999871 0 0.9659239 -0.2588264 0 0.9659239 -0.2588264 0 1 8.911124e-18 0 1 -8.911124e-18 0 0.9659239 0.2588264 0 0.9659239 0.2588264 0 0.8660328 0.4999871 0 0.8660328 0.4999871 0 0.7071068 0.7071068 0 0.7071068 0.7071068 0 0.4999871 0.8660328 0 0.4999871 0.8660328 0 0.2588264 0.9659239 0 0.2588264 0.9659239 1 0 0 1 0 0 1 0 0 1 0 0 1 0 0 1 0 0 1 0 0 1 0 0 1 0 0 1 0 0 1 0 0 1 0 0 1 0 0 1 0 0 1 0 0 1 0 0 1 0 0 1 0 0 1 0 0 1 0 0 1 0 0 1 0 0 1 0 0 1 0 0 1 0 0 0 -8.354179e-19 1 0 0 1 0 -0.2588264 0.9659239 0 -0.2588264 0.9659239 0 -0.4999871 0.8660328 0 -0.4999871 0.8660328 0 -0.7071068 0.7071068 0 -0.7071068 0.7071068 0 -0.8660328 0.4999871 0 -0.8660328 0.4999871 0 -0.9659239 0.2588264 0 -0.9659239 0.2588264 0 -1 -8.911124e-18 0 -1 8.911124e-18 0 -0.9659239 -0.2588264 0 -0.9659239 -0.2588264 0 -0.8660328 -0.4999871 0 -0.8660328 -0.4999871 0 -0.7071068 -0.7071068 0 -0.7071068 -0.7071068 0 -0.4999871 -0.8660328 0 -0.4999871 -0.8660328 0 -0.2588264 -0.9659239 0 -0.2588264 -0.9659239 0 0 -1 0 0 -1 0 0.2588264 -0.9659239 0 0.2588264 -0.9659239 0 0.4999871 -0.8660328 0 0.4999871 -0.8660328 0 0.7071068 -0.7071068 0 0.7071068 -0.7071068 0 0.8660328 -0.4999871 0 0.8660328 -0.4999871 0 0.9659239 -0.2588264 0 0.9659239 -0.2588264 0 1 8.911124e-18 0 1 -8.911124e-18 0 0.9659239 0.2588264 0 0.9659239 0.2588264 0 0.8660328 0.4999871 0 0.8660328 0.4999871 0 0.7071068 0.7071068 0 0.7071068 0.7071068 0 0.4999871 0.8660328 0 0.4999871 0.8660328 0 0.2588264 0.9659239 0 0.2588264 0.9659239 -1 0 0 -1 0 0 -1 0 0 -1 0 0 -1 0 0 -1 0 0 -1 0 0 -1 0 0 -1 0 0 -1 0 0 -1 0 0 -1 0 0 -1 0 0 -1 0 0 -1 0 0 -1 0 0 -1 0 0 -1 0 0 -1 0 0 -1 0 0 -1 0 0 -1 0 0 -1 0 0 -1 0 0 -1 0 0 0 -2.506254e-18 -1 0 0 -1 0 -0.2588264 -0.9659239 0 -0.2588264 -0.9659239 0 -0.4999871 -0.8660328 0 -0.4999871 -0.8660328 0 -0.7071068 -0.7071068 0 -0.7071068 -0.7071068 0 -0.8660328 -0.4999871 0 -0.8660328 -0.4999871 0 -0.9659239 -0.2588264 0 -0.9659239 -0.2588264 0 -1 8.911124e-18 0 -1 -8.911124e-18 0 -0.9659239 0.2588264 0 -0.9659239 0.2588264 0 -0.8660328 0.4999871 0 -0.8660328 0.4999871 0 -0.7071068 0.7071068 0 -0.7071068 0.7071068 0 -0.4999871 0.8660328 0 -0.4999871 0.8660328 0 -0.2588264 0.9659239 0 -0.2588264 0.9659239 0 0 1 0 0 1 0 0.2588264 0.9659239 0 0.2588264 0.9659239 0 0.4999871 0.8660328 0 0.4999871 0.8660328 0 0.7071068 0.7071068 0 0.7071068 0.7071068 0 0.8660328 0.4999871 0 0.8660328 0.4999871 0 0.9659239 0.2588264 0 0.9659239 0.2588264 0 1 -8.911124e-18 0 1 8.911124e-18 0 0.9659239 -0.2588264 0 0.9659239 -0.2588264 0 0.8660328 -0.4999871 0 0.8660328 -0.4999871 0 0.7071068 -0.7071068 0 0.7071068 -0.7071068 0 0.4999871 -0.8660328 0 0.4999871 -0.8660328 0 0.2588264 -0.9659239 0 0.2588264 -0.9659239 -1 0 0 -1 0 0 -1 0 0 -1 0 0 -1 0 0 -1 0 0 -1 0 0 -1 0 0 -1 0 0 -1 0 0 -1 0 0 -1 0 0 -1 0 0 -1 0 0 -1 0 0 -1 0 0 -1 0 0 -1 0 0 -1 0 0 -1 0 0 -1 0 0 -1 0 0 -1 0 0 -1 0 0 -1 0 0 0 -2.506254e-18 -1 0 0 -1 0 -0.2588264 -0.9659239 0 -0.2588264 -0.9659239 0 -0.4999871 -0.8660328 0 -0.4999871 -0.8660328 0 -0.7071068 -0.7071068 0 -0.7071068 -0.7071068 0 -0.8660328 -0.4999871 0 -0.8660328 -0.4999871 0 -0.9659239 -0.2588264 0 -0.9659239 -0.2588264 0 -1 8.911124e-18 0 -1 -8.911124e-18 0 -0.9659239 0.2588264 0 -0.9659239 0.2588264 0 -0.8660328 0.4999871 0 -0.8660328 0.4999871 0 -0.7071068 0.7071068 0 -0.7071068 0.7071068 0 -0.4999871 0.8660328 0 -0.4999871 0.8660328 0 -0.2588264 0.9659239 0 -0.2588264 0.9659239 0 0 1 0 0 1 0 0.2588264 0.9659239 0 0.2588264 0.9659239 0 0.4999871 0.8660328 0 0.4999871 0.8660328 0 0.7071068 0.7071068 0 0.7071068 0.7071068 0 0.8660328 0.4999871 0 0.8660328 0.4999871 0 0.9659239 0.2588264 0 0.9659239 0.2588264 0 1 -8.911124e-18 0 1 8.911124e-18 0 0.9659239 -0.2588264 0 0.9659239 -0.2588264 0 0.8660328 -0.4999871 0 0.8660328 -0.4999871 0 0.7071068 -0.7071068 0 0.7071068 -0.7071068 0 0.4999871 -0.8660328 0 0.4999871 -0.8660328 0 0.2588264 -0.9659239 0 0.2588264 -0.9659239 -1 0 0 -1 0 0 -1 0 0 -1 0 0 -1 0 0 -1 0 0 -1 0 0 -1 0 0 -1 0 0 -1 0 0 -1 0 0 -1 0 0 -1 0 0 -1 0 0 -1 0 0 -1 0 0 0 0.06539997 0.9978591 0 0 1 0 0.06539997 0.9978591 0 0 1 0 0.9978557 0.06545183 0 0.9978557 0.06545208 0 0.9978557 0.06545183 0 0.9978557 0.06545208 -1 0 0 -1 0 0 -1 0 0 -1 0 0 -1 0 0 -1 0 0 -1 0 0 -1 0 0 -1 0 0 -1 0 0 -1 0 0 -1 0 0 -1 0 0 -1 0 0 -1 0 0 -1 0 0 0 -0.9978557 0.06545208 0 -0.9978557 0.06545183 0 -0.9978557 0.06545208 0 -0.9978557 0.06545183 0 -0.06539997 0.9978591 0 0 1 0 -0.06539997 0.9978591 0 0 1 1 0 0 1 0 0 1 0 0 1 0 0 1 0 0 1 0 0 1 0 0 1 0 0 1 0 0 1 0 0 1 0 0 1 0 0 1 0 0 1 0 0 1 0 0 1 0 0 0 0.9978557 0.06545208 0 0.9978557 0.06545183 0 0.9978557 0.06545208 0 0.9978557 0.06545183 0 0.06539997 0.9978591 0 0 1 0 0.06539997 0.9978591 0 0 1 1 0 0 1 0 0 1 0 0 1 0 0 1 0 0 1 0 0 1 0 0 1 0 0 1 0 0 1 0 0 1 0 0 1 0 0 1 0 0 1 0 0 1 0 0 1 0 0 0 -0.06539997 0.9978591 0 0 1 0 -0.06539997 0.9978591 0 0 1 0 -0.9978557 0.06545208 0 -0.9978557 0.06545183 0 -0.9978557 0.06545208 0 -0.9978557 0.06545183 0.5682575 0.8228508 0 0.5032039 0.8641512 0.005349731 0.7062462 0.7079638 0.001883456 -0.7034766 0.710546 0.01565265 -0.7071068 0.7071068 0 -0.5002319 0.8658904 0.001350941 -0.8660484 0.4999601 0.0003097472 -0.2591372 0.9658391 0.001642321 -0.2773538 0.9606875 0.01242749 -0.3844821 0.9230629 0.0113298 -0.4326471 0.9015634 1.051389e-06 -0.5527721 0.8333325 0 0.2592992 0.9657314 0.01126203 0.1376615 0.990478 0.001656342 -0.004225274 0.9999737 0.00589616 -0.008412337 0.9999147 0.009991018 -0.1305369 0.9913522 0.01345485 0.4554266 0.8902718 0.001688254 0.3770702 0.9261764 0.003912874 0.2646566 0.9643427 0 0.8666188 0.498968 0.001649852 0.7744837 0.6325938 0.0004004922 0.6876769 0.7260168 0 -0.7727471 0.6346127 0.01134093 -0.8701808 0.4927325 0 -0.9659255 0.2588203 0 -0.9659255 0.2588203 0 -1 -5.000461e-06 0 -1 -5.000461e-06 0 -0.965928 -0.258811 0 -0.965928 -0.258811 0 -0.8660278 -0.4999959 0 -0.8660278 -0.4999959 0 -0.7071349 -0.7070787 0 -0.7071349 -0.7070787 0 -0.5000424 -0.8660009 0 -0.5000424 -0.8660009 0 -0.258774 -0.9659379 0 -0.258774 -0.9659379 0 -1.42576e-16 -1 0 -1.51487e-16 -1 0 0.258774 -0.9659379 0 0.258774 -0.9659379 0 0.5000424 -0.8660009 0 0.5000424 -0.8660009 0 0.7071349 -0.7070787 0 0.7071349 -0.7070787 0 0.8660278 -0.4999959 0 0.8660278 -0.4999959 0 0.965928 -0.258811 0 0.965928 -0.258811 0 1 -5.000461e-06 0 1 -5.000461e-06 0 0.9659255 0.2588203 0 0.9659255 0.2588203 0 0.8701808 0.4927325 0 0 0 1 0 0 1 0 0 1 0 0 1 0 0 1 0 0 1 0 0 1 0 0 1 0 0 1 0 0 1 0 0 1 0 0 1 0 0 1 0 0 1 0 0 1 0 0 1 0 0 1 0 0 1 0 0 1 0 0 1 0 0 1 0 0 1 0 0 1 0 0 1 0 0 1 0 0 1 0 0 1 0 0 1 0 0 1 0 0 1 0 0 1 0 0 1 0 0 1 0 0 1 0 0 1 0 0 1 0 0 1 0 0 1 0 0 1 0 0 1 0 0 1 0 0 1 0 0 1 0 0 1 0 0 1 0 0 1 0 0 1 0 0 1 -0.5682575 -0.8228508 0 -0.5032039 -0.8641512 0.005349731 -0.7062462 -0.7079638 0.001883456 0.7034766 -0.710546 0.01565265 0.7071068 -0.7071068 0 0.5002319 -0.8658904 0.001350941 0.8660484 -0.4999601 0.0003097472 0.2591372 -0.9658391 0.001642321 0.2773538 -0.9606875 0.01242749 0.3844821 -0.9230629 0.0113298 0.4326471 -0.9015634 1.051389e-06 0.5527721 -0.8333325 0 -0.2592992 -0.9657314 0.01126203 -0.1376615 -0.990478 0.001656342 0.004225274 -0.9999737 0.00589616 0.008412337 -0.9999147 0.009991018 0.1305369 -0.9913522 0.01345485 -0.4554266 -0.8902718 0.001688254 -0.3770702 -0.9261764 0.003912874 -0.2646566 -0.9643427 0 -0.8666188 -0.498968 0.001649852 -0.7744837 -0.6325938 0.0004004922 -0.6876769 -0.7260168 0 0.7727471 -0.6346127 0.01134093 0.8701808 -0.4927325 0 0.9659255 -0.2588203 0 0.9659255 -0.2588203 0 1 5.000461e-06 0 1 5.000461e-06 0 0.965928 0.258811 0 0.965928 0.258811 0 0.8660278 0.4999959 0 0.8660278 0.4999959 0 0.7071349 0.7070787 0 0.7071349 0.7070787 0 0.5000424 0.8660009 0 0.5000424 0.8660009 0 0.258774 0.9659379 0 0.258774 0.9659379 0 5.524821e-16 1 0 5.703041e-16 1 0 -0.258774 0.9659379 0 -0.258774 0.9659379 0 -0.5000424 0.8660009 0 -0.5000424 0.8660009 0 -0.7071349 0.7070787 0 -0.7071349 0.7070787 0 -0.8660278 0.4999959 0 -0.8660278 0.4999959 0 -0.965928 0.258811 0 -0.965928 0.258811 0 -1 5.000461e-06 0 -1 5.000461e-06 0 -0.9659255 -0.2588203 0 -0.9659255 -0.2588203 0 -0.8701808 -0.4927325 0 0 0 1 0 0 1 0 0 1 0 0 1 0 0 1 0 0 1 0 0 1 0 0 1 0 0 1 0 0 1 0 0 1 0 0 1 0 0 1 0 0 1 0 0 1 0 0 1 0 0 1 0 0 1 0 0 1 0 0 1 0 0 1 0 0 1 0 0 1 0 0 1 0 0 1 0 0 1 0 0 1 0 0 1 0 0 1 0 0 1 0 0 1 0 0 1 0 0 1 0 0 1 0 0 1 0 0 1 0 0 1 0 0 1 0 0 1 0 0 1 0 0 1 0 0 1 0 0 1 0 0 1 0 0 1 0 0 1 0 0 1 0 0 1 -1 4.996917e-06 0 -1 4.996917e-06 0 -0.9659378 -0.2587744 0 -0.9659378 -0.2587744 0 -0.8660006 -0.500043 0 -0.8660006 -0.500043 0 -0.7070787 -0.7071349 0 -0.7070787 -0.7071349 0 -0.4999959 -0.8660278 0 -0.4999959 -0.8660278 0 -0.258811 -0.965928 0 -0.258811 -0.965928 0 4.544674e-16 -1 0 4.455562e-16 -1 0 0.258811 -0.965928 0 0.258811 -0.965928 0 0.4999959 -0.8660278 0 0.4999959 -0.8660278 0 0.7070787 -0.7071349 0 0.7070787 -0.7071349 0 0.8660006 -0.500043 0 0.8660006 -0.500043 0 0.9659378 -0.2587744 0 0.9659378 -0.2587744 0 1 4.996917e-06 0 1 4.996917e-06 0 0.9659403 0.2587651 0 0.9659403 0.2587651 0 0.866005 0.5000354 0 0.866005 0.5000354 0 0.7071068 0.7071068 0 0.7071068 0.7071068 0 0.5000354 0.866005 0 0.5000354 0.866005 0 0.2587651 0.9659403 0 0.2587651 0.9659403 0 4.455507e-16 1 0 4.544617e-16 1 0 -0.2587651 0.9659403 0 -0.2587651 0.9659403 0 -0.5000354 0.866005 0 -0.5000354 0.866005 0 -0.7071068 0.7071068 0 -0.7071068 0.7071068 0 -0.866005 0.5000354 0 -0.866005 0.5000354 0 -0.9659403 0.2587651 0 -0.9659403 0.2587651 0 0 0 1 0 0 1 0 0 1 0 0 1 0 0 1 0 0 1 0 0 1 0 0 1 0 0 1 0 0 1 0 0 1 0 0 1 0 0 1 0 0 1 0 0 1 0 0 1 0 0 1 0 0 1 0 0 1 0 0 1 0 0 1 0 0 1 0 0 1 0 0 1 0 0 1 0 0 1 0 0 1 0 0 1 0 0 1 0 0 1 0 0 1 0 0 1 0 0 1 0 0 1 0 0 1 0 0 1 0 0 1 0 0 1 0 0 1 0 0 1 0 0 1 0 0 1 0 0 1 0 0 1 0 0 1 0 0 1 0 0 1 0 0 1 -1 -4.996917e-06 0 -1 -4.996917e-06 0 -0.9659403 -0.2587651 0 -0.9659403 -0.2587651 0 -0.866005 -0.5000354 0 -0.866005 -0.5000354 0 -0.7071068 -0.7071068 0 -0.7071068 -0.7071068 0 -0.5000354 -0.866005 0 -0.5000354 -0.866005 0 -0.2587651 -0.9659403 0 -0.2587651 -0.9659403 0 4.544617e-16 -1 0 4.455507e-16 -1 0 0.2587651 -0.9659403 0 0.2587651 -0.9659403 0 0.5000354 -0.866005 0 0.5000354 -0.866005 0 0.7071068 -0.7071068 0 0.7071068 -0.7071068 0 0.866005 -0.5000354 0 0.866005 -0.5000354 0 0.9659403 -0.2587651 0 0.9659403 -0.2587651 0 1 -4.996917e-06 0 1 -4.996917e-06 0 0.9659378 0.2587744 0 0.9659378 0.2587744 0 0.8660006 0.500043 0 0.8660006 0.500043 0 0.7070787 0.7071349 0 0.7070787 0.7071349 0 0.4999959 0.8660278 0 0.4999959 0.8660278 0 0.258811 0.965928 0 0.258811 0.965928 0 4.455562e-16 1 0 4.455562e-16 1 0 -0.258811 0.965928 0 -0.258811 0.965928 0 -0.4999959 0.8660278 0 -0.4999959 0.8660278 0 -0.7070787 0.7071349 0 -0.7070787 0.7071349 0 -0.8660006 0.500043 0 -0.8660006 0.500043 0 -0.9659378 0.2587744 0 -0.9659378 0.2587744 0 0 0 1 0 0 1 0 0 1 0 0 1 0 0 1 0 0 1 0 0 1 0 0 1 0 0 1 0 0 1 0 0 1 0 0 1 0 0 1 0 0 1 0 0 1 0 0 1 0 0 1 0 0 1 0 0 1 0 0 1 0 0 1 0 0 1 0 0 1 0 0 1 0 0 1 0 0 1 0 0 1 0 0 1 0 0 1 0 0 1 0 0 1 0 0 1 0 0 1 0 0 1 0 0 1 0 0 1 0 0 1 0 0 1 0 0 1 0 0 1 0 0 1 0 0 1 0 0 1 0 0 1 0 0 1 0 0 1 0 0 1 0 0 1 0 0.9659133 0.2588657 0 0.9659133 0.2588657 0 0.8660401 0.4999746 0 0.8660401 0.4999746 0 0.7071319 0.7070817 0 0.7071319 0.7070817 0 0.4999945 0.8660286 0 0.4999945 0.8660286 0 0.2588109 0.965928 0 0.2588109 0.965928 0 0.9659132 0.2588661 0 0.9659132 0.2588661 0 0.8660415 0.4999722 0 0.8660415 0.4999722 0 0.7071365 0.707077 0 0.7071365 0.707077 0 0.4999959 0.8660278 0 0.4999959 0.8660278 0 0.2588018 0.9659305 0 0.2588018 0.9659305 0 -0.2588109 0.965928 0 -0.2588109 0.965928 0 -0.4999945 0.8660286 0 -0.4999945 0.8660286 0 -0.7071319 0.7070817 0 -0.7071319 0.7070817 0 -0.8660401 0.4999746 0 -0.8660401 0.4999746 0 -0.9659133 0.2588657 0 -0.9659133 0.2588657 0 -0.2588018 0.9659305 0 -0.2588018 0.9659305 0 -0.4999959 0.8660278 0 -0.4999959 0.8660278 0 -0.7071365 0.707077 0 -0.7071365 0.707077 0 -0.8660415 0.4999722 0 -0.8660415 0.4999722 0 -0.9659132 0.2588661 0 -0.9659132 0.2588661 0 -0.2588109 0.965928 0 -0.2588109 0.965928 0 -0.4999945 0.8660286 0 -0.4999945 0.8660286 0 -0.7071319 0.7070817 0 -0.7071319 0.7070817 0 -0.8660401 0.4999746 0 -0.8660401 0.4999746 0 -0.9659133 0.2588657 0 -0.9659133 0.2588657 0 -0.9659132 0.2588661 0 -0.9659132 0.2588661 0 -0.8660415 0.4999722 0 -0.8660415 0.4999722 0 -0.7071365 0.707077 0 -0.7071365 0.707077 0 -0.4999959 0.8660278 0 -0.4999959 0.8660278 0 -0.2588018 0.9659305 0 -0.2588018 0.9659305 0 0.2588018 0.9659305 0 0.2588018 0.9659305 0 0.4999959 0.8660278 0 0.4999959 0.8660278 0 0.7071365 0.707077 0 0.7071365 0.707077 0 0.8660415 0.4999722 0 0.8660415 0.4999722 0 0.9659132 0.2588661 0 0.9659132 0.2588661 0 0.9659133 0.2588657 0 0.9659133 0.2588657 0 0.8660401 0.4999746 0 0.8660401 0.4999746 0 0.7071319 0.7070817 0 0.7071319 0.7070817 0 0.4999945 0.8660286 0 0.4999945 0.8660286 0 0.2588109 0.965928 0 0.2588109 0.965928 -0.992146 -0.1250849 -5.142694e-06 -0.963851 -0.2582973 -0.06537441 -0.8641353 -0.4990178 -0.06520264 -0.9298191 -0.3680168 -5.216235e-06 -0.9687601 -0.2479999 0 -0.7130529 -0.7011095 -0.001016074 -0.8073702 -0.5900451 -0.0004733034 -0.8757615 -0.482744 0 -0.7056218 -0.7055966 -0.06504841 -0.4989073 -0.8642142 -0.06500314 -0.551617 -0.8340975 0 -0.2582881 -0.9638762 -0.06503751 -0.3206642 -0.9471929 0 -1.249101e-06 -0.9471877 0.3206796 -0.01371728 -0.9920965 0.1247255 -0.009387408 -0.9853153 0.1704867 -0.007396058 -0.981077 0.1934764 0.01022942 -0.9831959 0.1822669 1.23934e-06 -0.9471877 0.3206796 0.006427838 -0.9781043 0.2080159 0.002537147 -0.9742225 0.2255751 -0.003989088 -0.9762149 0.2167683 7.324335e-05 -0.9693466 0.2456972 7.344698e-05 -0.9693466 0.2456972 0.002479802 -0.9755933 0.2195715 0.006332155 -0.978691 0.2052408 0.01462307 -0.9907817 0.1346768 -0.01337826 -0.9924829 0.1216503 0.0101067 -0.9835744 0.1802199 0.01443108 -0.991045 0.132746 -0.004033693 -0.9757822 0.2187072 -0.007333629 -0.9812817 0.1924381 -0.009217423 -0.9856589 0.1684978 0 -0.7017567 0.7124166 0 -0.8341005 0.5516125 0 -0.8341005 0.5516125 0 -0.1249434 0.9921639 0 -0.1249434 0.9921639 0 -0.2482427 0.9686979 0 -0.2482427 0.9686979 0 -0.3681269 0.9297756 0 -0.3681269 0.9297756 0 -0.4827321 0.8757681 0 -0.4827321 0.8757681 0 -0.5900618 0.8073581 0 -0.5900618 0.8073581 0 -0.7017567 0.7124166 -7.347585e-05 0.9624465 0.2714715 -0.002562431 0.9735995 0.2282485 -1.085584e-06 0.9913408 0.1313141 -0.006443385 0.9780063 0.2084759 -0.01023486 0.983176 0.1823735 -0.006332155 0.978691 0.2052408 -0.002479802 0.9755933 0.2195715 -7.308139e-05 0.9624465 0.2714715 1.095073e-06 0.9913408 0.1313141 0.01367858 0.9921405 0.1243792 0.009377202 0.9853346 0.1703756 0.007402549 0.9810531 0.1935977 0.004008378 0.9760334 0.2175839 0.01337826 0.9924829 0.1216503 -0.0101067 0.9835744 0.1802199 -0.01443108 0.991045 0.132746 0.004033693 0.9757822 0.2187072 0.007333629 0.9812817 0.1924381 0.009217423 0.9856589 0.1684978 -0.01460045 0.9908126 0.1344519 0 0.9470936 0.3209576 0 0.9470936 0.3209576 0 0.9239229 0.3825786 0 0.9239229 0.3825786 0 0.8341701 0.5515073 0 0.8341701 0.5515073 0 0.793357 0.6087567 -3.179068e-07 0.5771515 0.8166371 -1.616966e-07 0.5321899 0.846625 3.420228e-07 0.4166738 0.9090561 6.190544e-07 0.5321905 0.8466246 0 0.5771512 0.8166373 0 0.7063167 0.707896 0 0.7063167 0.707896 0 0.793357 0.6087567 0 0.416674 0.909056 0 0.2846203 0.9586403 0 0.2846203 0.9586403 0 0.1994493 0.9799081 0 0.1994493 0.9799081 0 0.1078941 0.9941624 0 0.1078941 0.9941624 0.9941192 0.10829 -0.0004890504 0.9798674 0.1996424 -0.001655606 0.9590011 0.2833988 -0.001425573 0.9638884 0.258211 -0.06516391 0.9091282 0.4165163 0.0001656976 0.8641477 0.4990008 -0.06516907 0.8463709 0.5325937 0.0004700774 0.7056218 0.7055966 -0.06504842 0.4989073 0.8642142 -0.06500314 0.551506 0.8341709 -3.786934e-06 0.6088518 0.793284 -1.505235e-06 0.7089457 0.7052621 -0.001150769 0.8162801 0.5776563 -0.000221508 0.2582881 0.9638762 -0.06503752 0.1313415 0.9913372 -9.846584e-07 0.3208887 0.9471169 -3.739879e-07 0.3826887 0.9238774 -1.332077e-07 -1.249101e-06 0.9471877 -0.3206796 -0.01371728 0.9920965 -0.1247255 -0.009387408 0.9853153 -0.1704867 -0.007395455 0.9810771 -0.193476 -0.003989624 0.9762154 -0.2167661 7.324335e-05 0.9693466 -0.2456972 7.344905e-05 0.9693466 -0.2456972 0.002537533 0.9742132 -0.2256151 0.06291456 0.9643575 -0.2570142 0.006428654 0.9780993 -0.2080396 0.01023057 0.9831924 -0.1822858 0.002479802 0.9755933 -0.2195715 0.006332155 0.978691 -0.2052408 -0.01337826 0.9924829 -0.1216503 0.0101067 0.9835744 -0.1802199 0.01443108 0.991045 -0.132746 -0.00403423 0.9757827 -0.218705 -0.007333025 0.9812818 -0.1924377 -0.009217423 0.9856589 -0.1684978 0.0146253 0.9907785 -0.1346999 0.05662817 0.8659714 -0.496877 0 0.8341005 -0.5516125 0.04660296 0.7090385 -0.7036282 0 0.7017567 -0.7124166 1.178641e-07 0.5900968 -0.8073325 0.03330295 0.5037502 -0.8632072 0 0.4827126 -0.8757788 1.18453e-07 0.3681024 -0.9297853 0.01765181 0.2637726 -0.9644234 0.0003834715 0.2479159 -0.9687815 0.000303451 0.1251092 -0.9921429 -0.9941214 0.1082698 -0.0004512381 -0.9799479 0.1992527 -0.0007448992 -0.9921828 0.1247922 0.0004385613 -0.9587556 0.2842317 -0.0001633067 -0.9687597 0.2480012 0 -0.9298284 0.3679935 -6.171584e-05 -0.9090597 0.4166657 0.0003411471 -0.8756841 0.4828844 4.568377e-05 -0.8463599 0.5326113 0.0003428576 -0.8076547 0.5896557 0.0002714033 -0.8165111 0.5773297 0.0001075401 -0.7122021 0.7019744 -5.589708e-05 -0.7080206 0.7061917 0 -0.6088522 0.7932837 -1.934866e-08 -0.5516149 0.8340989 -2.174187e-06 -0.5515021 0.8341735 0 -0.3826887 0.9238773 -2.464266e-09 -0.3206639 0.9471931 -2.599727e-07 -0.3208866 0.9471176 -5.962178e-06 -0.131367 0.9913338 -1.812514e-05 1.249101e-06 -0.9471877 -0.3206796 0.01371728 -0.9920965 -0.1247255 0.009387408 -0.9853153 -0.1704867 0.007395455 -0.9810771 -0.193476 0.003989624 -0.9762154 -0.2167661 -7.324335e-05 -0.9693466 -0.2456972 -7.344905e-05 -0.9693466 -0.2456972 -0.002537533 -0.9742132 -0.2256151 -0.06291456 -0.9643575 -0.2570142 -0.006428654 -0.9780993 -0.2080396 -0.01023057 -0.9831924 -0.1822858 -0.002479802 -0.9755933 -0.2195715 -0.006332155 -0.978691 -0.2052408 0.01337826 -0.9924829 -0.1216503 -0.0101067 -0.9835744 -0.1802199 -0.01443108 -0.991045 -0.132746 0.00403423 -0.9757827 -0.218705 0.007333025 -0.9812818 -0.1924377 0.009217423 -0.9856589 -0.1684978 -0.0146253 -0.9907785 -0.1346999 -0.05662817 -0.8659714 -0.496877 0 -0.8341005 -0.5516125 -0.04660296 -0.7090385 -0.7036282 0 -0.7017567 -0.7124166 -1.178641e-07 -0.5900968 -0.8073325 -0.03330295 -0.5037502 -0.8632072 0 -0.4827126 -0.8757788 -1.18453e-07 -0.3681024 -0.9297853 -0.01765181 -0.2637726 -0.9644234 -0.0003834715 -0.2479159 -0.9687815 -0.000303451 -0.1251092 -0.9921429 0.992146 -0.1250849 0 0.992146 -0.1250851 0 0.9687601 -0.2479999 0 0.9687597 -0.2480012 0 0.9298185 -0.3680184 0 0.9298191 -0.3680168 0 0.8757619 -0.4827434 0 0.8757615 -0.482744 0 0.8074678 -0.5899117 0 0.8074673 -0.5899123 0 0.7122455 -0.7019305 0 0.7122455 -0.7019305 0 0.551617 -0.8340975 0 0.551617 -0.8340975 0 0.3206642 -0.9471929 0 0.3206642 -0.9471929 0 0 0 1 0 0 1 0 0 1 0 0 1 0 0 1 0 0 1 0 0 1 0 0 1 0 0 1 0 0 1 0 0 1 0 0 1 0 0 1 0 0 1 0 0 1 0 0 1 0 0 1 0 0 1 0 0 1 0 0 1 0 0 1 0 0 1 0 0 1 0 0 1 0 0 1 0 0 1 0 0 1 0 0 1 0 0 1 0 0 1 0 0 1 0 0 1 0 0 1 0 0 1 0 0 1 0 0 1 0 0 1 0 0 1 0 0 1 0 0 1 0 0 1 0 0 1 0 0 1 0 0 1 0 0 1 0 0 1 0 0 1 0 0 1 -0.9689509 -0.2388568 0.06388693 -0.9656626 -0.2597512 0.005010951 -0.9850163 -0.1596626 0.06519836 -0.9999806 -1.781225e-17 0.006236797 -0.9460295 -0.3172028 0.06641226 -0.8840831 -0.4625808 0.06645352 -0.8665446 -0.4990736 0.005093412 -0.7469486 -0.6617356 0.06460533 -0.7068702 -0.707317 0.006091146 -0.7976339 -0.5996145 0.06513552 -0.8434597 -0.5333473 0.0641594 -0.4990112 -0.8642412 0.06383593 -0.4989088 -0.8666451 0.004047843 -0.5674174 -0.8208196 0.06551876 -0.6909281 -0.7199309 0.0657104 -0.4261867 -0.9021447 0.06708122 -0.2789947 -0.9579414 0.06715847 -0.2603618 -0.9655017 0.004265595 -0.04017893 -0.9971287 0.06418702 0.0006417211 -0.9999837 0.005681489 -0.1204145 -0.9905853 0.06512422 -0.1996151 -0.9777428 0.06459772 0.04103623 -0.9969757 0.06599682 0.1986323 -0.9778526 0.06595091 0.2582997 -0.9660487 0.005580148 0.2776406 -0.9585557 0.06392748 0.3542303 -0.9328782 0.06526231 0.4999986 -0.8660038 0.00622519 0.6912558 -0.7197763 0.06393336 0.7077764 -0.7064188 0.005006425 0.6307827 -0.7732105 0.06525906 0.4989253 -0.8641559 0.0656369 0.7476698 -0.6607384 0.06644204 0.8427004 -0.5342697 0.06642188 0.8654799 -0.5009178 0.005095859 0.9465611 -0.3159832 0.06462725 0.9659884 -0.2585136 0.006094648 0.9180911 -0.3909827 0.06512472 0.8836472 -0.4637401 0.06413139 0.9979614 0 0.0638204 0.999991 0.001265616 0.00405156 0.9945613 -0.08096787 0.06551332 0.9689469 -0.2383683 0.06574548 0.9943731 0.08200579 0.0670609 0.9691021 0.2373323 0.06719058 0.9663275 0.25728 0.004269321 0.8836472 0.4637401 0.06413139 0.86569 0.5005482 0.005690017 0.9180911 0.3909827 0.06512472 0.9465611 0.3159832 0.06462725 0.8429059 0.5340086 0.06591294 0.7474763 0.6610095 0.06592169 0.707475 0.7067163 0.005586464 0.6912583 0.7197734 0.06393917 0.6307782 0.7732141 0.06525917 0.4999986 0.8660038 0.00622519 0.2776348 0.9585567 0.06393659 0.2578912 0.966161 0.005000014 0.354235 0.9328762 0.06526596 0.4989274 0.8641549 0.065634 0.1982858 0.9778886 0.06645767 0.04138065 0.9969285 0.06649218 0.001066888 0.9999865 0.005087238 -0.1996151 0.9777428 0.06459772 -0.2591239 0.9658249 0.006091151 -0.1204145 0.9905853 0.06512422 -0.04017893 0.9971287 0.06418702 -0.4990123 0.8642407 0.06383371 -0.5011001 0.8653799 0.004049439 -0.4271669 0.9017957 0.06552062 -0.2780341 0.9583217 0.06570033 -0.5682121 0.820144 0.06707314 -0.6901161 0.7205754 0.06716321 -0.7059722 0.7082267 0.004267293 -0.8434597 0.5333473 0.0641594 -0.8663297 0.4994402 0.005687335 -0.7976339 0.5996145 0.06513552 -0.7469486 0.6617356 0.06460533 -0.8839526 0.4629012 0.06595712 -0.9461711 0.3168863 0.06590448 -0.9657695 0.2593415 0.005590778 -0.9689489 0.2388626 0.06389633 -0.9850175 0.1596543 0.06519942 -0.9978478 3.558261e-06 0.0655732 -0.9157973 0.305745 0.2604521 -0.1163776 0.9584318 0.2605087 0.8882121 -0.3784447 0.2604972 -0.7718341 -0.5800161 0.2604868 -0.07026611 0.2425825 0.9675828 -0.1082733 0.22818 0.9675799 -0.2121864 0.4471634 0.8689199 0.2452221 -0.0604365 0.9675813 0.2517308 -0.02031745 0.967584 0.4933831 -0.0398107 0.8689006 -0.1749413 -0.1821303 0.9675867 -0.1434649 -0.2078476 0.9675832 -0.2811685 -0.4073267 0.8689242 -0.2492827 0.04051034 0.9675831 -0.2395323 0.07997365 0.967589 -0.2236249 0.1173684 0.9675828 0.2134554 0.1349764 0.9675837 0.01016869 -0.2523488 0.9675829 -0.3016827 -0.6357697 0.7104818 -0.212185 -0.4471645 0.8689197 -0.1082689 -0.2281819 0.9675799 0.1755066 -0.4627796 0.868926 0.09900754 -0.4849437 0.868923 0.05051546 -0.2474511 0.9675826 0.7014815 0.05662996 0.7104342 0.4933731 0.03981462 0.8689061 0.2517332 0.02031365 0.9675835 0.3130286 0.3833956 0.8689194 0.3704741 0.3281927 0.8689295 0.1890462 0.1674807 0.9675804 -0.3997644 0.5791446 0.7104787 -0.2811726 0.4073327 0.86892 -0.1434619 0.2078443 0.9675843 -0.2404752 -0.8301993 0.5029321 -0.1957927 -0.675938 0.7104738 -0.1377011 -0.4754136 0.868919 -0.07026629 -0.2425798 0.9675834 0.1407671 -0.6895054 0.7104695 0.2495414 -0.6580012 0.7104671 0.3518641 -0.6094562 0.710461 0.8392139 0.2068628 0.5029193 0.6832775 0.1684159 0.7104703 0.4805657 0.1184357 0.8689244 0.245225 0.06044236 0.9675802 0.5267441 0.4666571 0.7104729 0.4450705 0.5451069 0.7104722 0.3518582 0.6094591 0.7104614 -0.5987379 0.6233611 0.5029253 -0.4875001 0.5075282 0.7104638 -0.3428565 0.3569603 0.8689239 -0.1749363 0.1821349 0.9675868 -0.8531185 -0.1386388 0.5029594 -0.8643101 -5.586102e-08 0.5029593 -0.7037064 2.646364e-06 0.7104909 -0.1163762 -0.9584322 0.2605079 -0.1041885 -0.8580309 0.5029193 -0.08482509 -0.6986032 0.7104634 -0.05965701 -0.4913398 0.8689224 -0.03044268 -0.2507077 0.9675841 0.1728891 -0.8468684 0.5029148 0.3064901 -0.8081766 0.5029058 0.4321662 -0.7485394 0.5029127 0.546645 -0.6695127 0.5029235 0.8882093 0.3784541 0.2604932 0.7951608 0.3388176 0.5029134 0.6474049 0.2758343 0.7104804 0.455348 0.1940171 0.8689163 0.2323494 0.09900197 0.9675807 0.6469626 0.5731743 0.5029022 0.5466549 0.6695003 0.5029292 0.4321638 0.7485446 0.5029069 0.3064888 0.8081797 0.5029018 -0.7718373 0.5800114 0.260488 -0.690992 0.5192422 0.5029091 -0.5625647 0.4227615 0.7104883 -0.3956664 0.2973296 0.8689322 -0.2019086 0.1517152 0.9675823 -0.9654857 6.005685e-06 0.2604561 -0.952988 -0.1548672 0.2604422 -0.9157973 -0.3057439 0.2604535 -0.8549042 -0.4486675 0.2604539 -0.8198448 -0.2737179 0.5029246 -0.6945965 -0.1128926 0.7104865 -0.494947 7.579026e-06 0.8689232 -0.2492817 -0.04051342 0.9675832 -0.2395333 -0.07996845 0.9675892 -0.469465 -0.1567269 0.86893 -0.4382731 -0.2300275 0.8689097 -0.6231177 -0.3270318 0.7104749 -0.5625772 -0.4227545 0.7104826 -0.6909809 -0.5192518 0.5029145 -0.5987386 -0.6233598 0.5029261 -0.6687982 -0.6963114 0.2604983 -0.5484659 -0.7945598 0.2604994 -0.223628 -0.1173704 0.9675819 -0.3956731 -0.2973207 0.8689322 -0.4874882 -0.5075322 0.710469 -0.4909979 -0.7113226 0.5029325 -0.4138956 -0.8722606 0.260484 -0.2019018 -0.1517183 0.9675832 -0.3428594 -0.3569636 0.8689214 -0.3997669 -0.5791441 0.7104777 -0.3705267 -0.780887 0.5029169 -0.2686073 -0.927359 0.2604908 0.1931266 -0.945959 0.2605067 0.3423606 -0.902733 0.2605042 0.4827435 -0.8361168 0.2605137 0.6105983 -0.7478603 0.2605276 0.7226785 -0.6402259 0.2604739 0.08955569 -0.2361391 0.9675836 0.2474678 -0.4286361 0.8689251 0.4450714 -0.5451087 0.7104703 0.6469853 -0.5731542 0.502896 0.8160213 -0.5160187 0.2604495 0.1597362 -0.1956397 0.9675792 0.1890447 -0.1674767 0.9675813 0.3704759 -0.3282077 0.8689231 0.4183552 -0.2645438 0.8689048 0.5947892 -0.3761128 0.7104681 0.6474133 -0.2758451 0.7104686 0.7951665 -0.3387992 0.5029167 0.8392103 -0.2068582 0.5029272 0.9374127 -0.2310509 0.2605242 0.96234 -0.07767456 0.2605156 0.2134538 -0.1349813 0.9675833 0.2323525 -0.09900196 0.9675799 0.4553362 -0.1940182 0.8689222 0.4805757 -0.1184428 0.8689179 0.6832684 -0.1684243 0.710477 0.7014769 -0.05661781 0.7104397 0.8615127 -0.06955025 0.50295 0.861517 0.06954432 0.5029434 0.9623353 0.07767722 0.2605322 0.9374092 0.2310445 0.2605428 0.7226703 0.6402302 0.260486 0.6106081 0.7478541 0.2605227 0.4827423 0.8361146 0.2605231 0.3423616 0.9027327 0.2605037 0.1931238 0.9459594 0.2605072 0.1597318 0.1956394 0.96758 0.2474694 0.428639 0.8689232 0.249543 0.6580003 0.7104674 0.1728906 0.846869 0.5029132 0.03888477 0.9646865 0.2605148 0.0895569 0.2361399 0.9675833 0.05051471 0.2474533 0.9675821 0.09900626 0.4849432 0.8689234 0.01992915 0.49455 0.8689207 0.02833458 0.7031617 0.7104652 -0.08482705 0.6986017 0.7104647 -0.104193 0.8580319 0.5029165 -0.2404675 0.8302037 0.5029285 -0.2686055 0.9273579 0.2604964 -0.4139026 0.872257 0.2604848 0.01016862 0.2523484 0.967583 -0.03044157 0.2507081 0.967584 -0.05965499 0.4913393 0.8689229 -0.1377007 0.4754093 0.8689215 -0.1957919 0.6759393 0.7104728 -0.3016803 0.635773 0.7104799 -0.3705355 0.7808808 0.5029202 -0.490989 0.711325 0.5029379 -0.5484605 0.7945642 0.2604973 -0.6687946 0.6963128 0.2605038 -0.765325 -0.4016568 0.5029409 -0.6675036 -0.2228523 0.7104757 -0.4885573 -0.07941259 0.8689105 -0.2525416 4.367618e-07 0.967586 0.03888301 -0.9646873 0.2605122 0.01993077 -0.4945492 0.8689211 0.02833579 -0.7031621 0.7104648 0.03480075 -0.8636328 0.5029188 0.7304927 -0.4619607 0.5029641 0.5267279 -0.4666568 0.7104852 0.3130285 -0.3833884 0.8689226 0.1262765 -0.2187158 0.9675834 0.8160209 0.5160112 0.2604657 0.4183479 0.2645544 0.8689051 0.5947829 0.3761236 0.7104677 0.7305144 0.4619307 0.50296 0.03480164 0.8636336 0.5029174 0.1407687 0.6895038 0.7104708 0.1755094 0.4627762 0.8689273 0.1262768 0.2187114 0.9675844 -0.8549034 0.4486697 0.2604528 -0.4382886 0.2300122 0.8689059 -0.6231189 0.3270227 0.710478 -0.765317 0.4016715 0.5029413 -0.4694566 0.1567478 0.8689308 -0.6675025 0.2228539 0.7104762 -0.8198508 0.2737021 0.5029232 -0.4885605 0.07939418 0.8689104 -0.694592 0.1128899 0.7104913 -0.8531182 0.1386487 0.5029571 -0.9529902 0.1548587 0.2604388 -1 1.215554e-16 0 -1 1.336691e-16 0 -0.965913 -0.258867 0 -0.965913 -0.258867 0 -0.8660582 -0.4999432 0 -0.8660582 -0.4999432 0 -0.7071354 -0.7070782 0 -0.7071354 -0.7070782 0 -0.4999691 -0.8660432 0 -0.4999691 -0.8660432 0 -0.2587996 -0.965931 0 -0.2587996 -0.965931 0 -8.911135e-18 -1 0 8.911135e-18 -1 0 0.2587996 -0.965931 0 0.2587996 -0.965931 0 0.4999691 -0.8660432 0 0.4999691 -0.8660432 0 0.7071354 -0.7070782 0 0.7071354 -0.7070782 0 0.8660582 -0.4999432 0 0.8660582 -0.4999432 0 0.965913 -0.258867 0 0.965913 -0.258867 0 1 -2.940721e-16 0 1 -3.029833e-16 0 0.965913 0.258867 0 0.965913 0.258867 0 0.8660582 0.4999432 0 0.8660582 0.4999432 0 0.7071354 0.7070782 0 0.7071354 0.7070782 0 0.4999691 0.8660432 0 0.4999691 0.8660432 0 0.2587996 0.965931 0 0.2587996 0.965931 0 8.911135e-18 1 0 -8.911135e-18 1 0 -0.2587996 0.965931 0 -0.2587996 0.965931 0 -0.4999691 0.8660432 0 -0.4999691 0.8660432 0 -0.7071354 0.7070782 0 -0.7071354 0.7070782 0 -0.8660582 0.4999432 0 -0.8660582 0.4999432 0 -0.965913 0.258867 0 -0.965913 0.258867 0 -0.9643525 -0.0628969 -0.2570373 -0.9337057 -0.2501608 -0.2561508 -0.4399913 -0.2538997 -0.8613609 -0.2328185 -0.1344659 -0.9631793 -0.1901296 -0.1901177 -0.9631749 -0.06964354 -0.2597273 -0.9631674 -0.2597361 -0.06966156 -0.9631638 -0.4907707 -0.1315415 -0.8613019 -0.6882272 -0.1843298 -0.7016878 -0.2637883 -0.01762338 -0.9644196 -0.3592225 -0.3593045 -0.8613126 -0.1344593 -0.232796 -0.9631857 -0.2540062 -0.4399562 -0.8613474 -0.1314656 -0.4907762 -0.8613103 -0.5037331 -0.03322531 -0.8632202 -0.7090421 -0.04656921 -0.7036267 -0.865971 -0.05663666 -0.4968768 -0.6170576 -0.3562318 -0.7016686 -0.503797 -0.5037731 -0.7017131 -0.3562072 -0.6170417 -0.701695 -0.1843258 -0.6882513 -0.7016653 -0.8391175 -0.2247508 -0.4953472 -0.7523671 -0.4342518 -0.4953474 -0.6142731 -0.6142816 -0.4953046 -0.4342532 -0.7524053 -0.4952883 -0.224781 -0.8391056 -0.4953537 -0.8371403 -0.4833393 -0.2560843 -0.6835196 -0.683536 -0.2560848 -0.4833338 -0.8371262 -0.2561408 -0.2501545 -0.933712 -0.2561339 -0.2588018 0 -0.9659305 -0.4999959 0 -0.8660278 -0.7071365 0 -0.707077 -0.8660415 0 -0.4999722 -0.9659132 0 -0.2588661 0.9643525 0.0628969 -0.2570373 0.9337057 0.2501608 -0.2561508 0.4399913 0.2538997 -0.8613609 0.2328185 0.1344659 -0.9631793 0.1901296 0.1901177 -0.9631749 0.06964354 0.2597273 -0.9631674 0.2597361 0.06966156 -0.9631638 0.4907707 0.1315415 -0.8613019 0.6882272 0.1843298 -0.7016878 0.2637883 0.01762338 -0.9644196 0.3592225 0.3593045 -0.8613126 0.1344593 0.232796 -0.9631857 0.2540062 0.4399562 -0.8613474 0.1314656 0.4907762 -0.8613103 0.5037331 0.03322531 -0.8632202 0.7090421 0.04656921 -0.7036267 0.865971 0.05663666 -0.4968768 0.6170576 0.3562318 -0.7016686 0.503797 0.5037731 -0.7017131 0.3562072 0.6170417 -0.701695 0.1843258 0.6882513 -0.7016653 0.8391175 0.2247508 -0.4953472 0.7523671 0.4342518 -0.4953474 0.6142731 0.6142816 -0.4953046 0.4342532 0.7524053 -0.4952883 0.224781 0.8391056 -0.4953537 0.8371403 0.4833393 -0.2560843 0.6835196 0.683536 -0.2560848 0.4833338 0.8371262 -0.2561408 0.2501545 0.933712 -0.2561339 0.2588018 0 -0.9659305 0.4999959 0 -0.8660278 0.7071365 0 -0.707077 0.8660415 0 -0.4999722 0.9659132 0 -0.2588661 -0.7071353 0.7070782 1.185364e-08 -0.6087553 0.7933581 1.363586e-10 -0.4999691 0.8660432 1.191735e-08 -0.4999713 0.866042 0 -0.2587996 0.965931 0 -0.2587996 0.965931 0 -8.911135e-18 1 0 8.911135e-18 1 0 0.2587996 0.965931 0 0.2587996 0.965931 0 0.4999691 0.8660432 0 0.4999691 0.8660432 0 0.7071354 0.7070782 0 0.7071354 0.7070782 0 0.8660582 0.4999432 0 0.8660582 0.4999432 0 0.965913 0.258867 0 0.965913 0.258867 0 1 -3.029833e-16 0 1 -2.940721e-16 0 0.965913 -0.258867 0 0.965913 -0.258867 0 0.8660582 -0.4999432 0 0.8660582 -0.4999432 0 0.7071354 -0.7070782 0 0.7071354 -0.7070782 0 0.4999691 -0.8660432 0 0.4999691 -0.8660432 0 0.2587996 -0.965931 0 0.2587996 -0.965931 0 8.911135e-18 -1 0 -8.911135e-18 -1 0 -0.2587996 -0.965931 0 -0.2587996 -0.965931 0 -0.4999691 -0.8660432 0 -0.4999712 -0.866042 4.405256e-08 -0.7071354 -0.7070782 1.375083e-10 -0.6087553 -0.793358 4.455581e-08 -0.7071347 -0.7070788 0 -0.8660582 -0.4999432 0 -0.8660582 -0.4999432 0 -0.965913 -0.258867 0 -0.965913 -0.258867 0 -1 1.336691e-16 0 -1 1.247578e-16 0 -0.965913 0.258867 0 -0.965913 0.258867 0 -0.8660582 0.4999432 0 -0.8660582 0.4999432 0 -0.7071347 0.7070788 0 -0.9689489 0.2388626 0.06389633 -0.9461711 0.3168863 0.06590448 -0.9157973 0.305745 0.2604521 -0.1996151 0.9777428 0.06459772 -0.1204145 0.9905853 0.06512422 -0.1163776 0.9584318 0.2605087 0.9465611 -0.3159832 0.06462725 0.9180911 -0.3909827 0.06512472 0.8882121 -0.3784447 0.2604972 -0.7469486 -0.6617356 0.06460533 -0.7976748 -0.5995604 0.06513241 -0.7718416 -0.5799983 0.2605044 -0.07026611 0.2425825 0.9675828 -0.1082733 0.22818 0.9675799 -0.2121864 0.4471634 0.8689199 0.2452221 -0.0604365 0.9675813 0.2517308 -0.02031745 0.967584 0.4933831 -0.0398107 0.8689006 -0.1749413 -0.1821303 0.9675867 -0.1434649 -0.2078476 0.9675832 -0.2811685 -0.4073267 0.8689242 -0.2492827 0.04051034 0.9675831 -0.2395323 0.07997365 0.967589 -0.2236249 0.1173684 0.9675828 0.2134554 0.1349764 0.9675837 0.01016869 -0.2523488 0.9675829 -0.3016827 -0.6357697 0.7104818 -0.212185 -0.4471645 0.8689197 -0.1082689 -0.2281819 0.9675799 0.1755066 -0.4627796 0.868926 0.09900754 -0.4849437 0.868923 0.05051546 -0.2474511 0.9675826 0.7014815 0.05662996 0.7104342 0.4933731 0.03981462 0.8689061 0.2517332 0.02031365 0.9675835 0.3130286 0.3833956 0.8689194 0.3704741 0.3281927 0.8689295 0.1890462 0.1674807 0.9675804 -0.3997644 0.5791446 0.7104787 -0.2811726 0.4073327 0.86892 -0.1434619 0.2078443 0.9675843 -0.2404752 -0.8301993 0.5029321 -0.1957927 -0.675938 0.7104738 -0.1377011 -0.4754136 0.868919 -0.07026629 -0.2425798 0.9675834 0.1407671 -0.6895054 0.7104695 0.2495414 -0.6580012 0.7104671 0.3518641 -0.6094562 0.710461 0.8392139 0.2068628 0.5029193 0.6832775 0.1684159 0.7104703 0.4805657 0.1184357 0.8689244 0.245225 0.06044236 0.9675802 0.5267441 0.4666571 0.7104729 0.4450705 0.5451069 0.7104722 0.3518582 0.6094591 0.7104614 -0.5987379 0.6233611 0.5029253 -0.4875001 0.5075282 0.7104638 -0.3428565 0.3569603 0.8689239 -0.1749363 0.1821349 0.9675868 -0.8531211 -0.1386739 0.5029453 -0.8643041 -3.579904e-07 0.5029696 -0.7037494 -1.140104e-05 0.7104483 -0.1163762 -0.9584322 0.2605079 -0.1041885 -0.8580309 0.5029193 -0.08482509 -0.6986032 0.7104634 -0.05965701 -0.4913398 0.8689224 -0.03044268 -0.2507077 0.9675841 0.1728891 -0.8468684 0.5029148 0.3064901 -0.8081766 0.5029058 0.4321662 -0.7485394 0.5029127 0.546645 -0.6695127 0.5029235 0.8882093 0.3784541 0.2604932 0.7951608 0.3388176 0.5029134 0.6474049 0.2758343 0.7104804 0.455348 0.1940171 0.8689163 0.2323494 0.09900197 0.9675807 0.6469626 0.5731743 0.5029022 0.5466549 0.6695003 0.5029292 0.4321638 0.7485446 0.5029069 0.3064888 0.8081797 0.5029018 -0.7718447 0.5799936 0.2605056 -0.690992 0.5192422 0.5029091 -0.5625647 0.4227615 0.7104883 -0.3956664 0.2973296 0.8689322 -0.2019086 0.1517152 0.9675823 -0.9654663 2.455065e-05 0.2605279 -0.9529809 -0.1548848 0.2604575 -0.9157973 -0.3057439 0.2604535 -0.8433868 -0.5334598 0.0641822 -0.8839867 -0.4627654 0.06645066 -0.854886 -0.448685 0.2604835 -0.8198448 -0.2737179 0.5029246 -0.6945965 -0.1128926 0.7104865 -0.494947 7.579026e-06 0.8689232 -0.2492817 -0.04051342 0.9675832 -0.2395333 -0.07996845 0.9675892 -0.469465 -0.1567269 0.86893 -0.4382731 -0.2300275 0.8689097 -0.6231177 -0.3270318 0.7104749 -0.5625772 -0.4227545 0.7104826 -0.6909809 -0.5192518 0.5029145 -0.5987386 -0.6233598 0.5029261 -0.6687982 -0.6963114 0.2604983 -0.5484659 -0.7945598 0.2604994 -0.223628 -0.1173704 0.9675819 -0.3956731 -0.2973207 0.8689322 -0.4874882 -0.5075322 0.710469 -0.4909979 -0.7113226 0.5029325 -0.4138956 -0.8722606 0.260484 -0.2019018 -0.1517183 0.9675832 -0.3428594 -0.3569636 0.8689214 -0.3997669 -0.5791441 0.7104777 -0.3705267 -0.780887 0.5029169 -0.2686073 -0.927359 0.2604908 -0.2789947 -0.9579414 0.06715847 -0.1996151 -0.9777428 0.06459772 0.1931266 -0.945959 0.2605067 0.3423606 -0.902733 0.2605042 0.4827435 -0.8361168 0.2605137 0.6105983 -0.7478603 0.2605276 0.7226785 -0.6402259 0.2604739 0.08955569 -0.2361391 0.9675836 0.2474678 -0.4286361 0.8689251 0.4450714 -0.5451087 0.7104703 0.6469853 -0.5731542 0.502896 0.8160213 -0.5160187 0.2604495 0.8427004 -0.5342697 0.06642188 0.8836472 -0.4637401 0.06413139 0.1597362 -0.1956397 0.9675792 0.1890447 -0.1674767 0.9675813 0.3704759 -0.3282077 0.8689231 0.4183552 -0.2645438 0.8689048 0.5947892 -0.3761128 0.7104681 0.6474133 -0.2758451 0.7104686 0.7951665 -0.3387992 0.5029167 0.8392103 -0.2068582 0.5029272 0.9374127 -0.2310509 0.2605242 0.96234 -0.07767456 0.2605156 0.2134538 -0.1349813 0.9675833 0.2323525 -0.09900196 0.9675799 0.4553362 -0.1940182 0.8689222 0.4805757 -0.1184428 0.8689179 0.6832684 -0.1684243 0.710477 0.7014769 -0.05661781 0.7104397 0.8615127 -0.06955025 0.50295 0.861517 0.06954432 0.5029434 0.9623353 0.07767722 0.2605322 0.9374092 0.2310445 0.2605428 0.9691021 0.2373323 0.06719058 0.9465611 0.3159832 0.06462725 0.7226703 0.6402302 0.260486 0.6106081 0.7478541 0.2605227 0.4827423 0.8361146 0.2605231 0.3423616 0.9027327 0.2605037 0.1931238 0.9459594 0.2605072 0.1597318 0.1956394 0.96758 0.2474694 0.428639 0.8689232 0.249543 0.6580003 0.7104674 0.1728906 0.846869 0.5029132 0.03888477 0.9646865 0.2605148 0.04138065 0.9969285 0.06649218 -0.04017893 0.9971287 0.06418702 0.0895569 0.2361399 0.9675833 0.05051471 0.2474533 0.9675821 0.09900626 0.4849432 0.8689234 0.01992915 0.49455 0.8689207 0.02833458 0.7031617 0.7104652 -0.08482705 0.6986017 0.7104647 -0.104193 0.8580319 0.5029165 -0.2404675 0.8302037 0.5029285 -0.2686055 0.9273579 0.2604964 -0.4139026 0.872257 0.2604848 0.01016862 0.2523484 0.967583 -0.03044157 0.2507081 0.967584 -0.05965499 0.4913393 0.8689229 -0.1377007 0.4754093 0.8689215 -0.1957919 0.6759393 0.7104728 -0.3016803 0.635773 0.7104799 -0.3705355 0.7808808 0.5029202 -0.490989 0.711325 0.5029379 -0.5484605 0.7945642 0.2604973 -0.6687946 0.6963128 0.2605038 -0.6901161 0.7205754 0.06716321 -0.7469486 0.6617356 0.06460533 -0.9978478 3.558261e-06 0.0655732 -0.9850163 -0.1596626 0.06519836 -0.9689509 -0.2388568 0.06388693 -0.9460295 -0.3172028 0.06641226 -0.765325 -0.4016568 0.5029409 -0.6675036 -0.2228523 0.7104757 -0.4885573 -0.07941259 0.8689105 -0.2525416 4.367618e-07 0.967586 -0.4261867 -0.9021447 0.06708122 -0.4990112 -0.8642412 0.06383593 -0.5674174 -0.8208196 0.06551876 -0.6909281 -0.7199309 0.0657104 -0.1204145 -0.9905853 0.06512422 0.03888301 -0.9646873 0.2605122 0.04103623 -0.9969757 0.06599682 -0.04017893 -0.9971287 0.06418702 0.01993077 -0.4945492 0.8689211 0.02833579 -0.7031621 0.7104648 0.03480075 -0.8636328 0.5029188 0.1986323 -0.9778526 0.06595091 0.7476698 -0.6607384 0.06644204 0.6912558 -0.7197763 0.06393336 0.6307827 -0.7732105 0.06525906 0.4989253 -0.8641559 0.0656369 0.3542303 -0.9328782 0.06526231 0.2776406 -0.9585557 0.06392748 0.7304927 -0.4619607 0.5029641 0.5267279 -0.4666568 0.7104852 0.3130285 -0.3833884 0.8689226 0.1262765 -0.2187158 0.9675834 0.9943731 0.08200579 0.0670609 0.9979614 0 0.0638204 0.9945613 -0.08096787 0.06551332 0.9689469 -0.2383683 0.06574548 0.9180911 0.3909827 0.06512472 0.8160209 0.5160112 0.2604657 0.8429059 0.5340086 0.06591294 0.8836472 0.4637401 0.06413139 0.4183479 0.2645544 0.8689051 0.5947829 0.3761236 0.7104677 0.7305144 0.4619307 0.50296 0.7474763 0.6610095 0.06592169 0.1982858 0.9778886 0.06645767 0.2776348 0.9585567 0.06393659 0.354235 0.9328762 0.06526596 0.4989274 0.8641549 0.065634 0.6307782 0.7732141 0.06525917 0.6912583 0.7197734 0.06393917 0.03480164 0.8636336 0.5029174 0.1407687 0.6895038 0.7104708 0.1755094 0.4627762 0.8689273 0.1262768 0.2187114 0.9675844 -0.5682121 0.820144 0.06707314 -0.4990123 0.8642407 0.06383371 -0.4271669 0.9017957 0.06552062 -0.2780341 0.9583217 0.06570033 -0.7976748 0.5995604 0.06513241 -0.8548852 0.4486873 0.2604823 -0.8838561 0.4630858 0.06595426 -0.8433868 0.5334598 0.0641822 -0.4382886 0.2300122 0.8689059 -0.6231189 0.3270227 0.710478 -0.765317 0.4016715 0.5029413 -0.4694566 0.1567478 0.8689308 -0.6675025 0.2228539 0.7104762 -0.8198508 0.2737021 0.5029232 -0.4885605 0.07939418 0.8689104 -0.6945989 0.1129052 0.7104821 -0.8531063 0.1386817 0.5029682 -0.9529902 0.1548587 0.2604388 -0.9850175 0.1596543 0.06519942 0 0 1 0 0 1 0 0 1 0 0 1 0 0 1 0 0 1 0 0 1 0 0 1 0 0 1 0 0 1 0 0 1 0 0 1 0 0 1 0 0 1 0 0 1 0 0 1 0 0 1 0 0 1 0 0 1 0 0 1 0 0 1 0 0 1 0 0 1 0 0 1 0 0 1 0 0 1 0 0 1 0 0 1 0 0 1 0 0 1 0 0 1 0 0 1 0 0 1 0 0 1 0 0 1 0 0 1 0 0 1 0 0 1 0 0 1 0 0 1 0 0 1 0 0 1 0 0 1 0 0 1 0 0 1 0 0 1 0 0 1 0 0 1 -0.9656626 -0.2597512 0.005010951 -0.9999806 -1.781225e-17 0.006236797 -0.8665446 -0.4990736 0.005092807 -0.7068702 -0.707317 0.006091146 -0.4989088 -0.8666451 0.004047843 -0.2603618 -0.9655017 0.004265595 0.0006417211 -0.9999837 0.005681489 0.2582997 -0.9660487 0.005580148 0.4999986 -0.8660038 0.00622519 0.7077764 -0.7064188 0.005006425 0.8654799 -0.5009178 0.005095859 0.9659884 -0.2585136 0.006094648 0.999991 0.001265616 0.00405156 0.9663275 0.25728 0.004269321 0.86569 0.5005482 0.005690017 0.707475 0.7067163 0.005586464 0.4999986 0.8660038 0.00622519 0.2578912 0.966161 0.005000014 0.001066888 0.9999865 0.005087238 -0.2591239 0.9658249 0.006091151 -0.5011001 0.8653799 0.004049439 -0.7059722 0.7082267 0.004267293 -0.8663297 0.4994402 0.005686731 -0.9657695 0.2593415 0.005590778 0.1284004 -0.6805031 0.7214076 0.1281757 -0.6886223 0.7137018 0.1512772 -0.6876153 0.7101411 -0.1284004 0.6805031 0.7214076 -0.1281757 0.6886223 0.7137018 -0.1512772 0.6876153 0.7101411 -0.1058761 0.6911978 0.7148677 -0.04408332 0.6982086 0.7145358 -0.06110777 0.7033506 0.7082117 -0.07738812 0.6992447 0.7106814 -0.09054054 0.6953542 0.712941 -0.1472913 0.6911885 0.7075053 0.07729901 0.6980014 0.7119122 0.0690663 0.7042867 0.706548 0.06266571 0.7035384 0.7078889 0.04405387 0.6981947 0.7145512 0.03004488 0.6977397 0.7157211 -0.005111157 0.703206 0.7109678 -0.009747033 0.7018236 0.7122841 -0.02173438 0.6789876 0.7338279 0.09808619 0.6969837 0.710347 0.1480308 0.6899865 0.7085235 0.1214925 0.6930514 0.7105767 0.1058761 -0.6911978 0.7148677 0.04408332 -0.6982086 0.7145358 0.06110777 -0.7033506 0.7082117 0.07738812 -0.6992447 0.7106814 0.09054054 -0.6953542 0.712941 0.1472913 -0.6911885 0.7075053 -0.07729901 -0.6980014 0.7119122 -0.0690663 -0.7042867 0.706548 -0.06266571 -0.7035384 0.7078889 -0.04405387 -0.6981947 0.7145512 -0.03004488 -0.6977397 0.7157211 0.005111157 -0.703206 0.7109678 0.009747033 -0.7018236 0.7122841 0.02173438 -0.6789876 0.7338279 -0.09808619 -0.6969837 0.710347 -0.1480308 -0.6899865 0.7085235 -0.1214925 -0.6930514 0.7105767 -0.2185086 0.6725005 0.7071047 -0.2185064 0.6725002 0.7071057 -0.2876068 0.6459742 0.7071065 -0.2876063 0.6459743 0.7071067 -0.3535535 0.6123726 0.7071066 0.1281757 0.6886223 0.7137018 0.1554543 0.6894946 0.7074116 0.2185061 0.6725013 0.7071047 0.2185076 0.6724998 0.7071057 0.2876078 0.6459738 0.7071066 0.2876084 0.6459733 0.7071067 0.3535517 0.6123747 0.7071057 0.3535531 0.6123736 0.7071059 0.3853798 0.5934381 0.7066212 0.4156272 0.5720605 0.7071073 0.2185086 -0.6725005 0.7071047 0.2185064 -0.6725002 0.7071057 0.2876068 -0.6459742 0.7071065 0.2876063 -0.6459743 0.7071067 0.3535547 -0.6123728 0.7071058 0.3535551 -0.6123729 0.7071056 0.4156278 -0.5720616 0.7071061 0.4156254 -0.5720622 0.7071071 0.4731468 -0.5254818 0.7071075 0.4731455 -0.5254823 0.707108 0.5254809 -0.473147 0.707108 0.5254822 -0.4731463 0.7071075 0.5720609 -0.4156272 0.7071071 0.572063 -0.4156259 0.7071061 0.6123737 -0.3535536 0.7071056 0.6123733 -0.353554 0.7071057 0.6459733 -0.2876084 0.7071067 0.6459738 -0.2876078 0.7071066 0.6724998 -0.2185076 0.7071057 0.6725013 -0.2185061 0.7071047 0.6916573 -0.1470162 0.7071043 0.6916568 -0.147017 0.7071046 0.7032345 -0.07391286 0.7071055 0.7032334 -0.07391454 0.7071063 0.707107 -3.545421e-07 0.7071065 0.707107 -3.006439e-07 0.7071065 0.7032336 0.07391232 0.7071064 0.7032343 0.07391425 0.7071055 0.6916567 0.1470172 0.7071046 0.6916569 0.147018 0.7071042 0.6725005 0.2185086 0.7071047 0.6725002 0.2185064 0.7071057 0.6459742 0.2876068 0.7071065 0.6459743 0.2876063 0.7071067 0.6123728 0.3535547 0.7071058 0.6123729 0.3535551 0.7071056 0.5720616 0.4156278 0.7071061 0.5720622 0.4156254 0.7071071 0.5254818 0.4731468 0.7071075 0.5254823 0.4731455 0.707108 0.473147 0.5254809 0.707108 0.4731463 0.5254822 0.7071075 0.4156274 0.5720614 0.7071065 -0.3535526 0.6123748 0.7071051 -0.3853798 0.5934381 0.7066212 -0.4156281 0.5720605 0.7071068 -0.4156276 0.5720606 0.7071071 -0.4731468 0.5254818 0.7071075 -0.4731455 0.5254823 0.707108 -0.5254809 0.473147 0.707108 -0.5254822 0.4731463 0.7071075 -0.5720609 0.4156272 0.7071071 -0.572063 0.4156259 0.7071061 -0.6123737 0.3535536 0.7071056 -0.6123733 0.353554 0.7071057 -0.6459733 0.2876084 0.7071067 -0.6459738 0.2876078 0.7071066 -0.6724998 0.2185076 0.7071057 -0.6725013 0.2185061 0.7071047 -0.6916573 0.1470162 0.7071043 -0.6916568 0.147017 0.7071046 -0.7032345 0.07391286 0.7071055 -0.7032334 0.07391454 0.7071063 -0.707107 3.545421e-07 0.7071065 -0.707107 3.006439e-07 0.7071065 -0.7032336 -0.07391232 0.7071064 -0.7032343 -0.07391425 0.7071055 -0.6916567 -0.1470172 0.7071046 -0.6916569 -0.147018 0.7071042 -0.6725005 -0.2185086 0.7071047 -0.6725002 -0.2185064 0.7071057 -0.6459742 -0.2876068 0.7071065 -0.6459743 -0.2876063 0.7071067 -0.6123728 -0.3535547 0.7071058 -0.6123729 -0.3535551 0.7071056 -0.5720616 -0.4156278 0.7071061 -0.5720622 -0.4156254 0.7071071 -0.5254818 -0.4731468 0.7071075 -0.5254823 -0.4731455 0.707108 -0.473147 -0.5254809 0.707108 -0.4731463 -0.5254822 0.7071075 -0.4156272 -0.5720609 0.7071071 -0.4156259 -0.572063 0.7071061 -0.3535536 -0.6123737 0.7071056 -0.353554 -0.6123733 0.7071057 -0.2876084 -0.6459733 0.7071067 -0.2876078 -0.6459738 0.7071066 -0.2185076 -0.6724998 0.7071057 -0.2185061 -0.6725013 0.7071047 -0.1554543 -0.6894946 0.7074116 -0.1281757 -0.6886223 0.7137018 -0.4156271 0.5720611 -0.707107 -0.3853802 0.5934381 -0.706621 -0.3535537 0.6123737 -0.7071055 -0.3535538 0.6123734 -0.7071057 -0.2876084 0.6459733 -0.7071067 -0.2876078 0.6459738 -0.7071066 -0.2185076 0.6724998 -0.7071057 -0.2185061 0.6725013 -0.7071047 -0.1470162 0.6916573 -0.7071043 -0.147017 0.6916568 -0.7071046 -0.07391286 0.7032345 -0.7071055 -0.07391454 0.7032334 -0.7071063 -3.545421e-07 0.707107 -0.7071065 -3.006439e-07 0.707107 -0.7071065 0.07391232 0.7032336 -0.7071064 0.07391425 0.7032343 -0.7071055 0.1470172 0.6916567 -0.7071046 0.147018 0.6916569 -0.7071042 0.2185086 0.6725005 -0.7071047 0.2185064 0.6725002 -0.7071057 0.2876068 0.6459742 -0.7071065 0.2876063 0.6459743 -0.7071067 0.3535547 0.6123728 -0.7071058 0.3535551 0.6123729 -0.7071056 0.4156278 0.5720616 -0.7071061 0.4156254 0.5720622 -0.7071071 0.4731468 0.5254818 -0.7071075 0.4731455 0.5254823 -0.707108 0.5254809 0.473147 -0.707108 0.5254822 0.4731463 -0.7071075 0.5720612 0.4156271 -0.7071069 -0.6123727 0.3535542 -0.7071061 -0.5934383 0.3853801 -0.7066209 -0.5720612 0.415628 -0.7071063 -0.572062 0.4156256 -0.7071071 -0.5254818 0.4731468 -0.7071075 -0.5254823 0.4731455 -0.707108 -0.473147 0.5254809 -0.707108 -0.4731463 0.5254822 -0.7071075 -0.4156256 0.5720627 -0.7071065 -0.5720612 -0.4156271 -0.7071069 -0.5934383 -0.3853801 -0.7066209 -0.6123737 -0.3535538 -0.7071055 -0.6123734 -0.3535538 -0.7071057 -0.6459733 -0.2876084 -0.7071067 -0.6459738 -0.2876078 -0.7071066 -0.6724998 -0.2185076 -0.7071057 -0.6725013 -0.2185061 -0.7071047 -0.6916573 -0.1470162 -0.7071043 -0.6916568 -0.147017 -0.7071046 -0.7032345 -0.07391286 -0.7071055 -0.7032334 -0.07391454 -0.7071063 -0.707107 -3.545421e-07 -0.7071065 -0.707107 -3.006439e-07 -0.7071065 -0.7032336 0.07391232 -0.7071064 -0.7032343 0.07391425 -0.7071055 -0.6916567 0.1470172 -0.7071046 -0.6916569 0.147018 -0.7071042 -0.6725005 0.2185086 -0.7071047 -0.6725002 0.2185064 -0.7071057 -0.6459742 0.2876068 -0.7071065 -0.6459743 0.2876063 -0.7071067 -0.6123736 0.3535547 -0.7071051 -0.3535541 -0.6123727 -0.7071062 -0.3853802 -0.5934381 -0.706621 -0.415628 -0.5720611 -0.7071064 -0.4156258 -0.5720619 -0.7071071 -0.4731468 -0.5254818 -0.7071075 -0.4731455 -0.5254823 -0.707108 -0.5254809 -0.473147 -0.707108 -0.5254822 -0.4731463 -0.7071075 -0.5720628 -0.4156254 -0.7071065 0.6123727 -0.3535542 -0.7071061 0.5934383 -0.3853801 -0.7066209 0.5720612 -0.415628 -0.7071063 0.572062 -0.4156256 -0.7071071 0.5254818 -0.4731468 -0.7071075 0.5254823 -0.4731455 -0.707108 0.473147 -0.5254809 -0.707108 0.4731463 -0.5254822 -0.7071075 0.4156272 -0.5720609 -0.7071071 0.4156259 -0.572063 -0.7071061 0.3535536 -0.6123737 -0.7071056 0.353554 -0.6123733 -0.7071057 0.2876084 -0.6459733 -0.7071067 0.2876078 -0.6459738 -0.7071066 0.2185076 -0.6724998 -0.7071057 0.2185061 -0.6725013 -0.7071047 0.1470162 -0.6916573 -0.7071043 0.147017 -0.6916568 -0.7071046 0.07391286 -0.7032345 -0.7071055 0.07391454 -0.7032334 -0.7071063 3.545421e-07 -0.707107 -0.7071065 3.006439e-07 -0.707107 -0.7071065 -0.07391232 -0.7032336 -0.7071064 -0.07391425 -0.7032343 -0.7071055 -0.1470172 -0.6916567 -0.7071046 -0.147018 -0.6916569 -0.7071042 -0.2185086 -0.6725005 -0.7071047 -0.2185064 -0.6725002 -0.7071057 -0.2876068 -0.6459742 -0.7071065 -0.2876063 -0.6459743 -0.7071067 -0.3535547 -0.6123736 -0.7071051 0.5720628 0.4156254 -0.7071065 0.5934383 0.3853801 -0.7066209 0.6123737 0.3535538 -0.7071055 0.6123734 0.3535538 -0.7071057 0.6459733 0.2876084 -0.7071067 0.6459738 0.2876078 -0.7071066 0.6724998 0.2185076 -0.7071057 0.6725013 0.2185061 -0.7071047 0.6916573 0.1470162 -0.7071043 0.6916568 0.147017 -0.7071046 0.7032345 0.07391286 -0.7071055 0.7032334 0.07391454 -0.7071063 0.707107 3.545421e-07 -0.7071065 0.707107 3.006439e-07 -0.7071065 0.7032336 -0.07391232 -0.7071064 0.7032343 -0.07391425 -0.7071055 0.6916567 -0.1470172 -0.7071046 0.6916569 -0.147018 -0.7071042 0.6725005 -0.2185086 -0.7071047 0.6725002 -0.2185064 -0.7071057 0.6459742 -0.2876068 -0.7071065 0.6459743 -0.2876063 -0.7071067 0.6123736 -0.3535547 -0.7071051 0.3066742 -0.07727182 -0.9486728 0.2087605 -0.08278249 -0.9744568 0.2943602 -0.07057815 -0.9530849 0.339971 -0.06691177 -0.9380525 0.4187693 -0.07407364 -0.9050665 0.4988082 -0.07279007 -0.8636504 0.1039969 -0.07737677 -0.9915631 0.1995009 -0.07428021 -0.9770782 0.2652867 -0.07735633 -0.9610614 -0.002887184 -0.08070394 -0.9967339 0.01498521 -0.07050117 -0.9973991 0.1161194 -0.0599474 -0.9914245 -0.1015857 -0.07560149 -0.99195 -0.05642289 -0.06668492 -0.9961775 -0.0268869 -0.07558611 -0.9967767 -0.2135651 -0.07589978 -0.973976 -0.2147491 -0.07293922 -0.9739418 -0.133534 -0.06099814 -0.9891653 -0.3068294 -0.06910091 -0.9492528 -0.3034395 -0.06687024 -0.9505014 -0.2597358 -0.07302061 -0.962915 -0.6687404 -0.07033445 -0.7401617 -0.5475396 -0.067401 -0.8340608 -0.4914887 -0.06376144 -0.8685467 -0.4621961 -0.06402058 -0.8844638 -0.424647 -0.1003617 -0.8997791 -0.9526072 -0.06707855 -0.2967153 -0.9446772 -0.07007437 -0.3204287 -0.9110842 -0.07326783 -0.4056568 -0.8728829 -0.07250318 -0.482513 -0.8621725 -0.08208806 -0.4999201 -0.8376356 -0.07314793 -0.5413095 -0.8071407 -0.07139793 -0.5860258 -0.7834871 -0.06740221 -0.6177418 -0.7401413 -0.07245092 -0.668537 -0.7334382 -0.07012899 -0.676129 -0.6760432 -0.06596493 -0.7339034 -0.9475721 -0.06926228 0.3119454 -0.9663055 -0.06316514 0.2495272 -0.9750356 -0.06961549 0.2108535 -0.9848127 -0.06729785 0.1600469 -0.9976819 -0.06797501 -0.003211395 -0.9976268 -0.06875914 -0.003605689 -0.9747528 -0.05583979 -0.2161918 -0.9844088 -0.07541782 -0.1589071 -0.9670077 -0.06827457 -0.2454277 -0.4988083 -0.07275142 0.8636536 -0.5475385 -0.06740216 0.8340615 -0.6692603 -0.06957085 0.7397638 -0.6765906 -0.06706994 0.7332985 -0.7408504 -0.07009251 0.6680028 -0.7339575 -0.07276661 0.6752862 -0.8121314 -0.05935574 0.5804477 -0.7850102 -0.07404609 0.6150416 -0.8599829 -0.07220271 0.5051893 -0.8367685 -0.0862295 0.5407245 -0.9196933 -0.04071303 0.3905211 -0.8722359 -0.0915588 0.4804388 -0.9365759 -0.09886396 0.3362315 -0.3066932 -0.07729781 0.9486645 -0.2087559 -0.08281534 0.974455 -0.2931653 -0.07057177 0.9534536 -0.3399803 -0.06688985 0.9380507 -0.4187814 -0.07404465 0.9050633 -0.473418 -0.05324432 0.8792272 -0.1039938 -0.07737822 0.9915634 -0.1995212 -0.07427138 0.9770747 -0.2641244 -0.07733499 0.9613832 0.002887184 -0.08070394 0.9967339 -0.01498521 -0.07050117 0.9973991 -0.1161179 -0.05994432 0.9914249 0.1015888 -0.07560477 0.9919494 0.05642289 -0.06668492 0.9961775 0.0268869 -0.07558611 0.9967767 0.2135656 -0.0758819 0.9739773 0.2148187 -0.07293214 0.973927 0.1335268 -0.06099438 0.9891665 0.3068165 -0.06908545 0.949258 0.3034015 -0.06685685 0.9505144 0.2597539 -0.073003 0.9629115 0.6687393 -0.07032963 0.7401632 0.5475566 -0.06738505 0.834051 0.4914816 -0.06380156 0.8685478 0.4622355 -0.06402393 0.8844429 0.4246338 -0.1003808 0.8997832 0.9526122 -0.06693941 0.2967308 0.9447101 -0.07003797 0.3203397 0.9110956 -0.07314461 0.4056533 0.8729633 -0.07249669 0.4823684 0.862165 -0.08210042 0.499931 0.8377287 -0.0731406 0.5411664 0.8071307 -0.07139425 0.58604 0.7834879 -0.06736859 0.6177444 0.7401562 -0.07248244 0.6685171 0.7334876 -0.07010112 0.6760782 0.6761088 -0.06596294 0.7338432 0.9475844 -0.069077 -0.3119489 0.9663241 -0.06311159 -0.2494689 0.9750347 -0.06947221 -0.2109049 0.9848039 -0.06723736 -0.1601265 0.9976719 -0.06811998 0.003242973 0.9976248 -0.06878901 0.003586644 0.974756 -0.05575109 0.2162001 0.9843963 -0.07539307 0.1589964 0.9670244 -0.06820579 0.2453807 0.4734559 -0.05324945 -0.8792064 0.5475565 -0.06738509 -0.834051 0.6692479 -0.06958131 -0.7397741 0.6766461 -0.06704812 -0.7332493 0.7408779 -0.07010628 -0.6679709 0.7340275 -0.07273782 -0.6752132 0.8121024 -0.05937941 -0.5804859 0.7849917 -0.07402717 -0.6150675 0.8599764 -0.07226484 -0.5051915 0.8368534 -0.08617103 -0.5406024 0.9197132 -0.0405614 -0.3904899 0.8723372 -0.09149189 -0.4802677 0.9366069 -0.09886605 -0.3361444 0 -1 0 0.06357635 -0.9975755 -0.02830615 0 -1 0 0.06807248 -0.9975754 -0.01446928 0 -1 0 0.06959196 -0.9975755 8.346714e-08 0 -1 0 0 -1 0 -0.06358482 -0.9975749 0.0283088 0 -1 0 -0.06806207 -0.9975762 0.01446617 0 -1 0 -0.06959756 -0.9975752 1.267729e-06 0 -1 0 -0.06806212 -0.9975762 -0.01446942 0 -1 0 0.06807219 -0.9975755 0.01446905 0.06357741 -0.9975754 0.0283069 0 -1 0 0.05630421 -0.9975753 0.04090704 0 -1 0 0.04656691 -0.9975754 0.05171796 0 -1 0 0.03479716 -0.9975754 0.06027056 0 -1 0 0.02150642 -0.9975753 0.0661886 0 -1 0 0.007270653 -0.9975758 0.06920749 -0.007272068 -0.9975757 0.0692082 0 -1 0 -0.02151213 -0.9975743 0.06620248 0 -1 0 -0.03479896 -0.9975754 0.06026978 0 -1 0 -0.0465863 -0.9975733 0.05174174 -0.05630393 -0.9975754 0.04090346 0 -1 0 0.007271619 -0.9975758 -0.06920796 0 -1 0 0.02150565 -0.9975753 -0.0661894 0 -1 0 0.03479704 -0.9975754 -0.06027048 0 -1 0 0.04656712 -0.9975754 -0.05171777 0.0563029 -0.9975754 -0.04090624 -0.06358541 -0.9975749 -0.02830583 -0.05630142 -0.9975755 -0.04090656 0 -1 0 -0.04659067 -0.9975733 -0.05173854 0 -1 0 -0.03479536 -0.9975754 -0.06027148 0 -1 0 -0.02151543 -0.9975743 -0.06620138 -0.007270207 -0.9975758 -0.0692073 0 -1 0 0.06358391 -0.9975749 -0.02830808 0 -1 0 0.06806247 -0.9975762 -0.01446647 0 -1 0 0.06959755 -0.9975752 -1.275819e-06 0 -1 0 0 -1 0 -0.06357727 -0.9975754 0.02830687 0 -1 0 -0.06807208 -0.9975755 0.01446898 0 -1 0 -0.06959197 -0.9975755 -9.155974e-08 0 -1 0 -0.06807256 -0.9975754 -0.01446919 0 -1 0 0 -1 0 0.007270207 -0.9975758 0.0692073 0 -1 0 -0.007271619 -0.9975758 0.06920796 0 -1 0 -0.02150565 -0.9975753 0.0661894 0 -1 0 -0.03479704 -0.9975754 0.06027048 0 -1 0 -0.04656722 -0.9975754 0.05171776 -0.05630408 -0.9975753 0.04090735 0 -1 0 0.007272068 -0.9975757 -0.0692082 0 -1 0 0.02151213 -0.9975743 -0.06620248 0 -1 0 0.03479896 -0.9975754 -0.06026978 0 -1 0 0.0465862 -0.9975733 -0.05174176 0.05630276 -0.9975756 -0.04090235 -0.06357637 -0.9975755 -0.02830629 -0.05630303 -0.9975754 -0.04090609 0 -1 0 -0.04656698 -0.9975754 -0.05171794 0 -1 0 -0.03479716 -0.9975754 -0.06027056 0 -1 0 -0.02150642 -0.9975753 -0.0661886 -0.007270653 -0.9975758 -0.06920749 0.06806176 -0.9975762 0.01446929 0.06358645 -0.9975748 0.02830644 0 -1 0 0.0563026 -0.9975754 0.0409075 0 -1 0 0.0465906 -0.9975733 0.05173856 0 -1 0 0.03479536 -0.9975754 0.06027148 0.02151543 -0.9975743 0.06620138 0.3066932 -0.07729781 -0.9486645 0.2087559 -0.08281534 -0.974455 0.2931653 -0.07057177 -0.9534536 0.3399803 -0.06688985 -0.9380507 0.4187814 -0.07404465 -0.9050633 0.4988083 -0.07275142 -0.8636536 0.1039938 -0.07737822 -0.9915634 0.1995212 -0.07427138 -0.9770747 0.2641244 -0.07733499 -0.9613832 -0.002887184 -0.08070394 -0.9967339 0.01498521 -0.07050117 -0.9973991 0.1161179 -0.05994432 -0.9914249 -0.1015888 -0.07560477 -0.9919494 -0.05642289 -0.06668492 -0.9961775 -0.0268869 -0.07558611 -0.9967767 -0.2135655 -0.07588403 -0.9739771 -0.2147944 -0.07293533 -0.9739321 -0.1335268 -0.06099438 -0.9891665 -0.3068165 -0.06908545 -0.949258 -0.3034205 -0.06686065 -0.9505081 -0.2597483 -0.07301013 -0.9629124 -0.6687393 -0.07032963 -0.7401632 -0.5475566 -0.06738505 -0.834051 -0.4914816 -0.06380156 -0.8685478 -0.4622355 -0.06402393 -0.8844429 -0.4246338 -0.1003808 -0.8997832 -0.9526124 -0.06693428 -0.2967313 -0.94471 -0.07003765 -0.3203402 -0.911097 -0.07314453 -0.4056503 -0.8729643 -0.07249638 -0.4823667 -0.8621649 -0.0821102 -0.4999296 -0.8377284 -0.07313966 -0.541167 -0.8071292 -0.07140159 -0.5860412 -0.7834879 -0.06736818 -0.6177445 -0.7401558 -0.07248162 -0.6685176 -0.7334876 -0.07010112 -0.6760782 -0.6761088 -0.06596294 -0.7338432 -0.9475839 -0.06908353 0.3119491 -0.9663241 -0.06311106 0.2494689 -0.9750336 -0.06947848 0.2109081 -0.9848037 -0.06723618 0.1601281 -0.9976719 -0.06812017 -0.003243174 -0.9976248 -0.06878884 -0.003587078 -0.9747571 -0.05574482 -0.2161968 -0.9843965 -0.07539408 -0.1589947 -0.9670244 -0.06820636 -0.2453807 -0.4988082 -0.07279007 0.8636504 -0.5475565 -0.06738509 0.834051 -0.6692479 -0.06958131 0.7397741 -0.6766461 -0.06704812 0.7332493 -0.7408776 -0.07010419 0.6679714 -0.7340276 -0.07273796 0.675213 -0.8121046 -0.05937069 0.5804836 -0.7849918 -0.07402807 0.6150672 -0.8599761 -0.07225503 0.5051934 -0.836853 -0.08617139 0.540603 -0.9197123 -0.04056143 0.3904921 -0.8723373 -0.0914897 0.480268 -0.9366067 -0.09886677 0.3361446 -0.3066742 -0.07727182 0.9486728 -0.2087605 -0.08278249 0.9744568 -0.2943602 -0.07057815 0.9530849 -0.339971 -0.06691177 0.9380525 -0.4187693 -0.07407364 0.9050665 -0.4734559 -0.05324945 0.8792064 -0.1039969 -0.07737677 0.9915631 -0.1995009 -0.07428021 0.9770782 -0.2652867 -0.07735633 0.9610614 0.002887184 -0.08070394 0.9967339 -0.01498521 -0.07050117 0.9973991 -0.1161194 -0.0599474 0.9914245 0.1015857 -0.07560149 0.99195 0.05642289 -0.06668492 0.9961775 0.0268869 -0.07558611 0.9967767 0.2135651 -0.07589765 0.9739761 0.2147734 -0.07293603 0.9739367 0.133534 -0.06099814 0.9891653 0.3068294 -0.06910091 0.9492528 0.3034205 -0.06686644 0.9505077 0.2597414 -0.07301348 0.962914 0.6687404 -0.07033445 0.7401617 0.5475396 -0.067401 0.8340608 0.4914887 -0.06376144 0.8685467 0.4621961 -0.06402058 0.8844638 0.424647 -0.1003617 0.8997791 0.952607 -0.06708369 0.2967149 0.9446773 -0.07007469 0.3204282 0.9110828 -0.07326791 0.4056599 0.8728819 -0.07250349 0.4825147 0.8621727 -0.08207828 0.4999215 0.8376359 -0.07314888 0.5413088 0.8071422 -0.07139059 0.5860246 0.7834871 -0.06740262 0.6177417 0.7401417 -0.07245174 0.6685365 0.7334382 -0.07012899 0.676129 0.6760432 -0.06596493 0.7339034 0.9475726 -0.06925575 -0.3119451 0.9663055 -0.06316567 -0.2495271 0.9750368 -0.06960923 -0.2108503 0.9848128 -0.06729903 -0.1600453 0.9976819 -0.06797481 0.003211194 0.9976268 -0.06875932 0.003605254 0.9747517 -0.05584605 0.2161952 0.9844086 -0.0754168 0.1589088 0.9670077 -0.06827401 0.2454277 0.473418 -0.05324432 -0.8792272 0.5475385 -0.06740216 -0.8340615 0.6692603 -0.06957085 -0.7397638 0.6765906 -0.06706994 -0.7332985 0.7408507 -0.0700946 -0.6680023 0.7339574 -0.07276647 -0.6752863 0.8121291 -0.05936445 -0.58045 0.78501 -0.07404519 -0.6150419 0.8599832 -0.07221252 -0.5051873 0.8367689 -0.08622914 -0.5407239 0.9196942 -0.040713 -0.3905189 0.8722359 -0.09156099 -0.4804385 0.936576 -0.09886324 -0.3362312 0 -1 0 0 -1 0 0 -1 0 0 -1 0 0 -1 0 0 -1 0 0 -1 0 0 -1 0 0 -1 0 0 -1 0 0 -1 0 0 -1 0 0 -1 0 0 -1 0 0 -1 0 0 -1 0 0 -1 0 0 -1 0 0 -1 0 0 -1 0 0 -1 0 0 -1 0 0 -1 0 0 -1 0 0 -1 0 1 0 3.508747e-17 1 0 1.782221e-17 0.9659273 0 0.2588136 0.9659273 0 0.2588136 0.8660238 0 0.5000027 0.8660238 0 0.5000027 0.7071039 0 0.7071096 0.7071039 0 0.7071096 0.50001 0 0.8660196 0.50001 0 0.8660196 0.2588258 0 0.965924 0.2588258 0 0.965924 -2.495109e-16 0 1 -2.495109e-16 0 1 -0.2588258 0 0.965924 -0.2588258 0 0.965924 -0.5000044 0 0.8660228 -0.5000044 0 0.8660228 -0.7071352 0 0.7070784 -0.7071352 0 0.7070784 -0.8660099 0 0.5000269 -0.8660099 0 0.5000269 -0.9659151 0 0.258859 -0.9659151 0 0.258859 -1 0 2.673309e-17 -1 0 3.564411e-17 -0.9659151 0 -0.258859 -0.9659151 0 -0.258859 -0.8660092 0 -0.5000281 -0.8660092 0 -0.5000281 -0.707138 0 -0.7070755 -0.707138 0 -0.7070755 -0.5000088 0 -0.8660203 -0.5000088 0 -0.8660203 -0.2588214 0 -0.9659252 -0.2588214 0 -0.9659252 -2.584217e-16 0 -1 -2.495106e-16 0 -1 0.2588214 0 -0.9659252 0.2588214 0 -0.9659252 0.5000144 0 -0.8660171 0.5000144 0 -0.8660171 0.7071068 0 -0.7071068 0.7071068 0 -0.7071068 0.8660232 0 -0.5000038 0.8660232 0 -0.5000038 0.9659273 0 -0.2588136 0.9659273 0 -0.2588136 0 -1 0 0 -1 0 0 -1 0 0 -1 0 0 -1 0 0 -1 0 0 -1 0 0 -1 0 0 -1 0 0 -1 0 0 -1 0 0 -1 0 0 -1 0 0 -1 0 0 -1 0 0 -1 0 0 -1 0 0 -1 0 0 -1 0 0 -1 0 0 -1 0 0 -1 0 0 -1 0 0 -1 0 0 -1 0 1 0 3.842881e-17 1 0 2.673309e-17 0.9659151 0 0.258859 0.9659151 0 0.258859 0.8660099 0 0.5000269 0.8660099 0 0.5000269 0.7071352 0 0.7070784 0.7071352 0 0.7070784 0.5000044 0 0.8660228 0.5000044 0 0.8660228 0.2588258 0 0.965924 0.2588258 0 0.965924 2.495109e-16 0 1 2.495109e-16 0 1 -0.2588258 0 0.965924 -0.2588258 0 0.965924 -0.50001 0 0.8660196 -0.50001 0 0.8660196 -0.7071039 0 0.7071096 -0.7071039 0 0.7071096 -0.8660238 0 0.5000027 -0.8660238 0 0.5000027 -0.9659273 0 0.2588136 -0.9659273 0 0.2588136 -1 0 1.782221e-17 -1 0 3.564441e-17 -0.9659273 0 -0.2588136 -0.9659273 0 -0.2588136 -0.8660232 0 -0.5000038 -0.8660232 0 -0.5000038 -0.7071068 0 -0.7071068 -0.7071068 0 -0.7071068 -0.5000144 0 -0.8660171 -0.5000144 0 -0.8660171 -0.2588214 0 -0.9659252 -0.2588214 0 -0.9659252 2.495106e-16 0 -1 2.584217e-16 0 -1 0.2588214 0 -0.9659252 0.2588214 0 -0.9659252 0.5000088 0 -0.8660203 0.5000088 0 -0.8660203 0.707138 0 -0.7070755 0.707138 0 -0.7070755 0.8660092 0 -0.5000281 0.8660092 0 -0.5000281 0.9659151 0 -0.258859 0.9659151 0 -0.258859 0 1 0 0 1 0 0 1 0 0 1 0 0 1 0 0 1 0 0 1 0 0 1 0 0 1 0 0 1 0 0 1 0 0 1 0 0 1 0 0 1 0 0 1 0 0 1 0 0 1 0 0 1 0 0 1 0 0 1 0 0 1 0 0 1 0 0 1 0 0 1 0 0 1 0 -1 0 3.842881e-17 -1 0 2.673309e-17 -0.9659151 0 0.258859 -0.9659151 0 0.258859 -0.8660099 0 0.5000269 -0.8660099 0 0.5000269 -0.7071352 0 0.7070784 -0.7071352 0 0.7070784 -0.5000044 0 0.8660228 -0.5000044 0 0.8660228 -0.2588258 0 0.965924 -0.2588258 0 0.965924 -2.495109e-16 0 1 -2.495109e-16 0 1 0.2588258 0 0.965924 0.2588258 0 0.965924 0.50001 0 0.8660196 0.50001 0 0.8660196 0.7071039 0 0.7071096 0.7071039 0 0.7071096 0.8660238 0 0.5000027 0.8660238 0 0.5000027 0.9659273 0 0.2588136 0.9659273 0 0.2588136 1 0 1.782221e-17 1 0 3.564441e-17 0.9659273 0 -0.2588136 0.9659273 0 -0.2588136 0.8660232 0 -0.5000038 0.8660232 0 -0.5000038 0.7071068 0 -0.7071068 0.7071068 0 -0.7071068 0.5000144 0 -0.8660171 0.5000144 0 -0.8660171 0.2588214 0 -0.9659252 0.2588214 0 -0.9659252 -2.495106e-16 0 -1 -2.584217e-16 0 -1 -0.2588214 0 -0.9659252 -0.2588214 0 -0.9659252 -0.5000088 0 -0.8660203 -0.5000088 0 -0.8660203 -0.707138 0 -0.7070755 -0.707138 0 -0.7070755 -0.8660092 0 -0.5000281 -0.8660092 0 -0.5000281 -0.9659151 0 -0.258859 -0.9659151 0 -0.258859 -1 0 3.508747e-17 -1 0 1.782221e-17 -0.9659273 0 0.2588136 -0.9659273 0 0.2588136 -0.8660238 0 0.5000027 -0.8660238 0 0.5000027 -0.7071039 0 0.7071096 -0.7071039 0 0.7071096 -0.50001 0 0.8660196 -0.50001 0 0.8660196 -0.2588258 0 0.965924 -0.2588258 0 0.965924 2.495109e-16 0 1 2.495109e-16 0 1 0.2588258 0 0.965924 0.2588258 0 0.965924 0.5000044 0 0.8660228 0.5000044 0 0.8660228 0.7071352 0 0.7070784 0.7071352 0 0.7070784 0.8660099 0 0.5000269 0.8660099 0 0.5000269 0.9659151 0 0.258859 0.9659151 0 0.258859 1 0 2.673309e-17 1 0 3.564411e-17 0.9659151 0 -0.258859 0.9659151 0 -0.258859 0.8660092 0 -0.5000281 0.8660092 0 -0.5000281 0.707138 0 -0.7070755 0.707138 0 -0.7070755 0.5000088 0 -0.8660203 0.5000088 0 -0.8660203 0.2588214 0 -0.9659252 0.2588214 0 -0.9659252 2.584217e-16 0 -1 2.495106e-16 0 -1 -0.2588214 0 -0.9659252 -0.2588214 0 -0.9659252 -0.5000144 0 -0.8660171 -0.5000144 0 -0.8660171 -0.7071068 0 -0.7071068 -0.7071068 0 -0.7071068 -0.8660232 0 -0.5000038 -0.8660232 0 -0.5000038 -0.9659273 0 -0.2588136 -0.9659273 0 -0.2588136 0 1 0 0 1 0 0 1 0 0 1 0 0 1 0 0 1 0 0 1 0 0 1 0 0 1 0 0 1 0 0 1 0 0 1 0 0 1 0 0 1 0 0 1 0 0 1 0 0 1 0 0 1 0 0 1 0 0 1 0 0 1 0 0 1 0 0 1 0 0 1 0 0 1 0 0 1 0 -0.06358391 0.9975749 -0.02830808 0 1 0 -0.06806247 0.9975762 -0.01446647 0 1 0 -0.06959755 0.9975752 -1.275819e-06 0 1 0 0 1 0 0.06357727 0.9975754 0.02830687 0 1 0 0.06807208 0.9975755 0.01446898 0 1 0 0.06959197 0.9975755 -9.155974e-08 0 1 0 0.06807256 0.9975754 -0.01446919 0 1 0 -0.06806176 0.9975762 0.01446929 -0.06358645 0.9975748 0.02830644 0 1 0 -0.0563026 0.9975754 0.0409075 0 1 0 -0.0465906 0.9975733 0.05173856 0 1 0 -0.03479536 0.9975754 0.06027148 0 1 0 -0.02151543 0.9975743 0.06620138 0 1 0 -0.007270207 0.9975758 0.0692073 0.007271619 0.9975758 0.06920796 0 1 0 0.02150565 0.9975753 0.0661894 0 1 0 0.03479704 0.9975754 0.06027048 0 1 0 0.04656722 0.9975754 0.05171776 0.05630408 0.9975753 0.04090735 0 1 0 -0.007272068 0.9975757 -0.0692082 0 1 0 -0.02151213 0.9975743 -0.06620248 0 1 0 -0.03479896 0.9975754 -0.06026978 0 1 0 -0.0465862 0.9975733 -0.05174176 -0.05630276 0.9975756 -0.04090235 0.06357637 0.9975755 -0.02830629 0.05630303 0.9975754 -0.04090609 0 1 0 0.04656698 0.9975754 -0.05171794 0 1 0 0.03479716 0.9975754 -0.06027056 0 1 0 0.02150642 0.9975753 -0.0661886 0.007270653 0.9975758 -0.06920749 0.2135655 0.07588403 -0.9739771 0.3068165 0.06908545 -0.949258 0.3034205 0.06686065 -0.9505081 0.6687393 0.07032963 -0.7401632 0.5475566 0.06738505 -0.834051 0.4914816 0.06380156 -0.8685478 0.4622355 0.06402393 -0.8844429 0.4246338 0.1003808 -0.8997832 0.9526124 0.06693428 -0.2967313 0.94471 0.07003765 -0.3203402 0.911097 0.07314453 -0.4056503 0.8729643 0.07249638 -0.4823667 0.8621649 0.0821102 -0.4999296 0.8377284 0.07313966 -0.541167 0.8071292 0.07140159 -0.5860412 0.7834879 0.06736818 -0.6177445 0.7401558 0.07248162 -0.6685176 0.7334876 0.07010112 -0.6760782 0.6761088 0.06596294 -0.7338432 0.9475839 0.06908353 0.3119491 0.9663241 0.06311106 0.2494689 0.9750336 0.06947848 0.2109081 0.9848037 0.06723618 0.1601281 0.9976719 0.06812017 -0.003243174 0.9976248 0.06878884 -0.003587078 0.9747571 0.05574482 -0.2161968 0.9843965 0.07539408 -0.1589947 0.9670244 0.06820636 -0.2453807 0.4988082 0.07279007 0.8636504 0.5475565 0.06738509 0.834051 0.6692479 0.06958131 0.7397741 0.6766461 0.06704812 0.7332493 0.7408776 0.07010419 0.6679714 0.7340276 0.07273796 0.675213 0.8121046 0.05937069 0.5804836 0.7849918 0.07402807 0.6150672 0.8599761 0.07225503 0.5051934 0.836853 0.08617139 0.540603 0.9197123 0.04056143 0.3904921 0.8723373 0.0914897 0.480268 0.9366067 0.09886677 0.3361446 0.3066742 0.07727182 0.9486728 0.2087605 0.08278249 0.9744568 0.2943602 0.07057815 0.9530849 0.339971 0.06691177 0.9380525 0.4187693 0.07407364 0.9050665 0.4734559 0.05324945 0.8792064 0.1039969 0.07737677 0.9915631 0.1995009 0.07428021 0.9770782 0.2652867 0.07735633 0.9610614 -0.002887184 0.08070394 0.9967339 0.01498521 0.07050117 0.9973991 0.1161194 0.0599474 0.9914245 -0.1015857 0.07560149 0.99195 -0.05642289 0.06668492 0.9961775 -0.0268869 0.07558611 0.9967767 -0.2135651 0.07589765 0.9739761 -0.2147734 0.07293603 0.9739367 -0.133534 0.06099814 0.9891653 -0.3068294 0.06910091 0.9492528 -0.3034205 0.06686644 0.9505077 -0.2597414 0.07301348 0.962914 -0.6687404 0.07033445 0.7401617 -0.5475396 0.067401 0.8340608 -0.4914887 0.06376144 0.8685467 -0.4621961 0.06402058 0.8844638 -0.424647 0.1003617 0.8997791 -0.952607 0.06708369 0.2967149 -0.9446773 0.07007469 0.3204282 -0.9110828 0.07326791 0.4056599 -0.8728819 0.07250349 0.4825147 -0.8621727 0.08207828 0.4999215 -0.8376359 0.07314888 0.5413088 -0.8071422 0.07139059 0.5860246 -0.7834871 0.06740262 0.6177417 -0.7401417 0.07245174 0.6685365 -0.7334382 0.07012899 0.676129 -0.6760432 0.06596493 0.7339034 -0.9475726 0.06925575 -0.3119451 -0.9663055 0.06316567 -0.2495271 -0.9750368 0.06960923 -0.2108503 -0.9848128 0.06729903 -0.1600453 -0.9976819 0.06797481 0.003211194 -0.9976268 0.06875932 0.003605254 -0.9747517 0.05584605 0.2161952 -0.9844086 0.0754168 0.1589088 -0.9670077 0.06827401 0.2454277 -0.4988083 0.07275142 -0.8636536 -0.5475385 0.06740216 -0.8340615 -0.6692603 0.06957085 -0.7397638 -0.6765906 0.06706994 -0.7332985 -0.7408507 0.0700946 -0.6680023 -0.7339574 0.07276647 -0.6752863 -0.8121291 0.05936445 -0.58045 -0.78501 0.07404519 -0.6150419 -0.8599832 0.07221252 -0.5051873 -0.8367689 0.08622914 -0.5407239 -0.9196942 0.040713 -0.3905189 -0.8722359 0.09156099 -0.4804385 -0.936576 0.09886324 -0.3362312 -0.3066932 0.07729781 -0.9486645 -0.2087559 0.08281534 -0.974455 -0.2931653 0.07057177 -0.9534536 -0.3399803 0.06688985 -0.9380507 -0.4187814 0.07404465 -0.9050633 -0.473418 0.05324432 -0.8792272 -0.1039938 0.07737822 -0.9915634 -0.1995212 0.07427138 -0.9770747 -0.2641244 0.07733499 -0.9613832 0.002887184 0.08070394 -0.9967339 -0.01498521 0.07050117 -0.9973991 -0.1161179 0.05994432 -0.9914249 0.1015888 0.07560477 -0.9919494 0.05642289 0.06668492 -0.9961775 0.0268869 0.07558611 -0.9967767 0.2597483 0.07301013 -0.9629124 0.2147944 0.07293533 -0.9739321 0.1335268 0.06099438 -0.9891665 0 1 0 -0.0563029 0.9975754 -0.04090624 0 1 0 -0.06357635 0.9975755 -0.02830615 0 1 0 -0.06807248 0.9975754 -0.01446928 0 1 0 -0.06959196 0.9975755 8.346714e-08 0 1 0 0 1 0 0.06358482 0.9975749 0.0283088 0 1 0 0.06806207 0.9975762 0.01446617 0 1 0 0.06959756 0.9975752 1.267729e-06 0 1 0 0 1 0 0.007272068 0.9975757 0.0692082 0 1 0 0.02151213 0.9975743 0.06620248 0 1 0 0.03479896 0.9975754 0.06026978 0 1 0 0.0465863 0.9975733 0.05174174 0.05630393 0.9975754 0.04090346 0 1 0 0.007270207 0.9975758 -0.0692073 0 1 0 -0.007271619 0.9975758 -0.06920796 0 1 0 -0.02150565 0.9975753 -0.0661894 0 1 0 -0.03479704 0.9975754 -0.06027048 -0.04656712 0.9975754 -0.05171777 0.06806212 0.9975762 -0.01446942 0.06358541 0.9975749 -0.02830583 0 1 0 0.05630142 0.9975755 -0.04090656 0 1 0 0.04659067 0.9975733 -0.05173854 0 1 0 0.03479536 0.9975754 -0.06027148 0.02151543 0.9975743 -0.06620138 -0.06807219 0.9975755 0.01446905 -0.06357741 0.9975754 0.0283069 0 1 0 -0.05630421 0.9975753 0.04090704 0 1 0 -0.04656691 0.9975754 0.05171796 0 1 0 -0.03479716 0.9975754 0.06027056 0 1 0 -0.02150642 0.9975753 0.0661886 -0.007270653 0.9975758 0.06920749 -0.2135656 0.0758819 0.9739773 -0.3068165 0.06908545 0.949258 -0.3034015 0.06685685 0.9505144 -0.6687393 0.07032963 0.7401632 -0.5475566 0.06738505 0.834051 -0.4914816 0.06380156 0.8685478 -0.4622355 0.06402393 0.8844429 -0.4246338 0.1003808 0.8997832 -0.9526122 0.06693941 0.2967308 -0.9447101 0.07003797 0.3203397 -0.9110956 0.07314461 0.4056533 -0.8729633 0.07249669 0.4823684 -0.862165 0.08210042 0.499931 -0.8377287 0.0731406 0.5411664 -0.8071307 0.07139425 0.58604 -0.7834879 0.06736859 0.6177444 -0.7401562 0.07248244 0.6685171 -0.7334876 0.07010112 0.6760782 -0.6761088 0.06596294 0.7338432 -0.9475844 0.069077 -0.3119489 -0.9663241 0.06311159 -0.2494689 -0.9750347 0.06947221 -0.2109049 -0.9848039 0.06723736 -0.1601265 -0.9976719 0.06811998 0.003242973 -0.9976248 0.06878901 0.003586644 -0.974756 0.05575109 0.2162001 -0.9843963 0.07539307 0.1589964 -0.9670244 0.06820579 0.2453807 -0.4988082 0.07279007 -0.8636504 -0.5475565 0.06738509 -0.834051 -0.6692479 0.06958131 -0.7397741 -0.6766461 0.06704812 -0.7332493 -0.7408779 0.07010628 -0.6679709 -0.7340275 0.07273782 -0.6752132 -0.8121024 0.05937941 -0.5804859 -0.7849917 0.07402717 -0.6150675 -0.8599764 0.07226484 -0.5051915 -0.8368534 0.08617103 -0.5406024 -0.9197132 0.0405614 -0.3904899 -0.8723372 0.09149189 -0.4802677 -0.9366069 0.09886605 -0.3361444 -0.3066742 0.07727182 -0.9486728 -0.2087605 0.08278249 -0.9744568 -0.2943602 0.07057815 -0.9530849 -0.339971 0.06691177 -0.9380525 -0.4187693 0.07407364 -0.9050665 -0.4734559 0.05324945 -0.8792064 -0.1039969 0.07737677 -0.9915631 -0.1995009 0.07428021 -0.9770782 -0.2652867 0.07735633 -0.9610614 0.002887184 0.08070394 -0.9967339 -0.01498521 0.07050117 -0.9973991 -0.1161194 0.0599474 -0.9914245 0.1015857 0.07560149 -0.99195 0.05642289 0.06668492 -0.9961775 0.0268869 0.07558611 -0.9967767 0.2135651 0.07589978 -0.973976 0.2147491 0.07293922 -0.9739418 0.133534 0.06099814 -0.9891653 0.3068294 0.06910091 -0.9492528 0.3034395 0.06687024 -0.9505014 0.2597358 0.07302061 -0.962915 0.6687404 0.07033445 -0.7401617 0.5475396 0.067401 -0.8340608 0.4914887 0.06376144 -0.8685467 0.4621961 0.06402058 -0.8844638 0.424647 0.1003617 -0.8997791 0.9526072 0.06707855 -0.2967153 0.9446772 0.07007437 -0.3204287 0.9110842 0.07326783 -0.4056568 0.8728829 0.07250318 -0.482513 0.8621725 0.08208806 -0.4999201 0.8376356 0.07314793 -0.5413095 0.8071407 0.07139793 -0.5860258 0.7834871 0.06740221 -0.6177418 0.7401413 0.07245092 -0.668537 0.7334382 0.07012899 -0.676129 0.6760432 0.06596493 -0.7339034 0.9475721 0.06926228 0.3119454 0.9663055 0.06316514 0.2495272 0.9750356 0.06961549 0.2108535 0.9848127 0.06729785 0.1600469 0.9976819 0.06797501 -0.003211395 0.9976268 0.06875914 -0.003605689 0.9747528 0.05583979 -0.2161918 0.9844088 0.07541782 -0.1589071 0.9670077 0.06827457 -0.2454277 0.4988083 0.07275142 0.8636536 0.5475385 0.06740216 0.8340615 0.6692603 0.06957085 0.7397638 0.6765906 0.06706994 0.7332985 0.7408504 0.07009251 0.6680028 0.7339575 0.07276661 0.6752862 0.8121314 0.05935574 0.5804477 0.7850102 0.07404609 0.6150416 0.8599829 0.07220271 0.5051893 0.8367685 0.0862295 0.5407245 0.9196933 0.04071303 0.3905211 0.8722359 0.0915588 0.4804388 0.9365759 0.09886396 0.3362315 0.3066932 0.07729781 0.9486645 0.2087559 0.08281534 0.974455 0.2931653 0.07057177 0.9534536 0.3399803 0.06688985 0.9380507 0.4187814 0.07404465 0.9050633 0.473418 0.05324432 0.8792272 0.1039938 0.07737822 0.9915634 0.1995212 0.07427138 0.9770747 0.2641244 0.07733499 0.9613832 -0.002887184 0.08070394 0.9967339 0.01498521 0.07050117 0.9973991 0.1161179 0.05994432 0.9914249 -0.1015888 0.07560477 0.9919494 -0.05642289 0.06668492 0.9961775 -0.0268869 0.07558611 0.9967767 -0.2597539 0.073003 0.9629115 -0.2148187 0.07293214 0.973927 -0.1335268 0.06099438 0.9891665 -0.196388 -0.8685541 -0.4550225 -0.09465168 -0.9673559 -0.2350821 -0.08228711 -0.9498062 -0.3018227 0.409736 -0.2613138 -0.8739746 0.367028 -0.5043192 -0.7816346 0.3218611 -0.2514133 -0.9127961 0.2547985 -0.2425657 -0.9360767 0.1872894 -0.2386755 -0.9528676 0.1092416 -0.2346482 -0.9659226 0.01956096 -0.2330087 -0.9722779 -0.05885642 -0.2336586 -0.9705357 -0.1251957 -0.2361192 -0.9636253 -0.2032282 -0.241935 -0.9487706 -0.2959727 -0.2484917 -0.922308 -0.397858 -0.2594971 -0.8799831 -0.2656156 -0.482084 -0.8348912 -0.1786296 -0.4679928 -0.8654907 -0.1091825 -0.4576807 -0.8823874 -0.05138467 -0.4538316 -0.8896047 0.01758088 -0.4526641 -0.8915078 0.09632646 -0.4563693 -0.8845611 0.1645392 -0.464695 -0.8700491 0.2263511 -0.4725854 -0.8517208 0.2837337 -0.4879296 -0.8254816 0.2992074 -0.7121274 -0.635098 -0.3533886 -0.5022589 -0.78921 -0.2185396 -0.685346 -0.6946519 -0.1434581 -0.6667099 -0.7313807 -0.08708382 -0.6536538 -0.7517667 -0.04102468 -0.6489895 -0.7596905 0.01469996 -0.6474462 -0.7619694 0.07784252 -0.6525276 -0.7537561 0.1321956 -0.6633666 -0.736525 0.184052 -0.673321 -0.7160752 0.2273167 -0.6923611 -0.6848089 0.2110918 -0.8702957 -0.4450008 -0.2846467 -0.7100307 -0.6440751 -0.1578958 -0.8452462 -0.5105171 -0.09981436 -0.826216 -0.5544405 -0.06011921 -0.8129979 -0.5791547 -0.02838064 -0.8083735 -0.5879853 0.01094702 -0.8067947 -0.5907304 0.0551333 -0.8120697 -0.5809502 0.09222269 -0.8233411 -0.5600039 0.1305602 -0.8333369 -0.5371254 0.155749 -0.8519788 -0.4998743 0.1091744 -0.9683989 -0.224242 -0.05222092 -0.934181 -0.3529573 -0.03212059 -0.9250256 -0.3785444 -0.01484141 -0.9224823 -0.3857541 0.004597708 -0.9222066 -0.3866703 0.02729361 -0.9279543 -0.3716932 0.04720554 -0.937715 -0.3441835 0.06562483 -0.9460364 -0.3173462 0.0801075 -0.9586383 -0.2731214 -0.1963927 -0.8685596 -0.45501 -0.09465747 -0.9673527 -0.2350931 -0.0822892 -0.949807 -0.3018196 0.4097486 -0.2612984 -0.8739733 0.3670534 -0.5043225 -0.7816205 0.3218393 -0.2514147 -0.9128035 0.2548059 -0.2425719 -0.9360731 0.1873117 -0.238684 -0.9528611 0.1092364 -0.2346434 -0.9659244 0.01956096 -0.2330087 -0.9722779 -0.05885096 -0.2336583 -0.9705361 -0.125195 -0.2361204 -0.9636251 -0.203221 -0.2419316 -0.9487731 -0.2960008 -0.2484854 -0.9223007 -0.3978725 -0.2594909 -0.8799784 -0.2656151 -0.48208 -0.8348937 -0.1786274 -0.4679891 -0.8654932 -0.109185 -0.4576811 -0.8823869 -0.05138417 -0.4538321 -0.8896045 0.01758349 -0.4526635 -0.891508 0.09631424 -0.4563675 -0.8845633 0.1645436 -0.4646955 -0.870048 0.2263535 -0.4725862 -0.8517197 0.2837502 -0.487934 -0.8254733 0.2992094 -0.712118 -0.6351076 -0.353394 -0.5022677 -0.789202 -0.2185426 -0.6853484 -0.6946486 -0.1434629 -0.6667132 -0.7313767 -0.08708304 -0.6536529 -0.7517676 -0.04102248 -0.6489886 -0.7596913 0.0147014 -0.6474466 -0.761969 0.07783916 -0.6525267 -0.7537572 0.1321948 -0.6633618 -0.7365295 0.1840468 -0.6733181 -0.7160793 0.2273192 -0.6923522 -0.6848171 0.2110846 -0.8702966 -0.4450023 -0.2846526 -0.7100341 -0.6440687 -0.1578884 -0.8452513 -0.5105109 -0.09980967 -0.8262134 -0.5544451 -0.0601203 -0.8129962 -0.5791569 -0.02838267 -0.8083736 -0.5879852 0.01094818 -0.8067947 -0.5907304 0.05513148 -0.8120698 -0.5809502 0.09221348 -0.8233406 -0.5600063 0.1305577 -0.8333356 -0.537128 0.1557539 -0.8519766 -0.4998766 0.1091716 -0.9684006 -0.2242362 -0.05221507 -0.9341811 -0.352958 -0.03212085 -0.9250259 -0.3785437 -0.01484279 -0.9224824 -0.3857538 0.004597861 -0.9222067 -0.3866701 0.02729415 -0.9279551 -0.3716913 0.04720684 -0.9377152 -0.3441827 0.06562613 -0.9460361 -0.3173466 0.08010227 -0.9586398 -0.273118 -0.2218721 -0.9676208 -0.1203448 -0.198989 -0.9676204 -0.1552875 -0.3901267 -0.868973 -0.3044456 -0.4757138 -0.7105901 -0.5184189 -0.3345786 -0.868973 -0.3646135 -0.1706576 -0.9676197 -0.1859786 -0.4713403 -0.5029979 -0.7244525 -0.3837122 -0.7105901 -0.5897683 -0.2698706 -0.8689717 -0.4147989 -0.1376511 -0.9676204 -0.2115724 -0.848659 -0.2605464 0.4603188 -0.7611264 -0.260547 0.5939712 -0.6813659 -0.5029987 0.5317262 -0.9129499 -0.2605479 0.3140656 -0.7597262 -0.5029968 0.4120805 -0.5546919 -0.7105904 0.4328719 -0.170658 -0.9676198 0.1859779 -0.1989884 -0.9676206 0.1552871 -0.3901282 -0.8689719 0.3044467 -0.4349928 -0.8689718 0.2359436 -0.6184843 -0.7105881 0.3354724 -0.6653397 -0.7105873 0.2288857 -0.8172775 -0.5030005 0.2811549 -0.8524555 -0.5029968 0.1425268 -0.9522425 -0.2605472 0.1592152 -0.9654615 -0.2605458 4.768052e-07 -0.2218719 -0.9676207 0.1203451 -0.4679471 -0.8689715 0.1609785 -0.6939781 -0.7105851 0.116031 -0.864288 -0.5029972 5.170142e-07 -0.9522428 -0.2605452 -0.1592166 -0.2386803 -0.9676208 0.08210834 -0.4880866 -0.8689716 0.08160705 -0.7036083 -0.710588 9.740962e-07 -0.8524548 -0.5029975 -0.1425286 -0.9129493 -0.2605508 -0.3140649 -0.2489531 -0.9676207 0.04162438 -0.4948622 -0.8689714 -4.534891e-07 -0.6939781 -0.7105849 -0.1160323 -0.8172789 -0.5029994 -0.2811527 -0.8486585 -0.2605498 -0.460318 -0.2524094 -0.9676205 -1.958439e-07 -0.248953 -0.9676207 -0.04162392 -0.4880866 -0.8689717 -0.0816068 -0.4679458 -0.8689721 -0.1609792 -0.6653405 -0.7105868 -0.2288849 -0.6184864 -0.710586 -0.335473 -0.7597252 -0.5029956 -0.4120837 -0.6813669 -0.5029987 -0.531725 -0.7611269 -0.2605474 -0.5939705 -0.6527561 -0.2605435 -0.7113555 -0.2386799 -0.9676208 -0.08210854 -0.4349919 -0.8689726 -0.2359423 -0.5546933 -0.7105892 -0.4328722 -0.5843513 -0.5029944 -0.6368125 -0.5265146 -0.2605447 -0.8092582 -0.5265129 -0.2605445 0.8092594 -0.1376519 -0.9676202 0.211573 -0.1091716 -0.9684006 0.2242362 -0.2698696 -0.8689729 0.4147969 -0.2110846 -0.8702966 0.4450023 -0.383712 -0.7105887 0.5897701 -0.2992094 -0.712118 0.6351076 -0.4713373 -0.5029984 0.7244542 -0.3670534 -0.5043225 0.7816205 -0.4097486 -0.2612984 0.8739733 -0.3345784 -0.8689729 0.3646141 -0.4757131 -0.7105901 0.5184194 -0.5843538 -0.5029944 0.6368103 -0.6527573 -0.2605436 0.7113542 0.1963927 -0.8685596 0.45501 0.09465747 -0.9673527 0.2350931 0.0822892 -0.949807 0.3018196 -0.3218393 -0.2514147 0.9128035 -0.2548059 -0.2425719 0.9360731 -0.1873117 -0.238684 0.9528611 -0.1092364 -0.2346434 0.9659244 -0.01956096 -0.2330087 0.9722779 0.05885096 -0.2336583 0.9705361 0.125195 -0.2361204 0.9636251 0.2032238 -0.2419354 0.9487715 0.2959978 -0.2484888 0.9223007 0.3978725 -0.2594909 0.8799784 0.2656151 -0.48208 0.8348937 0.1786274 -0.4679891 0.8654932 0.109185 -0.4576811 0.8823869 0.05138417 -0.4538321 0.8896045 -0.01758349 -0.4526635 0.891508 -0.09631424 -0.4563675 0.8845633 -0.1645436 -0.4646955 0.870048 -0.2263535 -0.4725862 0.8517197 -0.2837502 -0.487934 0.8254733 0.353394 -0.5022677 0.789202 0.2185426 -0.6853484 0.6946486 0.1434629 -0.6667132 0.7313767 0.08708304 -0.6536529 0.7517676 0.04102248 -0.6489886 0.7596913 -0.0147014 -0.6474466 0.761969 -0.07784124 -0.6525227 0.7537605 -0.1321931 -0.6633603 0.7365311 -0.1840468 -0.6733181 0.7160793 -0.2273192 -0.6923522 0.6848171 0.2846526 -0.7100341 0.6440687 0.1578884 -0.8452513 0.5105109 0.09980967 -0.8262134 0.5544451 0.0601203 -0.8129962 0.5791569 0.02838267 -0.8083736 0.5879852 -0.01095257 -0.8067941 0.5907312 -0.05513046 -0.8120706 0.5809492 -0.09221018 -0.8233423 0.5600042 -0.1305577 -0.8333356 0.537128 -0.1557539 -0.8519766 0.4998766 0.05221507 -0.9341811 0.352958 0.03212085 -0.9250259 0.3785437 0.01484279 -0.9224824 0.3857538 -0.00459744 -0.9222071 0.386669 -0.02729053 -0.9279575 0.3716854 -0.04721011 -0.9377151 0.3441826 -0.06562613 -0.9460361 0.3173466 -0.08010227 -0.9586398 0.273118 0.2218754 -0.9676197 0.1203472 0.198985 -0.9676217 0.1552842 0.3901103 -0.8689841 0.3044349 0.4757159 -0.7105817 0.5184285 0.3345685 -0.868972 0.3646251 0.1706466 -0.9676243 0.1859646 0.4713349 -0.5029705 0.724475 0.3837133 -0.7105771 0.5897832 0.2698705 -0.8689794 0.4147828 0.137647 -0.9676222 0.2115669 0.8486683 -0.2605486 -0.4603004 0.7611215 -0.2605752 -0.5939651 0.6813947 -0.5029579 -0.531728 0.9129385 -0.2605449 -0.3141012 0.7597414 -0.502976 -0.4120778 0.5546995 -0.7105774 -0.4328837 0.1706428 -0.9676244 -0.1859678 0.1989899 -0.9676209 -0.1552829 0.3900984 -0.8689874 -0.3044407 0.43499 -0.8689716 -0.2359493 0.6184641 -0.7106023 -0.3354797 0.6653117 -0.7106165 -0.2288767 0.8172783 -0.5029952 -0.2811619 0.8524748 -0.5029735 -0.1424933 0.9522586 -0.2605207 -0.1591619 0.965471 -0.2605107 1.361623e-05 0.2218788 -0.9676185 -0.1203501 0.4679489 -0.8689726 -0.1609675 0.6939812 -0.7105858 -0.1160084 0.8642751 -0.5030195 -2.125277e-05 0.9522515 -0.2605522 0.1591527 0.238683 -0.9676204 -0.08210536 0.4881002 -0.8689648 -0.08159892 0.703587 -0.7106091 -1.099315e-05 0.8524712 -0.5029705 0.1425259 0.9129487 -0.2605263 0.314087 0.2489368 -0.9676248 -0.04162526 0.4948531 -0.8689767 -2.123217e-06 0.6939809 -0.7105822 0.1160319 0.8172805 -0.5030007 0.2811454 0.8486655 -0.2605327 0.4603147 0.2523955 -0.9676242 2.878182e-06 0.2489428 -0.9676236 0.04161797 0.4880946 -0.8689679 0.0815991 0.4679435 -0.8689757 0.1609663 0.6653197 -0.7106142 0.2288606 0.6184731 -0.7105906 0.3354878 0.7597358 -0.5029937 0.4120665 0.6813767 -0.5029655 0.5317439 0.761122 -0.2605693 0.5939671 0.6527482 -0.2605541 0.7113588 0.2386831 -0.9676198 0.08211183 0.4349872 -0.8689713 0.2359556 0.5546973 -0.7105776 0.4328861 0.5843544 -0.502989 0.6368139 0.5265027 -0.2605467 0.8092653 0.5265169 -0.2605472 -0.8092559 0.1376431 -0.9676232 -0.2115649 0.2698701 -0.8689746 -0.414793 0.3837112 -0.710583 -0.5897775 0.4713541 -0.5029667 -0.7244652 0.3345716 -0.8689744 -0.3646167 0.4757223 -0.7105759 -0.5184306 0.5843332 -0.502996 -0.6368278 0.6527408 -0.2605495 -0.7113673 -0.2218752 -0.9676197 -0.1203472 -0.198985 -0.9676217 -0.1552842 -0.3901104 -0.8689841 -0.3044346 -0.4757159 -0.7105817 -0.5184285 -0.3345685 -0.868972 -0.3646251 -0.1706466 -0.9676243 -0.1859646 -0.4713349 -0.5029705 -0.724475 -0.3837133 -0.7105771 -0.5897832 -0.2698705 -0.8689794 -0.4147828 -0.137647 -0.9676222 -0.2115669 -0.8486685 -0.2605471 0.4603009 -0.7611219 -0.260575 0.5939647 -0.6813956 -0.5029577 0.531727 -0.9129385 -0.2605441 0.3141019 -0.7597411 -0.5029768 0.4120774 -0.554699 -0.7105778 0.4328836 -0.1706428 -0.9676244 0.1859678 -0.1989899 -0.9676209 0.155283 -0.3900983 -0.8689873 0.3044412 -0.4349906 -0.8689712 0.2359497 -0.6184617 -0.7106041 0.3354801 -0.6653111 -0.710617 0.2288769 -0.8172781 -0.5029957 0.2811616 -0.8524744 -0.5029743 0.1424931 -0.9522589 -0.26052 0.1591612 -0.9654709 -0.2605108 -1.341714e-05 -0.2218792 -0.9676185 0.1203501 -0.4679501 -0.8689719 0.1609673 -0.6939812 -0.7105857 0.1160086 -0.864275 -0.5030196 2.138427e-05 -0.9522512 -0.2605527 -0.1591536 -0.2386833 -0.9676203 0.08210526 -0.4881007 -0.8689645 0.08159858 -0.7035871 -0.710609 1.084956e-05 -0.8524713 -0.50297 -0.1425265 -0.9129488 -0.2605274 -0.314086 -0.2489365 -0.9676249 0.04162544 -0.494853 -0.8689767 2.214179e-06 -0.693981 -0.7105822 -0.1160315 -0.8172808 -0.5030005 -0.2811451 -0.8486653 -0.260535 -0.4603137 -0.2523956 -0.9676241 -2.86505e-06 -0.2489429 -0.9676236 -0.04161787 -0.4880941 -0.8689681 -0.08159952 -0.4679426 -0.8689762 -0.1609663 -0.6653204 -0.7106137 -0.2288603 -0.6184745 -0.7105894 -0.3354878 -0.7597362 -0.5029919 -0.4120681 -0.6813765 -0.5029647 -0.5317448 -0.7611214 -0.2605698 -0.5939677 -0.6527482 -0.2605541 -0.7113588 -0.2386827 -0.9676199 -0.08211183 -0.4349867 -0.8689716 -0.2359551 -0.5546977 -0.7105778 -0.4328854 -0.5843544 -0.502989 -0.6368139 -0.5265027 -0.2605467 -0.8092653 -0.5265169 -0.2605472 0.8092559 -0.1376431 -0.9676232 0.2115649 -0.1091744 -0.9683989 0.224242 -0.2698701 -0.8689746 0.414793 -0.2110918 -0.8702957 0.4450008 -0.3837112 -0.710583 0.5897775 -0.2992074 -0.7121274 0.635098 -0.4713541 -0.5029667 0.7244652 -0.367028 -0.5043192 0.7816346 -0.409736 -0.2613138 0.8739746 -0.3345716 -0.8689744 0.3646167 -0.4757223 -0.7105759 0.5184306 -0.5843332 -0.502996 0.6368278 -0.6527408 -0.2605495 0.7113673 0.196388 -0.8685541 0.4550225 0.09465168 -0.9673559 0.2350821 0.08228711 -0.9498062 0.3018227 -0.3218611 -0.2514133 0.9127961 -0.2547985 -0.2425657 0.9360767 -0.1872894 -0.2386755 0.9528676 -0.1092416 -0.2346482 0.9659226 -0.01956096 -0.2330087 0.9722779 0.05885642 -0.2336586 0.9705357 0.1251957 -0.2361192 0.9636253 0.203231 -0.2419389 0.9487691 0.2959698 -0.248495 0.922308 0.397858 -0.2594971 0.8799831 0.2656156 -0.482084 0.8348912 0.1786296 -0.4679928 0.8654907 0.1091825 -0.4576807 0.8823874 0.05138467 -0.4538316 0.8896047 -0.01758088 -0.4526641 0.8915078 -0.09632646 -0.4563693 0.8845611 -0.1645392 -0.464695 0.8700491 -0.2263511 -0.4725854 0.8517208 -0.2837337 -0.4879296 0.8254816 0.3533886 -0.5022589 0.78921 0.2185396 -0.685346 0.6946519 0.1434581 -0.6667099 0.7313807 0.08708382 -0.6536538 0.7517667 0.04102468 -0.6489895 0.7596905 -0.01469996 -0.6474462 0.7619694 -0.0778446 -0.6525235 0.7537594 -0.1321938 -0.6633652 0.7365266 -0.184052 -0.673321 0.7160752 -0.2273167 -0.6923611 0.6848089 0.2846467 -0.7100307 0.6440751 0.1578958 -0.8452462 0.5105171 0.09981436 -0.826216 0.5544405 0.06011921 -0.8129979 0.5791547 0.02838064 -0.8083735 0.5879853 -0.01095141 -0.8067941 0.5907312 -0.05513228 -0.8120704 0.5809493 -0.09221939 -0.8233429 0.5600019 -0.1305602 -0.8333369 0.5371254 -0.155749 -0.8519788 0.4998743 0.05222092 -0.934181 0.3529573 0.03212059 -0.9250256 0.3785444 0.01484141 -0.9224823 0.3857541 -0.004597287 -0.922207 0.3866692 -0.02728999 -0.9279568 0.3716874 -0.04720881 -0.9377148 0.3441834 -0.06562483 -0.9460364 0.3173462 -0.0801075 -0.9586383 0.2731214 0.2218723 -0.9676207 0.1203448 0.198989 -0.9676204 0.1552875 0.3901266 -0.8689729 0.3044458 0.4757138 -0.7105901 0.5184189 0.3345786 -0.868973 0.3646135 0.1706576 -0.9676197 0.1859786 0.4713403 -0.5029979 0.7244525 0.3837122 -0.7105901 0.5897683 0.2698706 -0.8689717 0.4147989 0.1376511 -0.9676204 0.2115724 0.8486589 -0.260548 -0.4603182 0.761126 -0.2605472 -0.5939716 0.681365 -0.5029989 -0.5317273 0.9129499 -0.2605488 -0.3140649 0.7597265 -0.502996 -0.412081 0.5546925 -0.71059 -0.4328719 0.170658 -0.9676198 -0.1859779 0.1989884 -0.9676206 -0.155287 0.3901284 -0.868972 -0.3044462 0.4349922 -0.8689722 -0.2359431 0.6184866 -0.7105863 -0.3354719 0.6653404 -0.7105868 -0.2288856 0.8172776 -0.503 -0.2811553 0.8524559 -0.5029959 -0.142527 0.9522422 -0.2605478 -0.1592158 0.9654615 -0.2605456 -2.772866e-07 0.2218716 -0.9676208 -0.1203451 0.4679459 -0.8689721 -0.1609787 0.6939781 -0.7105851 -0.1160308 0.8642881 -0.5029972 -3.854071e-07 0.9522431 -0.2605447 0.1592157 0.23868 -0.9676208 -0.08210844 0.4880861 -0.8689719 -0.0816074 0.7036082 -0.7105882 -1.117666e-06 0.8524546 -0.5029979 0.1425281 0.9129493 -0.2605497 0.314066 0.2489534 -0.9676206 -0.0416242 0.4948623 -0.8689714 5.443925e-07 0.6939781 -0.7105849 0.1160327 0.8172786 -0.5029997 0.281153 0.8486587 -0.2605474 0.4603189 0.2524094 -0.9676205 2.089761e-07 0.2489529 -0.9676207 0.04162402 0.4880871 -0.8689715 0.08160639 0.4679467 -0.8689716 0.1609792 0.6653399 -0.7105874 0.2288852 0.6184849 -0.7105873 0.335473 0.7597249 -0.5029974 0.4120821 0.681367 -0.5029995 0.5317241 0.7611275 -0.2605469 0.5939699 0.6527561 -0.2605435 0.7113555 0.2386803 -0.9676208 0.08210855 0.4349924 -0.8689722 0.2359427 0.5546929 -0.710589 0.432873 0.5843513 -0.5029944 0.6368125 0.5265146 -0.2605447 0.8092582 0.5265129 -0.2605445 -0.8092594 0.1376519 -0.9676202 -0.211573 0.2698696 -0.8689729 -0.4147969 0.383712 -0.7105887 -0.5897701 0.4713373 -0.5029984 -0.7244542 0.3345784 -0.8689729 -0.3646141 0.4757131 -0.7105901 -0.5184194 0.5843538 -0.5029944 -0.6368103 0.6527573 -0.2605436 -0.7113542 0.2218721 0.9676208 -0.1203448 0.198989 0.9676204 -0.1552875 0.3901267 0.868973 -0.3044456 0.4757138 0.7105901 -0.5184189 0.3345786 0.868973 -0.3646135 0.1706576 0.9676197 -0.1859786 0.4713403 0.5029979 -0.7244525 0.3837122 0.7105901 -0.5897683 0.2698706 0.8689717 -0.4147989 0.1376511 0.9676204 -0.2115724 0.397858 0.2594971 -0.8799831 0.3533886 0.5022589 -0.78921 0.2846467 0.7100307 -0.6440751 0.196388 0.8685541 -0.4550225 0.09465168 0.9673559 -0.2350821 0.848659 0.2605464 0.4603188 0.7611264 0.260547 0.5939712 0.6813659 0.5029987 0.5317262 0.9129499 0.2605479 0.3140656 0.7597262 0.5029968 0.4120805 0.5546919 0.7105904 0.4328719 0.170658 0.9676198 0.1859779 0.1989884 0.9676206 0.1552871 0.3901282 0.8689719 0.3044467 0.4349928 0.8689718 0.2359436 0.6184843 0.7105881 0.3354724 0.6653397 0.7105873 0.2288857 0.8172775 0.5030005 0.2811549 0.8524555 0.5029968 0.1425268 0.9522425 0.2605472 0.1592152 0.9654615 0.2605458 4.768052e-07 0.2218719 0.9676207 0.1203451 0.4679471 0.8689715 0.1609785 0.6939781 0.7105851 0.116031 0.864288 0.5029972 5.170142e-07 0.9522428 0.2605452 -0.1592166 0.2386803 0.9676208 0.08210834 0.4880866 0.8689716 0.08160705 0.7036083 0.710588 9.740962e-07 0.8524548 0.5029975 -0.1425286 0.9129493 0.2605508 -0.3140649 0.2489531 0.9676207 0.04162438 0.4948622 0.8689714 -4.534891e-07 0.6939781 0.7105849 -0.1160323 0.8172789 0.5029994 -0.2811527 0.8486585 0.2605498 -0.460318 0.2524094 0.9676205 -1.958439e-07 0.248953 0.9676207 -0.04162392 0.4880866 0.8689717 -0.0816068 0.4679458 0.8689721 -0.1609792 0.6653405 0.7105868 -0.2288849 0.6184864 0.710586 -0.335473 0.7597252 0.5029956 -0.4120837 0.6813669 0.5029987 -0.531725 0.7611269 0.2605474 -0.5939705 0.6527561 0.2605435 -0.7113555 0.2386799 0.9676208 -0.08210854 0.4349919 0.8689726 -0.2359423 0.5546933 0.7105892 -0.4328722 0.5843513 0.5029944 -0.6368125 0.5265146 0.2605447 -0.8092582 0.5265129 0.2605445 0.8092594 0.1376519 0.9676202 0.211573 0.1091716 0.9684006 0.2242362 0.2698696 0.8689729 0.4147969 0.2110846 0.8702966 0.4450023 0.383712 0.7105887 0.5897701 0.2992094 0.712118 0.6351076 0.4713373 0.5029984 0.7244542 0.3670534 0.5043225 0.7816205 0.4097486 0.2612984 0.8739733 0.3345784 0.8689729 0.3646141 0.4757131 0.7105901 0.5184194 0.5843538 0.5029944 0.6368103 0.6527573 0.2605436 0.7113542 -0.2218754 0.9676197 0.1203472 -0.198985 0.9676217 0.1552842 -0.3901103 0.8689841 0.3044349 -0.4757159 0.7105817 0.5184285 -0.3345685 0.868972 0.3646251 -0.1706466 0.9676243 0.1859646 -0.4713349 0.5029705 0.724475 -0.3837133 0.7105771 0.5897832 -0.2698705 0.8689794 0.4147828 -0.137647 0.9676222 0.2115669 -0.3978725 0.2594909 0.8799784 -0.353394 0.5022677 0.789202 -0.2846526 0.7100341 0.6440687 -0.1963927 0.8685596 0.45501 -0.09465747 0.9673527 0.2350931 -0.8486683 0.2605486 -0.4603004 -0.7611215 0.2605752 -0.5939651 -0.6813947 0.5029579 -0.531728 -0.9129385 0.2605449 -0.3141012 -0.7597414 0.502976 -0.4120778 -0.5546995 0.7105774 -0.4328837 -0.1706428 0.9676244 -0.1859678 -0.1989899 0.9676209 -0.1552829 -0.3900984 0.8689874 -0.3044407 -0.43499 0.8689716 -0.2359493 -0.6184641 0.7106023 -0.3354797 -0.6653117 0.7106165 -0.2288767 -0.8172783 0.5029952 -0.2811619 -0.8524748 0.5029735 -0.1424933 -0.9522586 0.2605207 -0.1591619 -0.965471 0.2605107 1.361623e-05 -0.2218788 0.9676185 -0.1203501 -0.4679489 0.8689726 -0.1609675 -0.6939812 0.7105858 -0.1160084 -0.8642751 0.5030195 -2.125277e-05 -0.9522515 0.2605522 0.1591527 -0.238683 0.9676204 -0.08210536 -0.4881002 0.8689648 -0.08159892 -0.703587 0.7106091 -1.099315e-05 -0.8524712 0.5029705 0.1425259 -0.9129487 0.2605263 0.314087 -0.2489368 0.9676248 -0.04162526 -0.4948531 0.8689767 -2.123217e-06 -0.6939809 0.7105822 0.1160319 -0.8172805 0.5030007 0.2811454 -0.8486655 0.2605327 0.4603147 -0.2523955 0.9676242 2.878182e-06 -0.2489428 0.9676236 0.04161797 -0.4880946 0.8689679 0.0815991 -0.4679435 0.8689757 0.1609663 -0.6653197 0.7106142 0.2288606 -0.6184731 0.7105906 0.3354878 -0.7597358 0.5029937 0.4120665 -0.6813767 0.5029655 0.5317439 -0.761122 0.2605693 0.5939671 -0.6527482 0.2605541 0.7113588 -0.2386831 0.9676198 0.08211183 -0.4349872 0.8689713 0.2359556 -0.5546973 0.7105776 0.4328861 -0.5843544 0.502989 0.6368139 -0.5265027 0.2605467 0.8092653 -0.5265169 0.2605472 -0.8092559 -0.1376431 0.9676232 -0.2115649 -0.1091744 0.9683989 -0.224242 -0.2698701 0.8689746 -0.414793 -0.2110918 0.8702957 -0.4450008 -0.3837112 0.710583 -0.5897775 -0.2992074 0.7121274 -0.635098 -0.4713541 0.5029667 -0.7244652 -0.367028 0.5043192 -0.7816346 -0.409736 0.2613138 -0.8739746 -0.3345716 0.8689744 -0.3646167 -0.4757223 0.7105759 -0.5184306 -0.5843332 0.502996 -0.6368278 -0.6527408 0.2605495 -0.7113673 -0.0822892 0.949807 0.3018196 0.3218393 0.2514147 0.9128035 0.2548059 0.2425719 0.9360731 0.1873117 0.238684 0.9528611 0.1092364 0.2346434 0.9659244 0.01956096 0.2330087 0.9722779 -0.05885096 0.2336583 0.9705361 -0.125195 0.2361204 0.9636251 -0.2032238 0.2419354 0.9487715 -0.2959978 0.2484888 0.9223007 -0.2656151 0.48208 0.8348937 -0.1786274 0.4679891 0.8654932 -0.109185 0.4576811 0.8823869 -0.05138417 0.4538321 0.8896045 0.01758349 0.4526635 0.891508 0.09631424 0.4563675 0.8845633 0.1645436 0.4646955 0.870048 0.2263535 0.4725862 0.8517197 0.2837502 0.487934 0.8254733 -0.2185426 0.6853484 0.6946486 -0.1434629 0.6667132 0.7313767 -0.08708304 0.6536529 0.7517676 -0.04102248 0.6489886 0.7596913 0.0147014 0.6474466 0.761969 0.07784124 0.6525227 0.7537605 0.1321931 0.6633603 0.7365311 0.1840468 0.6733181 0.7160793 0.2273192 0.6923522 0.6848171 -0.1578884 0.8452513 0.5105109 -0.09980967 0.8262134 0.5544451 -0.0601203 0.8129962 0.5791569 -0.02838267 0.8083736 0.5879852 0.01095257 0.8067941 0.5907312 0.05513046 0.8120706 0.5809492 0.09221018 0.8233423 0.5600042 0.1305577 0.8333356 0.537128 0.1557539 0.8519766 0.4998766 -0.05221507 0.9341811 0.352958 -0.03212085 0.9250259 0.3785437 -0.01484279 0.9224824 0.3857538 0.00459744 0.9222071 0.386669 0.02729053 0.9279575 0.3716854 0.04721011 0.9377151 0.3441826 0.06562613 0.9460361 0.3173466 0.08010227 0.9586398 0.273118 -0.196388 0.8685541 0.4550225 -0.09465168 0.9673559 0.2350821 -0.08228711 0.9498062 0.3018227 0.409736 0.2613138 0.8739746 0.367028 0.5043192 0.7816346 0.3218611 0.2514133 0.9127961 0.2547985 0.2425657 0.9360767 0.1872894 0.2386755 0.9528676 0.1092416 0.2346482 0.9659226 0.01956096 0.2330087 0.9722779 -0.05885642 0.2336586 0.9705357 -0.1251957 0.2361192 0.9636253 -0.203231 0.2419389 0.9487691 -0.2959698 0.248495 0.922308 -0.397858 0.2594971 0.8799831 -0.2656156 0.482084 0.8348912 -0.1786296 0.4679928 0.8654907 -0.1091825 0.4576807 0.8823874 -0.05138467 0.4538316 0.8896047 0.01758088 0.4526641 0.8915078 0.09632646 0.4563693 0.8845611 0.1645392 0.464695 0.8700491 0.2263511 0.4725854 0.8517208 0.2837337 0.4879296 0.8254816 0.2992074 0.7121274 0.635098 -0.3533886 0.5022589 0.78921 -0.2185396 0.685346 0.6946519 -0.1434581 0.6667099 0.7313807 -0.08708382 0.6536538 0.7517667 -0.04102468 0.6489895 0.7596905 0.01469996 0.6474462 0.7619694 0.0778446 0.6525235 0.7537594 0.1321938 0.6633652 0.7365266 0.184052 0.673321 0.7160752 0.2273167 0.6923611 0.6848089 0.2110918 0.8702957 0.4450008 -0.2846467 0.7100307 0.6440751 -0.1578958 0.8452462 0.5105171 -0.09981436 0.826216 0.5544405 -0.06011921 0.8129979 0.5791547 -0.02838064 0.8083735 0.5879853 0.01095141 0.8067941 0.5907312 0.05513228 0.8120704 0.5809493 0.09221939 0.8233429 0.5600019 0.1305602 0.8333369 0.5371254 0.155749 0.8519788 0.4998743 0.1091744 0.9683989 0.224242 -0.05222092 0.934181 0.3529573 -0.03212059 0.9250256 0.3785444 -0.01484141 0.9224823 0.3857541 0.004597287 0.922207 0.3866692 0.02728999 0.9279568 0.3716874 0.04720881 0.9377148 0.3441834 0.06562483 0.9460364 0.3173462 0.0801075 0.9586383 0.2731214 -0.2218723 0.9676207 0.1203448 -0.198989 0.9676204 0.1552875 -0.3901266 0.8689729 0.3044458 -0.4757138 0.7105901 0.5184189 -0.3345786 0.868973 0.3646135 -0.1706576 0.9676197 0.1859786 -0.4713403 0.5029979 0.7244525 -0.3837122 0.7105901 0.5897683 -0.2698706 0.8689717 0.4147989 -0.1376511 0.9676204 0.2115724 -0.8486589 0.260548 -0.4603182 -0.761126 0.2605472 -0.5939716 -0.681365 0.5029989 -0.5317273 -0.9129499 0.2605488 -0.3140649 -0.7597265 0.502996 -0.412081 -0.5546925 0.71059 -0.4328719 -0.170658 0.9676198 -0.1859779 -0.1989884 0.9676206 -0.155287 -0.3901284 0.868972 -0.3044462 -0.4349922 0.8689722 -0.2359431 -0.6184866 0.7105863 -0.3354719 -0.6653404 0.7105868 -0.2288856 -0.8172776 0.503 -0.2811553 -0.8524559 0.5029959 -0.142527 -0.9522422 0.2605478 -0.1592158 -0.9654615 0.2605456 -2.772866e-07 -0.2218716 0.9676208 -0.1203451 -0.4679459 0.8689721 -0.1609787 -0.6939781 0.7105851 -0.1160308 -0.8642881 0.5029972 -3.854071e-07 -0.9522431 0.2605447 0.1592157 -0.23868 0.9676208 -0.08210844 -0.4880861 0.8689719 -0.0816074 -0.7036082 0.7105882 -1.117666e-06 -0.8524546 0.5029979 0.1425281 -0.9129493 0.2605497 0.314066 -0.2489534 0.9676206 -0.0416242 -0.4948623 0.8689714 5.443925e-07 -0.6939781 0.7105849 0.1160327 -0.8172786 0.5029997 0.281153 -0.8486587 0.2605474 0.4603189 -0.2524094 0.9676205 2.089761e-07 -0.2489529 0.9676207 0.04162402 -0.4880871 0.8689715 0.08160639 -0.4679467 0.8689716 0.1609792 -0.6653399 0.7105874 0.2288852 -0.6184849 0.7105873 0.335473 -0.7597249 0.5029974 0.4120821 -0.681367 0.5029995 0.5317241 -0.7611275 0.2605469 0.5939699 -0.6527561 0.2605435 0.7113555 -0.2386803 0.9676208 0.08210855 -0.4349924 0.8689722 0.2359427 -0.5546929 0.710589 0.432873 -0.5843513 0.5029944 0.6368125 -0.5265146 0.2605447 0.8092582 -0.5265129 0.2605445 -0.8092594 -0.1376519 0.9676202 -0.211573 -0.1091716 0.9684006 -0.2242362 -0.2698696 0.8689729 -0.4147969 -0.2110846 0.8702966 -0.4450023 -0.383712 0.7105887 -0.5897701 -0.2992094 0.712118 -0.6351076 -0.4713373 0.5029984 -0.7244542 -0.3670534 0.5043225 -0.7816205 -0.4097486 0.2612984 -0.8739733 -0.3345784 0.8689729 -0.3646141 -0.4757131 0.7105901 -0.5184194 -0.5843538 0.5029944 -0.6368103 -0.6527573 0.2605436 -0.7113542 0.2218752 0.9676197 -0.1203472 0.198985 0.9676217 -0.1552842 0.3901104 0.8689841 -0.3044346 0.4757159 0.7105817 -0.5184285 0.3345685 0.868972 -0.3646251 0.1706466 0.9676243 -0.1859646 0.4713349 0.5029705 -0.724475 0.3837133 0.7105771 -0.5897832 0.2698705 0.8689794 -0.4147828 0.137647 0.9676222 -0.2115669 0.3978725 0.2594909 -0.8799784 0.353394 0.5022677 -0.789202 0.2846526 0.7100341 -0.6440687 0.1963927 0.8685596 -0.45501 0.09465747 0.9673527 -0.2350931 0.8486685 0.2605471 0.4603009 0.7611219 0.260575 0.5939647 0.6813956 0.5029577 0.531727 0.9129385 0.2605441 0.3141019 0.7597411 0.5029768 0.4120774 0.554699 0.7105778 0.4328836 0.1706428 0.9676244 0.1859678 0.1989899 0.9676209 0.155283 0.3900983 0.8689873 0.3044412 0.4349906 0.8689712 0.2359497 0.6184617 0.7106041 0.3354801 0.6653111 0.710617 0.2288769 0.8172781 0.5029957 0.2811616 0.8524744 0.5029743 0.1424931 0.9522589 0.26052 0.1591612 0.9654709 0.2605108 -1.341714e-05 0.2218792 0.9676185 0.1203501 0.4679501 0.8689719 0.1609673 0.6939812 0.7105857 0.1160086 0.864275 0.5030196 2.138427e-05 0.9522512 0.2605527 -0.1591536 0.2386833 0.9676203 0.08210526 0.4881007 0.8689645 0.08159858 0.7035871 0.710609 1.084956e-05 0.8524713 0.50297 -0.1425265 0.9129488 0.2605274 -0.314086 0.2489365 0.9676249 0.04162544 0.494853 0.8689767 2.214179e-06 0.693981 0.7105822 -0.1160315 0.8172808 0.5030005 -0.2811451 0.8486653 0.260535 -0.4603137 0.2523956 0.9676241 -2.86505e-06 0.2489429 0.9676236 -0.04161787 0.4880941 0.8689681 -0.08159952 0.4679426 0.8689762 -0.1609663 0.6653204 0.7106137 -0.2288603 0.6184745 0.7105894 -0.3354878 0.7597362 0.5029919 -0.4120681 0.6813765 0.5029647 -0.5317448 0.7611214 0.2605698 -0.5939677 0.6527482 0.2605541 -0.7113588 0.2386827 0.9676199 -0.08211183 0.4349867 0.8689716 -0.2359551 0.5546977 0.7105778 -0.4328854 0.5843544 0.502989 -0.6368139 0.5265027 0.2605467 -0.8092653 0.5265169 0.2605472 0.8092559 0.1376431 0.9676232 0.2115649 0.2698701 0.8689746 0.414793 0.3837112 0.710583 0.5897775 0.4713541 0.5029667 0.7244652 0.3345716 0.8689744 0.3646167 0.4757223 0.7105759 0.5184306 0.5843332 0.502996 0.6368278 0.6527408 0.2605495 0.7113673 0.0822892 0.949807 -0.3018196 -0.3218393 0.2514147 -0.9128035 -0.2548059 0.2425719 -0.9360731 -0.1873117 0.238684 -0.9528611 -0.1092364 0.2346434 -0.9659244 -0.01956096 0.2330087 -0.9722779 0.05885096 0.2336583 -0.9705361 0.125195 0.2361204 -0.9636251 0.203221 0.2419316 -0.9487731 0.2960008 0.2484854 -0.9223007 0.2656151 0.48208 -0.8348937 0.1786274 0.4679891 -0.8654932 0.109185 0.4576811 -0.8823869 0.05138417 0.4538321 -0.8896045 -0.01758349 0.4526635 -0.891508 -0.09631424 0.4563675 -0.8845633 -0.1645436 0.4646955 -0.870048 -0.2263535 0.4725862 -0.8517197 -0.2837502 0.487934 -0.8254733 0.2185426 0.6853484 -0.6946486 0.1434629 0.6667132 -0.7313767 0.08708304 0.6536529 -0.7517676 0.04102248 0.6489886 -0.7596913 -0.0147014 0.6474466 -0.761969 -0.07783916 0.6525267 -0.7537572 -0.1321948 0.6633618 -0.7365295 -0.1840468 0.6733181 -0.7160793 -0.2273192 0.6923522 -0.6848171 0.1578884 0.8452513 -0.5105109 0.09980967 0.8262134 -0.5544451 0.0601203 0.8129962 -0.5791569 0.02838267 0.8083736 -0.5879852 -0.01094818 0.8067947 -0.5907304 -0.05513148 0.8120698 -0.5809502 -0.09221348 0.8233406 -0.5600063 -0.1305577 0.8333356 -0.537128 -0.1557539 0.8519766 -0.4998766 0.05221507 0.9341811 -0.352958 0.03212085 0.9250259 -0.3785437 0.01484279 0.9224824 -0.3857538 -0.004597861 0.9222067 -0.3866701 -0.02729415 0.9279551 -0.3716913 -0.04720684 0.9377152 -0.3441827 -0.06562613 0.9460361 -0.3173466 -0.08010227 0.9586398 -0.273118 0.08228711 0.9498062 -0.3018227 -0.3218611 0.2514133 -0.9127961 -0.2547985 0.2425657 -0.9360767 -0.1872894 0.2386755 -0.9528676 -0.1092416 0.2346482 -0.9659226 -0.01956096 0.2330087 -0.9722779 0.05885642 0.2336586 -0.9705357 0.1251957 0.2361192 -0.9636253 0.2032282 0.241935 -0.9487706 0.2959727 0.2484917 -0.922308 0.2656156 0.482084 -0.8348912 0.1786296 0.4679928 -0.8654907 0.1091825 0.4576807 -0.8823874 0.05138467 0.4538316 -0.8896047 -0.01758088 0.4526641 -0.8915078 -0.09632646 0.4563693 -0.8845611 -0.1645392 0.464695 -0.8700491 -0.2263511 0.4725854 -0.8517208 -0.2837337 0.4879296 -0.8254816 0.2185396 0.685346 -0.6946519 0.1434581 0.6667099 -0.7313807 0.08708382 0.6536538 -0.7517667 0.04102468 0.6489895 -0.7596905 -0.01469996 0.6474462 -0.7619694 -0.07784252 0.6525276 -0.7537561 -0.1321956 0.6633666 -0.736525 -0.184052 0.673321 -0.7160752 -0.2273167 0.6923611 -0.6848089 0.1578958 0.8452462 -0.5105171 0.09981436 0.826216 -0.5544405 0.06011921 0.8129979 -0.5791547 0.02838064 0.8083735 -0.5879853 -0.01094702 0.8067947 -0.5907304 -0.0551333 0.8120697 -0.5809502 -0.09222269 0.8233411 -0.5600039 -0.1305602 0.8333369 -0.5371254 -0.155749 0.8519788 -0.4998743 0.05222092 0.934181 -0.3529573 0.03212059 0.9250256 -0.3785444 0.01484141 0.9224823 -0.3857541 -0.004597708 0.9222066 -0.3866703 -0.02729361 0.9279543 -0.3716932 -0.04720554 0.937715 -0.3441835 -0.06562483 0.9460364 -0.3173462 -0.0801075 0.9586383 -0.2731214 0.8829323 0.2566697 -0.3931301 0.78192 0.2566697 -0.568086 0.1010122 0.2566659 -0.9612071 -0.1010133 0.2566658 -0.961207 -0.7819128 0.2566786 -0.5680919 -0.8829449 0.2566459 -0.3931173 -0.882943 0.2566502 0.3931188 -0.7819142 0.2566706 0.5680936 -0.1010167 0.256665 0.9612069 0.1010133 0.2566658 0.961207 0.7819224 0.2566582 0.568088 0.8829323 0.2566776 0.3931249 0.2610543 0.963728 0.0554883 0.2438343 0.9637219 0.1085588 0.4954982 0.8621976 0.1053416 0.4626425 0.8622858 0.2059737 0.6957897 0.7028526 0.1479015 0.6498347 0.7028565 0.2893226 0.8492453 0.4961841 0.1805097 0.7932 0.4961058 0.3531471 0.945394 0.2566016 0.2009621 0.08248544 0.9637111 0.2538841 0.02790922 0.9637099 0.2654886 0.1564957 0.8622863 0.4816342 0.05294429 0.862261 0.5036892 0.2198039 0.7028608 0.6765153 0.0743527 0.7028261 0.7074653 0.2683108 0.4961586 0.8257336 0.09075486 0.4961566 0.8634768 0.2986447 0.256668 0.9192023 -0.1786334 0.9637071 0.1983905 -0.2159733 0.9637083 0.1569133 -0.3388818 0.8622717 0.3763597 -0.4097156 0.8622769 0.2976772 -0.4759899 0.7028341 0.5286378 -0.5754979 0.7028334 0.4181235 -0.5809597 0.4961661 0.645217 -0.7024081 0.4961687 0.5103327 -0.646716 0.2566552 0.7182524 -0.2611282 0.963707 -0.05550525 -0.2438694 0.9637109 -0.1085776 -0.4953861 0.8622675 -0.1052966 -0.4626592 0.8622733 -0.2059884 -0.6958032 0.702841 -0.1478933 -0.6498599 0.7028274 -0.2893368 -0.8492418 0.4961914 -0.180506 -0.7931641 0.4961662 -0.3531428 -0.9453836 0.2566551 -0.2009429 -0.08249433 0.9637092 -0.2538884 -0.02790844 0.9637099 -0.2654888 -0.1564986 0.8622774 -0.4816492 -0.05294361 0.8622611 -0.5036892 -0.2198175 0.7028358 -0.6765369 -0.07435387 0.7028252 -0.707466 -0.2682975 0.4961543 -0.8257405 -0.09075639 0.4961574 -0.8634762 -0.2986579 0.2566659 -0.9191986 0.1786331 0.9637042 -0.1984046 0.2160352 0.9636889 -0.1569473 0.3388636 0.8622841 -0.3763478 0.4097275 0.8622641 -0.297698 0.475945 0.7028878 -0.5286068 0.5754504 0.7028847 -0.4181028 0.580955 0.4961781 -0.6452121 0.7024049 0.4961741 -0.5103319 0.6467221 0.2566061 -0.7182645 0.2669393 0.9637133 5.288074e-06 0.5063452 0.8623309 -2.326517e-05 0.7114212 0.7027658 1.199806e-05 0.8682193 0.4961806 -1.417123e-06 0.9664947 0.2566865 -5.905827e-06 0.2160283 0.9636885 0.1569592 0.4097249 0.8622633 0.2977037 0.5754462 0.7028931 0.4180944 0.7024043 0.4961821 0.5103249 0.6467178 0.2566113 0.7182665 0.5809567 0.4961714 0.6452157 0.4759509 0.7028908 0.5285974 0.338863 0.8622864 0.3763429 0.1786377 0.9637029 0.198407 0.1334762 0.9637108 0.2311831 0.2532092 0.8622901 0.4385668 0.3556962 0.7028075 0.6160697 0.434111 0.4961695 0.7519066 0.4832668 0.2566593 0.8370061 -0.02790807 0.9637097 0.2654896 -0.05294705 0.8622602 0.5036904 -0.07435521 0.702827 0.7074642 -0.09075684 0.4961562 0.8634768 -0.2986543 0.2566698 0.9191987 -0.2682984 0.4961514 0.825742 -0.2198136 0.7028379 0.6765359 -0.1564957 0.862277 0.4816509 -0.08249605 0.9637088 0.2538891 -0.1334705 0.9637118 0.2311823 -0.2532164 0.8622779 0.4385866 -0.3556836 0.7028233 0.6160589 -0.4341172 0.4961594 0.7519097 -0.4832507 0.2566515 0.8370178 -0.2438682 0.963711 0.1085792 -0.4626574 0.8622742 0.2059888 -0.6498601 0.7028278 0.2893354 -0.7931619 0.4961723 0.3531391 -0.9453845 0.2566554 0.200938 -0.8492429 0.4961876 0.1805111 -0.6958026 0.7028408 0.1478971 -0.4953868 0.8622672 0.105296 -0.2611284 0.9637071 0.05550383 -0.2669546 0.9637091 6.570448e-07 -0.5064547 0.8622666 -1.399508e-07 -0.7113636 0.7028242 -2.017658e-06 -0.8682237 0.496173 -1.567968e-06 -0.9664981 0.2566738 1.83582e-06 -0.2159701 0.9637093 -0.1569115 -0.4097182 0.8622749 -0.2976793 -0.5755041 0.7028247 -0.4181297 -0.7024117 0.4961618 -0.5103344 -0.6467165 0.2566556 -0.7182518 -0.5809608 0.4961658 -0.6452163 -0.475991 0.7028338 -0.5286371 -0.3388794 0.8622722 -0.3763607 -0.1786318 0.963707 -0.1983925 -0.1334729 0.9637116 -0.2311815 -0.2532172 0.862278 -0.438586 -0.355681 0.7028233 -0.6160604 -0.4341169 0.4961605 -0.7519091 -0.4832493 0.2566486 -0.8370195 0.02790944 0.9637094 -0.2654904 0.05294851 0.8622604 -0.5036898 0.07435614 0.7028269 -0.7074641 0.09075517 0.4961575 -0.8634763 0.2986431 0.2566787 -0.9191998 0.2683134 0.4961502 -0.8257378 0.2197919 0.7028658 -0.676514 0.1564924 0.8622851 -0.4816374 0.08248552 0.963711 -0.2538842 0.1334735 0.963711 -0.2311836 0.2532086 0.8622895 -0.4385684 0.3557107 0.702807 -0.6160619 0.4341095 0.49617 -0.7519071 0.4832646 0.2566628 -0.8370063 0.243837 0.9637201 -0.1085685 0.4626202 0.862295 -0.205985 0.649853 0.7028395 -0.2893229 0.7931994 0.4961149 -0.3531355 0.9453895 0.2566272 -0.2009506 0.849255 0.4961657 -0.1805147 0.695775 0.7028648 -0.1479126 0.4955128 0.8621937 -0.1053045 0.2610503 0.9637288 -0.05549463 -0.8829306 0.2566728 0.3931318 -0.7819215 0.2566608 0.5680881 -0.6467218 0.2566057 0.7182649 -0.4832646 0.2566628 0.8370063 -0.2986431 0.2566787 0.9191998 -0.1010122 0.2566659 0.9612071 0.1010133 0.2566658 0.961207 0.2986579 0.2566659 0.9191986 0.4832493 0.2566486 0.8370195 0.646716 0.2566553 0.7182524 0.7819144 0.2566699 0.5680937 0.8829439 0.256649 0.3931175 0.9453838 0.2566566 0.20094 0.9664981 0.2566736 -1.616622e-06 0.9453841 0.2566541 -0.2009417 0.8829446 0.256647 -0.3931172 0.7819128 0.2566796 -0.5680915 0.6467163 0.2566556 -0.718252 0.4832507 0.2566515 -0.8370178 0.2986543 0.2566698 -0.9191987 0.1010167 0.256665 -0.9612069 -0.1010133 0.2566658 -0.961207 -0.2986447 0.256668 -0.9192023 -0.4832668 0.2566593 -0.8370061 -0.6467183 0.2566116 -0.7182659 -0.7819208 0.2566669 -0.5680862 -0.8829333 0.2566746 -0.3931247 -0.9453938 0.2566001 -0.2009651 -0.9664946 0.2566868 6.125282e-06 -0.9453899 0.2566285 0.2009469 -0.8492436 0.4961879 -0.1805074 -0.793202 0.4961005 -0.3531498 -0.702408 0.4961749 -0.5103268 -0.5809575 0.4961713 -0.645215 -0.434111 0.4961695 -0.7519066 -0.2683108 0.4961586 -0.8257336 -0.09075486 0.4961566 -0.8634768 0.09075684 0.4961562 -0.8634768 0.2682984 0.4961514 -0.825742 0.4341172 0.4961594 -0.7519097 0.5809602 0.4961656 -0.645217 0.7024122 0.4961616 -0.510334 0.7931643 0.4961672 -0.353141 0.8492412 0.4961911 -0.1805098 0.8682236 0.4961731 1.626133e-06 0.8492436 0.4961876 0.1805083 0.7931621 0.4961714 0.35314 0.702408 0.496169 0.5103326 0.58096 0.4961659 0.645217 0.4341169 0.4961605 0.7519091 0.2682975 0.4961543 0.8257405 0.09075639 0.4961574 0.8634762 -0.09075517 0.4961575 0.8634763 -0.2683134 0.4961502 0.8257378 -0.4341095 0.49617 0.7519071 -0.5809545 0.4961786 0.6452121 -0.7024009 0.4961812 0.5103305 -0.793197 0.49612 0.3531336 -0.8492567 0.4961622 0.1805159 -0.8682194 0.4961805 1.475366e-06 -0.6957898 0.7028526 -0.1479012 -0.6498364 0.7028549 -0.2893228 -0.5754524 0.7028841 -0.4181011 -0.4759513 0.7028905 -0.5285975 -0.3556962 0.7028075 -0.6160697 -0.2198039 0.7028608 -0.6765153 -0.0743527 0.7028261 -0.7074653 0.07435521 0.702827 -0.7074642 0.2198136 0.7028379 -0.6765359 0.3556836 0.7028233 -0.6160589 0.4759893 0.702834 -0.5286385 0.5755051 0.7028245 -0.4181288 0.6498617 0.702826 -0.2893361 0.6958026 0.7028408 -0.1478969 0.7113636 0.7028242 1.924959e-06 0.6958031 0.7028411 0.1478936 0.6498583 0.702829 0.2893365 0.575498 0.7028338 0.4181229 0.4759906 0.7028341 0.528637 0.355681 0.7028233 0.6160604 0.2198175 0.7028358 0.6765369 0.07435387 0.7028252 0.707466 -0.07435614 0.7028269 0.7074641 -0.2197919 0.7028658 0.676514 -0.3557107 0.702807 0.6160619 -0.4759456 0.7028879 0.5286061 -0.5754432 0.7028937 0.4180976 -0.6498515 0.7028412 0.2893221 -0.695775 0.7028648 0.1479128 -0.7114212 0.7027658 -1.209081e-05 -0.4954978 0.8621978 -0.1053413 -0.462644 0.862285 -0.2059738 -0.4097262 0.8622618 -0.2977062 -0.3388626 0.8622864 -0.3763434 -0.2532092 0.8622901 -0.4385668 -0.1564957 0.8622863 -0.4816342 -0.05294429 0.862261 -0.5036892 0.05294705 0.8622602 -0.5036904 0.1564957 0.862277 -0.4816509 0.2532164 0.8622779 -0.4385866 0.3388809 0.8622718 -0.3763602 0.4097169 0.8622755 -0.2976794 0.462659 0.8622733 -0.2059889 0.4953863 0.8622675 -0.1052959 0.5064547 0.8622666 5.068361e-08 0.4953865 0.8622672 0.105297 0.4626577 0.8622741 0.2059883 0.409717 0.8622764 0.2976767 0.3388799 0.8622722 0.3763602 0.2532172 0.862278 0.438586 0.1564986 0.8622774 0.4816492 0.05294361 0.8622611 0.5036892 -0.05294851 0.8622604 0.5036898 -0.1564924 0.8622851 0.4816374 -0.2532086 0.8622895 0.4385684 -0.3388645 0.8622839 0.3763473 -0.4097261 0.8622655 0.2976957 -0.4626185 0.862296 0.2059849 -0.4955133 0.8621934 0.1053046 -0.5063452 0.8623309 2.317592e-05 -0.261054 0.9637281 -0.05548763 -0.2438341 0.9637219 -0.1085589 -0.2160261 0.9636893 -0.1569576 -0.1786372 0.9637029 -0.1984072 -0.1334762 0.9637108 -0.2311831 -0.08248544 0.9637111 -0.2538841 -0.02790922 0.9637099 -0.2654886 0.02790807 0.9637097 -0.2654896 0.08249605 0.9637088 -0.2538891 0.1334705 0.9637118 -0.2311823 0.1786331 0.9637071 -0.1983906 0.2159706 0.9637092 -0.156912 0.2438682 0.963711 -0.108579 0.2611282 0.9637071 -0.05550324 0.2669546 0.9637091 -7.296992e-07 0.2611285 0.9637069 0.05550592 0.2438696 0.9637108 0.1085775 0.2159724 0.9637086 0.1569131 0.1786324 0.9637069 0.1983923 0.1334729 0.9637116 0.2311815 0.08249433 0.9637092 0.2538884 0.02790844 0.9637099 0.2654888 -0.02790944 0.9637094 0.2654904 -0.08248552 0.963711 0.2538842 -0.1334735 0.963711 0.2311836 -0.1786334 0.9637042 0.1984045 -0.2160379 0.9636881 0.1569486 -0.243837 0.9637201 0.1085686 -0.2610504 0.9637287 0.05549521 -0.2669394 0.9637133 -5.360707e-06 0.882943 -0.2566502 0.3931188 0.7819142 -0.2566706 0.5680936 0.646716 -0.2566552 0.7182524 0.4832507 -0.2566515 0.8370178 0.2986543 -0.2566698 0.9191987 0.1010167 -0.256665 0.9612069 -0.1010133 -0.2566658 0.961207 -0.2986447 -0.256668 0.9192023 -0.4832668 -0.2566593 0.8370061 -0.6467178 -0.2566113 0.7182665 -0.7819224 -0.2566582 0.568088 -0.8829323 -0.2566776 0.3931249 -0.945394 -0.2566016 0.2009621 -0.9664947 -0.2566865 -5.905827e-06 -0.9453895 -0.2566272 -0.2009506 -0.8829323 -0.2566697 -0.3931301 -0.78192 -0.2566697 -0.568086 -0.6467221 -0.2566061 -0.7182645 -0.4832646 -0.2566628 -0.8370063 -0.2986431 -0.2566787 -0.9191998 -0.1010122 -0.2566659 -0.9612071 0.1010133 -0.2566658 -0.961207 0.2986579 -0.2566659 -0.9191986 0.4832493 -0.2566486 -0.8370195 0.6467165 -0.2566556 -0.7182518 0.7819128 -0.2566786 -0.5680919 0.8829449 -0.2566459 -0.3931173 0.9453836 -0.2566551 -0.2009429 0.9664981 -0.2566738 1.83582e-06 0.9453845 -0.2566554 0.200938 0.8492418 -0.4961914 -0.180506 0.7931641 -0.4961662 -0.3531428 0.7024117 -0.4961618 -0.5103344 0.5809608 -0.4961658 -0.6452163 0.4341169 -0.4961605 -0.7519091 0.2682975 -0.4961543 -0.8257405 0.09075639 -0.4961574 -0.8634762 -0.09075517 -0.4961575 -0.8634763 -0.2683134 -0.4961502 -0.8257378 -0.4341095 -0.49617 -0.7519071 -0.580955 -0.4961781 -0.6452121 -0.7024049 -0.4961741 -0.5103319 -0.7931994 -0.4961149 -0.3531355 -0.849255 -0.4961657 -0.1805147 -0.8682193 -0.4961806 -1.417123e-06 -0.8492453 -0.4961841 0.1805097 -0.7932 -0.4961058 0.3531471 -0.7024043 -0.4961821 0.5103249 -0.5809567 -0.4961714 0.6452157 -0.434111 -0.4961695 0.7519066 -0.2683108 -0.4961586 0.8257336 -0.09075486 -0.4961566 0.8634768 0.09075684 -0.4961562 0.8634768 0.2682984 -0.4961514 0.825742 0.4341172 -0.4961594 0.7519097 0.5809597 -0.4961661 0.645217 0.7024081 -0.4961687 0.5103327 0.7931619 -0.4961723 0.3531391 0.8492429 -0.4961876 0.1805111 0.8682237 -0.496173 -1.567968e-06 0.6958032 -0.702841 -0.1478933 0.6498599 -0.7028274 -0.2893368 0.5755041 -0.7028247 -0.4181297 0.475991 -0.7028338 -0.5286371 0.355681 -0.7028233 -0.6160604 0.2198175 -0.7028358 -0.6765369 0.07435387 -0.7028252 -0.707466 -0.07435614 -0.7028269 -0.7074641 -0.2197919 -0.7028658 -0.676514 -0.3557107 -0.702807 -0.6160619 -0.475945 -0.7028878 -0.5286068 -0.5754504 -0.7028847 -0.4181028 -0.649853 -0.7028395 -0.2893229 -0.695775 -0.7028648 -0.1479126 -0.7114212 -0.7027658 1.199806e-05 -0.6957897 -0.7028526 0.1479015 -0.6498347 -0.7028565 0.2893226 -0.5754462 -0.7028931 0.4180944 -0.4759509 -0.7028908 0.5285974 -0.3556962 -0.7028075 0.6160697 -0.2198039 -0.7028608 0.6765153 -0.0743527 -0.7028261 0.7074653 0.07435521 -0.702827 0.7074642 0.2198136 -0.7028379 0.6765359 0.3556836 -0.7028233 0.6160589 0.4759899 -0.7028341 0.5286378 0.5754979 -0.7028334 0.4181235 0.6498601 -0.7028278 0.2893354 0.6958026 -0.7028408 0.1478971 0.7113636 -0.7028242 -2.017658e-06 0.4953861 -0.8622675 -0.1052966 0.4626592 -0.8622733 -0.2059884 0.4097182 -0.8622749 -0.2976793 0.3388794 -0.8622722 -0.3763607 0.2532172 -0.862278 -0.438586 0.1564986 -0.8622774 -0.4816492 0.05294361 -0.8622611 -0.5036892 -0.05294851 -0.8622604 -0.5036898 -0.1564924 -0.8622851 -0.4816374 -0.2532086 -0.8622895 -0.4385684 -0.3388636 -0.8622841 -0.3763478 -0.4097275 -0.8622641 -0.297698 -0.4626202 -0.862295 -0.205985 -0.4955128 -0.8621937 -0.1053045 -0.5063452 -0.8623309 -2.326517e-05 -0.4954982 -0.8621976 0.1053416 -0.4626425 -0.8622858 0.2059737 -0.4097249 -0.8622633 0.2977037 -0.338863 -0.8622864 0.3763429 -0.2532092 -0.8622901 0.4385668 -0.1564957 -0.8622863 0.4816342 -0.05294429 -0.862261 0.5036892 0.05294705 -0.8622602 0.5036904 0.1564957 -0.862277 0.4816509 0.2532164 -0.8622779 0.4385866 0.3388818 -0.8622717 0.3763597 0.4097156 -0.8622769 0.2976772 0.4626574 -0.8622742 0.2059888 0.4953868 -0.8622672 0.105296 0.5064547 -0.8622666 -1.399508e-07 0.2611282 -0.963707 -0.05550525 0.2438694 -0.9637109 -0.1085776 0.2159701 -0.9637093 -0.1569115 0.1786318 -0.963707 -0.1983925 0.1334729 -0.9637116 -0.2311815 0.08249433 -0.9637092 -0.2538884 0.02790844 -0.9637099 -0.2654888 -0.02790944 -0.9637094 -0.2654904 -0.08248552 -0.963711 -0.2538842 -0.1334735 -0.963711 -0.2311836 -0.1786331 -0.9637042 -0.1984046 -0.2160352 -0.9636889 -0.1569473 -0.243837 -0.9637201 -0.1085685 -0.2610503 -0.9637288 -0.05549463 -0.2669393 -0.9637133 5.288074e-06 -0.2610543 -0.963728 0.0554883 -0.2438343 -0.9637219 0.1085588 -0.2160283 -0.9636885 0.1569592 -0.1786377 -0.9637029 0.198407 -0.1334762 -0.9637108 0.2311831 -0.08248544 -0.9637111 0.2538841 -0.02790922 -0.9637099 0.2654886 0.02790807 -0.9637097 0.2654896 0.08249605 -0.9637088 0.2538891 0.1334705 -0.9637118 0.2311823 0.1786334 -0.9637071 0.1983905 0.2159733 -0.9637083 0.1569133 0.2438682 -0.963711 0.1085792 0.2611284 -0.9637071 0.05550383 0.2669546 -0.9637091 6.570448e-07 -0.8829446 -0.256647 -0.3931172 -0.7819128 -0.2566796 -0.5680915 -0.1010167 -0.256665 -0.9612069 0.1010133 -0.2566658 -0.961207 0.7819208 -0.2566669 -0.5680862 0.8829333 -0.2566746 -0.3931247 0.8829306 -0.2566728 0.3931318 0.7819215 -0.2566608 0.5680881 0.1010122 -0.2566659 0.9612071 -0.1010133 -0.2566658 0.961207 -0.7819144 -0.2566699 0.5680937 -0.8829439 -0.256649 0.3931175 -0.2611285 -0.9637069 0.05550592 -0.2438696 -0.9637108 0.1085775 -0.4953865 -0.8622672 0.105297 -0.4626577 -0.8622741 0.2059883 -0.6958031 -0.7028411 0.1478936 -0.6498583 -0.702829 0.2893365 -0.8492436 -0.4961876 0.1805083 -0.7931621 -0.4961714 0.35314 -0.9453838 -0.2566566 0.20094 -0.08249433 -0.9637092 0.2538884 -0.02790844 -0.9637099 0.2654888 -0.1564986 -0.8622774 0.4816492 -0.05294361 -0.8622611 0.5036892 -0.2198175 -0.7028358 0.6765369 -0.07435387 -0.7028252 0.707466 -0.2682975 -0.4961543 0.8257405 -0.09075639 -0.4961574 0.8634762 -0.2986579 -0.2566659 0.9191986 0.1786334 -0.9637042 0.1984045 0.2160379 -0.9636881 0.1569486 0.3388645 -0.8622839 0.3763473 0.4097261 -0.8622655 0.2976957 0.4759456 -0.7028879 0.5286061 0.5754432 -0.7028937 0.4180976 0.5809545 -0.4961786 0.6452121 0.7024009 -0.4961812 0.5103305 0.6467218 -0.2566057 0.7182649 0.261054 -0.9637281 -0.05548763 0.2438341 -0.9637219 -0.1085589 0.4954978 -0.8621978 -0.1053413 0.462644 -0.862285 -0.2059738 0.6957898 -0.7028526 -0.1479012 0.6498364 -0.7028549 -0.2893228 0.8492436 -0.4961879 -0.1805074 0.793202 -0.4961005 -0.3531498 0.9453938 -0.2566001 -0.2009651 0.08248544 -0.9637111 -0.2538841 0.02790922 -0.9637099 -0.2654886 0.1564957 -0.8622863 -0.4816342 0.05294429 -0.862261 -0.5036892 0.2198039 -0.7028608 -0.6765153 0.0743527 -0.7028261 -0.7074653 0.2683108 -0.4961586 -0.8257336 0.09075486 -0.4961566 -0.8634768 0.2986447 -0.256668 -0.9192023 -0.1786331 -0.9637071 -0.1983906 -0.2159706 -0.9637092 -0.156912 -0.3388809 -0.8622718 -0.3763602 -0.4097169 -0.8622755 -0.2976794 -0.4759893 -0.702834 -0.5286385 -0.5755051 -0.7028245 -0.4181288 -0.5809602 -0.4961656 -0.645217 -0.7024122 -0.4961616 -0.510334 -0.6467163 -0.2566556 -0.718252 -0.2669546 -0.9637091 -7.296992e-07 -0.5064547 -0.8622666 5.068361e-08 -0.7113636 -0.7028242 1.924959e-06 -0.8682236 -0.4961731 1.626133e-06 -0.9664981 -0.2566736 -1.616622e-06 -0.2159724 -0.9637086 0.1569131 -0.409717 -0.8622764 0.2976767 -0.575498 -0.7028338 0.4181229 -0.702408 -0.496169 0.5103326 -0.646716 -0.2566553 0.7182524 -0.58096 -0.4961659 0.645217 -0.4759906 -0.7028341 0.528637 -0.3388799 -0.8622722 0.3763602 -0.1786324 -0.9637069 0.1983923 -0.1334729 -0.9637116 0.2311815 -0.2532172 -0.862278 0.438586 -0.355681 -0.7028233 0.6160604 -0.4341169 -0.4961605 0.7519091 -0.4832493 -0.2566486 0.8370195 0.02790944 -0.9637094 0.2654904 0.05294851 -0.8622604 0.5036898 0.07435614 -0.7028269 0.7074641 0.09075517 -0.4961575 0.8634763 0.2986431 -0.2566787 0.9191998 0.2683134 -0.4961502 0.8257378 0.2197919 -0.7028658 0.676514 0.1564924 -0.8622851 0.4816374 0.08248552 -0.963711 0.2538842 0.1334735 -0.963711 0.2311836 0.2532086 -0.8622895 0.4385684 0.3557107 -0.702807 0.6160619 0.4341095 -0.49617 0.7519071 0.4832646 -0.2566628 0.8370063 0.243837 -0.9637201 0.1085686 0.4626185 -0.862296 0.2059849 0.6498515 -0.7028412 0.2893221 0.793197 -0.49612 0.3531336 0.9453899 -0.2566285 0.2009469 0.8492567 -0.4961622 0.1805159 0.695775 -0.7028648 0.1479128 0.4955133 -0.8621934 0.1053046 0.2610504 -0.9637287 0.05549521 0.2669394 -0.9637133 -5.360707e-06 0.5063452 -0.8623309 2.317592e-05 0.7114212 -0.7027658 -1.209081e-05 0.8682194 -0.4961805 1.475366e-06 0.9664946 -0.2566868 6.125282e-06 0.2160261 -0.9636893 -0.1569576 0.4097262 -0.8622618 -0.2977062 0.5754524 -0.7028841 -0.4181011 0.702408 -0.4961749 -0.5103268 0.6467183 -0.2566116 -0.7182659 0.5809575 -0.4961713 -0.645215 0.4759513 -0.7028905 -0.5285975 0.3388626 -0.8622864 -0.3763434 0.1786372 -0.9637029 -0.1984072 0.1334762 -0.9637108 -0.2311831 0.2532092 -0.8622901 -0.4385668 0.3556962 -0.7028075 -0.6160697 0.434111 -0.4961695 -0.7519066 0.4832668 -0.2566593 -0.8370061 -0.02790807 -0.9637097 -0.2654896 -0.05294705 -0.8622602 -0.5036904 -0.07435521 -0.702827 -0.7074642 -0.09075684 -0.4961562 -0.8634768 -0.2986543 -0.2566698 -0.9191987 -0.2682984 -0.4961514 -0.825742 -0.2198136 -0.7028379 -0.6765359 -0.1564957 -0.862277 -0.4816509 -0.08249605 -0.9637088 -0.2538891 -0.1334705 -0.9637118 -0.2311823 -0.2532164 -0.8622779 -0.4385866 -0.3556836 -0.7028233 -0.6160589 -0.4341172 -0.4961594 -0.7519097 -0.4832507 -0.2566515 -0.8370178 -0.2438682 -0.963711 -0.108579 -0.462659 -0.8622733 -0.2059889 -0.6498617 -0.702826 -0.2893361 -0.7931643 -0.4961672 -0.353141 -0.9453841 -0.2566541 -0.2009417 -0.8492412 -0.4961911 -0.1805098 -0.6958026 -0.7028408 -0.1478969 -0.4953863 -0.8622675 -0.1052959 -0.2611282 -0.9637071 -0.05550324 -0.9957111 0.06665981 -0.06415563 -0.9990526 0 -0.04351844 -1 0 0 -1 0 0 -1 0 0 -0.9970308 0.07642571 -0.009416379 -0.9954983 -0.06827387 -0.06573995 -0.9955007 -0.06700164 0.06700164 -0.99973 -0.01643108 -0.01643102 -0.9955007 0.06700164 0.06700164 -0.9955007 0.067002 -0.06700082 -0.9997214 0.01688664 -0.01649115 -1 0 0 -0.9990526 0 -0.04351844 -0.9990526 0 -0.04351844 -1 0 0 -1 0 0 -0.9990519 0.04353571 0 -1 0 0 -1 0 0 -1 0 0 -1 0 0 -1 0 0 -1 0 0 -1 0 0 -1 0 0 -1 0 0 -0.9988392 -0.04814737 0.001437648 -1 0 0 -1 0 0 -1 0 0 -1 0 0 -1 0 0 -1 0 0 -1 0 0 -1 0 0 -1 0 0 -1 0 0 -1 0 0 -1 0 0 -1 0 0 -1 0 0 -1 0 0 -1 0 0 -1 0 0 -1 0 0 -0.9957147 -0.06411761 -0.06664163 -0.9990519 -0.04353482 0 -1 0 0 -1 0 0 -1 0 0 -0.9970318 -0.009421849 -0.07641172 0.04968185 -0.9964851 -0.0674478 0.04789164 -0.9966755 0.06591194 -0.04789204 -0.9966754 -0.06591218 -0.04968132 -0.9964851 0.06744747 -0.04968185 0.9964851 -0.0674478 -0.04789164 0.9966755 0.06591194 0.06466229 0.9957421 -0.06570051 0.04968132 0.9964851 0.06744747 0.9957111 -0.06665981 -0.06415563 0.9990526 0 -0.04351844 1 0 0 1 0 0 1 0 0 0.9970308 -0.07642571 -0.009416379 0.9957553 0.06536808 -0.06479539 0.9954993 0.06493694 0.06902427 1 0 0 0.9955007 -0.06700164 0.06700164 0.9997214 -0.01688664 -0.01649115 0.9955007 -0.067002 -0.06700082 0.9988222 0.04849631 0.00154341 1 0 0 1 0 0 0.9990519 -0.04353571 0 1 0 0 1 0 0 1 0 0 1 0 0 1 0 0 1 0 0 1 0 0 1 0 0 1 0 0 1 0 0 1 0 0 1 0 0 0.9990526 0 -0.04351844 0.9990526 0 -0.04351844 1 0 0 1 0 0 1 0 0 1 0 0 1 0 0 1 0 0 1 0 0 1 0 0 1 0 0 1 0 0 1 0 0 1 0 0 1 0 0 1 0 0 1 0 0 1 0 0 0.9957147 0.06411761 -0.06664163 0.9990519 0.04353482 0 1 0 0 1 0 0 1 0 0 0.9970318 0.009421849 -0.07641172 -0.03268239 0 -0.9994658 -0.04798796 0.06605808 -0.9966612 0.004656698 0.0681139 -0.9976667 0.06807027 0.004716331 -0.9976694 0.0756615 0 -0.9971336 0 0 -1 0.03405084 -0.0009550117 -0.9994196 0.04798796 -0.06605808 -0.9966612 -0.03268239 0 -0.9994658 -0.04967792 -0.06750807 -0.9964812 -0.06107005 -0.01505212 -0.99802 -0.05881037 -0.0223037 -0.99802 0 0 -1 0.03542122 0.061342 -0.9974881 0.05007231 0.05007437 -0.9974895 0.06131979 0.03542535 -0.9974893 0 0 -1 0 0 -1 0.03268239 0 -0.9994658 0 0 -1 0.06842524 0.01833785 -0.9974877 0.0183305 0.06839786 -0.9974897 0 0 -1 0.0223037 -0.05881037 -0.99802 0 0 -1 0.02923096 -0.05569434 -0.9980199 0 0 -1 0 0 -1 0 0 -1 0.03268239 0 -0.9994658 0 0 -1 0 0 -1 0 0 -1 0 0 -1 0 0 -1 0.03573081 -0.05176469 -0.9980199 0.04170767 -0.04707847 -0.9980201 0.04707845 -0.04170801 -0.9980201 -2.949794e-07 -0.06289697 -0.99802 0.007582054 -0.06244127 -0.9980198 0.01505212 -0.06107005 -0.99802 0 0 -1 0 0 -1 0 0 -1 0 0 -1 -0.02923078 -0.05569433 -0.9980199 0 0 -1 -0.02230378 -0.05881022 -0.99802 0 0 -1 0 0 -1 0 0 -1 0 0 -1 0.05881022 -0.02230378 -0.99802 0 0 -1 0.05569433 -0.02923078 -0.9980199 0.05176502 -0.03573074 -0.9980199 0 0 -1 0 0 -1 0 0 -1 0 0 -1 0 0 -1 -0.02923096 0.05569434 -0.9980199 0 0 -1 -0.0223037 0.05881037 -0.99802 0 0 -1 0 0 -1 0 0 -1 0 0 -1 -0.01505239 -0.06107016 -0.99802 -0.01505212 0.06107005 -0.99802 -0.05176469 -0.03573081 -0.9980199 -0.04707847 -0.04170767 -0.9980201 0.02230378 0.05881022 -0.99802 0.01505239 0.06107016 -0.99802 0.007581527 0.06244128 -0.9980198 2.949794e-07 0.06289697 -0.99802 0.05569434 0.02923096 -0.9980199 0 0 -1 0.05881037 0.0223037 -0.99802 0 0 -1 0.06107005 0.01505212 -0.99802 0.05176469 0.03573081 -0.9980199 0.04707847 0.04170767 -0.9980201 0.04170801 0.04707845 -0.9980201 0.03573074 0.05176502 -0.9980199 0.02923078 0.05569433 -0.9980199 0 0 -1 0 0 -1 0.06107016 -0.01505239 -0.99802 0.06244128 -0.007581527 -0.9980198 0 0 -1 0.06289697 -2.949794e-07 -0.99802 0.06244127 0.007582054 -0.9980198 -0.03405084 -0.0009550117 -0.9994196 -0.007582054 0.06244127 -0.9980198 0 0 -1 0 0 -1 0 0 -1 0 0 -1 0 0 -1 0 0 -1 -0.05569434 -0.02923096 -0.9980199 0 0 -1 -0.03573081 0.05176469 -0.9980199 -0.04170767 0.04707847 -0.9980201 -0.06107016 0.01505239 -0.99802 -0.05881022 0.02230378 -0.99802 -0.05569433 0.02923078 -0.9980199 0 0 -1 0 0 -1 0 0 -1 -0.007581527 -0.06244128 -0.9980198 -0.03405084 0.0009550117 -0.9994196 -0.04170801 -0.04707845 -0.9980201 -0.03573074 -0.05176502 -0.9980199 -0.04707845 0.04170801 -0.9980201 -0.05176502 0.03573074 -0.9980199 -0.06244128 0.007581527 -0.9980198 -0.06289697 2.949794e-07 -0.99802 -0.06244127 -0.007582054 -0.9980198 0.04967311 -0.06751994 0.9964806 0.04798227 0.0660692 0.9966607 0 0 1 0.02923397 0.05570008 0.9980195 0 0 1 0 0 1 0.03573449 0.05177003 0.9980195 0.04171197 0.04708332 0.9980197 0.0470833 0.04171231 0.9980197 0.05177036 0.03573442 0.9980195 0.05570007 0.02923379 0.9980195 0.05881628 0.02230608 0.9980196 0 0 1 0 0 1 0 0 1 -0.06290345 -2.950097e-07 0.9980196 0 0 1 0 0 1 0 0 1 0 0 1 -0.04798227 -0.0660692 0.9966607 0 0 1 0 0 1 -0.04967311 0.06751994 0.9964806 0 0 1 0 0 1 0 0 1 0.02230599 0.05881643 0.9980196 0 0 1 0 0 1 0 0 1 0 0 1 0 0 1 0 0 1 0 0 1 0 0 1 0 0 1 0 0 1 -0.06244771 -0.007582308 0.9980194 0 0 1 -0.02923397 -0.05570008 0.9980195 -0.03573449 -0.05177003 0.9980195 -0.04171197 -0.04708332 0.9980197 0 0 1 0 0 1 -0.02230599 -0.05881643 0.9980196 0 0 1 -0.0470833 -0.04171231 0.9980197 -0.05177036 -0.03573442 0.9980195 -0.05570007 -0.02923379 0.9980195 -0.05881628 -0.02230608 0.9980196 -0.06107645 -0.01505395 0.9980196 0 0 1 0 0 1 0 0 1 0 0 1 0 0 1 0 0 1 0.02230608 -0.05881628 0.9980196 0 0 1 0.02923379 -0.05570007 0.9980195 0.03573442 -0.05177036 0.9980195 -0.05881643 0.02230599 0.9980196 -0.05570008 0.02923397 0.9980195 -0.05177003 0.03573449 0.9980195 0.06107645 0.01505395 0.9980196 0.06244771 0.007582308 0.9980194 0 0 1 0.06290345 2.950097e-07 0.9980196 0.0624477 -0.007582835 0.9980194 0.06107634 -0.01505368 0.9980196 -0.06107634 0.01505368 0.9980196 -0.0624477 0.007582835 0.9980194 0 0 1 0 0 1 -0.04708332 0.04171197 0.9980197 -0.04171231 0.0470833 0.9980197 -0.03573442 0.05177036 0.9980195 -0.02923379 0.05570007 0.9980195 -0.02230608 0.05881628 0.9980196 -0.01505395 0.06107645 0.9980196 0.01505395 -0.06107645 0.9980196 0.05881643 -0.02230599 0.9980196 0.05570008 -0.02923397 0.9980195 0.05177003 -0.03573449 0.9980195 0.04708332 -0.04171197 0.9980197 0.04171231 -0.0470833 0.9980197 -0.007582308 0.06244771 0.9980194 -2.950097e-07 0.06290345 0.9980196 0.007582308 -0.06244771 0.9980194 2.950097e-07 -0.06290345 0.9980196 0.007582835 0.0624477 0.9980194 0.01505368 0.06107634 0.9980196 0 0 1 0 0 1 0 0 1 -0.007582835 -0.0624477 0.9980194 -0.01505368 -0.06107634 0.9980196 0 0 1 0 0 1 0 0 1 0 0 1 0 0 1 0 0 1 0 5.56944e-18 -1 0 -8.911104e-18 -1 0 -0.2588153 -0.9659268 0 -0.2588153 -0.9659268 0 -0.4999959 -0.8660278 0 -0.4999959 -0.8660278 0 -0.7071068 -0.7071068 0 -0.7071068 -0.7071068 0 -0.8660278 -0.4999959 0 -0.8660278 -0.4999959 0 -0.9659268 -0.2588153 0 -0.9659268 -0.2588153 0 -1 0 0 -1 0 0 -0.9659268 0.2588153 0 -0.9659268 0.2588153 0 -0.8660172 0.5000143 0 -0.8660172 0.5000143 0 -0.707082 0.7071315 0 -0.707082 0.7071315 0 -0.4999979 0.8660266 0 -0.4999979 0.8660266 0 -0.2588642 0.9659137 0 -0.2588642 0.9659137 0 8.911185e-18 1 0 -8.911185e-18 1 0 0.2588642 0.9659137 0 0.2588642 0.9659137 0 0.4999979 0.8660266 0 0.4999979 0.8660266 0 0.707082 0.7071315 0 0.707082 0.7071315 0 0.8660172 0.5000143 0 0.8660172 0.5000143 0 0.9659268 0.2588153 0 0.9659268 0.2588153 0 1 8.911104e-18 0 1 -8.911104e-18 0 0.9659268 -0.2588153 0 0.9659268 -0.2588153 0 0.8660278 -0.4999959 0 0.8660278 -0.4999959 0 0.7071068 -0.7071068 0 0.7071068 -0.7071068 0 0.4999959 -0.8660278 0 0.4999959 -0.8660278 0 0.2588153 -0.9659268 0 0.2588153 -0.9659268 -0.01089927 0.1248494 0.9921158 -0.005245422 0.2560565 0.9666476 -0.008156767 0.006025015 0.9999486 -0.004562189 0.003167666 0.9999846 -0.0009685736 -0.1314142 0.9913271 -0.008870151 -0.2589747 0.9658434 -0.004479732 -0.502695 0.8644522 -0.0009340518 -0.3943589 0.918956 0 -0.2656673 0.9640648 -0.010919 0.9921066 -0.124921 -0.005245318 0.9666591 -0.256013 -0.008171687 0.9999483 -0.006050788 -0.004572319 0.9999845 -0.003174634 -0.0009706566 0.9913179 0.1314836 -0.008881559 0.9658538 0.2589354 -0.00448159 0.8644801 0.502647 -0.000934408 0.9190144 0.3942229 0 0.9640605 0.2656827 0 0.2654841 0.9641152 -0.0009340518 0.3943589 0.918956 -0.004479732 0.502695 0.8644522 0 0.533309 0.8459205 0 0.7070879 0.7071256 0 0.7070879 0.7071256 0 0.8459378 0.5332815 0 0.9641062 -0.2655168 -0.0009336649 0.9190216 -0.394206 -0.004477964 0.8644948 -0.5026219 0 0.8459715 -0.5332281 0 0.7071068 -0.7071068 0 0.7071068 -0.7071068 0 0.499995 -0.8660283 0 0.499995 -0.8660283 0 0.2588225 -0.9659249 0 0.2588225 -0.9659249 0 0 -1 0 0 -1 0 -0.2588225 -0.9659249 0 -0.2588225 -0.9659249 0 -0.499995 -0.8660283 0 -0.499995 -0.8660283 0 -0.7071068 -0.7071068 0 -0.7071068 -0.7071068 0 -0.8660346 -0.4999841 0 -0.8660346 -0.4999841 0 -0.965927 -0.2588145 0 -0.965927 -0.2588145 0 -1 -8.911122e-18 0 -1 8.911122e-18 0 -0.965927 0.2588145 0 -0.965927 0.2588145 0 -0.8660212 0.5000072 0 -0.8660212 0.5000072 0 -0.7070879 0.7071256 0 -0.7070879 0.7071256 0 -0.533309 0.8459205 0 5.56944e-18 -1 0 -8.911104e-18 -1 0 -0.2588153 -0.9659268 0 -0.2588153 -0.9659268 0 -0.4999959 -0.8660278 0 -0.4999959 -0.8660278 0 -0.7071068 -0.7071068 0 -0.7071068 -0.7071068 0 -0.8660278 -0.4999959 0 -0.8660278 -0.4999959 0 -0.9659268 -0.2588153 0 -0.9659268 -0.2588153 0 -1 -8.911104e-18 0 -1 8.911104e-18 0 -0.9659268 0.2588153 0 -0.9659268 0.2588153 0 -0.8660172 0.5000143 0 -0.8660172 0.5000143 0 -0.707082 0.7071315 0 -0.707082 0.7071315 0 -0.4999979 0.8660266 0 -0.4999979 0.8660266 0 -0.2588642 0.9659137 0 -0.2588642 0.9659137 0 8.911185e-18 1 0 -8.911185e-18 1 0 0.2588642 0.9659137 0 0.2588642 0.9659137 0 0.4999979 0.8660266 0 0.4999979 0.8660266 0 0.707082 0.7071315 0 0.707082 0.7071315 0 0.8660172 0.5000143 0 0.8660172 0.5000143 0 0.9659268 0.2588153 0 0.9659268 0.2588153 0 1 0 0 1 0 0 0.9659268 -0.2588153 0 0.9659268 -0.2588153 0 0.8660278 -0.4999959 0 0.8660278 -0.4999959 0 0.7071068 -0.7071068 0 0.7071068 -0.7071068 0 0.4999959 -0.8660278 0 0.4999959 -0.8660278 0 0.2588153 -0.9659268 0 0.2588153 -0.9659268 -1 0 0 -1 0 0 -1 0 0 -1 0 0 -1 0 0 -1 0 0 -1 0 0 -1 0 0 -1 0 0 -1 0 0 -1 0 0 -1 0 0 -1 0 0 -1 0 0 -1 0 0 -1 0 0 -1 0 0 -1 0 0 -1 0 0 -1 0 0 -1 0 0 -1 0 0 -1 0 0 -1 0 0 -1 0 0 -1 0 0 -1 0 0 -1 0 0 -1 0 0 -1 0 0 -1 0 0 -1 0 0 -1 0 0 -1 0 0 -1 0 0 -1 0 0 -1 0 0 -1 0 0 -1 0 0 -1 0 0 -1 0 0 -1 0 0 -1 0 0 -1 0 0 -1 0 0 -1 0 0 -1 0 0 -1 0 0 -0.01089927 0.1248494 0.9921158 -0.005245422 0.2560565 0.9666476 -0.008156767 0.006025015 0.9999486 -0.004562189 0.003167666 0.9999846 -0.0009685736 -0.1314142 0.9913271 -0.008870151 -0.2589747 0.9658434 -0.004479732 -0.502695 0.8644522 -0.0009340518 -0.3943589 0.918956 0 -0.2656673 0.9640648 -0.010919 -0.9921066 0.124921 -0.005248679 -0.9666597 0.2560107 -0.008171687 -0.9999483 0.006050788 -0.004572319 -0.9999845 0.003174634 -0.0009706566 -0.9913179 -0.1314836 -0.0088782 -0.9658532 -0.2589377 -0.004477964 -0.8644948 -0.5026219 -0.0009336649 -0.9190216 -0.394206 0 -0.9640556 -0.2657007 0 -0.9641112 0.2654988 -0.000934408 -0.9190144 0.3942229 -0.00448159 -0.8644801 0.502647 0 -0.8459378 0.5332815 0 -0.7070879 0.7071256 0 -0.7070879 0.7071256 0 -0.533309 0.8459205 0 0.2654841 0.9641152 -0.0009340518 0.3943589 0.918956 -0.004479732 0.502695 0.8644522 0 0.533309 0.8459205 0 0.7070879 0.7071256 0 0.7070879 0.7071256 0 0.8660212 0.5000072 0 0.8660212 0.5000072 0 0.965927 0.2588145 0 0.965927 0.2588145 0 1 8.911122e-18 0 1 -8.911122e-18 0 0.965927 -0.2588145 0 0.965927 -0.2588145 0 0.8660346 -0.4999841 0 0.8660346 -0.4999841 0 0.7071068 -0.7071068 0 0.7071068 -0.7071068 0 0.499995 -0.8660283 0 0.499995 -0.8660283 0 0.2588225 -0.9659249 0 0.2588225 -0.9659249 0 0 -1 0 0 -1 0 -0.2588225 -0.9659249 0 -0.2588225 -0.9659249 0 -0.499995 -0.8660283 0 -0.499995 -0.8660283 0 -0.7071068 -0.7071068 0 -0.7071068 -0.7071068 0 -0.8459715 -0.5332281 -1 0 0 -1 0 0 -1 0 0 -1 0 0 -1 0 0 -1 0 0 -1 0 0 -1 0 0 -1 0 0 -1 0 0 -1 0 0 -1 0 0 -1 0 0 -1 0 0 -1 0 0 -1 0 0 -1 0 0 -1 0 0 -1 0 0 -1 0 0 -1 0 0 -1 0 0 -1 0 0 -1 0 0 -1 0 0 -1 0 0 -1 0 0 -1 0 0 -1 0 0 -1 0 0 -1 0 0 -1 0 0 -1 0 0 -1 0 0 -1 0 0 -1 0 0 -1 0 0 -1 0 0 -1 0 0 -1 0 0 -1 0 0 -1 0 0 -1 0 0 -1 0 0 -1 0 0 -1 0 0 -1 0 0 -1 0 0 0 -9.468134e-18 1 0 8.911185e-18 1 0 -0.2588642 0.9659137 0 -0.2588642 0.9659137 0 -0.4999979 0.8660266 0 -0.4999979 0.8660266 0 -0.707082 0.7071315 0 -0.707082 0.7071315 0 -0.8660172 0.5000143 0 -0.8660172 0.5000143 0 -0.9659268 0.2588153 0 -0.9659268 0.2588153 0 -1 0 0 -1 0 0 -0.9659268 -0.2588153 0 -0.9659268 -0.2588153 0 -0.8660278 -0.4999959 0 -0.8660278 -0.4999959 0 -0.7071068 -0.7071068 0 -0.7071068 -0.7071068 0 -0.4999959 -0.8660278 0 -0.4999959 -0.8660278 0 -0.2588153 -0.9659268 0 -0.2588153 -0.9659268 0 -8.911104e-18 -1 0 8.911104e-18 -1 0 0.2588153 -0.9659268 0 0.2588153 -0.9659268 0 0.4999959 -0.8660278 0 0.4999959 -0.8660278 0 0.7071068 -0.7071068 0 0.7071068 -0.7071068 0 0.8660278 -0.4999959 0 0.8660278 -0.4999959 0 0.9659268 -0.2588153 0 0.9659268 -0.2588153 0 1 -8.911104e-18 0 1 8.911104e-18 0 0.9659268 0.2588153 0 0.9659268 0.2588153 0 0.8660172 0.5000143 0 0.8660172 0.5000143 0 0.707082 0.7071315 0 0.707082 0.7071315 0 0.4999979 0.8660266 0 0.4999979 0.8660266 0 0.2588642 0.9659137 0 0.2588642 0.9659137 0 -9.468134e-18 1 0 8.911185e-18 1 0 -0.2588642 0.9659137 0 -0.2588642 0.9659137 0 -0.4999979 0.8660266 0 -0.4999979 0.8660266 0 -0.707082 0.7071315 0 -0.707082 0.7071315 0 -0.8660172 0.5000143 0 -0.8660172 0.5000143 0 -0.9659268 0.2588153 0 -0.9659268 0.2588153 0 -1 8.911104e-18 0 -1 -8.911104e-18 0 -0.9659268 -0.2588153 0 -0.9659268 -0.2588153 0 -0.8660278 -0.4999959 0 -0.8660278 -0.4999959 0 -0.7071068 -0.7071068 0 -0.7071068 -0.7071068 0 -0.4999959 -0.8660278 0 -0.4999959 -0.8660278 0 -0.2588153 -0.9659268 0 -0.2588153 -0.9659268 0 -8.911104e-18 -1 0 8.911104e-18 -1 0 0.2588153 -0.9659268 0 0.2588153 -0.9659268 0 0.4999959 -0.8660278 0 0.4999959 -0.8660278 0 0.7071068 -0.7071068 0 0.7071068 -0.7071068 0 0.8660278 -0.4999959 0 0.8660278 -0.4999959 0 0.9659268 -0.2588153 0 0.9659268 -0.2588153 0 1 0 0 1 0 0 0.9659268 0.2588153 0 0.9659268 0.2588153 0 0.8660172 0.5000143 0 0.8660172 0.5000143 0 0.707082 0.7071315 0 0.707082 0.7071315 0 0.4999979 0.8660266 0 0.4999979 0.8660266 0 0.2588642 0.9659137 0 0.2588642 0.9659137 -0.9905723 0.1202838 -0.06556137 -0.9905721 0.1202852 0.06556162 -0.9978477 1.474229e-06 -0.06557361 -0.9978478 -1.474226e-06 0.06557277 -0.9905721 -0.1202852 -0.06556245 -0.9905724 -0.1202838 0.06556053 -0.9815202 -0.1798748 -0.06529288 -0.9815202 -0.1798745 0.06529288 -0.9688523 -0.2387988 -0.0655773 -0.9688523 -0.238799 0.0655766 -0.9526869 -0.2968571 -0.06529515 -0.952687 -0.2968571 0.06529432 -0.9330071 -0.3538325 -0.06557648 -0.9330069 -0.3538334 0.06557498 -0.883551 -0.4637223 -0.06556919 -0.8835515 -0.4637215 0.06556769 -0.8539584 -0.5162291 -0.06528872 -0.8539586 -0.5162286 0.0652892 -0.8212145 -0.5668398 -0.06557007 -0.8212143 -0.5668401 0.06556946 -0.7854881 -0.6154225 -0.06529614 -0.7854881 -0.6154226 0.06529531 -0.7468812 -0.6617155 -0.06558251 -0.7468812 -0.6617156 0.06558167 -0.6616937 -0.7469005 -0.06558259 -0.6616938 -0.7469005 0.06558175 -0.6154036 -0.7855026 -0.06529909 -0.6154067 -0.7854995 0.06530874 -0.5668475 -0.8212092 -0.06557007 -0.5668452 -0.8212106 0.06557119 -0.5161992 -0.8539771 -0.06528054 -0.5161993 -0.8539771 0.06527971 -0.4636835 -0.8835714 -0.06556841 -0.4636843 -0.883571 0.06556824 -0.3538414 -0.9330038 -0.06557579 -0.3538406 -0.9330041 0.06557562 -0.2968657 -0.9526842 -0.06529617 -0.2968663 -0.952684 0.06529674 -0.2387994 -0.9688521 -0.0655773 -0.2387991 -0.9688523 0.06557675 -0.1799027 -0.9815153 -0.06528959 -0.1799028 -0.9815153 0.06528876 -0.1203141 -0.9905686 -0.06556145 -0.1203156 -0.9905684 0.0655617 4.850278e-06 -0.9978477 -0.06557363 6.324508e-06 -0.9978477 0.06557388 0.0602503 -0.9960455 -0.0652932 0.06024536 -0.9960452 0.06530285 0.1202725 -0.9905737 -0.06556136 0.1202756 -0.9905732 0.06556277 0.1798871 -0.9815183 -0.06528707 0.1798871 -0.9815184 0.06528624 0.2388188 -0.9688474 -0.06557724 0.2388188 -0.9688474 0.0655764 0.3538432 -0.9330031 -0.06557646 0.3538432 -0.9330031 0.06557562 0.4095404 -0.9099526 -0.06529147 0.4095385 -0.9099532 0.06529455 0.4637191 -0.8835527 -0.06556808 0.4637196 -0.8835524 0.06556859 0.5162329 -0.8539565 -0.06528367 0.5162336 -0.853956 0.06528394 0.566848 -0.8212088 -0.06557005 0.5668468 -0.8212096 0.06557024 0.6616957 -0.7468988 -0.06558154 0.6616968 -0.7468979 0.06558174 0.7055976 -0.7055976 -0.06529993 0.7055976 -0.7055976 0.0652991 0.7469003 -0.6616939 -0.0655828 0.7469005 -0.6616938 0.06558175 0.785496 -0.6154122 -0.06529813 0.7854958 -0.6154126 0.06529673 0.821204 -0.566855 -0.06557011 0.8212041 -0.566855 0.06556924 0.8835531 -0.4637183 -0.06556857 0.8835531 -0.4637184 0.0655677 0.9099535 -0.4095388 -0.0652891 0.9099539 -0.4095381 0.06528696 0.9330025 -0.3538448 -0.06557528 0.9330018 -0.3538468 0.06557525 0.9526863 -0.2968614 -0.06528436 0.9526869 -0.2968591 0.06528707 0.9688543 -0.2387907 -0.06557725 0.9688548 -0.238789 0.06557513 0.9905742 -0.1202679 -0.06556266 0.9905741 -0.1202697 0.06556054 0.9960463 -0.06024309 -0.06528828 0.9960464 -0.06024293 0.06528718 0.9978477 1.11821e-07 -0.06557463 0.9978477 -1.118207e-07 0.0655738 0.9960463 0.06024293 -0.06528801 0.9960463 0.0602431 0.06528745 0.990574 0.1202697 -0.06556138 0.9905742 0.1202679 0.06556182 0.9688548 0.238789 -0.06557597 0.9688543 0.2387907 0.06557642 0.9526868 0.2968591 -0.0652879 0.9526864 0.2968614 0.06528353 0.9330017 0.3538467 -0.06557609 0.9330026 0.3538449 0.06557445 0.9099539 0.4095381 -0.06528779 0.9099535 0.4095388 0.06528827 0.8835531 0.4637184 -0.06556853 0.8835532 0.4637183 0.06556774 0.821204 0.5668549 -0.06557007 0.821204 0.566855 0.06556928 0.7854957 0.6154126 -0.06529756 0.785496 0.6154123 0.0652973 0.7469005 0.6616937 -0.06558259 0.7469003 0.661694 0.06558196 0.7055976 0.7055976 -0.06529993 0.7055976 0.7055976 0.0652991 0.6616967 0.7468978 -0.06558258 0.6616958 0.7468989 0.06558071 0.5668468 0.8212096 -0.06557108 0.566848 0.8212089 0.06556921 0.5162336 0.853956 -0.06528477 0.5162329 0.8539565 0.06528284 0.4637196 0.8835524 -0.06556942 0.4637191 0.8835528 0.06556724 0.4095385 0.9099532 -0.06529538 0.4095404 0.9099526 0.06529064 0.3538432 0.9330031 -0.06557645 0.3538432 0.9330031 0.06557562 0.2388188 0.9688474 -0.06557724 0.2388188 0.9688474 0.0655764 0.1798871 0.9815183 -0.06528707 0.1798871 0.9815184 0.06528624 0.1202755 0.9905732 -0.0655636 0.1202725 0.9905737 0.06556052 0.06024536 0.9960451 -0.06530368 0.0602503 0.9960456 0.06529237 6.324507e-06 0.9978477 -0.06557471 4.850282e-06 0.9978478 0.06557279 -0.1203156 0.9905684 -0.06556254 -0.1203141 0.9905687 0.06556062 -0.1799027 0.9815153 -0.06528959 -0.1799028 0.9815153 0.06528876 -0.238799 0.9688522 -0.06557758 -0.2387994 0.9688522 0.06557646 -0.2968663 0.9526839 -0.06529757 -0.2968658 0.9526842 0.06529534 -0.3538406 0.9330041 -0.06557645 -0.3538414 0.9330038 0.06557495 -0.4636843 0.8835709 -0.06556908 -0.4636835 0.8835714 0.06556758 -0.5161992 0.8539771 -0.06528054 -0.5161993 0.8539771 0.06527971 -0.5668452 0.8212106 -0.06557203 -0.5668475 0.8212092 0.06556923 -0.6154066 0.7854994 -0.06530957 -0.6154037 0.7855027 0.06529826 -0.6616937 0.7469005 -0.06558259 -0.6616938 0.7469005 0.06558175 -0.7468812 0.6617155 -0.06558251 -0.7468812 0.6617156 0.06558167 -0.7854881 0.6154225 -0.06529614 -0.7854881 0.6154226 0.06529531 -0.8212143 0.56684 -0.0655703 -0.8212145 0.5668398 0.06556923 -0.8539586 0.5162286 -0.06529003 -0.8539584 0.5162291 0.06528789 -0.8835514 0.4637215 -0.06556853 -0.883551 0.4637223 0.06556836 -0.9330068 0.3538334 -0.06557581 -0.9330072 0.3538325 0.06557564 -0.9526869 0.2968571 -0.06529515 -0.952687 0.2968571 0.06529432 -0.9688522 0.238799 -0.06557744 -0.9688523 0.2387988 0.06557646 -0.9815202 0.1798745 -0.06529371 -0.9815202 0.1798748 0.06529205 0 -0.06547233 -0.9978544 0 0.06547233 -0.9978544 0.0538323 -0.05382159 -0.9970985 0.0538323 0.05382159 -0.9970985 0 1 0 0 1 0 0.06542026 0.9978578 0 0.06510697 0.9957521 -0.06510697 0 0.9978578 -0.06542026 0 1 0 0 1 0 0 1 0 0 1 0 0 1 0 -1 0 0 -1 0 0 -1 0 0 -1 0 0 -1 0 0 -1 0 0 -1 0 0 -1 0 0 -1 0 0 -1 0 0 -1 0 0 -1 0 0 -1 0 0 -1 0 0 -1 0 0 -1 0 0 -0.9978599 0 -0.06538867 -1 0 0 -1 0 0 -1 0 0 -0.9978599 0 -0.06538867 -1 0 0 -1 0 0 -1 0 0 -1 0 0 -1 0 0 -1 0 0 -1 0 0 -1 0 0 -1 0 0 -1 0 0 -1 0 0 -1 0 0 -1 0 0 -1 0 0 -1 0 0 -1 0 0 -1 0 0 -1 0 0 -1 0 0 -1 0 0 -1 0 0 -1 0 0 -1 0 0 -1 0 0 -1 0 0 -1 0 0 -1 0 0 -1 0 0 -1 0 0 -1 0 0 -1 0 0 -1 0 0 -1 0 0 -1 0 0 -1 0 0 -1 0 0 -1 0 0 -1 0 0 -1 0 0 -1 0 0 -1 0 0 -1 0 0 -1 0 0 0.03337941 -0.9994428 0 0 -1 0 0 -1 0 0 -1 0 0 -1 0 0 -1 0 0 -0.9978578 -0.06542026 0.0649997 -0.995749 -0.06526005 0 -1 0 0 -1 0 0 0.06547233 -0.9978544 0 -0.06547233 -0.9978544 -0.0538323 0.05382159 -0.9970985 -0.0538323 -0.05382159 -0.9970985 0 -1 0 0 -1 0 -0.03381716 -0.9994278 -0.0006401171 -0.06510697 -0.9957521 -0.06510697 0 -0.9978578 -0.06542026 0 -1 0 0 -1 0 0 -1 0 0 -1 0 0 -1 0 1 0 0 1 0 0 1 0 0 0.9978599 0 -0.06538867 1 0 0 1 0 0 1 0 0 1 0 0 1 0 0 1 0 0 1 0 0 1 0 0 1 0 0 1 0 0 1 0 0 1 0 0 1 0 0 1 0 0 1 0 0 1 0 0 1 0 0 1 0 0 1 0 0 1 0 0 1 0 0 1 0 0 1 0 0 1 0 0 1 0 0 0.9978599 0 -0.06538867 1 0 0 1 0 0 1 0 0 1 0 0 1 0 0 1 0 0 1 0 0 1 0 0 1 0 0 1 0 0 1 0 0 1 0 0 1 0 0 1 0 0 1 0 0 1 0 0 1 0 0 1 0 0 1 0 0 1 0 0 1 0 0 1 0 0 1 0 0 1 0 0 1 0 0 1 0 0 1 0 0 1 0 0 1 0 0 1 0 0 1 0 0 1 0 0 1 0 0 1 0 0 -0.03337941 0.9994428 0 0 1 0 0 1 0 0 1 0 0 1 0 0 1 0 0 0.9978578 -0.06542026 -0.0649997 0.995749 -0.06526005 0 1 0 0 1 0 0.01089927 -0.1248494 0.9921158 0.005245422 -0.2560565 0.9666476 0.008156767 -0.006025015 0.9999486 0.004562189 -0.003167666 0.9999846 0.0009685736 0.1314142 0.9913271 0.008870151 0.2589747 0.9658434 0.004479732 0.502695 0.8644522 0.0009340518 0.3943589 0.918956 0 0.2656673 0.9640648 0.010919 -0.9921066 -0.124921 0.005245318 -0.9666591 -0.256013 0.008171687 -0.9999483 -0.006050788 0.004572319 -0.9999845 -0.003174634 0.0009706566 -0.9913179 0.1314836 0.008881559 -0.9658538 0.2589354 0.00448159 -0.8644801 0.502647 0.000934408 -0.9190144 0.3942229 0 -0.9640605 0.2656827 0 -0.2654841 0.9641152 0.0009340518 -0.3943589 0.918956 0.004479732 -0.502695 0.8644522 0 -0.533309 0.8459205 0 -0.7070879 0.7071256 0 -0.7070879 0.7071256 0 -0.8459378 0.5332815 0 -0.9641062 -0.2655168 0.0009336649 -0.9190216 -0.394206 0.004477964 -0.8644948 -0.5026219 0 -0.8459715 -0.5332281 0 -0.7071068 -0.7071068 0 -0.7071068 -0.7071068 0 -0.499995 -0.8660283 0 -0.499995 -0.8660283 0 -0.2588225 -0.9659249 0 -0.2588225 -0.9659249 0 0 -1 0 0 -1 0 0.2588225 -0.9659249 0 0.2588225 -0.9659249 0 0.499995 -0.8660283 0 0.499995 -0.8660283 0 0.7071068 -0.7071068 0 0.7071068 -0.7071068 0 0.8660346 -0.4999841 0 0.8660346 -0.4999841 0 0.965927 -0.2588145 0 0.965927 -0.2588145 0 1 -8.911122e-18 0 1 8.911122e-18 0 0.965927 0.2588145 0 0.965927 0.2588145 0 0.8660212 0.5000072 0 0.8660212 0.5000072 0 0.7070879 0.7071256 0 0.7070879 0.7071256 0 0.533309 0.8459205 1 0 0 1 0 0 1 0 0 1 0 0 1 0 0 1 0 0 1 0 0 1 0 0 1 0 0 1 0 0 1 0 0 1 0 0 1 0 0 1 0 0 1 0 0 1 0 0 1 0 0 1 0 0 1 0 0 1 0 0 1 0 0 1 0 0 1 0 0 1 0 0 1 0 0 1 0 0 1 0 0 1 0 0 1 0 0 1 0 0 1 0 0 1 0 0 1 0 0 1 0 0 1 0 0 1 0 0 1 0 0 1 0 0 1 0 0 1 0 0 1 0 0 1 0 0 1 0 0 1 0 0 1 0 0 1 0 0 1 0 0 1 0 0 0.01089927 -0.1248494 0.9921158 0.005245422 -0.2560565 0.9666476 0.008156767 -0.006025015 0.9999486 0.004562189 -0.003167666 0.9999846 0.0009685736 0.1314142 0.9913271 0.008870151 0.2589747 0.9658434 0.004479732 0.502695 0.8644522 0.0009340518 0.3943589 0.918956 0 0.2656673 0.9640648 0.010919 0.9921066 0.124921 0.005248679 0.9666597 0.2560107 0.008171687 0.9999483 0.006050788 0.004572319 0.9999845 0.003174634 0.0009706566 0.9913179 -0.1314836 0.0088782 0.9658532 -0.2589377 0.004477964 0.8644948 -0.5026219 0.0009336649 0.9190216 -0.394206 0 0.9640556 -0.2657007 0 -0.2654841 0.9641152 0.0009340518 -0.3943589 0.918956 0.004479732 -0.502695 0.8644522 0 -0.533309 0.8459205 0 -0.7070879 0.7071256 0 -0.7070879 0.7071256 0 -0.8660212 0.5000072 0 -0.8660212 0.5000072 0 -0.965927 0.2588145 0 -0.965927 0.2588145 0 -1 8.911122e-18 0 -1 -8.911122e-18 0 -0.965927 -0.2588145 0 -0.965927 -0.2588145 0 -0.8660346 -0.4999841 0 -0.8660346 -0.4999841 0 -0.7071068 -0.7071068 0 -0.7071068 -0.7071068 0 -0.499995 -0.8660283 0 -0.499995 -0.8660283 0 -0.2588225 -0.9659249 0 -0.2588225 -0.9659249 0 0 -1 0 0 -1 0 0.2588225 -0.9659249 0 0.2588225 -0.9659249 0 0.499995 -0.8660283 0 0.499995 -0.8660283 0 0.7071068 -0.7071068 0 0.7071068 -0.7071068 0 0.8459715 -0.5332281 0 0.9641112 0.2654988 0.000934408 0.9190144 0.3942229 0.00448159 0.8644801 0.502647 0 0.8459378 0.5332815 0 0.7070879 0.7071256 0 0.7070879 0.7071256 0 0.533309 0.8459205 1 0 0 1 0 0 1 0 0 1 0 0 1 0 0 1 0 0 1 0 0 1 0 0 1 0 0 1 0 0 1 0 0 1 0 0 1 0 0 1 0 0 1 0 0 1 0 0 1 0 0 1 0 0 1 0 0 1 0 0 1 0 0 1 0 0 1 0 0 1 0 0 1 0 0 1 0 0 1 0 0 1 0 0 1 0 0 1 0 0 1 0 0 1 0 0 1 0 0 1 0 0 1 0 0 1 0 0 1 0 0 1 0 0 1 0 0 1 0 0 1 0 0 1 0 0 1 0 0 1 0 0 1 0 0 1 0 0 1 0 0 1 0 0 0.2437146 0.9698469 -0.0003047569 0.4364081 0.8997488 -0.0001902363 0.512316 0.8587964 -0.0009848149 0.4989291 0.8642036 -0.06497633 0.9883366 0.1522842 -0.0004276723 0.9981528 0.06075383 -0.0001349922 0.9999797 0.00637774 -2.981949e-06 0.9883923 0.1519227 -0.0002716713 0.992717 0.1204664 0.0009201146 0.986543 0.1635016 0.0004755578 0.9904707 0.1376618 -0.004121724 0.9635053 0.2593238 -0.06639776 0.9838244 0.1791255 -0.001904379 0.9772376 0.2121479 1.019631e-05 0.9786299 0.2056297 3.298119e-05 0.9448743 0.3274332 -5.390929e-05 0.7056406 0.7055832 -0.06498957 0.7072131 0.7069994 -0.001182931 0.8642417 0.4988802 -0.06484394 0.7630082 0.6463878 -0.001172777 0.8487648 0.5287705 9.408032e-05 0.874121 0.485708 0.0004409915 0.8753617 0.4834676 -0.0009746557 0.9243848 0.3814609 -0.0006097781 0.604203 0.7968301 -0.0006464427 0.6654965 0.746401 -4.839929e-05 0.7062437 0.7079687 0.0003627535 0.5627401 0.8266329 -0.001294856 0.258247 0.9638869 -0.06504301 0.9638456 -0.2583241 -0.06534814 0.9905167 -0.1372833 -0.005474678 0.983632 -0.1801796 -0.001849212 0.9774874 -0.2109939 -5.0161e-05 0.9927172 -0.120466 0.00063788 0.9801853 -0.1980822 0.0004957302 0.9869958 -0.1607454 0.0004093255 0.1357181 -0.9907475 -3.785642e-06 0.2582492 -0.963865 -0.0653576 0.4989009 -0.8641907 -0.06536227 0.3961524 -0.9181848 -3.771958e-06 0.2686001 -0.9632518 0 0.8935373 -0.448989 0 0.8642367 -0.4988723 -0.06497241 0.7555048 -0.6551431 0 0.705674 -0.7055291 -0.06521495 0.6262222 -0.7796446 -3.736112e-06 0.5160548 -0.8565556 0 0.2501737 0.9337096 -0.2561242 0.4833393 0.8371207 -0.2561484 0.2248209 0.839107 -0.4953332 0.4343477 0.7523192 -0.4953361 0.1843827 0.6881756 -0.7017245 0.3562236 0.6169996 -0.7017238 0.1314962 0.4907021 -0.8613479 0.2540264 0.4399315 -0.8613541 0.06960092 0.2597832 -0.9631554 0.1345095 0.2329153 -0.9631499 0.6835143 0.6835143 -0.2561568 0.6142362 0.6142996 -0.4953281 0.5038008 0.5037421 -0.7017326 0.3592437 0.3592032 -0.8613461 0.1902241 0.1900982 -0.9631602 0.06292064 0.9643696 -0.2569676 0.0566471 0.865979 -0.4968615 0.04657664 0.7089778 -0.7036911 0.03328371 0.5036877 -0.8632444 0.01767041 0.2638612 -0.9643988 0.8371462 0.4833251 -0.256092 0.9337392 0.2501186 -0.2560698 0.7522727 0.4343917 -0.4953683 0.8391198 0.2248057 -0.4953184 0.6169581 0.3561985 -0.701773 0.6881412 0.1844387 -0.7017435 0.4399376 0.2540515 -0.8613436 0.4907111 0.131533 -0.8613371 0.2328765 0.1344883 -0.9631622 0.2597895 0.06959939 -0.9631539 0.9643384 0.06315155 -0.2570279 0.8659943 0.05654469 -0.4968466 0.709017 0.04658356 -0.7036511 0.5036543 0.03321319 -0.8632666 0.2638182 0.01758278 -0.9644121 0.8951704 -0.004023165 -0.445706 0.9811235 -0.00422288 -0.1933361 0.9786154 0.04376057 -0.2009898 0.928674 -0.03061593 -0.3696312 0.8730645 -0.009717782 -0.4875079 0.7577217 -0.003713968 -0.6525673 0.190365 -0.06327492 -0.9796721 0.1358713 -0.001796618 -0.9907249 0.2954306 -0.06112988 -0.9534065 0.2681683 -0.0006841736 -0.9633718 0.3813517 -0.06304362 -0.9222778 0.3973686 -0.001303628 -0.9176582 0.4998199 -0.05608195 -0.8643118 0.5154164 -0.0004273578 -0.8569398 0.5791461 -0.05702793 -0.8132267 0.6280597 -0.001793546 -0.7781631 0.7013701 -0.04313639 -0.7114908 0.7719754 -0.04512502 -0.6340486 0.1883479 -0.06580165 0.9798955 0.1900212 0.06389513 0.9796986 0.2961406 -0.06142798 0.953167 0.2961406 0.06142798 0.953167 0.3810724 0.06256651 0.9224257 0.3810724 -0.06256651 0.9224257 0.5000146 0.05553599 0.8642344 0.4877415 -0.03873049 0.8721286 0.5848885 -0.04367177 0.8099372 0.5788998 0.05608826 0.8134673 0.685856 -0.01689792 0.7275411 0.7013297 0.04203738 0.7115965 0.7710752 0.04571826 0.6351007 0.7763517 -0.02948051 0.6296101 0.8742251 0.01096511 0.485397 0.8639532 0.01058809 0.5034607 0.9277718 0.03200021 0.3717735 0.9304973 -0.01649645 0.3659272 0.979612 -0.03966088 0.1969452 0.979612 0.03966088 0.1969452 0.9640029 0.25766 -0.06564864 0.9800386 0.195484 -0.03619767 0.9309053 0.3647347 0.01959437 0.8640622 0.4989443 -0.06671589 0.8646184 0.5023769 -0.007250256 0.7766738 0.6290978 0.03184017 0.7055483 0.7054887 -0.06698729 0.6863044 0.727066 0.01900744 0.5850689 0.8097345 0.04499358 0.4988432 0.8641279 -0.06662207 0.4881364 0.8718455 0.04010444 0.3811829 0.9223306 0.06329153 0.258149 0.9638105 -0.06654677 0.2964352 0.9530041 0.06252422 0.1881253 0.9798919 0.06648905 0.9585486 -0.1163895 0.260073 0.9028389 -0.3424065 0.2600765 0.7227526 -0.6403009 0.2600833 0.448732 -0.8549803 0.260093 0.1163894 -0.9585497 0.2600693 -0.2310769 -0.9375261 0.260093 -0.5485171 -0.7946639 0.2600735 -0.7946658 -0.5485145 0.2600732 -0.9375254 -0.2310802 0.2600926 -0.937526 0.231077 0.260093 -0.9028396 0.3424039 0.2600775 -0.7946641 0.5485159 0.2600754 -0.7227518 0.6403031 0.2600806 -0.5485171 0.794664 0.2600733 -0.4487285 0.8549833 0.2600889 -0.2310802 0.9375253 0.2600929 -0.1163923 0.9585475 0.2600761 0.1163889 0.9585492 0.2600712 0.2310804 0.9375262 0.2600892 0.4487263 0.854983 0.260094 0.7227527 0.640301 0.2600829 0.9028409 0.3423999 0.2600782 0.2376142 0.09011513 0.9671705 0.2467484 0.06081808 0.9671693 0.4817894 0.1187504 0.8682035 0.2522787 0.03063196 0.9671697 0.4925855 0.0598103 0.8682063 0.6994292 0.08492637 0.7096381 0.2541316 1.628615e-07 0.9671697 0.4962046 -9.196282e-08 0.8682056 0.7045783 -2.039909e-06 0.7096263 0.8647671 -1.540603e-06 0.5021731 0.2522787 -0.03063207 0.9671696 0.4925858 -0.05980955 0.8682062 0.6994288 -0.08492282 0.7096389 0.8584567 -0.1042346 0.5021826 0.8584561 0.1042361 0.5021831 0.9585494 0.1163856 0.260072 0.9655847 8.699393e-07 0.2600888 0.9375265 0.2310799 0.2600886 0.8085676 0.3066483 0.5021805 0.839633 0.2069496 0.5021836 0.6587825 0.2498436 0.7096364 0.6841009 0.1686142 0.7096303 0.4639621 0.1759573 0.868204 0.209143 0.1443625 0.9671704 0.1902186 0.1685194 0.9671702 0.4083707 0.2818797 0.8682034 0.371419 0.3290483 0.8682022 0.5798539 0.4002467 0.7096281 0.5273837 0.4672212 0.7096272 0.711688 0.4912433 0.5021755 0.6472893 0.5734483 0.502169 0.7946633 0.5485165 0.2600767 0.1443623 0.2091436 0.9671704 0.1181017 0.2250221 0.9671696 0.2818799 0.4083709 0.8682033 0.2305985 0.439367 0.8682056 0.4002465 0.5798535 0.7096285 0.3274341 0.6238694 0.7096293 0.4912448 0.7116884 0.5021735 0.4018711 0.7657064 0.5021886 0.5485177 0.7946633 0.2600743 -0.2522787 -0.03063196 0.9671697 -0.2467484 -0.06081808 0.9671693 -0.4925855 -0.0598103 0.8682063 -0.4817894 -0.1187504 0.8682035 -0.6994292 -0.08492637 0.7096381 -0.6841009 -0.1686142 0.7096303 -0.8584561 -0.1042361 0.5021831 -0.839633 -0.2069496 0.5021836 -0.9585487 -0.1163903 0.2600725 -0.2250227 -0.1181011 0.9671696 -0.209143 -0.1443625 0.9671704 -0.4393666 -0.2305989 0.8682057 -0.4083707 -0.2818797 0.8682034 -0.6238694 -0.327433 0.7096299 -0.5798539 -0.4002467 0.7096281 -0.7657057 -0.4018736 0.5021875 -0.711688 -0.4912433 0.5021755 -0.8549799 -0.4487318 0.2600944 -0.1685198 -0.1902189 0.96717 -0.1443623 -0.2091436 0.9671704 -0.3290482 -0.3714185 0.8682025 -0.2818799 -0.4083709 0.8682033 -0.4672215 -0.527384 0.7096268 -0.4002465 -0.5798535 0.7096285 -0.5734487 -0.6472888 0.5021691 -0.4912448 -0.7116884 0.5021735 -0.6403014 -0.7227523 0.2600832 -0.0901142 -0.2376143 0.9671706 -0.06081861 -0.2467483 0.9671693 -0.1759574 -0.463962 0.868204 -0.1187513 -0.4817898 0.8682032 -0.2498418 -0.6587835 0.7096361 -0.1686163 -0.6840998 0.7096309 -0.3066491 -0.8085666 0.5021816 -0.2069496 -0.8396333 0.502183 -0.3424039 -0.9028396 0.2600773 1.628615e-07 -0.2541316 0.9671697 0.03063196 -0.2522787 0.9671697 -9.196282e-08 -0.4962046 0.8682056 0.0598103 -0.4925855 0.8682063 -2.039909e-06 -0.7045783 0.7096263 0.08492637 -0.6994292 0.7096381 -1.540603e-06 -0.8647671 0.5021731 0.1042361 -0.8584561 0.5021831 2.45533e-06 -0.9655848 0.2600884 0.09011513 -0.2376142 0.9671705 0.1181011 -0.2250227 0.9671696 0.1759573 -0.4639621 0.868204 0.2305989 -0.4393666 0.8682057 0.2498436 -0.6587825 0.7096364 0.327433 -0.6238694 0.7096299 0.3066483 -0.8085676 0.5021805 0.4018736 -0.7657057 0.5021875 0.3423998 -0.9028409 0.2600783 0.1685194 -0.1902186 0.9671702 0.1902189 -0.1685198 0.96717 0.3290483 -0.371419 0.8682022 0.3714185 -0.3290482 0.8682025 0.4672212 -0.5273837 0.7096272 0.527384 -0.4672215 0.7096268 0.5734483 -0.6472893 0.502169 0.6472888 -0.5734487 0.5021691 0.6403022 -0.722752 0.2600819 0.2250221 -0.1181017 0.9671696 0.2376143 -0.0901142 0.9671706 0.439367 -0.2305985 0.8682056 0.463962 -0.1759574 0.868204 0.6238694 -0.3274341 0.7096293 0.6587835 -0.2498418 0.7096361 0.7657064 -0.4018711 0.5021886 0.8085666 -0.3066491 0.5021816 0.854983 -0.448726 0.2600944 0.8549802 0.4487312 0.2600946 0.7657057 0.4018736 0.5021875 0.6238694 0.327433 0.7096299 0.4393666 0.2305989 0.8682057 0.2250227 0.1181011 0.9671696 0.6403012 0.7227525 0.2600831 0.5734487 0.6472888 0.5021691 0.4672215 0.527384 0.7096268 0.3290482 0.3714185 0.8682025 0.1685198 0.1902189 0.96717 0.3424048 0.9028392 0.2600774 0.3066491 0.8085666 0.5021816 0.2498418 0.6587835 0.7096361 0.1759574 0.463962 0.868204 0.0901142 0.2376143 0.9671706 0.06081861 0.2467483 0.9671693 0.1187513 0.4817898 0.8682032 0.1686163 0.6840998 0.7096309 0.2069496 0.8396333 0.502183 0.1042346 0.8584567 0.5021826 0.08492282 0.6994288 0.7096389 0.05980955 0.4925858 0.8682062 0.03063207 0.2522787 0.9671696 -1.260142e-07 0.9655845 0.2600897 1.540603e-06 0.8647671 0.5021731 2.039909e-06 0.7045783 0.7096263 9.196282e-08 0.4962046 0.8682056 -1.628615e-07 0.2541316 0.9671697 -0.03063196 0.2522787 0.9671697 -0.0598103 0.4925855 0.8682063 -0.08492637 0.6994292 0.7096381 -0.1042361 0.8584561 0.5021831 -0.2069496 0.839633 0.5021836 -0.1686142 0.6841009 0.7096303 -0.1187504 0.4817894 0.8682035 -0.06081808 0.2467484 0.9671693 -0.3423998 0.9028407 0.2600789 -0.3066483 0.8085676 0.5021805 -0.2498436 0.6587825 0.7096364 -0.1759573 0.4639621 0.868204 -0.09011513 0.2376142 0.9671705 -0.1181011 0.2250227 0.9671696 -0.2305989 0.4393666 0.8682057 -0.327433 0.6238694 0.7096299 -0.4018736 0.7657057 0.5021875 -0.4912433 0.711688 0.5021755 -0.4002467 0.5798539 0.7096281 -0.2818797 0.4083707 0.8682034 -0.1443625 0.209143 0.9671704 -0.6403008 0.7227528 0.2600831 -0.5734483 0.6472893 0.502169 -0.4672212 0.5273837 0.7096272 -0.3290483 0.371419 0.8682022 -0.1685194 0.1902186 0.9671702 -0.1902189 0.1685198 0.96717 -0.3714185 0.3290482 0.8682025 -0.527384 0.4672215 0.7096268 -0.6472888 0.5734487 0.5021691 -0.7116884 0.4912448 0.5021735 -0.5798535 0.4002465 0.7096285 -0.4083709 0.2818799 0.8682033 -0.2091436 0.1443623 0.9671704 -0.8549824 0.4487276 0.2600934 -0.7657064 0.4018711 0.5021886 -0.6238694 0.3274341 0.7096293 -0.439367 0.2305985 0.8682056 -0.2250221 0.1181017 0.9671696 -0.2376143 0.0901142 0.9671706 -0.463962 0.1759574 0.868204 -0.6587835 0.2498418 0.7096361 -0.8085666 0.3066491 0.5021816 -0.8396333 0.2069496 0.502183 -0.6840998 0.1686163 0.7096309 -0.4817898 0.1187513 0.8682032 -0.2467483 0.06081861 0.9671693 -0.9585486 0.116394 0.2600712 -0.8584567 0.1042346 0.5021826 -0.6994288 0.08492282 0.7096389 -0.4925858 0.05980955 0.8682062 -0.2522787 0.03063207 0.9671696 -0.2541316 -1.628615e-07 0.9671697 -0.4962046 9.196282e-08 0.8682056 -0.7045783 2.039909e-06 0.7096263 -0.8647671 1.540603e-06 0.5021731 -0.965585 -2.418188e-06 0.2600879 -0.9028406 -0.3423999 0.260079 -0.8085676 -0.3066483 0.5021805 -0.6587825 -0.2498436 0.7096364 -0.4639621 -0.1759573 0.868204 -0.2376142 -0.09011513 0.9671705 -0.722752 -0.6403029 0.2600804 -0.6472893 -0.5734483 0.502169 -0.5273837 -0.4672212 0.7096272 -0.371419 -0.3290483 0.8682022 -0.1902186 -0.1685194 0.9671702 -0.4487243 -0.8549858 0.2600879 -0.4018711 -0.7657064 0.5021886 -0.3274341 -0.6238694 0.7096293 -0.2305985 -0.439367 0.8682056 -0.1181017 -0.2250221 0.9671696 -0.116396 -0.9585474 0.2600748 -0.1042346 -0.8584567 0.5021826 -0.08492282 -0.6994288 0.7096389 -0.05980955 -0.4925858 0.8682062 -0.03063207 -0.2522787 0.9671696 0.2310834 -0.9375256 0.2600888 0.2069496 -0.839633 0.5021836 0.1686142 -0.6841009 0.7096303 0.1187504 -0.4817894 0.8682035 0.06081808 -0.2467484 0.9671693 0.5485153 -0.7946659 0.2600711 0.4912433 -0.711688 0.5021755 0.4002467 -0.5798539 0.7096281 0.2818797 -0.4083707 0.8682034 0.1443625 -0.209143 0.9671704 0.7946614 -0.5485182 0.2600788 0.7116884 -0.4912448 0.5021735 0.5798535 -0.4002465 0.7096285 0.4083709 -0.2818799 0.8682033 0.2091436 -0.1443623 0.9671704 0.9375275 -0.2310745 0.26009 0.8396333 -0.2069496 0.502183 0.6840998 -0.1686163 0.7096309 0.4817898 -0.1187513 0.8682032 0.2467483 -0.06081861 0.9671693 0 -0.9659294 -0.2588057 0.06291867 -0.9643674 -0.2569763 0 -0.8660491 -0.4999589 0.05665246 -0.8659803 -0.4968587 0 -0.7070829 -0.7071307 0.04657396 -0.7089824 -0.7036866 0 -0.4999408 -0.8660596 0.03327733 -0.5036801 -0.8632491 0 -0.2588686 -0.9659126 0.0176734 -0.2638642 -0.9643979 -0.9638456 0.2583241 -0.06534814 -0.9905167 0.1372833 -0.005474678 -0.983632 0.1801796 -0.001849212 -0.9774874 0.2109939 -5.0161e-05 -0.9927172 0.120466 0.00063788 -0.9801853 0.1980822 0.0004957302 -0.9869958 0.1607454 0.0004093255 -0.1357181 0.9907475 -3.785642e-06 -0.2582492 0.963865 -0.0653576 -0.4989009 0.8641907 -0.06536227 -0.3961524 0.9181848 -3.771958e-06 -0.2686001 0.9632518 0 -0.8935373 0.448989 0 -0.8642367 0.4988723 -0.06497241 -0.7555048 0.6551431 0 -0.705674 0.7055291 -0.06521495 -0.6262222 0.7796446 -3.736112e-06 -0.5160548 0.8565556 0 -0.258247 -0.9638867 -0.065045 -0.4988984 -0.8642173 -0.06502956 -0.2501737 -0.9337096 -0.2561242 -0.4833393 -0.8371207 -0.2561484 -0.2248209 -0.839107 -0.4953332 -0.4343477 -0.7523192 -0.4953361 -0.1843827 -0.6881756 -0.7017245 -0.3562236 -0.6169996 -0.7017238 -0.1314962 -0.4907021 -0.8613479 -0.2540264 -0.4399315 -0.8613541 -0.06960092 -0.2597832 -0.9631554 -0.1345095 -0.2329153 -0.9631499 -0.7056444 -0.7055714 -0.06507639 -0.6835143 -0.6835143 -0.2561568 -0.6142362 -0.6142996 -0.4953281 -0.5038008 -0.5037421 -0.7017326 -0.3592437 -0.3592032 -0.8613461 -0.1902241 -0.1900982 -0.9631602 -0.06292064 -0.9643696 -0.2569676 -0.0566471 -0.865979 -0.4968615 -0.04657664 -0.7089778 -0.7036911 -0.03328371 -0.5036877 -0.8632444 -0.01767041 -0.2638612 -0.9643988 -0.86421 -0.4989167 -0.06498663 -0.9635166 -0.2592545 -0.06650405 -0.8371462 -0.4833251 -0.256092 -0.9337392 -0.2501186 -0.2560698 -0.7522727 -0.4343917 -0.4953683 -0.8391198 -0.2248057 -0.4953184 -0.6169581 -0.3561985 -0.701773 -0.6881412 -0.1844387 -0.7017435 -0.4399376 -0.2540515 -0.8613436 -0.4907111 -0.131533 -0.8613371 -0.2328765 -0.1344883 -0.9631622 -0.2597895 -0.06959939 -0.9631539 -0.9643384 -0.06315155 -0.2570279 -0.8659943 -0.05654469 -0.4968466 -0.709017 -0.04658356 -0.7036511 -0.5036543 -0.03321319 -0.8632666 -0.2638182 -0.01758278 -0.9644121 -0.8951704 0.004023165 -0.445706 -0.9811235 0.00422288 -0.1933361 -0.9786154 -0.04376057 -0.2009898 -0.928674 0.03061593 -0.3696312 -0.8730645 0.009717782 -0.4875079 -0.7577217 0.003713968 -0.6525673 -0.190365 0.06327492 -0.9796721 -0.1358713 0.001796618 -0.9907249 -0.2954306 0.06112988 -0.9534065 -0.2681683 0.0006841736 -0.9633718 -0.3813517 0.06304362 -0.9222778 -0.3973686 0.001303628 -0.9176582 -0.4998199 0.05608195 -0.8643118 -0.5154164 0.0004273578 -0.8569398 -0.5791461 0.05702793 -0.8132267 -0.6280597 0.001793546 -0.7781631 -0.7013701 0.04313639 -0.7114908 -0.7719754 0.04512502 -0.6340486 -0.8742251 -0.01096511 0.485397 -0.8639532 -0.01058809 0.5034607 -0.9304973 0.01649645 0.3659272 -0.9277718 -0.03200021 0.3717735 -0.979612 -0.03966088 0.1969452 -0.979612 0.03966088 0.1969452 -0.7763517 0.02948051 0.6296101 -0.7710752 -0.04571826 0.6351007 -0.685856 0.01689792 0.7275411 -0.7013297 -0.04203738 0.7115965 -0.5788998 -0.05608826 0.8134673 -0.5848885 0.04367177 0.8099372 -0.5000146 -0.05553599 0.8642344 -0.4877415 0.03873049 0.8721286 -0.3810724 0.06256651 0.9224257 -0.3810724 -0.06256651 0.9224257 -0.2961406 0.06142798 0.953167 -0.2961406 -0.06142798 0.953167 -0.1900212 -0.06389513 0.9796986 -0.1883479 0.06580165 0.9798955 -0.7013227 -0.7116025 -0.04205252 -0.6858773 -0.7275196 0.01695749 -0.7764311 -0.6295089 0.02955086 -0.7711603 -0.6349934 -0.04577212 -0.8639652 -0.5034421 -0.01049545 -0.8742228 -0.4853996 -0.01102796 -0.9304948 -0.3659329 0.01651072 -0.9277722 -0.3717728 -0.03199628 -0.979612 -0.1969452 -0.03966088 -0.9796123 -0.1969443 0.03965843 -0.5849176 -0.8099266 0.04347741 -0.5789934 -0.8134236 -0.05575548 -0.4878955 -0.8720452 0.03866675 -0.5000418 -0.8642336 -0.0553036 -0.3811323 -0.9224245 0.06221864 -0.3811335 -0.9224244 -0.06221388 -0.2963278 -0.9531059 0.06147403 -0.2963268 -0.953106 -0.06147675 -0.1901716 -0.9796589 -0.06405567 -0.188402 -0.9798667 0.06607463 0.9337724 -0.2500615 -0.2560044 0.8371578 -0.4833139 -0.2560752 0.8391334 -0.2247685 -0.4953123 0.7522118 -0.4344361 -0.4954217 0.6881086 -0.1844506 -0.7017724 0.6169704 -0.3562422 -0.70174 0.4907285 -0.1314868 -0.8613343 0.4399145 -0.2540554 -0.8613542 0.2598013 -0.06958751 -0.9631515 0.2328736 -0.1344945 -0.963162 0.6834808 -0.6835417 -0.2561733 0.6142539 -0.6142674 -0.4953461 0.5038389 -0.5037354 -0.7017101 0.359228 -0.3591943 -0.8613563 0.1902296 -0.1901225 -0.9631543 0.9640114 -0.06440894 -0.257941 0.8660205 -0.05654196 -0.4968013 0.7089786 -0.04655878 -0.7036914 0.5036712 -0.03324446 -0.8632556 0.2638297 -0.01759414 -0.9644088 0.4833528 -0.837121 -0.2561219 0.2501764 -0.9337074 -0.2561295 0.4343409 -0.7523201 -0.4953408 0.2248139 -0.8391102 -0.4953309 0.3562099 -0.6169991 -0.7017311 0.1843911 -0.6881699 -0.701728 0.2540207 -0.4399406 -0.8613511 0.1315156 -0.4907066 -0.8613424 0.1345364 -0.2329086 -0.9631477 0.06958707 -0.25978 -0.9631573 0.9905042 0.005471704 -0.1373736 0.9836349 0.001854304 -0.1801636 0.9751925 -0.0004938717 -0.2213581 0.9931056 0 -0.1172232 0.9927729 0.0006142574 -0.120007 0.987531 -0.0001583236 -0.1574249 0.9867682 0.0003844248 -0.1621369 0.9774688 -5.367241e-05 -0.21108 0.9904561 -0.004115793 -0.1377672 0.9838373 -0.001912321 -0.1790542 0 0.9659294 -0.2588057 0 0.8660491 -0.4999589 0 0.7070829 -0.7071307 0 0.4999408 -0.8660596 0 0.2588686 -0.9659126 0.1901731 -0.9796586 0.06405652 0.1884005 -0.9798671 -0.06607387 0.2963278 -0.9531059 0.06147403 0.2963268 -0.953106 -0.06147675 0.3811335 -0.9224244 -0.06221388 0.3811323 -0.9224245 0.06221864 0.4878963 -0.8720447 -0.0386677 0.5000419 -0.8642335 0.0553041 0.5789919 -0.8134243 0.05576048 0.5849178 -0.8099266 -0.04347491 0.7013236 -0.7116014 0.04205456 0.6858764 -0.7275205 -0.01695533 0.776431 -0.6295091 -0.0295515 0.7711619 -0.6349919 0.04576747 0.8639655 -0.5034416 0.0104945 0.8742233 -0.4853988 0.01102859 0.9304953 -0.3659318 -0.01650755 0.9277718 -0.3717735 0.03200021 0.9796123 -0.1969443 0.03965843 0.979612 -0.1969452 -0.03966088 0 0.9659294 -0.2588057 -0.06291867 0.9643674 -0.2569763 0 0.8660491 -0.4999589 -0.05665246 0.8659803 -0.4968587 0 0.7070829 -0.7071307 -0.04657396 0.7089824 -0.7036866 0 0.4999408 -0.8660596 -0.03327733 0.5036801 -0.8632491 0 0.2588686 -0.9659126 -0.0176734 0.2638642 -0.9643979 -0.9337724 0.2500615 -0.2560044 -0.8371578 0.4833139 -0.2560752 -0.8391334 0.2247685 -0.4953123 -0.7522118 0.4344361 -0.4954217 -0.6881086 0.1844506 -0.7017724 -0.6169704 0.3562422 -0.70174 -0.4907285 0.1314868 -0.8613343 -0.4399145 0.2540554 -0.8613542 -0.2598013 0.06958751 -0.9631515 -0.2328736 0.1344945 -0.963162 -0.6834808 0.6835417 -0.2561733 -0.6142539 0.6142674 -0.4953461 -0.5038389 0.5037354 -0.7017101 -0.359228 0.3591943 -0.8613563 -0.1902296 0.1901225 -0.9631543 -0.9640114 0.06440894 -0.257941 -0.8660205 0.05654196 -0.4968013 -0.7089786 0.04655878 -0.7036914 -0.5036712 0.03324446 -0.8632556 -0.2638297 0.01759414 -0.9644088 -0.4833528 0.837121 -0.2561219 -0.2501764 0.9337074 -0.2561295 -0.4343409 0.7523201 -0.4953408 -0.2248139 0.8391102 -0.4953309 -0.3562099 0.6169991 -0.7017311 -0.1843911 0.6881699 -0.701728 -0.2540207 0.4399406 -0.8613511 -0.1315156 0.4907066 -0.8613424 -0.1345364 0.2329086 -0.9631477 -0.06958707 0.25978 -0.9631573 -0.9905042 -0.005471704 -0.1373736 -0.9836349 -0.001854304 -0.1801636 -0.9751925 0.0004938717 -0.2213581 -0.9931056 0 -0.1172232 -0.9927729 -0.0006142574 -0.120007 -0.987531 0.0001583236 -0.1574249 -0.9867682 -0.0003844248 -0.1621369 -0.9774688 5.367241e-05 -0.21108 -0.9904561 0.004115793 -0.1377672 -0.9838373 0.001912321 -0.1790542 0 -0.9659294 -0.2588057 0 -0.8660491 -0.4999589 0 -0.7070829 -0.7071307 0 -0.4999408 -0.8660596 0 -0.2588686 -0.9659126 -0.9803244 -0.1973931 5.99479e-06 -0.9927715 -0.1200169 0.0008213918 -0.9867262 -0.1623921 0.0003968334 -0.9774874 -0.2109939 -5.3019e-05 -0.9904707 -0.1376618 -0.004121724 -0.9838244 -0.1791255 -0.001904379 -0.8935373 -0.448989 0 -0.7555048 -0.6551431 0 -0.5167661 -0.8561263 -0.0007948608 -0.6260989 -0.7797435 -0.0004162415 -0.1353715 -0.9907947 -0.0005894337 -0.2691974 -0.9630847 -0.0007210172 -0.3959407 -0.9182759 -0.0004933465 -0.1901731 0.9796586 0.06405652 -0.1884005 0.9798671 -0.06607387 -0.2963278 0.9531059 0.06147403 -0.2963268 0.953106 -0.06147675 -0.3811335 0.9224244 -0.06221388 -0.3811323 0.9224245 0.06221864 -0.4878963 0.8720447 -0.0386677 -0.5000419 0.8642335 0.0553041 -0.5789919 0.8134243 0.05576048 -0.5849178 0.8099266 -0.04347491 -0.7013236 0.7116014 0.04205456 -0.6858764 0.7275205 -0.01695533 -0.776431 0.6295091 -0.0295515 -0.7711619 0.6349919 0.04576747 -0.8639655 0.5034416 0.0104945 -0.8742233 0.4853988 0.01102859 -0.9304953 0.3659318 -0.01650755 -0.9277718 0.3717735 0.03200021 -0.9796123 0.1969443 0.03965843 -0.979612 0.1969452 -0.03966088 -0.1886929 -0.06518051 -0.9798706 -0.1358713 -0.001796618 -0.9907249 -0.2954306 -0.06112988 -0.9534065 -0.2681683 -0.0006841736 -0.9633718 -0.3813517 -0.06304362 -0.9222778 -0.3973686 -0.001303628 -0.9176582 -0.4875534 -0.03928049 -0.8722091 -0.5154164 -0.0004273578 -0.8569398 -0.5851376 -0.04461512 -0.8097058 -0.6280597 -0.001793546 -0.7781631 -0.6859249 -0.01800902 -0.7274494 -0.7537179 0.0009510631 -0.6571974 -0.7765504 -0.03112785 -0.6292857 -0.8924733 0.002469242 -0.4510935 -0.8643921 0.008400775 -0.5027482 -0.9307915 -0.018579 -0.3650781 -0.9803635 0.0005089916 -0.1971982 -0.9798764 0.03753214 -0.196045 0.8549834 0.4487262 -0.2600928 0.9028393 0.3424066 -0.2600749 0.9375279 0.2310746 -0.2600884 0.9585491 0.1163895 -0.2600714 0.7946617 0.5485185 -0.2600773 0.722753 0.6403012 -0.2600817 0.6403025 0.7227523 -0.2600804 0.5485156 0.7946663 -0.2600695 0.4487322 0.8549806 -0.2600915 0.3423999 0.9028413 -0.2600767 0.2310835 0.937526 -0.2600872 0.1163894 0.9585501 -0.2600678 2.455343e-06 0.9655852 -0.2600868 -0.116396 0.9585478 -0.2600732 -0.231077 0.9375265 -0.2600914 -0.342404 0.90284 -0.2600757 -0.4487245 0.8549862 -0.2600863 -0.5485174 0.7946643 -0.2600719 -0.6403017 0.7227526 -0.2600816 -0.7227523 0.6403032 -0.2600788 -0.7946662 0.5485147 -0.2600716 -0.8549803 0.448732 -0.2600928 -0.902841 0.3424001 -0.2600775 -0.9375258 0.2310803 -0.260091 -0.9585491 0.1163903 -0.2600709 -0.9655854 2.41819e-06 -0.2600863 -0.958549 -0.1163941 -0.2600696 -0.9375264 -0.2310771 -0.2600915 -0.90284 -0.342404 -0.2600759 -0.8549828 -0.4487278 -0.2600919 -0.7946645 -0.5485161 -0.2600739 -0.7227521 -0.6403033 -0.260079 -0.6403011 -0.7227532 -0.2600815 -0.5485173 -0.7946644 -0.2600717 -0.4487287 -0.8549837 -0.2600873 -0.3424 -0.9028411 -0.2600773 -0.2310803 -0.9375257 -0.2600913 -0.1163923 -0.9585479 -0.2600745 -1.260087e-07 -0.9655849 -0.2600881 0.116389 -0.9585496 -0.2600696 0.2310805 -0.9375267 -0.2600876 0.342405 -0.9028396 -0.2600759 0.4487265 -0.8549833 -0.2600924 0.5485179 -0.7946636 -0.2600727 0.6403014 -0.7227528 -0.2600815 0.722753 -0.6403013 -0.2600814 0.7946636 -0.5485168 -0.2600751 0.8549806 -0.4487314 -0.260093 0.9028413 -0.3424001 -0.2600766 0.937527 -0.23108 -0.260087 0.9585498 -0.1163857 -0.2600704 0.9655851 -8.699383e-07 -0.2600872 0.8584547 -0.1042359 -0.5021856 0.8396316 -0.2069493 -0.5021861 0.8085663 -0.3066478 -0.502183 0.7657045 -0.4018729 -0.50219 0.7116868 -0.4912425 -0.502178 0.6472882 -0.5734473 -0.5021715 0.5734478 -0.6472877 -0.5021716 0.4912439 -0.7116872 -0.502176 0.4018704 -0.7657051 -0.5021911 0.3066486 -0.8085653 -0.5021841 0.2069493 -0.8396319 -0.5021855 0.1042344 -0.8584552 -0.5021851 1.540592e-06 -0.8647656 -0.5021756 -0.1042359 -0.8584547 -0.5021856 -0.2069493 -0.8396316 -0.5021861 -0.3066478 -0.8085663 -0.502183 -0.4018729 -0.7657045 -0.50219 -0.4912425 -0.7116868 -0.502178 -0.5734473 -0.6472882 -0.5021715 -0.6472877 -0.5734478 -0.5021716 -0.7116872 -0.4912439 -0.502176 -0.7657051 -0.4018704 -0.5021911 -0.8085653 -0.3066486 -0.5021841 -0.8396319 -0.2069493 -0.5021855 -0.8584552 -0.1042344 -0.5021851 -0.8647656 -1.540592e-06 -0.5021756 -0.8584547 0.1042359 -0.5021856 -0.8396316 0.2069493 -0.5021861 -0.8085663 0.3066478 -0.502183 -0.7657045 0.4018729 -0.50219 -0.7116868 0.4912425 -0.502178 -0.6472882 0.5734473 -0.5021715 -0.5734478 0.6472877 -0.5021716 -0.4912439 0.7116872 -0.502176 -0.4018704 0.7657051 -0.5021911 -0.3066486 0.8085653 -0.5021841 -0.2069493 0.8396319 -0.5021855 -0.1042344 0.8584552 -0.5021851 -1.540592e-06 0.8647656 -0.5021756 0.1042359 0.8584547 -0.5021856 0.2069493 0.8396316 -0.5021861 0.3066478 0.8085663 -0.502183 0.4018729 0.7657045 -0.50219 0.4912425 0.7116868 -0.502178 0.5734473 0.6472882 -0.5021715 0.6472877 0.5734478 -0.5021716 0.7116872 0.4912439 -0.502176 0.7657051 0.4018704 -0.5021911 0.8085653 0.3066486 -0.5021841 0.8396319 0.2069493 -0.5021855 0.8584552 0.1042344 -0.5021851 0.8647656 1.540592e-06 -0.5021756 0.6994343 -0.08492698 -0.7096331 0.6841058 -0.1686154 -0.7096253 0.6587872 -0.2498454 -0.7096314 0.6238739 -0.3274354 -0.7096249 0.5798581 -0.4002496 -0.7096231 0.5273875 -0.4672245 -0.7096222 0.4672248 -0.5273878 -0.7096218 0.4002494 -0.5798577 -0.7096235 0.3274365 -0.6238739 -0.7096243 0.2498436 -0.6587882 -0.7096311 0.1686175 -0.6841047 -0.7096259 0.08492343 -0.6994338 -0.7096339 2.039888e-06 -0.7045833 -0.7096212 -0.08492698 -0.6994343 -0.7096331 -0.1686154 -0.6841058 -0.7096253 -0.2498454 -0.6587872 -0.7096314 -0.3274354 -0.6238739 -0.7096249 -0.4002496 -0.5798581 -0.7096231 -0.4672245 -0.5273875 -0.7096222 -0.5273878 -0.4672248 -0.7096218 -0.5798577 -0.4002494 -0.7096235 -0.6238739 -0.3274365 -0.7096243 -0.6587882 -0.2498436 -0.7096311 -0.6841047 -0.1686175 -0.7096259 -0.6994338 -0.08492343 -0.7096339 -0.7045833 -2.039888e-06 -0.7096212 -0.6994343 0.08492698 -0.7096331 -0.6841058 0.1686154 -0.7096253 -0.6587872 0.2498454 -0.7096314 -0.6238739 0.3274354 -0.7096249 -0.5798581 0.4002496 -0.7096231 -0.5273875 0.4672245 -0.7096222 -0.4672248 0.5273878 -0.7096218 -0.4002494 0.5798577 -0.7096235 -0.3274365 0.6238739 -0.7096243 -0.2498436 0.6587882 -0.7096311 -0.1686175 0.6841047 -0.7096259 -0.08492343 0.6994338 -0.7096339 -2.039888e-06 0.7045833 -0.7096212 0.08492698 0.6994343 -0.7096331 0.1686154 0.6841058 -0.7096253 0.2498454 0.6587872 -0.7096314 0.3274354 0.6238739 -0.7096249 0.4002496 0.5798581 -0.7096231 0.4672245 0.5273875 -0.7096222 0.5273878 0.4672248 -0.7096218 0.5798577 0.4002494 -0.7096235 0.6238739 0.3274365 -0.7096243 0.6587882 0.2498436 -0.7096311 0.6841047 0.1686175 -0.7096259 0.6994338 0.08492343 -0.7096339 0.7045833 2.039888e-06 -0.7096212 0.4925958 -0.05981155 -0.8682004 0.4817994 -0.1187528 -0.8681976 0.4639717 -0.1759609 -0.8681981 0.4393757 -0.2306037 -0.8681998 0.4083792 -0.2818855 -0.8681976 0.3714267 -0.3290552 -0.8681963 0.329055 -0.3714262 -0.8681966 0.2818857 -0.4083793 -0.8681974 0.2306033 -0.4393761 -0.8681997 0.1759611 -0.4639717 -0.8681981 0.1187538 -0.4817998 -0.8681973 0.0598108 -0.492596 -0.8682003 9.195952e-08 -0.4962149 -0.8681997 -0.05981155 -0.4925958 -0.8682004 -0.1187528 -0.4817994 -0.8681976 -0.1759609 -0.4639717 -0.8681981 -0.2306037 -0.4393757 -0.8681998 -0.2818855 -0.4083792 -0.8681976 -0.3290552 -0.3714267 -0.8681963 -0.3714262 -0.329055 -0.8681966 -0.4083793 -0.2818857 -0.8681974 -0.4393761 -0.2306033 -0.8681997 -0.4639717 -0.1759611 -0.8681981 -0.4817998 -0.1187538 -0.8681973 -0.492596 -0.0598108 -0.8682003 -0.4962149 -9.195952e-08 -0.8681997 -0.4925958 0.05981155 -0.8682004 -0.4817994 0.1187528 -0.8681976 -0.4639717 0.1759609 -0.8681981 -0.4393757 0.2306037 -0.8681998 -0.4083792 0.2818855 -0.8681976 -0.3714267 0.3290552 -0.8681963 -0.329055 0.3714262 -0.8681966 -0.2818857 0.4083793 -0.8681974 -0.2306033 0.4393761 -0.8681997 -0.1759611 0.4639717 -0.8681981 -0.1187538 0.4817998 -0.8681973 -0.0598108 0.492596 -0.8682003 -9.195952e-08 0.4962149 -0.8681997 0.05981155 0.4925958 -0.8682004 0.1187528 0.4817994 -0.8681976 0.1759609 0.4639717 -0.8681981 0.2306037 0.4393757 -0.8681998 0.2818855 0.4083792 -0.8681976 0.3290552 0.3714267 -0.8681963 0.3714262 0.329055 -0.8681966 0.4083793 0.2818857 -0.8681974 0.4393761 0.2306033 -0.8681997 0.4639717 0.1759611 -0.8681981 0.4817998 0.1187538 -0.8681973 0.492596 0.0598108 -0.8682003 0.4962149 9.195952e-08 -0.8681997 0.2522723 -0.03063119 -0.9671713 0.2467422 -0.06081654 -0.967171 0.2376082 -0.09011286 -0.9671722 0.225017 -0.1180981 -0.9671712 0.2091378 -0.1443589 -0.9671721 0.1902138 -0.1685151 -0.9671718 0.1685156 -0.1902141 -0.9671717 0.1443586 -0.2091383 -0.967172 0.1180987 -0.2250164 -0.9671713 0.09011193 -0.2376083 -0.9671722 0.06081708 -0.2467421 -0.9671709 0.0306313 -0.2522723 -0.9671713 -1.628251e-07 -0.2541252 -0.9671713 -0.03063119 -0.2522723 -0.9671713 -0.06081654 -0.2467422 -0.967171 -0.09011286 -0.2376082 -0.9671722 -0.1180981 -0.225017 -0.9671712 -0.1443589 -0.2091378 -0.9671721 -0.1685151 -0.1902138 -0.9671718 -0.1902141 -0.1685156 -0.9671717 -0.2091383 -0.1443586 -0.967172 -0.2250164 -0.1180987 -0.9671713 -0.2376083 -0.09011193 -0.9671722 -0.2467421 -0.06081708 -0.9671709 -0.2522723 -0.0306313 -0.9671713 -0.2541252 1.628251e-07 -0.9671713 -0.2522723 0.03063119 -0.9671713 -0.2467422 0.06081654 -0.967171 -0.2376082 0.09011286 -0.9671722 -0.225017 0.1180981 -0.9671712 -0.2091378 0.1443589 -0.9671721 -0.1902138 0.1685151 -0.9671718 -0.1685156 0.1902141 -0.9671717 -0.1443586 0.2091383 -0.967172 -0.1180987 0.2250164 -0.9671713 -0.09011193 0.2376083 -0.9671722 -0.06081708 0.2467421 -0.9671709 -0.0306313 0.2522723 -0.9671713 1.628251e-07 0.2541252 -0.9671713 0.03063119 0.2522723 -0.9671713 0.06081654 0.2467422 -0.967171 0.09011286 0.2376082 -0.9671722 0.1180981 0.225017 -0.9671712 0.1443589 0.2091378 -0.9671721 0.1685151 0.1902138 -0.9671718 0.1902141 0.1685156 -0.9671717 0.2091383 0.1443586 -0.967172 0.2250164 0.1180987 -0.9671713 0.2376083 0.09011193 -0.9671722 0.2467421 0.06081708 -0.9671709 0.2522723 0.0306313 -0.9671713 0.2541252 -1.628251e-07 -0.9671713 -1 9.133929e-17 0 -1 9.802266e-17 0 -0.9659139 -0.2588637 0 -0.9659139 -0.2588637 0 -0.8660124 -0.5000225 0 -0.8660124 -0.5000225 0 -0.7071278 -0.7070858 0 -0.7071278 -0.7070858 0 -0.5000317 -0.8660071 0 -0.5000317 -0.8660071 0 -0.2588265 -0.9659238 0 -0.2588265 -0.9659238 0 0 -1 0 0 -1 0 0.2588265 -0.9659238 0 0.2588265 -0.9659238 0 0.5000317 -0.8660071 0 0.5000317 -0.8660071 0 0.7071278 -0.7070858 0 0.7071278 -0.7070858 0 0.8660124 -0.5000225 0 0.8660124 -0.5000225 0 0.9659139 -0.2588637 0 0.9659139 -0.2588637 0 1 -2.94068e-16 0 1 -2.94068e-16 0 0.9659139 0.2588637 0 0.9659139 0.2588637 0 0.8660124 0.5000225 0 0.8660124 0.5000225 0 0.7071278 0.7070858 0 0.7071278 0.7070858 0 0.5000317 0.8660071 0 0.5000317 0.8660071 0 0.2588265 0.9659238 0 0.2588265 0.9659238 0 0 1 0 0 1 0 -0.2588265 0.9659238 0 -0.2588265 0.9659238 0 -0.5000317 0.8660071 0 -0.5000317 0.8660071 0 -0.7071278 0.7070858 0 -0.7071278 0.7070858 0 -0.8660124 0.5000225 0 -0.8660124 0.5000225 0 -0.9659139 0.2588637 0 -0.9659139 0.2588637 0 0 0 1 0 0 1 0 0 1 0 0 1 0 0 1 0 0 1 0 0 1 0 0 1 0 0 1 0 0 1 0 0 1 0 0 1 0 0 1 0 0 1 0 0 1 0 0 1 0 0 1 0 0 1 0 0 1 0 0 1 0 0 1 0 0 1 0 0 1 0 0 1 0 0 1 0 0 1 0 0 1 0 0 1 0 0 1 0 0 1 0 0 1 0 0 1 0 0 1 0 0 1 0 0 1 0 0 1 0 0 1 0 0 1 0 0 1 0 0 1 0 0 1 0 0 1 0 0 1 0 0 1 0 0 1 0 0 1 0 0 1 0 0 1 -1 1.42576e-16 0 -1 1.42576e-16 0 -0.965915 -0.2588594 0 -0.965915 -0.2588594 0 -0.8659947 -0.5000532 0 -0.8659947 -0.5000532 0 -0.7071324 -0.7070812 0 -0.7071324 -0.7070812 0 -0.4999959 -0.8660278 0 -0.4999959 -0.8660278 0 -0.258811 -0.965928 0 -0.258811 -0.965928 0 0 -1 0 0 -1 0 0.258811 -0.965928 0 0.258811 -0.965928 0 0.4999959 -0.8660278 0 0.4999959 -0.8660278 0 0.7070787 -0.7071349 0 0.7070787 -0.7071349 0 0.8660009 -0.5000424 0 0.8660009 -0.5000424 0 0.9659379 -0.258774 0 0.9659379 -0.258774 0 1 -2.673301e-16 0 1 -2.673301e-16 0 0.9659379 0.258774 0 0.9659379 0.258774 0 0.8660009 0.5000424 0 0.8660009 0.5000424 0 0.7070787 0.7071349 0 0.7070787 0.7071349 0 0.4999959 0.8660278 0 0.4999959 0.8660278 0 0.258811 0.965928 0 0.258811 0.965928 0 0 1 0 0 1 0 -0.258811 0.965928 0 -0.258811 0.965928 0 -0.4999959 0.8660278 0 -0.4999959 0.8660278 0 -0.7071324 0.7070812 0 -0.7071324 0.7070812 0 -0.8659947 0.5000532 0 -0.8659947 0.5000532 0 -0.965915 0.2588594 0 -0.965915 0.2588594 0 -1 9.133929e-17 0 -1 9.802266e-17 0 -0.9659139 -0.2588637 0 -0.9659139 -0.2588637 0 -0.8660124 -0.5000225 0 -0.8660124 -0.5000225 0 -0.7071278 -0.7070858 0 -0.7071278 -0.7070858 0 -0.5000317 -0.8660071 0 -0.5000317 -0.8660071 0 -0.2588265 -0.9659238 0 -0.2588265 -0.9659238 0 0 -1 0 0 -1 0 0.2588265 -0.9659238 0 0.2588265 -0.9659238 0 0.5000317 -0.8660071 0 0.5000317 -0.8660071 0 0.7071278 -0.7070858 0 0.7071278 -0.7070858 0 0.8660124 -0.5000225 0 0.8660124 -0.5000225 0 0.9659139 -0.2588637 0 0.9659139 -0.2588637 0 1 -2.94068e-16 0 1 -2.94068e-16 0 0.9659139 0.2588637 0 0.9659139 0.2588637 0 0.8660124 0.5000225 0 0.8660124 0.5000225 0 0.7071278 0.7070858 0 0.7071278 0.7070858 0 0.5000317 0.8660071 0 0.5000317 0.8660071 0 0.2588265 0.9659238 0 0.2588265 0.9659238 0 0 1 0 0 1 0 -0.2588265 0.9659238 0 -0.2588265 0.9659238 0 -0.5000317 0.8660071 0 -0.5000317 0.8660071 0 -0.7071278 0.7070858 0 -0.7071278 0.7070858 0 -0.8660124 0.5000225 0 -0.8660124 0.5000225 0 -0.9659139 0.2588637 0 -0.9659139 0.2588637 0 0 0 1 0 0 1 0 0 1 0 0 1 0 0 1 0 0 1 0 0 1 0 0 1 0 0 1 0 0 1 0 0 1 0 0 1 0 0 1 0 0 1 0 0 1 0 0 1 0 0 1 0 0 1 0 0 1 0 0 1 0 0 1 0 0 1 0 0 1 0 0 1 0 0 1 0 0 1 0 0 1 0 0 1 0 0 1 0 0 1 0 0 1 0 0 1 0 0 1 0 0 1 0 0 1 0 0 1 0 0 1 0 0 1 0 0 1 0 0 1 0 0 1 0 0 1 0 0 1 0 0 1 0 0 1 0 0 1 0 0 1 0 0 1 -1 1.42576e-16 0 -1 1.42576e-16 0 -0.9659379 -0.258774 0 -0.9659379 -0.258774 0 -0.8660009 -0.5000424 0 -0.8660009 -0.5000424 0 -0.7070787 -0.7071349 0 -0.7070787 -0.7071349 0 -0.4999959 -0.8660278 0 -0.4999959 -0.8660278 0 -0.258811 -0.965928 0 -0.258811 -0.965928 0 0 -1 0 0 -1 0 0.258811 -0.965928 0 0.258811 -0.965928 0 0.4999959 -0.8660278 0 0.4999959 -0.8660278 0 0.7071324 -0.7070812 0 0.7071324 -0.7070812 0 0.8659947 -0.5000532 0 0.8659947 -0.5000532 0 0.965915 -0.2588594 0 0.965915 -0.2588594 0 1 -2.673301e-16 0 1 -2.673301e-16 0 0.965915 0.2588594 0 0.965915 0.2588594 0 0.8659947 0.5000532 0 0.8659947 0.5000532 0 0.7071324 0.7070812 0 0.7071324 0.7070812 0 0.4999959 0.8660278 0 0.4999959 0.8660278 0 0.258811 0.965928 0 0.258811 0.965928 0 0 1 0 0 1 0 -0.258811 0.965928 0 -0.258811 0.965928 0 -0.4999959 0.8660278 0 -0.4999959 0.8660278 0 -0.7070787 0.7071349 0 -0.7070787 0.7071349 0 -0.8660009 0.5000424 0 -0.8660009 0.5000424 0 -0.9659379 0.258774 0 -0.9659379 0.258774 0 0.4426256 -0.2230142 -0.8685317 0.2265851 -0.9400438 -0.2549057 0.6474833 -0.1760949 -0.7414553 0.442354 -0.8669962 -0.2294354 0.8249631 -0.115404 -0.5532791 0.9521525 -0.04971371 -0.301553 0.9636426 -0.1180883 -0.2396834 0.9616518 -0.2461635 -0.1209519 0.9659918 -0.1838546 -0.1818166 0.9533137 -0.2962126 -0.05874593 0.827251 -0.5474474 -0.1263218 0.8568731 -0.2398497 -0.4563339 0.8660389 -0.3550926 -0.3519742 0.8551993 -0.4605263 -0.2378019 0.6504842 -0.7363572 -0.1861407 0.6924959 -0.3479171 -0.6319835 0.7067663 -0.5018568 -0.4986193 0.6924464 -0.6342627 -0.3438443 0.4852707 -0.4321122 -0.7601259 0.4996429 -0.61388 -0.6111532 0.4865301 -0.7614623 -0.4283266 0.2261131 -0.2531485 -0.9406321 0.2493348 -0.4849811 -0.8382276 0.2586143 -0.6838514 -0.6822506 0.2514746 -0.8389128 -0.4826861 0.05534655 -0.2610849 -0.9637279 0.062194 -0.5002642 -0.8636363 0.06500633 -0.7058781 -0.7053441 0.06343671 -0.8637438 -0.4999224 0.05787505 -0.9637344 -0.2605121 0.05547441 -0.9636877 0.261206 0.06339127 -0.4998278 0.8638019 0.06502423 -0.705462 0.7057586 0.2585922 -0.6824277 0.683683 0.05771473 -0.2605237 0.9637409 0.2513822 -0.4828409 0.8388514 0.2265211 -0.2547972 0.9400886 0.2261618 -0.9405611 0.2533688 0.4425642 -0.8685684 0.222993 0.4424766 -0.2294273 0.8669358 0.647469 -0.7414993 0.175962 0.8249713 -0.5532865 0.1153098 0.6505279 -0.1863602 0.736263 0.8272265 -0.1264447 0.547456 0.9521497 -0.3015634 0.04970274 0.9636466 -0.2396683 0.1180859 0.8568576 -0.4564062 0.2397677 0.6924727 -0.6319814 0.347967 0.4852122 -0.7601235 0.4321821 0.2493129 -0.8382988 0.4848693 0.06230844 -0.8635852 0.5003381 0.9659892 -0.1818286 0.1838563 0.8660377 -0.3518955 0.3551736 0.7067912 -0.4984709 0.5019692 0.4996165 -0.6112765 0.6137788 0.9533202 -0.05872181 0.2961965 0.4866247 -0.4282317 0.7614552 0.6924841 -0.3437073 0.6342957 0.8551936 -0.2378945 0.460489 0.9616518 -0.1209504 0.2461642 -0.4426256 0.2230142 -0.8685317 -0.2265851 0.9400438 -0.2549057 -0.6474833 0.1760949 -0.7414553 -0.442354 0.8669962 -0.2294354 -0.8249631 0.115404 -0.5532791 -0.9521525 0.04971371 -0.301553 -0.9636426 0.1180883 -0.2396834 -0.9616518 0.2461635 -0.1209519 -0.9659918 0.1838546 -0.1818166 -0.9533137 0.2962126 -0.05874593 -0.827251 0.5474474 -0.1263218 -0.8568731 0.2398497 -0.4563339 -0.8660389 0.3550926 -0.3519742 -0.8551993 0.4605263 -0.2378019 -0.6504842 0.7363572 -0.1861407 -0.6924959 0.3479171 -0.6319835 -0.7067663 0.5018568 -0.4986193 -0.6924464 0.6342627 -0.3438443 -0.4852707 0.4321122 -0.7601259 -0.4996429 0.61388 -0.6111532 -0.4865301 0.7614623 -0.4283266 -0.2261131 0.2531485 -0.9406321 -0.2493348 0.4849811 -0.8382276 -0.2586143 0.6838514 -0.6822506 -0.2514746 0.8389128 -0.4826861 -0.05534655 0.2610849 -0.9637279 -0.062194 0.5002642 -0.8636363 -0.06500633 0.7058781 -0.7053441 -0.06343671 0.8637438 -0.4999224 -0.05787505 0.9637344 -0.2605121 0.4426227 0.2230287 0.8685294 0.2265846 0.9400427 0.2549102 0.6474871 0.1761083 0.7414488 0.4423568 0.866997 0.229427 0.8249594 0.1153927 0.553287 0.9521498 0.0497084 0.3015623 0.9636448 0.1180872 0.2396749 0.9616511 0.2461699 0.120944 0.9659904 0.1838511 0.181828 0.9533151 0.2962104 0.05873473 0.8272499 0.5474494 0.12632 0.856869 0.2398437 0.4563448 0.8660396 0.3550953 0.3519697 0.8551981 0.4605282 0.2378026 0.6504846 0.7363582 0.1861351 0.6924931 0.3479182 0.631986 0.7067614 0.5018521 0.498631 0.6924457 0.634266 0.3438393 0.4852666 0.4321161 0.7601263 0.4996398 0.6138758 0.61116 0.4865278 0.7614593 0.4283345 0.2261183 0.2531681 0.9406256 0.2493363 0.4849873 0.8382236 0.2586144 0.6838458 0.6822562 0.2514734 0.8389071 0.4826967 0.05534274 0.2610955 0.9637252 0.06219618 0.5002661 0.8636351 0.06500878 0.7058731 0.7053488 0.06343801 0.8637402 0.4999286 0.05787431 0.9637343 0.2605126 -0.05547441 0.9636877 0.261206 -0.06339127 0.4998278 0.8638019 -0.06502423 0.705462 0.7057586 -0.2585922 0.6824277 0.683683 -0.05771473 0.2605237 0.9637409 -0.2513822 0.4828409 0.8388514 -0.2265211 0.2547972 0.9400886 -0.2261618 0.9405611 0.2533688 -0.4425642 0.8685684 0.222993 -0.4424766 0.2294273 0.8669358 -0.647469 0.7414993 0.175962 -0.8249713 0.5532865 0.1153098 -0.6505279 0.1863602 0.736263 -0.8272265 0.1264447 0.547456 -0.9521497 0.3015634 0.04970274 -0.9636466 0.2396683 0.1180859 -0.8568576 0.4564062 0.2397677 -0.6924727 0.6319814 0.347967 -0.4852122 0.7601235 0.4321821 -0.2493129 0.8382988 0.4848693 -0.06230844 0.8635852 0.5003381 -0.9659892 0.1818286 0.1838563 -0.8660377 0.3518955 0.3551736 -0.7067912 0.4984709 0.5019692 -0.4996165 0.6112765 0.6137788 -0.9533202 0.05872181 0.2961965 -0.4866247 0.4282317 0.7614552 -0.6924841 0.3437073 0.6342957 -0.8551936 0.2378945 0.460489 -0.9616518 0.1209504 0.2461642 0.06296826 0.964357 -0.2570032 0.05666997 0.8659548 -0.4969013 0.04660836 0.7090524 -0.7036138 0.03326827 0.503659 -0.8632618 0.01763023 0.2637982 -0.9644168 0.263581 0.01810864 -0.9644673 0.2597364 0.06957219 -0.9631701 0.5036019 0.03403625 -0.8632651 0.4907698 0.131554 -0.8613005 0.7092782 0.04697216 -0.7033619 0.68829 0.1845098 -0.701579 0.8658053 0.05701282 -0.4971224 0.8390546 0.224843 -0.495412 0.9643446 0.06352126 -0.2569134 0.9337046 0.2501985 -0.2561179 0.2328694 0.1345351 -0.9631574 0.4399475 0.254097 -0.8613251 0.6169867 0.3563265 -0.7016829 0.7522236 0.434379 -0.4954539 0.8370913 0.4834421 -0.2560506 0.190122 0.1901278 -0.9631745 0.3592738 0.3593238 -0.8612832 0.5038007 0.5037734 -0.7017102 0.6142508 0.6142859 -0.495327 0.6835334 0.683438 -0.2563094 0.1344829 0.2328697 -0.9631646 0.254112 0.439915 -0.8613373 0.3563454 0.616959 -0.7016976 0.4344062 0.7522439 -0.4953992 0.4833778 0.8370931 -0.2561661 0.06959619 0.2597361 -0.9631685 0.1314741 0.490789 -0.8613018 0.1844169 0.688279 -0.7016142 0.2248536 0.8390635 -0.495392 0.2501611 0.9337255 -0.2560785 0.1194695 0.0004606903 -0.9928378 0.2332535 7.776702e-05 -0.972416 0.4678165 -0.002095728 -0.8838231 0.468056 -0.00209276 -0.8836963 0.4159013 -0.001488739 -0.9094085 0.2872379 -0.0002147497 -0.9578592 0.5904363 9.519142e-05 -0.8070842 0.7404472 -0.000880702 -0.672114 0.8814097 0.008103409 -0.4722831 0.7730728 -0.001407151 -0.6343158 0.7720432 -0.001436398 -0.6355684 0.9006699 0.00200004 -0.4344993 0.9667932 -0.001576007 -0.2555551 0.9783677 -0.001978286 -0.2068638 0.9999826 7.236174e-06 -0.005892639 0.9978864 -0.000342161 -0.06498211 0.9783282 -0.001971828 -0.2070506 -0.05547644 -0.9636874 -0.2612066 -0.06230836 -0.8635893 -0.500331 -0.06502255 -0.7054665 -0.7057543 -0.06338743 -0.4998285 -0.8638018 -0.05771506 -0.2605116 -0.9637441 -0.4425636 -0.8685675 -0.2229978 -0.2265222 -0.2547771 -0.9400938 -0.6474697 -0.7414975 -0.1759672 -0.4424749 -0.2294153 -0.8669398 -0.8249714 -0.5532859 -0.115312 -0.9521486 -0.3015656 -0.04971131 -0.9636477 -0.2396611 -0.118092 -0.9616498 -0.1209554 -0.2461695 -0.9659903 -0.1818314 -0.1838481 -0.9533244 -0.05871954 -0.2961835 -0.8272243 -0.126463 -0.5474551 -0.8568579 -0.4564055 -0.2397678 -0.8660388 -0.3518911 -0.3551752 -0.8551965 -0.2378997 -0.4604809 -0.6505286 -0.186343 -0.7362668 -0.6924753 -0.6319775 -0.347969 -0.706794 -0.4984753 -0.5019607 -0.6924875 -0.3437059 -0.6342928 -0.4852135 -0.7601258 -0.4321767 -0.4996208 -0.6112795 -0.6137723 -0.4866285 -0.4282282 -0.7614548 -0.2261586 -0.9405631 -0.2533641 -0.2493121 -0.8383039 -0.4848609 -0.2585911 -0.682435 -0.6836762 -0.2513832 -0.4828335 -0.8388553 -0.05787431 -0.9637343 0.2605126 -0.06343801 -0.8637402 0.4999286 -0.06500878 -0.7058731 0.7053488 -0.06219618 -0.5002661 0.8636351 -0.05534274 -0.2610955 0.9637252 -0.4426227 -0.2230287 0.8685294 -0.2265846 -0.9400427 0.2549102 -0.6474871 -0.1761083 0.7414488 -0.4423568 -0.866997 0.229427 -0.8249594 -0.1153927 0.553287 -0.9521498 -0.0497084 0.3015623 -0.9636448 -0.1180872 0.2396749 -0.9616511 -0.2461699 0.120944 -0.9659904 -0.1838511 0.181828 -0.9533151 -0.2962104 0.05873473 -0.8272499 -0.5474494 0.12632 -0.856869 -0.2398437 0.4563448 -0.8660396 -0.3550953 0.3519697 -0.8551981 -0.4605282 0.2378026 -0.6504846 -0.7363582 0.1861351 -0.6924931 -0.3479182 0.631986 -0.7067614 -0.5018521 0.498631 -0.6924457 -0.634266 0.3438393 -0.4852666 -0.4321161 0.7601263 -0.4996398 -0.6138758 0.61116 -0.4865278 -0.7614593 0.4283345 -0.2261183 -0.2531681 0.9406256 -0.2493363 -0.4849873 0.8382236 -0.2586144 -0.6838458 0.6822562 -0.2514734 -0.8389071 0.4826967 -0.2588259 0 -0.965924 -0.2588259 0 -0.965924 -0.5000158 0 -0.8660163 -0.5000158 0 -0.8660163 -0.7070965 0 -0.707117 -0.7070965 0 -0.707117 -0.8660142 0 -0.5000194 -0.8660142 0 -0.5000194 -0.9659296 0 -0.258805 -0.9659296 0 -0.258805 0.2588259 0 -0.965924 0.2588259 0 -0.965924 0.5000158 0 -0.8660163 0.5000158 0 -0.8660163 0.7070965 0 -0.707117 0.7070965 0 -0.707117 0.8660142 0 -0.5000194 0.8660142 0 -0.5000194 0.9659296 0 -0.258805 0.9659296 0 -0.258805</float_array>
          <technique_common>
            <accessor count="8729" source="#normals-array-array" stride="3">
              <param type="float" name="X"/>
              <param type="float" name="Y"/>
              <param type="float" name="Z"/>
            </accessor>
          </technique_common>
        </source>
        <vertices id="verts-array-vertices">
          <input semantic="POSITION" source="#verts-array"/>
        </vertices>
        <triangles count="13202" material="material0">
          <input offset="0" semantic="VERTEX" source="#verts-array-vertices"/>
          <input offset="1" semantic="NORMAL" source="#normals-array"/>
          <p>0 0 1 1 2 2 3 3 4 4 5 5 6 6 7 7 8 8 9 9 10 10 11 11 8 8 11 11 10 10 12 12 13 13 14 14 11 11 14 14 13 13 14 14 11 11 15 15 12 12 16 16 13 13 17 17 13 13 16 16 13 13 17 17 18 18 19 19 18 18 17 17 18 18 19 19 20 20 7 7 21 21 8 8 22 22 8 8 21 21 8 8 22 22 11 11 23 23 11 11 22 22 11 11 23 23 15 15 24 24 25 25 26 26 27 27 26 26 25 25 28 28 29 29 30 30 31 31 30 30 29 29 30 30 31 31 32 32 33 33 34 34 35 35 36 36 35 35 34 34 35 35 36 36 37 37 33 33 38 38 34 34 39 39 34 34 38 38 34 34 39 39 29 29 40 40 29 29 39 39 29 29 40 40 41 41 41 41 42 42 29 29 43 43 29 29 42 42 29 29 43 43 31 31 44 44 31 31 43 43 31 31 44 44 45 45 46 46 47 47 48 48 49 49 48 48 47 47 48 48 49 49 50 50 51 51 52 52 53 53 50 50 53 53 52 52 54 54 55 55 56 56 57 57 58 58 51 51 59 59 51 51 58 58 60 60 61 61 52 52 62 62 63 63 56 56 64 64 56 56 63 63 56 56 64 64 51 51 65 65 51 51 64 64 51 51 65 65 57 57 54 54 56 56 66 66 55 55 67 67 56 56 68 68 56 56 67 67 56 56 68 68 62 62 69 69 70 70 71 71 72 72 71 71 70 70 71 71 72 72 73 73 59 59 74 74 51 51 75 75 51 51 74 74 51 51 75 75 52 52 76 76 52 52 75 75 52 52 76 76 60 60 61 61 77 77 52 52 78 78 52 52 77 77 52 52 78 78 71 71 79 79 71 71 78 78 71 71 79 79 69 69 73 73 66 66 71 71 56 56 71 71 66 66 71 71 56 56 80 80 81 81 80 80 56 56 80 80 81 81 82 82 83 83 84 84 82 82 85 85 82 82 84 84 86 86 87 87 88 88 45 45 89 89 31 31 90 90 31 31 89 89 31 31 90 90 86 86 91 91 86 86 90 90 86 86 91 91 87 87 88 88 92 92 86 86 93 93 86 86 92 92 86 86 93 93 94 94 95 95 94 94 96 96 97 97 98 98 95 95 99 99 95 95 98 98 95 95 99 99 36 36 100 100 36 36 99 99 36 36 100 100 37 37 96 96 101 101 95 95 102 102 95 95 101 101 95 95 102 102 97 97 103 103 104 104 105 105 18 18 105 105 104 104 105 105 18 18 106 106 20 20 106 106 18 18 103 103 107 107 104 104 108 108 104 104 107 107 104 104 108 108 109 109 109 109 110 110 104 104 111 111 104 104 110 110 104 104 111 111 112 112 113 113 114 114 115 115 112 112 115 115 114 114 113 113 116 116 114 114 117 117 114 114 116 116 114 114 117 117 8 8 118 118 8 8 117 117 8 8 118 118 6 6 119 119 120 120 27 27 121 121 122 122 25 25 121 121 25 25 123 123 124 124 125 125 126 126 127 127 126 126 125 125 126 126 127 127 25 25 128 128 25 25 127 127 25 25 128 128 123 123 122 122 129 129 25 25 130 130 25 25 129 129 25 25 130 130 27 27 131 131 27 27 130 130 27 27 131 131 119 119 120 120 132 132 27 27 133 133 27 27 132 132 27 27 133 133 134 134 135 135 134 134 133 133 134 134 135 135 136 136 136 136 137 137 134 134 138 138 134 134 137 137 134 134 138 138 139 139 140 140 139 139 138 138 141 141 142 142 5 5 143 143 5 5 142 142 5 5 143 143 126 126 144 144 126 126 143 143 126 126 144 144 124 124 140 140 145 145 139 139 146 146 139 139 145 145 139 139 146 146 5 5 147 147 5 5 146 146 5 5 147 147 141 141 148 148 149 149 139 139 150 150 151 151 5 5 149 149 152 152 139 139 153 153 139 139 152 152 139 139 153 153 154 154 4 4 155 155 5 5 156 156 5 5 155 155 5 5 156 156 150 150 151 151 157 157 5 5 158 158 5 5 157 157 5 5 158 158 139 139 159 159 139 139 158 158 139 139 159 159 148 148 160 160 161 161 162 162 163 163 162 162 161 161 163 163 164 164 162 162 165 165 162 162 164 164 162 162 165 165 166 166 166 166 167 167 168 168 169 169 168 168 167 167 168 168 169 169 170 170 170 170 171 171 168 168 172 172 168 168 171 171 168 168 172 172 173 173 173 173 174 174 168 168 175 175 168 168 174 174 168 168 175 175 3 3 176 176 177 177 81 81 178 178 81 81 177 177 81 81 178 178 162 162 179 179 162 162 178 178 162 162 179 179 160 160 180 180 181 181 56 56 182 182 56 56 181 181 56 56 182 182 81 81 183 183 81 81 182 182 81 81 183 183 176 176 184 184 185 185 51 51 186 186 51 51 185 185 187 187 188 188 56 56 189 189 56 56 188 188 56 56 189 189 180 180 186 186 190 190 51 51 191 191 51 51 190 190 51 51 191 191 56 56 192 192 56 56 191 191 56 56 192 192 187 187 193 193 194 194 53 53 195 195 53 53 194 194 53 53 195 195 196 196 196 196 197 197 53 53 198 198 53 53 197 197 53 53 198 198 51 51 199 199 51 51 198 198 51 51 199 199 184 184 154 154 200 200 2 2 201 201 202 202 193 193 203 203 204 204 2 2 202 202 205 205 193 193 206 206 193 193 205 205 193 193 206 206 194 194 200 200 207 207 2 2 208 208 2 2 207 207 2 2 208 208 203 203 204 204 209 209 2 2 210 210 2 2 209 209 2 2 210 210 211 211 211 211 212 212 2 2 213 213 2 2 212 212 2 2 213 213 193 193 214 214 193 193 213 213 193 193 214 214 201 201 215 215 216 216 168 168 217 217 168 168 216 216 168 168 217 217 218 218 166 166 168 168 162 162 219 219 162 162 168 168 162 162 219 219 220 220 218 218 221 221 168 168 222 222 168 168 221 221 168 168 222 222 219 219 220 220 223 223 162 162 224 224 162 162 223 223 162 162 224 224 225 225 226 226 227 227 228 228 229 229 228 228 227 227 229 229 230 230 228 228 231 231 228 228 230 230 228 228 231 231 232 232 233 233 232 232 231 231 232 232 233 233 234 234 234 234 235 235 232 232 236 236 232 232 235 235 232 232 236 236 237 237 112 112 114 114 104 104 232 232 104 104 114 114 104 104 232 232 168 168 237 237 168 168 232 232 168 168 237 237 215 215 225 225 238 238 162 162 239 239 162 162 238 238 162 162 239 239 240 240 82 82 81 81 83 83 162 162 83 83 81 81 83 83 162 162 228 228 240 240 228 228 162 162 228 228 240 240 226 226 3 3 5 5 168 168 126 126 168 168 5 5 168 168 126 126 104 104 25 25 104 104 126 126 104 104 25 25 18 18 24 24 18 18 25 25 18 18 24 24 13 13 154 154 2 2 139 139 95 95 139 139 2 2 139 139 95 95 134 134 36 36 134 134 95 95 134 134 36 36 27 27 34 34 27 27 36 36 27 27 34 34 26 26 241 241 242 242 243 243 244 244 245 245 246 246 247 247 246 246 245 245 94 94 95 95 86 86 2 2 86 86 95 95 86 86 2 2 246 246 1 1 246 246 2 2 246 246 1 1 244 244 247 247 248 248 246 246 249 249 246 246 248 248 246 246 249 249 243 243 250 250 243 243 249 249 243 243 250 250 241 241 242 242 251 251 243 243 252 252 243 243 251 251 243 243 252 252 253 253 193 193 254 254 255 255 255 255 256 256 193 193 257 257 193 193 256 256 193 193 257 257 2 2 258 258 2 2 257 257 2 2 258 258 259 259 259 259 260 260 2 2 261 261 2 2 260 260 2 2 261 261 0 0 262 262 263 263 193 193 264 264 193 193 263 263 193 193 264 264 254 254 50 50 49 49 53 53 243 243 53 53 49 49 53 53 243 243 193 193 253 253 193 193 243 243 193 193 253 253 262 262 32 32 31 31 265 265 86 86 265 265 31 31 265 265 86 86 266 266 246 246 266 266 86 86 266 266 246 246 267 267 243 243 267 267 246 246 267 267 243 243 268 268 49 49 268 268 243 243 268 268 49 49 269 269 47 47 269 269 49 49 269 269 47 47 270 270 271 271 272 272 273 273 274 274 275 275 276 276 277 277 276 276 275 275 276 276 277 277 278 278 279 279 280 280 281 281 282 282 281 281 280 280 283 283 284 284 285 285 286 286 287 287 288 288 288 288 287 287 277 277 289 289 277 277 287 287 277 277 289 289 290 290 290 290 291 291 277 277 292 292 277 277 291 291 277 277 292 292 278 278 274 274 293 293 275 275 294 294 275 275 293 293 275 275 294 294 295 295 295 295 296 296 275 275 297 297 275 275 296 296 275 275 297 297 285 285 298 298 285 285 297 297 285 285 298 298 283 283 299 299 282 282 300 300 301 301 300 300 282 282 288 288 281 281 286 286 282 282 286 286 281 281 286 286 282 282 302 302 299 299 302 302 282 282 284 284 303 303 285 285 304 304 285 285 303 303 285 285 304 304 282 282 305 305 282 282 304 304 282 282 305 305 301 301 306 306 307 307 308 308 309 309 310 310 311 311 309 309 311 311 312 312 310 310 313 313 311 311 314 314 311 311 313 313 311 311 314 314 277 277 315 315 277 277 314 314 277 277 315 315 316 316 317 317 306 306 318 318 308 308 318 318 306 306 318 318 308 308 319 319 320 320 319 319 308 308 321 321 322 322 323 323 324 324 323 323 322 322 323 323 324 324 325 325 316 316 326 326 277 277 327 327 277 277 326 326 277 277 327 327 328 328 328 328 329 329 277 277 330 330 277 277 329 329 277 277 330 330 331 331 332 332 333 333 288 288 334 334 288 288 333 333 334 334 335 335 288 288 336 336 288 288 335 335 288 288 336 336 318 318 337 337 318 318 336 336 318 318 337 337 317 317 338 338 312 312 339 339 311 311 339 339 312 312 339 339 311 311 340 340 341 341 340 340 311 311 342 342 343 343 338 338 344 344 338 338 343 343 338 338 344 344 312 312 325 325 345 345 323 323 346 346 323 323 345 345 323 323 346 346 311 311 347 347 311 311 346 346 311 311 347 347 348 348 348 348 349 349 311 311 350 350 311 311 349 349 311 311 350 350 341 341 331 331 351 351 277 277 352 352 277 277 351 351 277 277 352 352 288 288 353 353 288 288 352 352 288 288 353 353 332 332 307 307 354 354 308 308 355 355 308 308 354 354 308 308 355 355 356 356 357 357 358 358 359 359 360 360 359 359 358 358 359 359 360 360 361 361 362 362 361 361 360 360 361 361 362 362 363 363 364 364 363 363 362 362 363 363 364 364 365 365 366 366 365 365 364 364 365 365 366 366 367 367 368 368 367 367 366 366 367 367 368 368 342 342 369 369 342 342 368 368 342 342 369 369 343 343 321 321 323 323 370 370 308 308 370 370 323 323 370 370 308 308 371 371 356 356 371 371 308 308 371 371 356 356 372 372 373 373 372 372 356 356 372 372 373 373 357 357 374 374 357 357 373 373 357 357 374 374 358 358 375 375 376 376 377 377 378 378 377 377 376 376 379 379 380 380 381 381 382 382 383 383 384 384 311 311 384 384 383 383 384 384 311 311 385 385 386 386 385 385 311 311 379 379 387 387 380 380 388 388 380 380 387 387 380 380 388 388 389 389 390 390 391 391 311 311 392 392 311 311 391 391 311 311 392 392 386 386 378 378 393 393 394 394 394 394 395 395 378 378 396 396 378 378 395 395 378 378 396 396 397 397 398 398 377 377 399 399 378 378 399 399 377 377 399 399 378 378 400 400 397 397 400 400 378 378 382 382 401 401 383 383 402 402 383 383 401 401 383 383 402 402 403 403 404 404 405 405 406 406 407 407 408 408 277 277 398 398 409 409 377 377 410 410 377 377 409 409 377 377 410 410 272 272 411 411 272 272 410 410 272 272 411 411 412 412 413 413 414 414 406 406 415 415 406 406 414 414 406 406 415 415 404 404 416 416 417 417 277 277 418 418 277 277 417 417 277 277 418 418 419 419 412 412 420 420 272 272 421 421 272 272 420 420 272 272 421 421 422 422 419 419 423 423 277 277 424 424 277 277 423 423 277 277 424 424 407 407 422 422 425 425 272 272 426 426 272 272 425 425 272 272 426 426 427 427 428 428 429 429 273 273 430 430 273 273 429 429 408 408 431 431 277 277 432 432 277 277 431 431 277 277 432 432 311 311 433 433 311 311 432 432 311 311 433 433 434 434 390 390 311 311 435 435 436 436 435 435 311 311 435 435 436 436 381 381 437 437 381 381 436 436 381 381 437 437 379 379 427 427 438 438 272 272 439 439 272 272 438 438 272 272 439 439 273 273 440 440 273 273 439 439 273 273 440 440 428 428 434 434 441 441 311 311 442 442 311 311 441 441 311 311 442 442 443 443 430 430 444 444 273 273 445 445 273 273 444 444 273 273 445 445 446 446 443 443 447 447 311 311 448 448 311 311 447 447 311 311 448 448 436 436 449 449 450 450 446 446 451 451 452 452 453 453 454 454 453 453 452 452 453 453 454 454 455 455 456 456 453 453 404 404 457 457 404 404 453 453 404 404 457 457 405 405 403 403 453 453 383 383 455 455 383 383 453 453 383 383 455 455 378 378 458 458 378 378 455 455 378 378 458 458 393 393 450 450 459 459 446 446 460 460 446 446 459 459 446 446 460 460 273 273 461 461 462 462 463 463 463 463 464 464 461 461 465 465 461 461 464 464 461 461 465 465 446 446 466 466 446 446 465 465 446 446 466 466 449 449 467 467 468 468 469 469 470 470 469 469 468 468 469 469 470 470 462 462 471 471 462 462 470 470 462 462 471 471 463 463 472 472 473 473 467 467 474 474 467 467 473 473 467 467 474 474 468 468 475 475 476 476 477 477 451 451 453 453 478 478 456 456 478 478 453 453 478 478 456 456 477 477 479 479 477 477 456 456 477 477 479 479 475 475 476 476 480 480 477 477 481 481 477 477 480 480 477 477 481 481 472 472 482 482 472 472 481 481 472 472 482 482 473 473 483 483 484 484 277 277 485 485 277 277 484 484 277 277 485 485 416 416 486 486 487 487 275 275 488 488 489 489 490 490 271 271 490 490 489 489 277 277 491 491 492 492 493 493 494 494 495 495 496 496 495 495 494 494 487 487 497 497 275 275 498 498 275 275 497 497 275 275 498 498 277 277 499 499 277 277 498 498 277 277 499 499 491 491 500 500 501 501 502 502 503 503 502 502 501 501 271 271 273 273 490 490 504 504 490 490 273 273 490 490 504 504 505 505 496 496 506 506 495 495 507 507 495 495 506 506 495 495 507 507 275 275 508 508 275 275 507 507 275 275 508 508 486 486 503 503 501 501 505 505 509 509 505 505 501 501 505 505 509 509 490 490 510 510 490 490 509 509 490 490 510 510 495 495 511 511 495 495 510 510 495 495 511 511 493 493 512 512 513 513 492 492 514 514 492 492 513 513 492 492 514 514 277 277 515 515 277 277 514 514 277 277 515 515 483 483 516 516 517 517 518 518 519 519 518 518 517 517 520 520 521 521 522 522 523 523 522 522 521 521 522 522 523 523 519 519 524 524 519 519 523 523 519 519 524 524 525 525 525 525 526 526 519 519 527 527 519 519 526 526 519 519 527 527 518 518 528 528 518 518 527 527 518 518 528 528 529 529 530 530 529 529 528 528 529 529 530 530 531 531 532 532 533 533 534 534 531 531 530 530 534 534 535 535 534 534 530 530 534 534 535 535 532 532 536 536 537 537 538 538 539 539 538 538 537 537 536 536 540 540 537 537 541 541 537 537 540 540 537 537 541 541 542 542 542 542 543 543 537 537 544 544 537 537 543 543 537 537 544 544 545 545 546 546 545 545 544 544 545 545 546 546 547 547 548 548 545 545 549 549 550 550 549 549 545 545 547 547 551 551 545 545 552 552 545 545 551 551 545 545 552 552 550 550 553 553 554 554 555 555 556 556 557 557 558 558 559 559 558 558 557 557 560 560 561 561 556 556 560 560 556 556 562 562 561 561 563 563 556 556 564 564 556 556 563 563 556 556 564 564 555 555 565 565 555 555 564 564 555 555 565 565 553 553 556 556 558 558 562 562 566 566 562 562 558 558 562 562 566 566 567 567 568 568 566 566 569 569 570 570 569 569 566 566 568 568 571 571 566 566 572 572 566 566 571 571 566 566 572 572 567 567 573 573 574 574 575 575 576 576 575 575 574 574 573 573 577 577 574 574 578 578 574 574 577 577 574 574 578 578 579 579 580 580 581 581 582 582 580 580 582 582 583 583 579 579 584 584 574 574 585 585 574 574 584 584 574 574 585 585 582 582 586 586 582 582 585 585 582 582 586 586 583 583 581 581 587 587 582 582 588 588 582 582 587 587 582 582 588 588 589 589 590 590 591 591 592 592 593 593 592 592 591 591 594 594 595 595 596 596 597 597 598 598 599 599 590 590 600 600 591 591 597 597 591 591 600 600 591 591 597 597 601 601 602 602 601 601 597 597 603 603 604 604 605 605 606 606 605 605 604 604 599 599 607 607 597 597 608 608 597 597 607 607 597 597 608 608 602 602 603 603 609 609 604 604 610 610 604 604 609 609 604 604 610 610 596 596 595 595 611 611 596 596 612 612 596 596 611 611 596 596 612 612 604 604 597 597 613 613 598 598 614 614 598 598 613 613 598 598 614 614 615 615 616 616 615 615 614 614 615 615 616 616 617 617 618 618 617 617 616 616 617 617 618 618 596 596 619 619 596 596 618 618 596 596 619 619 594 594 620 620 621 621 622 622 620 620 622 622 623 623 624 624 625 625 622 622 626 626 622 622 625 625 622 622 626 626 623 623 627 627 628 628 629 629 630 630 629 629 628 628 630 630 631 631 629 629 632 632 629 629 631 631 629 629 632 632 633 633 633 633 634 634 629 629 635 635 629 629 634 634 629 629 635 635 622 622 636 636 622 622 635 635 622 622 636 636 624 624 637 637 638 638 639 639 640 640 641 641 642 642 643 643 642 642 641 641 642 642 643 643 644 644 637 637 645 645 638 638 646 646 638 638 645 645 638 638 646 646 647 647 639 639 648 648 637 637 649 649 637 637 648 648 637 637 649 649 650 650 642 642 651 651 640 640 652 652 640 640 651 651 640 640 652 652 653 653 653 653 654 654 640 640 655 655 640 640 654 654 640 640 655 655 656 656 657 657 656 656 655 655 656 656 657 657 658 658 659 659 660 660 661 661 662 662 661 661 660 660 661 661 662 662 663 663 664 664 663 663 662 662 663 663 664 664 657 657 665 665 657 657 664 664 657 657 665 665 658 658 659 659 661 661 649 649 666 666 649 649 661 661 649 649 666 666 650 650 667 667 668 668 669 669 670 670 671 671 672 672 672 672 673 673 670 670 674 674 670 670 673 673 670 670 674 674 675 675 667 667 669 669 676 676 669 669 677 677 678 678 675 675 679 679 670 670 680 680 670 670 679 679 670 670 680 680 669 669 681 681 669 669 680 680 669 669 681 681 677 677 678 678 682 682 669 669 683 683 669 669 682 682 669 669 683 683 676 676 684 684 685 685 686 686 687 687 688 688 689 689 690 690 689 689 688 688 691 691 692 692 687 687 691 691 687 687 693 693 692 692 694 694 687 687 695 695 687 687 694 694 687 687 695 695 686 686 696 696 686 686 695 695 686 686 696 696 684 684 697 697 698 698 699 699 700 700 699 699 698 698 699 699 700 700 701 701 687 687 689 689 693 693 702 702 693 693 689 689 693 693 702 702 700 700 703 703 700 700 702 702 700 700 703 703 701 701 704 704 705 705 706 706 707 707 706 706 705 705 707 707 708 708 709 709 710 710 711 711 712 712 710 710 712 712 713 713 707 707 709 709 706 706 714 714 706 706 709 709 706 706 714 714 715 715 712 712 716 716 713 713 717 717 713 713 716 716 713 713 717 717 707 707 718 718 707 707 717 717 707 707 718 718 708 708 714 714 719 719 715 715 720 720 715 715 719 719 715 715 720 720 721 721 721 721 722 722 715 715 723 723 715 715 722 722 715 715 723 723 724 724 725 725 726 726 727 727 728 728 727 727 726 726 727 727 728 728 729 729 730 730 729 729 728 728 729 729 730 730 731 731 732 732 731 731 730 730 731 731 732 732 733 733 734 734 733 733 732 732 733 733 734 734 735 735 736 736 735 735 734 734 735 735 736 736 737 737 738 738 737 737 736 736 737 737 738 738 739 739 740 740 739 739 738 738 739 739 740 740 741 741 742 742 741 741 740 740 741 741 742 742 743 743 744 744 743 743 742 742 743 743 744 744 745 745 746 746 745 745 744 744 745 745 746 746 747 747 748 748 747 747 746 746 747 747 748 748 749 749 750 750 749 749 748 748 749 749 750 750 751 751 752 752 751 751 750 750 751 751 752 752 753 753 754 754 753 753 752 752 753 753 754 754 755 755 754 754 756 756 755 755 757 757 755 755 756 756 755 755 757 757 758 758 759 759 758 758 757 757 758 758 759 759 760 760 761 761 760 760 759 759 760 760 761 761 762 762 763 763 762 762 761 761 762 762 763 763 764 764 765 765 764 764 763 763 764 764 765 765 766 766 767 767 766 766 765 765 766 766 767 767 768 768 769 769 768 768 767 767 768 768 769 769 770 770 771 771 770 770 769 769 770 770 771 771 772 772 773 773 772 772 771 771 772 772 773 773 725 725 774 774 725 725 773 773 725 725 774 774 726 726 775 775 776 776 777 777 778 778 777 777 776 776 777 777 778 778 779 779 780 780 779 779 778 778 779 779 780 780 781 781 782 782 781 781 780 780 781 781 782 782 783 783 784 784 783 783 782 782 783 783 784 784 785 785 786 786 785 785 784 784 785 785 786 786 787 787 788 788 787 787 786 786 787 787 788 788 789 789 790 790 789 789 788 788 789 789 790 790 791 791 792 792 791 791 790 790 791 791 792 792 793 793 794 794 793 793 792 792 793 793 794 794 795 795 796 796 795 795 794 794 795 795 796 796 797 797 798 798 797 797 796 796 797 797 798 798 799 799 800 800 799 799 798 798 799 799 800 800 801 801 802 802 801 801 800 800 801 801 802 802 803 803 804 804 803 803 802 802 803 803 804 804 805 805 806 806 805 805 804 804 805 805 806 806 807 807 808 808 807 807 806 806 807 807 808 808 809 809 810 810 809 809 808 808 809 809 810 810 811 811 812 812 811 811 810 810 811 811 812 812 813 813 814 814 813 813 812 812 813 813 814 814 815 815 816 816 815 815 814 814 815 815 816 816 817 817 818 818 817 817 816 816 817 817 818 818 819 819 820 820 819 819 818 818 819 819 820 820 821 821 822 822 821 821 820 820 821 821 822 822 775 775 776 776 775 775 822 822 823 823 824 824 825 825 826 826 825 825 824 824 825 825 826 826 827 827 828 828 827 827 826 826 827 827 828 828 829 829 830 830 829 829 828 828 829 829 830 830 831 831 832 832 831 831 830 830 831 831 832 832 833 833 834 834 833 833 832 832 833 833 834 834 835 835 836 836 835 835 834 834 835 835 836 836 837 837 838 838 837 837 836 836 837 837 838 838 839 839 840 840 839 839 838 838 839 839 840 840 841 841 842 842 841 841 840 840 841 841 842 842 843 843 844 844 843 843 842 842 843 843 844 844 845 845 846 846 845 845 844 844 845 845 846 846 847 847 848 848 847 847 846 846 847 847 848 848 849 849 850 850 849 849 848 848 849 849 850 850 851 851 852 852 851 851 850 850 851 851 852 852 853 853 852 852 854 854 853 853 855 855 853 853 854 854 853 853 855 855 856 856 857 857 856 856 855 855 856 856 857 857 858 858 859 859 858 858 857 857 858 858 859 859 860 860 861 861 860 860 859 859 860 860 861 861 862 862 863 863 862 862 861 861 862 862 863 863 864 864 865 865 864 864 863 863 864 864 865 865 866 866 867 867 866 866 865 865 866 866 867 867 868 868 869 869 868 868 867 867 868 868 869 869 870 870 871 871 870 870 869 869 870 870 871 871 823 823 872 872 823 823 871 871 823 823 872 872 824 824 873 873 874 874 875 875 876 876 875 875 874 874 875 875 876 876 877 877 878 878 877 877 876 876 877 877 878 878 879 879 880 880 879 879 878 878 879 879 880 880 881 881 882 882 881 881 880 880 881 881 882 882 883 883 884 884 883 883 882 882 883 883 884 884 885 885 886 886 885 885 884 884 885 885 886 886 887 887 888 888 887 887 886 886 887 887 888 888 889 889 890 890 889 889 888 888 889 889 890 890 891 891 892 892 891 891 890 890 891 891 892 892 893 893 894 894 893 893 892 892 893 893 894 894 895 895 896 896 895 895 894 894 895 895 896 896 897 897 898 898 897 897 896 896 897 897 898 898 899 899 900 900 899 899 898 898 899 899 900 900 901 901 902 902 901 901 900 900 901 901 902 902 903 903 904 904 903 903 902 902 903 903 904 904 905 905 906 906 905 905 904 904 905 905 906 906 907 907 908 908 907 907 906 906 907 907 908 908 909 909 910 910 909 909 908 908 909 909 910 910 911 911 912 912 911 911 910 910 911 911 912 912 913 913 914 914 913 913 912 912 913 913 914 914 915 915 916 916 915 915 914 914 915 915 916 916 917 917 918 918 917 917 916 916 917 917 918 918 919 919 920 920 919 919 918 918 919 919 920 920 873 873 874 874 873 873 920 920 921 921 922 922 923 923 924 924 923 923 922 922 925 925 926 926 927 927 927 927 928 928 929 929 930 930 929 929 928 928 929 929 931 931 932 932 927 927 929 929 925 925 932 932 925 925 929 929 925 925 932 932 933 933 934 934 935 935 936 936 937 937 936 936 935 935 938 938 939 939 940 940 941 941 940 940 939 939 942 942 943 943 944 944 945 945 938 938 944 944 940 940 944 944 938 938 944 944 940 940 942 942 946 946 942 942 940 940 947 947 948 948 949 949 950 950 949 949 948 948 949 949 950 950 951 951 952 952 951 951 950 950 951 951 952 952 953 953 954 954 953 953 952 952 953 953 954 954 955 955 956 956 955 955 954 954 955 955 956 956 957 957 958 958 957 957 956 956 957 957 958 958 959 959 960 960 959 959 958 958 959 959 960 960 961 961 962 962 961 961 960 960 961 961 962 962 963 963 964 964 963 963 962 962 963 963 964 964 965 965 966 966 965 965 964 964 965 965 966 966 967 967 968 968 967 967 966 966 967 967 968 968 969 969 970 970 969 969 968 968 969 969 970 970 971 971 972 972 971 971 970 970 971 971 972 972 973 973 974 974 973 973 972 972 973 973 974 974 975 975 976 976 975 975 974 974 975 975 976 976 977 977 978 978 977 977 976 976 977 977 978 978 979 979 980 980 979 979 978 978 979 979 980 980 981 981 982 982 981 981 980 980 981 981 982 982 983 983 984 984 983 983 982 982 983 983 984 984 985 985 986 986 985 985 984 984 985 985 986 986 987 987 988 988 987 987 986 986 987 987 988 988 989 989 990 990 989 989 988 988 989 989 990 990 991 991 992 992 991 991 990 990 991 991 992 992 993 993 994 994 993 993 992 992 993 993 994 994 995 995 996 996 995 995 994 994 995 995 996 996 997 997 998 998 997 997 996 996 997 997 998 998 999 999 1000 1000 999 999 998 998 999 999 1000 1000 1001 1001 1002 1002 1001 1001 1000 1000 1001 1001 1002 1002 1003 1003 1004 1004 1003 1003 1002 1002 1003 1003 1004 1004 1005 1005 1006 1006 1005 1005 1004 1004 1005 1005 1006 1006 1007 1007 1008 1008 1007 1007 1006 1006 1007 1007 1008 1008 1009 1009 1010 1010 1009 1009 1008 1008 1009 1009 1010 1010 1011 1011 1012 1012 1011 1011 1010 1010 1011 1011 1012 1012 1013 1013 1014 1014 1013 1013 1012 1012 1013 1013 1014 1014 1015 1015 1016 1016 1015 1015 1014 1014 1015 1015 1016 1016 1017 1017 1018 1018 1017 1017 1016 1016 1017 1017 1018 1018 1019 1019 1020 1020 1019 1019 1018 1018 1019 1019 1020 1020 1021 1021 1022 1022 1021 1021 1020 1020 1021 1021 1022 1022 1023 1023 1024 1024 1023 1023 1022 1022 1023 1023 1024 1024 1025 1025 1026 1026 1025 1025 1024 1024 1025 1025 1026 1026 1027 1027 1028 1028 1027 1027 1026 1026 1027 1027 1028 1028 1029 1029 1030 1030 1029 1029 1028 1028 1029 1029 1030 1030 1031 1031 1032 1032 1031 1031 1030 1030 1031 1031 1032 1032 1033 1033 1034 1034 1033 1033 1032 1032 1033 1033 1034 1034 1035 1035 1036 1036 1035 1035 1034 1034 1035 1035 1036 1036 1037 1037 1038 1038 1037 1037 1036 1036 1037 1037 1038 1038 1039 1039 1040 1040 1039 1039 1038 1038 1039 1039 1040 1040 1041 1041 1042 1042 1041 1041 1040 1040 1041 1041 1042 1042 1043 1043 1044 1044 1043 1043 1042 1042 1043 1043 1044 1044 1045 1045 1046 1046 1045 1045 1044 1044 1045 1045 1046 1046 1047 1047 1048 1048 1047 1047 1046 1046 1047 1047 1048 1048 1049 1049 1050 1050 1049 1049 1048 1048 1049 1049 1050 1050 1051 1051 1052 1052 1051 1051 1050 1050 1051 1051 1052 1052 1053 1053 1054 1054 1053 1053 1052 1052 1053 1053 1054 1054 1055 1055 1056 1056 1055 1055 1054 1054 1055 1055 1056 1056 1057 1057 1058 1058 1057 1057 1056 1056 1057 1057 1058 1058 1059 1059 1060 1060 1059 1059 1058 1058 1059 1059 1060 1060 1061 1061 1062 1062 1061 1061 1060 1060 1061 1061 1062 1062 1063 1063 1064 1064 1063 1063 1062 1062 1063 1063 1064 1064 1065 1065 1066 1066 1065 1065 1064 1064 1065 1065 1066 1066 947 947 948 948 947 947 1066 1066 1067 1067 1068 1068 1069 1069 1070 1070 1071 1071 1072 1072 1073 1073 1072 1072 1071 1071 1072 1072 1073 1073 1074 1074 1075 1075 1074 1074 1073 1073 1076 1076 1077 1077 1078 1078 1076 1076 1078 1078 1079 1079 1080 1080 1081 1081 1082 1082 1070 1070 1083 1083 1071 1071 1084 1084 1071 1071 1083 1083 1071 1071 1084 1084 1085 1085 1086 1086 1085 1085 1084 1084 1085 1085 1086 1086 1076 1076 1087 1087 1076 1076 1086 1086 1076 1076 1087 1087 1077 1077 1088 1088 1089 1089 1069 1069 1090 1090 1069 1069 1089 1089 1069 1069 1090 1090 1073 1073 1091 1091 1073 1073 1090 1090 1073 1073 1091 1091 1075 1075 1092 1092 1088 1088 1093 1093 1069 1069 1093 1093 1088 1088 1093 1093 1069 1069 1094 1094 1068 1068 1094 1094 1069 1069 1095 1095 1096 1096 1079 1079 1097 1097 1079 1079 1096 1096 1079 1079 1097 1097 1098 1098 1067 1067 1069 1069 1099 1099 1100 1100 1099 1099 1069 1069 1099 1099 1100 1100 1101 1101 1078 1078 1102 1102 1079 1079 1103 1103 1079 1079 1102 1102 1079 1079 1103 1103 1104 1104 1098 1098 1105 1105 1079 1079 1106 1106 1079 1079 1105 1105 1079 1079 1106 1106 1082 1082 1107 1107 1082 1082 1106 1106 1082 1082 1107 1107 1080 1080 1108 1108 1109 1109 1100 1100 1110 1110 1100 1100 1109 1109 1100 1100 1110 1110 1101 1101 1092 1092 1111 1111 1088 1088 1112 1112 1088 1088 1111 1111 1088 1088 1112 1112 1113 1113 1114 1114 1113 1113 1112 1112 1113 1113 1114 1114 1115 1115 1095 1095 1115 1115 1114 1114 1115 1115 1095 1095 1116 1116 1117 1117 1116 1116 1095 1095 1081 1081 1118 1118 1082 1082 1119 1119 1082 1082 1118 1118 1082 1082 1119 1119 1108 1108 1120 1120 1108 1108 1119 1119 1108 1108 1120 1120 1109 1109 1104 1104 1121 1121 1079 1079 1122 1122 1079 1079 1121 1121 1079 1079 1122 1122 1095 1095 1123 1123 1095 1095 1122 1122 1095 1095 1123 1123 1117 1117 1124 1124 1125 1125 1126 1126 1127 1127 1126 1126 1125 1125 1128 1128 1129 1129 1130 1130 1130 1130 1131 1131 1128 1128 1132 1132 1128 1128 1131 1131 1128 1128 1132 1132 1133 1133 1134 1134 1133 1133 1132 1132 1134 1134 1132 1132 1135 1135 1136 1136 1135 1135 1132 1132 1135 1135 1136 1136 1137 1137 1138 1138 1139 1139 1140 1140 1141 1141 1140 1140 1139 1139 1140 1140 1141 1141 1142 1142 1143 1143 1142 1142 1141 1141 1144 1144 1145 1145 1146 1146 1147 1147 1148 1148 1149 1149 1150 1150 1149 1149 1148 1148 1149 1149 1150 1150 1151 1151 1138 1138 1152 1152 1139 1139 1153 1153 1139 1139 1152 1152 1139 1139 1153 1153 1154 1154 1155 1155 1154 1154 1153 1153 1154 1154 1155 1155 1156 1156 1157 1157 1156 1156 1155 1155 1158 1158 1149 1149 1159 1159 1160 1160 1159 1159 1149 1149 1146 1146 1145 1145 1161 1161 1157 1157 1162 1162 1156 1156 1163 1163 1156 1156 1162 1162 1156 1156 1163 1163 1164 1164 1165 1165 1164 1164 1163 1163 1164 1164 1165 1165 1166 1166 1167 1167 1168 1168 1169 1169 1164 1164 1169 1169 1168 1168 1169 1169 1164 1164 1170 1170 1166 1166 1170 1170 1164 1164 1158 1158 1171 1171 1149 1149 1172 1172 1149 1149 1171 1171 1149 1149 1172 1172 1141 1141 1173 1173 1141 1141 1172 1172 1141 1141 1173 1173 1143 1143 1168 1168 1174 1174 1164 1164 1175 1175 1164 1164 1174 1174 1164 1164 1175 1175 1176 1176 1177 1177 1176 1176 1175 1175 1176 1176 1177 1177 1178 1178 1178 1178 1179 1179 1176 1176 1180 1180 1176 1176 1179 1179 1176 1176 1180 1180 1146 1146 1181 1181 1146 1146 1180 1180 1146 1146 1181 1181 1144 1144 1145 1145 1182 1182 1161 1161 1183 1183 1161 1161 1182 1182 1161 1161 1183 1183 1149 1149 1184 1184 1149 1149 1183 1183 1149 1149 1184 1184 1147 1147 1151 1151 1185 1185 1149 1149 1186 1186 1149 1149 1185 1185 1149 1149 1186 1186 1160 1160 1187 1187 1160 1160 1186 1186 1160 1160 1187 1187 1188 1188 1188 1188 1189 1189 1160 1160 1190 1190 1160 1160 1189 1189 1160 1160 1190 1190 1191 1191 1192 1192 1191 1191 1190 1190 1191 1191 1192 1192 1193 1193 1168 1168 1193 1193 1192 1192 1193 1193 1168 1168 1194 1194 1167 1167 1194 1194 1168 1168 1195 1195 1196 1196 1197 1197 1198 1198 1197 1197 1196 1196 1199 1199 1200 1200 1201 1201 1201 1201 1202 1202 1199 1199 1203 1203 1199 1199 1202 1202 1199 1199 1203 1203 1204 1204 1205 1205 1204 1204 1203 1203 1205 1205 1203 1203 1206 1206 1207 1207 1206 1206 1203 1203 1206 1206 1207 1207 1208 1208 1209 1209 1210 1210 1211 1211 1212 1212 1211 1211 1210 1210 1211 1211 1212 1212 1213 1213 1214 1214 1215 1215 1211 1211 1216 1216 1211 1211 1215 1215 1211 1211 1216 1216 1209 1209 1217 1217 1218 1218 1211 1211 1219 1219 1211 1211 1218 1218 1211 1211 1219 1219 1214 1214 1220 1220 1221 1221 1211 1211 1222 1222 1211 1211 1221 1221 1211 1211 1222 1222 1217 1217 1223 1223 1224 1224 1211 1211 1225 1225 1211 1211 1224 1224 1211 1211 1225 1225 1220 1220 1226 1226 1227 1227 1211 1211 1228 1228 1211 1211 1227 1227 1211 1211 1228 1228 1223 1223 1229 1229 1230 1230 1211 1211 1231 1231 1211 1211 1230 1230 1211 1211 1231 1231 1226 1226 1213 1213 1232 1232 1211 1211 1233 1233 1211 1211 1232 1232 1211 1211 1233 1233 1229 1229 1234 1234 1235 1235 1236 1236 1237 1237 1236 1236 1235 1235 1236 1236 1237 1237 1238 1238 1239 1239 1238 1238 1237 1237 1238 1238 1239 1239 1240 1240 1241 1241 1240 1240 1239 1239 1240 1240 1241 1241 1242 1242 1243 1243 1242 1242 1241 1241 1242 1242 1243 1243 1244 1244 1245 1245 1244 1244 1243 1243 1244 1244 1245 1245 1246 1246 1247 1247 1246 1246 1245 1245 1246 1246 1247 1247 1248 1248 1249 1249 1248 1248 1247 1247 1248 1248 1249 1249 1250 1250 1251 1251 1250 1250 1249 1249 1250 1250 1251 1251 1252 1252 1253 1253 1252 1252 1251 1251 1252 1252 1253 1253 1254 1254 1255 1255 1254 1254 1253 1253 1254 1254 1255 1255 1256 1256 1257 1257 1256 1256 1255 1255 1256 1256 1257 1257 1258 1258 1259 1259 1258 1258 1257 1257 1258 1258 1259 1259 1260 1260 1261 1261 1260 1260 1259 1259 1260 1260 1261 1261 1262 1262 1263 1263 1262 1262 1261 1261 1262 1262 1263 1263 1264 1264 1265 1265 1264 1264 1263 1263 1264 1264 1265 1265 1266 1266 1267 1267 1266 1266 1265 1265 1266 1266 1267 1267 1268 1268 1269 1269 1268 1268 1267 1267 1268 1268 1269 1269 1270 1270 1271 1271 1270 1270 1269 1269 1270 1270 1271 1271 1272 1272 1273 1273 1272 1272 1271 1271 1272 1272 1273 1273 1274 1274 1275 1275 1274 1274 1273 1273 1274 1274 1275 1275 1276 1276 1277 1277 1276 1276 1275 1275 1276 1276 1277 1277 1278 1278 1279 1279 1278 1278 1277 1277 1278 1278 1279 1279 1280 1280 1281 1281 1280 1280 1279 1279 1280 1280 1281 1281 1234 1234 1235 1235 1234 1234 1281 1281 1282 1282 1283 1283 1284 1284 1285 1285 1284 1284 1283 1283 1284 1284 1285 1285 1286 1286 1287 1287 1288 1288 1284 1284 1289 1289 1284 1284 1288 1288 1284 1284 1289 1289 1282 1282 1290 1290 1291 1291 1284 1284 1292 1292 1284 1284 1291 1291 1284 1284 1292 1292 1287 1287 1293 1293 1294 1294 1284 1284 1295 1295 1284 1284 1294 1294 1284 1284 1295 1295 1290 1290 1296 1296 1297 1297 1284 1284 1298 1298 1284 1284 1297 1297 1284 1284 1298 1298 1293 1293 1299 1299 1300 1300 1284 1284 1301 1301 1284 1284 1300 1300 1284 1284 1301 1301 1296 1296 1302 1302 1303 1303 1284 1284 1304 1304 1284 1284 1303 1303 1284 1284 1304 1304 1299 1299 1286 1286 1305 1305 1284 1284 1306 1306 1284 1284 1305 1305 1284 1284 1306 1306 1302 1302 1307 1307 1308 1308 1309 1309 1310 1310 1309 1309 1308 1308 1309 1309 1310 1310 1311 1311 1312 1312 1311 1311 1310 1310 1311 1311 1312 1312 1313 1313 1314 1314 1313 1313 1312 1312 1313 1313 1314 1314 1315 1315 1316 1316 1315 1315 1314 1314 1315 1315 1316 1316 1317 1317 1318 1318 1317 1317 1316 1316 1317 1317 1318 1318 1319 1319 1320 1320 1319 1319 1318 1318 1319 1319 1320 1320 1321 1321 1322 1322 1321 1321 1320 1320 1321 1321 1322 1322 1323 1323 1324 1324 1323 1323 1322 1322 1323 1323 1324 1324 1325 1325 1326 1326 1325 1325 1324 1324 1325 1325 1326 1326 1327 1327 1328 1328 1327 1327 1326 1326 1327 1327 1328 1328 1329 1329 1330 1330 1329 1329 1328 1328 1329 1329 1330 1330 1331 1331 1332 1332 1331 1331 1330 1330 1331 1331 1332 1332 1333 1333 1334 1334 1333 1333 1332 1332 1333 1333 1334 1334 1335 1335 1336 1336 1335 1335 1334 1334 1335 1335 1336 1336 1337 1337 1338 1338 1337 1337 1336 1336 1337 1337 1338 1338 1339 1339 1340 1340 1339 1339 1338 1338 1339 1339 1340 1340 1341 1341 1342 1342 1341 1341 1340 1340 1341 1341 1342 1342 1343 1343 1344 1344 1343 1343 1342 1342 1343 1343 1344 1344 1345 1345 1346 1346 1345 1345 1344 1344 1345 1345 1346 1346 1347 1347 1348 1348 1347 1347 1346 1346 1347 1347 1348 1348 1349 1349 1350 1350 1349 1349 1348 1348 1349 1349 1350 1350 1351 1351 1352 1352 1351 1351 1350 1350 1351 1351 1352 1352 1353 1353 1354 1354 1353 1353 1352 1352 1353 1353 1354 1354 1307 1307 1308 1308 1307 1307 1354 1354 1355 1355 1356 1356 1357 1357 1358 1358 1357 1357 1356 1356 1357 1357 1358 1358 1359 1359 1360 1360 1361 1361 1357 1357 1362 1362 1357 1357 1361 1361 1357 1357 1362 1362 1355 1355 1363 1363 1364 1364 1357 1357 1365 1365 1357 1357 1364 1364 1357 1357 1365 1365 1360 1360 1366 1366 1367 1367 1357 1357 1368 1368 1357 1357 1367 1367 1357 1357 1368 1368 1363 1363 1369 1369 1370 1370 1357 1357 1371 1371 1357 1357 1370 1370 1357 1357 1371 1371 1366 1366 1372 1372 1373 1373 1357 1357 1374 1374 1357 1357 1373 1373 1357 1357 1374 1374 1369 1369 1375 1375 1376 1376 1357 1357 1377 1377 1357 1357 1376 1376 1357 1357 1377 1377 1372 1372 1359 1359 1378 1378 1357 1357 1379 1379 1357 1357 1378 1378 1357 1357 1379 1379 1375 1375 1380 1380 1381 1381 1382 1382 1383 1383 1382 1382 1381 1381 1382 1382 1383 1383 1384 1384 1385 1385 1384 1384 1383 1383 1384 1384 1385 1385 1386 1386 1387 1387 1386 1386 1385 1385 1386 1386 1387 1387 1388 1388 1389 1389 1388 1388 1387 1387 1388 1388 1389 1389 1390 1390 1391 1391 1390 1390 1389 1389 1390 1390 1391 1391 1392 1392 1393 1393 1392 1392 1391 1391 1392 1392 1393 1393 1394 1394 1395 1395 1394 1394 1393 1393 1394 1394 1395 1395 1396 1396 1397 1397 1396 1396 1395 1395 1396 1396 1397 1397 1398 1398 1399 1399 1398 1398 1397 1397 1398 1398 1399 1399 1400 1400 1401 1401 1400 1400 1399 1399 1400 1400 1401 1401 1402 1402 1403 1403 1402 1402 1401 1401 1402 1402 1403 1403 1404 1404 1405 1405 1404 1404 1403 1403 1404 1404 1405 1405 1406 1406 1407 1407 1406 1406 1405 1405 1406 1406 1407 1407 1408 1408 1409 1409 1408 1408 1407 1407 1408 1408 1409 1409 1410 1410 1411 1411 1410 1410 1409 1409 1410 1410 1411 1411 1412 1412 1413 1413 1412 1412 1411 1411 1412 1412 1413 1413 1414 1414 1415 1415 1414 1414 1413 1413 1414 1414 1415 1415 1416 1416 1417 1417 1416 1416 1415 1415 1416 1416 1417 1417 1418 1418 1419 1419 1418 1418 1417 1417 1418 1418 1419 1419 1420 1420 1421 1421 1420 1420 1419 1419 1420 1420 1421 1421 1422 1422 1423 1423 1422 1422 1421 1421 1422 1422 1423 1423 1424 1424 1425 1425 1424 1424 1423 1423 1424 1424 1425 1425 1426 1426 1427 1427 1426 1426 1425 1425 1426 1426 1427 1427 1380 1380 1381 1381 1380 1380 1427 1427 1428 1428 1429 1429 1430 1430 1431 1431 1430 1430 1429 1429 1430 1430 1431 1431 1432 1432 1433 1433 1434 1434 1430 1430 1435 1435 1430 1430 1434 1434 1430 1430 1435 1435 1428 1428 1436 1436 1437 1437 1430 1430 1438 1438 1430 1430 1437 1437 1430 1430 1438 1438 1433 1433 1439 1439 1440 1440 1430 1430 1441 1441 1430 1430 1440 1440 1430 1430 1441 1441 1436 1436 1442 1442 1443 1443 1430 1430 1444 1444 1430 1430 1443 1443 1430 1430 1444 1444 1439 1439 1445 1445 1446 1446 1430 1430 1447 1447 1430 1430 1446 1446 1430 1430 1447 1447 1442 1442 1448 1448 1449 1449 1430 1430 1450 1450 1430 1430 1449 1449 1430 1430 1450 1450 1445 1445 1432 1432 1451 1451 1430 1430 1452 1452 1430 1430 1451 1451 1430 1430 1452 1452 1448 1448 1453 1453 1454 1454 1455 1455 1456 1456 1455 1455 1454 1454 1455 1455 1456 1456 1457 1457 1458 1458 1457 1457 1456 1456 1457 1457 1458 1458 1459 1459 1460 1460 1459 1459 1458 1458 1459 1459 1460 1460 1461 1461 1462 1462 1461 1461 1460 1460 1461 1461 1462 1462 1463 1463 1464 1464 1463 1463 1462 1462 1463 1463 1464 1464 1465 1465 1466 1466 1465 1465 1464 1464 1465 1465 1466 1466 1467 1467 1468 1468 1467 1467 1466 1466 1467 1467 1468 1468 1469 1469 1470 1470 1469 1469 1468 1468 1469 1469 1470 1470 1471 1471 1472 1472 1471 1471 1470 1470 1471 1471 1472 1472 1473 1473 1474 1474 1473 1473 1472 1472 1473 1473 1474 1474 1475 1475 1476 1476 1475 1475 1474 1474 1475 1475 1476 1476 1477 1477 1478 1478 1477 1477 1476 1476 1477 1477 1478 1478 1479 1479 1480 1480 1479 1479 1478 1478 1479 1479 1480 1480 1481 1481 1482 1482 1481 1481 1480 1480 1481 1481 1482 1482 1483 1483 1484 1484 1483 1483 1482 1482 1483 1483 1484 1484 1485 1485 1486 1486 1485 1485 1484 1484 1485 1485 1486 1486 1487 1487 1488 1488 1487 1487 1486 1486 1487 1487 1488 1488 1489 1489 1490 1490 1489 1489 1488 1488 1489 1489 1490 1490 1491 1491 1492 1492 1491 1491 1490 1490 1491 1491 1492 1492 1493 1493 1494 1494 1493 1493 1492 1492 1493 1493 1494 1494 1495 1495 1496 1496 1495 1495 1494 1494 1495 1495 1496 1496 1497 1497 1498 1498 1497 1497 1496 1496 1497 1497 1498 1498 1499 1499 1500 1500 1499 1499 1498 1498 1499 1499 1500 1500 1453 1453 1454 1454 1453 1453 1500 1500 1501 1501 1502 1502 1503 1503 1504 1504 1503 1503 1502 1502 1505 1505 1506 1506 1507 1507 1504 1504 1508 1508 1503 1503 1509 1509 1503 1503 1508 1508 1503 1503 1509 1509 1510 1510 1501 1501 1503 1503 1506 1506 1511 1511 1506 1506 1503 1503 1506 1506 1511 1511 1507 1507 1512 1512 1513 1513 1514 1514 1512 1512 1514 1514 1515 1515 1505 1505 1507 1507 1514 1514 1516 1516 1514 1514 1507 1507 1514 1514 1516 1516 1515 1515 1517 1517 1518 1518 1519 1519 1520 1520 1519 1519 1518 1518 1521 1521 1522 1522 1523 1523 1524 1524 1523 1523 1522 1522 1525 1525 1526 1526 1527 1527 1527 1527 1528 1528 1529 1529 1529 1529 1530 1530 1527 1527 1531 1531 1527 1527 1530 1530 1527 1527 1531 1531 1532 1532 1532 1532 1533 1533 1527 1527 1534 1534 1527 1527 1533 1533 1527 1527 1534 1534 1525 1525 1535 1535 1525 1525 1534 1534 1525 1525 1535 1535 1536 1536 1536 1536 1537 1537 1525 1525 1538 1538 1525 1525 1537 1537 1525 1525 1538 1538 1539 1539 1540 1540 1539 1539 1538 1538 1541 1541 1542 1542 1543 1543 1544 1544 1543 1543 1542 1542 1545 1545 1546 1546 1547 1547 1548 1548 1547 1547 1546 1546 1549 1549 1550 1550 1551 1551 1552 1552 1553 1553 1551 1551 1554 1554 1555 1555 1551 1551 1556 1556 1551 1551 1555 1555 1551 1551 1556 1556 1552 1552 1553 1553 1557 1557 1551 1551 1558 1558 1551 1551 1557 1557 1551 1551 1558 1558 1549 1549 1559 1559 1549 1549 1558 1558 1549 1549 1559 1559 1560 1560 1560 1560 1561 1561 1549 1549 1562 1562 1549 1549 1561 1561 1549 1549 1562 1562 1563 1563 1564 1564 1563 1563 1562 1562 1565 1565 1566 1566 1567 1567 1568 1568 1567 1567 1566 1566 1569 1569 1570 1570 1571 1571 1572 1572 1571 1571 1570 1570 1573 1573 1574 1574 1575 1575 1576 1576 1575 1575 1574 1574 1575 1575 1576 1576 1577 1577 1577 1577 1578 1578 1575 1575 1579 1579 1575 1575 1578 1578 1575 1575 1579 1579 1580 1580 1575 1575 1581 1581 1573 1573 1582 1582 1573 1573 1581 1581 1573 1573 1582 1582 1583 1583 1584 1584 1583 1583 1582 1582 1582 1582 1585 1585 1584 1584 1586 1586 1584 1584 1585 1585 1584 1584 1586 1586 1587 1587 1588 1588 1587 1587 1586 1586 1589 1589 1590 1590 1591 1591 1592 1592 1591 1591 1590 1590 1593 1593 1594 1594 1595 1595 1596 1596 1595 1595 1594 1594 1597 1597 1598 1598 1599 1599 1600 1600 1601 1601 1602 1602 1601 1601 1600 1600 1603 1603 1604 1604 1605 1605 1602 1602 1606 1606 1602 1602 1605 1605 1606 1606 1607 1607 1602 1602 1608 1608 1602 1602 1607 1607 1602 1602 1608 1608 1600 1600 1609 1609 1610 1610 1611 1611 1612 1612 1611 1611 1610 1610 1611 1611 1612 1612 1604 1604 1613 1613 1604 1604 1612 1612 1604 1604 1613 1613 1605 1605 1597 1597 1614 1614 1598 1598 1615 1615 1598 1598 1614 1614 1598 1598 1615 1615 1609 1609 1616 1616 1609 1609 1615 1615 1609 1609 1616 1616 1610 1610 1617 1617 1618 1618 1599 1599 1619 1619 1599 1599 1618 1618 1599 1599 1619 1619 1597 1597 1600 1600 1620 1620 1603 1603 1621 1621 1603 1603 1620 1620 1603 1603 1621 1621 1622 1622 1623 1623 1622 1622 1621 1621 1622 1622 1623 1623 1624 1624 1625 1625 1624 1624 1623 1623 1624 1624 1625 1625 1626 1626 1627 1627 1626 1626 1625 1625 1626 1626 1627 1627 1628 1628 1629 1629 1628 1628 1627 1627 1628 1628 1629 1629 1630 1630 1631 1631 1630 1630 1629 1629 1630 1630 1631 1631 1632 1632 1633 1633 1632 1632 1631 1631 1632 1632 1633 1633 1634 1634 1635 1635 1634 1634 1633 1633 1634 1634 1635 1635 1636 1636 1637 1637 1636 1636 1635 1635 1636 1636 1637 1637 1638 1638 1639 1639 1638 1638 1637 1637 1638 1638 1639 1639 1640 1640 1641 1641 1640 1640 1639 1639 1640 1640 1641 1641 1642 1642 1643 1643 1642 1642 1641 1641 1642 1642 1643 1643 1644 1644 1645 1645 1644 1644 1643 1643 1644 1644 1645 1645 1646 1646 1647 1647 1646 1646 1645 1645 1646 1646 1647 1647 1648 1648 1649 1649 1648 1648 1647 1647 1648 1648 1649 1649 1650 1650 1651 1651 1650 1650 1649 1649 1650 1650 1651 1651 1617 1617 1652 1652 1617 1617 1651 1651 1617 1617 1652 1652 1618 1618 1653 1653 1654 1654 1655 1655 1656 1656 1655 1655 1654 1654 1655 1655 1656 1656 1657 1657 1658 1658 1657 1657 1656 1656 1657 1657 1658 1658 1659 1659 1660 1660 1659 1659 1658 1658 1659 1659 1660 1660 1661 1661 1662 1662 1661 1661 1660 1660 1661 1661 1662 1662 1663 1663 1664 1664 1663 1663 1662 1662 1663 1663 1664 1664 1665 1665 1666 1666 1665 1665 1664 1664 1665 1665 1666 1666 1667 1667 1668 1668 1667 1667 1666 1666 1667 1667 1668 1668 1669 1669 1670 1670 1669 1669 1668 1668 1669 1669 1670 1670 1671 1671 1672 1672 1671 1671 1670 1670 1671 1671 1672 1672 1673 1673 1674 1674 1673 1673 1672 1672 1673 1673 1674 1674 1675 1675 1676 1676 1675 1675 1674 1674 1675 1675 1676 1676 1677 1677 1678 1678 1677 1677 1676 1676 1677 1677 1678 1678 1679 1679 1680 1680 1679 1679 1678 1678 1679 1679 1680 1680 1681 1681 1682 1682 1681 1681 1680 1680 1681 1681 1682 1682 1683 1683 1684 1684 1683 1683 1682 1682 1683 1683 1684 1684 1685 1685 1686 1686 1685 1685 1684 1684 1685 1685 1686 1686 1687 1687 1688 1688 1687 1687 1686 1686 1687 1687 1688 1688 1689 1689 1690 1690 1689 1689 1688 1688 1689 1689 1690 1690 1691 1691 1692 1692 1691 1691 1690 1690 1691 1691 1692 1692 1693 1693 1694 1694 1693 1693 1692 1692 1693 1693 1694 1694 1695 1695 1696 1696 1695 1695 1694 1694 1695 1695 1696 1696 1697 1697 1698 1698 1697 1697 1696 1696 1697 1697 1698 1698 1699 1699 1700 1700 1699 1699 1698 1698 1699 1699 1700 1700 1653 1653 1654 1654 1653 1653 1700 1700 1701 1701 1702 1702 1703 1703 1704 1704 1705 1705 1706 1706 1705 1705 1704 1704 1707 1707 1708 1708 1709 1709 1706 1706 1710 1710 1706 1706 1709 1709 1710 1710 1711 1711 1706 1706 1712 1712 1706 1706 1711 1711 1706 1706 1712 1712 1704 1704 1713 1713 1714 1714 1715 1715 1716 1716 1715 1715 1714 1714 1715 1715 1716 1716 1708 1708 1717 1717 1708 1708 1716 1716 1708 1708 1717 1717 1709 1709 1701 1701 1718 1718 1702 1702 1719 1719 1702 1702 1718 1718 1702 1702 1719 1719 1713 1713 1720 1720 1713 1713 1719 1719 1713 1713 1720 1720 1714 1714 1721 1721 1722 1722 1703 1703 1723 1723 1703 1703 1722 1722 1703 1703 1723 1723 1701 1701 1704 1704 1724 1724 1707 1707 1725 1725 1707 1707 1724 1724 1707 1707 1725 1725 1726 1726 1727 1727 1726 1726 1725 1725 1726 1726 1727 1727 1728 1728 1729 1729 1728 1728 1727 1727 1728 1728 1729 1729 1730 1730 1731 1731 1730 1730 1729 1729 1730 1730 1731 1731 1732 1732 1733 1733 1732 1732 1731 1731 1732 1732 1733 1733 1734 1734 1735 1735 1734 1734 1733 1733 1734 1734 1735 1735 1736 1736 1737 1737 1736 1736 1735 1735 1736 1736 1737 1737 1738 1738 1739 1739 1738 1738 1737 1737 1738 1738 1739 1739 1740 1740 1741 1741 1740 1740 1739 1739 1740 1740 1741 1741 1742 1742 1743 1743 1742 1742 1741 1741 1742 1742 1743 1743 1744 1744 1745 1745 1744 1744 1743 1743 1744 1744 1745 1745 1746 1746 1747 1747 1746 1746 1745 1745 1746 1746 1747 1747 1748 1748 1749 1749 1748 1748 1747 1747 1748 1748 1749 1749 1750 1750 1751 1751 1750 1750 1749 1749 1750 1750 1751 1751 1752 1752 1753 1753 1752 1752 1751 1751 1752 1752 1753 1753 1754 1754 1755 1755 1754 1754 1753 1753 1754 1754 1755 1755 1721 1721 1756 1756 1721 1721 1755 1755 1721 1721 1756 1756 1722 1722 1757 1757 1758 1758 1759 1759 1760 1760 1759 1759 1758 1758 1759 1759 1760 1760 1761 1761 1762 1762 1761 1761 1760 1760 1761 1761 1762 1762 1763 1763 1764 1764 1763 1763 1762 1762 1763 1763 1764 1764 1765 1765 1766 1766 1765 1765 1764 1764 1765 1765 1766 1766 1767 1767 1768 1768 1767 1767 1766 1766 1767 1767 1768 1768 1769 1769 1770 1770 1769 1769 1768 1768 1769 1769 1770 1770 1771 1771 1772 1772 1771 1771 1770 1770 1771 1771 1772 1772 1773 1773 1774 1774 1773 1773 1772 1772 1773 1773 1774 1774 1775 1775 1776 1776 1775 1775 1774 1774 1775 1775 1776 1776 1777 1777 1778 1778 1777 1777 1776 1776 1777 1777 1778 1778 1779 1779 1780 1780 1779 1779 1778 1778 1779 1779 1780 1780 1781 1781 1782 1782 1781 1781 1780 1780 1781 1781 1782 1782 1783 1783 1784 1784 1783 1783 1782 1782 1783 1783 1784 1784 1785 1785 1786 1786 1785 1785 1784 1784 1785 1785 1786 1786 1787 1787 1788 1788 1787 1787 1786 1786 1787 1787 1788 1788 1789 1789 1790 1790 1789 1789 1788 1788 1789 1789 1790 1790 1791 1791 1792 1792 1791 1791 1790 1790 1791 1791 1792 1792 1793 1793 1794 1794 1793 1793 1792 1792 1793 1793 1794 1794 1795 1795 1796 1796 1795 1795 1794 1794 1795 1795 1796 1796 1797 1797 1798 1798 1797 1797 1796 1796 1797 1797 1798 1798 1799 1799 1800 1800 1799 1799 1798 1798 1799 1799 1800 1800 1801 1801 1802 1802 1801 1801 1800 1800 1801 1801 1802 1802 1803 1803 1804 1804 1803 1803 1802 1802 1803 1803 1804 1804 1757 1757 1758 1758 1757 1757 1804 1804 1805 1805 1806 1806 1807 1807 1808 1808 1807 1807 1806 1806 1807 1807 1808 1808 1809 1809 1810 1810 1809 1809 1808 1808 1809 1809 1810 1810 1811 1811 1812 1812 1811 1811 1810 1810 1811 1811 1812 1812 1813 1813 1814 1814 1813 1813 1812 1812 1813 1813 1814 1814 1815 1815 1816 1816 1815 1815 1814 1814 1815 1815 1816 1816 1817 1817 1818 1818 1817 1817 1816 1816 1817 1817 1818 1818 1819 1819 1820 1820 1819 1819 1818 1818 1819 1819 1820 1820 1821 1821 1822 1822 1821 1821 1820 1820 1821 1821 1822 1822 1823 1823 1824 1824 1823 1823 1822 1822 1823 1823 1824 1824 1825 1825 1826 1826 1825 1825 1824 1824 1825 1825 1826 1826 1827 1827 1828 1828 1827 1827 1826 1826 1827 1827 1828 1828 1829 1829 1830 1830 1829 1829 1828 1828 1829 1829 1830 1830 1831 1831 1832 1832 1831 1831 1830 1830 1831 1831 1832 1832 1833 1833 1834 1834 1833 1833 1832 1832 1833 1833 1834 1834 1835 1835 1836 1836 1835 1835 1834 1834 1835 1835 1836 1836 1837 1837 1838 1838 1837 1837 1836 1836 1837 1837 1838 1838 1839 1839 1840 1840 1839 1839 1838 1838 1839 1839 1840 1840 1841 1841 1842 1842 1841 1841 1840 1840 1841 1841 1842 1842 1843 1843 1844 1844 1843 1843 1842 1842 1843 1843 1844 1844 1845 1845 1846 1846 1845 1845 1844 1844 1845 1845 1846 1846 1847 1847 1848 1848 1847 1847 1846 1846 1847 1847 1848 1848 1849 1849 1850 1850 1849 1849 1848 1848 1849 1849 1850 1850 1851 1851 1852 1852 1851 1851 1850 1850 1851 1851 1852 1852 1805 1805 1806 1806 1805 1805 1852 1852 1853 1853 1854 1854 1855 1855 1856 1856 1855 1855 1854 1854 1855 1855 1856 1856 1857 1857 1858 1858 1857 1857 1856 1856 1857 1857 1858 1858 1859 1859 1860 1860 1859 1859 1858 1858 1859 1859 1860 1860 1861 1861 1862 1862 1861 1861 1860 1860 1861 1861 1862 1862 1863 1863 1864 1864 1863 1863 1862 1862 1863 1863 1864 1864 1865 1865 1866 1866 1865 1865 1864 1864 1865 1865 1866 1866 1867 1867 1868 1868 1867 1867 1866 1866 1867 1867 1868 1868 1869 1869 1870 1870 1869 1869 1868 1868 1869 1869 1870 1870 1871 1871 1872 1872 1871 1871 1870 1870 1871 1871 1872 1872 1873 1873 1874 1874 1873 1873 1872 1872 1873 1873 1874 1874 1875 1875 1876 1876 1875 1875 1874 1874 1875 1875 1876 1876 1877 1877 1878 1878 1877 1877 1876 1876 1877 1877 1878 1878 1879 1879 1880 1880 1879 1879 1878 1878 1879 1879 1880 1880 1881 1881 1882 1882 1881 1881 1880 1880 1881 1881 1882 1882 1883 1883 1884 1884 1883 1883 1882 1882 1883 1883 1884 1884 1885 1885 1886 1886 1885 1885 1884 1884 1885 1885 1886 1886 1887 1887 1888 1888 1887 1887 1886 1886 1887 1887 1888 1888 1889 1889 1890 1890 1889 1889 1888 1888 1889 1889 1890 1890 1891 1891 1892 1892 1891 1891 1890 1890 1891 1891 1892 1892 1893 1893 1894 1894 1893 1893 1892 1892 1893 1893 1894 1894 1895 1895 1896 1896 1895 1895 1894 1894 1895 1895 1896 1896 1897 1897 1898 1898 1897 1897 1896 1896 1897 1897 1898 1898 1899 1899 1900 1900 1899 1899 1898 1898 1899 1899 1900 1900 1853 1853 1854 1854 1853 1853 1900 1900 1901 1901 1902 1902 1903 1903 1904 1904 1903 1903 1902 1902 1903 1903 1904 1904 1905 1905 1906 1906 1905 1905 1904 1904 1905 1905 1906 1906 1907 1907 1908 1908 1907 1907 1906 1906 1907 1907 1908 1908 1909 1909 1910 1910 1909 1909 1908 1908 1909 1909 1910 1910 1911 1911 1912 1912 1911 1911 1910 1910 1911 1911 1912 1912 1913 1913 1914 1914 1913 1913 1912 1912 1913 1913 1914 1914 1915 1915 1916 1916 1915 1915 1914 1914 1915 1915 1916 1916 1917 1917 1918 1918 1917 1917 1916 1916 1917 1917 1918 1918 1919 1919 1920 1920 1919 1919 1918 1918 1919 1919 1920 1920 1921 1921 1922 1922 1921 1921 1920 1920 1921 1921 1922 1922 1923 1923 1924 1924 1923 1923 1922 1922 1923 1923 1924 1924 1925 1925 1926 1926 1925 1925 1924 1924 1925 1925 1926 1926 1927 1927 1928 1928 1927 1927 1926 1926 1927 1927 1928 1928 1929 1929 1930 1930 1929 1929 1928 1928 1929 1929 1930 1930 1931 1931 1932 1932 1931 1931 1930 1930 1931 1931 1932 1932 1933 1933 1934 1934 1933 1933 1932 1932 1933 1933 1934 1934 1935 1935 1936 1936 1935 1935 1934 1934 1935 1935 1936 1936 1937 1937 1938 1938 1937 1937 1936 1936 1937 1937 1938 1938 1939 1939 1940 1940 1939 1939 1938 1938 1939 1939 1940 1940 1941 1941 1942 1942 1941 1941 1940 1940 1941 1941 1942 1942 1943 1943 1944 1944 1943 1943 1942 1942 1943 1943 1944 1944 1945 1945 1946 1946 1945 1945 1944 1944 1945 1945 1946 1946 1947 1947 1948 1948 1947 1947 1946 1946 1947 1947 1948 1948 1901 1901 1902 1902 1901 1901 1948 1948 1949 1949 1950 1950 1951 1951 1952 1952 1951 1951 1950 1950 1951 1951 1952 1952 1953 1953 1954 1954 1953 1953 1952 1952 1953 1953 1954 1954 1955 1955 1956 1956 1955 1955 1954 1954 1955 1955 1956 1956 1957 1957 1958 1958 1957 1957 1956 1956 1957 1957 1958 1958 1959 1959 1960 1960 1959 1959 1958 1958 1959 1959 1960 1960 1961 1961 1962 1962 1961 1961 1960 1960 1961 1961 1962 1962 1963 1963 1964 1964 1963 1963 1962 1962 1963 1963 1964 1964 1965 1965 1966 1966 1965 1965 1964 1964 1965 1965 1966 1966 1967 1967 1968 1968 1967 1967 1966 1966 1967 1967 1968 1968 1969 1969 1970 1970 1969 1969 1968 1968 1969 1969 1970 1970 1971 1971 1972 1972 1971 1971 1970 1970 1971 1971 1972 1972 1973 1973 1974 1974 1973 1973 1972 1972 1973 1973 1974 1974 1975 1975 1976 1976 1975 1975 1974 1974 1975 1975 1976 1976 1977 1977 1978 1978 1977 1977 1976 1976 1977 1977 1978 1978 1979 1979 1980 1980 1979 1979 1978 1978 1979 1979 1980 1980 1981 1981 1982 1982 1981 1981 1980 1980 1981 1981 1982 1982 1983 1983 1984 1984 1983 1983 1982 1982 1983 1983 1984 1984 1985 1985 1986 1986 1985 1985 1984 1984 1985 1985 1986 1986 1987 1987 1988 1988 1987 1987 1986 1986 1987 1987 1988 1988 1989 1989 1990 1990 1989 1989 1988 1988 1989 1989 1990 1990 1991 1991 1992 1992 1991 1991 1990 1990 1991 1991 1992 1992 1993 1993 1994 1994 1993 1993 1992 1992 1993 1993 1994 1994 1995 1995 1996 1996 1995 1995 1994 1994 1995 1995 1996 1996 1949 1949 1950 1950 1949 1949 1996 1996 1565 1565 1567 1567 1997 1997 1998 1998 1997 1997 1567 1567 1997 1997 1998 1998 1999 1999 2000 2000 1999 1999 1998 1998 1999 1999 2000 2000 2001 2001 2002 2002 2001 2001 2000 2000 2001 2001 2002 2002 2003 2003 2004 2004 2003 2003 2002 2002 2003 2003 2004 2004 2005 2005 2006 2006 2005 2005 2004 2004 2005 2005 2006 2006 280 280 282 282 280 280 2006 2006 1568 1568 1566 1566 2007 2007 1568 1568 2007 2007 2008 2008 2009 2009 2008 2008 2007 2007 2008 2008 2009 2009 2010 2010 2011 2011 2010 2010 2009 2009 2010 2010 2011 2011 2012 2012 2013 2013 2012 2012 2011 2011 2012 2012 2013 2013 2014 2014 2015 2015 2014 2014 2013 2013 2014 2014 2015 2015 2016 2016 1569 1569 2016 2016 2015 2015 2016 2016 1569 1569 1571 1571 320 320 308 308 2017 2017 2018 2018 2017 2017 308 308 2017 2017 2018 2018 2019 2019 2020 2020 2019 2019 2018 2018 2019 2019 2020 2020 2021 2021 2022 2022 2021 2021 2020 2020 2021 2021 2022 2022 2023 2023 2024 2024 2023 2023 2022 2022 2023 2023 2024 2024 2025 2025 2026 2026 2025 2025 2024 2024 2025 2025 2026 2026 1595 1595 1593 1593 1595 1595 2026 2026 1589 1589 1591 1591 2027 2027 1589 1589 2027 2027 2028 2028 2029 2029 2028 2028 2027 2027 2028 2028 2029 2029 2030 2030 2031 2031 2030 2030 2029 2029 2030 2030 2031 2031 2032 2032 2033 2033 2032 2032 2031 2031 2032 2032 2033 2033 2034 2034 2035 2035 2034 2034 2033 2033 2034 2034 2035 2035 2036 2036 1596 1596 2036 2036 2035 2035 2036 2036 1596 1596 1594 1594 378 378 376 376 2037 2037 2038 2038 2037 2037 376 376 2037 2037 2038 2038 2039 2039 2040 2040 2039 2039 2038 2038 2039 2039 2040 2040 2041 2041 2042 2042 2041 2041 2040 2040 2041 2041 2042 2042 2043 2043 2044 2044 2043 2043 2042 2042 2043 2043 2044 2044 2045 2045 2046 2046 2045 2045 2044 2044 2045 2045 2046 2046 1543 1543 1541 1541 1543 1543 2046 2046 1544 1544 1542 1542 2047 2047 1544 1544 2047 2047 2048 2048 2049 2049 2048 2048 2047 2047 2048 2048 2049 2049 2050 2050 2051 2051 2050 2050 2049 2049 2050 2050 2051 2051 2052 2052 2053 2053 2052 2052 2051 2051 2052 2052 2053 2053 2054 2054 2055 2055 2054 2054 2053 2053 2054 2054 2055 2055 2056 2056 1545 1545 2056 2056 2055 2055 2056 2056 1545 1545 1547 1547 1517 1517 1519 1519 2057 2057 1517 1517 2057 2057 2058 2058 2059 2059 2058 2058 2057 2057 2058 2058 2059 2059 2060 2060 2061 2061 2060 2060 2059 2059 2060 2060 2061 2061 2062 2062 2063 2063 2062 2062 2061 2061 2062 2062 2063 2063 2064 2064 2065 2065 2064 2064 2063 2063 2064 2064 2065 2065 2066 2066 1521 1521 2066 2066 2065 2065 2066 2066 1521 1521 1523 1523 1524 1524 1522 1522 2067 2067 2068 2068 2067 2067 1522 1522 2067 2067 2068 2068 2069 2069 2070 2070 2069 2069 2068 2068 2069 2069 2070 2070 2071 2071 2072 2072 2071 2071 2070 2070 2071 2071 2072 2072 2073 2073 2074 2074 2073 2073 2072 2072 2073 2073 2074 2074 2075 2075 2076 2076 2075 2075 2074 2074 2075 2075 2076 2076 490 490 488 488 490 490 2076 2076 688 688 687 687 2077 2077 2078 2078 2077 2077 687 687 2079 2079 2080 2080 2078 2078 2081 2081 2078 2078 2080 2080 2078 2078 2081 2081 2077 2077 2082 2082 2083 2083 2079 2079 2084 2084 2079 2079 2083 2083 2079 2079 2084 2084 2080 2080 2079 2079 2085 2085 2082 2082 2086 2086 2082 2082 2085 2085 2082 2082 2086 2086 2087 2087 2088 2088 2087 2087 2086 2086 2087 2087 2088 2088 2089 2089 537 537 2089 2089 2088 2088 2089 2089 537 537 545 545 2090 2090 545 545 548 548 548 548 2091 2091 2090 2090 2092 2092 2090 2090 2091 2091 2090 2090 2092 2092 2093 2093 2094 2094 2095 2095 2096 2096 2097 2097 2096 2096 2095 2095 2093 2093 2098 2098 2090 2090 2099 2099 2090 2090 2098 2098 2090 2090 2099 2099 2100 2100 2101 2101 2100 2100 2099 2099 2100 2100 2101 2101 2102 2102 2094 2094 2103 2103 2095 2095 627 627 2095 2095 2103 2103 2095 2095 627 627 629 629 593 593 591 591 2104 2104 2102 2102 2105 2105 2100 2100 2106 2106 2100 2100 2105 2105 2100 2100 2106 2106 2107 2107 2108 2108 2107 2107 2106 2106 593 593 2104 2104 2106 2106 2109 2109 2106 2106 2104 2104 2106 2106 2109 2109 2108 2108 2110 2110 2111 2111 2112 2112 2090 2090 2112 2112 2111 2111 2112 2112 2090 2090 2095 2095 2100 2100 2095 2095 2090 2090 2095 2095 2100 2100 2097 2097 934 934 936 936 2113 2113 2114 2114 2113 2113 936 936 2113 2113 2114 2114 2115 2115 2116 2116 2115 2115 2114 2114 2115 2115 2116 2116 2117 2117 2118 2118 2117 2117 2116 2116 2117 2117 2118 2118 2119 2119 2120 2120 2119 2119 2118 2118 2119 2119 2120 2120 2121 2121 2122 2122 2121 2121 2120 2120 2121 2121 2122 2122 2110 2110 2123 2123 2110 2110 2122 2122 2110 2110 2123 2123 2111 2111 2124 2124 2125 2125 2126 2126 2127 2127 2126 2126 2125 2125 2126 2126 2127 2127 2128 2128 2129 2129 2124 2124 2130 2130 2131 2131 2130 2130 2124 2124 669 669 668 668 2132 2132 2133 2133 2132 2132 668 668 2132 2132 2133 2133 2134 2134 2134 2134 2135 2135 2132 2132 2136 2136 2132 2132 2135 2135 2132 2132 2136 2136 2131 2131 642 642 644 644 2137 2137 2129 2129 2138 2138 2124 2124 2139 2139 2124 2124 2138 2138 2124 2124 2139 2139 2140 2140 2141 2141 2140 2140 2139 2139 642 642 2137 2137 2139 2139 2142 2142 2139 2139 2137 2137 2139 2139 2142 2142 2141 2141 2128 2128 2143 2143 2126 2126 576 576 2126 2126 2143 2143 2126 2126 576 576 574 574 2131 2131 2124 2124 2132 2132 2126 2126 2132 2132 2124 2124 2132 2132 2126 2126 2144 2144 2145 2145 2144 2144 2126 2126 2144 2144 2145 2145 2146 2146 2147 2147 2146 2146 2145 2145 2146 2146 2147 2147 2148 2148 2149 2149 2148 2148 2147 2147 2148 2148 2149 2149 2150 2150 2151 2151 2152 2152 2153 2153 2153 2153 2154 2154 2151 2151 2155 2155 2151 2151 2154 2154 2151 2151 2155 2155 2156 2156 2157 2157 2156 2156 2155 2155 2156 2156 2157 2157 2150 2150 2158 2158 2150 2150 2157 2157 2150 2150 2158 2158 2148 2148 2152 2152 2159 2159 2153 2153 2160 2160 2153 2153 2159 2159 2153 2153 2160 2160 2161 2161 2162 2162 2161 2161 2160 2160 2161 2161 2162 2162 2163 2163 2164 2164 2163 2163 2162 2162 2163 2163 2164 2164 2165 2165 921 921 2165 2165 2164 2164 2165 2165 921 921 923 923 557 557 556 556 2166 2166 2167 2167 2166 2166 556 556 2167 2167 556 556 2168 2168 2169 2169 2168 2168 556 556 2168 2168 2169 2169 2170 2170 2171 2171 2170 2170 2169 2169 2170 2170 2171 2171 2172 2172 2173 2173 2174 2174 2175 2175 2175 2175 2176 2176 2173 2173 2177 2177 2173 2173 2176 2176 2173 2173 2177 2177 2171 2171 2178 2178 2171 2171 2177 2177 2171 2171 2178 2178 2172 2172 2179 2179 670 670 669 669 669 669 2180 2180 2179 2179 2181 2181 2179 2179 2180 2180 2179 2179 2181 2181 2174 2174 2182 2182 2174 2174 2181 2181 2174 2174 2182 2182 2175 2175 582 582 589 589 2183 2183 2184 2184 2183 2183 589 589 2183 2183 2184 2184 2185 2185 2185 2185 2186 2186 2183 2183 2187 2187 2183 2183 2186 2186 2183 2183 2187 2187 2188 2188 2189 2189 2190 2190 2191 2191 2192 2192 2191 2191 2190 2190 2191 2191 2192 2192 2193 2193 2194 2194 2195 2195 2189 2189 638 638 647 647 2196 2196 2195 2195 2197 2197 2189 2189 2198 2198 2189 2189 2197 2197 2189 2189 2198 2198 2199 2199 2200 2200 2199 2199 2198 2198 638 638 2196 2196 2198 2198 2201 2201 2198 2198 2196 2196 2198 2198 2201 2201 2200 2200 2193 2193 2202 2202 2191 2191 671 671 2191 2191 2202 2202 2191 2191 671 671 670 670 2194 2194 2189 2189 2188 2188 2191 2191 2188 2188 2189 2189 2188 2188 2191 2191 2183 2183 2203 2203 2183 2183 2191 2191 2183 2183 2203 2203 2204 2204 2205 2205 2204 2204 2203 2203 2204 2204 2205 2205 2206 2206 2206 2206 2205 2205 2207 2207 2208 2208 2207 2207 2205 2205 2207 2207 2208 2208 2209 2209 2209 2209 2208 2208 2210 2210 2211 2211 2210 2210 2208 2208 2210 2210 2211 2211 2212 2212 8 8 10 10 2213 2213 84 84 83 83 2211 2211 228 228 2211 2211 83 83 2211 2211 228 228 2212 2212 232 232 2212 2212 228 228 2212 2212 232 232 2213 2213 114 114 2213 2213 232 232 2213 2213 114 114 8 8 517 517 2214 2214 519 519 2215 2215 519 519 2214 2214 519 519 2215 2215 2216 2216 2217 2217 2216 2216 2215 2215 2216 2216 2217 2217 2218 2218 2218 2218 2217 2217 2219 2219 2220 2220 2219 2219 2217 2217 2219 2219 2220 2220 2221 2221 2222 2222 2221 2221 2220 2220 2221 2221 2222 2222 2223 2223 2224 2224 2223 2223 2222 2222 2223 2223 2224 2224 2225 2225 2224 2224 2226 2226 2225 2225 2227 2227 2225 2225 2226 2226 2225 2225 2227 2227 2228 2228 2227 2227 2229 2229 2228 2228 2230 2230 2228 2228 2229 2229 2228 2228 2230 2230 2231 2231 2232 2232 2231 2231 2230 2230 2231 2231 2232 2232 582 582 2233 2233 582 582 2232 2232 582 582 2233 2233 574 574 622 622 621 621 2234 2234 2235 2235 2234 2234 621 621 2234 2234 2235 2235 2236 2236 2236 2236 2237 2237 2234 2234 2238 2238 2234 2234 2237 2237 2234 2234 2238 2238 2239 2239 2240 2240 2241 2241 2242 2242 2243 2243 2242 2242 2241 2241 2242 2242 2243 2243 2244 2244 2245 2245 2246 2246 2240 2240 606 606 604 604 2247 2247 2246 2246 2248 2248 2240 2240 2249 2249 2240 2240 2248 2248 2240 2240 2249 2249 2250 2250 2251 2251 2250 2250 2249 2249 606 606 2247 2247 2249 2249 2252 2252 2249 2249 2247 2247 2249 2249 2252 2252 2251 2251 2244 2244 2253 2253 2242 2242 539 539 2242 2242 2253 2253 2242 2242 539 539 537 537 2245 2245 2240 2240 2239 2239 2242 2242 2239 2239 2240 2240 2239 2239 2242 2242 2234 2234 2254 2254 2234 2234 2242 2242 2234 2234 2254 2254 2255 2255 2256 2256 2255 2255 2254 2254 2255 2255 2256 2256 2257 2257 2257 2257 2256 2256 2258 2258 2259 2259 2258 2258 2256 2256 2258 2258 2259 2259 2260 2260 2260 2260 2259 2259 2261 2261 2262 2262 2261 2261 2259 2259 2261 2261 2262 2262 2263 2263 32 32 265 265 2262 2262 266 266 2262 2262 265 265 266 266 267 267 2262 2262 268 268 2262 2262 267 267 2262 2262 268 268 2263 2263 269 269 2263 2263 268 268 2263 2263 269 269 2264 2264 270 270 2264 2264 269 269 707 707 705 705 2265 2265 707 707 2265 2265 2266 2266 2267 2267 2266 2266 2265 2265 2266 2266 2267 2267 2268 2268 2268 2268 2267 2267 2269 2269 2270 2270 2269 2269 2267 2267 2269 2269 2270 2270 2271 2271 2272 2272 2271 2271 2270 2270 2271 2271 2272 2272 2273 2273 2274 2274 2273 2273 2272 2272 2273 2273 2274 2274 2275 2275 2274 2274 2276 2276 2275 2275 2277 2277 2275 2275 2276 2276 2275 2275 2277 2277 2278 2278 2279 2279 2278 2278 2277 2277 2278 2278 2279 2279 2280 2280 629 629 2280 2280 2279 2279 2280 2280 629 629 622 622 2281 2281 2282 2282 2283 2283 2284 2284 2283 2283 2282 2282 2283 2283 2284 2284 2285 2285 2286 2286 2285 2285 2284 2284 2285 2285 2286 2286 2287 2287 2288 2288 2287 2287 2286 2286 2287 2287 2288 2288 2289 2289 2290 2290 2289 2289 2288 2288 2289 2289 2290 2290 2291 2291 2292 2292 2291 2291 2290 2290 2291 2291 2292 2292 2293 2293 2294 2294 2293 2293 2292 2292 2293 2293 2294 2294 2295 2295 2296 2296 2295 2295 2294 2294 2295 2295 2296 2296 2297 2297 2298 2298 2297 2297 2296 2296 2297 2297 2298 2298 2299 2299 2300 2300 2299 2299 2298 2298 2299 2299 2300 2300 2301 2301 2302 2302 2301 2301 2300 2300 2301 2301 2302 2302 2303 2303 2304 2304 2303 2303 2302 2302 2303 2303 2304 2304 2305 2305 2306 2306 2305 2305 2304 2304 2305 2305 2306 2306 2307 2307 2308 2308 2307 2307 2306 2306 2307 2307 2308 2308 2309 2309 2310 2310 2309 2309 2308 2308 2309 2309 2310 2310 2311 2311 2312 2312 2311 2311 2310 2310 2311 2311 2312 2312 2313 2313 2314 2314 2313 2313 2312 2312 2313 2313 2314 2314 2315 2315 2316 2316 2315 2315 2314 2314 2315 2315 2316 2316 2317 2317 2318 2318 2317 2317 2316 2316 2317 2317 2318 2318 2319 2319 2320 2320 2319 2319 2318 2318 2319 2319 2320 2320 2321 2321 2322 2322 2321 2321 2320 2320 2321 2321 2322 2322 2323 2323 2324 2324 2323 2323 2322 2322 2323 2323 2324 2324 2325 2325 2326 2326 2325 2325 2324 2324 2325 2325 2326 2326 2327 2327 2328 2328 2327 2327 2326 2326 2327 2327 2328 2328 2281 2281 2282 2282 2281 2281 2328 2328 2329 2329 2330 2330 2331 2331 2332 2332 2331 2331 2330 2330 2329 2329 2333 2333 2330 2330 2334 2334 2330 2330 2333 2333 2330 2330 2334 2334 2335 2335 2336 2336 2337 2337 2338 2338 2335 2335 2338 2338 2337 2337 2338 2338 2335 2335 2339 2339 2334 2334 2339 2339 2335 2335 2340 2340 2341 2341 2342 2342 2337 2337 2342 2342 2341 2341 2342 2342 2337 2337 2343 2343 2336 2336 2343 2343 2337 2337 2340 2340 2344 2344 2341 2341 2345 2345 2341 2341 2344 2344 2341 2341 2345 2345 2346 2346 2347 2347 2348 2348 2349 2349 2346 2346 2349 2349 2348 2348 2349 2349 2346 2346 2350 2350 2345 2345 2350 2350 2346 2346 2347 2347 2351 2351 2348 2348 2352 2352 2348 2348 2351 2351 2348 2348 2352 2352 2353 2353 2352 2352 2354 2354 2353 2353 2355 2355 2353 2353 2354 2354 2353 2353 2355 2355 2356 2356 2357 2357 2358 2358 2359 2359 2356 2356 2359 2359 2358 2358 2359 2359 2356 2356 2360 2360 2355 2355 2360 2360 2356 2356 2357 2357 2361 2361 2358 2358 2362 2362 2358 2358 2361 2361 2358 2358 2362 2362 2363 2363 2364 2364 2365 2365 2366 2366 2363 2363 2366 2366 2365 2365 2366 2366 2363 2363 2367 2367 2362 2362 2367 2367 2363 2363 2368 2368 2369 2369 2370 2370 2365 2365 2370 2370 2369 2369 2370 2370 2365 2365 2371 2371 2364 2364 2371 2371 2365 2365 2368 2368 2372 2372 2369 2369 2373 2373 2369 2369 2372 2372 2369 2369 2373 2373 2374 2374 2375 2375 2376 2376 2377 2377 2374 2374 2377 2377 2376 2376 2377 2377 2374 2374 2378 2378 2373 2373 2378 2378 2374 2374 2375 2375 2379 2379 2376 2376 2380 2380 2376 2376 2379 2379 2376 2376 2380 2380 2381 2381 2380 2380 2382 2382 2381 2381 2383 2383 2381 2381 2382 2382 2381 2381 2383 2383 2384 2384 2385 2385 2386 2386 2387 2387 2384 2384 2387 2387 2386 2386 2387 2387 2384 2384 2388 2388 2383 2383 2388 2388 2384 2384 2385 2385 2389 2389 2386 2386 2390 2390 2386 2386 2389 2389 2386 2386 2390 2390 2391 2391 2392 2392 2393 2393 2394 2394 2391 2391 2394 2394 2393 2393 2394 2394 2391 2391 2395 2395 2390 2390 2395 2395 2391 2391 2396 2396 2397 2397 2398 2398 2393 2393 2398 2398 2397 2397 2398 2398 2393 2393 2399 2399 2392 2392 2399 2399 2393 2393 2396 2396 2400 2400 2397 2397 2401 2401 2397 2397 2400 2400 2397 2397 2401 2401 2402 2402 2403 2403 2404 2404 2405 2405 2402 2402 2405 2405 2404 2404 2405 2405 2402 2402 2406 2406 2401 2401 2406 2406 2402 2402 2403 2403 2407 2407 2404 2404 2408 2408 2404 2404 2407 2407 2404 2404 2408 2408 2409 2409 2408 2408 2410 2410 2409 2409 2411 2411 2409 2409 2410 2410 2409 2409 2411 2411 2332 2332 2412 2412 2332 2332 2411 2411 2332 2332 2412 2412 2331 2331 2410 2410 2408 2408 2413 2413 2392 2392 2394 2394 2414 2414 2364 2364 2366 2366 2415 2415 2336 2336 2338 2338 2416 2416 2417 2417 2418 2418 2419 2419 2420 2420 2421 2421 2422 2422 2423 2423 2424 2424 2425 2425 472 472 467 467 2426 2426 477 477 472 472 2427 2427 478 478 477 477 2428 2428 398 398 399 399 2429 2429 440 440 439 439 2430 2430 430 430 2424 2424 444 444 2423 2423 444 444 2424 2424 444 444 2423 2423 445 445 411 411 2421 2421 412 412 2420 2420 412 412 2421 2421 412 412 2420 2420 420 420 454 454 2418 2418 455 455 2417 2417 455 455 2418 2418 455 455 2417 2417 458 458 2431 2431 2425 2425 2432 2432 2424 2424 2432 2432 2425 2425 2432 2432 2424 2424 2433 2433 430 430 2433 2433 2424 2424 2433 2433 430 430 429 429 2434 2434 2435 2435 2436 2436 2437 2437 2422 2422 2438 2438 2421 2421 2438 2438 2422 2422 2438 2438 2421 2421 2439 2439 411 411 2439 2439 2421 2421 2439 2439 411 411 410 410 2440 2440 2441 2441 2442 2442 2443 2443 2419 2419 2444 2444 2418 2418 2444 2444 2419 2419 2444 2444 2418 2418 2445 2445 454 454 2445 2445 2418 2418 2445 2445 454 454 452 452 2446 2446 2431 2431 2447 2447 2432 2432 2447 2447 2431 2431 2447 2447 2432 2432 2448 2448 2433 2433 2448 2448 2432 2432 2448 2448 2433 2433 2449 2449 429 429 2449 2449 2433 2433 2449 2449 429 429 428 428 2450 2450 2435 2435 2451 2451 2434 2434 2451 2451 2435 2435 2451 2451 2434 2434 2452 2452 2453 2453 2437 2437 2454 2454 2438 2438 2454 2454 2437 2437 2454 2454 2438 2438 2455 2455 2439 2439 2455 2455 2438 2438 2455 2455 2439 2439 2456 2456 410 410 2456 2456 2439 2439 2456 2456 410 410 409 409 2457 2457 2441 2441 2458 2458 2440 2440 2458 2458 2441 2441 2458 2458 2440 2440 2459 2459 2460 2460 2443 2443 2461 2461 2444 2444 2461 2461 2443 2443 2461 2461 2444 2444 2462 2462 2445 2445 2462 2462 2444 2444 2462 2462 2445 2445 2463 2463 452 452 2463 2463 2445 2445 2463 2463 452 452 451 451 2464 2464 2465 2465 2466 2466 2467 2467 2446 2446 2468 2468 2447 2447 2468 2468 2446 2446 2468 2468 2447 2447 2469 2469 2448 2448 2469 2469 2447 2447 2469 2469 2448 2448 2470 2470 2449 2449 2470 2470 2448 2448 2470 2470 2449 2449 2471 2471 428 428 2471 2471 2449 2449 2471 2471 428 428 440 440 2472 2472 2450 2450 2473 2473 2451 2451 2473 2473 2450 2450 2473 2473 2451 2451 2474 2474 2452 2452 2474 2474 2451 2451 2474 2474 2452 2452 2475 2475 2476 2476 2453 2453 2477 2477 2454 2454 2477 2477 2453 2453 2477 2477 2454 2454 2478 2478 2455 2455 2478 2478 2454 2454 2478 2478 2455 2455 2479 2479 2456 2456 2479 2479 2455 2455 2479 2479 2456 2456 2480 2480 409 409 2480 2480 2456 2456 2480 2480 409 409 398 398 2481 2481 2457 2457 2482 2482 2458 2458 2482 2482 2457 2457 2482 2482 2458 2458 2483 2483 2459 2459 2483 2483 2458 2458 2483 2483 2459 2459 2484 2484 2485 2485 2460 2460 2486 2486 2461 2461 2486 2486 2460 2460 2486 2486 2461 2461 2487 2487 2462 2462 2487 2487 2461 2461 2487 2487 2462 2462 2488 2488 2463 2463 2488 2488 2462 2462 2488 2488 2463 2463 2489 2489 451 451 2489 2489 2463 2463 2489 2489 451 451 478 478 2490 2490 2465 2465 2491 2491 2464 2464 2491 2491 2465 2465 2491 2491 2464 2464 2492 2492 2339 2339 2334 2334 2493 2493 2492 2492 2493 2493 2334 2334 2493 2493 2492 2492 2494 2494 2464 2464 2494 2494 2492 2492 2494 2494 2464 2464 2495 2495 2466 2466 2495 2495 2464 2464 2495 2495 2466 2466 2496 2496 469 469 462 462 2497 2497 2498 2498 2497 2497 462 462 2497 2497 2498 2498 2499 2499 2500 2500 2499 2499 2498 2498 2499 2499 2500 2500 2501 2501 2502 2502 2501 2501 2500 2500 2501 2501 2502 2502 2503 2503 2504 2504 2503 2503 2502 2502 2503 2503 2504 2504 2505 2505 2506 2506 2505 2505 2504 2504 462 462 461 461 2498 2498 2507 2507 2498 2498 461 461 2498 2498 2507 2507 2500 2500 2508 2508 2500 2500 2507 2507 2500 2500 2508 2508 2502 2502 2509 2509 2502 2502 2508 2508 2502 2502 2509 2509 2504 2504 2510 2510 2504 2504 2509 2509 2504 2504 2510 2510 2506 2506 2511 2511 2506 2506 2510 2510 461 461 446 446 2507 2507 2512 2512 2507 2507 446 446 2507 2507 2512 2512 2508 2508 2513 2513 2508 2508 2512 2512 2508 2508 2513 2513 2509 2509 2514 2514 2509 2509 2513 2513 2509 2509 2514 2514 2510 2510 2515 2515 2510 2510 2514 2514 2510 2510 2515 2515 2511 2511 2516 2516 2511 2511 2515 2515 2511 2511 2516 2516 2345 2345 2350 2350 2345 2345 2516 2516 2517 2517 2472 2472 2518 2518 2473 2473 2518 2518 2472 2472 2518 2518 2473 2473 2519 2519 2474 2474 2519 2519 2473 2473 2519 2519 2474 2474 2520 2520 2475 2475 2520 2520 2474 2474 2520 2520 2475 2475 2521 2521 439 439 438 438 2436 2436 2522 2522 2436 2436 438 438 2436 2436 2522 2522 2434 2434 2523 2523 2434 2434 2522 2522 2434 2434 2523 2523 2452 2452 2524 2524 2452 2452 2523 2523 2452 2452 2524 2524 2475 2475 2525 2525 2475 2475 2524 2524 2475 2475 2525 2525 2521 2521 2526 2526 2521 2521 2525 2525 2521 2521 2526 2526 2362 2362 2367 2367 2362 2362 2526 2526 426 426 425 425 2527 2527 2528 2528 2527 2527 425 425 2527 2527 2528 2528 2529 2529 2530 2530 2529 2529 2528 2528 2529 2529 2530 2530 2531 2531 2532 2532 2531 2531 2530 2530 2531 2531 2532 2532 2533 2533 2534 2534 2533 2533 2532 2532 2533 2533 2534 2534 2535 2535 2536 2536 2535 2535 2534 2534 422 422 421 421 2537 2537 2538 2538 2537 2537 421 421 2537 2537 2538 2538 2539 2539 2540 2540 2539 2539 2538 2538 2539 2539 2540 2540 2541 2541 2542 2542 2541 2541 2540 2540 2541 2541 2542 2542 2543 2543 2544 2544 2543 2543 2542 2542 2543 2543 2544 2544 2545 2545 2546 2546 2545 2545 2544 2544 2545 2545 2546 2546 2373 2373 2378 2378 2373 2373 2546 2546 2547 2547 2481 2481 2548 2548 2482 2482 2548 2548 2481 2481 2548 2548 2482 2482 2549 2549 2483 2483 2549 2549 2482 2482 2549 2549 2483 2483 2550 2550 2484 2484 2550 2550 2483 2483 2550 2550 2484 2484 2551 2551 399 399 400 400 2442 2442 2552 2552 2442 2442 400 400 2442 2442 2552 2552 2440 2440 2553 2553 2440 2440 2552 2552 2440 2440 2553 2553 2459 2459 2554 2554 2459 2459 2553 2553 2459 2459 2554 2554 2484 2484 2555 2555 2484 2484 2554 2554 2484 2484 2555 2555 2551 2551 2556 2556 2551 2551 2555 2555 2551 2551 2556 2556 2390 2390 2395 2395 2390 2390 2556 2556 396 396 395 395 2557 2557 2558 2558 2557 2557 395 395 2557 2557 2558 2558 2559 2559 2560 2560 2559 2559 2558 2558 2559 2559 2560 2560 2561 2561 2562 2562 2561 2561 2560 2560 2561 2561 2562 2562 2563 2563 2564 2564 2563 2563 2562 2562 2563 2563 2564 2564 2565 2565 2566 2566 2565 2565 2564 2564 394 394 393 393 2567 2567 2568 2568 2567 2567 393 393 2567 2567 2568 2568 2569 2569 2570 2570 2569 2569 2568 2568 2569 2569 2570 2570 2571 2571 2572 2572 2571 2571 2570 2570 2571 2571 2572 2572 2573 2573 2574 2574 2573 2573 2572 2572 2573 2573 2574 2574 2575 2575 2576 2576 2575 2575 2574 2574 2575 2575 2576 2576 2401 2401 2406 2406 2401 2401 2576 2576 2412 2412 2490 2490 2331 2331 2491 2491 2331 2331 2490 2490 2331 2331 2491 2491 2329 2329 2492 2492 2329 2329 2491 2491 2329 2329 2492 2492 2333 2333 2334 2334 2333 2333 2492 2492 2338 2338 2339 2339 2416 2416 2493 2493 2416 2416 2339 2339 2416 2416 2493 2493 2577 2577 2494 2494 2577 2577 2493 2493 2577 2577 2494 2494 2578 2578 2495 2495 2578 2578 2494 2494 2578 2578 2495 2495 2579 2579 2496 2496 2579 2579 2495 2495 2579 2579 2496 2496 2580 2580 467 467 469 469 2580 2580 2497 2497 2580 2580 469 469 2580 2580 2497 2497 2579 2579 2499 2499 2579 2579 2497 2497 2579 2579 2499 2499 2578 2578 2501 2501 2578 2578 2499 2499 2578 2578 2501 2501 2577 2577 2503 2503 2577 2577 2501 2501 2577 2577 2503 2503 2416 2416 2505 2505 2416 2416 2503 2503 2416 2416 2505 2505 2336 2336 2345 2345 2344 2344 2511 2511 2340 2340 2511 2511 2344 2344 2511 2511 2340 2340 2506 2506 2342 2342 2506 2506 2340 2340 2506 2506 2342 2342 2505 2505 2343 2343 2505 2505 2342 2342 2505 2505 2343 2343 2336 2336 2349 2349 2350 2350 2467 2467 2516 2516 2467 2467 2350 2350 2467 2467 2516 2516 2446 2446 2515 2515 2446 2446 2516 2516 2446 2446 2515 2515 2431 2431 2514 2514 2431 2431 2515 2515 2431 2431 2514 2514 2425 2425 2513 2513 2425 2425 2514 2514 2425 2425 2513 2513 2423 2423 2512 2512 2423 2423 2513 2513 2423 2423 2512 2512 445 445 446 446 445 445 2512 2512 2581 2581 2351 2351 2347 2347 440 440 2430 2430 2471 2471 2582 2582 2471 2471 2430 2430 2471 2471 2582 2582 2470 2470 2583 2583 2470 2470 2582 2582 2470 2470 2583 2583 2469 2469 2584 2584 2469 2469 2583 2583 2469 2469 2584 2584 2468 2468 2581 2581 2468 2468 2584 2584 2468 2468 2581 2581 2467 2467 2347 2347 2467 2467 2581 2581 2467 2467 2347 2347 2349 2349 439 439 2436 2436 2430 2430 2435 2435 2430 2430 2436 2436 2430 2430 2435 2435 2582 2582 2450 2450 2582 2582 2435 2435 2582 2582 2450 2450 2583 2583 2472 2472 2583 2583 2450 2450 2583 2583 2472 2472 2584 2584 2517 2517 2584 2584 2472 2472 2584 2584 2517 2517 2581 2581 2352 2352 2581 2581 2517 2517 2581 2581 2352 2352 2351 2351 2362 2362 2361 2361 2521 2521 2357 2357 2521 2521 2361 2361 2521 2521 2357 2357 2520 2520 2359 2359 2520 2520 2357 2357 2520 2520 2359 2359 2519 2519 2360 2360 2519 2519 2359 2359 2519 2519 2360 2360 2518 2518 2355 2355 2518 2518 2360 2360 2518 2518 2355 2355 2517 2517 2354 2354 2517 2517 2355 2355 2517 2517 2354 2354 2352 2352 2366 2366 2367 2367 2415 2415 2526 2526 2415 2415 2367 2367 2415 2415 2526 2526 2585 2585 2525 2525 2585 2585 2526 2526 2585 2585 2525 2525 2586 2586 2524 2524 2586 2586 2525 2525 2586 2586 2524 2524 2587 2587 2523 2523 2587 2587 2524 2524 2587 2587 2523 2523 2588 2588 2522 2522 2588 2588 2523 2523 2588 2588 2522 2522 427 427 438 438 427 427 2522 2522 427 427 426 426 2588 2588 2527 2527 2588 2588 426 426 2588 2588 2527 2527 2587 2587 2529 2529 2587 2587 2527 2527 2587 2587 2529 2529 2586 2586 2531 2531 2586 2586 2529 2529 2586 2586 2531 2531 2585 2585 2533 2533 2585 2585 2531 2531 2585 2585 2533 2533 2415 2415 2535 2535 2415 2415 2533 2533 2415 2415 2535 2535 2364 2364 2372 2372 2368 2368 2536 2536 2370 2370 2536 2536 2368 2368 2536 2536 2370 2370 2535 2535 2371 2371 2535 2535 2370 2370 2535 2535 2371 2371 2364 2364 425 425 422 422 2528 2528 2537 2537 2528 2528 422 422 2528 2528 2537 2537 2530 2530 2539 2539 2530 2530 2537 2537 2530 2530 2539 2539 2532 2532 2541 2541 2532 2532 2539 2539 2532 2532 2541 2541 2534 2534 2543 2543 2534 2534 2541 2541 2534 2534 2543 2543 2536 2536 2545 2545 2536 2536 2543 2543 2536 2536 2545 2545 2372 2372 2373 2373 2372 2372 2545 2545 2377 2377 2378 2378 2476 2476 2546 2546 2476 2476 2378 2378 2476 2476 2546 2546 2453 2453 2544 2544 2453 2453 2546 2546 2453 2453 2544 2544 2437 2437 2542 2542 2437 2437 2544 2544 2437 2437 2542 2542 2422 2422 2540 2540 2422 2422 2542 2542 2422 2422 2540 2540 2420 2420 2538 2538 2420 2420 2540 2540 2420 2420 2538 2538 420 420 421 421 420 420 2538 2538 2589 2589 2379 2379 2375 2375 398 398 2429 2429 2480 2480 2590 2590 2480 2480 2429 2429 2480 2480 2590 2590 2479 2479 2591 2591 2479 2479 2590 2590 2479 2479 2591 2591 2478 2478 2592 2592 2478 2478 2591 2591 2478 2478 2592 2592 2477 2477 2589 2589 2477 2477 2592 2592 2477 2477 2589 2589 2476 2476 2375 2375 2476 2476 2589 2589 2476 2476 2375 2375 2377 2377 399 399 2442 2442 2429 2429 2441 2441 2429 2429 2442 2442 2429 2429 2441 2441 2590 2590 2457 2457 2590 2590 2441 2441 2590 2590 2457 2457 2591 2591 2481 2481 2591 2591 2457 2457 2591 2591 2481 2481 2592 2592 2547 2547 2592 2592 2481 2481 2592 2592 2547 2547 2589 2589 2380 2380 2589 2589 2547 2547 2589 2589 2380 2380 2379 2379 2390 2390 2389 2389 2551 2551 2385 2385 2551 2551 2389 2389 2551 2551 2385 2385 2550 2550 2387 2387 2550 2550 2385 2385 2550 2550 2387 2387 2549 2549 2388 2388 2549 2549 2387 2387 2549 2549 2388 2388 2548 2548 2383 2383 2548 2548 2388 2388 2548 2548 2383 2383 2547 2547 2382 2382 2547 2547 2383 2383 2547 2547 2382 2382 2380 2380 2394 2394 2395 2395 2414 2414 2556 2556 2414 2414 2395 2395 2414 2414 2556 2556 2593 2593 2555 2555 2593 2593 2556 2556 2593 2593 2555 2555 2594 2594 2554 2554 2594 2594 2555 2555 2594 2594 2554 2554 2595 2595 2553 2553 2595 2595 2554 2554 2595 2595 2553 2553 2596 2596 2552 2552 2596 2596 2553 2553 2596 2596 2552 2552 397 397 400 400 397 397 2552 2552 397 397 396 396 2596 2596 2557 2557 2596 2596 396 396 2596 2596 2557 2557 2595 2595 2559 2559 2595 2595 2557 2557 2595 2595 2559 2559 2594 2594 2561 2561 2594 2594 2559 2559 2594 2594 2561 2561 2593 2593 2563 2563 2593 2593 2561 2561 2593 2593 2563 2563 2414 2414 2565 2565 2414 2414 2563 2563 2414 2414 2565 2565 2392 2392 2400 2400 2396 2396 2566 2566 2398 2398 2566 2566 2396 2396 2566 2566 2398 2398 2565 2565 2399 2399 2565 2565 2398 2398 2565 2565 2399 2399 2392 2392 395 395 394 394 2558 2558 2567 2567 2558 2558 394 394 2558 2558 2567 2567 2560 2560 2569 2569 2560 2560 2567 2567 2560 2560 2569 2569 2562 2562 2571 2571 2562 2562 2569 2569 2562 2562 2571 2571 2564 2564 2573 2573 2564 2564 2571 2571 2564 2564 2573 2573 2566 2566 2575 2575 2566 2566 2573 2573 2566 2566 2575 2575 2400 2400 2401 2401 2400 2400 2575 2575 2405 2405 2406 2406 2485 2485 2576 2576 2485 2485 2406 2406 2485 2485 2576 2576 2460 2460 2574 2574 2460 2460 2576 2576 2460 2460 2574 2574 2443 2443 2572 2572 2443 2443 2574 2574 2443 2443 2572 2572 2419 2419 2570 2570 2419 2419 2572 2572 2419 2419 2570 2570 2417 2417 2568 2568 2417 2417 2570 2570 2417 2417 2568 2568 458 458 393 393 458 458 2568 2568 2597 2597 2407 2407 2403 2403 478 478 2428 2428 2489 2489 2598 2598 2489 2489 2428 2428 2489 2489 2598 2598 2488 2488 2599 2599 2488 2488 2598 2598 2488 2488 2599 2599 2487 2487 2600 2600 2487 2487 2599 2599 2487 2487 2600 2600 2486 2486 2597 2597 2486 2486 2600 2600 2486 2486 2597 2597 2485 2485 2403 2403 2485 2485 2597 2597 2485 2485 2403 2403 2405 2405 477 477 2427 2427 2428 2428 2601 2601 2428 2428 2427 2427 2428 2428 2601 2601 2598 2598 2602 2602 2598 2598 2601 2601 2598 2598 2602 2602 2599 2599 2603 2603 2599 2599 2602 2602 2599 2599 2603 2603 2600 2600 2413 2413 2600 2600 2603 2603 2600 2600 2413 2413 2597 2597 2408 2408 2597 2597 2413 2413 2597 2597 2408 2408 2407 2407 472 472 2426 2426 2427 2427 2604 2604 2427 2427 2426 2426 2427 2427 2604 2604 2601 2601 2605 2605 2601 2601 2604 2604 2601 2601 2605 2605 2602 2602 2606 2606 2602 2602 2605 2605 2602 2602 2606 2606 2603 2603 2607 2607 2603 2603 2606 2606 2603 2603 2607 2607 2413 2413 2411 2411 2413 2413 2607 2607 2413 2413 2411 2411 2410 2410 467 467 2580 2580 2426 2426 2496 2496 2426 2426 2580 2580 2426 2426 2496 2496 2604 2604 2466 2466 2604 2604 2496 2496 2604 2604 2466 2466 2605 2605 2465 2465 2605 2605 2466 2466 2605 2605 2465 2465 2606 2606 2490 2490 2606 2606 2465 2465 2606 2606 2490 2490 2607 2607 2412 2412 2607 2607 2490 2490 2607 2607 2412 2412 2411 2411 2608 2608 2609 2609 2610 2610 2611 2611 2610 2610 2609 2609 2610 2610 2611 2611 2612 2612 2613 2613 2612 2612 2611 2611 2612 2612 2613 2613 2614 2614 2615 2615 2614 2614 2613 2613 2614 2614 2615 2615 2616 2616 2617 2617 2616 2616 2615 2615 2616 2616 2617 2617 2618 2618 2619 2619 2618 2618 2617 2617 2618 2618 2619 2619 2620 2620 2621 2621 2620 2620 2619 2619 2620 2620 2621 2621 2622 2622 2623 2623 2622 2622 2621 2621 2622 2622 2623 2623 2624 2624 2625 2625 2624 2624 2623 2623 2624 2624 2625 2625 2626 2626 2627 2627 2626 2626 2625 2625 2626 2626 2627 2627 2628 2628 2629 2629 2628 2628 2627 2627 2628 2628 2629 2629 2630 2630 2631 2631 2630 2630 2629 2629 2630 2630 2631 2631 2632 2632 2633 2633 2632 2632 2631 2631 2632 2632 2633 2633 2634 2634 2635 2635 2634 2634 2633 2633 2634 2634 2635 2635 2636 2636 2637 2637 2636 2636 2635 2635 2636 2636 2637 2637 2638 2638 2639 2639 2638 2638 2637 2637 2638 2638 2639 2639 2640 2640 2641 2641 2640 2640 2639 2639 2640 2640 2641 2641 2642 2642 2643 2643 2642 2642 2641 2641 2642 2642 2643 2643 2644 2644 2645 2645 2644 2644 2643 2643 2644 2644 2645 2645 2646 2646 2647 2647 2646 2646 2645 2645 2646 2646 2647 2647 2648 2648 2649 2649 2648 2648 2647 2647 2648 2648 2649 2649 2650 2650 2651 2651 2650 2650 2649 2649 2650 2650 2651 2651 2652 2652 2653 2653 2652 2652 2651 2651 2652 2652 2653 2653 2654 2654 2655 2655 2654 2654 2653 2653 2654 2654 2655 2655 2608 2608 2609 2609 2608 2608 2655 2655 687 687 2656 2656 2657 2657 2658 2658 2659 2659 2660 2660 32 32 2262 2262 2661 2661 2660 2660 2659 2659 32 32 2662 2662 32 32 2659 2659 2662 2662 2659 2659 2663 2663 2658 2658 2663 2663 2659 2659 2663 2663 2658 2658 2664 2664 2665 2665 32 32 2662 2662 2666 2666 2667 2667 2668 2668 2661 2661 2668 2668 2667 2667 2668 2668 2661 2661 2669 2669 2262 2262 2669 2669 2661 2661 2669 2669 2262 2262 2259 2259 2665 2665 2662 2662 2670 2670 2663 2663 2670 2670 2662 2662 2670 2670 2663 2663 2671 2671 2664 2664 2671 2671 2663 2663 2671 2671 2664 2664 2672 2672 2673 2673 2666 2666 2674 2674 2668 2668 2674 2674 2666 2666 2674 2674 2668 2668 2675 2675 2669 2669 2675 2675 2668 2668 2675 2675 2669 2669 2676 2676 2259 2259 2676 2676 2669 2669 2676 2676 2259 2259 2256 2256 2677 2677 2673 2673 2678 2678 2674 2674 2678 2678 2673 2673 2678 2678 2674 2674 2679 2679 2675 2675 2679 2679 2674 2674 2679 2679 2675 2675 2680 2680 2676 2676 2680 2680 2675 2675 2680 2680 2676 2676 2681 2681 2256 2256 2681 2681 2676 2676 2681 2681 2256 2256 2254 2254 2656 2656 2677 2677 2657 2657 2678 2678 2657 2657 2677 2677 2657 2657 2678 2678 2682 2682 2679 2679 2682 2682 2678 2678 2682 2682 2679 2679 2683 2683 2680 2680 2683 2683 2679 2679 2683 2683 2680 2680 2684 2684 2681 2681 2684 2684 2680 2680 2684 2684 2681 2681 2685 2685 2254 2254 2685 2685 2681 2681 2685 2685 2254 2254 2242 2242 687 687 2657 2657 2078 2078 2682 2682 2078 2078 2657 2657 2078 2078 2682 2682 2079 2079 2683 2683 2079 2079 2682 2682 2079 2079 2683 2683 2085 2085 2684 2684 2085 2085 2683 2683 2085 2085 2684 2684 2086 2086 2685 2685 2086 2086 2684 2684 2086 2086 2685 2685 2088 2088 2242 2242 2088 2088 2685 2685 2088 2088 2242 2242 537 537 2667 2667 32 32 2661 2661 2656 2656 2672 2672 2677 2677 2664 2664 2677 2677 2672 2672 2677 2677 2664 2664 2673 2673 2658 2658 2673 2673 2664 2664 2673 2673 2658 2658 2666 2666 2660 2660 2666 2666 2658 2658 2666 2666 2660 2660 2667 2667 32 32 2667 2667 2660 2660 30 30 32 32 2665 2665 2686 2686 28 28 30 30 30 30 2665 2665 2686 2686 2670 2670 2686 2686 2665 2665 2686 2686 2670 2670 2687 2687 2671 2671 2687 2687 2670 2670 2687 2687 2671 2671 2688 2688 2672 2672 2688 2688 2671 2671 2688 2688 2672 2672 2689 2689 2656 2656 2689 2689 2672 2672 2689 2689 2656 2656 2690 2690 687 687 2690 2690 2656 2656 2690 2690 687 687 686 686 556 556 2691 2691 2692 2692 2693 2693 2694 2694 2695 2695 84 84 2211 2211 2696 2696 2695 2695 2694 2694 84 84 2697 2697 84 84 2694 2694 2697 2697 2694 2694 2698 2698 2693 2693 2698 2698 2694 2694 2698 2698 2693 2693 2699 2699 2700 2700 84 84 2697 2697 2701 2701 2702 2702 2703 2703 2696 2696 2703 2703 2702 2702 2703 2703 2696 2696 2704 2704 2211 2211 2704 2704 2696 2696 2704 2704 2211 2211 2208 2208 2700 2700 2697 2697 2705 2705 2698 2698 2705 2705 2697 2697 2705 2705 2698 2698 2706 2706 2699 2699 2706 2706 2698 2698 2706 2706 2699 2699 2707 2707 2708 2708 2701 2701 2709 2709 2703 2703 2709 2709 2701 2701 2709 2709 2703 2703 2710 2710 2704 2704 2710 2710 2703 2703 2710 2710 2704 2704 2711 2711 2208 2208 2711 2711 2704 2704 2711 2711 2208 2208 2205 2205 2712 2712 2708 2708 2713 2713 2709 2709 2713 2713 2708 2708 2713 2713 2709 2709 2714 2714 2710 2710 2714 2714 2709 2709 2714 2714 2710 2710 2715 2715 2711 2711 2715 2715 2710 2710 2715 2715 2711 2711 2716 2716 2205 2205 2716 2716 2711 2711 2716 2716 2205 2205 2203 2203 2691 2691 2712 2712 2692 2692 2713 2713 2692 2692 2712 2712 2692 2692 2713 2713 2717 2717 2714 2714 2717 2717 2713 2713 2717 2717 2714 2714 2718 2718 2715 2715 2718 2718 2714 2714 2718 2718 2715 2715 2719 2719 2716 2716 2719 2719 2715 2715 2719 2719 2716 2716 2720 2720 2203 2203 2720 2720 2716 2716 2720 2720 2203 2203 2191 2191 556 556 2692 2692 2169 2169 2717 2717 2169 2169 2692 2692 2169 2169 2717 2717 2171 2171 2718 2718 2171 2171 2717 2717 2171 2171 2718 2718 2173 2173 2719 2719 2173 2173 2718 2718 2173 2173 2719 2719 2174 2174 2720 2720 2174 2174 2719 2719 2174 2174 2720 2720 2179 2179 2191 2191 2179 2179 2720 2720 2179 2179 2191 2191 670 670 2702 2702 84 84 2696 2696 2691 2691 2707 2707 2712 2712 2699 2699 2712 2712 2707 2707 2712 2712 2699 2699 2708 2708 2693 2693 2708 2708 2699 2699 2708 2708 2693 2693 2701 2701 2695 2695 2701 2701 2693 2693 2701 2701 2695 2695 2702 2702 84 84 2702 2702 2695 2695 85 85 84 84 2700 2700 85 85 2700 2700 2721 2721 2705 2705 2721 2721 2700 2700 2721 2721 2705 2705 2722 2722 2706 2706 2722 2722 2705 2705 2722 2722 2706 2706 2723 2723 2707 2707 2723 2723 2706 2706 2723 2723 2707 2707 2724 2724 2691 2691 2724 2724 2707 2707 2724 2724 2691 2691 2725 2725 556 556 2725 2725 2691 2691 2725 2725 556 556 555 555 2726 2726 2727 2727 2728 2728 2729 2729 2728 2728 2727 2727 2728 2728 2729 2729 2730 2730 2731 2731 2730 2730 2729 2729 2730 2730 2731 2731 2732 2732 2733 2733 2732 2732 2731 2731 2732 2732 2733 2733 2734 2734 2735 2735 2734 2734 2733 2733 2734 2734 2735 2735 2736 2736 2737 2737 2736 2736 2735 2735 2736 2736 2737 2737 2738 2738 2739 2739 2738 2738 2737 2737 2738 2738 2739 2739 2740 2740 2741 2741 2740 2740 2739 2739 2740 2740 2741 2741 2742 2742 2743 2743 2742 2742 2741 2741 2742 2742 2743 2743 2744 2744 2745 2745 2744 2744 2743 2743 2744 2744 2745 2745 2746 2746 2747 2747 2746 2746 2745 2745 2746 2746 2747 2747 2748 2748 2749 2749 2748 2748 2747 2747 2748 2748 2749 2749 2750 2750 2751 2751 2750 2750 2749 2749 2750 2750 2751 2751 2752 2752 2753 2753 2752 2752 2751 2751 2752 2752 2753 2753 2754 2754 2755 2755 2754 2754 2753 2753 2754 2754 2755 2755 2756 2756 2757 2757 2756 2756 2755 2755 2756 2756 2757 2757 2758 2758 2759 2759 2758 2758 2757 2757 2758 2758 2759 2759 2760 2760 2761 2761 2760 2760 2759 2759 2760 2760 2761 2761 2762 2762 2761 2761 2763 2763 2762 2762 2764 2764 2762 2762 2763 2763 2762 2762 2764 2764 2765 2765 2766 2766 2765 2765 2764 2764 2765 2765 2766 2766 2767 2767 2768 2768 2767 2767 2766 2766 2767 2767 2768 2768 2769 2769 2770 2770 2769 2769 2768 2768 2769 2769 2770 2770 2771 2771 2772 2772 2771 2771 2770 2770 2771 2771 2772 2772 2773 2773 2774 2774 2773 2773 2772 2772 2773 2773 2774 2774 2726 2726 2775 2775 2726 2726 2774 2774 2726 2726 2775 2775 2727 2727 2776 2776 2777 2777 2778 2778 2779 2779 2780 2780 2781 2781 2782 2782 2783 2783 2784 2784 2785 2785 2786 2786 2787 2787 2788 2788 2789 2789 2790 2790 2791 2791 2792 2792 2793 2793 2794 2794 2795 2795 2796 2796 355 355 354 354 2797 2797 356 356 355 355 2798 2798 373 373 356 356 2799 2799 310 310 309 309 2800 2800 353 353 352 352 2801 2801 334 334 2795 2795 335 335 2794 2794 335 335 2795 2795 335 335 2794 2794 336 336 315 315 2792 2792 316 316 2791 2791 316 316 2792 2792 316 316 2791 2791 326 326 360 360 2789 2789 362 362 2788 2788 362 362 2789 2789 362 362 2788 2788 364 364 2802 2802 2796 2796 2803 2803 2795 2795 2803 2803 2796 2796 2803 2803 2795 2795 2804 2804 334 334 2804 2804 2795 2795 2804 2804 334 334 333 333 2805 2805 2806 2806 2807 2807 2808 2808 2793 2793 2809 2809 2792 2792 2809 2809 2793 2793 2809 2809 2792 2792 2810 2810 315 315 2810 2810 2792 2792 2810 2810 315 315 314 314 2811 2811 2812 2812 2813 2813 2814 2814 2790 2790 2815 2815 2789 2789 2815 2815 2790 2790 2815 2815 2789 2789 2816 2816 360 360 2816 2816 2789 2789 2816 2816 360 360 358 358 2817 2817 2802 2802 2818 2818 2803 2803 2818 2818 2802 2802 2818 2818 2803 2803 2819 2819 2804 2804 2819 2819 2803 2803 2819 2819 2804 2804 2820 2820 333 333 2820 2820 2804 2804 2820 2820 333 333 332 332 2821 2821 2806 2806 2822 2822 2805 2805 2822 2822 2806 2806 2822 2822 2805 2805 2823 2823 2824 2824 2808 2808 2825 2825 2809 2809 2825 2825 2808 2808 2825 2825 2809 2809 2826 2826 2810 2810 2826 2826 2809 2809 2826 2826 2810 2810 2827 2827 314 314 2827 2827 2810 2810 2827 2827 314 314 313 313 2828 2828 2812 2812 2829 2829 2811 2811 2829 2829 2812 2812 2829 2829 2811 2811 2830 2830 2831 2831 2814 2814 2832 2832 2815 2815 2832 2832 2814 2814 2832 2832 2815 2815 2833 2833 2816 2816 2833 2833 2815 2815 2833 2833 2816 2816 2834 2834 358 358 2834 2834 2816 2816 2834 2834 358 358 374 374 2835 2835 2836 2836 2837 2837 2838 2838 2817 2817 2839 2839 2818 2818 2839 2839 2817 2817 2839 2839 2818 2818 2840 2840 2819 2819 2840 2840 2818 2818 2840 2840 2819 2819 2841 2841 2820 2820 2841 2841 2819 2819 2841 2841 2820 2820 2842 2842 332 332 2842 2842 2820 2820 2842 2842 332 332 353 353 2843 2843 2821 2821 2844 2844 2822 2822 2844 2844 2821 2821 2844 2844 2822 2822 2845 2845 2823 2823 2845 2845 2822 2822 2845 2845 2823 2823 2846 2846 2847 2847 2824 2824 2848 2848 2825 2825 2848 2848 2824 2824 2848 2848 2825 2825 2849 2849 2826 2826 2849 2849 2825 2825 2849 2849 2826 2826 2850 2850 2827 2827 2850 2850 2826 2826 2850 2850 2827 2827 2851 2851 313 313 2851 2851 2827 2827 2851 2851 313 313 310 310 2852 2852 2828 2828 2853 2853 2829 2829 2853 2853 2828 2828 2853 2853 2829 2829 2854 2854 2830 2830 2854 2854 2829 2829 2854 2854 2830 2830 2855 2855 2856 2856 2831 2831 2857 2857 2832 2832 2857 2857 2831 2831 2857 2857 2832 2832 2858 2858 2833 2833 2858 2858 2832 2832 2858 2858 2833 2833 2859 2859 2834 2834 2859 2859 2833 2833 2859 2859 2834 2834 2860 2860 374 374 2860 2860 2834 2834 2860 2860 374 374 373 373 2861 2861 2836 2836 2862 2862 2835 2835 2862 2862 2836 2836 2862 2862 2835 2835 2863 2863 2864 2864 2865 2865 2866 2866 2863 2863 2866 2866 2865 2865 2866 2866 2863 2863 2867 2867 2835 2835 2867 2867 2863 2863 2867 2867 2835 2835 2868 2868 2837 2837 2868 2868 2835 2835 2868 2868 2837 2837 2869 2869 307 307 306 306 2870 2870 2871 2871 2870 2870 306 306 2870 2870 2871 2871 2872 2872 2873 2873 2872 2872 2871 2871 2872 2872 2873 2873 2874 2874 2875 2875 2874 2874 2873 2873 2874 2874 2875 2875 2876 2876 2877 2877 2876 2876 2875 2875 2876 2876 2877 2877 2878 2878 2879 2879 2878 2878 2877 2877 306 306 317 317 2871 2871 2880 2880 2871 2871 317 317 2871 2871 2880 2880 2873 2873 2881 2881 2873 2873 2880 2880 2873 2873 2881 2881 2875 2875 2882 2882 2875 2875 2881 2881 2875 2875 2882 2882 2877 2877 2883 2883 2877 2877 2882 2882 2877 2877 2883 2883 2879 2879 2884 2884 2879 2879 2883 2883 317 317 337 337 2880 2880 2885 2885 2880 2880 337 337 2880 2880 2885 2885 2881 2881 2886 2886 2881 2881 2885 2885 2881 2881 2886 2886 2882 2882 2887 2887 2882 2882 2886 2886 2882 2882 2887 2887 2883 2883 2888 2888 2883 2883 2887 2887 2883 2883 2888 2888 2884 2884 2889 2889 2884 2884 2888 2888 2884 2884 2889 2889 2890 2890 2891 2891 2890 2890 2889 2889 2892 2892 2843 2843 2893 2893 2844 2844 2893 2893 2843 2843 2893 2893 2844 2844 2894 2894 2845 2845 2894 2894 2844 2844 2894 2894 2845 2845 2895 2895 2846 2846 2895 2895 2845 2845 2895 2895 2846 2846 2896 2896 352 352 351 351 2807 2807 2897 2897 2807 2807 351 351 2807 2807 2897 2897 2805 2805 2898 2898 2805 2805 2897 2897 2805 2805 2898 2898 2823 2823 2899 2899 2823 2823 2898 2898 2823 2823 2899 2899 2846 2846 2900 2900 2846 2846 2899 2899 2846 2846 2900 2900 2896 2896 2901 2901 2896 2896 2900 2900 2896 2896 2901 2901 2902 2902 2903 2903 2902 2902 2901 2901 330 330 329 329 2904 2904 2905 2905 2904 2904 329 329 2904 2904 2905 2905 2906 2906 2907 2907 2906 2906 2905 2905 2906 2906 2907 2907 2908 2908 2909 2909 2908 2908 2907 2907 2908 2908 2909 2909 2910 2910 2911 2911 2910 2910 2909 2909 2910 2910 2911 2911 2912 2912 2913 2913 2912 2912 2911 2911 328 328 327 327 2914 2914 2915 2915 2914 2914 327 327 2914 2914 2915 2915 2916 2916 2917 2917 2916 2916 2915 2915 2916 2916 2917 2917 2918 2918 2919 2919 2918 2918 2917 2917 2918 2918 2919 2919 2920 2920 2921 2921 2920 2920 2919 2919 2920 2920 2921 2921 2922 2922 2923 2923 2922 2922 2921 2921 2922 2922 2923 2923 2924 2924 2925 2925 2924 2924 2923 2923 2926 2926 2852 2852 2927 2927 2853 2853 2927 2927 2852 2852 2927 2927 2853 2853 2928 2928 2854 2854 2928 2928 2853 2853 2928 2928 2854 2854 2929 2929 2855 2855 2929 2929 2854 2854 2929 2929 2855 2855 2930 2930 309 309 312 312 2813 2813 2931 2931 2813 2813 312 312 2813 2813 2931 2931 2811 2811 2932 2932 2811 2811 2931 2931 2811 2811 2932 2932 2830 2830 2933 2933 2830 2830 2932 2932 2830 2830 2933 2933 2855 2855 2934 2934 2855 2855 2933 2933 2855 2855 2934 2934 2930 2930 2935 2935 2930 2930 2934 2934 2930 2930 2935 2935 2936 2936 2937 2937 2936 2936 2935 2935 343 343 369 369 2938 2938 2939 2939 2938 2938 369 369 2938 2938 2939 2939 2940 2940 2941 2941 2940 2940 2939 2939 2940 2940 2941 2941 2942 2942 2943 2943 2942 2942 2941 2941 2942 2942 2943 2943 2944 2944 2945 2945 2944 2944 2943 2943 2944 2944 2945 2945 2946 2946 2947 2947 2946 2946 2945 2945 368 368 366 366 2948 2948 2949 2949 2948 2948 366 366 2948 2948 2949 2949 2950 2950 2951 2951 2950 2950 2949 2949 2950 2950 2951 2951 2952 2952 2953 2953 2952 2952 2951 2951 2952 2952 2953 2953 2954 2954 2955 2955 2954 2954 2953 2953 2954 2954 2955 2955 2956 2956 2957 2957 2956 2956 2955 2955 2956 2956 2957 2957 2958 2958 2959 2959 2958 2958 2957 2957 2960 2960 2861 2861 2961 2961 2862 2862 2961 2961 2861 2861 2961 2961 2862 2862 2962 2962 2863 2863 2962 2962 2862 2862 2962 2962 2863 2863 2963 2963 2865 2865 2963 2963 2863 2863 2786 2786 2864 2864 2787 2787 2866 2866 2787 2787 2864 2864 2787 2787 2866 2866 2964 2964 2867 2867 2964 2964 2866 2866 2964 2964 2867 2867 2965 2965 2868 2868 2965 2965 2867 2867 2965 2965 2868 2868 2966 2966 2869 2869 2966 2966 2868 2868 2966 2966 2869 2869 2967 2967 354 354 307 307 2967 2967 2870 2870 2967 2967 307 307 2967 2967 2870 2870 2966 2966 2872 2872 2966 2966 2870 2870 2966 2966 2872 2872 2965 2965 2874 2874 2965 2965 2872 2872 2965 2965 2874 2874 2964 2964 2876 2876 2964 2964 2874 2874 2964 2964 2876 2876 2787 2787 2878 2878 2787 2787 2876 2876 2787 2787 2878 2878 2785 2785 2890 2890 2968 2968 2884 2884 2969 2969 2884 2884 2968 2968 2884 2884 2969 2969 2879 2879 2970 2970 2879 2879 2969 2969 2879 2879 2970 2970 2878 2878 2971 2971 2878 2878 2970 2970 2878 2878 2971 2971 2785 2785 2972 2972 2891 2891 2838 2838 2889 2889 2838 2838 2891 2891 2838 2838 2889 2889 2817 2817 2888 2888 2817 2817 2889 2889 2817 2817 2888 2888 2802 2802 2887 2887 2802 2802 2888 2888 2802 2802 2887 2887 2796 2796 2886 2886 2796 2796 2887 2887 2796 2796 2886 2886 2794 2794 2885 2885 2794 2794 2886 2886 2794 2794 2885 2885 336 336 337 337 336 336 2885 2885 2973 2973 2974 2974 2975 2975 353 353 2801 2801 2842 2842 2976 2976 2842 2842 2801 2801 2842 2842 2976 2976 2841 2841 2977 2977 2841 2841 2976 2976 2841 2841 2977 2977 2840 2840 2978 2978 2840 2840 2977 2977 2840 2840 2978 2978 2839 2839 2973 2973 2839 2839 2978 2978 2839 2839 2973 2973 2838 2838 2975 2975 2838 2838 2973 2973 2838 2838 2975 2975 2972 2972 352 352 2807 2807 2801 2801 2806 2806 2801 2801 2807 2807 2801 2801 2806 2806 2976 2976 2821 2821 2976 2976 2806 2806 2976 2976 2821 2821 2977 2977 2843 2843 2977 2977 2821 2821 2977 2977 2843 2843 2978 2978 2892 2892 2978 2978 2843 2843 2978 2978 2892 2892 2973 2973 2979 2979 2973 2973 2892 2892 2973 2973 2979 2979 2974 2974 2902 2902 2980 2980 2896 2896 2981 2981 2896 2896 2980 2980 2896 2896 2981 2981 2895 2895 2982 2982 2895 2895 2981 2981 2895 2895 2982 2982 2894 2894 2983 2983 2894 2894 2982 2982 2894 2894 2983 2983 2893 2893 2984 2984 2893 2893 2983 2983 2893 2893 2984 2984 2892 2892 2985 2985 2892 2892 2984 2984 2892 2892 2985 2985 2979 2979 2783 2783 2903 2903 2784 2784 2901 2901 2784 2784 2903 2903 2784 2784 2901 2901 2986 2986 2900 2900 2986 2986 2901 2901 2986 2986 2900 2900 2987 2987 2899 2899 2987 2987 2900 2900 2987 2987 2899 2899 2988 2988 2898 2898 2988 2988 2899 2899 2988 2988 2898 2898 2989 2989 2897 2897 2989 2989 2898 2898 2989 2989 2897 2897 331 331 351 351 331 331 2897 2897 331 331 330 330 2989 2989 2904 2904 2989 2989 330 330 2989 2989 2904 2904 2988 2988 2906 2906 2988 2988 2904 2904 2988 2988 2906 2906 2987 2987 2908 2908 2987 2987 2906 2906 2987 2987 2908 2908 2986 2986 2910 2910 2986 2986 2908 2908 2986 2986 2910 2910 2784 2784 2912 2912 2784 2784 2910 2910 2784 2784 2912 2912 2782 2782 2990 2990 2991 2991 2913 2913 2992 2992 2913 2913 2991 2991 2913 2913 2992 2992 2912 2912 2993 2993 2912 2912 2992 2992 2912 2912 2993 2993 2782 2782 329 329 328 328 2905 2905 2914 2914 2905 2905 328 328 2905 2905 2914 2914 2907 2907 2916 2916 2907 2907 2914 2914 2907 2907 2916 2916 2909 2909 2918 2918 2909 2909 2916 2916 2909 2909 2918 2918 2911 2911 2920 2920 2911 2911 2918 2918 2911 2911 2920 2920 2913 2913 2922 2922 2913 2913 2920 2920 2913 2913 2922 2922 2990 2990 2924 2924 2990 2990 2922 2922 2994 2994 2925 2925 2847 2847 2923 2923 2847 2847 2925 2925 2847 2847 2923 2923 2824 2824 2921 2921 2824 2824 2923 2923 2824 2824 2921 2921 2808 2808 2919 2919 2808 2808 2921 2921 2808 2808 2919 2919 2793 2793 2917 2917 2793 2793 2919 2919 2793 2793 2917 2917 2791 2791 2915 2915 2791 2791 2917 2917 2791 2791 2915 2915 326 326 327 327 326 326 2915 2915 2995 2995 2996 2996 2997 2997 310 310 2800 2800 2851 2851 2998 2998 2851 2851 2800 2800 2851 2851 2998 2998 2850 2850 2999 2999 2850 2850 2998 2998 2850 2850 2999 2999 2849 2849 3000 3000 2849 2849 2999 2999 2849 2849 3000 3000 2848 2848 2995 2995 2848 2848 3000 3000 2848 2848 2995 2995 2847 2847 2997 2997 2847 2847 2995 2995 2847 2847 2997 2997 2994 2994 309 309 2813 2813 2800 2800 2812 2812 2800 2800 2813 2813 2800 2800 2812 2812 2998 2998 2828 2828 2998 2998 2812 2812 2998 2998 2828 2828 2999 2999 2852 2852 2999 2999 2828 2828 2999 2999 2852 2852 3000 3000 2926 2926 3000 3000 2852 2852 3000 3000 2926 2926 2995 2995 3001 3001 2995 2995 2926 2926 2995 2995 3001 3001 2996 2996 2936 2936 3002 3002 2930 2930 3003 3003 2930 2930 3002 3002 2930 2930 3003 3003 2929 2929 3004 3004 2929 2929 3003 3003 2929 2929 3004 3004 2928 2928 3005 3005 2928 2928 3004 3004 2928 2928 3005 3005 2927 2927 3006 3006 2927 2927 3005 3005 2927 2927 3006 3006 2926 2926 3007 3007 2926 2926 3006 3006 2926 2926 3007 3007 3001 3001 2780 2780 2937 2937 2781 2781 2935 2935 2781 2781 2937 2937 2781 2781 2935 2935 3008 3008 2934 2934 3008 3008 2935 2935 3008 3008 2934 2934 3009 3009 2933 2933 3009 3009 2934 2934 3009 3009 2933 2933 3010 3010 2932 2932 3010 3010 2933 2933 3010 3010 2932 2932 3011 3011 2931 2931 3011 3011 2932 2932 3011 3011 2931 2931 344 344 312 312 344 344 2931 2931 344 344 343 343 3011 3011 2938 2938 3011 3011 343 343 3011 3011 2938 2938 3010 3010 2940 2940 3010 3010 2938 2938 3010 3010 2940 2940 3009 3009 2942 2942 3009 3009 2940 2940 3009 3009 2942 2942 3008 3008 2944 2944 3008 3008 2942 2942 3008 3008 2944 2944 2781 2781 2946 2946 2781 2781 2944 2944 2781 2781 2946 2946 2779 2779 3012 3012 3013 3013 2947 2947 3014 3014 2947 2947 3013 3013 2947 2947 3014 3014 2946 2946 3015 3015 2946 2946 3014 3014 2946 2946 3015 3015 2779 2779 369 369 368 368 2939 2939 2948 2948 2939 2939 368 368 2939 2939 2948 2948 2941 2941 2950 2950 2941 2941 2948 2948 2941 2941 2950 2950 2943 2943 2952 2952 2943 2943 2950 2950 2943 2943 2952 2952 2945 2945 2954 2954 2945 2945 2952 2952 2945 2945 2954 2954 2947 2947 2956 2956 2947 2947 2954 2954 2947 2947 2956 2956 3012 3012 2958 2958 3012 3012 2956 2956 3016 3016 2959 2959 2856 2856 2957 2957 2856 2856 2959 2959 2856 2856 2957 2957 2831 2831 2955 2955 2831 2831 2957 2957 2831 2831 2955 2955 2814 2814 2953 2953 2814 2814 2955 2955 2814 2814 2953 2953 2790 2790 2951 2951 2790 2790 2953 2953 2790 2790 2951 2951 2788 2788 2949 2949 2788 2788 2951 2951 2788 2788 2949 2949 364 364 366 366 364 364 2949 2949 3017 3017 3018 3018 3019 3019 373 373 2799 2799 2860 2860 3020 3020 2860 2860 2799 2799 2860 2860 3020 3020 2859 2859 3021 3021 2859 2859 3020 3020 2859 2859 3021 3021 2858 2858 3022 3022 2858 2858 3021 3021 2858 2858 3022 3022 2857 2857 3017 3017 2857 2857 3022 3022 2857 2857 3017 3017 2856 2856 3019 3019 2856 2856 3017 3017 2856 2856 3019 3019 3016 3016 356 356 2798 2798 2799 2799 3023 3023 2799 2799 2798 2798 2799 2799 3023 3023 3020 3020 3024 3024 3020 3020 3023 3023 3020 3020 3024 3024 3021 3021 3025 3025 3021 3021 3024 3024 3021 3021 3025 3025 3022 3022 2778 2778 3022 3022 3025 3025 3022 3022 2778 2778 3017 3017 2777 2777 3017 3017 2778 2778 3017 3017 2777 2777 3018 3018 355 355 2797 2797 2798 2798 3026 3026 2798 2798 2797 2797 2798 2798 3026 3026 3023 3023 3027 3027 3023 3023 3026 3026 3023 3023 3027 3027 3024 3024 3028 3028 3024 3024 3027 3027 3024 3024 3028 3028 3025 3025 3029 3029 3025 3025 3028 3028 3025 3025 3029 3029 2778 2778 3030 3030 2778 2778 3029 3029 2778 2778 3030 3030 2776 2776 354 354 2967 2967 2797 2797 2869 2869 2797 2797 2967 2967 2797 2797 2869 2869 3026 3026 2837 2837 3026 3026 2869 2869 3026 3026 2837 2837 3027 3027 2836 2836 3027 3027 2837 2837 3027 3027 2836 2836 3028 3028 2861 2861 3028 3028 2836 2836 3028 3028 2861 2861 3029 3029 2960 2960 3029 3029 2861 2861 3029 3029 2960 2960 3030 3030 3031 3031 3032 3032 3033 3033 3034 3034 3033 3033 3032 3032 3033 3033 3034 3034 3035 3035 3036 3036 3035 3035 3034 3034 3035 3035 3036 3036 3037 3037 3038 3038 3037 3037 3036 3036 3037 3037 3038 3038 3039 3039 3040 3040 3039 3039 3038 3038 3039 3039 3040 3040 3041 3041 3042 3042 3041 3041 3040 3040 3041 3041 3042 3042 3043 3043 3044 3044 3043 3043 3042 3042 3043 3043 3044 3044 3045 3045 3046 3046 3045 3045 3044 3044 3045 3045 3046 3046 3047 3047 3048 3048 3047 3047 3046 3046 3047 3047 3048 3048 3049 3049 3050 3050 3049 3049 3048 3048 3049 3049 3050 3050 3051 3051 3052 3052 3051 3051 3050 3050 3051 3051 3052 3052 3053 3053 3054 3054 3053 3053 3052 3052 3053 3053 3054 3054 3055 3055 3056 3056 3055 3055 3054 3054 3055 3055 3056 3056 3057 3057 3058 3058 3057 3057 3056 3056 3057 3057 3058 3058 3059 3059 3060 3060 3059 3059 3058 3058 3059 3059 3060 3060 3061 3061 3062 3062 3061 3061 3060 3060 3061 3061 3062 3062 3063 3063 3064 3064 3063 3063 3062 3062 3063 3063 3064 3064 3065 3065 3066 3066 3065 3065 3064 3064 3065 3065 3066 3066 3067 3067 3068 3068 3067 3067 3066 3066 3067 3067 3068 3068 3069 3069 3070 3070 3069 3069 3068 3068 3069 3069 3070 3070 3071 3071 3072 3072 3071 3071 3070 3070 3071 3071 3072 3072 3073 3073 3074 3074 3073 3073 3072 3072 3073 3073 3074 3074 3075 3075 3076 3076 3075 3075 3074 3074 3075 3075 3076 3076 3077 3077 3078 3078 3077 3077 3076 3076 3077 3077 3078 3078 3031 3031 3032 3032 3031 3031 3078 3078 2962 2962 3079 3079 2961 2961 3080 3080 2961 2961 3079 3079 2962 2962 2963 2963 3079 3079 2865 2865 3079 3079 2963 2963 3079 3079 2865 2865 3081 3081 2785 2785 3082 3082 2786 2786 3081 3081 2786 2786 3082 3082 2786 2786 3081 3081 2864 2864 2865 2865 2864 2864 3081 3081 2969 2969 3083 3083 2970 2970 3082 3082 2970 2970 3083 3083 2970 2970 3082 3082 2971 2971 2785 2785 2971 2971 3082 3082 2969 2969 2968 2968 3083 3083 2890 2890 3083 3083 2968 2968 3083 3083 2890 2890 3084 3084 2975 2975 3085 3085 2972 2972 3084 3084 2972 2972 3085 3085 2972 2972 3084 3084 2891 2891 2890 2890 2891 2891 3084 3084 2975 2975 2974 2974 3085 3085 2979 2979 3085 3085 2974 2974 3085 3085 2979 2979 3086 3086 2979 2979 2985 2985 3086 3086 2984 2984 3086 3086 2985 2985 3086 3086 2984 2984 3087 3087 2981 2981 3088 3088 2982 2982 3087 3087 2982 2982 3088 3088 2982 2982 3087 3087 2983 2983 2984 2984 2983 2983 3087 3087 2981 2981 2980 2980 3088 3088 2902 2902 3088 3088 2980 2980 3088 3088 2902 2902 3089 3089 2782 2782 3090 3090 2783 2783 3089 3089 2783 2783 3090 3090 2783 2783 3089 3089 2903 2903 2902 2902 2903 2903 3089 3089 2991 2991 3091 3091 2992 2992 3090 3090 2992 2992 3091 3091 2992 2992 3090 3090 2993 2993 2782 2782 2993 2993 3090 3090 2991 2991 2990 2990 3091 3091 2924 2924 3091 3091 2990 2990 3091 3091 2924 2924 3092 3092 2997 2997 3093 3093 2994 2994 3092 3092 2994 2994 3093 3093 2994 2994 3092 3092 2925 2925 2924 2924 2925 2925 3092 3092 2997 2997 2996 2996 3093 3093 3001 3001 3093 3093 2996 2996 3093 3093 3001 3001 3094 3094 3001 3001 3007 3007 3094 3094 3006 3006 3094 3094 3007 3007 3094 3094 3006 3006 3095 3095 3003 3003 3096 3096 3004 3004 3095 3095 3004 3004 3096 3096 3004 3004 3095 3095 3005 3005 3006 3006 3005 3005 3095 3095 3003 3003 3002 3002 3096 3096 2936 2936 3096 3096 3002 3002 3096 3096 2936 2936 3097 3097 2779 2779 3098 3098 2780 2780 3097 3097 2780 2780 3098 3098 2780 2780 3097 3097 2937 2937 2936 2936 2937 2937 3097 3097 3013 3013 3099 3099 3014 3014 3098 3098 3014 3014 3099 3099 3014 3014 3098 3098 3015 3015 2779 2779 3015 3015 3098 3098 3013 3013 3012 3012 3099 3099 2958 2958 3099 3099 3012 3012 3099 3099 2958 2958 3100 3100 3019 3019 3101 3101 3016 3016 3100 3100 3016 3016 3101 3101 3016 3016 3100 3100 2959 2959 2958 2958 2959 2959 3100 3100 3019 3019 3018 3018 3101 3101 2777 2777 3101 3101 3018 3018 3101 3101 2777 2777 3102 3102 2777 2777 2776 2776 3102 3102 3030 3030 3102 3102 2776 2776 3102 3102 3030 3030 3080 3080 2960 2960 3080 3080 3030 3030 3080 3080 2960 2960 2961 2961 3103 3103 3104 3104 3105 3105 3106 3106 3107 3107 3108 3108 3106 3106 3108 3108 3109 3109 3110 3110 3111 3111 3112 3112 3113 3113 3112 3112 3111 3111 3112 3112 3113 3113 3114 3114 3115 3115 3116 3116 3117 3117 3117 3117 3118 3118 3115 3115 3119 3119 3115 3115 3118 3118 3115 3115 3119 3119 3120 3120 3121 3121 3120 3120 3119 3119 3120 3120 3121 3121 3112 3112 3122 3122 3112 3112 3121 3121 3112 3112 3122 3122 3110 3110 3116 3116 3115 3115 3123 3123 3124 3124 3123 3123 3115 3115 3123 3123 3124 3124 3125 3125 3103 3103 3105 3105 3126 3126 3127 3127 3128 3128 3129 3129 3130 3130 3129 3129 3128 3128 3129 3129 3130 3130 3131 3131 3132 3132 3133 3133 3134 3134 3134 3134 3135 3135 3132 3132 3136 3136 3132 3132 3135 3135 3132 3132 3136 3136 3137 3137 3138 3138 3137 3137 3136 3136 3137 3137 3138 3138 3129 3129 3139 3139 3129 3129 3138 3138 3129 3129 3139 3139 3127 3127 3133 3133 3132 3132 3140 3140 3141 3141 3140 3140 3132 3132 3140 3140 3141 3141 3142 3142 3113 3113 3109 3109 3114 3114 3108 3108 3114 3114 3109 3109 3114 3114 3108 3108 3143 3143 3144 3144 3143 3143 3108 3108 3143 3143 3144 3144 3145 3145 3146 3146 3145 3145 3144 3144 3145 3145 3146 3146 3147 3147 3148 3148 3125 3125 3149 3149 3124 3124 3149 3149 3125 3125 3149 3149 3124 3124 3150 3150 3151 3151 3150 3150 3124 3124 3150 3150 3151 3151 3152 3152 3153 3153 3152 3152 3151 3151 3152 3152 3153 3153 3154 3154 3155 3155 3154 3154 3153 3153 3154 3154 3155 3155 3156 3156 3157 3157 3156 3156 3155 3155 3130 3130 3126 3126 3131 3131 3105 3105 3131 3131 3126 3126 3131 3131 3105 3105 3158 3158 3159 3159 3158 3158 3105 3105 3158 3158 3159 3159 3160 3160 3161 3161 3160 3160 3159 3159 3160 3160 3161 3161 3162 3162 3163 3163 3162 3162 3161 3161 3162 3162 3163 3163 3164 3164 3165 3165 3164 3164 3163 3163 3164 3164 3165 3165 3166 3166 3167 3167 3166 3166 3165 3165 3166 3166 3167 3167 3168 3168 3169 3169 3168 3168 3167 3167 3168 3168 3169 3169 3170 3170 3171 3171 3170 3170 3169 3169 3170 3170 3171 3171 3172 3172 3173 3173 3172 3172 3171 3171 3172 3172 3173 3173 3174 3174 3175 3175 3174 3174 3173 3173 3174 3174 3175 3175 3176 3176 3177 3177 3176 3176 3175 3175 3176 3176 3177 3177 3178 3178 3179 3179 3178 3178 3177 3177 3178 3178 3179 3179 3180 3180 3181 3181 3180 3180 3179 3179 3180 3180 3181 3181 3182 3182 3183 3183 3182 3182 3181 3181 3182 3182 3183 3183 3184 3184 3185 3185 3184 3184 3183 3183 3184 3184 3185 3185 3186 3186 3187 3187 3186 3186 3185 3185 3186 3186 3187 3187 3188 3188 3189 3189 3188 3188 3187 3187 3188 3188 3189 3189 3190 3190 3191 3191 3190 3190 3189 3189 3190 3190 3191 3191 3192 3192 3193 3193 3192 3192 3191 3191 3192 3192 3193 3193 3194 3194 3195 3195 3194 3194 3193 3193 3194 3194 3195 3195 3196 3196 3197 3197 3196 3196 3195 3195 3196 3196 3197 3197 3198 3198 3199 3199 3198 3198 3197 3197 3198 3198 3199 3199 3157 3157 3200 3200 3157 3157 3199 3199 3157 3157 3200 3200 3156 3156 3146 3146 3201 3201 3147 3147 3202 3202 3147 3147 3201 3201 3147 3147 3202 3202 3203 3203 3204 3204 3203 3203 3202 3202 3203 3203 3204 3204 3205 3205 3206 3206 3205 3205 3204 3204 3205 3205 3206 3206 3207 3207 3208 3208 3207 3207 3206 3206 3207 3207 3208 3208 3209 3209 3210 3210 3209 3209 3208 3208 3209 3209 3210 3210 3211 3211 3212 3212 3211 3211 3210 3210 3211 3211 3212 3212 3213 3213 3214 3214 3213 3213 3212 3212 3213 3213 3214 3214 3215 3215 3216 3216 3215 3215 3214 3214 3215 3215 3216 3216 3217 3217 3218 3218 3217 3217 3216 3216 3217 3217 3218 3218 3219 3219 3220 3220 3219 3219 3218 3218 3219 3219 3220 3220 3221 3221 3222 3222 3221 3221 3220 3220 3221 3221 3222 3222 3223 3223 3224 3224 3223 3223 3222 3222 3223 3223 3224 3224 3225 3225 3226 3226 3225 3225 3224 3224 3225 3225 3226 3226 3227 3227 3228 3228 3227 3227 3226 3226 3227 3227 3228 3228 3229 3229 3230 3230 3229 3229 3228 3228 3229 3229 3230 3230 3231 3231 3232 3232 3231 3231 3230 3230 3231 3231 3232 3232 3233 3233 3234 3234 3233 3233 3232 3232 3233 3233 3234 3234 3235 3235 3236 3236 3235 3235 3234 3234 3235 3235 3236 3236 3237 3237 3238 3238 3237 3237 3236 3236 3237 3237 3238 3238 3239 3239 3240 3240 3239 3239 3238 3238 3239 3239 3240 3240 3241 3241 3242 3242 3241 3241 3240 3240 3241 3241 3242 3242 3243 3243 3244 3244 3243 3243 3242 3242 3243 3243 3244 3244 3245 3245 3246 3246 3245 3245 3244 3244 3245 3245 3246 3246 3141 3141 3247 3247 3141 3141 3246 3246 3141 3141 3247 3247 3142 3142 3248 3248 3142 3142 3247 3247 3249 3249 3250 3250 3251 3251 3252 3252 3251 3251 3250 3250 3251 3251 3252 3252 3253 3253 3254 3254 3253 3253 3252 3252 3253 3253 3254 3254 3255 3255 3256 3256 3255 3255 3254 3254 3255 3255 3256 3256 3257 3257 3258 3258 3257 3257 3256 3256 3257 3257 3258 3258 3259 3259 3260 3260 3259 3259 3258 3258 3259 3259 3260 3260 3261 3261 3262 3262 3261 3261 3260 3260 3261 3261 3262 3262 3263 3263 3264 3264 3263 3263 3262 3262 3263 3263 3264 3264 3265 3265 3266 3266 3265 3265 3264 3264 3265 3265 3266 3266 3267 3267 3268 3268 3267 3267 3266 3266 3267 3267 3268 3268 3269 3269 3270 3270 3269 3269 3268 3268 3269 3269 3270 3270 3271 3271 3272 3272 3271 3271 3270 3270 3271 3271 3272 3272 3273 3273 3274 3274 3273 3273 3272 3272 3273 3273 3274 3274 3275 3275 3276 3276 3275 3275 3274 3274 3275 3275 3276 3276 3277 3277 3278 3278 3277 3277 3276 3276 3277 3277 3278 3278 3279 3279 3280 3280 3281 3281 3282 3282 3283 3283 3282 3282 3281 3281 3282 3282 3283 3283 3284 3284 3285 3285 3284 3284 3283 3283 3284 3284 3285 3285 3286 3286 3287 3287 3286 3286 3285 3285 3286 3286 3287 3287 3249 3249 3288 3288 3249 3249 3287 3287 3249 3249 3288 3288 3250 3250 3289 3289 3290 3290 3291 3291 3292 3292 3291 3291 3290 3290 3291 3291 3292 3292 3293 3293 3294 3294 3293 3293 3292 3292 3293 3293 3294 3294 3295 3295 3296 3296 3295 3295 3294 3294 3295 3295 3296 3296 3297 3297 3298 3298 3297 3297 3296 3296 3297 3297 3298 3298 3299 3299 3300 3300 3299 3299 3298 3298 3299 3299 3300 3300 3301 3301 3302 3302 3301 3301 3300 3300 3301 3301 3302 3302 3303 3303 3304 3304 3303 3303 3302 3302 3303 3303 3304 3304 3305 3305 3306 3306 3305 3305 3304 3304 3305 3305 3306 3306 3307 3307 3308 3308 3307 3307 3306 3306 3307 3307 3308 3308 3309 3309 3310 3310 3309 3309 3308 3308 3309 3309 3310 3310 3280 3280 3311 3311 3280 3280 3310 3310 3280 3280 3311 3311 3281 3281 3312 3312 3313 3313 3314 3314 3315 3315 3314 3314 3313 3313 3314 3314 3315 3315 3316 3316 3317 3317 3316 3316 3315 3315 3316 3316 3317 3317 3318 3318 3319 3319 3318 3318 3317 3317 3318 3318 3319 3319 3289 3289 3320 3320 3289 3289 3319 3319 3289 3289 3320 3320 3290 3290 3321 3321 3322 3322 3323 3323 3324 3324 3323 3323 3322 3322 3323 3323 3324 3324 3325 3325 3326 3326 3325 3325 3324 3324 3325 3325 3326 3326 3327 3327 3328 3328 3327 3327 3326 3326 3327 3327 3328 3328 3329 3329 3330 3330 3329 3329 3328 3328 3329 3329 3330 3330 3331 3331 3332 3332 3331 3331 3330 3330 3331 3331 3332 3332 3333 3333 3334 3334 3333 3333 3332 3332 3333 3333 3334 3334 3335 3335 3336 3336 3335 3335 3334 3334 3335 3335 3336 3336 3337 3337 3338 3338 3337 3337 3336 3336 3337 3337 3338 3338 3339 3339 3340 3340 3339 3339 3338 3338 3339 3339 3340 3340 3341 3341 3342 3342 3341 3341 3340 3340 3341 3341 3342 3342 3343 3343 3344 3344 3343 3343 3342 3342 3343 3343 3344 3344 3345 3345 3346 3346 3345 3345 3344 3344 3345 3345 3346 3346 3347 3347 3348 3348 3347 3347 3346 3346 3347 3347 3348 3348 3349 3349 3350 3350 3349 3349 3348 3348 3349 3349 3350 3350 3312 3312 3351 3351 3312 3312 3350 3350 3312 3312 3351 3351 3313 3313 3278 3278 3352 3352 3279 3279 3353 3353 3279 3279 3352 3352 3279 3279 3353 3353 3354 3354 3355 3355 3354 3354 3353 3353 3354 3354 3355 3355 3356 3356 3357 3357 3356 3356 3355 3355 3356 3356 3357 3357 3358 3358 3359 3359 3358 3358 3357 3357 3358 3358 3359 3359 3360 3360 3361 3361 3360 3360 3359 3359 3360 3360 3361 3361 3362 3362 3363 3363 3362 3362 3361 3361 3362 3362 3363 3363 3364 3364 3365 3365 3364 3364 3363 3363 3364 3364 3365 3365 3366 3366 3367 3367 3366 3366 3365 3365 3366 3366 3367 3367 3368 3368 3369 3369 3368 3368 3367 3367 3368 3368 3369 3369 3370 3370 3371 3371 3370 3370 3369 3369 3370 3370 3371 3371 3372 3372 3373 3373 3372 3372 3371 3371 3372 3372 3373 3373 3321 3321 3374 3374 3321 3321 3373 3373 3321 3321 3374 3374 3322 3322 3375 3375 3376 3376 3377 3377 3377 3377 3378 3378 3375 3375 3379 3379 3375 3375 3378 3378 3375 3375 3379 3379 3380 3380 3381 3381 3382 3382 3376 3376 3383 3383 3376 3376 3382 3382 3376 3376 3383 3383 3377 3377 3384 3384 3385 3385 3381 3381 3386 3386 3381 3381 3385 3385 3381 3381 3386 3386 3382 3382 3387 3387 3388 3388 3384 3384 3389 3389 3384 3384 3388 3388 3384 3384 3389 3389 3385 3385 3390 3390 3391 3391 3387 3387 3392 3392 3387 3387 3391 3391 3387 3387 3392 3392 3388 3388 3393 3393 3394 3394 3390 3390 3395 3395 3390 3390 3394 3394 3390 3390 3395 3395 3391 3391 3396 3396 3397 3397 3398 3398 3399 3399 3398 3398 3397 3397 3398 3398 3399 3399 3393 3393 3400 3400 3393 3393 3399 3399 3393 3393 3400 3400 3394 3394 3401 3401 3402 3402 3403 3403 3404 3404 3403 3403 3402 3402 3403 3403 3404 3404 3405 3405 3406 3406 3405 3405 3404 3404 3405 3405 3406 3406 3407 3407 3408 3408 3407 3407 3406 3406 3407 3407 3408 3408 3409 3409 3410 3410 3409 3409 3408 3408 3409 3409 3410 3410 3396 3396 3411 3411 3396 3396 3410 3410 3396 3396 3411 3411 3397 3397 3412 3412 3413 3413 3414 3414 3415 3415 3414 3414 3413 3413 3414 3414 3415 3415 3416 3416 3417 3417 3416 3416 3415 3415 3416 3416 3417 3417 3418 3418 3419 3419 3418 3418 3417 3417 3418 3418 3419 3419 3401 3401 3420 3420 3401 3401 3419 3419 3401 3401 3420 3420 3402 3402 3421 3421 3422 3422 3423 3423 3424 3424 3423 3423 3422 3422 3423 3423 3424 3424 3425 3425 3426 3426 3425 3425 3424 3424 3425 3425 3426 3426 3427 3427 3428 3428 3427 3427 3426 3426 3427 3427 3428 3428 3429 3429 3430 3430 3429 3429 3428 3428 3429 3429 3430 3430 3431 3431 3432 3432 3431 3431 3430 3430 3431 3431 3432 3432 3412 3412 3433 3433 3412 3412 3432 3432 3412 3412 3433 3433 3413 3413 3434 3434 3435 3435 3436 3436 3436 3436 3437 3437 3434 3434 3438 3438 3434 3434 3437 3437 3434 3434 3438 3438 3421 3421 3439 3439 3421 3421 3438 3438 3421 3421 3439 3439 3422 3422 3440 3440 3441 3441 3435 3435 3442 3442 3435 3435 3441 3441 3435 3435 3442 3442 3436 3436 3443 3443 3444 3444 3440 3440 3445 3445 3440 3440 3444 3444 3440 3440 3445 3445 3441 3441 3446 3446 3447 3447 3443 3443 3448 3448 3443 3443 3447 3447 3443 3443 3448 3448 3444 3444 3449 3449 3450 3450 3446 3446 3451 3451 3446 3446 3450 3450 3446 3446 3451 3451 3447 3447 3452 3452 3453 3453 3449 3449 3454 3454 3449 3449 3453 3453 3449 3449 3454 3454 3450 3450 3455 3455 3456 3456 3457 3457 3458 3458 3457 3457 3456 3456 3457 3457 3458 3458 3452 3452 3459 3459 3452 3452 3458 3458 3452 3452 3459 3459 3453 3453 3460 3460 3461 3461 3462 3462 3463 3463 3462 3462 3461 3461 3462 3462 3463 3463 3464 3464 3465 3465 3464 3464 3463 3463 3464 3464 3465 3465 3466 3466 3467 3467 3466 3466 3465 3465 3466 3466 3467 3467 3468 3468 3469 3469 3468 3468 3467 3467 3468 3468 3469 3469 3455 3455 3470 3470 3455 3455 3469 3469 3455 3455 3470 3470 3456 3456 3471 3471 3472 3472 3473 3473 3474 3474 3473 3473 3472 3472 3473 3473 3474 3474 3475 3475 3476 3476 3475 3475 3474 3474 3475 3475 3476 3476 3477 3477 3478 3478 3477 3477 3476 3476 3477 3477 3478 3478 3460 3460 3479 3479 3460 3460 3478 3478 3460 3460 3479 3479 3461 3461 3379 3379 3480 3480 3380 3380 3481 3481 3380 3380 3480 3480 3380 3380 3481 3481 3482 3482 3483 3483 3482 3482 3481 3481 3482 3482 3483 3483 3484 3484 3485 3485 3484 3484 3483 3483 3484 3484 3485 3485 3486 3486 3487 3487 3486 3486 3485 3485 3486 3486 3487 3487 3488 3488 3489 3489 3488 3488 3487 3487 3488 3488 3489 3489 3490 3490 3491 3491 3490 3490 3489 3489 3490 3490 3491 3491 3471 3471 3492 3492 3471 3471 3491 3491 3471 3471 3492 3492 3472 3472 3493 3493 3494 3494 3495 3495 3496 3496 3495 3495 3494 3494 3495 3495 3496 3496 3497 3497 3498 3498 3497 3497 3496 3496 3497 3497 3498 3498 3499 3499 3500 3500 3501 3501 3502 3502 3503 3503 3502 3502 3501 3501 3502 3502 3503 3503 3504 3504 3505 3505 3504 3504 3503 3503 3504 3504 3505 3505 3506 3506 3507 3507 3506 3506 3505 3505 3506 3506 3507 3507 3508 3508 3498 3498 3509 3509 3499 3499 3510 3510 3499 3499 3509 3509 3499 3499 3510 3510 3511 3511 3512 3512 3511 3511 3510 3510 3511 3511 3512 3512 3513 3513 3514 3514 3513 3513 3512 3512 3513 3513 3514 3514 3515 3515 3516 3516 3515 3515 3514 3514 3515 3515 3516 3516 3517 3517 3518 3518 3517 3517 3516 3516 3517 3517 3518 3518 3519 3519 3518 3518 3520 3520 3519 3519 3521 3521 3519 3519 3520 3520 3519 3519 3521 3521 3522 3522 3523 3523 3522 3522 3521 3521 3522 3522 3523 3523 3524 3524 3525 3525 3524 3524 3523 3523 3524 3524 3525 3525 3526 3526 3527 3527 3526 3526 3525 3525 3526 3526 3527 3527 3500 3500 3528 3528 3500 3500 3527 3527 3500 3500 3528 3528 3501 3501 3529 3529 3530 3530 3531 3531 3532 3532 3531 3531 3530 3530 3531 3531 3532 3532 3533 3533 3534 3534 3533 3533 3532 3532 3533 3533 3534 3534 3535 3535 3536 3536 3535 3535 3534 3534 3535 3535 3536 3536 3493 3493 3537 3537 3493 3493 3536 3536 3493 3493 3537 3537 3494 3494 3507 3507 3538 3538 3508 3508 3539 3539 3508 3508 3538 3538 3508 3508 3539 3539 3540 3540 3541 3541 3540 3540 3539 3539 3540 3540 3541 3541 3542 3542 3543 3543 3542 3542 3541 3541 3542 3542 3543 3543 3544 3544 3545 3545 3544 3544 3543 3543 3544 3544 3545 3545 3529 3529 3546 3546 3529 3529 3545 3545 3529 3529 3546 3546 3530 3530 3547 3547 3548 3548 3549 3549 3550 3550 3549 3549 3548 3548 3549 3549 3550 3550 3551 3551 3552 3552 3551 3551 3550 3550 3551 3551 3552 3552 3553 3553 3554 3554 3555 3555 3556 3556 3557 3557 3556 3556 3555 3555 3556 3556 3557 3557 3558 3558 3559 3559 3558 3558 3557 3557 3558 3558 3559 3559 3560 3560 3561 3561 3560 3560 3559 3559 3560 3560 3561 3561 3562 3562 3563 3563 3564 3564 3565 3565 3566 3566 3565 3565 3564 3564 3565 3565 3566 3566 3567 3567 3568 3568 3567 3567 3566 3566 3567 3567 3568 3568 3569 3569 3570 3570 3569 3569 3568 3568 3569 3569 3570 3570 3571 3571 3572 3572 3571 3571 3570 3570 3571 3571 3572 3572 3554 3554 3573 3573 3554 3554 3572 3572 3554 3554 3573 3573 3555 3555 3574 3574 3575 3575 3576 3576 3577 3577 3576 3576 3575 3575 3576 3576 3577 3577 3578 3578 3579 3579 3578 3578 3577 3577 3578 3578 3579 3579 3580 3580 3581 3581 3580 3580 3579 3579 3580 3580 3581 3581 3547 3547 3582 3582 3547 3547 3581 3581 3547 3547 3582 3582 3548 3548 3561 3561 3583 3583 3562 3562 3584 3584 3562 3562 3583 3583 3562 3562 3584 3584 3585 3585 3586 3586 3585 3585 3584 3584 3585 3585 3586 3586 3587 3587 3588 3588 3587 3587 3586 3586 3587 3587 3588 3588 3589 3589 3590 3590 3589 3589 3588 3588 3589 3589 3590 3590 3574 3574 3591 3591 3574 3574 3590 3590 3574 3574 3591 3591 3575 3575 3552 3552 3592 3592 3553 3553 3593 3593 3553 3553 3592 3592 3553 3553 3593 3593 3594 3594 3595 3595 3594 3594 3593 3593 3594 3594 3595 3595 3596 3596 3597 3597 3596 3596 3595 3595 3596 3596 3597 3597 3598 3598 3599 3599 3598 3598 3597 3597 3598 3598 3599 3599 3563 3563 3600 3600 3563 3563 3599 3599 3563 3563 3600 3600 3564 3564 3601 3601 3602 3602 3603 3603 3603 3603 3604 3604 3601 3601 3605 3605 3601 3601 3604 3604 3601 3601 3605 3605 3606 3606 3607 3607 3608 3608 3602 3602 3609 3609 3602 3602 3608 3608 3602 3602 3609 3609 3603 3603 3610 3610 3611 3611 3607 3607 3612 3612 3607 3607 3611 3611 3607 3607 3612 3612 3608 3608 3613 3613 3614 3614 3610 3610 3615 3615 3610 3610 3614 3614 3610 3610 3615 3615 3611 3611 3616 3616 3617 3617 3613 3613 3618 3618 3613 3613 3617 3617 3613 3613 3618 3618 3614 3614 3619 3619 3620 3620 3616 3616 3621 3621 3616 3616 3620 3620 3616 3616 3621 3621 3617 3617 3622 3622 3623 3623 3624 3624 3625 3625 3624 3624 3623 3623 3624 3624 3625 3625 3619 3619 3626 3626 3619 3619 3625 3625 3619 3619 3626 3626 3620 3620 3627 3627 3628 3628 3629 3629 3630 3630 3629 3629 3628 3628 3629 3629 3630 3630 3631 3631 3632 3632 3631 3631 3630 3630 3631 3631 3632 3632 3633 3633 3634 3634 3633 3633 3632 3632 3633 3633 3634 3634 3635 3635 3636 3636 3635 3635 3634 3634 3635 3635 3636 3636 3622 3622 3637 3637 3622 3622 3636 3636 3622 3622 3637 3637 3623 3623 3638 3638 3639 3639 3640 3640 3641 3641 3640 3640 3639 3639 3640 3640 3641 3641 3642 3642 3643 3643 3642 3642 3641 3641 3642 3642 3643 3643 3644 3644 3645 3645 3644 3644 3643 3643 3644 3644 3645 3645 3627 3627 3646 3646 3627 3627 3645 3645 3627 3627 3646 3646 3628 3628 3647 3647 3648 3648 3649 3649 3650 3650 3649 3649 3648 3648 3649 3649 3650 3650 3651 3651 3652 3652 3651 3651 3650 3650 3651 3651 3652 3652 3653 3653 3654 3654 3653 3653 3652 3652 3653 3653 3654 3654 3655 3655 3656 3656 3655 3655 3654 3654 3655 3655 3656 3656 3657 3657 3658 3658 3657 3657 3656 3656 3657 3657 3658 3658 3638 3638 3659 3659 3638 3638 3658 3658 3638 3638 3659 3659 3639 3639 3660 3660 3661 3661 3662 3662 3662 3662 3663 3663 3660 3660 3664 3664 3660 3660 3663 3663 3660 3660 3664 3664 3647 3647 3665 3665 3647 3647 3664 3664 3647 3647 3665 3665 3648 3648 3666 3666 3667 3667 3661 3661 3668 3668 3661 3661 3667 3667 3661 3661 3668 3668 3662 3662 3669 3669 3670 3670 3666 3666 3671 3671 3666 3666 3670 3670 3666 3666 3671 3671 3667 3667 3672 3672 3673 3673 3669 3669 3674 3674 3669 3669 3673 3673 3669 3669 3674 3674 3670 3670 3675 3675 3676 3676 3672 3672 3677 3677 3672 3672 3676 3676 3672 3672 3677 3677 3673 3673 3678 3678 3679 3679 3675 3675 3680 3680 3675 3675 3679 3679 3675 3675 3680 3680 3676 3676 3681 3681 3682 3682 3683 3683 3684 3684 3683 3683 3682 3682 3683 3683 3684 3684 3678 3678 3685 3685 3678 3678 3684 3684 3678 3678 3685 3685 3679 3679 3686 3686 3687 3687 3688 3688 3689 3689 3688 3688 3687 3687 3688 3688 3689 3689 3690 3690 3691 3691 3690 3690 3689 3689 3690 3690 3691 3691 3692 3692 3693 3693 3692 3692 3691 3691 3692 3692 3693 3693 3694 3694 3695 3695 3694 3694 3693 3693 3694 3694 3695 3695 3681 3681 3696 3696 3681 3681 3695 3695 3681 3681 3696 3696 3682 3682 3697 3697 3698 3698 3699 3699 3700 3700 3699 3699 3698 3698 3699 3699 3700 3700 3701 3701 3702 3702 3701 3701 3700 3700 3701 3701 3702 3702 3703 3703 3704 3704 3703 3703 3702 3702 3703 3703 3704 3704 3686 3686 3705 3705 3686 3686 3704 3704 3686 3686 3705 3705 3687 3687 3605 3605 3706 3706 3606 3606 3707 3707 3606 3606 3706 3706 3606 3606 3707 3707 3708 3708 3709 3709 3708 3708 3707 3707 3708 3708 3709 3709 3710 3710 3711 3711 3710 3710 3709 3709 3710 3710 3711 3711 3712 3712 3713 3713 3712 3712 3711 3711 3712 3712 3713 3713 3714 3714 3715 3715 3714 3714 3713 3713 3714 3714 3715 3715 3716 3716 3717 3717 3716 3716 3715 3715 3716 3716 3717 3717 3697 3697 3718 3718 3697 3697 3717 3717 3697 3697 3718 3718 3698 3698 3719 3719 3720 3720 3721 3721 3722 3722 3721 3721 3720 3720 3721 3721 3722 3722 3723 3723 3724 3724 3725 3725 3721 3721 3726 3726 3721 3721 3725 3725 3721 3721 3726 3726 3719 3719 3727 3727 3728 3728 3721 3721 3729 3729 3721 3721 3728 3728 3721 3721 3729 3729 3724 3724 3730 3730 3731 3731 3721 3721 3732 3732 3721 3721 3731 3731 3721 3721 3732 3732 3727 3727 3733 3733 3734 3734 3721 3721 3735 3735 3721 3721 3734 3734 3721 3721 3735 3735 3730 3730 3736 3736 3737 3737 3721 3721 3738 3738 3721 3721 3737 3737 3721 3721 3738 3738 3733 3733 3739 3739 3740 3740 3721 3721 3741 3741 3721 3721 3740 3740 3721 3721 3741 3741 3736 3736 3723 3723 3742 3742 3721 3721 3743 3743 3721 3721 3742 3742 3721 3721 3743 3743 3739 3739 3744 3744 3745 3745 3746 3746 3747 3747 3746 3746 3745 3745 3746 3746 3747 3747 3748 3748 3749 3749 3748 3748 3747 3747 3748 3748 3749 3749 3750 3750 3751 3751 3750 3750 3749 3749 3750 3750 3751 3751 3752 3752 3753 3753 3752 3752 3751 3751 3752 3752 3753 3753 3754 3754 3755 3755 3754 3754 3753 3753 3754 3754 3755 3755 3756 3756 3757 3757 3756 3756 3755 3755 3756 3756 3757 3757 3758 3758 3759 3759 3758 3758 3757 3757 3758 3758 3759 3759 3760 3760 3761 3761 3760 3760 3759 3759 3760 3760 3761 3761 3762 3762 3763 3763 3762 3762 3761 3761 3762 3762 3763 3763 3764 3764 3765 3765 3764 3764 3763 3763 3764 3764 3765 3765 3766 3766 3767 3767 3766 3766 3765 3765 3766 3766 3767 3767 3768 3768 3769 3769 3768 3768 3767 3767 3768 3768 3769 3769 3770 3770 3771 3771 3770 3770 3769 3769 3770 3770 3771 3771 3772 3772 3773 3773 3772 3772 3771 3771 3772 3772 3773 3773 3774 3774 3775 3775 3774 3774 3773 3773 3774 3774 3775 3775 3776 3776 3777 3777 3776 3776 3775 3775 3776 3776 3777 3777 3778 3778 3779 3779 3778 3778 3777 3777 3778 3778 3779 3779 3780 3780 3781 3781 3780 3780 3779 3779 3780 3780 3781 3781 3782 3782 3783 3783 3782 3782 3781 3781 3782 3782 3783 3783 3784 3784 3785 3785 3784 3784 3783 3783 3784 3784 3785 3785 3786 3786 3787 3787 3786 3786 3785 3785 3786 3786 3787 3787 3788 3788 3789 3789 3788 3788 3787 3787 3788 3788 3789 3789 3790 3790 3791 3791 3790 3790 3789 3789 3790 3790 3791 3791 3744 3744 3745 3745 3744 3744 3791 3791 3792 3792 3793 3793 3794 3794 3795 3795 3794 3794 3793 3793 3794 3794 3795 3795 3796 3796 3797 3797 3798 3798 3794 3794 3799 3799 3794 3794 3798 3798 3794 3794 3799 3799 3792 3792 3800 3800 3801 3801 3794 3794 3802 3802 3794 3794 3801 3801 3794 3794 3802 3802 3797 3797 3803 3803 3804 3804 3794 3794 3805 3805 3794 3794 3804 3804 3794 3794 3805 3805 3800 3800 3806 3806 3807 3807 3794 3794 3808 3808 3794 3794 3807 3807 3794 3794 3808 3808 3803 3803 3809 3809 3810 3810 3794 3794 3811 3811 3794 3794 3810 3810 3794 3794 3811 3811 3806 3806 3812 3812 3813 3813 3794 3794 3814 3814 3794 3794 3813 3813 3794 3794 3814 3814 3809 3809 3796 3796 3815 3815 3794 3794 3816 3816 3794 3794 3815 3815 3794 3794 3816 3816 3812 3812 3817 3817 3818 3818 3819 3819 3820 3820 3819 3819 3818 3818 3819 3819 3820 3820 3821 3821 3822 3822 3821 3821 3820 3820 3821 3821 3822 3822 3823 3823 3824 3824 3823 3823 3822 3822 3823 3823 3824 3824 3825 3825 3826 3826 3825 3825 3824 3824 3825 3825 3826 3826 3827 3827 3828 3828 3827 3827 3826 3826 3827 3827 3828 3828 3829 3829 3830 3830 3829 3829 3828 3828 3829 3829 3830 3830 3831 3831 3832 3832 3831 3831 3830 3830 3831 3831 3832 3832 3833 3833 3834 3834 3833 3833 3832 3832 3833 3833 3834 3834 3835 3835 3836 3836 3835 3835 3834 3834 3835 3835 3836 3836 3837 3837 3838 3838 3837 3837 3836 3836 3837 3837 3838 3838 3839 3839 3840 3840 3839 3839 3838 3838 3839 3839 3840 3840 3841 3841 3842 3842 3841 3841 3840 3840 3841 3841 3842 3842 3843 3843 3844 3844 3843 3843 3842 3842 3843 3843 3844 3844 3845 3845 3846 3846 3845 3845 3844 3844 3845 3845 3846 3846 3847 3847 3848 3848 3847 3847 3846 3846 3847 3847 3848 3848 3849 3849 3850 3850 3849 3849 3848 3848 3849 3849 3850 3850 3851 3851 3852 3852 3851 3851 3850 3850 3851 3851 3852 3852 3853 3853 3854 3854 3853 3853 3852 3852 3853 3853 3854 3854 3855 3855 3856 3856 3855 3855 3854 3854 3855 3855 3856 3856 3857 3857 3858 3858 3857 3857 3856 3856 3857 3857 3858 3858 3859 3859 3860 3860 3859 3859 3858 3858 3859 3859 3860 3860 3861 3861 3862 3862 3861 3861 3860 3860 3861 3861 3862 3862 3863 3863 3864 3864 3863 3863 3862 3862 3863 3863 3864 3864 3817 3817 3818 3818 3817 3817 3864 3864 3865 3865 3866 3866 3867 3867 3868 3868 3867 3867 3866 3866 3867 3867 3868 3868 3869 3869 3870 3870 3871 3871 3867 3867 3872 3872 3867 3867 3871 3871 3867 3867 3872 3872 3865 3865 3873 3873 3874 3874 3867 3867 3875 3875 3867 3867 3874 3874 3867 3867 3875 3875 3870 3870 3876 3876 3877 3877 3867 3867 3878 3878 3867 3867 3877 3877 3867 3867 3878 3878 3873 3873 3879 3879 3880 3880 3867 3867 3881 3881 3867 3867 3880 3880 3867 3867 3881 3881 3876 3876 3882 3882 3883 3883 3867 3867 3884 3884 3867 3867 3883 3883 3867 3867 3884 3884 3879 3879 3885 3885 3886 3886 3867 3867 3887 3887 3867 3867 3886 3886 3867 3867 3887 3887 3882 3882 3869 3869 3888 3888 3867 3867 3889 3889 3867 3867 3888 3888 3867 3867 3889 3889 3885 3885 3890 3890 3891 3891 3892 3892 3893 3893 3892 3892 3891 3891 3892 3892 3893 3893 3894 3894 3895 3895 3894 3894 3893 3893 3894 3894 3895 3895 3896 3896 3897 3897 3896 3896 3895 3895 3896 3896 3897 3897 3898 3898 3899 3899 3898 3898 3897 3897 3898 3898 3899 3899 3900 3900 3901 3901 3900 3900 3899 3899 3900 3900 3901 3901 3902 3902 3903 3903 3902 3902 3901 3901 3902 3902 3903 3903 3904 3904 3905 3905 3904 3904 3903 3903 3904 3904 3905 3905 3906 3906 3907 3907 3906 3906 3905 3905 3906 3906 3907 3907 3908 3908 3909 3909 3908 3908 3907 3907 3908 3908 3909 3909 3910 3910 3911 3911 3910 3910 3909 3909 3910 3910 3911 3911 3912 3912 3913 3913 3912 3912 3911 3911 3912 3912 3913 3913 3914 3914 3915 3915 3914 3914 3913 3913 3914 3914 3915 3915 3916 3916 3917 3917 3916 3916 3915 3915 3916 3916 3917 3917 3918 3918 3919 3919 3918 3918 3917 3917 3918 3918 3919 3919 3920 3920 3921 3921 3920 3920 3919 3919 3920 3920 3921 3921 3922 3922 3923 3923 3922 3922 3921 3921 3922 3922 3923 3923 3924 3924 3925 3925 3924 3924 3923 3923 3924 3924 3925 3925 3926 3926 3927 3927 3926 3926 3925 3925 3926 3926 3927 3927 3928 3928 3929 3929 3928 3928 3927 3927 3928 3928 3929 3929 3930 3930 3931 3931 3930 3930 3929 3929 3930 3930 3931 3931 3932 3932 3933 3933 3932 3932 3931 3931 3932 3932 3933 3933 3934 3934 3935 3935 3934 3934 3933 3933 3934 3934 3935 3935 3936 3936 3937 3937 3936 3936 3935 3935 3936 3936 3937 3937 3890 3890 3891 3891 3890 3890 3937 3937 3938 3938 3939 3939 3940 3940 3941 3941 3940 3940 3939 3939 3940 3940 3941 3941 3942 3942 3943 3943 3942 3942 3941 3941 3942 3942 3943 3943 3944 3944 3945 3945 3944 3944 3943 3943 3944 3944 3945 3945 3946 3946 3947 3947 3946 3946 3945 3945 3946 3946 3947 3947 3948 3948 3949 3949 3948 3948 3947 3947 3948 3948 3949 3949 3950 3950 3951 3951 3950 3950 3949 3949 3950 3950 3951 3951 3952 3952 3953 3953 3952 3952 3951 3951 3952 3952 3953 3953 3954 3954 3955 3955 3954 3954 3953 3953 3954 3954 3955 3955 3956 3956 3957 3957 3956 3956 3955 3955 3956 3956 3957 3957 3958 3958 3959 3959 3958 3958 3957 3957 3958 3958 3959 3959 3960 3960 3961 3961 3960 3960 3959 3959 3960 3960 3961 3961 3962 3962 3963 3963 3962 3962 3961 3961 3962 3962 3963 3963 3964 3964 3965 3965 3964 3964 3963 3963 3964 3964 3965 3965 3966 3966 3967 3967 3966 3966 3965 3965 3966 3966 3967 3967 3968 3968 3969 3969 3968 3968 3967 3967 3968 3968 3969 3969 3970 3970 3971 3971 3970 3970 3969 3969 3970 3970 3971 3971 3972 3972 3973 3973 3972 3972 3971 3971 3972 3972 3973 3973 3974 3974 3975 3975 3974 3974 3973 3973 3974 3974 3975 3975 3976 3976 3977 3977 3976 3976 3975 3975 3976 3976 3977 3977 3978 3978 3979 3979 3978 3978 3977 3977 3978 3978 3979 3979 3980 3980 3981 3981 3980 3980 3979 3979 3980 3980 3981 3981 3982 3982 3983 3983 3982 3982 3981 3981 3982 3982 3983 3983 3984 3984 3985 3985 3984 3984 3983 3983 3984 3984 3985 3985 3938 3938 3939 3939 3938 3938 3985 3985 3986 3986 3987 3987 3988 3988 3989 3989 3988 3988 3987 3987 3988 3988 3989 3989 3990 3990 3991 3991 3992 3992 3988 3988 3993 3993 3988 3988 3992 3992 3988 3988 3993 3993 3986 3986 3994 3994 3995 3995 3988 3988 3996 3996 3988 3988 3995 3995 3988 3988 3996 3996 3991 3991 3997 3997 3998 3998 3988 3988 3999 3999 3988 3988 3998 3998 3988 3988 3999 3999 3994 3994 4000 4000 4001 4001 3988 3988 4002 4002 3988 3988 4001 4001 3988 3988 4002 4002 3997 3997 4003 4003 4004 4004 3988 3988 4005 4005 3988 3988 4004 4004 3988 3988 4005 4005 4000 4000 4006 4006 4007 4007 3988 3988 4008 4008 3988 3988 4007 4007 3988 3988 4008 4008 4003 4003 3990 3990 4009 4009 3988 3988 4010 4010 3988 3988 4009 4009 3988 3988 4010 4010 4006 4006 4011 4011 4012 4012 4013 4013 4014 4014 4013 4013 4012 4012 4013 4013 4014 4014 4015 4015 4016 4016 4015 4015 4014 4014 4015 4015 4016 4016 4017 4017 4018 4018 4019 4019 4020 4020 4021 4021 4020 4020 4019 4019 4020 4020 4021 4021 4022 4022 4023 4023 4022 4022 4021 4021 4022 4022 4023 4023 4024 4024 4025 4025 4024 4024 4023 4023 4024 4024 4025 4025 4026 4026 4016 4016 4027 4027 4017 4017 4028 4028 4017 4017 4027 4027 4017 4017 4028 4028 4029 4029 4030 4030 4029 4029 4028 4028 4029 4029 4030 4030 4031 4031 4032 4032 4031 4031 4030 4030 4031 4031 4032 4032 4033 4033 4034 4034 4033 4033 4032 4032 4033 4033 4034 4034 4035 4035 4036 4036 4035 4035 4034 4034 4035 4035 4036 4036 4037 4037 4036 4036 4038 4038 4037 4037 4039 4039 4037 4037 4038 4038 4037 4037 4039 4039 4040 4040 4041 4041 4040 4040 4039 4039 4040 4040 4041 4041 4042 4042 4043 4043 4042 4042 4041 4041 4042 4042 4043 4043 4044 4044 4045 4045 4044 4044 4043 4043 4044 4044 4045 4045 4018 4018 4046 4046 4018 4018 4045 4045 4018 4018 4046 4046 4019 4019 4047 4047 4048 4048 4049 4049 4050 4050 4049 4049 4048 4048 4049 4049 4050 4050 4051 4051 4052 4052 4051 4051 4050 4050 4051 4051 4052 4052 4053 4053 4054 4054 4053 4053 4052 4052 4053 4053 4054 4054 4011 4011 4055 4055 4011 4011 4054 4054 4011 4011 4055 4055 4012 4012 4025 4025 4056 4056 4026 4026 4057 4057 4026 4026 4056 4056 4026 4026 4057 4057 4058 4058 4059 4059 4058 4058 4057 4057 4058 4058 4059 4059 4060 4060 4061 4061 4060 4060 4059 4059 4060 4060 4061 4061 4062 4062 4063 4063 4062 4062 4061 4061 4062 4062 4063 4063 4047 4047 4064 4064 4047 4047 4063 4063 4047 4047 4064 4064 4048 4048 4065 4065 4066 4066 4067 4067 4068 4068 4069 4069 4070 4070 4071 4071 4070 4070 4069 4069 4070 4070 4071 4071 4066 4066 4072 4072 4066 4066 4071 4071 4066 4066 4072 4072 4067 4067 4073 4073 4074 4074 4075 4075 4076 4076 4075 4075 4074 4074 4075 4075 4076 4076 4077 4077 4078 4078 4077 4077 4076 4076 4077 4077 4078 4078 4079 4079 4080 4080 4079 4079 4078 4078 4079 4079 4080 4080 4081 4081 4082 4082 4081 4081 4080 4080 4081 4081 4082 4082 4068 4068 4083 4083 4068 4068 4082 4082 4068 4068 4083 4083 4069 4069 4084 4084 4085 4085 4086 4086 4087 4087 4086 4086 4085 4085 4086 4086 4087 4087 4088 4088 4089 4089 4088 4088 4087 4087 4088 4088 4089 4089 4090 4090 4091 4091 4090 4090 4089 4089 4090 4090 4091 4091 4073 4073 4092 4092 4073 4073 4091 4091 4073 4073 4092 4092 4074 4074 4093 4093 4094 4094 4095 4095 4096 4096 4095 4095 4094 4094 4095 4095 4096 4096 4097 4097 4098 4098 4097 4097 4096 4096 4097 4097 4098 4098 4099 4099 4100 4100 4099 4099 4098 4098 4099 4099 4100 4100 4101 4101 4102 4102 4101 4101 4100 4100 4101 4101 4102 4102 4103 4103 4104 4104 4103 4103 4102 4102 4103 4103 4104 4104 4084 4084 4105 4105 4084 4084 4104 4104 4084 4084 4105 4105 4085 4085 4106 4106 4107 4107 4108 4108 4108 4108 4109 4109 4106 4106 4110 4110 4106 4106 4109 4109 4106 4106 4110 4110 4093 4093 4111 4111 4093 4093 4110 4110 4093 4093 4111 4111 4094 4094 4112 4112 4113 4113 4107 4107 4114 4114 4107 4107 4113 4113 4107 4107 4114 4114 4108 4108 4115 4115 4116 4116 4112 4112 4117 4117 4112 4112 4116 4116 4112 4112 4117 4117 4113 4113 4118 4118 4119 4119 4115 4115 4120 4120 4115 4115 4119 4119 4115 4115 4120 4120 4116 4116 4121 4121 4122 4122 4118 4118 4123 4123 4118 4118 4122 4122 4118 4118 4123 4123 4119 4119 4124 4124 4125 4125 4121 4121 4126 4126 4121 4121 4125 4125 4121 4121 4126 4126 4122 4122 4127 4127 4128 4128 4129 4129 4130 4130 4129 4129 4128 4128 4129 4129 4130 4130 4124 4124 4131 4131 4124 4124 4130 4130 4124 4124 4131 4131 4125 4125 4132 4132 4133 4133 4134 4134 4135 4135 4134 4134 4133 4133 4134 4134 4135 4135 4136 4136 4137 4137 4136 4136 4135 4135 4136 4136 4137 4137 4138 4138 4139 4139 4138 4138 4137 4137 4138 4138 4139 4139 4140 4140 4141 4141 4140 4140 4139 4139 4140 4140 4141 4141 4127 4127 4142 4142 4127 4127 4141 4141 4127 4127 4142 4142 4128 4128 4143 4143 4144 4144 4145 4145 4146 4146 4145 4145 4144 4144 4145 4145 4146 4146 4147 4147 4148 4148 4147 4147 4146 4146 4147 4147 4148 4148 4149 4149 4150 4150 4149 4149 4148 4148 4149 4149 4150 4150 4132 4132 4151 4151 4132 4132 4150 4150 4132 4132 4151 4151 4133 4133 4152 4152 4153 4153 4154 4154 4155 4155 4154 4154 4153 4153 4154 4154 4155 4155 4156 4156 4157 4157 4156 4156 4155 4155 4156 4156 4157 4157 4158 4158 4159 4159 4158 4158 4157 4157 4158 4158 4159 4159 4160 4160 4161 4161 4160 4160 4159 4159 4160 4160 4161 4161 4162 4162 4163 4163 4162 4162 4161 4161 4162 4162 4163 4163 4143 4143 4164 4164 4143 4143 4163 4163 4143 4143 4164 4164 4144 4144 4165 4165 4166 4166 4167 4167 4167 4167 4168 4168 4165 4165 4169 4169 4165 4165 4168 4168 4165 4165 4169 4169 4152 4152 4170 4170 4152 4152 4169 4169 4152 4152 4170 4170 4153 4153 4171 4171 4172 4172 4166 4166 4173 4173 4166 4166 4172 4172 4166 4166 4173 4173 4167 4167 4174 4174 4175 4175 4171 4171 4176 4176 4171 4171 4175 4175 4171 4171 4176 4176 4172 4172 4177 4177 4178 4178 4174 4174 4179 4179 4174 4174 4178 4178 4174 4174 4179 4179 4175 4175 4067 4067 4180 4180 4065 4065 4181 4181 4065 4065 4180 4180 4065 4065 4181 4181 4177 4177 4182 4182 4177 4177 4181 4181 4177 4177 4182 4182 4178 4178 4183 4183 4184 4184 4185 4185 4186 4186 4185 4185 4184 4184 4185 4185 4186 4186 4187 4187 4188 4188 4187 4187 4186 4186 4187 4187 4188 4188 4189 4189 4190 4190 4189 4189 4188 4188 4189 4189 4190 4190 4191 4191 4192 4192 4193 4193 4194 4194 4195 4195 4194 4194 4193 4193 4194 4194 4195 4195 4196 4196 4197 4197 4196 4196 4195 4195 4196 4196 4197 4197 4198 4198 4199 4199 4200 4200 4201 4201 4202 4202 4201 4201 4200 4200 4201 4201 4202 4202 4203 4203 4204 4204 4203 4203 4202 4202 4203 4203 4204 4204 4205 4205 4206 4206 4205 4205 4204 4204 4205 4205 4206 4206 4192 4192 4207 4207 4192 4192 4206 4206 4192 4192 4207 4207 4193 4193 4208 4208 4209 4209 4210 4210 4211 4211 4210 4210 4209 4209 4210 4210 4211 4211 4212 4212 4213 4213 4212 4212 4211 4211 4212 4212 4213 4213 4214 4214 4215 4215 4214 4214 4213 4213 4214 4214 4215 4215 4183 4183 4216 4216 4183 4183 4215 4215 4183 4183 4216 4216 4184 4184 4197 4197 4217 4217 4198 4198 4218 4218 4198 4198 4217 4217 4198 4198 4218 4218 4219 4219 4220 4220 4219 4219 4218 4218 4219 4219 4220 4220 4221 4221 4222 4222 4221 4221 4220 4220 4221 4221 4222 4222 4223 4223 4224 4224 4223 4223 4222 4222 4223 4223 4224 4224 4208 4208 4225 4225 4208 4208 4224 4224 4208 4208 4225 4225 4209 4209 4190 4190 4226 4226 4191 4191 4227 4227 4191 4191 4226 4226 4191 4191 4227 4227 4228 4228 4229 4229 4228 4228 4227 4227 4228 4228 4229 4229 4230 4230 4231 4231 4230 4230 4229 4229 4230 4230 4231 4231 4232 4232 4233 4233 4232 4232 4231 4231 4232 4232 4233 4233 4234 4234 4235 4235 4234 4234 4233 4233 4234 4234 4235 4235 4199 4199 4236 4236 4199 4199 4235 4235 4199 4199 4236 4236 4200 4200 4237 4237 4238 4238 4239 4239 4240 4240 4241 4241 4242 4242 4243 4243 4242 4242 4241 4241 4242 4242 4243 4243 4238 4238 4244 4244 4238 4238 4243 4243 4238 4238 4244 4244 4239 4239 4245 4245 4246 4246 4247 4247 4248 4248 4247 4247 4246 4246 4247 4247 4248 4248 4249 4249 4250 4250 4249 4249 4248 4248 4249 4249 4250 4250 4251 4251 4252 4252 4251 4251 4250 4250 4251 4251 4252 4252 4253 4253 4254 4254 4253 4253 4252 4252 4253 4253 4254 4254 4240 4240 4255 4255 4240 4240 4254 4254 4240 4240 4255 4255 4241 4241 4256 4256 4257 4257 4258 4258 4259 4259 4258 4258 4257 4257 4258 4258 4259 4259 4260 4260 4261 4261 4260 4260 4259 4259 4260 4260 4261 4261 4262 4262 4263 4263 4262 4262 4261 4261 4262 4262 4263 4263 4245 4245 4264 4264 4245 4245 4263 4263 4245 4245 4264 4264 4246 4246 4265 4265 4266 4266 4267 4267 4268 4268 4267 4267 4266 4266 4267 4267 4268 4268 4269 4269 4270 4270 4269 4269 4268 4268 4269 4269 4270 4270 4271 4271 4272 4272 4271 4271 4270 4270 4271 4271 4272 4272 4273 4273 4274 4274 4273 4273 4272 4272 4273 4273 4274 4274 4275 4275 4276 4276 4275 4275 4274 4274 4275 4275 4276 4276 4256 4256 4277 4277 4256 4256 4276 4276 4256 4256 4277 4277 4257 4257 4278 4278 4279 4279 4280 4280 4280 4280 4281 4281 4278 4278 4282 4282 4278 4278 4281 4281 4278 4278 4282 4282 4265 4265 4283 4283 4265 4265 4282 4282 4265 4265 4283 4283 4266 4266 4284 4284 4285 4285 4279 4279 4286 4286 4279 4279 4285 4285 4279 4279 4286 4286 4280 4280 4287 4287 4288 4288 4284 4284 4289 4289 4284 4284 4288 4288 4284 4284 4289 4289 4285 4285 4290 4290 4291 4291 4287 4287 4292 4292 4287 4287 4291 4291 4287 4287 4292 4292 4288 4288 4293 4293 4294 4294 4290 4290 4295 4295 4290 4290 4294 4294 4290 4290 4295 4295 4291 4291 4296 4296 4297 4297 4293 4293 4298 4298 4293 4293 4297 4297 4293 4293 4298 4298 4294 4294 4299 4299 4300 4300 4301 4301 4302 4302 4301 4301 4300 4300 4301 4301 4302 4302 4296 4296 4303 4303 4296 4296 4302 4302 4296 4296 4303 4303 4297 4297 4304 4304 4305 4305 4306 4306 4307 4307 4306 4306 4305 4305 4306 4306 4307 4307 4308 4308 4309 4309 4308 4308 4307 4307 4308 4308 4309 4309 4310 4310 4311 4311 4310 4310 4309 4309 4310 4310 4311 4311 4312 4312 4313 4313 4312 4312 4311 4311 4312 4312 4313 4313 4299 4299 4314 4314 4299 4299 4313 4313 4299 4299 4314 4314 4300 4300 4315 4315 4316 4316 4317 4317 4318 4318 4317 4317 4316 4316 4317 4317 4318 4318 4319 4319 4320 4320 4319 4319 4318 4318 4319 4319 4320 4320 4321 4321 4322 4322 4321 4321 4320 4320 4321 4321 4322 4322 4304 4304 4323 4323 4304 4304 4322 4322 4304 4304 4323 4323 4305 4305 4324 4324 4325 4325 4326 4326 4327 4327 4326 4326 4325 4325 4326 4326 4327 4327 4328 4328 4329 4329 4328 4328 4327 4327 4328 4328 4329 4329 4330 4330 4331 4331 4330 4330 4329 4329 4330 4330 4331 4331 4332 4332 4333 4333 4332 4332 4331 4331 4332 4332 4333 4333 4334 4334 4335 4335 4334 4334 4333 4333 4334 4334 4335 4335 4315 4315 4336 4336 4315 4315 4335 4335 4315 4315 4336 4336 4316 4316 4337 4337 4338 4338 4339 4339 4339 4339 4340 4340 4337 4337 4341 4341 4337 4337 4340 4340 4337 4337 4341 4341 4324 4324 4342 4342 4324 4324 4341 4341 4324 4324 4342 4342 4325 4325 4343 4343 4344 4344 4338 4338 4345 4345 4338 4338 4344 4344 4338 4338 4345 4345 4339 4339 4346 4346 4347 4347 4343 4343 4348 4348 4343 4343 4347 4347 4343 4343 4348 4348 4344 4344 4349 4349 4350 4350 4346 4346 4351 4351 4346 4346 4350 4350 4346 4346 4351 4351 4347 4347 4239 4239 4352 4352 4237 4237 4353 4353 4237 4237 4352 4352 4237 4237 4353 4353 4349 4349 4354 4354 4349 4349 4353 4353 4349 4349 4354 4354 4350 4350 4355 4355 4356 4356 4357 4357 4358 4358 3605 3605 3604 3604 4359 4359 4358 4358 4360 4360 4358 4358 3604 3604 4360 4360 3603 3603 4360 4360 3604 3604 4360 4360 3603 3603 4361 4361 3603 3603 3609 3609 4361 4361 3608 3608 4361 4361 3609 3609 4361 4361 3608 3608 4362 4362 3612 3612 4362 4362 3608 3608 4362 4362 3612 3612 4363 4363 3611 3611 4363 4363 3612 3612 4363 4363 3611 3611 4364 4364 3615 3615 4364 4364 3611 3611 4364 4364 3615 3615 4365 4365 3615 3615 3614 3614 4365 4365 3618 3618 4365 4365 3614 3614 4365 4365 3618 3618 4366 4366 3617 3617 4366 4366 3618 3618 4366 4366 3617 3617 4367 4367 3621 3621 4367 4367 3617 3617 4367 4367 3621 3621 4368 4368 3620 3620 4368 4368 3621 3621 4368 4368 3620 3620 3626 3626 3626 3626 4369 4369 4368 4368 4370 4370 4368 4368 4369 4369 4368 4368 4370 4370 4367 4367 4371 4371 4367 4367 4370 4370 4367 4367 4371 4371 4366 4366 4372 4372 4366 4366 4371 4371 4366 4366 4372 4372 4365 4365 4373 4373 4365 4365 4372 4372 4365 4365 4373 4373 4364 4364 4374 4374 4364 4364 4373 4373 4364 4364 4374 4374 4363 4363 4375 4375 4363 4363 4374 4374 4363 4363 4375 4375 4362 4362 4376 4376 4362 4362 4375 4375 4362 4362 4376 4376 4361 4361 4377 4377 4361 4361 4376 4376 4361 4361 4377 4377 4360 4360 4378 4378 4360 4360 4377 4377 4360 4360 4378 4378 4359 4359 4379 4379 4359 4359 4378 4378 4369 4369 4380 4380 4370 4370 4381 4381 4370 4370 4380 4380 4370 4370 4381 4381 4371 4371 4382 4382 4371 4371 4381 4381 4371 4371 4382 4382 4372 4372 4383 4383 4372 4372 4382 4382 4372 4372 4383 4383 4373 4373 4384 4384 4373 4373 4383 4383 4373 4373 4384 4384 4374 4374 4385 4385 4374 4374 4384 4384 4374 4374 4385 4385 4375 4375 4386 4386 4375 4375 4385 4385 4375 4375 4386 4386 4376 4376 4387 4387 4376 4376 4386 4386 4376 4376 4387 4387 4377 4377 4388 4388 4377 4377 4387 4387 4377 4377 4388 4388 4378 4378 4389 4389 4378 4378 4388 4388 4378 4378 4389 4389 4379 4379 4390 4390 4379 4379 4389 4389 4380 4380 4391 4391 4381 4381 4392 4392 4381 4381 4391 4391 4381 4381 4392 4392 4382 4382 4393 4393 4382 4382 4392 4392 4382 4382 4393 4393 4383 4383 4394 4394 4383 4383 4393 4393 4383 4383 4394 4394 4384 4384 4395 4395 4384 4384 4394 4394 4384 4384 4395 4395 4385 4385 4396 4396 4385 4385 4395 4395 4385 4385 4396 4396 4386 4386 4397 4397 4386 4386 4396 4396 4386 4386 4397 4397 4387 4387 4398 4398 4387 4387 4397 4397 4387 4387 4398 4398 4388 4388 4399 4399 4388 4388 4398 4398 4388 4388 4399 4399 4389 4389 4400 4400 4389 4389 4399 4399 4389 4389 4400 4400 4390 4390 4401 4401 4390 4390 4400 4400 4391 4391 4355 4355 4392 4392 4357 4357 4392 4392 4355 4355 4392 4392 4357 4357 4393 4393 4402 4402 4393 4393 4357 4357 4393 4393 4402 4402 4394 4394 4403 4403 4394 4394 4402 4402 4394 4394 4403 4403 4395 4395 4404 4404 4395 4395 4403 4403 4395 4395 4404 4404 4396 4396 4405 4405 4396 4396 4404 4404 4396 4396 4405 4405 4397 4397 4406 4406 4397 4397 4405 4405 4397 4397 4406 4406 4398 4398 4407 4407 4398 4398 4406 4406 4398 4398 4407 4407 4399 4399 4408 4408 4399 4399 4407 4407 4399 4399 4408 4408 4400 4400 4409 4409 4400 4400 4408 4408 4400 4400 4409 4409 4401 4401 621 621 4401 4401 4409 4409 621 621 4409 4409 2235 2235 4408 4408 2235 2235 4409 4409 2235 2235 4408 4408 2236 2236 4407 4407 2236 2236 4408 4408 2236 2236 4407 4407 2237 2237 4406 4406 2237 2237 4407 4407 2237 2237 4406 4406 2238 2238 4405 4405 2238 2238 4406 4406 2238 2238 4405 4405 2239 2239 4404 4404 2239 2239 4405 4405 2239 2239 4404 4404 2245 2245 4403 4403 2245 2245 4404 4404 2245 2245 4403 4403 2246 2246 4402 4402 2246 2246 4403 4403 2246 2246 4402 4402 2248 2248 4357 4357 2248 2248 4402 4402 2248 2248 4357 4357 2249 2249 4356 4356 2249 2249 4357 4357 2249 2249 4356 4356 606 606 4410 4410 4411 4411 4412 4412 4413 4413 3379 3379 3378 3378 4414 4414 4413 4413 4415 4415 4413 4413 3378 3378 4415 4415 3377 3377 4415 4415 3378 3378 4415 4415 3377 3377 4416 4416 3377 3377 3383 3383 4416 4416 3382 3382 4416 4416 3383 3383 4416 4416 3382 3382 4417 4417 3386 3386 4417 4417 3382 3382 4417 4417 3386 3386 4418 4418 3385 3385 4418 4418 3386 3386 4418 4418 3385 3385 4419 4419 3389 3389 4419 4419 3385 3385 4419 4419 3389 3389 4420 4420 3389 3389 3388 3388 4420 4420 3392 3392 4420 4420 3388 3388 4420 4420 3392 3392 4421 4421 3391 3391 4421 4421 3392 3392 4421 4421 3391 3391 4422 4422 3395 3395 4422 4422 3391 3391 4422 4422 3395 3395 4423 4423 3394 3394 4423 4423 3395 3395 4423 4423 3394 3394 3400 3400 3400 3400 4424 4424 4423 4423 4425 4425 4423 4423 4424 4424 4423 4423 4425 4425 4422 4422 4426 4426 4422 4422 4425 4425 4422 4422 4426 4426 4421 4421 4427 4427 4421 4421 4426 4426 4421 4421 4427 4427 4420 4420 4428 4428 4420 4420 4427 4427 4420 4420 4428 4428 4419 4419 4429 4429 4419 4419 4428 4428 4419 4419 4429 4429 4418 4418 4430 4430 4418 4418 4429 4429 4418 4418 4430 4430 4417 4417 4431 4431 4417 4417 4430 4430 4417 4417 4431 4431 4416 4416 4432 4432 4416 4416 4431 4431 4416 4416 4432 4432 4415 4415 4433 4433 4415 4415 4432 4432 4415 4415 4433 4433 4414 4414 4434 4434 4414 4414 4433 4433 4424 4424 4435 4435 4425 4425 4436 4436 4425 4425 4435 4435 4425 4425 4436 4436 4426 4426 4437 4437 4426 4426 4436 4436 4426 4426 4437 4437 4427 4427 4438 4438 4427 4427 4437 4437 4427 4427 4438 4438 4428 4428 4439 4439 4428 4428 4438 4438 4428 4428 4439 4439 4429 4429 4440 4440 4429 4429 4439 4439 4429 4429 4440 4440 4430 4430 4441 4441 4430 4430 4440 4440 4430 4430 4441 4441 4431 4431 4442 4442 4431 4431 4441 4441 4431 4431 4442 4442 4432 4432 4443 4443 4432 4432 4442 4442 4432 4432 4443 4443 4433 4433 4444 4444 4433 4433 4443 4443 4433 4433 4444 4444 4434 4434 4445 4445 4434 4434 4444 4444 4435 4435 4446 4446 4436 4436 4447 4447 4436 4436 4446 4446 4436 4436 4447 4447 4437 4437 4448 4448 4437 4437 4447 4447 4437 4437 4448 4448 4438 4438 4449 4449 4438 4438 4448 4448 4438 4438 4449 4449 4439 4439 4450 4450 4439 4439 4449 4449 4439 4439 4450 4450 4440 4440 4451 4451 4440 4440 4450 4450 4440 4440 4451 4451 4441 4441 4452 4452 4441 4441 4451 4451 4441 4441 4452 4452 4442 4442 4453 4453 4442 4442 4452 4452 4442 4442 4453 4453 4443 4443 4454 4454 4443 4443 4453 4453 4443 4443 4454 4454 4444 4444 4455 4455 4444 4444 4454 4454 4444 4444 4455 4455 4445 4445 4456 4456 4445 4445 4455 4455 4446 4446 4410 4410 4447 4447 4412 4412 4447 4447 4410 4410 4447 4447 4412 4412 4448 4448 4457 4457 4448 4448 4412 4412 4448 4448 4457 4457 4449 4449 4458 4458 4449 4449 4457 4457 4449 4449 4458 4458 4450 4450 4459 4459 4450 4450 4458 4458 4450 4450 4459 4459 4451 4451 4460 4460 4451 4451 4459 4459 4451 4451 4460 4460 4452 4452 4461 4461 4452 4452 4460 4460 4452 4452 4461 4461 4453 4453 4462 4462 4453 4453 4461 4461 4453 4453 4462 4462 4454 4454 4463 4463 4454 4454 4462 4462 4454 4454 4463 4463 4455 4455 4464 4464 4455 4455 4463 4463 4455 4455 4464 4464 4456 4456 604 604 4456 4456 4464 4464 604 604 4464 4464 2247 2247 4463 4463 2247 2247 4464 4464 2247 2247 4463 4463 2252 2252 4462 4462 2252 2252 4463 4463 2252 2252 4462 4462 2251 2251 4461 4461 2251 2251 4462 4462 2251 2251 4461 4461 2250 2250 4460 4460 2250 2250 4461 4461 2250 2250 4460 4460 2240 2240 4459 4459 2240 2240 4460 4460 2240 2240 4459 4459 2241 2241 4458 4458 2241 2241 4459 4459 2241 2241 4458 4458 2243 2243 4457 4457 2243 2243 4458 4458 2243 2243 4457 4457 2244 2244 4412 4412 2244 2244 4457 4457 2244 2244 4412 4412 2253 2253 4411 4411 2253 2253 4412 4412 2253 2253 4411 4411 539 539 4465 4465 4466 4466 4467 4467 609 609 4466 4466 610 610 4465 4465 610 610 4466 4466 610 610 4465 4465 596 596 4468 4468 4467 4467 4469 4469 4466 4466 4469 4469 4467 4467 4469 4469 4466 4466 4470 4470 609 609 4470 4470 4466 4466 4470 4470 609 609 603 603 4471 4471 4468 4468 4472 4472 4469 4469 4472 4472 4468 4468 4472 4472 4469 4469 4473 4473 4470 4470 4473 4473 4469 4469 4473 4473 4470 4470 4474 4474 603 603 4474 4474 4470 4470 4474 4474 603 603 605 605 4369 4369 4471 4471 4380 4380 4472 4472 4380 4380 4471 4471 4380 4380 4472 4472 4391 4391 4473 4473 4391 4391 4472 4472 4391 4391 4473 4473 4355 4355 4474 4474 4355 4355 4473 4473 4355 4355 4474 4474 4356 4356 605 605 4356 4356 4474 4474 4356 4356 605 605 606 606 4475 4475 4476 4476 4477 4477 3639 3639 3659 3659 4478 4478 4475 4475 4478 4478 3659 3659 4478 4478 4475 4475 4479 4479 4477 4477 4479 4479 4475 4475 4479 4479 4477 4477 4480 4480 601 601 602 602 4481 4481 4482 4482 4481 4481 602 602 4481 4481 4482 4482 4483 4483 4484 4484 4483 4483 4482 4482 4483 4483 4484 4484 4485 4485 4486 4486 4485 4485 4484 4484 4485 4485 4486 4486 4487 4487 4488 4488 4487 4487 4486 4486 4487 4487 4488 4488 4489 4489 4490 4490 4489 4489 4488 4488 602 602 608 608 4482 4482 4491 4491 4482 4482 608 608 4482 4482 4491 4491 4484 4484 4492 4492 4484 4484 4491 4491 4484 4484 4492 4492 4486 4486 4493 4493 4486 4486 4492 4492 4486 4486 4493 4493 4488 4488 4494 4494 4488 4488 4493 4493 4488 4488 4494 4494 4490 4490 4495 4495 4490 4490 4494 4494 608 608 607 607 4491 4491 4496 4496 4491 4491 607 607 4491 4491 4496 4496 4492 4492 4497 4497 4492 4492 4496 4496 4492 4492 4497 4497 4493 4493 4498 4498 4493 4493 4497 4497 4493 4493 4498 4498 4494 4494 4499 4499 4494 4494 4498 4498 4494 4494 4499 4499 4495 4495 4500 4500 4495 4495 4499 4499 607 607 599 599 4496 4496 4501 4501 4496 4496 599 599 4496 4496 4501 4501 4497 4497 4502 4502 4497 4497 4501 4501 4497 4497 4502 4502 4498 4498 4503 4503 4498 4498 4502 4502 4498 4498 4503 4503 4499 4499 4504 4504 4499 4499 4503 4503 4499 4499 4504 4504 4500 4500 4505 4505 4500 4500 4504 4504 4500 4500 4505 4505 3630 3630 3632 3632 3630 3630 4505 4505 598 598 615 615 4506 4506 4507 4507 4506 4506 615 615 4506 4506 4507 4507 4508 4508 4509 4509 4508 4508 4507 4507 4508 4508 4509 4509 4510 4510 4511 4511 4510 4510 4509 4509 4510 4510 4511 4511 4512 4512 4513 4513 4512 4512 4511 4511 4512 4512 4513 4513 4514 4514 4515 4515 4514 4514 4513 4513 615 615 617 617 4507 4507 4516 4516 4507 4507 617 617 4507 4507 4516 4516 4509 4509 4517 4517 4509 4509 4516 4516 4509 4509 4517 4517 4511 4511 4518 4518 4511 4511 4517 4517 4511 4511 4518 4518 4513 4513 4519 4519 4513 4513 4518 4518 4513 4513 4519 4519 4515 4515 4520 4520 4515 4515 4519 4519 4515 4515 4520 4520 3623 3623 3625 3625 3623 3623 4520 4520 4521 4521 3648 3648 3665 3665 591 591 4522 4522 4523 4523 4524 4524 4523 4523 4522 4522 4523 4523 4524 4524 4525 4525 4526 4526 4525 4525 4524 4524 4525 4525 4526 4526 4527 4527 4528 4528 4527 4527 4526 4526 4527 4527 4528 4528 4529 4529 4521 4521 4529 4529 4528 4528 4529 4529 4521 4521 4530 4530 3665 3665 4530 4530 4521 4521 4530 4530 3665 3665 3664 3664 4522 4522 4531 4531 4524 4524 4532 4532 4524 4524 4531 4531 4524 4524 4532 4532 4526 4526 4533 4533 4526 4526 4532 4532 4526 4526 4533 4533 4528 4528 4534 4534 4528 4528 4533 4533 4528 4528 4534 4534 4521 4521 3650 3650 4521 4521 4534 4534 4521 4521 3650 3650 3648 3648 4531 4531 4480 4480 4532 4532 4477 4477 4532 4532 4480 4480 4532 4532 4477 4477 4533 4533 4476 4476 4533 4533 4477 4477 4533 4533 4476 4476 4534 4534 3652 3652 4534 4534 4476 4476 4534 4534 3652 3652 3650 3650 3659 3659 3658 3658 4475 4475 3656 3656 4475 4475 3658 3658 4475 4475 3656 3656 4476 4476 3654 3654 4476 4476 3656 3656 4476 4476 3654 3654 3652 3652 591 591 601 601 4522 4522 4481 4481 4522 4522 601 601 4522 4522 4481 4481 4531 4531 4483 4483 4531 4531 4481 4481 4531 4531 4483 4483 4480 4480 4485 4485 4480 4480 4483 4483 4480 4480 4485 4485 4479 4479 4487 4487 4479 4479 4485 4485 4479 4479 4487 4487 4478 4478 4489 4489 4478 4478 4487 4487 4478 4478 4489 4489 3639 3639 3630 3630 3628 3628 4500 4500 3646 3646 4500 4500 3628 3628 4500 4500 3646 3646 4495 4495 3645 3645 4495 4495 3646 3646 4495 4495 3645 3645 4490 4490 3643 3643 4490 4490 3645 3645 4490 4490 3643 3643 4489 4489 3641 3641 4489 4489 3643 3643 4489 4489 3641 3641 3639 3639 599 599 598 598 4501 4501 4506 4506 4501 4501 598 598 4501 4501 4506 4506 4502 4502 4508 4508 4502 4502 4506 4506 4502 4502 4508 4508 4503 4503 4510 4510 4503 4503 4508 4508 4503 4503 4510 4510 4504 4504 4512 4512 4504 4504 4510 4510 4504 4504 4512 4512 4505 4505 4514 4514 4505 4505 4512 4512 4505 4505 4514 4514 3632 3632 3623 3623 3637 3637 4515 4515 3636 3636 4515 4515 3637 3637 4515 4515 3636 3636 4514 4514 3634 3634 4514 4514 3636 3636 4514 4514 3634 3634 3632 3632 3626 3626 3625 3625 4369 4369 4520 4520 4369 4369 3625 3625 4369 4369 4520 4520 4471 4471 4519 4519 4471 4471 4520 4520 4471 4471 4519 4519 4468 4468 4518 4518 4468 4468 4519 4519 4468 4468 4518 4518 4467 4467 4517 4517 4467 4467 4518 4518 4467 4467 4517 4517 4465 4465 4516 4516 4465 4465 4517 4517 4465 4465 4516 4516 596 596 617 617 596 596 4516 4516 4535 4535 4536 4536 4537 4537 4530 4530 3664 3664 3663 3663 4529 4529 4530 4530 4538 4538 4530 4530 3663 3663 4538 4538 3662 3662 4538 4538 3663 3663 4538 4538 3662 3662 4539 4539 3662 3662 3668 3668 4539 4539 3667 3667 4539 4539 3668 3668 4539 4539 3667 3667 4540 4540 3671 3671 4540 4540 3667 3667 4540 4540 3671 3671 4541 4541 3670 3670 4541 4541 3671 3671 4541 4541 3670 3670 4542 4542 3674 3674 4542 4542 3670 3670 4542 4542 3674 3674 4543 4543 3674 3674 3673 3673 4543 4543 3677 3677 4543 4543 3673 3673 4543 4543 3677 3677 4544 4544 3676 3676 4544 4544 3677 3677 4544 4544 3676 3676 4545 4545 3680 3680 4545 4545 3676 3676 4545 4545 3680 3680 4546 4546 3679 3679 4546 4546 3680 3680 4546 4546 3679 3679 3685 3685 3685 3685 4547 4547 4546 4546 4548 4548 4546 4546 4547 4547 4546 4546 4548 4548 4545 4545 4549 4549 4545 4545 4548 4548 4545 4545 4549 4549 4544 4544 4550 4550 4544 4544 4549 4549 4544 4544 4550 4550 4543 4543 4551 4551 4543 4543 4550 4550 4543 4543 4551 4551 4542 4542 4552 4552 4542 4542 4551 4551 4542 4542 4552 4552 4541 4541 4553 4553 4541 4541 4552 4552 4541 4541 4553 4553 4540 4540 4554 4554 4540 4540 4553 4553 4540 4540 4554 4554 4539 4539 4555 4555 4539 4539 4554 4554 4539 4539 4555 4555 4538 4538 4556 4556 4538 4538 4555 4555 4538 4538 4556 4556 4529 4529 4527 4527 4529 4529 4556 4556 4547 4547 4557 4557 4548 4548 4558 4558 4548 4548 4557 4557 4548 4548 4558 4558 4549 4549 4559 4559 4549 4549 4558 4558 4549 4549 4559 4559 4550 4550 4560 4560 4550 4550 4559 4559 4550 4550 4560 4560 4551 4551 4561 4561 4551 4551 4560 4560 4551 4551 4561 4561 4552 4552 4562 4562 4552 4552 4561 4561 4552 4552 4562 4562 4553 4553 4563 4563 4553 4553 4562 4562 4553 4553 4563 4563 4554 4554 4564 4564 4554 4554 4563 4563 4554 4554 4564 4564 4555 4555 4565 4565 4555 4555 4564 4564 4555 4555 4565 4565 4556 4556 4566 4566 4556 4556 4565 4565 4556 4556 4566 4566 4527 4527 4525 4525 4527 4527 4566 4566 4557 4557 4567 4567 4558 4558 4568 4568 4558 4558 4567 4567 4558 4558 4568 4568 4559 4559 4569 4569 4559 4559 4568 4568 4559 4559 4569 4569 4560 4560 4570 4570 4560 4560 4569 4569 4560 4560 4570 4570 4561 4561 4571 4571 4561 4561 4570 4570 4561 4561 4571 4571 4562 4562 4572 4572 4562 4562 4571 4571 4562 4562 4572 4572 4563 4563 4573 4573 4563 4563 4572 4572 4563 4563 4573 4573 4564 4564 4574 4574 4564 4564 4573 4573 4564 4564 4574 4574 4565 4565 4575 4575 4565 4565 4574 4574 4565 4565 4575 4575 4566 4566 4576 4576 4566 4566 4575 4575 4566 4566 4576 4576 4525 4525 4523 4523 4525 4525 4576 4576 4567 4567 4535 4535 4568 4568 4537 4537 4568 4568 4535 4535 4568 4568 4537 4537 4569 4569 4577 4577 4569 4569 4537 4537 4569 4569 4577 4577 4570 4570 4578 4578 4570 4570 4577 4577 4570 4570 4578 4578 4571 4571 4579 4579 4571 4571 4578 4578 4571 4571 4579 4579 4572 4572 4580 4580 4572 4572 4579 4579 4572 4572 4580 4580 4573 4573 4581 4581 4573 4573 4580 4580 4573 4573 4581 4581 4574 4574 4582 4582 4574 4574 4581 4581 4574 4574 4582 4582 4575 4575 4583 4583 4575 4575 4582 4582 4575 4575 4583 4583 4576 4576 4584 4584 4576 4576 4583 4583 4576 4576 4584 4584 4523 4523 591 591 4523 4523 4584 4584 591 591 4584 4584 2104 2104 4583 4583 2104 2104 4584 4584 2104 2104 4583 4583 2109 2109 4582 4582 2109 2109 4583 4583 2109 2109 4582 4582 2108 2108 4581 4581 2108 2108 4582 4582 2108 2108 4581 4581 2107 2107 4580 4580 2107 2107 4581 4581 2107 2107 4580 4580 2100 2100 4579 4579 2100 2100 4580 4580 2100 2100 4579 4579 2097 2097 4578 4578 2097 2097 4579 4579 2097 2097 4578 4578 2096 2096 4577 4577 2096 2096 4578 4578 2096 2096 4577 4577 2094 2094 4537 4537 2094 2094 4577 4577 2094 2094 4537 4537 2103 2103 4536 4536 2103 2103 4537 4537 2103 2103 4536 4536 627 627 4585 4585 4586 4586 4587 4587 631 631 4586 4586 632 632 4585 4585 632 632 4586 4586 632 632 4585 4585 633 633 4588 4588 4587 4587 4589 4589 4586 4586 4589 4589 4587 4587 4589 4589 4586 4586 4590 4590 631 631 4590 4590 4586 4586 4590 4590 631 631 630 630 4591 4591 4588 4588 4592 4592 4589 4589 4592 4592 4588 4588 4592 4592 4589 4589 4593 4593 4590 4590 4593 4593 4589 4589 4593 4593 4590 4590 4594 4594 630 630 4594 4594 4590 4590 4594 4594 630 630 628 628 4547 4547 4591 4591 4557 4557 4592 4592 4557 4557 4591 4591 4557 4557 4592 4592 4567 4567 4593 4593 4567 4567 4592 4592 4567 4567 4593 4593 4535 4535 4594 4594 4535 4535 4593 4593 4535 4535 4594 4594 4536 4536 628 628 4536 4536 4594 4594 4536 4536 628 628 627 627 4595 4595 4596 4596 4597 4597 3698 3698 3718 3718 4598 4598 4595 4595 4598 4598 3718 3718 4598 4598 4595 4595 4599 4599 4597 4597 4599 4599 4595 4595 4599 4599 4597 4597 4600 4600 620 620 623 623 4601 4601 4602 4602 4601 4601 623 623 4601 4601 4602 4602 4603 4603 4604 4604 4603 4603 4602 4602 4603 4603 4604 4604 4605 4605 4606 4606 4605 4605 4604 4604 4605 4605 4606 4606 4607 4607 4608 4608 4607 4607 4606 4606 4607 4607 4608 4608 4609 4609 4610 4610 4609 4609 4608 4608 623 623 626 626 4602 4602 4611 4611 4602 4602 626 626 4602 4602 4611 4611 4604 4604 4612 4612 4604 4604 4611 4611 4604 4604 4612 4612 4606 4606 4613 4613 4606 4606 4612 4612 4606 4606 4613 4613 4608 4608 4614 4614 4608 4608 4613 4613 4608 4608 4614 4614 4610 4610 4615 4615 4610 4610 4614 4614 626 626 625 625 4611 4611 4616 4616 4611 4611 625 625 4611 4611 4616 4616 4612 4612 4617 4617 4612 4612 4616 4616 4612 4612 4617 4617 4613 4613 4618 4618 4613 4613 4617 4617 4613 4613 4618 4618 4614 4614 4619 4619 4614 4614 4618 4618 4614 4614 4619 4619 4615 4615 4620 4620 4615 4615 4619 4619 625 625 624 624 4616 4616 4621 4621 4616 4616 624 624 4616 4616 4621 4621 4617 4617 4622 4622 4617 4617 4621 4621 4617 4617 4622 4622 4618 4618 4623 4623 4618 4618 4622 4622 4618 4618 4623 4623 4619 4619 4624 4624 4619 4619 4623 4623 4619 4619 4624 4624 4620 4620 4625 4625 4620 4620 4624 4624 4620 4620 4625 4625 3689 3689 3691 3691 3689 3689 4625 4625 636 636 635 635 4626 4626 4627 4627 4626 4626 635 635 4626 4626 4627 4627 4628 4628 4629 4629 4628 4628 4627 4627 4628 4628 4629 4629 4630 4630 4631 4631 4630 4630 4629 4629 4630 4630 4631 4631 4632 4632 4633 4633 4632 4632 4631 4631 4632 4632 4633 4633 4634 4634 4635 4635 4634 4634 4633 4633 635 635 634 634 4627 4627 4636 4636 4627 4627 634 634 4627 4627 4636 4636 4629 4629 4637 4637 4629 4629 4636 4636 4629 4629 4637 4637 4631 4631 4638 4638 4631 4631 4637 4637 4631 4631 4638 4638 4633 4633 4639 4639 4633 4633 4638 4638 4633 4633 4639 4639 4635 4635 4640 4640 4635 4635 4639 4639 4635 4635 4640 4640 3682 3682 3684 3684 3682 3682 4640 4640 4641 4641 3707 3707 3706 3706 621 621 4642 4642 4401 4401 4643 4643 4401 4401 4642 4642 4401 4401 4643 4643 4390 4390 4644 4644 4390 4390 4643 4643 4390 4390 4644 4644 4379 4379 4645 4645 4379 4379 4644 4644 4379 4379 4645 4645 4359 4359 4641 4641 4359 4359 4645 4645 4359 4359 4641 4641 4358 4358 3706 3706 4358 4358 4641 4641 4358 4358 3706 3706 3605 3605 4642 4642 4646 4646 4643 4643 4647 4647 4643 4643 4646 4646 4643 4643 4647 4647 4644 4644 4648 4648 4644 4644 4647 4647 4644 4644 4648 4648 4645 4645 4649 4649 4645 4645 4648 4648 4645 4645 4649 4649 4641 4641 3709 3709 4641 4641 4649 4649 4641 4641 3709 3709 3707 3707 4646 4646 4600 4600 4647 4647 4597 4597 4647 4647 4600 4600 4647 4647 4597 4597 4648 4648 4596 4596 4648 4648 4597 4597 4648 4648 4596 4596 4649 4649 3711 3711 4649 4649 4596 4596 4649 4649 3711 3711 3709 3709 3718 3718 3717 3717 4595 4595 3715 3715 4595 4595 3717 3717 4595 4595 3715 3715 4596 4596 3713 3713 4596 4596 3715 3715 4596 4596 3713 3713 3711 3711 621 621 620 620 4642 4642 4601 4601 4642 4642 620 620 4642 4642 4601 4601 4646 4646 4603 4603 4646 4646 4601 4601 4646 4646 4603 4603 4600 4600 4605 4605 4600 4600 4603 4603 4600 4600 4605 4605 4599 4599 4607 4607 4599 4599 4605 4605 4599 4599 4607 4607 4598 4598 4609 4609 4598 4598 4607 4607 4598 4598 4609 4609 3698 3698 3689 3689 3687 3687 4620 4620 3705 3705 4620 4620 3687 3687 4620 4620 3705 3705 4615 4615 3704 3704 4615 4615 3705 3705 4615 4615 3704 3704 4610 4610 3702 3702 4610 4610 3704 3704 4610 4610 3702 3702 4609 4609 3700 3700 4609 4609 3702 3702 4609 4609 3700 3700 3698 3698 624 624 636 636 4621 4621 4626 4626 4621 4621 636 636 4621 4621 4626 4626 4622 4622 4628 4628 4622 4622 4626 4626 4622 4622 4628 4628 4623 4623 4630 4630 4623 4623 4628 4628 4623 4623 4630 4630 4624 4624 4632 4632 4624 4624 4630 4630 4624 4624 4632 4632 4625 4625 4634 4634 4625 4625 4632 4632 4625 4625 4634 4634 3691 3691 3682 3682 3696 3696 4635 4635 3695 3695 4635 4635 3696 3696 4635 4635 3695 3695 4634 4634 3693 3693 4634 4634 3695 3695 4634 4634 3693 3693 3691 3691 3685 3685 3684 3684 4547 4547 4640 4640 4547 4547 3684 3684 4547 4547 4640 4640 4591 4591 4639 4639 4591 4591 4640 4640 4591 4591 4639 4639 4588 4588 4638 4638 4588 4588 4639 4639 4588 4588 4638 4638 4587 4587 4637 4637 4587 4587 4638 4638 4587 4587 4637 4637 4585 4585 4636 4636 4585 4585 4637 4637 4585 4585 4636 4636 633 633 634 634 633 633 4636 4636 4650 4650 4651 4651 4652 4652 540 540 4651 4651 541 541 4650 4650 541 541 4651 4651 541 541 4650 4650 542 542 4653 4653 4652 4652 4654 4654 4651 4651 4654 4654 4652 4652 4654 4654 4651 4651 4655 4655 540 540 4655 4655 4651 4651 4655 4655 540 540 536 536 4656 4656 4653 4653 4657 4657 4654 4654 4657 4657 4653 4653 4657 4657 4654 4654 4658 4658 4655 4655 4658 4658 4654 4654 4658 4658 4655 4655 4659 4659 536 536 4659 4659 4655 4655 4659 4659 536 536 538 538 4424 4424 4656 4656 4435 4435 4657 4657 4435 4435 4656 4656 4435 4435 4657 4657 4446 4446 4658 4658 4446 4446 4657 4657 4446 4446 4658 4658 4410 4410 4659 4659 4410 4410 4658 4658 4410 4410 4659 4659 4411 4411 538 538 4411 4411 4659 4659 4411 4411 538 538 539 539 4660 4660 4661 4661 4662 4662 3413 3413 3433 3433 4663 4663 4660 4660 4663 4663 3433 3433 4663 4663 4660 4660 4664 4664 4662 4662 4664 4664 4660 4660 4664 4664 4662 4662 4665 4665 549 549 550 550 4666 4666 4667 4667 4666 4666 550 550 4666 4666 4667 4667 4668 4668 4669 4669 4668 4668 4667 4667 4668 4668 4669 4669 4670 4670 4671 4671 4670 4670 4669 4669 4670 4670 4671 4671 4672 4672 4673 4673 4672 4672 4671 4671 4672 4672 4673 4673 4674 4674 4675 4675 4674 4674 4673 4673 550 550 552 552 4667 4667 4676 4676 4667 4667 552 552 4667 4667 4676 4676 4669 4669 4677 4677 4669 4669 4676 4676 4669 4669 4677 4677 4671 4671 4678 4678 4671 4671 4677 4677 4671 4671 4678 4678 4673 4673 4679 4679 4673 4673 4678 4678 4673 4673 4679 4679 4675 4675 4680 4680 4675 4675 4679 4679 552 552 551 551 4676 4676 4681 4681 4676 4676 551 551 4676 4676 4681 4681 4677 4677 4682 4682 4677 4677 4681 4681 4677 4677 4682 4682 4678 4678 4683 4683 4678 4678 4682 4682 4678 4678 4683 4683 4679 4679 4684 4684 4679 4679 4683 4683 4679 4679 4684 4684 4680 4680 4685 4685 4680 4680 4684 4684 551 551 547 547 4681 4681 4686 4686 4681 4681 547 547 4681 4681 4686 4686 4682 4682 4687 4687 4682 4682 4686 4686 4682 4682 4687 4687 4683 4683 4688 4688 4683 4683 4687 4687 4683 4683 4688 4688 4684 4684 4689 4689 4684 4684 4688 4688 4684 4684 4689 4689 4685 4685 4690 4690 4685 4685 4689 4689 4685 4685 4690 4690 3404 3404 3406 3406 3404 3404 4690 4690 546 546 544 544 4691 4691 4692 4692 4691 4691 544 544 4691 4691 4692 4692 4693 4693 4694 4694 4693 4693 4692 4692 4693 4693 4694 4694 4695 4695 4696 4696 4695 4695 4694 4694 4695 4695 4696 4696 4697 4697 4698 4698 4697 4697 4696 4696 4697 4697 4698 4698 4699 4699 4700 4700 4699 4699 4698 4698 544 544 543 543 4692 4692 4701 4701 4692 4692 543 543 4692 4692 4701 4701 4694 4694 4702 4702 4694 4694 4701 4701 4694 4694 4702 4702 4696 4696 4703 4703 4696 4696 4702 4702 4696 4696 4703 4703 4698 4698 4704 4704 4698 4698 4703 4703 4698 4698 4704 4704 4700 4700 4705 4705 4700 4700 4704 4704 4700 4700 4705 4705 3397 3397 3399 3399 3397 3397 4705 4705 4706 4706 3422 3422 3439 3439 548 548 4707 4707 4708 4708 4709 4709 4708 4708 4707 4707 4708 4708 4709 4709 4710 4710 4711 4711 4710 4710 4709 4709 4710 4710 4711 4711 4712 4712 4713 4713 4712 4712 4711 4711 4712 4712 4713 4713 4714 4714 4706 4706 4714 4714 4713 4713 4714 4714 4706 4706 4715 4715 3439 3439 4715 4715 4706 4706 4715 4715 3439 3439 3438 3438 4707 4707 4716 4716 4709 4709 4717 4717 4709 4709 4716 4716 4709 4709 4717 4717 4711 4711 4718 4718 4711 4711 4717 4717 4711 4711 4718 4718 4713 4713 4719 4719 4713 4713 4718 4718 4713 4713 4719 4719 4706 4706 3424 3424 4706 4706 4719 4719 4706 4706 3424 3424 3422 3422 4716 4716 4665 4665 4717 4717 4662 4662 4717 4717 4665 4665 4717 4717 4662 4662 4718 4718 4661 4661 4718 4718 4662 4662 4718 4718 4661 4661 4719 4719 3426 3426 4719 4719 4661 4661 4719 4719 3426 3426 3424 3424 3433 3433 3432 3432 4660 4660 3430 3430 4660 4660 3432 3432 4660 4660 3430 3430 4661 4661 3428 3428 4661 4661 3430 3430 4661 4661 3428 3428 3426 3426 548 548 549 549 4707 4707 4666 4666 4707 4707 549 549 4707 4707 4666 4666 4716 4716 4668 4668 4716 4716 4666 4666 4716 4716 4668 4668 4665 4665 4670 4670 4665 4665 4668 4668 4665 4665 4670 4670 4664 4664 4672 4672 4664 4664 4670 4670 4664 4664 4672 4672 4663 4663 4674 4674 4663 4663 4672 4672 4663 4663 4674 4674 3413 3413 3404 3404 3402 3402 4685 4685 3420 3420 4685 4685 3402 3402 4685 4685 3420 3420 4680 4680 3419 3419 4680 4680 3420 3420 4680 4680 3419 3419 4675 4675 3417 3417 4675 4675 3419 3419 4675 4675 3417 3417 4674 4674 3415 3415 4674 4674 3417 3417 4674 4674 3415 3415 3413 3413 547 547 546 546 4686 4686 4691 4691 4686 4686 546 546 4686 4686 4691 4691 4687 4687 4693 4693 4687 4687 4691 4691 4687 4687 4693 4693 4688 4688 4695 4695 4688 4688 4693 4693 4688 4688 4695 4695 4689 4689 4697 4697 4689 4689 4695 4695 4689 4689 4697 4697 4690 4690 4699 4699 4690 4690 4697 4697 4690 4690 4699 4699 3406 3406 3397 3397 3411 3411 4700 4700 3410 3410 4700 4700 3411 3411 4700 4700 3410 3410 4699 4699 3408 3408 4699 4699 3410 3410 4699 4699 3408 3408 3406 3406 3400 3400 3399 3399 4424 4424 4705 4705 4424 4424 3399 3399 4424 4424 4705 4705 4656 4656 4704 4704 4656 4656 4705 4705 4656 4656 4704 4704 4653 4653 4703 4703 4653 4653 4704 4704 4653 4653 4703 4703 4652 4652 4702 4702 4652 4652 4703 4703 4652 4652 4702 4702 4650 4650 4701 4701 4650 4650 4702 4702 4650 4650 4701 4701 542 542 543 543 542 542 4701 4701 4720 4720 4721 4721 4722 4722 4715 4715 3438 3438 3437 3437 4714 4714 4715 4715 4723 4723 4715 4715 3437 3437 4723 4723 3436 3436 4723 4723 3437 3437 4723 4723 3436 3436 4724 4724 3436 3436 3442 3442 4724 4724 3441 3441 4724 4724 3442 3442 4724 4724 3441 3441 4725 4725 3445 3445 4725 4725 3441 3441 4725 4725 3445 3445 4726 4726 3444 3444 4726 4726 3445 3445 4726 4726 3444 3444 4727 4727 3448 3448 4727 4727 3444 3444 4727 4727 3448 3448 4728 4728 3448 3448 3447 3447 4728 4728 3451 3451 4728 4728 3447 3447 4728 4728 3451 3451 4729 4729 3450 3450 4729 4729 3451 3451 4729 4729 3450 3450 4730 4730 3454 3454 4730 4730 3450 3450 4730 4730 3454 3454 4731 4731 3453 3453 4731 4731 3454 3454 4731 4731 3453 3453 3459 3459 3459 3459 4732 4732 4731 4731 4733 4733 4731 4731 4732 4732 4731 4731 4733 4733 4730 4730 4734 4734 4730 4730 4733 4733 4730 4730 4734 4734 4729 4729 4735 4735 4729 4729 4734 4734 4729 4729 4735 4735 4728 4728 4736 4736 4728 4728 4735 4735 4728 4728 4736 4736 4727 4727 4737 4737 4727 4727 4736 4736 4727 4727 4737 4737 4726 4726 4738 4738 4726 4726 4737 4737 4726 4726 4738 4738 4725 4725 4739 4739 4725 4725 4738 4738 4725 4725 4739 4739 4724 4724 4740 4740 4724 4724 4739 4739 4724 4724 4740 4740 4723 4723 4741 4741 4723 4723 4740 4740 4723 4723 4741 4741 4714 4714 4712 4712 4714 4714 4741 4741 4732 4732 4742 4742 4733 4733 4743 4743 4733 4733 4742 4742 4733 4733 4743 4743 4734 4734 4744 4744 4734 4734 4743 4743 4734 4734 4744 4744 4735 4735 4745 4745 4735 4735 4744 4744 4735 4735 4745 4745 4736 4736 4746 4746 4736 4736 4745 4745 4736 4736 4746 4746 4737 4737 4747 4747 4737 4737 4746 4746 4737 4737 4747 4747 4738 4738 4748 4748 4738 4738 4747 4747 4738 4738 4748 4748 4739 4739 4749 4749 4739 4739 4748 4748 4739 4739 4749 4749 4740 4740 4750 4750 4740 4740 4749 4749 4740 4740 4750 4750 4741 4741 4751 4751 4741 4741 4750 4750 4741 4741 4751 4751 4712 4712 4710 4710 4712 4712 4751 4751 4742 4742 4752 4752 4743 4743 4753 4753 4743 4743 4752 4752 4743 4743 4753 4753 4744 4744 4754 4754 4744 4744 4753 4753 4744 4744 4754 4754 4745 4745 4755 4755 4745 4745 4754 4754 4745 4745 4755 4755 4746 4746 4756 4756 4746 4746 4755 4755 4746 4746 4756 4756 4747 4747 4757 4757 4747 4747 4756 4756 4747 4747 4757 4757 4748 4748 4758 4758 4748 4748 4757 4757 4748 4748 4758 4758 4749 4749 4759 4759 4749 4749 4758 4758 4749 4749 4759 4759 4750 4750 4760 4760 4750 4750 4759 4759 4750 4750 4760 4760 4751 4751 4761 4761 4751 4751 4760 4760 4751 4751 4761 4761 4710 4710 4708 4708 4710 4710 4761 4761 4752 4752 4720 4720 4753 4753 4722 4722 4753 4753 4720 4720 4753 4753 4722 4722 4754 4754 4762 4762 4754 4754 4722 4722 4754 4754 4762 4762 4755 4755 4763 4763 4755 4755 4762 4762 4755 4755 4763 4763 4756 4756 4764 4764 4756 4756 4763 4763 4756 4756 4764 4764 4757 4757 4765 4765 4757 4757 4764 4764 4757 4757 4765 4765 4758 4758 4766 4766 4758 4758 4765 4765 4758 4758 4766 4766 4759 4759 4767 4767 4759 4759 4766 4766 4759 4759 4767 4767 4760 4760 4768 4768 4760 4760 4767 4767 4760 4760 4768 4768 4761 4761 4769 4769 4761 4761 4768 4768 4761 4761 4769 4769 4708 4708 548 548 4708 4708 4769 4769 548 548 4769 4769 2091 2091 4768 4768 2091 2091 4769 4769 2091 2091 4768 4768 2092 2092 4767 4767 2092 2092 4768 4768 2092 2092 4767 4767 2093 2093 4766 4766 2093 2093 4767 4767 2093 2093 4766 4766 2098 2098 4765 4765 2098 2098 4766 4766 2098 2098 4765 4765 2099 2099 4764 4764 2099 2099 4765 4765 2099 2099 4764 4764 2101 2101 4763 4763 2101 2101 4764 4764 2101 2101 4763 4763 2102 2102 4762 4762 2102 2102 4763 4763 2102 2102 4762 4762 2105 2105 4722 4722 2105 2105 4762 4762 2105 2105 4722 4722 2106 2106 4721 4721 2106 2106 4722 4722 2106 2106 4721 4721 593 593 4770 4770 4771 4771 4772 4772 600 600 4771 4771 597 597 4770 4770 597 597 4771 4771 597 597 4770 4770 613 613 4773 4773 4772 4772 4774 4774 4771 4771 4774 4774 4772 4772 4774 4774 4771 4771 4775 4775 600 600 4775 4775 4771 4771 4775 4775 600 600 590 590 4776 4776 4773 4773 4777 4777 4774 4774 4777 4777 4773 4773 4777 4777 4774 4774 4778 4778 4775 4775 4778 4778 4774 4774 4778 4778 4775 4775 4779 4779 590 590 4779 4779 4775 4775 4779 4779 590 590 592 592 4732 4732 4776 4776 4742 4742 4777 4777 4742 4742 4776 4776 4742 4742 4777 4777 4752 4752 4778 4778 4752 4752 4777 4777 4752 4752 4778 4778 4720 4720 4779 4779 4720 4720 4778 4778 4720 4720 4779 4779 4721 4721 592 592 4721 4721 4779 4779 4721 4721 592 592 593 593 4780 4780 4781 4781 4782 4782 3472 3472 3492 3492 4783 4783 4780 4780 4783 4783 3492 3492 4783 4783 4780 4780 4784 4784 4782 4782 4784 4784 4780 4780 4784 4784 4782 4782 4785 4785 612 612 611 611 4786 4786 4787 4787 4786 4786 611 611 4786 4786 4787 4787 4788 4788 4789 4789 4788 4788 4787 4787 4788 4788 4789 4789 4790 4790 4791 4791 4790 4790 4789 4789 4790 4790 4791 4791 4792 4792 4793 4793 4792 4792 4791 4791 4792 4792 4793 4793 4794 4794 4795 4795 4794 4794 4793 4793 611 611 595 595 4787 4787 4796 4796 4787 4787 595 595 4787 4787 4796 4796 4789 4789 4797 4797 4789 4789 4796 4796 4789 4789 4797 4797 4791 4791 4798 4798 4791 4791 4797 4797 4791 4791 4798 4798 4793 4793 4799 4799 4793 4793 4798 4798 4793 4793 4799 4799 4795 4795 4800 4800 4795 4795 4799 4799 595 595 594 594 4796 4796 4801 4801 4796 4796 594 594 4796 4796 4801 4801 4797 4797 4802 4802 4797 4797 4801 4801 4797 4797 4802 4802 4798 4798 4803 4803 4798 4798 4802 4802 4798 4798 4803 4803 4799 4799 4804 4804 4799 4799 4803 4803 4799 4799 4804 4804 4800 4800 4805 4805 4800 4800 4804 4804 594 594 619 619 4801 4801 4806 4806 4801 4801 619 619 4801 4801 4806 4806 4802 4802 4807 4807 4802 4802 4806 4806 4802 4802 4807 4807 4803 4803 4808 4808 4803 4803 4807 4807 4803 4803 4808 4808 4804 4804 4809 4809 4804 4804 4808 4808 4804 4804 4809 4809 4805 4805 4810 4810 4805 4805 4809 4809 4805 4805 4810 4810 3463 3463 3465 3465 3463 3463 4810 4810 618 618 616 616 4811 4811 4812 4812 4811 4811 616 616 4811 4811 4812 4812 4813 4813 4814 4814 4813 4813 4812 4812 4813 4813 4814 4814 4815 4815 4816 4816 4815 4815 4814 4814 4815 4815 4816 4816 4817 4817 4818 4818 4817 4817 4816 4816 4817 4817 4818 4818 4819 4819 4820 4820 4819 4819 4818 4818 616 616 614 614 4812 4812 4821 4821 4812 4812 614 614 4812 4812 4821 4821 4814 4814 4822 4822 4814 4814 4821 4821 4814 4814 4822 4822 4816 4816 4823 4823 4816 4816 4822 4822 4816 4816 4823 4823 4818 4818 4824 4824 4818 4818 4823 4823 4818 4818 4824 4824 4820 4820 4825 4825 4820 4820 4824 4824 4820 4820 4825 4825 3456 3456 3458 3458 3456 3456 4825 4825 4826 4826 3481 3481 3480 3480 604 604 4827 4827 4456 4456 4828 4828 4456 4456 4827 4827 4456 4456 4828 4828 4445 4445 4829 4829 4445 4445 4828 4828 4445 4445 4829 4829 4434 4434 4830 4830 4434 4434 4829 4829 4434 4434 4830 4830 4414 4414 4826 4826 4414 4414 4830 4830 4414 4414 4826 4826 4413 4413 3480 3480 4413 4413 4826 4826 4413 4413 3480 3480 3379 3379 4827 4827 4831 4831 4828 4828 4832 4832 4828 4828 4831 4831 4828 4828 4832 4832 4829 4829 4833 4833 4829 4829 4832 4832 4829 4829 4833 4833 4830 4830 4834 4834 4830 4830 4833 4833 4830 4830 4834 4834 4826 4826 3483 3483 4826 4826 4834 4834 4826 4826 3483 3483 3481 3481 4831 4831 4785 4785 4832 4832 4782 4782 4832 4832 4785 4785 4832 4832 4782 4782 4833 4833 4781 4781 4833 4833 4782 4782 4833 4833 4781 4781 4834 4834 3485 3485 4834 4834 4781 4781 4834 4834 3485 3485 3483 3483 3492 3492 3491 3491 4780 4780 3489 3489 4780 4780 3491 3491 4780 4780 3489 3489 4781 4781 3487 3487 4781 4781 3489 3489 4781 4781 3487 3487 3485 3485 604 604 612 612 4827 4827 4786 4786 4827 4827 612 612 4827 4827 4786 4786 4831 4831 4788 4788 4831 4831 4786 4786 4831 4831 4788 4788 4785 4785 4790 4790 4785 4785 4788 4788 4785 4785 4790 4790 4784 4784 4792 4792 4784 4784 4790 4790 4784 4784 4792 4792 4783 4783 4794 4794 4783 4783 4792 4792 4783 4783 4794 4794 3472 3472 3463 3463 3461 3461 4805 4805 3479 3479 4805 4805 3461 3461 4805 4805 3479 3479 4800 4800 3478 3478 4800 4800 3479 3479 4800 4800 3478 3478 4795 4795 3476 3476 4795 4795 3478 3478 4795 4795 3476 3476 4794 4794 3474 3474 4794 4794 3476 3476 4794 4794 3474 3474 3472 3472 619 619 618 618 4806 4806 4811 4811 4806 4806 618 618 4806 4806 4811 4811 4807 4807 4813 4813 4807 4807 4811 4811 4807 4807 4813 4813 4808 4808 4815 4815 4808 4808 4813 4813 4808 4808 4815 4815 4809 4809 4817 4817 4809 4809 4815 4815 4809 4809 4817 4817 4810 4810 4819 4819 4810 4810 4817 4817 4810 4810 4819 4819 3465 3465 3456 3456 3470 3470 4820 4820 3469 3469 4820 4820 3470 3470 4820 4820 3469 3469 4819 4819 3467 3467 4819 4819 3469 3469 4819 4819 3467 3467 3465 3465 3459 3459 3458 3458 4732 4732 4825 4825 4732 4732 3458 3458 4732 4732 4825 4825 4776 4776 4824 4824 4776 4776 4825 4825 4776 4776 4824 4824 4773 4773 4823 4823 4773 4773 4824 4824 4773 4773 4823 4823 4772 4772 4822 4822 4772 4772 4823 4823 4772 4772 4822 4822 4770 4770 4821 4821 4770 4770 4822 4822 4770 4770 4821 4821 613 613 614 614 613 613 4821 4821 4835 4835 4836 4836 4837 4837 649 649 4836 4836 659 659 4835 4835 659 659 4836 4836 659 659 4835 4835 660 660 4838 4838 4837 4837 4839 4839 4836 4836 4839 4839 4837 4837 4839 4839 4836 4836 4840 4840 649 649 4840 4840 4836 4836 4840 4840 649 649 648 648 4841 4841 4838 4838 4842 4842 4839 4839 4842 4842 4838 4838 4842 4842 4839 4839 4843 4843 4840 4840 4843 4843 4839 4839 4843 4843 4840 4840 4844 4844 648 648 4844 4844 4840 4840 4844 4844 648 648 639 639 4845 4845 4841 4841 4846 4846 4842 4842 4846 4846 4841 4841 4846 4846 4842 4842 4847 4847 4843 4843 4847 4847 4842 4842 4847 4847 4843 4843 4848 4848 4844 4844 4848 4848 4843 4843 4848 4848 4844 4844 4849 4849 639 639 4849 4849 4844 4844 4849 4849 639 639 638 638 4850 4850 4851 4851 4852 4852 4085 4085 4105 4105 4853 4853 4850 4850 4853 4853 4105 4105 4853 4853 4850 4850 4854 4854 4852 4852 4854 4854 4850 4850 4854 4854 4852 4852 4855 4855 643 643 641 641 4856 4856 4857 4857 4856 4856 641 641 4856 4856 4857 4857 4858 4858 4859 4859 4858 4858 4857 4857 4858 4858 4859 4859 4860 4860 4861 4861 4860 4860 4859 4859 4860 4860 4861 4861 4862 4862 4863 4863 4862 4862 4861 4861 4862 4862 4863 4863 4864 4864 4865 4865 4864 4864 4863 4863 641 641 640 640 4857 4857 4866 4866 4857 4857 640 640 4857 4857 4866 4866 4859 4859 4867 4867 4859 4859 4866 4866 4859 4859 4867 4867 4861 4861 4868 4868 4861 4861 4867 4867 4861 4861 4868 4868 4863 4863 4869 4869 4863 4863 4868 4868 4863 4863 4869 4869 4865 4865 4870 4870 4865 4865 4869 4869 640 640 656 656 4866 4866 4871 4871 4866 4866 656 656 4866 4866 4871 4871 4867 4867 4872 4872 4867 4867 4871 4871 4867 4867 4872 4872 4868 4868 4873 4873 4868 4868 4872 4872 4868 4868 4873 4873 4869 4869 4874 4874 4869 4869 4873 4873 4869 4869 4874 4874 4870 4870 4875 4875 4870 4870 4874 4874 656 656 658 658 4871 4871 4876 4876 4871 4871 658 658 4871 4871 4876 4876 4872 4872 4877 4877 4872 4872 4876 4876 4872 4872 4877 4877 4873 4873 4878 4878 4873 4873 4877 4877 4873 4873 4878 4878 4874 4874 4879 4879 4874 4874 4878 4878 4874 4874 4879 4879 4875 4875 4880 4880 4875 4875 4879 4879 4875 4875 4880 4880 4076 4076 4078 4078 4076 4076 4880 4880 665 665 664 664 4881 4881 4882 4882 4881 4881 664 664 4881 4881 4882 4882 4883 4883 4884 4884 4883 4883 4882 4882 4883 4883 4884 4884 4885 4885 4886 4886 4885 4885 4884 4884 4885 4885 4886 4886 4887 4887 4888 4888 4887 4887 4886 4886 4887 4887 4888 4888 4889 4889 4890 4890 4889 4889 4888 4888 664 664 662 662 4882 4882 4891 4891 4882 4882 662 662 4882 4882 4891 4891 4884 4884 4892 4892 4884 4884 4891 4891 4884 4884 4892 4892 4886 4886 4893 4893 4886 4886 4892 4892 4886 4886 4893 4893 4888 4888 4894 4894 4888 4888 4893 4893 4888 4888 4894 4894 4890 4890 4895 4895 4890 4890 4894 4894 4890 4890 4895 4895 4069 4069 4071 4071 4069 4069 4895 4895 4896 4896 4094 4094 4111 4111 644 644 4897 4897 4898 4898 4899 4899 4898 4898 4897 4897 4898 4898 4899 4899 4900 4900 4901 4901 4900 4900 4899 4899 4900 4900 4901 4901 4902 4902 4903 4903 4902 4902 4901 4901 4902 4902 4903 4903 4904 4904 4896 4896 4904 4904 4903 4903 4904 4904 4896 4896 4905 4905 4111 4111 4905 4905 4896 4896 4905 4905 4111 4111 4110 4110 4897 4897 4906 4906 4899 4899 4907 4907 4899 4899 4906 4906 4899 4899 4907 4907 4901 4901 4908 4908 4901 4901 4907 4907 4901 4901 4908 4908 4903 4903 4909 4909 4903 4903 4908 4908 4903 4903 4909 4909 4896 4896 4096 4096 4896 4896 4909 4909 4896 4896 4096 4096 4094 4094 4906 4906 4855 4855 4907 4907 4852 4852 4907 4907 4855 4855 4907 4907 4852 4852 4908 4908 4851 4851 4908 4908 4852 4852 4908 4908 4851 4851 4909 4909 4098 4098 4909 4909 4851 4851 4909 4909 4098 4098 4096 4096 4105 4105 4104 4104 4850 4850 4102 4102 4850 4850 4104 4104 4850 4850 4102 4102 4851 4851 4100 4100 4851 4851 4102 4102 4851 4851 4100 4100 4098 4098 644 644 643 643 4897 4897 4856 4856 4897 4897 643 643 4897 4897 4856 4856 4906 4906 4858 4858 4906 4906 4856 4856 4906 4906 4858 4858 4855 4855 4860 4860 4855 4855 4858 4858 4855 4855 4860 4860 4854 4854 4862 4862 4854 4854 4860 4860 4854 4854 4862 4862 4853 4853 4864 4864 4853 4853 4862 4862 4853 4853 4864 4864 4085 4085 4076 4076 4074 4074 4875 4875 4092 4092 4875 4875 4074 4074 4875 4875 4092 4092 4870 4870 4091 4091 4870 4870 4092 4092 4870 4870 4091 4091 4865 4865 4089 4089 4865 4865 4091 4091 4865 4865 4089 4089 4864 4864 4087 4087 4864 4864 4089 4089 4864 4864 4087 4087 4085 4085 658 658 665 665 4876 4876 4881 4881 4876 4876 665 665 4876 4876 4881 4881 4877 4877 4883 4883 4877 4877 4881 4881 4877 4877 4883 4883 4878 4878 4885 4885 4878 4878 4883 4883 4878 4878 4885 4885 4879 4879 4887 4887 4879 4879 4885 4885 4879 4879 4887 4887 4880 4880 4889 4889 4880 4880 4887 4887 4880 4880 4889 4889 4078 4078 4069 4069 4083 4083 4890 4890 4082 4082 4890 4890 4083 4083 4890 4890 4082 4082 4889 4889 4080 4080 4889 4889 4082 4082 4889 4889 4080 4080 4078 4078 4072 4072 4071 4071 4845 4845 4895 4895 4845 4845 4071 4071 4845 4845 4895 4895 4841 4841 4894 4894 4841 4841 4895 4895 4841 4841 4894 4894 4838 4838 4893 4893 4838 4838 4894 4894 4838 4838 4893 4893 4837 4837 4892 4892 4837 4837 4893 4893 4837 4837 4892 4892 4835 4835 4891 4891 4835 4835 4892 4892 4835 4835 4891 4891 660 660 662 662 660 660 4891 4891 4910 4910 4911 4911 4912 4912 577 577 4911 4911 578 578 4910 4910 578 578 4911 4911 578 578 4910 4910 579 579 4913 4913 4912 4912 4914 4914 4911 4911 4914 4914 4912 4912 4914 4914 4911 4911 4915 4915 577 577 4915 4915 4911 4911 4915 4915 577 577 573 573 4916 4916 4913 4913 4917 4917 4914 4914 4917 4917 4913 4913 4917 4917 4914 4914 4918 4918 4915 4915 4918 4918 4914 4914 4918 4918 4915 4915 4919 4919 573 573 4919 4919 4915 4915 4919 4919 573 573 575 575 4920 4920 4916 4916 4921 4921 4917 4917 4921 4921 4916 4916 4921 4921 4917 4917 4922 4922 4918 4918 4922 4922 4917 4917 4922 4922 4918 4918 4923 4923 4919 4919 4923 4923 4918 4918 4923 4923 4919 4919 4924 4924 575 575 4924 4924 4919 4919 4924 4924 575 575 576 576 4925 4925 4926 4926 4927 4927 4144 4144 4164 4164 4928 4928 4925 4925 4928 4928 4164 4164 4928 4928 4925 4925 4929 4929 4927 4927 4929 4929 4925 4925 4929 4929 4927 4927 4930 4930 588 588 587 587 4931 4931 4932 4932 4931 4931 587 587 4931 4931 4932 4932 4933 4933 4934 4934 4933 4933 4932 4932 4933 4933 4934 4934 4935 4935 4936 4936 4935 4935 4934 4934 4935 4935 4936 4936 4937 4937 4938 4938 4937 4937 4936 4936 4937 4937 4938 4938 4939 4939 4940 4940 4939 4939 4938 4938 587 587 581 581 4932 4932 4941 4941 4932 4932 581 581 4932 4932 4941 4941 4934 4934 4942 4942 4934 4934 4941 4941 4934 4934 4942 4942 4936 4936 4943 4943 4936 4936 4942 4942 4936 4936 4943 4943 4938 4938 4944 4944 4938 4938 4943 4943 4938 4938 4944 4944 4940 4940 4945 4945 4940 4940 4944 4944 581 581 580 580 4941 4941 4946 4946 4941 4941 580 580 4941 4941 4946 4946 4942 4942 4947 4947 4942 4942 4946 4946 4942 4942 4947 4947 4943 4943 4948 4948 4943 4943 4947 4947 4943 4943 4948 4948 4944 4944 4949 4949 4944 4944 4948 4948 4944 4944 4949 4949 4945 4945 4950 4950 4945 4945 4949 4949 580 580 583 583 4946 4946 4951 4951 4946 4946 583 583 4946 4946 4951 4951 4947 4947 4952 4952 4947 4947 4951 4951 4947 4947 4952 4952 4948 4948 4953 4953 4948 4948 4952 4952 4948 4948 4953 4953 4949 4949 4954 4954 4949 4949 4953 4953 4949 4949 4954 4954 4950 4950 4955 4955 4950 4950 4954 4954 4950 4950 4955 4955 4135 4135 4137 4137 4135 4135 4955 4955 586 586 585 585 4956 4956 4957 4957 4956 4956 585 585 4956 4956 4957 4957 4958 4958 4959 4959 4958 4958 4957 4957 4958 4958 4959 4959 4960 4960 4961 4961 4960 4960 4959 4959 4960 4960 4961 4961 4962 4962 4963 4963 4962 4962 4961 4961 4962 4962 4963 4963 4964 4964 4965 4965 4964 4964 4963 4963 585 585 584 584 4957 4957 4966 4966 4957 4957 584 584 4957 4957 4966 4966 4959 4959 4967 4967 4959 4959 4966 4966 4959 4959 4967 4967 4961 4961 4968 4968 4961 4961 4967 4967 4961 4961 4968 4968 4963 4963 4969 4969 4963 4963 4968 4968 4963 4963 4969 4969 4965 4965 4970 4970 4965 4965 4969 4969 4965 4965 4970 4970 4128 4128 4130 4130 4128 4128 4970 4970 4971 4971 4153 4153 4170 4170 589 589 4972 4972 4973 4973 4974 4974 4973 4973 4972 4972 4973 4973 4974 4974 4975 4975 4976 4976 4975 4975 4974 4974 4975 4975 4976 4976 4977 4977 4978 4978 4977 4977 4976 4976 4977 4977 4978 4978 4979 4979 4971 4971 4979 4979 4978 4978 4979 4979 4971 4971 4980 4980 4170 4170 4980 4980 4971 4971 4980 4980 4170 4170 4169 4169 4972 4972 4981 4981 4974 4974 4982 4982 4974 4974 4981 4981 4974 4974 4982 4982 4976 4976 4983 4983 4976 4976 4982 4982 4976 4976 4983 4983 4978 4978 4984 4984 4978 4978 4983 4983 4978 4978 4984 4984 4971 4971 4155 4155 4971 4971 4984 4984 4971 4971 4155 4155 4153 4153 4981 4981 4930 4930 4982 4982 4927 4927 4982 4982 4930 4930 4982 4982 4927 4927 4983 4983 4926 4926 4983 4983 4927 4927 4983 4983 4926 4926 4984 4984 4157 4157 4984 4984 4926 4926 4984 4984 4157 4157 4155 4155 4164 4164 4163 4163 4925 4925 4161 4161 4925 4925 4163 4163 4925 4925 4161 4161 4926 4926 4159 4159 4926 4926 4161 4161 4926 4926 4159 4159 4157 4157 589 589 588 588 4972 4972 4931 4931 4972 4972 588 588 4972 4972 4931 4931 4981 4981 4933 4933 4981 4981 4931 4931 4981 4981 4933 4933 4930 4930 4935 4935 4930 4930 4933 4933 4930 4930 4935 4935 4929 4929 4937 4937 4929 4929 4935 4935 4929 4929 4937 4937 4928 4928 4939 4939 4928 4928 4937 4937 4928 4928 4939 4939 4144 4144 4135 4135 4133 4133 4950 4950 4151 4151 4950 4950 4133 4133 4950 4950 4151 4151 4945 4945 4150 4150 4945 4945 4151 4151 4945 4945 4150 4150 4940 4940 4148 4148 4940 4940 4150 4150 4940 4940 4148 4148 4939 4939 4146 4146 4939 4939 4148 4148 4939 4939 4146 4146 4144 4144 583 583 586 586 4951 4951 4956 4956 4951 4951 586 586 4951 4951 4956 4956 4952 4952 4958 4958 4952 4952 4956 4956 4952 4952 4958 4958 4953 4953 4960 4960 4953 4953 4958 4958 4953 4953 4960 4960 4954 4954 4962 4962 4954 4954 4960 4960 4954 4954 4962 4962 4955 4955 4964 4964 4955 4955 4962 4962 4955 4955 4964 4964 4137 4137 4128 4128 4142 4142 4965 4965 4141 4141 4965 4965 4142 4142 4965 4965 4141 4141 4964 4964 4139 4139 4964 4964 4141 4141 4964 4964 4139 4139 4137 4137 4131 4131 4130 4130 4920 4920 4970 4970 4920 4920 4130 4130 4920 4920 4970 4970 4916 4916 4969 4969 4916 4916 4970 4970 4916 4916 4969 4969 4913 4913 4968 4968 4913 4913 4969 4969 4913 4913 4968 4968 4912 4912 4967 4967 4912 4912 4968 4968 4912 4912 4967 4967 4910 4910 4966 4966 4910 4910 4967 4967 4910 4910 4966 4966 579 579 584 584 579 579 4966 4966 4923 4923 4924 4924 4985 4985 4905 4905 4110 4110 4109 4109 4904 4904 4905 4905 4986 4986 4905 4905 4109 4109 4986 4986 4108 4108 4986 4986 4109 4109 4986 4986 4108 4108 4987 4987 4108 4108 4114 4114 4987 4987 4113 4113 4987 4987 4114 4114 4987 4987 4113 4113 4988 4988 4117 4117 4988 4988 4113 4113 4988 4988 4117 4117 4989 4989 4116 4116 4989 4989 4117 4117 4989 4989 4116 4116 4990 4990 4120 4120 4990 4990 4116 4116 4990 4990 4120 4120 4991 4991 4120 4120 4119 4119 4991 4991 4123 4123 4991 4991 4119 4119 4991 4991 4123 4123 4992 4992 4122 4122 4992 4992 4123 4123 4992 4992 4122 4122 4993 4993 4126 4126 4993 4993 4122 4122 4993 4993 4126 4126 4994 4994 4125 4125 4994 4994 4126 4126 4994 4994 4125 4125 4131 4131 4131 4131 4920 4920 4994 4994 4995 4995 4994 4994 4920 4920 4994 4994 4995 4995 4993 4993 4996 4996 4993 4993 4995 4995 4993 4993 4996 4996 4992 4992 4997 4997 4992 4992 4996 4996 4992 4992 4997 4997 4991 4991 4998 4998 4991 4991 4997 4997 4991 4991 4998 4998 4990 4990 4999 4999 4990 4990 4998 4998 4990 4990 4999 4999 4989 4989 5000 5000 4989 4989 4999 4999 4989 4989 5000 5000 4988 4988 5001 5001 4988 4988 5000 5000 4988 4988 5001 5001 4987 4987 5002 5002 4987 4987 5001 5001 4987 4987 5002 5002 4986 4986 5003 5003 4986 4986 5002 5002 4986 4986 5003 5003 4904 4904 4902 4902 4904 4904 5003 5003 4920 4920 4921 4921 4995 4995 5004 5004 4995 4995 4921 4921 4995 4995 5004 5004 4996 4996 5005 5005 4996 4996 5004 5004 4996 4996 5005 5005 4997 4997 5006 5006 4997 4997 5005 5005 4997 4997 5006 5006 4998 4998 5007 5007 4998 4998 5006 5006 4998 4998 5007 5007 4999 4999 5008 5008 4999 4999 5007 5007 4999 4999 5008 5008 5000 5000 5009 5009 5000 5000 5008 5008 5000 5000 5009 5009 5001 5001 5010 5010 5001 5001 5009 5009 5001 5001 5010 5010 5002 5002 5011 5011 5002 5002 5010 5010 5002 5002 5011 5011 5003 5003 5012 5012 5003 5003 5011 5011 5003 5003 5012 5012 4902 4902 4900 4900 4902 4902 5012 5012 4921 4921 4922 4922 5004 5004 5013 5013 5004 5004 4922 4922 5004 5004 5013 5013 5005 5005 5014 5014 5005 5005 5013 5013 5005 5005 5014 5014 5006 5006 5015 5015 5006 5006 5014 5014 5006 5006 5015 5015 5007 5007 5016 5016 5007 5007 5015 5015 5007 5007 5016 5016 5008 5008 5017 5017 5008 5008 5016 5016 5008 5008 5017 5017 5009 5009 5018 5018 5009 5009 5017 5017 5009 5009 5018 5018 5010 5010 5019 5019 5010 5010 5018 5018 5010 5010 5019 5019 5011 5011 5020 5020 5011 5011 5019 5019 5011 5011 5020 5020 5012 5012 5021 5021 5012 5012 5020 5020 5012 5012 5021 5021 4900 4900 4898 4898 4900 4900 5021 5021 4922 4922 4923 4923 5013 5013 4985 4985 5013 5013 4923 4923 5013 5013 4985 4985 5014 5014 5022 5022 5014 5014 4985 4985 5014 5014 5022 5022 5015 5015 5023 5023 5015 5015 5022 5022 5015 5015 5023 5023 5016 5016 5024 5024 5016 5016 5023 5023 5016 5016 5024 5024 5017 5017 5025 5025 5017 5017 5024 5024 5017 5017 5025 5025 5018 5018 5026 5026 5018 5018 5025 5025 5018 5018 5026 5026 5019 5019 5027 5027 5019 5019 5026 5026 5019 5019 5027 5027 5020 5020 5028 5028 5020 5020 5027 5027 5020 5020 5028 5028 5021 5021 5029 5029 5021 5021 5028 5028 5021 5021 5029 5029 4898 4898 644 644 4898 4898 5029 5029 644 644 5029 5029 2137 2137 5028 5028 2137 2137 5029 5029 2137 2137 5028 5028 2142 2142 5027 5027 2142 2142 5028 5028 2142 2142 5027 5027 2141 2141 5026 5026 2141 2141 5027 5027 2141 2141 5026 5026 2140 2140 5025 5025 2140 2140 5026 5026 2140 2140 5025 5025 2124 2124 5024 5024 2124 2124 5025 5025 2124 2124 5024 5024 2125 2125 5023 5023 2125 2125 5024 5024 2125 2125 5023 5023 2127 2127 5022 5022 2127 2127 5023 5023 2127 2127 5022 5022 2128 2128 4985 4985 2128 2128 5022 5022 2128 2128 4985 4985 2143 2143 4924 4924 2143 2143 4985 4985 2143 2143 4924 4924 576 576 5030 5030 5031 5031 5032 5032 5033 5033 4341 4341 4340 4340 5034 5034 5033 5033 5035 5035 5033 5033 4340 4340 5035 5035 4339 4339 5035 5035 4340 4340 5035 5035 4339 4339 5036 5036 4339 4339 4345 4345 5036 5036 4344 4344 5036 5036 4345 4345 5036 5036 4344 4344 5037 5037 4348 4348 5037 5037 4344 4344 5037 5037 4348 4348 5038 5038 4347 4347 5038 5038 4348 4348 5038 5038 4347 4347 5039 5039 4351 4351 5039 5039 4347 4347 5039 5039 4351 4351 5040 5040 4351 4351 4350 4350 5040 5040 4354 4354 5040 5040 4350 4350 5040 5040 4354 4354 5041 5041 4353 4353 5041 5041 4354 4354 5041 5041 4353 4353 5042 5042 4352 4352 5042 5042 4353 4353 5042 5042 4352 4352 5043 5043 4239 4239 5043 5043 4352 4352 5043 5043 4239 4239 4244 4244 4244 4244 5044 5044 5043 5043 5045 5045 5043 5043 5044 5044 5043 5043 5045 5045 5042 5042 5046 5046 5042 5042 5045 5045 5042 5042 5046 5046 5041 5041 5047 5047 5041 5041 5046 5046 5041 5041 5047 5047 5040 5040 5048 5048 5040 5040 5047 5047 5040 5040 5048 5048 5039 5039 5049 5049 5039 5039 5048 5048 5039 5039 5049 5049 5038 5038 5050 5050 5038 5038 5049 5049 5038 5038 5050 5050 5037 5037 5051 5051 5037 5037 5050 5050 5037 5037 5051 5051 5036 5036 5052 5052 5036 5036 5051 5051 5036 5036 5052 5052 5035 5035 5053 5053 5035 5035 5052 5052 5035 5035 5053 5053 5034 5034 5054 5054 5034 5034 5053 5053 5044 5044 5055 5055 5045 5045 5056 5056 5045 5045 5055 5055 5045 5045 5056 5056 5046 5046 5057 5057 5046 5046 5056 5056 5046 5046 5057 5057 5047 5047 5058 5058 5047 5047 5057 5057 5047 5047 5058 5058 5048 5048 5059 5059 5048 5048 5058 5058 5048 5048 5059 5059 5049 5049 5060 5060 5049 5049 5059 5059 5049 5049 5060 5060 5050 5050 5061 5061 5050 5050 5060 5060 5050 5050 5061 5061 5051 5051 5062 5062 5051 5051 5061 5061 5051 5051 5062 5062 5052 5052 5063 5063 5052 5052 5062 5062 5052 5052 5063 5063 5053 5053 5064 5064 5053 5053 5063 5063 5053 5053 5064 5064 5054 5054 5065 5065 5054 5054 5064 5064 5055 5055 5066 5066 5056 5056 5067 5067 5056 5056 5066 5066 5056 5056 5067 5067 5057 5057 5068 5068 5057 5057 5067 5067 5057 5057 5068 5068 5058 5058 5069 5069 5058 5058 5068 5068 5058 5058 5069 5069 5059 5059 5070 5070 5059 5059 5069 5069 5059 5059 5070 5070 5060 5060 5071 5071 5060 5060 5070 5070 5060 5060 5071 5071 5061 5061 5072 5072 5061 5061 5071 5071 5061 5061 5072 5072 5062 5062 5073 5073 5062 5062 5072 5072 5062 5062 5073 5073 5063 5063 5074 5074 5063 5063 5073 5073 5063 5063 5074 5074 5064 5064 5075 5075 5064 5064 5074 5074 5064 5064 5075 5075 5065 5065 5076 5076 5065 5065 5075 5075 5066 5066 5030 5030 5067 5067 5032 5032 5067 5067 5030 5030 5067 5067 5032 5032 5068 5068 5077 5077 5068 5068 5032 5032 5068 5068 5077 5077 5069 5069 5078 5078 5069 5069 5077 5077 5069 5069 5078 5078 5070 5070 5079 5079 5070 5070 5078 5078 5070 5070 5079 5079 5071 5071 5080 5080 5071 5071 5079 5079 5071 5071 5080 5080 5072 5072 5081 5081 5072 5072 5080 5080 5072 5072 5081 5081 5073 5073 5082 5082 5073 5073 5081 5081 5073 5073 5082 5082 5074 5074 5083 5083 5074 5074 5082 5082 5074 5074 5083 5083 5075 5075 5084 5084 5075 5075 5083 5083 5075 5075 5084 5084 5076 5076 668 668 5076 5076 5084 5084 668 668 5084 5084 2133 2133 5083 5083 2133 2133 5084 5084 2133 2133 5083 5083 2134 2134 5082 5082 2134 2134 5083 5083 2134 2134 5082 5082 2135 2135 5081 5081 2135 2135 5082 5082 2135 2135 5081 5081 2136 2136 5080 5080 2136 2136 5081 5081 2136 2136 5080 5080 2131 2131 5079 5079 2131 2131 5080 5080 2131 2131 5079 5079 2130 2130 5078 5078 2130 2130 5079 5079 2130 2130 5078 5078 2129 2129 5077 5077 2129 2129 5078 5078 2129 2129 5077 5077 2138 2138 5032 5032 2138 2138 5077 5077 2138 2138 5032 5032 2139 2139 5031 5031 2139 2139 5032 5032 2139 2139 5031 5031 642 642 5085 5085 5086 5086 5087 5087 653 653 5086 5086 654 654 5085 5085 654 654 5086 5086 654 654 5085 5085 655 655 5088 5088 5087 5087 5089 5089 5086 5086 5089 5089 5087 5087 5089 5089 5086 5086 5090 5090 653 653 5090 5090 5086 5086 5090 5090 653 653 652 652 5091 5091 5088 5088 5092 5092 5089 5089 5092 5092 5088 5088 5092 5092 5089 5089 5093 5093 5090 5090 5093 5093 5089 5089 5093 5093 5090 5090 5094 5094 652 652 5094 5094 5090 5090 5094 5094 652 652 651 651 5044 5044 5091 5091 5055 5055 5092 5092 5055 5055 5091 5091 5055 5055 5092 5092 5066 5066 5093 5093 5066 5066 5092 5092 5066 5066 5093 5093 5030 5030 5094 5094 5030 5030 5093 5093 5030 5030 5094 5094 5031 5031 651 651 5031 5031 5094 5094 5031 5031 651 651 642 642 5095 5095 5096 5096 5097 5097 4257 4257 4277 4277 5098 5098 5095 5095 5098 5098 4277 4277 5098 5098 5095 5095 5099 5099 5097 5097 5099 5099 5095 5095 5099 5099 5097 5097 5100 5100 646 646 645 645 5101 5101 5102 5102 5101 5101 645 645 5101 5101 5102 5102 5103 5103 5104 5104 5103 5103 5102 5102 5103 5103 5104 5104 5105 5105 5106 5106 5105 5105 5104 5104 5105 5105 5106 5106 5107 5107 5108 5108 5107 5107 5106 5106 5107 5107 5108 5108 5109 5109 5110 5110 5109 5109 5108 5108 645 645 637 637 5102 5102 5111 5111 5102 5102 637 637 5102 5102 5111 5111 5104 5104 5112 5112 5104 5104 5111 5111 5104 5104 5112 5112 5106 5106 5113 5113 5106 5106 5112 5112 5106 5106 5113 5113 5108 5108 5114 5114 5108 5108 5113 5113 5108 5108 5114 5114 5110 5110 5115 5115 5110 5110 5114 5114 637 637 650 650 5111 5111 5116 5116 5111 5111 650 650 5111 5111 5116 5116 5112 5112 5117 5117 5112 5112 5116 5116 5112 5112 5117 5117 5113 5113 5118 5118 5113 5113 5117 5117 5113 5113 5118 5118 5114 5114 5119 5119 5114 5114 5118 5118 5114 5114 5119 5119 5115 5115 5120 5120 5115 5115 5119 5119 650 650 666 666 5116 5116 5121 5121 5116 5116 666 666 5116 5116 5121 5121 5117 5117 5122 5122 5117 5117 5121 5121 5117 5117 5122 5122 5118 5118 5123 5123 5118 5118 5122 5122 5118 5118 5123 5123 5119 5119 5124 5124 5119 5119 5123 5123 5119 5119 5124 5124 5120 5120 5125 5125 5120 5120 5124 5124 5120 5120 5125 5125 4248 4248 4250 4250 4248 4248 5125 5125 661 661 663 663 5126 5126 5127 5127 5126 5126 663 663 5126 5126 5127 5127 5128 5128 5129 5129 5128 5128 5127 5127 5128 5128 5129 5129 5130 5130 5131 5131 5130 5130 5129 5129 5130 5130 5131 5131 5132 5132 5133 5133 5132 5132 5131 5131 5132 5132 5133 5133 5134 5134 5135 5135 5134 5134 5133 5133 663 663 657 657 5127 5127 5136 5136 5127 5127 657 657 5127 5127 5136 5136 5129 5129 5137 5137 5129 5129 5136 5136 5129 5129 5137 5137 5131 5131 5138 5138 5131 5131 5137 5137 5131 5131 5138 5138 5133 5133 5139 5139 5133 5133 5138 5138 5133 5133 5139 5139 5135 5135 5140 5140 5135 5135 5139 5139 5135 5135 5140 5140 4241 4241 4243 4243 4241 4241 5140 5140 5141 5141 4266 4266 4283 4283 647 647 5142 5142 5143 5143 5144 5144 5143 5143 5142 5142 5143 5143 5144 5144 5145 5145 5146 5146 5145 5145 5144 5144 5145 5145 5146 5146 5147 5147 5148 5148 5147 5147 5146 5146 5147 5147 5148 5148 5149 5149 5141 5141 5149 5149 5148 5148 5149 5149 5141 5141 5150 5150 4283 4283 5150 5150 5141 5141 5150 5150 4283 4283 4282 4282 5142 5142 5151 5151 5144 5144 5152 5152 5144 5144 5151 5151 5144 5144 5152 5152 5146 5146 5153 5153 5146 5146 5152 5152 5146 5146 5153 5153 5148 5148 5154 5154 5148 5148 5153 5153 5148 5148 5154 5154 5141 5141 4268 4268 5141 5141 5154 5154 5141 5141 4268 4268 4266 4266 5151 5151 5100 5100 5152 5152 5097 5097 5152 5152 5100 5100 5152 5152 5097 5097 5153 5153 5096 5096 5153 5153 5097 5097 5153 5153 5096 5096 5154 5154 4270 4270 5154 5154 5096 5096 5154 5154 4270 4270 4268 4268 4277 4277 4276 4276 5095 5095 4274 4274 5095 5095 4276 4276 5095 5095 4274 4274 5096 5096 4272 4272 5096 5096 4274 4274 5096 5096 4272 4272 4270 4270 647 647 646 646 5142 5142 5101 5101 5142 5142 646 646 5142 5142 5101 5101 5151 5151 5103 5103 5151 5151 5101 5101 5151 5151 5103 5103 5100 5100 5105 5105 5100 5100 5103 5103 5100 5100 5105 5105 5099 5099 5107 5107 5099 5099 5105 5105 5099 5099 5107 5107 5098 5098 5109 5109 5098 5098 5107 5107 5098 5098 5109 5109 4257 4257 4248 4248 4246 4246 5120 5120 4264 4264 5120 5120 4246 4246 5120 5120 4264 4264 5115 5115 4263 4263 5115 5115 4264 4264 5115 5115 4263 4263 5110 5110 4261 4261 5110 5110 4263 4263 5110 5110 4261 4261 5109 5109 4259 4259 5109 5109 4261 4261 5109 5109 4259 4259 4257 4257 666 666 661 661 5121 5121 5126 5126 5121 5121 661 661 5121 5121 5126 5126 5122 5122 5128 5128 5122 5122 5126 5126 5122 5122 5128 5128 5123 5123 5130 5130 5123 5123 5128 5128 5123 5123 5130 5130 5124 5124 5132 5132 5124 5124 5130 5130 5124 5124 5132 5132 5125 5125 5134 5134 5125 5125 5132 5132 5125 5125 5134 5134 4250 4250 4241 4241 4255 4255 5135 5135 4254 4254 5135 5135 4255 4255 5135 5135 4254 4254 5134 5134 4252 4252 5134 5134 4254 4254 5134 5134 4252 4252 4250 4250 4244 4244 4243 4243 5044 5044 5140 5140 5044 5044 4243 4243 5044 5044 5140 5140 5091 5091 5139 5139 5091 5091 5140 5140 5091 5091 5139 5139 5088 5088 5138 5138 5088 5088 5139 5139 5088 5088 5138 5138 5087 5087 5137 5137 5087 5087 5138 5138 5087 5087 5137 5137 5085 5085 5136 5136 5085 5085 5137 5137 5085 5085 5136 5136 655 655 657 657 655 655 5136 5136 5155 5155 5156 5156 5157 5157 674 674 5156 5156 675 675 5155 5155 675 675 5156 5156 675 675 5155 5155 679 679 5158 5158 5157 5157 5159 5159 5156 5156 5159 5159 5157 5157 5159 5159 5156 5156 5160 5160 674 674 5160 5160 5156 5156 5160 5160 674 674 673 673 5161 5161 5158 5158 5162 5162 5159 5159 5162 5162 5158 5158 5162 5162 5159 5159 5163 5163 5160 5160 5163 5163 5159 5159 5163 5163 5160 5160 5164 5164 673 673 5164 5164 5160 5160 5164 5164 673 673 672 672 5165 5165 5161 5161 5166 5166 5162 5162 5166 5166 5161 5161 5166 5166 5162 5162 5167 5167 5163 5163 5167 5167 5162 5162 5167 5167 5163 5163 5168 5168 5164 5164 5168 5168 5163 5163 5168 5168 5164 5164 5169 5169 672 672 5169 5169 5164 5164 5169 5169 672 672 671 671 5170 5170 5171 5171 5172 5172 4316 4316 4336 4336 5173 5173 5170 5170 5173 5173 4336 4336 5173 5173 5170 5170 5174 5174 5172 5172 5174 5174 5170 5170 5174 5174 5172 5172 5175 5175 667 667 676 676 5176 5176 5177 5177 5176 5176 676 676 5176 5176 5177 5177 5178 5178 5179 5179 5178 5178 5177 5177 5178 5178 5179 5179 5180 5180 5181 5181 5180 5180 5179 5179 5180 5180 5181 5181 5182 5182 5183 5183 5182 5182 5181 5181 5182 5182 5183 5183 5184 5184 5185 5185 5184 5184 5183 5183 676 676 683 683 5177 5177 5186 5186 5177 5177 683 683 5177 5177 5186 5186 5179 5179 5187 5187 5179 5179 5186 5186 5179 5179 5187 5187 5181 5181 5188 5188 5181 5181 5187 5187 5181 5181 5188 5188 5183 5183 5189 5189 5183 5183 5188 5188 5183 5183 5189 5189 5185 5185 5190 5190 5185 5185 5189 5189 683 683 682 682 5186 5186 5191 5191 5186 5186 682 682 5186 5186 5191 5191 5187 5187 5192 5192 5187 5187 5191 5191 5187 5187 5192 5192 5188 5188 5193 5193 5188 5188 5192 5192 5188 5188 5193 5193 5189 5189 5194 5194 5189 5189 5193 5193 5189 5189 5194 5194 5190 5190 5195 5195 5190 5190 5194 5194 682 682 678 678 5191 5191 5196 5196 5191 5191 678 678 5191 5191 5196 5196 5192 5192 5197 5197 5192 5192 5196 5196 5192 5192 5197 5197 5193 5193 5198 5198 5193 5193 5197 5197 5193 5193 5198 5198 5194 5194 5199 5199 5194 5194 5198 5198 5194 5194 5199 5199 5195 5195 5200 5200 5195 5195 5199 5199 5195 5195 5200 5200 4307 4307 4309 4309 4307 4307 5200 5200 677 677 681 681 5201 5201 5202 5202 5201 5201 681 681 5201 5201 5202 5202 5203 5203 5204 5204 5203 5203 5202 5202 5203 5203 5204 5204 5205 5205 5206 5206 5205 5205 5204 5204 5205 5205 5206 5206 5207 5207 5208 5208 5207 5207 5206 5206 5207 5207 5208 5208 5209 5209 5210 5210 5209 5209 5208 5208 681 681 680 680 5202 5202 5211 5211 5202 5202 680 680 5202 5202 5211 5211 5204 5204 5212 5212 5204 5204 5211 5211 5204 5204 5212 5212 5206 5206 5213 5213 5206 5206 5212 5212 5206 5206 5213 5213 5208 5208 5214 5214 5208 5208 5213 5213 5208 5208 5214 5214 5210 5210 5215 5215 5210 5210 5214 5214 5210 5210 5215 5215 4300 4300 4302 4302 4300 4300 5215 5215 5216 5216 4325 4325 4342 4342 668 668 5217 5217 5076 5076 5218 5218 5076 5076 5217 5217 5076 5076 5218 5218 5065 5065 5219 5219 5065 5065 5218 5218 5065 5065 5219 5219 5054 5054 5220 5220 5054 5054 5219 5219 5054 5054 5220 5220 5034 5034 5216 5216 5034 5034 5220 5220 5034 5034 5216 5216 5033 5033 4342 4342 5033 5033 5216 5216 5033 5033 4342 4342 4341 4341 5217 5217 5221 5221 5218 5218 5222 5222 5218 5218 5221 5221 5218 5218 5222 5222 5219 5219 5223 5223 5219 5219 5222 5222 5219 5219 5223 5223 5220 5220 5224 5224 5220 5220 5223 5223 5220 5220 5224 5224 5216 5216 4327 4327 5216 5216 5224 5224 5216 5216 4327 4327 4325 4325 5221 5221 5175 5175 5222 5222 5172 5172 5222 5222 5175 5175 5222 5222 5172 5172 5223 5223 5171 5171 5223 5223 5172 5172 5223 5223 5171 5171 5224 5224 4329 4329 5224 5224 5171 5171 5224 5224 4329 4329 4327 4327 4336 4336 4335 4335 5170 5170 4333 4333 5170 5170 4335 4335 5170 5170 4333 4333 5171 5171 4331 4331 5171 5171 4333 4333 5171 5171 4331 4331 4329 4329 668 668 667 667 5217 5217 5176 5176 5217 5217 667 667 5217 5217 5176 5176 5221 5221 5178 5178 5221 5221 5176 5176 5221 5221 5178 5178 5175 5175 5180 5180 5175 5175 5178 5178 5175 5175 5180 5180 5174 5174 5182 5182 5174 5174 5180 5180 5174 5174 5182 5182 5173 5173 5184 5184 5173 5173 5182 5182 5173 5173 5184 5184 4316 4316 4307 4307 4305 4305 5195 5195 4323 4323 5195 5195 4305 4305 5195 5195 4323 4323 5190 5190 4322 4322 5190 5190 4323 4323 5190 5190 4322 4322 5185 5185 4320 4320 5185 5185 4322 4322 5185 5185 4320 4320 5184 5184 4318 4318 5184 5184 4320 4320 5184 5184 4318 4318 4316 4316 678 678 677 677 5196 5196 5201 5201 5196 5196 677 677 5196 5196 5201 5201 5197 5197 5203 5203 5197 5197 5201 5201 5197 5197 5203 5203 5198 5198 5205 5205 5198 5198 5203 5203 5198 5198 5205 5205 5199 5199 5207 5207 5199 5199 5205 5205 5199 5199 5207 5207 5200 5200 5209 5209 5200 5200 5207 5207 5200 5200 5209 5209 4309 4309 4300 4300 4314 4314 5210 5210 4313 4313 5210 5210 4314 4314 5210 5210 4313 4313 5209 5209 4311 4311 5209 5209 4313 4313 5209 5209 4311 4311 4309 4309 4303 4303 4302 4302 5165 5165 5215 5215 5165 5165 4302 4302 5165 5165 5215 5215 5161 5161 5214 5214 5161 5161 5215 5215 5161 5161 5214 5214 5158 5158 5213 5213 5158 5158 5214 5214 5158 5158 5213 5213 5157 5157 5212 5212 5157 5157 5213 5213 5157 5157 5212 5212 5155 5155 5211 5211 5155 5155 5212 5212 5155 5155 5211 5211 679 679 680 680 679 679 5211 5211 5168 5168 5169 5169 5225 5225 5150 5150 4282 4282 4281 4281 5149 5149 5150 5150 5226 5226 5150 5150 4281 4281 5226 5226 4280 4280 5226 5226 4281 4281 5226 5226 4280 4280 5227 5227 4280 4280 4286 4286 5227 5227 4285 4285 5227 5227 4286 4286 5227 5227 4285 4285 5228 5228 4289 4289 5228 5228 4285 4285 5228 5228 4289 4289 5229 5229 4288 4288 5229 5229 4289 4289 5229 5229 4288 4288 5230 5230 4292 4292 5230 5230 4288 4288 5230 5230 4292 4292 5231 5231 4292 4292 4291 4291 5231 5231 4295 4295 5231 5231 4291 4291 5231 5231 4295 4295 5232 5232 4294 4294 5232 5232 4295 4295 5232 5232 4294 4294 5233 5233 4298 4298 5233 5233 4294 4294 5233 5233 4298 4298 5234 5234 4297 4297 5234 5234 4298 4298 5234 5234 4297 4297 4303 4303 4303 4303 5165 5165 5234 5234 5235 5235 5234 5234 5165 5165 5234 5234 5235 5235 5233 5233 5236 5236 5233 5233 5235 5235 5233 5233 5236 5236 5232 5232 5237 5237 5232 5232 5236 5236 5232 5232 5237 5237 5231 5231 5238 5238 5231 5231 5237 5237 5231 5231 5238 5238 5230 5230 5239 5239 5230 5230 5238 5238 5230 5230 5239 5239 5229 5229 5240 5240 5229 5229 5239 5239 5229 5229 5240 5240 5228 5228 5241 5241 5228 5228 5240 5240 5228 5228 5241 5241 5227 5227 5242 5242 5227 5227 5241 5241 5227 5227 5242 5242 5226 5226 5243 5243 5226 5226 5242 5242 5226 5226 5243 5243 5149 5149 5147 5147 5149 5149 5243 5243 5165 5165 5166 5166 5235 5235 5244 5244 5235 5235 5166 5166 5235 5235 5244 5244 5236 5236 5245 5245 5236 5236 5244 5244 5236 5236 5245 5245 5237 5237 5246 5246 5237 5237 5245 5245 5237 5237 5246 5246 5238 5238 5247 5247 5238 5238 5246 5246 5238 5238 5247 5247 5239 5239 5248 5248 5239 5239 5247 5247 5239 5239 5248 5248 5240 5240 5249 5249 5240 5240 5248 5248 5240 5240 5249 5249 5241 5241 5250 5250 5241 5241 5249 5249 5241 5241 5250 5250 5242 5242 5251 5251 5242 5242 5250 5250 5242 5242 5251 5251 5243 5243 5252 5252 5243 5243 5251 5251 5243 5243 5252 5252 5147 5147 5145 5145 5147 5147 5252 5252 5166 5166 5167 5167 5244 5244 5253 5253 5244 5244 5167 5167 5244 5244 5253 5253 5245 5245 5254 5254 5245 5245 5253 5253 5245 5245 5254 5254 5246 5246 5255 5255 5246 5246 5254 5254 5246 5246 5255 5255 5247 5247 5256 5256 5247 5247 5255 5255 5247 5247 5256 5256 5248 5248 5257 5257 5248 5248 5256 5256 5248 5248 5257 5257 5249 5249 5258 5258 5249 5249 5257 5257 5249 5249 5258 5258 5250 5250 5259 5259 5250 5250 5258 5258 5250 5250 5259 5259 5251 5251 5260 5260 5251 5251 5259 5259 5251 5251 5260 5260 5252 5252 5261 5261 5252 5252 5260 5260 5252 5252 5261 5261 5145 5145 5143 5143 5145 5145 5261 5261 5167 5167 5168 5168 5253 5253 5225 5225 5253 5253 5168 5168 5253 5253 5225 5225 5254 5254 5262 5262 5254 5254 5225 5225 5254 5254 5262 5262 5255 5255 5263 5263 5255 5255 5262 5262 5255 5255 5263 5263 5256 5256 5264 5264 5256 5256 5263 5263 5256 5256 5264 5264 5257 5257 5265 5265 5257 5257 5264 5264 5257 5257 5265 5265 5258 5258 5266 5266 5258 5258 5265 5265 5258 5258 5266 5266 5259 5259 5267 5267 5259 5259 5266 5266 5259 5259 5267 5267 5260 5260 5268 5268 5260 5260 5267 5267 5260 5260 5268 5268 5261 5261 5269 5269 5261 5261 5268 5268 5261 5261 5269 5269 5143 5143 647 647 5143 5143 5269 5269 647 647 5269 5269 2196 2196 5268 5268 2196 2196 5269 5269 2196 2196 5268 5268 2201 2201 5267 5267 2201 2201 5268 5268 2201 2201 5267 5267 2200 2200 5266 5266 2200 2200 5267 5267 2200 2200 5266 5266 2199 2199 5265 5265 2199 2199 5266 5266 2199 2199 5265 5265 2189 2189 5264 5264 2189 2189 5265 5265 2189 2189 5264 5264 2190 2190 5263 5263 2190 2190 5264 5264 2190 2190 5263 5263 2192 2192 5262 5262 2192 2192 5263 5263 2192 2192 5262 5262 2193 2193 5225 5225 2193 2193 5262 5262 2193 2193 5225 5225 2202 2202 5169 5169 2202 2202 5225 5225 2202 2202 5169 5169 671 671 4848 4848 4849 4849 5270 5270 4980 4980 4169 4169 4168 4168 4979 4979 4980 4980 5271 5271 4980 4980 4168 4168 5271 5271 4167 4167 5271 5271 4168 4168 5271 5271 4167 4167 5272 5272 4167 4167 4173 4173 5272 5272 4172 4172 5272 5272 4173 4173 5272 5272 4172 4172 5273 5273 4176 4176 5273 5273 4172 4172 5273 5273 4176 4176 5274 5274 4175 4175 5274 5274 4176 4176 5274 5274 4175 4175 5275 5275 4179 4179 5275 5275 4175 4175 5275 5275 4179 4179 5276 5276 4179 4179 4178 4178 5276 5276 4182 4182 5276 5276 4178 4178 5276 5276 4182 4182 5277 5277 4181 4181 5277 5277 4182 4182 5277 5277 4181 4181 5278 5278 4180 4180 5278 5278 4181 4181 5278 5278 4180 4180 5279 5279 4067 4067 5279 5279 4180 4180 5279 5279 4067 4067 4072 4072 4072 4072 4845 4845 5279 5279 5280 5280 5279 5279 4845 4845 5279 5279 5280 5280 5278 5278 5281 5281 5278 5278 5280 5280 5278 5278 5281 5281 5277 5277 5282 5282 5277 5277 5281 5281 5277 5277 5282 5282 5276 5276 5283 5283 5276 5276 5282 5282 5276 5276 5283 5283 5275 5275 5284 5284 5275 5275 5283 5283 5275 5275 5284 5284 5274 5274 5285 5285 5274 5274 5284 5284 5274 5274 5285 5285 5273 5273 5286 5286 5273 5273 5285 5285 5273 5273 5286 5286 5272 5272 5287 5287 5272 5272 5286 5286 5272 5272 5287 5287 5271 5271 5288 5288 5271 5271 5287 5287 5271 5271 5288 5288 4979 4979 4977 4977 4979 4979 5288 5288 4845 4845 4846 4846 5280 5280 5289 5289 5280 5280 4846 4846 5280 5280 5289 5289 5281 5281 5290 5290 5281 5281 5289 5289 5281 5281 5290 5290 5282 5282 5291 5291 5282 5282 5290 5290 5282 5282 5291 5291 5283 5283 5292 5292 5283 5283 5291 5291 5283 5283 5292 5292 5284 5284 5293 5293 5284 5284 5292 5292 5284 5284 5293 5293 5285 5285 5294 5294 5285 5285 5293 5293 5285 5285 5294 5294 5286 5286 5295 5295 5286 5286 5294 5294 5286 5286 5295 5295 5287 5287 5296 5296 5287 5287 5295 5295 5287 5287 5296 5296 5288 5288 5297 5297 5288 5288 5296 5296 5288 5288 5297 5297 4977 4977 4975 4975 4977 4977 5297 5297 4846 4846 4847 4847 5289 5289 5298 5298 5289 5289 4847 4847 5289 5289 5298 5298 5290 5290 5299 5299 5290 5290 5298 5298 5290 5290 5299 5299 5291 5291 5300 5300 5291 5291 5299 5299 5291 5291 5300 5300 5292 5292 5301 5301 5292 5292 5300 5300 5292 5292 5301 5301 5293 5293 5302 5302 5293 5293 5301 5301 5293 5293 5302 5302 5294 5294 5303 5303 5294 5294 5302 5302 5294 5294 5303 5303 5295 5295 5304 5304 5295 5295 5303 5303 5295 5295 5304 5304 5296 5296 5305 5305 5296 5296 5304 5304 5296 5296 5305 5305 5297 5297 5306 5306 5297 5297 5305 5305 5297 5297 5306 5306 4975 4975 4973 4973 4975 4975 5306 5306 4847 4847 4848 4848 5298 5298 5270 5270 5298 5298 4848 4848 5298 5298 5270 5270 5299 5299 5307 5307 5299 5299 5270 5270 5299 5299 5307 5307 5300 5300 5308 5308 5300 5300 5307 5307 5300 5300 5308 5308 5301 5301 5309 5309 5301 5301 5308 5308 5301 5301 5309 5309 5302 5302 5310 5310 5302 5302 5309 5309 5302 5302 5310 5310 5303 5303 5311 5311 5303 5303 5310 5310 5303 5303 5311 5311 5304 5304 5312 5312 5304 5304 5311 5311 5304 5304 5312 5312 5305 5305 5313 5313 5305 5305 5312 5312 5305 5305 5313 5313 5306 5306 5314 5314 5306 5306 5313 5313 5306 5306 5314 5314 4973 4973 589 589 4973 4973 5314 5314 589 589 5314 5314 2184 2184 5313 5313 2184 2184 5314 5314 2184 2184 5313 5313 2185 2185 5312 5312 2185 2185 5313 5313 2185 2185 5312 5312 2186 2186 5311 5311 2186 2186 5312 5312 2186 2186 5311 5311 2187 2187 5310 5310 2187 2187 5311 5311 2187 2187 5310 5310 2188 2188 5309 5309 2188 2188 5310 5310 2188 2188 5309 5309 2194 2194 5308 5308 2194 2194 5309 5309 2194 2194 5308 5308 2195 2195 5307 5307 2195 2195 5308 5308 2195 2195 5307 5307 2197 2197 5270 5270 2197 2197 5307 5307 2197 2197 5270 5270 2198 2198 4849 4849 2198 2198 5270 5270 2198 2198 4849 4849 638 638 4304 4304 4306 4306 5315 5315 4308 4308 4310 4310 5316 5316 4293 4293 4290 4290 5317 5317 4287 4287 4284 4284 5318 5318 4269 4269 4271 4271 5319 5319 4273 4273 4275 4275 5320 5320 4245 4245 4247 4247 5321 5321 4249 4249 4251 4251 5322 5322 4237 4237 4349 4349 5323 5323 4346 4346 4343 4343 5324 5324 4328 4328 4330 4330 5325 5325 4332 4332 4334 4334 5326 5326 4195 4195 4193 4193 5327 5327 5328 5328 5327 5327 4193 4193 5327 5327 5328 5328 5329 5329 5330 5330 5329 5329 5328 5328 5329 5329 5330 5330 5331 5331 5332 5332 5331 5331 5330 5330 5331 5331 5332 5332 5333 5333 5334 5334 5333 5333 5332 5332 5333 5333 5334 5334 5335 5335 5326 5326 5335 5335 5334 5334 4202 4202 4200 4200 5336 5336 5337 5337 5336 5336 4200 4200 5336 5336 5337 5337 5338 5338 5339 5339 5338 5338 5337 5337 5338 5338 5339 5339 5340 5340 5341 5341 5340 5340 5339 5339 5340 5340 5341 5341 5342 5342 5343 5343 5342 5342 5341 5341 5342 5342 5343 5343 5344 5344 5324 5324 5344 5344 5343 5343 4231 4231 4229 4229 5345 5345 5346 5346 5345 5345 4229 4229 5345 5345 5346 5346 5347 5347 5348 5348 5347 5347 5346 5346 5347 5347 5348 5348 5349 5349 5350 5350 5349 5349 5348 5348 5349 5349 5350 5350 5351 5351 5352 5352 5351 5351 5350 5350 5351 5351 5352 5352 5353 5353 5322 5322 5353 5353 5352 5352 4188 4188 4186 4186 5354 5354 5355 5355 5354 5354 4186 4186 5354 5354 5355 5355 5356 5356 5357 5357 5356 5356 5355 5355 5356 5356 5357 5357 5358 5358 5359 5359 5358 5358 5357 5357 5358 5358 5359 5359 5360 5360 5361 5361 5360 5360 5359 5359 5360 5360 5361 5361 5362 5362 5320 5320 5362 5362 5361 5361 4213 4213 4211 4211 5363 5363 5364 5364 5363 5363 4211 4211 5363 5363 5364 5364 5365 5365 5366 5366 5365 5365 5364 5364 5365 5365 5366 5366 5367 5367 5368 5368 5367 5367 5366 5366 5367 5367 5368 5368 5369 5369 5370 5370 5369 5369 5368 5368 5369 5369 5370 5370 5371 5371 5318 5318 5371 5371 5370 5370 4222 4222 4220 4220 5372 5372 5373 5373 5372 5372 4220 4220 5372 5372 5373 5373 5374 5374 5375 5375 5374 5374 5373 5373 5374 5374 5375 5375 5376 5376 5377 5377 5376 5376 5375 5375 5376 5376 5377 5377 5378 5378 5379 5379 5378 5378 5377 5377 5378 5378 5379 5379 5380 5380 5316 5316 5380 5380 5379 5379 4197 4197 4195 4195 5381 5381 5327 5327 5381 5381 4195 4195 5381 5381 5327 5327 5382 5382 5329 5329 5382 5382 5327 5327 5382 5382 5329 5329 5383 5383 5331 5331 5383 5383 5329 5329 5383 5383 5331 5331 5384 5384 5333 5333 5384 5384 5331 5331 5384 5384 5333 5333 5385 5385 5335 5335 5385 5385 5333 5333 5385 5385 5335 5335 4319 4319 4317 4317 4319 4319 5335 5335 5326 5326 4334 4334 5335 5335 4315 4315 5335 5335 4334 4334 5335 5335 4315 4315 4317 4317 4193 4193 4207 4207 5328 5328 5386 5386 5328 5328 4207 4207 5328 5328 5386 5386 5330 5330 5387 5387 5330 5330 5386 5386 5330 5330 5387 5387 5332 5332 5388 5388 5332 5332 5387 5387 5332 5332 5388 5388 5334 5334 5389 5389 5334 5334 5388 5388 5334 5334 5389 5389 5326 5326 5325 5325 5326 5326 5389 5389 5326 5326 5325 5325 4332 4332 4330 4330 4332 4332 5325 5325 4326 4326 4328 4328 5390 5390 5325 5325 5390 5390 4328 4328 5390 5390 5325 5325 5391 5391 5389 5389 5391 5391 5325 5325 5391 5391 5389 5389 5392 5392 5388 5388 5392 5392 5389 5389 5392 5392 5388 5388 5393 5393 5387 5387 5393 5393 5388 5388 5393 5393 5387 5387 5394 5394 5386 5386 5394 5394 5387 5387 5394 5394 5386 5386 4206 4206 4207 4207 4206 4206 5386 5386 4206 4206 4204 4204 5394 5394 5395 5395 5394 5394 4204 4204 5394 5394 5395 5395 5393 5393 5396 5396 5393 5393 5395 5395 5393 5393 5396 5396 5392 5392 5397 5397 5392 5392 5396 5396 5392 5392 5397 5397 5391 5391 5398 5398 5391 5391 5397 5397 5391 5391 5398 5398 5390 5390 5399 5399 5390 5390 5398 5398 5390 5390 5399 5399 4326 4326 4324 4324 4326 4326 5399 5399 4204 4204 4202 4202 5395 5395 5336 5336 5395 5395 4202 4202 5395 5395 5336 5336 5396 5396 5338 5338 5396 5396 5336 5336 5396 5396 5338 5338 5397 5397 5340 5340 5397 5397 5338 5338 5397 5397 5340 5340 5398 5398 5342 5342 5398 5398 5340 5340 5398 5398 5342 5342 5399 5399 5344 5344 5399 5399 5342 5342 5399 5399 5344 5344 4324 4324 4337 4337 4324 4324 5344 5344 5324 5324 4343 4343 5344 5344 4338 4338 5344 5344 4343 4343 5344 5344 4338 4338 4337 4337 4200 4200 4236 4236 5337 5337 5400 5400 5337 5337 4236 4236 5337 5337 5400 5400 5339 5339 5401 5401 5339 5339 5400 5400 5339 5339 5401 5401 5341 5341 5402 5402 5341 5341 5401 5401 5341 5341 5402 5402 5343 5343 5403 5403 5343 5343 5402 5402 5343 5343 5403 5403 5324 5324 5323 5323 5324 5324 5403 5403 5324 5324 5323 5323 4346 4346 4349 4349 4346 4346 5323 5323 4238 4238 4237 4237 5404 5404 5323 5323 5404 5404 4237 4237 5404 5404 5323 5323 5405 5405 5403 5403 5405 5405 5323 5323 5405 5405 5403 5403 5406 5406 5402 5402 5406 5406 5403 5403 5406 5406 5402 5402 5407 5407 5401 5401 5407 5407 5402 5402 5407 5407 5401 5401 5408 5408 5400 5400 5408 5408 5401 5401 5408 5408 5400 5400 4235 4235 4236 4236 4235 4235 5400 5400 4235 4235 4233 4233 5408 5408 5409 5409 5408 5408 4233 4233 5408 5408 5409 5409 5407 5407 5410 5410 5407 5407 5409 5409 5407 5407 5410 5410 5406 5406 5411 5411 5406 5406 5410 5410 5406 5406 5411 5411 5405 5405 5412 5412 5405 5405 5411 5411 5405 5405 5412 5412 5404 5404 5413 5413 5404 5404 5412 5412 5404 5404 5413 5413 4238 4238 4242 4242 4238 4238 5413 5413 4233 4233 4231 4231 5409 5409 5345 5345 5409 5409 4231 4231 5409 5409 5345 5345 5410 5410 5347 5347 5410 5410 5345 5345 5410 5410 5347 5347 5411 5411 5349 5349 5411 5411 5347 5347 5411 5411 5349 5349 5412 5412 5351 5351 5412 5412 5349 5349 5412 5412 5351 5351 5413 5413 5353 5353 5413 5413 5351 5351 5413 5413 5353 5353 4242 4242 4240 4240 4242 4242 5353 5353 5322 5322 4251 4251 5353 5353 4253 4253 5353 5353 4251 4251 5353 5353 4253 4253 4240 4240 4229 4229 4227 4227 5346 5346 5414 5414 5346 5346 4227 4227 5346 5346 5414 5414 5348 5348 5415 5415 5348 5348 5414 5414 5348 5348 5415 5415 5350 5350 5416 5416 5350 5350 5415 5415 5350 5350 5416 5416 5352 5352 5417 5417 5352 5352 5416 5416 5352 5352 5417 5417 5322 5322 5321 5321 5322 5322 5417 5417 5322 5322 5321 5321 4249 4249 4247 4247 4249 4249 5321 5321 4262 4262 4245 4245 5418 5418 5321 5321 5418 5418 4245 4245 5418 5418 5321 5321 5419 5419 5417 5417 5419 5419 5321 5321 5419 5419 5417 5417 5420 5420 5416 5416 5420 5420 5417 5417 5420 5420 5416 5416 5421 5421 5415 5415 5421 5421 5416 5416 5421 5421 5415 5415 5422 5422 5414 5414 5422 5422 5415 5415 5422 5422 5414 5414 4226 4226 4227 4227 4226 4226 5414 5414 4226 4226 4190 4190 5422 5422 5423 5423 5422 5422 4190 4190 5422 5422 5423 5423 5421 5421 5424 5424 5421 5421 5423 5423 5421 5421 5424 5424 5420 5420 5425 5425 5420 5420 5424 5424 5420 5420 5425 5425 5419 5419 5426 5426 5419 5419 5425 5425 5419 5419 5426 5426 5418 5418 5427 5427 5418 5418 5426 5426 5418 5418 5427 5427 4262 4262 4260 4260 4262 4262 5427 5427 4190 4190 4188 4188 5423 5423 5354 5354 5423 5423 4188 4188 5423 5423 5354 5354 5424 5424 5356 5356 5424 5424 5354 5354 5424 5424 5356 5356 5425 5425 5358 5358 5425 5425 5356 5356 5425 5425 5358 5358 5426 5426 5360 5360 5426 5426 5358 5358 5426 5426 5360 5360 5427 5427 5362 5362 5427 5427 5360 5360 5427 5427 5362 5362 4260 4260 4258 4258 4260 4260 5362 5362 5320 5320 4275 4275 5362 5362 4256 4256 5362 5362 4275 4275 5362 5362 4256 4256 4258 4258 4186 4186 4184 4184 5355 5355 5428 5428 5355 5355 4184 4184 5355 5355 5428 5428 5357 5357 5429 5429 5357 5357 5428 5428 5357 5357 5429 5429 5359 5359 5430 5430 5359 5359 5429 5429 5359 5359 5430 5430 5361 5361 5431 5431 5361 5361 5430 5430 5361 5361 5431 5431 5320 5320 5319 5319 5320 5320 5431 5431 5320 5320 5319 5319 4273 4273 4271 4271 4273 4273 5319 5319 4267 4267 4269 4269 5432 5432 5319 5319 5432 5432 4269 4269 5432 5432 5319 5319 5433 5433 5431 5431 5433 5433 5319 5319 5433 5433 5431 5431 5434 5434 5430 5430 5434 5434 5431 5431 5434 5434 5430 5430 5435 5435 5429 5429 5435 5435 5430 5430 5435 5435 5429 5429 5436 5436 5428 5428 5436 5436 5429 5429 5436 5436 5428 5428 4216 4216 4184 4184 4216 4216 5428 5428 4216 4216 4215 4215 5436 5436 5437 5437 5436 5436 4215 4215 5436 5436 5437 5437 5435 5435 5438 5438 5435 5435 5437 5437 5435 5435 5438 5438 5434 5434 5439 5439 5434 5434 5438 5438 5434 5434 5439 5439 5433 5433 5440 5440 5433 5433 5439 5439 5433 5433 5440 5440 5432 5432 5441 5441 5432 5432 5440 5440 5432 5432 5441 5441 4267 4267 4265 4265 4267 4267 5441 5441 4215 4215 4213 4213 5437 5437 5363 5363 5437 5437 4213 4213 5437 5437 5363 5363 5438 5438 5365 5365 5438 5438 5363 5363 5438 5438 5365 5365 5439 5439 5367 5367 5439 5439 5365 5365 5439 5439 5367 5367 5440 5440 5369 5369 5440 5440 5367 5367 5440 5440 5369 5369 5441 5441 5371 5371 5441 5441 5369 5369 5441 5441 5371 5371 4265 4265 4278 4278 4265 4265 5371 5371 5318 5318 4284 4284 5371 5371 4279 4279 5371 5371 4284 4284 5371 5371 4279 4279 4278 4278 4211 4211 4209 4209 5364 5364 5442 5442 5364 5364 4209 4209 5364 5364 5442 5442 5366 5366 5443 5443 5366 5366 5442 5442 5366 5366 5443 5443 5368 5368 5444 5444 5368 5368 5443 5443 5368 5368 5444 5444 5370 5370 5445 5445 5370 5370 5444 5444 5370 5370 5445 5445 5318 5318 5317 5317 5318 5318 5445 5445 5318 5318 5317 5317 4287 4287 4290 4290 4287 4287 5317 5317 4296 4296 4293 4293 5446 5446 5317 5317 5446 5446 4293 4293 5446 5446 5317 5317 5447 5447 5445 5445 5447 5447 5317 5317 5447 5447 5445 5445 5448 5448 5444 5444 5448 5448 5445 5445 5448 5448 5444 5444 5449 5449 5443 5443 5449 5449 5444 5444 5449 5449 5443 5443 5450 5450 5442 5442 5450 5450 5443 5443 5450 5450 5442 5442 4225 4225 4209 4209 4225 4225 5442 5442 4225 4225 4224 4224 5450 5450 5451 5451 5450 5450 4224 4224 5450 5450 5451 5451 5449 5449 5452 5452 5449 5449 5451 5451 5449 5449 5452 5452 5448 5448 5453 5453 5448 5448 5452 5452 5448 5448 5453 5453 5447 5447 5454 5454 5447 5447 5453 5453 5447 5447 5454 5454 5446 5446 5455 5455 5446 5446 5454 5454 5446 5446 5455 5455 4296 4296 4301 4301 4296 4296 5455 5455 4224 4224 4222 4222 5451 5451 5372 5372 5451 5451 4222 4222 5451 5451 5372 5372 5452 5452 5374 5374 5452 5452 5372 5372 5452 5452 5374 5374 5453 5453 5376 5376 5453 5453 5374 5374 5453 5453 5376 5376 5454 5454 5378 5378 5454 5454 5376 5376 5454 5454 5378 5378 5455 5455 5380 5380 5455 5455 5378 5378 5455 5455 5380 5380 4301 4301 4299 4299 4301 4301 5380 5380 5316 5316 4310 4310 5380 5380 4312 4312 5380 5380 4310 4310 5380 5380 4312 4312 4299 4299 4220 4220 4218 4218 5373 5373 5456 5456 5373 5373 4218 4218 5373 5373 5456 5456 5375 5375 5457 5457 5375 5375 5456 5456 5375 5375 5457 5457 5377 5377 5458 5458 5377 5377 5457 5457 5377 5377 5458 5458 5379 5379 5459 5459 5379 5379 5458 5458 5379 5379 5459 5459 5316 5316 5315 5315 5316 5316 5459 5459 5316 5316 5315 5315 4308 4308 4306 4306 4308 4308 5315 5315 4321 4321 4304 4304 5460 5460 5315 5315 5460 5460 4304 4304 5460 5460 5315 5315 5461 5461 5459 5459 5461 5461 5315 5315 5461 5461 5459 5459 5462 5462 5458 5458 5462 5462 5459 5459 5462 5462 5458 5458 5463 5463 5457 5457 5463 5463 5458 5458 5463 5463 5457 5457 5464 5464 5456 5456 5464 5464 5457 5457 5464 5464 5456 5456 4217 4217 4218 4218 4217 4217 5456 5456 4217 4217 4197 4197 5464 5464 5381 5381 5464 5464 4197 4197 5464 5464 5381 5381 5463 5463 5382 5382 5463 5463 5381 5381 5463 5463 5382 5382 5462 5462 5383 5383 5462 5462 5382 5382 5462 5462 5383 5383 5461 5461 5384 5384 5461 5461 5383 5383 5461 5461 5384 5384 5460 5460 5385 5385 5460 5460 5384 5384 5460 5460 5385 5385 4321 4321 4319 4319 4321 4321 5385 5385 5465 5465 4136 4136 5466 5466 4138 4138 5466 5466 4136 4136 5466 5466 4138 4138 5467 5467 4140 4140 5467 5467 4138 4138 4140 4140 4127 4127 5467 5467 4129 4129 5467 5467 4127 4127 5467 5467 4129 4129 5468 5468 4124 4124 5468 5468 4129 4129 5468 5468 4124 4124 5469 5469 4121 4121 5469 5469 4124 4124 5469 5469 4121 4121 5470 5470 4121 4121 4118 4118 5470 5470 4115 4115 5470 5470 4118 4118 5470 5470 4115 4115 5471 5471 4112 4112 5471 5471 4115 4115 5471 5471 4112 4112 5472 5472 4107 4107 5472 5472 4112 4112 4107 4107 4106 4106 5472 5472 4093 4093 5472 5472 4106 4106 5472 5472 4093 4093 5473 5473 4095 4095 5473 5473 4093 4093 5473 5473 4095 4095 5474 5474 4097 4097 5474 5474 4095 4095 5474 5474 4097 4097 5475 5475 4097 4097 4099 4099 5475 5475 4101 4101 5475 5475 4099 4099 5475 5475 4101 4101 5476 5476 4103 4103 5476 5476 4101 4101 5476 5476 4103 4103 5477 5477 4084 4084 5477 5477 4103 4103 4084 4084 4086 4086 5477 5477 4088 4088 5477 5477 4086 4086 5477 5477 4088 4088 5478 5478 4090 4090 5478 5478 4088 4088 5478 5478 4090 4090 5479 5479 4073 4073 5479 5479 4090 4090 5479 5479 4073 4073 5480 5480 4073 4073 4075 4075 5480 5480 4077 4077 5480 5480 4075 4075 5480 5480 4077 4077 5481 5481 4079 4079 5481 5481 4077 4077 5481 5481 4079 4079 5482 5482 4081 4081 5482 5482 4079 4079 4081 4081 4068 4068 5482 5482 4070 4070 5482 5482 4068 4068 5482 5482 4070 4070 5483 5483 4066 4066 5483 5483 4070 4070 5483 5483 4066 4066 5484 5484 4065 4065 5484 5484 4066 4066 5484 5484 4065 4065 5485 5485 4065 4065 4177 4177 5485 5485 4174 4174 5485 5485 4177 4177 5485 5485 4174 4174 5486 5486 4171 4171 5486 5486 4174 4174 5486 5486 4171 4171 5487 5487 4166 4166 5487 5487 4171 4171 4166 4166 4165 4165 5487 5487 4152 4152 5487 5487 4165 4165 5487 5487 4152 4152 5488 5488 4154 4154 5488 5488 4152 4152 5488 5488 4154 4154 5489 5489 4156 4156 5489 5489 4154 4154 5489 5489 4156 4156 5490 5490 4156 4156 4158 4158 5490 5490 4160 4160 5490 5490 4158 4158 5490 5490 4160 4160 5491 5491 4162 4162 5491 5491 4160 4160 5491 5491 4162 4162 5492 5492 4143 4143 5492 5492 4162 4162 4143 4143 4145 4145 5492 5492 4147 4147 5492 5492 4145 4145 5492 5492 4147 4147 5493 5493 4149 4149 5493 5493 4147 4147 5493 5493 4149 4149 5494 5494 4132 4132 5494 5494 4149 4149 5494 5494 4132 4132 5465 5465 4134 4134 5465 5465 4132 4132 5465 5465 4134 4134 4136 4136 5493 5493 5495 5495 5492 5492 5496 5496 5492 5492 5495 5495 5492 5492 5496 5496 5491 5491 5497 5497 5491 5491 5496 5496 5491 5491 5497 5497 5490 5490 5498 5498 5490 5490 5497 5497 5490 5490 5498 5498 5489 5489 5499 5499 5489 5489 5498 5498 5489 5489 5499 5499 5488 5488 5500 5500 5488 5488 5499 5499 5488 5488 5500 5500 5487 5487 5501 5501 5487 5487 5500 5500 5487 5487 5501 5501 5486 5486 5502 5502 5486 5486 5501 5501 5486 5486 5502 5502 5485 5485 5503 5503 5485 5485 5502 5502 5485 5485 5503 5503 5484 5484 5504 5504 5484 5484 5503 5503 5484 5484 5504 5504 5483 5483 5505 5505 5483 5483 5504 5504 5483 5483 5505 5505 5482 5482 5506 5506 5482 5482 5505 5505 5482 5482 5506 5506 5481 5481 5507 5507 5481 5481 5506 5506 5481 5481 5507 5507 5480 5480 5508 5508 5480 5480 5507 5507 5480 5480 5508 5508 5479 5479 5509 5509 5479 5479 5508 5508 5479 5479 5509 5509 5478 5478 5510 5510 5478 5478 5509 5509 5478 5478 5510 5510 5477 5477 5511 5511 5477 5477 5510 5510 5477 5477 5511 5511 5476 5476 5512 5512 5476 5476 5511 5511 5476 5476 5512 5512 5475 5475 5513 5513 5475 5475 5512 5512 5475 5475 5513 5513 5474 5474 5514 5514 5474 5474 5513 5513 5474 5474 5514 5514 5473 5473 5515 5515 5473 5473 5514 5514 5473 5473 5515 5515 5472 5472 5516 5516 5472 5472 5515 5515 5472 5472 5516 5516 5471 5471 5517 5517 5471 5471 5516 5516 5471 5471 5517 5517 5470 5470 5518 5518 5470 5470 5517 5517 5470 5470 5518 5518 5469 5469 5519 5519 5469 5469 5518 5518 5469 5469 5519 5519 5468 5468 5520 5520 5468 5468 5519 5519 5468 5468 5520 5520 5467 5467 5521 5521 5467 5467 5520 5520 5467 5467 5521 5521 5466 5466 5522 5522 5466 5466 5521 5521 5466 5466 5522 5522 5465 5465 5523 5523 5465 5465 5522 5522 5465 5465 5523 5523 5494 5494 5524 5524 5494 5494 5523 5523 5494 5494 5524 5524 5493 5493 5495 5495 5493 5493 5524 5524 5524 5524 5525 5525 5495 5495 5526 5526 5495 5495 5525 5525 5495 5495 5526 5526 5496 5496 5527 5527 5496 5496 5526 5526 5496 5496 5527 5527 5497 5497 5528 5528 5497 5497 5527 5527 5497 5497 5528 5528 5498 5498 5529 5529 5498 5498 5528 5528 5498 5498 5529 5529 5499 5499 5530 5530 5499 5499 5529 5529 5499 5499 5530 5530 5500 5500 5531 5531 5500 5500 5530 5530 5500 5500 5531 5531 5501 5501 5532 5532 5501 5501 5531 5531 5501 5501 5532 5532 5502 5502 5533 5533 5502 5502 5532 5532 5502 5502 5533 5533 5503 5503 5534 5534 5503 5503 5533 5533 5503 5503 5534 5534 5504 5504 5535 5535 5504 5504 5534 5534 5504 5504 5535 5535 5505 5505 5536 5536 5505 5505 5535 5535 5505 5505 5536 5536 5506 5506 5537 5537 5506 5506 5536 5536 5506 5506 5537 5537 5507 5507 5538 5538 5507 5507 5537 5537 5507 5507 5538 5538 5508 5508 5539 5539 5508 5508 5538 5538 5508 5508 5539 5539 5509 5509 5540 5540 5509 5509 5539 5539 5509 5509 5540 5540 5510 5510 5541 5541 5510 5510 5540 5540 5510 5510 5541 5541 5511 5511 5542 5542 5511 5511 5541 5541 5511 5511 5542 5542 5512 5512 5543 5543 5512 5512 5542 5542 5512 5512 5543 5543 5513 5513 5544 5544 5513 5513 5543 5543 5513 5513 5544 5544 5514 5514 5545 5545 5514 5514 5544 5544 5514 5514 5545 5545 5515 5515 5546 5546 5515 5515 5545 5545 5515 5515 5546 5546 5516 5516 5547 5547 5516 5516 5546 5546 5516 5516 5547 5547 5517 5517 5548 5548 5517 5517 5547 5547 5517 5517 5548 5548 5518 5518 5549 5549 5518 5518 5548 5548 5518 5518 5549 5549 5519 5519 5550 5550 5519 5519 5549 5549 5519 5519 5550 5550 5520 5520 5551 5551 5520 5520 5550 5550 5520 5520 5551 5551 5521 5521 5552 5552 5521 5521 5551 5551 5521 5521 5552 5552 5522 5522 5553 5553 5522 5522 5552 5552 5522 5522 5553 5553 5523 5523 5554 5554 5523 5523 5553 5553 5523 5523 5554 5554 5524 5524 5525 5525 5524 5524 5554 5554 5554 5554 5555 5555 5525 5525 5556 5556 5525 5525 5555 5555 5525 5525 5556 5556 5526 5526 5557 5557 5526 5526 5556 5556 5526 5526 5557 5557 5527 5527 5558 5558 5527 5527 5557 5557 5527 5527 5558 5558 5528 5528 5559 5559 5528 5528 5558 5558 5528 5528 5559 5559 5529 5529 5560 5560 5529 5529 5559 5559 5529 5529 5560 5560 5530 5530 5561 5561 5530 5530 5560 5560 5530 5530 5561 5561 5531 5531 5562 5562 5531 5531 5561 5561 5531 5531 5562 5562 5532 5532 5563 5563 5532 5532 5562 5562 5532 5532 5563 5563 5533 5533 5564 5564 5533 5533 5563 5563 5533 5533 5564 5564 5534 5534 5565 5565 5534 5534 5564 5564 5534 5534 5565 5565 5535 5535 5566 5566 5535 5535 5565 5565 5535 5535 5566 5566 5536 5536 5567 5567 5536 5536 5566 5566 5536 5536 5567 5567 5537 5537 5568 5568 5537 5537 5567 5567 5537 5537 5568 5568 5538 5538 5569 5569 5538 5538 5568 5568 5538 5538 5569 5569 5539 5539 5570 5570 5539 5539 5569 5569 5539 5539 5570 5570 5540 5540 5571 5571 5540 5540 5570 5570 5540 5540 5571 5571 5541 5541 5572 5572 5541 5541 5571 5571 5541 5541 5572 5572 5542 5542 5573 5573 5542 5542 5572 5572 5542 5542 5573 5573 5543 5543 5574 5574 5543 5543 5573 5573 5543 5543 5574 5574 5544 5544 5575 5575 5544 5544 5574 5574 5544 5544 5575 5575 5545 5545 5576 5576 5545 5545 5575 5575 5545 5545 5576 5576 5546 5546 5577 5577 5546 5546 5576 5576 5546 5546 5577 5577 5547 5547 5578 5578 5547 5547 5577 5577 5547 5547 5578 5578 5548 5548 5579 5579 5548 5548 5578 5578 5548 5548 5579 5579 5549 5549 5580 5580 5549 5549 5579 5579 5549 5549 5580 5580 5550 5550 5581 5581 5550 5550 5580 5580 5550 5550 5581 5581 5551 5551 5582 5582 5551 5551 5581 5581 5551 5551 5582 5582 5552 5552 5583 5583 5552 5552 5582 5582 5552 5552 5583 5583 5553 5553 5584 5584 5553 5553 5583 5583 5553 5553 5584 5584 5554 5554 5555 5555 5554 5554 5584 5584 5584 5584 5585 5585 5555 5555 5586 5586 5555 5555 5585 5585 5555 5555 5586 5586 5556 5556 5587 5587 5556 5556 5586 5586 5556 5556 5587 5587 5557 5557 5588 5588 5557 5557 5587 5587 5557 5557 5588 5588 5558 5558 5589 5589 5558 5558 5588 5588 5558 5558 5589 5589 5559 5559 5590 5590 5559 5559 5589 5589 5559 5559 5590 5590 5560 5560 5591 5591 5560 5560 5590 5590 5560 5560 5591 5591 5561 5561 5592 5592 5561 5561 5591 5591 5561 5561 5592 5592 5562 5562 5593 5593 5562 5562 5592 5592 5562 5562 5593 5593 5563 5563 5594 5594 5563 5563 5593 5593 5563 5563 5594 5594 5564 5564 5595 5595 5564 5564 5594 5594 5564 5564 5595 5595 5565 5565 5596 5596 5565 5565 5595 5595 5565 5565 5596 5596 5566 5566 5597 5597 5566 5566 5596 5596 5566 5566 5597 5597 5567 5567 5598 5598 5567 5567 5597 5597 5567 5567 5598 5598 5568 5568 5599 5599 5568 5568 5598 5598 5568 5568 5599 5599 5569 5569 5600 5600 5569 5569 5599 5599 5569 5569 5600 5600 5570 5570 5601 5601 5570 5570 5600 5600 5570 5570 5601 5601 5571 5571 5602 5602 5571 5571 5601 5601 5571 5571 5602 5602 5572 5572 5603 5603 5572 5572 5602 5602 5572 5572 5603 5603 5573 5573 5604 5604 5573 5573 5603 5603 5573 5573 5604 5604 5574 5574 5605 5605 5574 5574 5604 5604 5574 5574 5605 5605 5575 5575 5606 5606 5575 5575 5605 5605 5575 5575 5606 5606 5576 5576 5607 5607 5576 5576 5606 5606 5576 5576 5607 5607 5577 5577 5608 5608 5577 5577 5607 5607 5577 5577 5608 5608 5578 5578 5609 5609 5578 5578 5608 5608 5578 5578 5609 5609 5579 5579 5610 5610 5579 5579 5609 5609 5579 5579 5610 5610 5580 5580 5611 5611 5580 5580 5610 5610 5580 5580 5611 5611 5581 5581 5612 5612 5581 5581 5611 5611 5581 5581 5612 5612 5582 5582 5613 5613 5582 5582 5612 5612 5582 5582 5613 5613 5583 5583 5614 5614 5583 5583 5613 5613 5583 5583 5614 5614 5584 5584 5585 5585 5584 5584 5614 5614 5614 5614 4014 4014 5585 5585 4012 4012 5585 5585 4014 4014 5585 5585 4012 4012 5586 5586 4055 4055 5586 5586 4012 4012 5586 5586 4055 4055 5587 5587 4054 4054 5587 5587 4055 4055 5587 5587 4054 4054 5588 5588 4052 4052 5588 5588 4054 4054 5588 5588 4052 4052 5589 5589 4050 4050 5589 5589 4052 4052 5589 5589 4050 4050 5590 5590 4048 4048 5590 5590 4050 4050 5590 5590 4048 4048 5591 5591 4064 4064 5591 5591 4048 4048 5591 5591 4064 4064 5592 5592 4063 4063 5592 5592 4064 4064 5592 5592 4063 4063 5593 5593 4061 4061 5593 5593 4063 4063 5593 5593 4061 4061 5594 5594 4059 4059 5594 5594 4061 4061 5594 5594 4059 4059 5595 5595 4057 4057 5595 5595 4059 4059 5595 5595 4057 4057 5596 5596 4056 4056 5596 5596 4057 4057 5596 5596 4056 4056 5597 5597 4025 4025 5597 5597 4056 4056 5597 5597 4025 4025 5598 5598 4023 4023 5598 5598 4025 4025 5598 5598 4023 4023 5599 5599 4021 4021 5599 5599 4023 4023 5599 5599 4021 4021 5600 5600 4019 4019 5600 5600 4021 4021 5600 5600 4019 4019 5601 5601 4046 4046 5601 5601 4019 4019 5601 5601 4046 4046 5602 5602 4045 4045 5602 5602 4046 4046 5602 5602 4045 4045 5603 5603 4043 4043 5603 5603 4045 4045 5603 5603 4043 4043 5604 5604 4041 4041 5604 5604 4043 4043 5604 5604 4041 4041 5605 5605 4039 4039 5605 5605 4041 4041 5605 5605 4039 4039 5606 5606 4038 4038 5606 5606 4039 4039 5606 5606 4038 4038 5607 5607 4036 4036 5607 5607 4038 4038 5607 5607 4036 4036 5608 5608 4034 4034 5608 5608 4036 4036 5608 5608 4034 4034 5609 5609 4032 4032 5609 5609 4034 4034 5609 5609 4032 4032 5610 5610 4030 4030 5610 5610 4032 4032 5610 5610 4030 4030 5611 5611 4028 4028 5611 5611 4030 4030 5611 5611 4028 4028 5612 5612 4027 4027 5612 5612 4028 4028 5612 5612 4027 4027 5613 5613 4016 4016 5613 5613 4027 4027 5613 5613 4016 4016 5614 5614 4014 4014 5614 5614 4016 4016 5615 5615 3464 3464 5616 5616 3466 3466 5616 5616 3464 3464 5616 5616 3466 3466 5617 5617 3468 3468 5617 5617 3466 3466 3468 3468 3455 3455 5617 5617 3457 3457 5617 5617 3455 3455 5617 5617 3457 3457 5618 5618 3452 3452 5618 5618 3457 3457 5618 5618 3452 3452 5619 5619 3449 3449 5619 5619 3452 3452 5619 5619 3449 3449 5620 5620 3449 3449 3446 3446 5620 5620 3443 3443 5620 5620 3446 3446 5620 5620 3443 3443 5621 5621 3440 3440 5621 5621 3443 3443 5621 5621 3440 3440 5622 5622 3435 3435 5622 5622 3440 3440 3435 3435 3434 3434 5622 5622 3421 3421 5622 5622 3434 3434 5622 5622 3421 3421 5623 5623 3423 3423 5623 5623 3421 3421 5623 5623 3423 3423 5624 5624 3425 3425 5624 5624 3423 3423 5624 5624 3425 3425 5625 5625 3425 3425 3427 3427 5625 5625 3429 3429 5625 5625 3427 3427 5625 5625 3429 3429 5626 5626 3431 3431 5626 5626 3429 3429 5626 5626 3431 3431 5627 5627 3412 3412 5627 5627 3431 3431 3412 3412 3414 3414 5627 5627 3416 3416 5627 5627 3414 3414 5627 5627 3416 3416 5628 5628 3418 3418 5628 5628 3416 3416 5628 5628 3418 3418 5629 5629 3401 3401 5629 5629 3418 3418 5629 5629 3401 3401 5630 5630 3401 3401 3403 3403 5630 5630 3405 3405 5630 5630 3403 3403 5630 5630 3405 3405 5631 5631 3407 3407 5631 5631 3405 3405 5631 5631 3407 3407 5632 5632 3409 3409 5632 5632 3407 3407 3409 3409 3396 3396 5632 5632 3398 3398 5632 5632 3396 3396 5632 5632 3398 3398 5633 5633 3393 3393 5633 5633 3398 3398 5633 5633 3393 3393 5634 5634 3390 3390 5634 5634 3393 3393 5634 5634 3390 3390 5635 5635 3390 3390 3387 3387 5635 5635 3384 3384 5635 5635 3387 3387 5635 5635 3384 3384 5636 5636 3381 3381 5636 5636 3384 3384 5636 5636 3381 3381 5637 5637 3376 3376 5637 5637 3381 3381 3376 3376 3375 3375 5637 5637 3380 3380 5637 5637 3375 3375 5637 5637 3380 3380 5638 5638 3482 3482 5638 5638 3380 3380 5638 5638 3482 3482 5639 5639 3484 3484 5639 5639 3482 3482 5639 5639 3484 3484 5640 5640 3484 3484 3486 3486 5640 5640 3488 3488 5640 5640 3486 3486 5640 5640 3488 3488 5641 5641 3490 3490 5641 5641 3488 3488 5641 5641 3490 3490 5642 5642 3471 3471 5642 5642 3490 3490 3471 3471 3473 3473 5642 5642 3475 3475 5642 5642 3473 3473 5642 5642 3475 3475 5643 5643 3477 3477 5643 5643 3475 3475 5643 5643 3477 3477 5644 5644 3460 3460 5644 5644 3477 3477 5644 5644 3460 3460 5615 5615 3462 3462 5615 5615 3460 3460 5615 5615 3462 3462 3464 3464 5643 5643 5645 5645 5642 5642 5646 5646 5642 5642 5645 5645 5642 5642 5646 5646 5641 5641 5647 5647 5641 5641 5646 5646 5641 5641 5647 5647 5640 5640 5648 5648 5640 5640 5647 5647 5640 5640 5648 5648 5639 5639 5649 5649 5639 5639 5648 5648 5639 5639 5649 5649 5638 5638 5650 5650 5638 5638 5649 5649 5638 5638 5650 5650 5637 5637 5651 5651 5637 5637 5650 5650 5637 5637 5651 5651 5636 5636 5652 5652 5636 5636 5651 5651 5636 5636 5652 5652 5635 5635 5653 5653 5635 5635 5652 5652 5635 5635 5653 5653 5634 5634 5654 5654 5634 5634 5653 5653 5634 5634 5654 5654 5633 5633 5655 5655 5633 5633 5654 5654 5633 5633 5655 5655 5632 5632 5656 5656 5632 5632 5655 5655 5632 5632 5656 5656 5631 5631 5657 5657 5631 5631 5656 5656 5631 5631 5657 5657 5630 5630 5658 5658 5630 5630 5657 5657 5630 5630 5658 5658 5629 5629 5659 5659 5629 5629 5658 5658 5629 5629 5659 5659 5628 5628 5660 5660 5628 5628 5659 5659 5628 5628 5660 5660 5627 5627 5661 5661 5627 5627 5660 5660 5627 5627 5661 5661 5626 5626 5662 5662 5626 5626 5661 5661 5626 5626 5662 5662 5625 5625 5663 5663 5625 5625 5662 5662 5625 5625 5663 5663 5624 5624 5664 5664 5624 5624 5663 5663 5624 5624 5664 5664 5623 5623 5665 5665 5623 5623 5664 5664 5623 5623 5665 5665 5622 5622 5666 5666 5622 5622 5665 5665 5622 5622 5666 5666 5621 5621 5667 5667 5621 5621 5666 5666 5621 5621 5667 5667 5620 5620 5668 5668 5620 5620 5667 5667 5620 5620 5668 5668 5619 5619 5669 5669 5619 5619 5668 5668 5619 5619 5669 5669 5618 5618 5670 5670 5618 5618 5669 5669 5618 5618 5670 5670 5617 5617 5671 5671 5617 5617 5670 5670 5617 5617 5671 5671 5616 5616 5672 5672 5616 5616 5671 5671 5616 5616 5672 5672 5615 5615 5673 5673 5615 5615 5672 5672 5615 5615 5673 5673 5644 5644 5674 5674 5644 5644 5673 5673 5644 5644 5674 5674 5643 5643 5645 5645 5643 5643 5674 5674 5674 5674 5675 5675 5645 5645 5676 5676 5645 5645 5675 5675 5645 5645 5676 5676 5646 5646 5677 5677 5646 5646 5676 5676 5646 5646 5677 5677 5647 5647 5678 5678 5647 5647 5677 5677 5647 5647 5678 5678 5648 5648 5679 5679 5648 5648 5678 5678 5648 5648 5679 5679 5649 5649 5680 5680 5649 5649 5679 5679 5649 5649 5680 5680 5650 5650 5681 5681 5650 5650 5680 5680 5650 5650 5681 5681 5651 5651 5682 5682 5651 5651 5681 5681 5651 5651 5682 5682 5652 5652 5683 5683 5652 5652 5682 5682 5652 5652 5683 5683 5653 5653 5684 5684 5653 5653 5683 5683 5653 5653 5684 5684 5654 5654 5685 5685 5654 5654 5684 5684 5654 5654 5685 5685 5655 5655 5686 5686 5655 5655 5685 5685 5655 5655 5686 5686 5656 5656 5687 5687 5656 5656 5686 5686 5656 5656 5687 5687 5657 5657 5688 5688 5657 5657 5687 5687 5657 5657 5688 5688 5658 5658 5689 5689 5658 5658 5688 5688 5658 5658 5689 5689 5659 5659 5690 5690 5659 5659 5689 5689 5659 5659 5690 5690 5660 5660 5691 5691 5660 5660 5690 5690 5660 5660 5691 5691 5661 5661 5692 5692 5661 5661 5691 5691 5661 5661 5692 5692 5662 5662 5693 5693 5662 5662 5692 5692 5662 5662 5693 5693 5663 5663 5694 5694 5663 5663 5693 5693 5663 5663 5694 5694 5664 5664 5695 5695 5664 5664 5694 5694 5664 5664 5695 5695 5665 5665 5696 5696 5665 5665 5695 5695 5665 5665 5696 5696 5666 5666 5697 5697 5666 5666 5696 5696 5666 5666 5697 5697 5667 5667 5698 5698 5667 5667 5697 5697 5667 5667 5698 5698 5668 5668 5699 5699 5668 5668 5698 5698 5668 5668 5699 5699 5669 5669 5700 5700 5669 5669 5699 5699 5669 5669 5700 5700 5670 5670 5701 5701 5670 5670 5700 5700 5670 5670 5701 5701 5671 5671 5702 5702 5671 5671 5701 5701 5671 5671 5702 5702 5672 5672 5703 5703 5672 5672 5702 5702 5672 5672 5703 5703 5673 5673 5704 5704 5673 5673 5703 5703 5673 5673 5704 5704 5674 5674 5675 5675 5674 5674 5704 5704 5704 5704 5705 5705 5675 5675 5706 5706 5675 5675 5705 5705 5675 5675 5706 5706 5676 5676 5707 5707 5676 5676 5706 5706 5676 5676 5707 5707 5677 5677 5708 5708 5677 5677 5707 5707 5677 5677 5708 5708 5678 5678 5709 5709 5678 5678 5708 5708 5678 5678 5709 5709 5679 5679 5710 5710 5679 5679 5709 5709 5679 5679 5710 5710 5680 5680 5711 5711 5680 5680 5710 5710 5680 5680 5711 5711 5681 5681 5712 5712 5681 5681 5711 5711 5681 5681 5712 5712 5682 5682 5713 5713 5682 5682 5712 5712 5682 5682 5713 5713 5683 5683 5714 5714 5683 5683 5713 5713 5683 5683 5714 5714 5684 5684 5715 5715 5684 5684 5714 5714 5684 5684 5715 5715 5685 5685 5716 5716 5685 5685 5715 5715 5685 5685 5716 5716 5686 5686 5717 5717 5686 5686 5716 5716 5686 5686 5717 5717 5687 5687 5718 5718 5687 5687 5717 5717 5687 5687 5718 5718 5688 5688 5719 5719 5688 5688 5718 5718 5688 5688 5719 5719 5689 5689 5720 5720 5689 5689 5719 5719 5689 5689 5720 5720 5690 5690 5721 5721 5690 5690 5720 5720 5690 5690 5721 5721 5691 5691 5722 5722 5691 5691 5721 5721 5691 5691 5722 5722 5692 5692 5723 5723 5692 5692 5722 5722 5692 5692 5723 5723 5693 5693 5724 5724 5693 5693 5723 5723 5693 5693 5724 5724 5694 5694 5725 5725 5694 5694 5724 5724 5694 5694 5725 5725 5695 5695 5726 5726 5695 5695 5725 5725 5695 5695 5726 5726 5696 5696 5727 5727 5696 5696 5726 5726 5696 5696 5727 5727 5697 5697 5728 5728 5697 5697 5727 5727 5697 5697 5728 5728 5698 5698 5729 5729 5698 5698 5728 5728 5698 5698 5729 5729 5699 5699 5730 5730 5699 5699 5729 5729 5699 5699 5730 5730 5700 5700 5731 5731 5700 5700 5730 5730 5700 5700 5731 5731 5701 5701 5732 5732 5701 5701 5731 5731 5701 5701 5732 5732 5702 5702 5733 5733 5702 5702 5732 5732 5702 5702 5733 5733 5703 5703 5734 5734 5703 5703 5733 5733 5703 5703 5734 5734 5704 5704 5705 5705 5704 5704 5734 5734 5734 5734 5735 5735 5705 5705 5736 5736 5705 5705 5735 5735 5705 5705 5736 5736 5706 5706 5737 5737 5706 5706 5736 5736 5706 5706 5737 5737 5707 5707 5738 5738 5707 5707 5737 5737 5707 5707 5738 5738 5708 5708 5739 5739 5708 5708 5738 5738 5708 5708 5739 5739 5709 5709 5740 5740 5709 5709 5739 5739 5709 5709 5740 5740 5710 5710 5741 5741 5710 5710 5740 5740 5710 5710 5741 5741 5711 5711 5742 5742 5711 5711 5741 5741 5711 5711 5742 5742 5712 5712 5743 5743 5712 5712 5742 5742 5712 5712 5743 5743 5713 5713 5744 5744 5713 5713 5743 5743 5713 5713 5744 5744 5714 5714 5745 5745 5714 5714 5744 5744 5714 5714 5745 5745 5715 5715 5746 5746 5715 5715 5745 5745 5715 5715 5746 5746 5716 5716 5747 5747 5716 5716 5746 5746 5716 5716 5747 5747 5717 5717 5748 5748 5717 5717 5747 5747 5717 5717 5748 5748 5718 5718 5749 5749 5718 5718 5748 5748 5718 5718 5749 5749 5719 5719 5750 5750 5719 5719 5749 5749 5719 5719 5750 5750 5720 5720 5751 5751 5720 5720 5750 5750 5720 5720 5751 5751 5721 5721 5752 5752 5721 5721 5751 5751 5721 5721 5752 5752 5722 5722 5753 5753 5722 5722 5752 5752 5722 5722 5753 5753 5723 5723 5754 5754 5723 5723 5753 5753 5723 5723 5754 5754 5724 5724 5755 5755 5724 5724 5754 5754 5724 5724 5755 5755 5725 5725 5756 5756 5725 5725 5755 5755 5725 5725 5756 5756 5726 5726 5757 5757 5726 5726 5756 5756 5726 5726 5757 5757 5727 5727 5758 5758 5727 5727 5757 5757 5727 5727 5758 5758 5728 5728 5759 5759 5728 5728 5758 5758 5728 5728 5759 5759 5729 5729 5760 5760 5729 5729 5759 5759 5729 5729 5760 5760 5730 5730 5761 5761 5730 5730 5760 5760 5730 5730 5761 5761 5731 5731 5762 5762 5731 5731 5761 5761 5731 5731 5762 5762 5732 5732 5763 5763 5732 5732 5762 5762 5732 5732 5763 5763 5733 5733 5764 5764 5733 5733 5763 5763 5733 5733 5764 5764 5734 5734 5735 5735 5734 5734 5764 5764 5764 5764 3496 3496 5735 5735 3494 3494 5735 5735 3496 3496 5735 5735 3494 3494 5736 5736 3537 3537 5736 5736 3494 3494 5736 5736 3537 3537 5737 5737 3536 3536 5737 5737 3537 3537 5737 5737 3536 3536 5738 5738 3534 3534 5738 5738 3536 3536 5738 5738 3534 3534 5739 5739 3532 3532 5739 5739 3534 3534 5739 5739 3532 3532 5740 5740 3530 3530 5740 5740 3532 3532 5740 5740 3530 3530 5741 5741 3546 3546 5741 5741 3530 3530 5741 5741 3546 3546 5742 5742 3545 3545 5742 5742 3546 3546 5742 5742 3545 3545 5743 5743 3543 3543 5743 5743 3545 3545 5743 5743 3543 3543 5744 5744 3541 3541 5744 5744 3543 3543 5744 5744 3541 3541 5745 5745 3539 3539 5745 5745 3541 3541 5745 5745 3539 3539 5746 5746 3538 3538 5746 5746 3539 3539 5746 5746 3538 3538 5747 5747 3507 3507 5747 5747 3538 3538 5747 5747 3507 3507 5748 5748 3505 3505 5748 5748 3507 3507 5748 5748 3505 3505 5749 5749 3503 3503 5749 5749 3505 3505 5749 5749 3503 3503 5750 5750 3501 3501 5750 5750 3503 3503 5750 5750 3501 3501 5751 5751 3528 3528 5751 5751 3501 3501 5751 5751 3528 3528 5752 5752 3527 3527 5752 5752 3528 3528 5752 5752 3527 3527 5753 5753 3525 3525 5753 5753 3527 3527 5753 5753 3525 3525 5754 5754 3523 3523 5754 5754 3525 3525 5754 5754 3523 3523 5755 5755 3521 3521 5755 5755 3523 3523 5755 5755 3521 3521 5756 5756 3520 3520 5756 5756 3521 3521 5756 5756 3520 3520 5757 5757 3518 3518 5757 5757 3520 3520 5757 5757 3518 3518 5758 5758 3516 3516 5758 5758 3518 3518 5758 5758 3516 3516 5759 5759 3514 3514 5759 5759 3516 3516 5759 5759 3514 3514 5760 5760 3512 3512 5760 5760 3514 3514 5760 5760 3512 3512 5761 5761 3510 3510 5761 5761 3512 3512 5761 5761 3510 3510 5762 5762 3509 3509 5762 5762 3510 3510 5762 5762 3509 3509 5763 5763 3498 3498 5763 5763 3509 3509 5763 5763 3498 3498 5764 5764 3496 3496 5764 5764 3498 3498 3627 3627 3629 3629 5765 5765 3631 3631 3633 3633 5766 5766 3616 3616 3613 3613 5767 5767 3610 3610 3607 3607 5768 5768 3710 3710 3712 3712 5769 5769 3714 3714 3716 3716 5770 5770 3686 3686 3688 3688 5771 5771 3690 3690 3692 3692 5772 5772 3675 3675 3672 3672 5773 5773 3669 3669 3666 3666 5774 5774 3651 3651 3653 3653 5775 5775 3655 3655 3657 3657 5776 5776 3557 3557 3555 3555 5777 5777 5778 5778 5777 5777 3555 3555 5777 5777 5778 5778 5779 5779 5780 5780 5779 5779 5778 5778 5779 5779 5780 5780 5781 5781 5782 5782 5781 5781 5780 5780 5781 5781 5782 5782 5783 5783 5784 5784 5783 5783 5782 5782 5783 5783 5784 5784 5785 5785 5776 5776 5785 5785 5784 5784 3568 3568 3566 3566 5786 5786 5787 5787 5786 5786 3566 3566 5786 5786 5787 5787 5788 5788 5789 5789 5788 5788 5787 5787 5788 5788 5789 5789 5790 5790 5791 5791 5790 5790 5789 5789 5790 5790 5791 5791 5792 5792 5793 5793 5792 5792 5791 5791 5792 5792 5793 5793 5794 5794 5774 5774 5794 5794 5793 5793 3597 3597 3595 3595 5795 5795 5796 5796 5795 5795 3595 3595 5795 5795 5796 5796 5797 5797 5798 5798 5797 5797 5796 5796 5797 5797 5798 5798 5799 5799 5800 5800 5799 5799 5798 5798 5799 5799 5800 5800 5801 5801 5802 5802 5801 5801 5800 5800 5801 5801 5802 5802 5803 5803 5772 5772 5803 5803 5802 5802 3550 3550 3548 3548 5804 5804 5805 5805 5804 5804 3548 3548 5804 5804 5805 5805 5806 5806 5807 5807 5806 5806 5805 5805 5806 5806 5807 5807 5808 5808 5809 5809 5808 5808 5807 5807 5808 5808 5809 5809 5810 5810 5811 5811 5810 5810 5809 5809 5810 5810 5811 5811 5812 5812 5770 5770 5812 5812 5811 5811 3577 3577 3575 3575 5813 5813 5814 5814 5813 5813 3575 3575 5813 5813 5814 5814 5815 5815 5816 5816 5815 5815 5814 5814 5815 5815 5816 5816 5817 5817 5818 5818 5817 5817 5816 5816 5817 5817 5818 5818 5819 5819 5820 5820 5819 5819 5818 5818 5819 5819 5820 5820 5821 5821 5768 5768 5821 5821 5820 5820 3586 3586 3584 3584 5822 5822 5823 5823 5822 5822 3584 3584 5822 5822 5823 5823 5824 5824 5825 5825 5824 5824 5823 5823 5824 5824 5825 5825 5826 5826 5827 5827 5826 5826 5825 5825 5826 5826 5827 5827 5828 5828 5829 5829 5828 5828 5827 5827 5828 5828 5829 5829 5830 5830 5766 5766 5830 5830 5829 5829 3559 3559 3557 3557 5831 5831 5777 5777 5831 5831 3557 3557 5831 5831 5777 5777 5832 5832 5779 5779 5832 5832 5777 5777 5832 5832 5779 5779 5833 5833 5781 5781 5833 5833 5779 5779 5833 5833 5781 5781 5834 5834 5783 5783 5834 5834 5781 5781 5834 5834 5783 5783 5835 5835 5785 5785 5835 5835 5783 5783 5835 5835 5785 5785 3642 3642 3640 3640 3642 3642 5785 5785 5776 5776 3657 3657 5785 5785 3638 3638 5785 5785 3657 3657 5785 5785 3638 3638 3640 3640 3555 3555 3573 3573 5778 5778 5836 5836 5778 5778 3573 3573 5778 5778 5836 5836 5780 5780 5837 5837 5780 5780 5836 5836 5780 5780 5837 5837 5782 5782 5838 5838 5782 5782 5837 5837 5782 5782 5838 5838 5784 5784 5839 5839 5784 5784 5838 5838 5784 5784 5839 5839 5776 5776 5775 5775 5776 5776 5839 5839 5776 5776 5775 5775 3655 3655 3653 3653 3655 3655 5775 5775 3649 3649 3651 3651 5840 5840 5775 5775 5840 5840 3651 3651 5840 5840 5775 5775 5841 5841 5839 5839 5841 5841 5775 5775 5841 5841 5839 5839 5842 5842 5838 5838 5842 5842 5839 5839 5842 5842 5838 5838 5843 5843 5837 5837 5843 5843 5838 5838 5843 5843 5837 5837 5844 5844 5836 5836 5844 5844 5837 5837 5844 5844 5836 5836 3572 3572 3573 3573 3572 3572 5836 5836 3572 3572 3570 3570 5844 5844 5845 5845 5844 5844 3570 3570 5844 5844 5845 5845 5843 5843 5846 5846 5843 5843 5845 5845 5843 5843 5846 5846 5842 5842 5847 5847 5842 5842 5846 5846 5842 5842 5847 5847 5841 5841 5848 5848 5841 5841 5847 5847 5841 5841 5848 5848 5840 5840 5849 5849 5840 5840 5848 5848 5840 5840 5849 5849 3649 3649 3647 3647 3649 3649 5849 5849 3570 3570 3568 3568 5845 5845 5786 5786 5845 5845 3568 3568 5845 5845 5786 5786 5846 5846 5788 5788 5846 5846 5786 5786 5846 5846 5788 5788 5847 5847 5790 5790 5847 5847 5788 5788 5847 5847 5790 5790 5848 5848 5792 5792 5848 5848 5790 5790 5848 5848 5792 5792 5849 5849 5794 5794 5849 5849 5792 5792 5849 5849 5794 5794 3647 3647 3660 3660 3647 3647 5794 5794 5774 5774 3666 3666 5794 5794 3661 3661 5794 5794 3666 3666 5794 5794 3661 3661 3660 3660 3566 3566 3564 3564 5787 5787 5850 5850 5787 5787 3564 3564 5787 5787 5850 5850 5789 5789 5851 5851 5789 5789 5850 5850 5789 5789 5851 5851 5791 5791 5852 5852 5791 5791 5851 5851 5791 5791 5852 5852 5793 5793 5853 5853 5793 5793 5852 5852 5793 5793 5853 5853 5774 5774 5773 5773 5774 5774 5853 5853 5774 5774 5773 5773 3669 3669 3672 3672 3669 3669 5773 5773 3678 3678 3675 3675 5854 5854 5773 5773 5854 5854 3675 3675 5854 5854 5773 5773 5855 5855 5853 5853 5855 5855 5773 5773 5855 5855 5853 5853 5856 5856 5852 5852 5856 5856 5853 5853 5856 5856 5852 5852 5857 5857 5851 5851 5857 5857 5852 5852 5857 5857 5851 5851 5858 5858 5850 5850 5858 5858 5851 5851 5858 5858 5850 5850 3600 3600 3564 3564 3600 3600 5850 5850 3600 3600 3599 3599 5858 5858 5859 5859 5858 5858 3599 3599 5858 5858 5859 5859 5857 5857 5860 5860 5857 5857 5859 5859 5857 5857 5860 5860 5856 5856 5861 5861 5856 5856 5860 5860 5856 5856 5861 5861 5855 5855 5862 5862 5855 5855 5861 5861 5855 5855 5862 5862 5854 5854 5863 5863 5854 5854 5862 5862 5854 5854 5863 5863 3678 3678 3683 3683 3678 3678 5863 5863 3599 3599 3597 3597 5859 5859 5795 5795 5859 5859 3597 3597 5859 5859 5795 5795 5860 5860 5797 5797 5860 5860 5795 5795 5860 5860 5797 5797 5861 5861 5799 5799 5861 5861 5797 5797 5861 5861 5799 5799 5862 5862 5801 5801 5862 5862 5799 5799 5862 5862 5801 5801 5863 5863 5803 5803 5863 5863 5801 5801 5863 5863 5803 5803 3683 3683 3681 3681 3683 3683 5803 5803 5772 5772 3692 3692 5803 5803 3694 3694 5803 5803 3692 3692 5803 5803 3694 3694 3681 3681 3595 3595 3593 3593 5796 5796 5864 5864 5796 5796 3593 3593 5796 5796 5864 5864 5798 5798 5865 5865 5798 5798 5864 5864 5798 5798 5865 5865 5800 5800 5866 5866 5800 5800 5865 5865 5800 5800 5866 5866 5802 5802 5867 5867 5802 5802 5866 5866 5802 5802 5867 5867 5772 5772 5771 5771 5772 5772 5867 5867 5772 5772 5771 5771 3690 3690 3688 3688 3690 3690 5771 5771 3703 3703 3686 3686 5868 5868 5771 5771 5868 5868 3686 3686 5868 5868 5771 5771 5869 5869 5867 5867 5869 5869 5771 5771 5869 5869 5867 5867 5870 5870 5866 5866 5870 5870 5867 5867 5870 5870 5866 5866 5871 5871 5865 5865 5871 5871 5866 5866 5871 5871 5865 5865 5872 5872 5864 5864 5872 5872 5865 5865 5872 5872 5864 5864 3592 3592 3593 3593 3592 3592 5864 5864 3592 3592 3552 3552 5872 5872 5873 5873 5872 5872 3552 3552 5872 5872 5873 5873 5871 5871 5874 5874 5871 5871 5873 5873 5871 5871 5874 5874 5870 5870 5875 5875 5870 5870 5874 5874 5870 5870 5875 5875 5869 5869 5876 5876 5869 5869 5875 5875 5869 5869 5876 5876 5868 5868 5877 5877 5868 5868 5876 5876 5868 5868 5877 5877 3703 3703 3701 3701 3703 3703 5877 5877 3552 3552 3550 3550 5873 5873 5804 5804 5873 5873 3550 3550 5873 5873 5804 5804 5874 5874 5806 5806 5874 5874 5804 5804 5874 5874 5806 5806 5875 5875 5808 5808 5875 5875 5806 5806 5875 5875 5808 5808 5876 5876 5810 5810 5876 5876 5808 5808 5876 5876 5810 5810 5877 5877 5812 5812 5877 5877 5810 5810 5877 5877 5812 5812 3701 3701 3699 3699 3701 3701 5812 5812 5770 5770 3716 3716 5812 5812 3697 3697 5812 5812 3716 3716 5812 5812 3697 3697 3699 3699 3548 3548 3582 3582 5805 5805 5878 5878 5805 5805 3582 3582 5805 5805 5878 5878 5807 5807 5879 5879 5807 5807 5878 5878 5807 5807 5879 5879 5809 5809 5880 5880 5809 5809 5879 5879 5809 5809 5880 5880 5811 5811 5881 5881 5811 5811 5880 5880 5811 5811 5881 5881 5770 5770 5769 5769 5770 5770 5881 5881 5770 5770 5769 5769 3714 3714 3712 3712 3714 3714 5769 5769 3708 3708 3710 3710 5882 5882 5769 5769 5882 5882 3710 3710 5882 5882 5769 5769 5883 5883 5881 5881 5883 5883 5769 5769 5883 5883 5881 5881 5884 5884 5880 5880 5884 5884 5881 5881 5884 5884 5880 5880 5885 5885 5879 5879 5885 5885 5880 5880 5885 5885 5879 5879 5886 5886 5878 5878 5886 5886 5879 5879 5886 5886 5878 5878 3581 3581 3582 3582 3581 3581 5878 5878 3581 3581 3579 3579 5886 5886 5887 5887 5886 5886 3579 3579 5886 5886 5887 5887 5885 5885 5888 5888 5885 5885 5887 5887 5885 5885 5888 5888 5884 5884 5889 5889 5884 5884 5888 5888 5884 5884 5889 5889 5883 5883 5890 5890 5883 5883 5889 5889 5883 5883 5890 5890 5882 5882 5891 5891 5882 5882 5890 5890 5882 5882 5891 5891 3708 3708 3606 3606 3708 3708 5891 5891 3579 3579 3577 3577 5887 5887 5813 5813 5887 5887 3577 3577 5887 5887 5813 5813 5888 5888 5815 5815 5888 5888 5813 5813 5888 5888 5815 5815 5889 5889 5817 5817 5889 5889 5815 5815 5889 5889 5817 5817 5890 5890 5819 5819 5890 5890 5817 5817 5890 5890 5819 5819 5891 5891 5821 5821 5891 5891 5819 5819 5891 5891 5821 5821 3606 3606 3601 3601 3606 3606 5821 5821 5768 5768 3607 3607 5821 5821 3602 3602 5821 5821 3607 3607 5821 5821 3602 3602 3601 3601 3575 3575 3591 3591 5814 5814 5892 5892 5814 5814 3591 3591 5814 5814 5892 5892 5816 5816 5893 5893 5816 5816 5892 5892 5816 5816 5893 5893 5818 5818 5894 5894 5818 5818 5893 5893 5818 5818 5894 5894 5820 5820 5895 5895 5820 5820 5894 5894 5820 5820 5895 5895 5768 5768 5767 5767 5768 5768 5895 5895 5768 5768 5767 5767 3610 3610 3613 3613 3610 3610 5767 5767 3619 3619 3616 3616 5896 5896 5767 5767 5896 5896 3616 3616 5896 5896 5767 5767 5897 5897 5895 5895 5897 5897 5767 5767 5897 5897 5895 5895 5898 5898 5894 5894 5898 5898 5895 5895 5898 5898 5894 5894 5899 5899 5893 5893 5899 5899 5894 5894 5899 5899 5893 5893 5900 5900 5892 5892 5900 5900 5893 5893 5900 5900 5892 5892 3590 3590 3591 3591 3590 3590 5892 5892 3590 3590 3588 3588 5900 5900 5901 5901 5900 5900 3588 3588 5900 5900 5901 5901 5899 5899 5902 5902 5899 5899 5901 5901 5899 5899 5902 5902 5898 5898 5903 5903 5898 5898 5902 5902 5898 5898 5903 5903 5897 5897 5904 5904 5897 5897 5903 5903 5897 5897 5904 5904 5896 5896 5905 5905 5896 5896 5904 5904 5896 5896 5905 5905 3619 3619 3624 3624 3619 3619 5905 5905 3588 3588 3586 3586 5901 5901 5822 5822 5901 5901 3586 3586 5901 5901 5822 5822 5902 5902 5824 5824 5902 5902 5822 5822 5902 5902 5824 5824 5903 5903 5826 5826 5903 5903 5824 5824 5903 5903 5826 5826 5904 5904 5828 5828 5904 5904 5826 5826 5904 5904 5828 5828 5905 5905 5830 5830 5905 5905 5828 5828 5905 5905 5830 5830 3624 3624 3622 3622 3624 3624 5830 5830 5766 5766 3633 3633 5830 5830 3635 3635 5830 5830 3633 3633 5830 5830 3635 3635 3622 3622 3584 3584 3583 3583 5823 5823 5906 5906 5823 5823 3583 3583 5823 5823 5906 5906 5825 5825 5907 5907 5825 5825 5906 5906 5825 5825 5907 5907 5827 5827 5908 5908 5827 5827 5907 5907 5827 5827 5908 5908 5829 5829 5909 5909 5829 5829 5908 5908 5829 5829 5909 5909 5766 5766 5765 5765 5766 5766 5909 5909 5766 5766 5765 5765 3631 3631 3629 3629 3631 3631 5765 5765 3644 3644 3627 3627 5910 5910 5765 5765 5910 5910 3627 3627 5910 5910 5765 5765 5911 5911 5909 5909 5911 5911 5765 5765 5911 5911 5909 5909 5912 5912 5908 5908 5912 5912 5909 5909 5912 5912 5908 5908 5913 5913 5907 5907 5913 5913 5908 5908 5913 5913 5907 5907 5914 5914 5906 5906 5914 5914 5907 5907 5914 5914 5906 5906 3561 3561 3583 3583 3561 3561 5906 5906 3561 3561 3559 3559 5914 5914 5831 5831 5914 5914 3559 3559 5914 5914 5831 5831 5913 5913 5832 5832 5913 5913 5831 5831 5913 5913 5832 5832 5912 5912 5833 5833 5912 5912 5832 5832 5912 5912 5833 5833 5911 5911 5834 5834 5911 5911 5833 5833 5911 5911 5834 5834 5910 5910 5835 5835 5910 5910 5834 5834 5910 5910 5835 5835 3644 3644 3642 3642 3644 3644 5835 5835 5915 5915 5916 5916 5917 5917 5917 5917 5918 5918 5915 5915 5919 5919 5915 5915 5918 5918 5915 5915 5919 5919 5920 5920 5921 5921 5922 5922 5923 5923 5924 5924 5923 5923 5922 5922 5924 5924 5925 5925 5926 5926 5927 5927 5928 5928 5929 5929 5930 5930 5926 5926 5931 5931 5932 5932 5931 5931 5926 5926 5930 5930 5933 5933 5926 5926 5934 5934 5926 5926 5933 5933 5926 5926 5934 5934 5935 5935 5936 5936 5937 5937 5923 5923 5938 5938 5923 5923 5937 5937 5923 5923 5938 5938 5939 5939 5939 5939 5940 5940 5923 5923 5941 5941 5923 5923 5940 5940 5923 5923 5941 5941 5942 5942 5924 5924 5926 5926 5923 5923 5943 5943 5923 5923 5926 5926 5923 5923 5943 5943 5936 5936 5944 5944 5945 5945 5929 5929 5946 5946 5929 5929 5945 5945 5929 5929 5946 5946 5927 5927 5935 5935 5947 5947 5926 5926 5948 5948 5926 5926 5947 5947 5926 5926 5948 5948 5943 5943 5949 5949 5943 5943 5948 5948 5943 5943 5949 5949 5950 5950 5951 5951 5950 5950 5949 5949 5949 5949 5952 5952 5951 5951 5953 5953 5951 5951 5952 5952 5951 5951 5953 5953 5954 5954 5944 5944 5955 5955 5945 5945 5956 5956 5945 5945 5955 5955 5945 5945 5956 5956 5957 5957 5954 5954 5953 5953 5958 5958 5959 5959 5958 5958 5953 5953 5958 5958 5959 5959 5957 5957 5960 5960 5957 5957 5959 5959 5957 5957 5960 5960 5945 5945 5961 5961 5962 5962 5963 5963 5963 5963 5964 5964 5961 5961 5965 5965 5961 5961 5964 5964 5961 5961 5965 5965 5966 5966 5967 5967 5968 5968 5969 5969 5970 5970 5969 5969 5968 5968 5971 5971 5972 5972 5973 5973 5974 5974 5973 5973 5972 5972 5975 5975 5976 5976 5977 5977 5977 5977 5978 5978 5975 5975 5979 5979 5975 5975 5978 5978 5975 5975 5979 5979 5980 5980 5981 5981 5982 5982 5983 5983 5984 5984 5983 5983 5982 5982 5983 5983 5984 5984 5985 5985 5986 5986 5985 5985 5984 5984 5987 5987 5983 5983 5988 5988 5989 5989 5988 5988 5983 5983 5985 5985 5990 5990 5991 5991 5991 5991 5992 5992 5985 5985 5993 5993 5985 5985 5992 5992 5985 5985 5993 5993 5994 5994 5995 5995 5983 5983 5996 5996 5985 5985 5996 5996 5983 5983 5996 5996 5985 5985 5997 5997 5994 5994 5997 5997 5985 5985 5998 5998 5983 5983 5999 5999 6000 6000 5999 5999 5983 5983 5998 5998 6001 6001 5983 5983 6002 6002 5983 5983 6001 6001 5983 5983 6002 6002 5989 5989 6003 6003 6004 6004 6005 6005 6006 6006 6007 6007 6008 6008 6009 6009 6010 6010 6011 6011 6000 6000 5983 5983 6012 6012 5995 5995 6012 6012 5983 5983 6012 6012 5995 5995 6008 6008 6013 6013 6008 6008 5995 5995 6008 6008 6013 6013 6006 6006 6010 6010 6009 6009 6014 6014 6015 6015 6014 6014 6009 6009 6014 6014 6015 6015 6016 6016 6017 6017 6016 6016 6015 6015 6016 6016 6017 6017 6007 6007 6018 6018 6007 6007 6017 6017 6007 6007 6018 6018 6008 6008 6005 6005 6019 6019 6003 6003 6009 6009 6003 6003 6019 6019 6003 6003 6009 6009 6020 6020 6011 6011 6020 6020 6009 6009 6021 6021 6022 6022 6023 6023 6023 6023 6024 6024 6021 6021 6025 6025 6021 6021 6024 6024 6021 6021 6025 6025 6026 6026 6027 6027 6028 6028 6029 6029 6030 6030 6031 6031 6032 6032 6033 6033 6034 6034 6035 6035 6036 6036 6035 6035 6034 6034 6037 6037 6038 6038 6039 6039 6040 6040 6041 6041 6042 6042 6043 6043 6044 6044 6045 6045 6032 6032 6046 6046 6030 6030 6040 6040 6030 6030 6046 6046 6030 6030 6040 6040 6047 6047 6042 6042 6047 6047 6040 6040 6027 6027 6029 6029 6046 6046 6048 6048 6046 6046 6029 6029 6046 6046 6048 6048 6040 6040 6049 6049 6050 6050 6051 6051 6052 6052 6051 6051 6050 6050 6051 6051 6052 6052 6053 6053 6044 6044 6054 6054 6045 6045 6055 6055 6045 6045 6054 6054 6045 6045 6055 6055 6056 6056 6057 6057 6056 6056 6055 6055 6056 6056 6057 6057 6058 6058 6059 6059 6060 6060 6035 6035 6061 6061 6035 6035 6060 6060 6052 6052 6062 6062 6053 6053 6063 6063 6053 6053 6062 6062 6053 6053 6063 6063 6064 6064 6065 6065 6066 6066 6045 6045 6067 6067 6045 6045 6066 6066 6045 6045 6067 6067 6050 6050 6061 6061 6068 6068 6035 6035 6069 6069 6035 6035 6068 6068 6035 6035 6069 6069 6027 6027 6070 6070 6027 6027 6069 6069 6071 6071 6072 6072 6073 6073 6074 6074 6073 6073 6072 6072 6073 6073 6074 6074 6075 6075 6058 6058 6076 6076 6056 6056 6077 6077 6056 6056 6076 6076 6056 6056 6077 6077 6078 6078 6079 6079 6080 6080 6081 6081 6053 6053 6081 6081 6080 6080 6081 6081 6053 6053 6082 6082 6064 6064 6082 6082 6053 6053 6049 6049 6083 6083 6050 6050 6084 6084 6050 6050 6083 6083 6050 6050 6084 6084 6045 6045 6085 6085 6045 6045 6084 6084 6045 6045 6085 6085 6043 6043 6086 6086 6087 6087 6088 6088 6089 6089 6088 6088 6087 6087 6088 6088 6089 6089 6090 6090 6091 6091 6090 6090 6089 6089 6070 6070 6092 6092 6027 6027 6093 6093 6027 6027 6092 6092 6027 6027 6093 6093 6094 6094 6074 6074 6095 6095 6027 6027 6096 6096 6090 6090 6035 6035 6097 6097 6098 6098 6071 6071 6099 6099 6100 6100 6056 6056 6101 6101 6056 6056 6100 6100 6056 6056 6101 6101 6102 6102 6103 6103 6104 6104 6105 6105 6106 6106 6105 6105 6104 6104 6105 6105 6106 6106 6107 6107 6103 6103 6108 6108 6104 6104 6109 6109 6104 6104 6108 6108 6104 6104 6109 6109 6110 6110 6110 6110 6111 6111 6104 6104 6112 6112 6104 6104 6111 6111 6104 6104 6112 6112 6113 6113 6099 6099 6113 6113 6112 6112 6113 6113 6099 6099 6114 6114 6079 6079 6115 6115 6080 6080 6116 6116 6080 6080 6115 6115 6080 6080 6116 6116 6117 6117 6118 6118 6117 6117 6116 6116 6117 6117 6118 6118 6106 6106 6119 6119 6106 6106 6118 6118 6106 6106 6119 6119 6107 6107 6120 6120 6056 6056 6036 6036 6102 6102 6036 6036 6056 6056 6036 6036 6102 6102 6035 6035 6121 6121 6035 6035 6102 6102 6035 6035 6121 6121 6096 6096 6091 6091 6122 6122 6090 6090 6123 6123 6090 6090 6122 6122 6090 6090 6123 6123 6035 6035 6124 6124 6035 6035 6123 6123 6035 6035 6124 6124 6059 6059 6094 6094 6125 6125 6027 6027 6126 6126 6027 6027 6125 6125 6027 6027 6126 6126 6074 6074 6127 6127 6074 6074 6126 6126 6074 6074 6127 6127 6075 6075 6039 6039 6038 6038 6071 6071 6128 6128 6071 6071 6038 6038 6071 6071 6128 6128 6097 6097 6086 6086 6088 6088 6129 6129 6130 6130 6129 6129 6088 6088 6129 6129 6130 6130 6131 6131 6132 6132 6129 6129 6133 6133 6134 6134 6133 6133 6129 6129 6078 6078 6135 6135 6056 6056 6136 6136 6056 6056 6135 6135 6056 6056 6136 6136 6099 6099 6137 6137 6099 6099 6136 6136 6099 6099 6137 6137 6114 6114 6095 6095 6138 6138 6027 6027 6065 6065 6027 6027 6138 6138 6027 6027 6065 6065 6028 6028 6045 6045 6028 6028 6065 6065 6028 6028 6045 6045 6139 6139 6098 6098 6140 6140 6071 6071 6141 6141 6071 6071 6140 6140 6071 6071 6141 6141 6072 6072 6131 6131 6142 6142 6129 6129 6143 6143 6129 6129 6142 6142 6129 6129 6143 6143 6134 6134 6132 6132 6144 6144 6129 6129 6145 6145 6129 6129 6144 6144 6129 6129 6145 6145 6039 6039 6146 6146 6039 6039 6145 6145 6039 6039 6146 6146 6037 6037 6147 6147 6148 6148 6149 6149 6150 6150 6151 6151 6152 6152 6150 6150 6153 6153 6151 6151 6154 6154 6151 6151 6153 6153 6151 6151 6154 6154 6155 6155 6155 6155 6156 6156 6151 6151 6157 6157 6151 6151 6156 6156 6151 6151 6157 6157 6158 6158 6149 6149 6159 6159 6147 6147 6160 6160 6147 6147 6159 6159 6147 6147 6160 6160 6161 6161 6162 6162 6163 6163 6164 6164 6165 6165 6166 6166 6167 6167 6168 6168 6169 6169 6170 6170 6171 6171 6170 6170 6169 6169 6170 6170 6171 6171 6172 6172 6173 6173 6174 6174 6175 6175 6150 6150 6175 6175 6174 6174 6175 6175 6150 6150 6176 6176 6152 6152 6176 6176 6150 6150 6161 6161 6177 6177 6147 6147 6178 6178 6147 6147 6177 6177 6147 6147 6178 6178 6179 6179 6166 6166 6180 6180 6167 6167 6181 6181 6167 6167 6180 6180 6167 6167 6181 6181 6170 6170 6182 6182 6170 6170 6181 6181 6170 6170 6182 6182 6168 6168 6164 6164 6183 6183 6162 6162 6184 6184 6162 6162 6183 6183 6162 6162 6184 6184 6185 6185 6186 6186 6185 6185 6184 6184 6187 6187 6188 6188 6186 6186 6189 6189 6186 6186 6188 6188 6186 6186 6190 6190 6187 6187 6191 6191 6187 6187 6190 6190 6187 6187 6191 6191 6192 6192 6193 6193 6192 6192 6191 6191 6189 6189 6194 6194 6186 6186 6195 6195 6186 6186 6194 6194 6186 6186 6195 6195 6196 6196 6196 6196 6197 6197 6186 6186 6198 6198 6186 6186 6197 6197 6186 6186 6198 6198 6185 6185 6148 6148 6199 6199 6200 6200 6200 6200 6201 6201 6148 6148 6202 6202 6148 6148 6201 6201 6148 6148 6202 6202 6149 6149 6203 6203 6204 6204 6205 6205 6206 6206 6205 6205 6204 6204 6205 6205 6206 6206 6207 6207 6208 6208 6207 6207 6206 6206 6209 6209 6210 6210 6147 6147 6211 6211 6147 6147 6210 6210 6158 6158 6212 6212 6151 6151 6213 6213 6151 6151 6212 6212 6151 6151 6213 6213 6214 6214 6215 6215 6214 6214 6213 6213 6214 6214 6215 6215 6206 6206 6216 6216 6206 6206 6215 6215 6206 6206 6216 6216 6217 6217 6209 6209 6147 6147 6218 6218 6179 6179 6218 6218 6147 6147 6218 6218 6179 6179 6219 6219 6220 6220 6219 6219 6179 6179 6219 6219 6220 6220 6162 6162 6221 6221 6162 6162 6220 6220 6162 6162 6221 6221 6163 6163 6211 6211 6222 6222 6147 6147 6223 6223 6147 6147 6222 6222 6147 6147 6223 6223 6224 6224 6224 6224 6225 6225 6147 6147 6226 6226 6147 6147 6225 6225 6147 6147 6226 6226 6227 6227 6205 6205 6228 6228 6170 6170 6217 6217 6229 6229 6206 6206 6230 6230 6206 6206 6229 6229 6206 6206 6230 6230 6231 6231 6231 6231 6232 6232 6206 6206 6233 6233 6206 6206 6232 6232 6206 6206 6233 6233 6208 6208 6227 6227 6234 6234 6147 6147 6235 6235 6147 6147 6234 6234 6147 6147 6235 6235 6167 6167 6228 6228 6236 6236 6170 6170 6237 6237 6170 6170 6236 6236 6170 6170 6237 6237 6148 6148 6235 6235 6238 6238 6167 6167 6239 6239 6167 6167 6238 6238 6167 6167 6239 6239 6174 6174 6172 6172 6240 6240 6170 6170 6241 6241 6170 6170 6240 6240 6170 6170 6241 6241 6205 6205 6242 6242 6205 6205 6241 6241 6205 6205 6242 6242 6203 6203 6237 6237 6243 6243 6148 6148 6244 6244 6148 6148 6243 6243 6148 6148 6244 6244 6192 6192 6173 6173 6245 6245 6174 6174 6246 6246 6174 6174 6245 6245 6174 6174 6246 6246 6167 6167 6247 6247 6167 6167 6246 6246 6167 6167 6247 6247 6165 6165 6193 6193 6248 6248 6192 6192 6249 6249 6192 6192 6248 6248 6192 6192 6249 6249 6148 6148 6250 6250 6148 6148 6249 6249 6148 6148 6250 6250 6199 6199 6251 6251 6252 6252 6253 6253 6254 6254 6253 6253 6252 6252 6253 6253 6254 6254 6255 6255 6256 6256 6255 6255 6254 6254 6255 6255 6256 6256 6257 6257 6258 6258 6257 6257 6256 6256 6257 6257 6258 6258 6259 6259 6260 6260 6259 6259 6258 6258 6259 6259 6260 6260 6261 6261 6262 6262 6261 6261 6260 6260 6261 6261 6262 6262 6263 6263 6264 6264 6263 6263 6262 6262 6263 6263 6264 6264 6265 6265 6266 6266 6265 6265 6264 6264 6265 6265 6266 6266 6267 6267 6268 6268 6267 6267 6266 6266 6267 6267 6268 6268 6269 6269 6270 6270 6269 6269 6268 6268 6269 6269 6270 6270 6271 6271 6272 6272 6271 6271 6270 6270 6271 6271 6272 6272 6273 6273 6274 6274 6273 6273 6272 6272 6273 6273 6274 6274 6275 6275 6276 6276 6275 6275 6274 6274 6275 6275 6276 6276 6277 6277 6278 6278 6277 6277 6276 6276 6277 6277 6278 6278 6279 6279 6280 6280 6279 6279 6278 6278 6279 6279 6280 6280 6281 6281 6282 6282 6281 6281 6280 6280 6281 6281 6282 6282 6283 6283 6284 6284 6283 6283 6282 6282 6283 6283 6284 6284 6285 6285 6286 6286 6285 6285 6284 6284 6285 6285 6286 6286 6287 6287 6288 6288 6287 6287 6286 6286 6287 6287 6288 6288 6289 6289 6290 6290 6289 6289 6288 6288 6289 6289 6290 6290 6291 6291 6292 6292 6291 6291 6290 6290 6291 6291 6292 6292 6293 6293 6294 6294 6293 6293 6292 6292 6293 6293 6294 6294 6295 6295 6296 6296 6295 6295 6294 6294 6295 6295 6296 6296 6297 6297 6298 6298 6297 6297 6296 6296 6297 6297 6298 6298 6251 6251 6252 6252 6251 6251 6298 6298 6299 6299 6300 6300 6301 6301 6302 6302 6301 6301 6300 6300 6301 6301 6302 6302 6303 6303 6304 6304 6303 6303 6302 6302 6305 6305 6306 6306 6304 6304 6307 6307 6304 6304 6306 6306 6304 6304 6307 6307 6303 6303 6308 6308 6309 6309 6310 6310 6311 6311 6310 6310 6309 6309 6310 6310 6311 6311 6312 6312 6313 6313 6312 6312 6311 6311 6314 6314 6315 6315 6313 6313 6316 6316 6313 6313 6315 6315 6313 6313 6316 6316 6312 6312 6299 6299 6317 6317 6300 6300 6318 6318 6300 6300 6317 6317 6300 6300 6318 6318 6319 6319 6320 6320 6319 6319 6318 6318 6319 6319 6320 6320 6321 6321 6322 6322 6321 6321 6320 6320 6321 6321 6322 6322 6314 6314 6323 6323 6314 6314 6322 6322 6314 6314 6323 6323 6315 6315 6308 6308 6324 6324 6309 6309 6325 6325 6309 6309 6324 6324 6309 6309 6325 6325 6326 6326 6327 6327 6326 6326 6325 6325 6326 6326 6327 6327 6328 6328 6329 6329 6328 6328 6327 6327 6328 6328 6329 6329 6330 6330 6331 6331 6330 6330 6329 6329 6330 6330 6331 6331 6332 6332 6333 6333 6332 6332 6331 6331 6332 6332 6333 6333 6334 6334 6335 6335 6334 6334 6333 6333 6334 6334 6335 6335 6336 6336 6337 6337 6336 6336 6335 6335 6336 6336 6337 6337 6338 6338 6339 6339 6338 6338 6337 6337 6338 6338 6339 6339 6340 6340 6341 6341 6340 6340 6339 6339 6340 6340 6341 6341 6342 6342 6343 6343 6342 6342 6341 6341 6342 6342 6343 6343 6344 6344 6345 6345 6344 6344 6343 6343 6344 6344 6345 6345 6346 6346 6347 6347 6346 6346 6345 6345 6346 6346 6347 6347 6348 6348 6349 6349 6348 6348 6347 6347 6348 6348 6349 6349 6350 6350 6351 6351 6350 6350 6349 6349 6350 6350 6351 6351 6352 6352 6353 6353 6352 6352 6351 6351 6352 6352 6353 6353 6305 6305 6354 6354 6305 6305 6353 6353 6305 6305 6354 6354 6306 6306 6355 6355 6356 6356 6357 6357 6358 6358 6357 6357 6356 6356 6357 6357 6358 6358 6359 6359 6360 6360 6359 6359 6358 6358 6359 6359 6360 6360 6361 6361 6362 6362 6361 6361 6360 6360 6361 6361 6362 6362 6363 6363 6364 6364 6363 6363 6362 6362 6363 6363 6364 6364 6365 6365 6366 6366 6365 6365 6364 6364 6365 6365 6366 6366 6367 6367 6368 6368 6367 6367 6366 6366 6367 6367 6368 6368 6369 6369 6370 6370 6369 6369 6368 6368 6369 6369 6370 6370 6371 6371 6372 6372 6371 6371 6370 6370 6371 6371 6372 6372 6373 6373 6374 6374 6373 6373 6372 6372 6373 6373 6374 6374 6375 6375 6376 6376 6375 6375 6374 6374 6375 6375 6376 6376 6377 6377 6378 6378 6377 6377 6376 6376 6377 6377 6378 6378 6379 6379 6380 6380 6379 6379 6378 6378 6379 6379 6380 6380 6381 6381 6382 6382 6381 6381 6380 6380 6381 6381 6382 6382 6383 6383 6384 6384 6383 6383 6382 6382 6383 6383 6384 6384 6385 6385 6386 6386 6385 6385 6384 6384 6385 6385 6386 6386 6387 6387 6388 6388 6387 6387 6386 6386 6387 6387 6388 6388 6389 6389 6390 6390 6389 6389 6388 6388 6389 6389 6390 6390 6391 6391 6392 6392 6391 6391 6390 6390 6391 6391 6392 6392 6393 6393 6394 6394 6393 6393 6392 6392 6393 6393 6394 6394 6395 6395 6396 6396 6395 6395 6394 6394 6395 6395 6396 6396 6397 6397 6398 6398 6397 6397 6396 6396 6397 6397 6398 6398 6399 6399 6400 6400 6399 6399 6398 6398 6399 6399 6400 6400 6401 6401 6402 6402 6401 6401 6400 6400 6401 6401 6402 6402 6355 6355 6356 6356 6355 6355 6402 6402 6403 6403 6404 6404 6405 6405 6406 6406 6405 6405 6404 6404 6405 6405 6406 6406 6407 6407 6408 6408 6407 6407 6406 6406 6407 6407 6408 6408 6409 6409 6410 6410 6409 6409 6408 6408 6409 6409 6410 6410 6411 6411 6412 6412 6411 6411 6410 6410 6411 6411 6412 6412 6413 6413 6414 6414 6413 6413 6412 6412 6413 6413 6414 6414 6415 6415 6416 6416 6415 6415 6414 6414 6415 6415 6416 6416 6417 6417 6418 6418 6417 6417 6416 6416 6417 6417 6418 6418 6419 6419 6420 6420 6419 6419 6418 6418 6419 6419 6420 6420 6421 6421 6422 6422 6421 6421 6420 6420 6421 6421 6422 6422 6423 6423 6424 6424 6423 6423 6422 6422 6423 6423 6424 6424 6425 6425 6426 6426 6425 6425 6424 6424 6425 6425 6426 6426 6427 6427 6428 6428 6427 6427 6426 6426 6427 6427 6428 6428 6429 6429 6430 6430 6429 6429 6428 6428 6429 6429 6430 6430 6431 6431 6432 6432 6431 6431 6430 6430 6431 6431 6432 6432 6433 6433 6434 6434 6433 6433 6432 6432 6433 6433 6434 6434 6435 6435 6436 6436 6435 6435 6434 6434 6435 6435 6436 6436 6437 6437 6438 6438 6437 6437 6436 6436 6437 6437 6438 6438 6439 6439 6440 6440 6439 6439 6438 6438 6439 6439 6440 6440 6441 6441 6442 6442 6441 6441 6440 6440 6441 6441 6442 6442 6443 6443 6444 6444 6443 6443 6442 6442 6443 6443 6444 6444 6445 6445 6446 6446 6445 6445 6444 6444 6445 6445 6446 6446 6447 6447 6448 6448 6447 6447 6446 6446 6447 6447 6448 6448 6449 6449 6450 6450 6449 6449 6448 6448 6449 6449 6450 6450 6403 6403 6404 6404 6403 6403 6450 6450 6451 6451 6452 6452 6453 6453 6454 6454 6453 6453 6452 6452 6453 6453 6454 6454 6455 6455 6456 6456 6455 6455 6454 6454 6457 6457 6458 6458 6456 6456 6459 6459 6456 6456 6458 6458 6456 6456 6459 6459 6455 6455 6460 6460 6461 6461 6462 6462 6463 6463 6462 6462 6461 6461 6462 6462 6463 6463 6464 6464 6465 6465 6464 6464 6463 6463 6466 6466 6467 6467 6465 6465 6468 6468 6465 6465 6467 6467 6465 6465 6468 6468 6464 6464 6460 6460 6469 6469 6461 6461 6470 6470 6461 6461 6469 6469 6461 6461 6470 6470 6471 6471 6472 6472 6471 6471 6470 6470 6471 6471 6472 6472 6473 6473 6474 6474 6473 6473 6472 6472 6473 6473 6474 6474 6457 6457 6475 6475 6457 6457 6474 6474 6457 6457 6475 6475 6458 6458 6451 6451 6476 6476 6452 6452 6477 6477 6452 6452 6476 6476 6452 6452 6477 6477 6478 6478 6479 6479 6478 6478 6477 6477 6478 6478 6479 6479 6480 6480 6481 6481 6480 6480 6479 6479 6480 6480 6481 6481 6482 6482 6483 6483 6482 6482 6481 6481 6482 6482 6483 6483 6484 6484 6485 6485 6484 6484 6483 6483 6484 6484 6485 6485 6486 6486 6487 6487 6486 6486 6485 6485 6486 6486 6487 6487 6488 6488 6489 6489 6488 6488 6487 6487 6488 6488 6489 6489 6490 6490 6491 6491 6490 6490 6489 6489 6490 6490 6491 6491 6492 6492 6493 6493 6492 6492 6491 6491 6492 6492 6493 6493 6494 6494 6495 6495 6494 6494 6493 6493 6494 6494 6495 6495 6496 6496 6497 6497 6496 6496 6495 6495 6496 6496 6497 6497 6498 6498 6499 6499 6498 6498 6497 6497 6498 6498 6499 6499 6500 6500 6501 6501 6500 6500 6499 6499 6500 6500 6501 6501 6502 6502 6503 6503 6502 6502 6501 6501 6502 6502 6503 6503 6504 6504 6505 6505 6504 6504 6503 6503 6504 6504 6505 6505 6466 6466 6506 6506 6466 6466 6505 6505 6466 6466 6506 6506 6467 6467 6507 6507 6508 6508 6509 6509 6510 6510 6509 6509 6508 6508 6509 6509 6510 6510 6511 6511 6512 6512 6511 6511 6510 6510 6511 6511 6512 6512 6513 6513 6514 6514 6513 6513 6512 6512 6513 6513 6514 6514 6515 6515 6516 6516 6515 6515 6514 6514 6515 6515 6516 6516 6517 6517 6518 6518 6517 6517 6516 6516 6517 6517 6518 6518 6519 6519 6520 6520 6519 6519 6518 6518 6519 6519 6520 6520 6521 6521 6522 6522 6521 6521 6520 6520 6521 6521 6522 6522 6523 6523 6524 6524 6523 6523 6522 6522 6523 6523 6524 6524 6525 6525 6526 6526 6525 6525 6524 6524 6525 6525 6526 6526 6527 6527 6528 6528 6527 6527 6526 6526 6527 6527 6528 6528 6529 6529 6530 6530 6529 6529 6528 6528 6529 6529 6530 6530 6531 6531 6532 6532 6531 6531 6530 6530 6531 6531 6532 6532 6533 6533 6534 6534 6533 6533 6532 6532 6533 6533 6534 6534 6535 6535 6536 6536 6535 6535 6534 6534 6535 6535 6536 6536 6537 6537 6538 6538 6537 6537 6536 6536 6537 6537 6538 6538 6539 6539 6540 6540 6539 6539 6538 6538 6539 6539 6540 6540 6541 6541 6542 6542 6541 6541 6540 6540 6541 6541 6542 6542 6543 6543 6544 6544 6543 6543 6542 6542 6543 6543 6544 6544 6545 6545 6546 6546 6545 6545 6544 6544 6545 6545 6546 6546 6547 6547 6548 6548 6547 6547 6546 6546 6547 6547 6548 6548 6549 6549 6550 6550 6549 6549 6548 6548 6549 6549 6550 6550 6551 6551 6552 6552 6551 6551 6550 6550 6551 6551 6552 6552 6553 6553 6554 6554 6553 6553 6552 6552 6553 6553 6554 6554 6507 6507 6508 6508 6507 6507 6554 6554 6555 6555 6556 6556 6557 6557 6558 6558 6557 6557 6556 6556 6557 6557 6558 6558 6559 6559 6560 6560 6559 6559 6558 6558 6559 6559 6560 6560 6561 6561 6562 6562 6561 6561 6560 6560 6561 6561 6562 6562 6563 6563 6564 6564 6563 6563 6562 6562 6563 6563 6564 6564 6565 6565 6566 6566 6565 6565 6564 6564 6565 6565 6566 6566 6567 6567 6568 6568 6567 6567 6566 6566 6567 6567 6568 6568 6569 6569 6570 6570 6569 6569 6568 6568 6569 6569 6570 6570 6571 6571 6572 6572 6571 6571 6570 6570 6571 6571 6572 6572 6573 6573 6574 6574 6573 6573 6572 6572 6573 6573 6574 6574 6575 6575 6576 6576 6575 6575 6574 6574 6575 6575 6576 6576 6577 6577 6578 6578 6577 6577 6576 6576 6577 6577 6578 6578 6579 6579 6580 6580 6579 6579 6578 6578 6579 6579 6580 6580 6581 6581 6582 6582 6581 6581 6580 6580 6581 6581 6582 6582 6583 6583 6584 6584 6583 6583 6582 6582 6583 6583 6584 6584 6585 6585 6586 6586 6585 6585 6584 6584 6585 6585 6586 6586 6587 6587 6588 6588 6587 6587 6586 6586 6587 6587 6588 6588 6589 6589 6590 6590 6589 6589 6588 6588 6589 6589 6590 6590 6591 6591 6592 6592 6591 6591 6590 6590 6591 6591 6592 6592 6593 6593 6594 6594 6593 6593 6592 6592 6593 6593 6594 6594 6595 6595 6596 6596 6595 6595 6594 6594 6595 6595 6596 6596 6597 6597 6598 6598 6597 6597 6596 6596 6597 6597 6598 6598 6599 6599 6600 6600 6599 6599 6598 6598 6599 6599 6600 6600 6601 6601 6602 6602 6601 6601 6600 6600 6601 6601 6602 6602 6555 6555 6556 6556 6555 6555 6602 6602 6603 6603 6604 6604 6605 6605 6606 6606 6605 6605 6604 6604 6605 6605 6606 6606 6607 6607 6608 6608 6607 6607 6606 6606 6607 6607 6608 6608 6609 6609 6610 6610 6609 6609 6608 6608 6609 6609 6610 6610 6611 6611 6612 6612 6611 6611 6610 6610 6611 6611 6612 6612 6613 6613 6614 6614 6613 6613 6612 6612 6613 6613 6614 6614 6615 6615 6616 6616 6615 6615 6614 6614 6615 6615 6616 6616 6617 6617 6618 6618 6617 6617 6616 6616 6617 6617 6618 6618 6619 6619 6620 6620 6619 6619 6618 6618 6619 6619 6620 6620 6621 6621 6622 6622 6621 6621 6620 6620 6621 6621 6622 6622 6623 6623 6624 6624 6623 6623 6622 6622 6623 6623 6624 6624 6625 6625 6626 6626 6625 6625 6624 6624 6625 6625 6626 6626 6627 6627 6628 6628 6627 6627 6626 6626 6627 6627 6628 6628 6629 6629 6630 6630 6629 6629 6628 6628 6629 6629 6630 6630 6631 6631 6632 6632 6631 6631 6630 6630 6631 6631 6632 6632 6633 6633 6634 6634 6633 6633 6632 6632 6633 6633 6634 6634 6635 6635 6636 6636 6635 6635 6634 6634 6635 6635 6636 6636 6637 6637 6638 6638 6637 6637 6636 6636 6637 6637 6638 6638 6639 6639 6640 6640 6639 6639 6638 6638 6639 6639 6640 6640 6641 6641 6642 6642 6641 6641 6640 6640 6641 6641 6642 6642 6643 6643 6644 6644 6643 6643 6642 6642 6643 6643 6644 6644 6645 6645 6646 6646 6645 6645 6644 6644 6645 6645 6646 6646 6647 6647 6648 6648 6647 6647 6646 6646 6647 6647 6648 6648 6649 6649 6650 6650 6649 6649 6648 6648 6649 6649 6650 6650 6603 6603 6604 6604 6603 6603 6650 6650 6651 6651 6652 6652 6653 6653 6654 6654 6653 6653 6652 6652 6653 6653 6654 6654 6655 6655 6656 6656 6655 6655 6654 6654 6655 6655 6656 6656 6657 6657 6658 6658 6657 6657 6656 6656 6657 6657 6658 6658 6659 6659 6660 6660 6659 6659 6658 6658 6659 6659 6660 6660 6661 6661 6662 6662 6661 6661 6660 6660 6661 6661 6662 6662 6663 6663 6664 6664 6663 6663 6662 6662 6663 6663 6664 6664 6665 6665 6666 6666 6665 6665 6664 6664 6665 6665 6666 6666 6667 6667 6668 6668 6667 6667 6666 6666 6667 6667 6668 6668 6669 6669 6670 6670 6669 6669 6668 6668 6669 6669 6670 6670 6671 6671 6672 6672 6671 6671 6670 6670 6671 6671 6672 6672 6673 6673 6674 6674 6673 6673 6672 6672 6673 6673 6674 6674 6675 6675 6676 6676 6675 6675 6674 6674 6675 6675 6676 6676 6677 6677 6678 6678 6677 6677 6676 6676 6677 6677 6678 6678 6679 6679 6680 6680 6679 6679 6678 6678 6679 6679 6680 6680 6681 6681 6682 6682 6681 6681 6680 6680 6681 6681 6682 6682 6683 6683 6684 6684 6683 6683 6682 6682 6683 6683 6684 6684 6685 6685 6686 6686 6685 6685 6684 6684 6685 6685 6686 6686 6687 6687 6688 6688 6687 6687 6686 6686 6687 6687 6688 6688 6689 6689 6690 6690 6689 6689 6688 6688 6689 6689 6690 6690 6691 6691 6692 6692 6691 6691 6690 6690 6691 6691 6692 6692 6693 6693 6694 6694 6693 6693 6692 6692 6693 6693 6694 6694 6695 6695 6696 6696 6695 6695 6694 6694 6695 6695 6696 6696 6697 6697 6698 6698 6697 6697 6696 6696 6697 6697 6698 6698 6699 6699 6700 6700 6699 6699 6698 6698 6699 6699 6700 6700 6701 6701 6702 6702 6701 6701 6700 6700 6701 6701 6702 6702 6703 6703 6704 6704 6703 6703 6702 6702 6703 6703 6704 6704 6705 6705 6706 6706 6705 6705 6704 6704 6705 6705 6706 6706 6707 6707 6708 6708 6707 6707 6706 6706 6707 6707 6708 6708 6709 6709 6710 6710 6709 6709 6708 6708 6709 6709 6710 6710 6711 6711 6712 6712 6711 6711 6710 6710 6711 6711 6712 6712 6713 6713 6714 6714 6713 6713 6712 6712 6713 6713 6714 6714 6715 6715 6716 6716 6715 6715 6714 6714 6715 6715 6716 6716 6717 6717 6718 6718 6717 6717 6716 6716 6717 6717 6718 6718 6719 6719 6720 6720 6719 6719 6718 6718 6719 6719 6720 6720 6721 6721 6722 6722 6721 6721 6720 6720 6721 6721 6722 6722 6723 6723 6724 6724 6723 6723 6722 6722 6723 6723 6724 6724 6725 6725 6726 6726 6725 6725 6724 6724 6725 6725 6726 6726 6727 6727 6728 6728 6727 6727 6726 6726 6727 6727 6728 6728 6729 6729 6730 6730 6729 6729 6728 6728 6729 6729 6730 6730 6731 6731 6732 6732 6731 6731 6730 6730 6731 6731 6732 6732 6733 6733 6734 6734 6733 6733 6732 6732 6733 6733 6734 6734 6735 6735 6736 6736 6735 6735 6734 6734 6735 6735 6736 6736 6737 6737 6738 6738 6737 6737 6736 6736 6737 6737 6738 6738 6739 6739 6740 6740 6739 6739 6738 6738 6739 6739 6740 6740 6741 6741 6742 6742 6741 6741 6740 6740 6741 6741 6742 6742 6743 6743 6744 6744 6743 6743 6742 6742 6743 6743 6744 6744 6745 6745 6746 6746 6745 6745 6744 6744 6745 6745 6746 6746 6747 6747 6748 6748 6747 6747 6746 6746 6747 6747 6748 6748 6749 6749 6750 6750 6749 6749 6748 6748 6749 6749 6750 6750 6751 6751 6752 6752 6751 6751 6750 6750 6751 6751 6752 6752 6753 6753 6754 6754 6753 6753 6752 6752 6753 6753 6754 6754 6755 6755 6756 6756 6755 6755 6754 6754 6755 6755 6756 6756 6757 6757 6758 6758 6757 6757 6756 6756 6757 6757 6758 6758 6759 6759 6760 6760 6759 6759 6758 6758 6759 6759 6760 6760 6761 6761 6762 6762 6761 6761 6760 6760 6761 6761 6762 6762 6763 6763 6764 6764 6763 6763 6762 6762 6763 6763 6764 6764 6765 6765 6766 6766 6765 6765 6764 6764 6765 6765 6766 6766 6767 6767 6768 6768 6767 6767 6766 6766 6767 6767 6768 6768 6769 6769 6770 6770 6769 6769 6768 6768 6769 6769 6770 6770 6771 6771 6772 6772 6771 6771 6770 6770 6771 6771 6772 6772 6773 6773 6774 6774 6773 6773 6772 6772 6773 6773 6774 6774 6775 6775 6776 6776 6775 6775 6774 6774 6775 6775 6776 6776 6777 6777 6778 6778 6777 6777 6776 6776 6777 6777 6778 6778 6779 6779 6780 6780 6779 6779 6778 6778 6779 6779 6780 6780 6781 6781 6782 6782 6781 6781 6780 6780 6781 6781 6782 6782 6783 6783 6784 6784 6783 6783 6782 6782 6783 6783 6784 6784 6785 6785 6786 6786 6785 6785 6784 6784 6785 6785 6786 6786 6787 6787 6788 6788 6787 6787 6786 6786 6787 6787 6788 6788 6789 6789 6790 6790 6789 6789 6788 6788 6789 6789 6790 6790 6791 6791 6792 6792 6791 6791 6790 6790 6791 6791 6792 6792 6793 6793 6794 6794 6793 6793 6792 6792 6793 6793 6794 6794 6795 6795 6796 6796 6795 6795 6794 6794 6795 6795 6796 6796 6797 6797 6798 6798 6797 6797 6796 6796 6797 6797 6798 6798 6799 6799 6800 6800 6799 6799 6798 6798 6799 6799 6800 6800 6801 6801 6802 6802 6801 6801 6800 6800 6801 6801 6802 6802 6803 6803 6804 6804 6803 6803 6802 6802 6803 6803 6804 6804 6805 6805 6806 6806 6805 6805 6804 6804 6805 6805 6806 6806 6807 6807 6808 6808 6807 6807 6806 6806 6807 6807 6808 6808 6809 6809 6810 6810 6809 6809 6808 6808 6809 6809 6810 6810 6811 6811 6812 6812 6811 6811 6810 6810 6811 6811 6812 6812 6813 6813 6814 6814 6813 6813 6812 6812 6813 6813 6814 6814 6815 6815 6816 6816 6815 6815 6814 6814 6815 6815 6816 6816 6817 6817 6818 6818 6817 6817 6816 6816 6817 6817 6818 6818 6819 6819 6820 6820 6819 6819 6818 6818 6819 6819 6820 6820 6821 6821 6822 6822 6821 6821 6820 6820 6821 6821 6822 6822 6651 6651 6652 6652 6651 6651 6822 6822 6823 6823 6824 6824 6825 6825 6826 6826 6825 6825 6824 6824 6827 6827 6828 6828 6829 6829 6829 6829 6830 6830 6831 6831 6831 6831 6832 6832 6829 6829 6833 6833 6829 6829 6832 6832 6829 6829 6833 6833 6834 6834 6834 6834 6835 6835 6829 6829 6836 6836 6829 6829 6835 6835 6829 6829 6836 6836 6827 6827 6837 6837 6838 6838 6839 6839 6840 6840 6841 6841 6842 6842 6843 6843 6844 6844 6845 6845 6846 6846 6845 6845 6844 6844 6845 6845 6846 6846 6847 6847 6848 6848 6847 6847 6846 6846 6847 6847 6848 6848 6849 6849 6850 6850 6851 6851 6852 6852 6853 6853 6854 6854 6855 6855 6856 6856 6857 6857 6858 6858 6853 6853 6858 6858 6857 6857 6858 6858 6853 6853 6859 6859 6856 6856 6860 6860 6838 6838 6861 6861 6838 6838 6860 6860 6838 6838 6861 6861 6839 6839 6843 6843 6862 6862 6844 6844 6863 6863 6844 6844 6862 6862 6844 6844 6863 6863 6864 6864 6865 6865 6866 6866 6867 6867 6857 6857 6867 6867 6866 6866 6849 6849 6868 6868 6847 6847 6869 6869 6847 6847 6868 6868 6847 6847 6869 6869 6870 6870 6871 6871 6870 6870 6869 6869 6872 6872 6873 6873 6853 6853 6874 6874 6853 6853 6873 6873 6853 6853 6874 6874 6854 6854 6855 6855 6875 6875 6853 6853 6876 6876 6853 6853 6875 6875 6853 6853 6876 6876 6859 6859 6864 6864 6877 6877 6844 6844 6878 6878 6844 6844 6877 6877 6844 6844 6878 6878 6839 6839 6879 6879 6839 6839 6878 6878 6839 6839 6879 6879 6837 6837 6856 6856 6838 6838 6857 6857 6880 6880 6857 6857 6838 6838 6857 6857 6880 6880 6881 6881 6881 6881 6882 6882 6857 6857 6883 6883 6857 6857 6882 6882 6857 6857 6883 6883 6884 6884 6884 6884 6885 6885 6857 6857 6886 6886 6857 6857 6885 6885 6857 6857 6886 6886 6867 6867 6865 6865 6887 6887 6866 6866 6888 6888 6866 6866 6887 6887 6866 6866 6888 6888 6889 6889 6842 6842 6889 6889 6888 6888 6889 6889 6842 6842 6890 6890 6841 6841 6890 6890 6842 6842 6840 6840 6842 6842 6891 6891 6892 6892 6891 6891 6842 6842 6891 6891 6892 6892 6847 6847 6893 6893 6847 6847 6892 6892 6847 6847 6893 6893 6845 6845 6850 6850 6852 6852 6894 6894 6895 6895 6894 6894 6852 6852 6894 6894 6895 6895 6872 6872 6896 6896 6872 6872 6895 6895 6872 6872 6896 6896 6873 6873 6871 6871 6897 6897 6870 6870 6898 6898 6870 6870 6897 6897 6870 6870 6898 6898 6899 6899 6852 6852 6899 6899 6898 6898 6899 6899 6852 6852 6900 6900 6851 6851 6900 6900 6852 6852 6901 6901 6902 6902 6903 6903 6903 6903 6904 6904 6901 6901 6905 6905 6901 6901 6904 6904 6901 6901 6905 6905 6906 6906 6907 6907 6908 6908 6909 6909 6901 6901 6909 6909 6908 6908 6909 6909 6901 6901 6910 6910 6906 6906 6910 6910 6901 6901 6911 6911 6912 6912 6913 6913 6914 6914 6913 6913 6912 6912 6915 6915 6916 6916 6917 6917 6917 6917 6918 6918 6919 6919 6919 6919 6920 6920 6917 6917 6921 6921 6917 6917 6920 6920 6917 6917 6921 6921 6922 6922 6922 6922 6923 6923 6917 6917 6924 6924 6917 6917 6923 6923 6917 6917 6924 6924 6915 6915 6925 6925 6926 6926 6927 6927 6928 6928 6929 6929 6930 6930 6930 6930 6931 6931 6928 6928 6932 6932 6928 6928 6931 6931 6928 6928 6932 6932 6933 6933 6934 6934 6935 6935 6936 6936 6928 6928 6936 6936 6935 6935 6936 6936 6928 6928 6937 6937 6933 6933 6937 6937 6928 6928 6938 6938 6939 6939 6940 6940 6941 6941 6940 6940 6939 6939 6940 6940 6941 6941 6942 6942 6943 6943 6942 6942 6941 6941 6925 6925 6927 6927 6944 6944 6945 6945 6944 6944 6927 6927 6944 6944 6945 6945 6940 6940 6946 6946 6940 6940 6945 6945 6940 6940 6946 6946 6947 6947 6948 6948 6949 6949 6947 6947 6950 6950 6947 6947 6949 6949 6947 6947 6950 6950 6940 6940 6951 6951 6940 6940 6950 6950 6940 6940 6951 6951 6938 6938 6952 6952 6953 6953 6954 6954 6955 6955 6954 6954 6953 6953 6954 6954 6955 6955 6956 6956 6956 6956 6957 6957 6954 6954 6958 6958 6954 6954 6957 6957 6954 6954 6958 6958 6959 6959 6959 6959 6960 6960 6954 6954 6961 6961 6954 6954 6960 6960 6954 6954 6961 6961 6928 6928 6962 6962 6928 6928 6961 6961 6934 6934 6963 6963 6935 6935 6964 6964 6935 6935 6963 6963 6935 6935 6964 6964 6965 6965 6927 6927 6965 6965 6964 6964 6965 6965 6927 6927 6966 6966 6926 6926 6966 6966 6927 6927 6948 6948 6967 6967 6949 6949 6968 6968 6949 6949 6967 6967 6949 6949 6968 6968 6969 6969 6970 6970 6971 6971 6972 6972 6973 6973 6974 6974 6975 6975 6943 6943 6976 6976 6942 6942 6977 6977 6942 6942 6976 6976 6942 6942 6977 6977 6978 6978 6972 6972 6978 6978 6977 6977 6978 6978 6972 6972 6979 6979 6971 6971 6979 6979 6972 6972 6969 6969 6980 6980 6949 6949 6981 6981 6949 6949 6980 6980 6949 6949 6981 6981 6973 6973 6982 6982 6973 6973 6981 6981 6973 6973 6982 6982 6974 6974 6962 6962 6983 6983 6928 6928 6984 6984 6928 6928 6983 6983 6928 6928 6984 6984 6929 6929 6973 6973 6929 6929 6984 6984 6929 6929 6973 6973 6985 6985 6975 6975 6985 6985 6973 6973 6970 6970 6972 6972 6986 6986 6987 6987 6986 6986 6972 6972 6986 6986 6987 6987 6952 6952 6988 6988 6952 6952 6987 6987 6952 6952 6988 6988 6953 6953 6989 6989 6990 6990 6991 6991 6991 6991 6992 6992 6989 6989 6993 6993 6989 6989 6992 6992 6989 6989 6993 6993 6994 6994 6995 6995 6996 6996 6997 6997 6989 6989 6997 6997 6996 6996 6997 6997 6989 6989 6998 6998 6994 6994 6998 6998 6989 6989 6999 6999 7000 7000 7001 7001 7002 7002 7001 7001 7000 7000 7001 7001 7002 7002 7003 7003 7004 7004 7003 7003 7002 7002 7005 7005 7006 7006 7004 7004 7007 7007 7004 7004 7006 7006 7004 7004 7007 7007 7003 7003 7008 7008 7009 7009 7010 7010 7011 7011 7010 7010 7009 7009 7010 7010 7011 7011 7012 7012 7013 7013 7012 7012 7011 7011 7014 7014 7015 7015 7013 7013 7016 7016 7013 7013 7015 7015 7013 7013 7016 7016 7012 7012 6999 6999 7017 7017 7000 7000 7018 7018 7000 7000 7017 7017 7000 7000 7018 7018 7019 7019 7020 7020 7019 7019 7018 7018 7019 7019 7020 7020 7021 7021 7022 7022 7021 7021 7020 7020 7021 7021 7022 7022 7014 7014 7023 7023 7014 7014 7022 7022 7014 7014 7023 7023 7015 7015 7008 7008 7024 7024 7009 7009 7025 7025 7009 7009 7024 7024 7009 7009 7025 7025 7026 7026 7027 7027 7026 7026 7025 7025 7026 7026 7027 7027 7028 7028 7029 7029 7028 7028 7027 7027 7028 7028 7029 7029 7030 7030 7031 7031 7030 7030 7029 7029 7030 7030 7031 7031 7032 7032 7033 7033 7032 7032 7031 7031 7032 7032 7033 7033 7034 7034 7035 7035 7034 7034 7033 7033 7034 7034 7035 7035 7036 7036 7037 7037 7036 7036 7035 7035 7036 7036 7037 7037 7038 7038 7039 7039 7038 7038 7037 7037 7038 7038 7039 7039 7040 7040 7041 7041 7040 7040 7039 7039 7040 7040 7041 7041 7042 7042 7043 7043 7042 7042 7041 7041 7042 7042 7043 7043 7044 7044 7045 7045 7044 7044 7043 7043 7044 7044 7045 7045 7046 7046 7047 7047 7046 7046 7045 7045 7046 7046 7047 7047 7048 7048 7049 7049 7048 7048 7047 7047 7048 7048 7049 7049 7050 7050 7051 7051 7050 7050 7049 7049 7050 7050 7051 7051 7052 7052 7053 7053 7052 7052 7051 7051 7052 7052 7053 7053 7005 7005 7054 7054 7005 7005 7053 7053 7005 7005 7054 7054 7006 7006 7055 7055 7056 7056 7057 7057 7058 7058 7057 7057 7056 7056 7057 7057 7058 7058 7059 7059 7060 7060 7059 7059 7058 7058 7059 7059 7060 7060 7061 7061 7062 7062 7061 7061 7060 7060 7061 7061 7062 7062 7063 7063 7064 7064 7063 7063 7062 7062 7063 7063 7064 7064 7065 7065 7066 7066 7065 7065 7064 7064 7065 7065 7066 7066 7067 7067 7068 7068 7067 7067 7066 7066 7067 7067 7068 7068 7069 7069 7070 7070 7069 7069 7068 7068 7069 7069 7070 7070 7071 7071 7072 7072 7071 7071 7070 7070 7071 7071 7072 7072 7073 7073 7074 7074 7073 7073 7072 7072 7073 7073 7074 7074 7075 7075 7076 7076 7075 7075 7074 7074 7075 7075 7076 7076 7077 7077 7078 7078 7077 7077 7076 7076 7077 7077 7078 7078 7079 7079 7080 7080 7079 7079 7078 7078 7079 7079 7080 7080 7081 7081 7082 7082 7081 7081 7080 7080 7081 7081 7082 7082 7083 7083 7084 7084 7083 7083 7082 7082 7083 7083 7084 7084 7085 7085 7086 7086 7085 7085 7084 7084 7085 7085 7086 7086 7087 7087 7088 7088 7087 7087 7086 7086 7087 7087 7088 7088 7089 7089 7090 7090 7089 7089 7088 7088 7089 7089 7090 7090 7091 7091 7092 7092 7091 7091 7090 7090 7091 7091 7092 7092 7093 7093 7094 7094 7093 7093 7092 7092 7093 7093 7094 7094 7095 7095 7096 7096 7095 7095 7094 7094 7095 7095 7096 7096 7097 7097 7098 7098 7097 7097 7096 7096 7097 7097 7098 7098 7099 7099 7100 7100 7099 7099 7098 7098 7099 7099 7100 7100 7101 7101 7102 7102 7101 7101 7100 7100 7101 7101 7102 7102 7055 7055 7056 7056 7055 7055 7102 7102 7103 7103 7104 7104 7105 7105 7106 7106 7105 7105 7104 7104 7105 7105 7106 7106 7107 7107 7108 7108 7107 7107 7106 7106 7109 7109 7110 7110 7108 7108 7111 7111 7108 7108 7110 7110 7108 7108 7111 7111 7107 7107 7112 7112 7113 7113 7114 7114 7115 7115 7114 7114 7113 7113 7114 7114 7115 7115 7116 7116 7117 7117 7116 7116 7115 7115 7118 7118 7119 7119 7117 7117 7120 7120 7117 7117 7119 7119 7117 7117 7120 7120 7116 7116 7103 7103 7121 7121 7104 7104 7122 7122 7104 7104 7121 7121 7104 7104 7122 7122 7123 7123 7124 7124 7123 7123 7122 7122 7123 7123 7124 7124 7125 7125 7126 7126 7125 7125 7124 7124 7125 7125 7126 7126 7127 7127 7128 7128 7127 7127 7126 7126 7127 7127 7128 7128 7129 7129 7130 7130 7129 7129 7128 7128 7129 7129 7130 7130 7131 7131 7132 7132 7131 7131 7130 7130 7131 7131 7132 7132 7133 7133 7134 7134 7133 7133 7132 7132 7133 7133 7134 7134 7135 7135 7136 7136 7135 7135 7134 7134 7135 7135 7136 7136 7137 7137 7138 7138 7137 7137 7136 7136 7137 7137 7138 7138 7139 7139 7140 7140 7139 7139 7138 7138 7139 7139 7140 7140 7141 7141 7142 7142 7141 7141 7140 7140 7141 7141 7142 7142 7143 7143 7144 7144 7143 7143 7142 7142 7143 7143 7144 7144 7145 7145 7146 7146 7145 7145 7144 7144 7145 7145 7146 7146 7147 7147 7148 7148 7147 7147 7146 7146 7147 7147 7148 7148 7149 7149 7150 7150 7149 7149 7148 7148 7149 7149 7150 7150 7118 7118 7151 7151 7118 7118 7150 7150 7118 7118 7151 7151 7119 7119 7112 7112 7152 7152 7113 7113 7153 7153 7113 7113 7152 7152 7113 7113 7153 7153 7154 7154 7155 7155 7154 7154 7153 7153 7154 7154 7155 7155 7156 7156 7157 7157 7156 7156 7155 7155 7156 7156 7157 7157 7109 7109 7158 7158 7109 7109 7157 7157 7109 7109 7158 7158 7110 7110 7159 7159 7160 7160 7161 7161 7162 7162 7161 7161 7160 7160 7161 7161 7162 7162 7163 7163 7164 7164 7163 7163 7162 7162 7163 7163 7164 7164 7165 7165 7166 7166 7165 7165 7164 7164 7165 7165 7166 7166 7167 7167 7168 7168 7167 7167 7166 7166 7167 7167 7168 7168 7169 7169 7170 7170 7169 7169 7168 7168 7169 7169 7170 7170 7171 7171 7172 7172 7171 7171 7170 7170 7171 7171 7172 7172 7173 7173 7174 7174 7173 7173 7172 7172 7173 7173 7174 7174 7175 7175 7176 7176 7175 7175 7174 7174 7175 7175 7176 7176 7177 7177 7178 7178 7177 7177 7176 7176 7177 7177 7178 7178 7179 7179 7180 7180 7179 7179 7178 7178 7179 7179 7180 7180 7181 7181 7182 7182 7181 7181 7180 7180 7181 7181 7182 7182 7183 7183 7184 7184 7183 7183 7182 7182 7183 7183 7184 7184 7185 7185 7186 7186 7185 7185 7184 7184 7185 7185 7186 7186 7187 7187 7188 7188 7187 7187 7186 7186 7187 7187 7188 7188 7189 7189 7190 7190 7189 7189 7188 7188 7189 7189 7190 7190 7191 7191 7192 7192 7191 7191 7190 7190 7191 7191 7192 7192 7193 7193 7194 7194 7193 7193 7192 7192 7193 7193 7194 7194 7195 7195 7196 7196 7195 7195 7194 7194 7195 7195 7196 7196 7197 7197 7198 7198 7197 7197 7196 7196 7197 7197 7198 7198 7199 7199 7200 7200 7199 7199 7198 7198 7199 7199 7200 7200 7201 7201 7202 7202 7201 7201 7200 7200 7201 7201 7202 7202 7203 7203 7204 7204 7203 7203 7202 7202 7203 7203 7204 7204 7205 7205 7206 7206 7205 7205 7204 7204 7205 7205 7206 7206 7159 7159 7160 7160 7159 7159 7206 7206 6830 6830 6829 6829 7207 7207 7208 7208 7209 7209 7210 7210 7211 7211 7212 7212 5987 5987 7213 7213 5987 5987 7212 7212 5987 5987 7213 7213 5983 5983 7211 7211 5987 5987 7214 7214 7215 7215 7214 7214 5987 5987 7214 7214 7215 7215 7216 7216 6022 6022 6021 6021 7217 7217 7218 7218 7217 7217 6021 6021 7217 7217 7218 7218 7219 7219 7220 7220 7219 7219 7218 7218 7216 7216 7220 7220 7214 7214 7218 7218 7214 7214 7220 7220 7214 7214 7218 7218 7221 7221 7222 7222 7221 7221 7218 7218 7223 7223 7224 7224 7225 7225 7226 7226 7225 7225 7224 7224 7225 7225 7226 7226 7227 7227 7227 7227 7228 7228 7225 7225 7229 7229 7225 7225 7228 7228 7225 7225 7229 7229 7218 7218 7230 7230 7218 7218 7229 7229 7218 7218 7230 7230 7222 7222 7231 7231 7232 7232 7223 7223 7233 7233 7223 7223 7232 7232 7223 7223 7233 7233 7224 7224 7210 7210 7209 7209 7223 7223 7234 7234 7223 7223 7209 7209 7223 7223 7234 7234 7231 7231 7208 7208 7210 7210 7207 7207 7235 7235 7207 7207 7210 7210 7207 7207 7235 7235 6830 6830 7236 7236 5975 5975 5980 5980 5980 5980 7237 7237 7236 7236 7238 7238 7236 7236 7237 7237 7236 7236 7238 7238 7239 7239 5990 5990 5985 5985 7240 7240 7241 7241 7240 7240 5985 5985 7240 7240 7241 7241 7242 7242 7239 7239 7242 7242 7241 7241 6901 6901 6908 6908 7243 7243 7244 7244 7243 7243 6908 6908 7245 7245 7246 7246 7244 7244 7247 7247 7244 7244 7246 7246 7244 7244 7247 7247 7243 7243 7239 7239 7241 7241 7236 7236 7248 7248 7236 7236 7241 7241 7236 7236 7248 7248 7249 7249 7250 7250 7249 7249 7248 7248 7249 7249 7250 7250 7251 7251 7252 7252 7251 7251 7250 7250 7251 7251 7252 7252 7245 7245 7253 7253 7245 7245 7252 7252 7245 7245 7253 7253 7246 7246 7235 7235 7210 7210 7254 7254 7255 7255 7254 7254 7210 7210 7254 7254 7255 7255 7256 7256 7257 7257 7256 7256 7255 7255 7256 7256 7257 7257 7258 7258 7259 7259 7258 7258 7257 7257 7258 7258 7259 7259 7260 7260 7261 7261 7260 7260 7259 7259 7260 7260 7261 7261 7262 7262 7263 7263 7262 7262 7261 7261 7262 7262 7263 7263 6826 6826 7210 7210 7223 7223 7255 7255 7264 7264 7255 7255 7223 7223 7255 7255 7264 7264 7257 7257 7265 7265 7257 7257 7264 7264 7257 7257 7265 7265 7259 7259 7266 7266 7259 7259 7265 7265 7259 7259 7266 7266 7261 7261 7267 7267 7261 7261 7266 7266 7261 7261 7267 7267 7263 7263 7268 7268 7263 7263 7267 7267 7263 7263 7268 7268 6826 6826 6830 6830 7235 7235 7269 7269 7254 7254 7269 7269 7235 7235 7269 7269 7254 7254 7270 7270 7256 7256 7270 7270 7254 7254 7270 7270 7256 7256 7271 7271 7258 7258 7271 7271 7256 7256 7271 7271 7258 7258 7272 7272 7260 7260 7272 7272 7258 7258 7272 7272 7260 7260 7273 7273 7262 7262 7273 7273 7260 7260 7273 7273 7262 7262 6826 6826 7225 7225 7218 7218 7274 7274 7275 7275 7274 7274 7218 7218 7274 7274 7275 7275 7276 7276 7277 7277 7276 7276 7275 7275 7276 7276 7277 7277 7278 7278 7279 7279 7278 7278 7277 7277 7278 7278 7279 7279 7280 7280 7281 7281 7280 7280 7279 7279 7280 7280 7281 7281 7282 7282 7283 7283 7282 7282 7281 7281 7282 7282 7283 7283 6826 6826 7218 7218 6021 6021 7275 7275 7284 7284 7275 7275 6021 6021 7275 7275 7284 7284 7277 7277 7285 7285 7277 7277 7284 7284 7277 7277 7285 7285 7279 7279 7286 7286 7279 7279 7285 7285 7279 7279 7286 7286 7281 7281 7287 7287 7281 7281 7286 7286 7281 7281 7287 7287 7283 7283 7288 7288 7283 7283 7287 7287 7283 7283 7288 7288 6826 6826 7223 7223 7225 7225 7264 7264 7274 7274 7264 7264 7225 7225 7264 7264 7274 7274 7265 7265 7276 7276 7265 7265 7274 7274 7265 7265 7276 7276 7266 7266 7278 7278 7266 7266 7276 7276 7266 7266 7278 7278 7267 7267 7280 7280 7267 7267 7278 7278 7267 7267 7280 7280 7268 7268 7282 7282 7268 7268 7280 7280 7268 7268 7282 7282 6826 6826 7289 7289 7290 7290 7291 7291 5985 5985 7291 7291 7290 7290 7291 7291 5985 5985 5986 5986 7291 7291 7292 7292 7289 7289 7293 7293 7289 7289 7292 7292 7289 7289 7293 7293 7294 7294 6034 6034 6033 6033 7295 7295 7296 7296 7295 7295 6033 6033 7295 7295 7296 7296 7297 7297 7298 7298 7297 7297 7296 7296 7297 7297 7298 7298 7299 7299 7300 7300 7299 7299 7298 7298 7299 7299 7300 7300 7301 7301 7302 7302 7301 7301 7300 7300 7301 7301 7302 7302 7303 7303 7304 7304 7303 7303 7302 7302 7303 7303 7304 7304 7305 7305 7294 7294 7305 7305 7304 7304 7305 7305 7294 7294 7306 7306 7293 7293 7306 7306 7294 7294 6148 6148 6147 6147 7307 7307 6148 6148 7307 7307 7308 7308 7309 7309 7308 7308 7307 7307 7308 7308 7309 7309 7310 7310 7310 7310 7309 7309 7311 7311 7312 7312 7311 7311 7309 7309 7311 7311 7312 7312 7313 7313 7312 7312 7314 7314 7313 7313 7315 7315 7313 7313 7314 7314 7313 7313 7315 7315 7316 7316 7317 7317 7316 7316 7315 7315 7316 7316 7317 7317 7318 7318 7318 7318 7317 7317 7319 7319 7320 7320 7319 7319 7317 7317 7319 7319 7320 7320 7321 7321 7322 7322 7321 7321 7320 7320 7321 7321 7322 7322 7323 7323 7324 7324 7323 7323 7322 7322 7323 7323 7324 7324 7325 7325 7324 7324 7326 7326 7325 7325 5984 5984 7325 7325 7326 7326 7325 7325 5984 5984 5982 5982 5981 5981 7327 7327 5982 5982 7328 7328 5982 5982 7327 7327 7328 7328 7327 7327 7329 7329 7330 7330 7329 7329 7327 7327 7329 7329 7330 7330 7331 7331 7331 7331 7330 7330 7332 7332 7333 7333 7332 7332 7330 7330 7332 7332 7333 7333 7334 7334 7334 7334 7333 7333 7335 7335 7336 7336 7335 7335 7333 7333 7335 7335 7336 7336 7337 7337 7337 7337 7336 7336 7338 7338 7339 7339 7338 7338 7336 7336 7338 7338 7339 7339 7340 7340 7340 7340 7339 7339 7341 7341 5973 5973 7341 7341 7339 7339 7341 7341 5973 5973 5974 5974 6738 6738 6736 6736 7342 7342 6732 6732 6730 6730 7343 7343 6722 6722 6720 6720 7344 7344 6712 6712 6710 6710 7345 7345 6702 6702 6700 6700 7346 7346 6692 6692 6690 6690 7347 7347 6682 6682 6680 6680 7348 7348 6672 6672 6670 6670 7349 7349 6662 6662 6660 6660 7350 7350 6822 6822 6820 6820 7351 7351 6818 6818 6816 6816 7352 7352 6812 6812 6810 6810 7353 7353 6808 6808 6806 6806 7354 7354 6802 6802 6800 6800 7355 7355 6798 6798 6796 6796 7356 7356 6792 6792 6790 6790 7357 7357 6788 6788 6786 6786 7358 7358 6782 6782 6780 6780 7359 7359 6778 6778 6776 6776 7360 7360 6772 6772 6770 6770 7361 7361 6762 6762 6760 6760 7362 7362 6752 6752 6750 6750 7363 7363 7364 7364 6158 6158 6157 6157 6212 6212 6158 6158 7365 7365 7364 7364 7365 7365 6158 6158 7365 7365 7364 7364 7366 7366 6213 6213 6212 6212 7367 7367 7365 7365 7367 7367 6212 6212 7367 7367 7365 7365 7368 7368 7366 7366 7368 7368 7365 7365 7368 7368 7366 7366 7369 7369 6215 6215 6213 6213 7370 7370 7367 7367 7370 7370 6213 6213 7370 7370 7367 7367 7371 7371 7368 7368 7371 7371 7367 7367 7371 7371 7368 7368 7372 7372 7369 7369 7372 7372 7368 7368 7372 7372 7369 7369 7373 7373 6216 6216 6215 6215 7374 7374 7370 7370 7374 7374 6215 6215 7374 7374 7370 7370 7375 7375 7371 7371 7375 7375 7370 7370 7375 7375 7371 7371 7376 7376 7372 7372 7376 7376 7371 7371 7376 7376 7372 7372 7377 7377 7373 7373 7377 7377 7372 7372 7377 7377 7373 7373 7342 7342 7378 7378 7379 7379 7380 7380 7363 7363 7381 7381 7382 7382 7383 7383 7382 7382 7381 7381 7382 7382 7383 7383 7384 7384 7385 7385 7384 7384 7383 7383 7384 7384 7385 7385 7386 7386 6156 6156 6155 6155 7387 7387 7388 7388 7387 7387 6155 6155 7387 7387 7388 7388 7389 7389 7390 7390 7389 7389 7388 7388 7389 7389 7390 7390 7391 7391 7392 7392 7391 7391 7390 7390 7391 7391 7392 7392 7393 7393 7394 7394 7393 7393 7392 7392 7393 7393 7394 7394 7395 7395 7362 7362 7395 7395 7394 7394 6153 6153 6150 6150 7396 7396 7397 7397 7396 7396 6150 6150 7396 7396 7397 7397 7398 7398 7399 7399 7398 7398 7397 7397 7398 7398 7399 7399 7400 7400 7401 7401 7400 7400 7399 7399 7400 7400 7401 7401 7402 7402 7403 7403 7402 7402 7401 7401 7402 7402 7403 7403 7404 7404 7361 7361 7404 7404 7403 7403 6185 6185 6198 6198 7405 7405 7406 7406 7405 7405 6198 6198 7405 7405 7406 7406 7407 7407 7408 7408 7407 7407 7406 7406 7407 7407 7408 7408 7409 7409 7410 7410 7409 7409 7408 7408 7409 7409 7410 7410 7411 7411 7412 7412 7411 7411 7410 7410 7411 7411 7412 7412 7413 7413 7350 7350 7413 7413 7412 7412 6196 6196 6195 6195 7414 7414 7415 7415 7414 7414 6195 6195 7414 7414 7415 7415 7416 7416 7417 7417 7416 7416 7415 7415 7416 7416 7417 7417 7418 7418 7419 7419 7418 7418 7417 7417 7418 7418 7419 7419 7420 7420 7421 7421 7420 7420 7419 7419 7420 7420 7421 7421 7422 7422 7349 7349 7422 7422 7421 7421 6189 6189 6188 6188 7423 7423 7424 7424 7423 7423 6188 6188 7423 7423 7424 7424 7425 7425 7426 7426 7425 7425 7424 7424 7425 7425 7426 7426 7427 7427 7428 7428 7427 7427 7426 7426 7427 7427 7428 7428 7429 7429 7430 7430 7429 7429 7428 7428 7429 7429 7430 7430 7431 7431 7348 7348 7431 7431 7430 7430 6192 6192 6244 6244 7432 7432 7433 7433 7432 7432 6244 6244 7432 7432 7433 7433 7434 7434 7435 7435 7434 7434 7433 7433 7434 7434 7435 7435 7436 7436 7437 7437 7436 7436 7435 7435 7436 7436 7437 7437 7438 7438 7439 7439 7438 7438 7437 7437 7438 7438 7439 7439 7440 7440 7347 7347 7440 7440 7439 7439 6237 6237 6236 6236 7441 7441 7442 7442 7441 7441 6236 6236 7441 7441 7442 7442 7443 7443 7444 7444 7443 7443 7442 7442 7443 7443 7444 7444 7445 7445 7446 7446 7445 7445 7444 7444 7445 7445 7446 7446 7447 7447 7448 7448 7447 7447 7446 7446 7447 7447 7448 7448 7449 7449 7346 7346 7449 7449 7448 7448 6205 6205 6207 6207 7450 7450 7451 7451 7450 7450 6207 6207 7450 7450 7451 7451 7452 7452 7453 7453 7452 7452 7451 7451 7452 7452 7453 7453 7454 7454 7455 7455 7454 7454 7453 7453 7454 7454 7455 7455 7456 7456 7457 7457 7456 7456 7455 7455 7456 7456 7457 7457 7458 7458 7345 7345 7458 7458 7457 7457 6233 6233 6232 6232 7459 7459 7460 7460 7459 7459 6232 6232 7459 7459 7460 7460 7461 7461 7462 7462 7461 7461 7460 7460 7461 7461 7462 7462 7463 7463 7464 7464 7463 7463 7462 7462 7463 7463 7464 7464 7465 7465 7466 7466 7465 7465 7464 7464 7465 7465 7466 7466 7467 7467 7344 7344 7467 7467 7466 7466 6230 6230 6229 6229 7468 7468 7469 7469 7468 7468 6229 6229 7468 7468 7469 7469 7470 7470 7471 7471 7470 7470 7469 7469 7470 7470 7471 7471 7472 7472 7473 7473 7472 7472 7471 7471 7472 7472 7473 7473 7474 7474 7475 7475 7474 7474 7473 7473 7474 7474 7475 7475 7476 7476 7343 7343 7476 7476 7475 7475 6740 6740 7380 7380 6742 6742 7379 7379 6742 6742 7380 7380 6742 6742 7379 7379 6744 6744 6746 6746 6744 6744 7381 7381 7379 7379 7381 7381 6744 6744 7381 7381 7379 7379 7383 7383 7378 7378 7383 7383 7379 7379 7383 7383 7378 7378 7385 7385 7363 7363 6750 6750 7381 7381 6748 6748 7381 7381 6750 6750 7381 7381 6748 6748 6746 6746 6754 6754 6752 6752 7477 7477 7363 7363 7477 7477 6752 6752 7477 7477 7363 7363 7478 7478 7382 7382 7478 7478 7363 7363 7478 7478 7382 7382 7479 7479 7384 7384 7479 7479 7382 7382 7479 7479 7384 7384 7480 7480 7386 7386 7480 7480 7384 7384 7480 7480 7386 7386 7481 7481 6157 6157 6156 6156 7481 7481 7387 7387 7481 7481 6156 6156 7481 7481 7387 7387 7480 7480 7389 7389 7480 7480 7387 7387 7480 7480 7389 7389 7479 7479 7391 7391 7479 7479 7389 7389 7479 7479 7391 7391 7478 7478 7393 7393 7478 7478 7391 7391 7478 7478 7393 7393 7477 7477 7395 7395 7477 7477 7393 7393 7477 7477 7395 7395 6754 6754 6756 6756 6754 6754 7395 7395 7362 7362 6760 6760 7395 7395 6758 6758 7395 7395 6760 6760 7395 7395 6758 6758 6756 6756 6764 6764 6762 6762 7482 7482 7362 7362 7482 7482 6762 6762 7482 7482 7362 7362 7483 7483 7394 7394 7483 7483 7362 7362 7483 7483 7394 7394 7484 7484 7392 7392 7484 7484 7394 7394 7484 7484 7392 7392 7485 7485 7390 7390 7485 7485 7392 7392 7485 7485 7390 7390 7486 7486 7388 7388 7486 7486 7390 7390 7486 7486 7388 7388 6154 6154 6155 6155 6154 6154 7388 7388 6154 6154 6153 6153 7486 7486 7396 7396 7486 7486 6153 6153 7486 7486 7396 7396 7485 7485 7398 7398 7485 7485 7396 7396 7485 7485 7398 7398 7484 7484 7400 7400 7484 7484 7398 7398 7484 7484 7400 7400 7483 7483 7402 7402 7483 7483 7400 7400 7483 7483 7402 7402 7482 7482 7404 7404 7482 7482 7402 7402 7482 7482 7404 7404 6764 6764 6766 6766 6764 6764 7404 7404 7361 7361 6770 6770 7404 7404 6768 6768 7404 7404 6770 6770 7404 7404 6768 6768 6766 6766 6774 6774 6772 6772 7487 7487 7361 7361 7487 7487 6772 6772 7487 7487 7361 7361 7488 7488 7403 7403 7488 7488 7361 7361 7488 7488 7403 7403 7489 7489 7401 7401 7489 7489 7403 7403 7489 7489 7401 7401 7490 7490 7399 7399 7490 7490 7401 7401 7490 7490 7399 7399 7491 7491 7397 7397 7491 7491 7399 7399 7491 7491 7397 7397 6174 6174 6150 6150 6174 6174 7397 7397 6174 6174 6239 6239 7491 7491 7492 7492 7491 7491 6239 6239 7491 7491 7492 7492 7490 7490 7493 7493 7490 7490 7492 7492 7490 7490 7493 7493 7489 7489 7494 7494 7489 7489 7493 7493 7489 7489 7494 7494 7488 7488 7495 7495 7488 7488 7494 7494 7488 7488 7495 7495 7487 7487 7360 7360 7487 7487 7495 7495 7487 7487 7360 7360 6774 6774 6776 6776 6774 6774 7360 7360 6780 6780 6778 6778 7359 7359 7360 7360 7359 7359 6778 6778 7359 7359 7360 7360 7496 7496 7495 7495 7496 7496 7360 7360 7496 7496 7495 7495 7497 7497 7494 7494 7497 7497 7495 7495 7497 7497 7494 7494 7498 7498 7493 7493 7498 7498 7494 7494 7498 7498 7493 7493 7499 7499 7492 7492 7499 7499 7493 7493 7499 7499 7492 7492 6238 6238 6239 6239 6238 6238 7492 7492 6784 6784 6782 6782 7500 7500 7359 7359 7500 7500 6782 6782 7500 7500 7359 7359 7501 7501 7496 7496 7501 7501 7359 7359 7501 7501 7496 7496 7502 7502 7497 7497 7502 7502 7496 7496 7502 7502 7497 7497 7503 7503 7498 7498 7503 7503 7497 7497 7503 7503 7498 7498 7504 7504 7499 7499 7504 7504 7498 7498 7504 7504 7499 7499 6235 6235 6238 6238 6235 6235 7499 7499 6235 6235 6234 6234 7504 7504 7505 7505 7504 7504 6234 6234 7504 7504 7505 7505 7503 7503 7506 7506 7503 7503 7505 7505 7503 7503 7506 7506 7502 7502 7507 7507 7502 7502 7506 7506 7502 7502 7507 7507 7501 7501 7508 7508 7501 7501 7507 7507 7501 7501 7508 7508 7500 7500 7358 7358 7500 7500 7508 7508 7500 7500 7358 7358 6784 6784 6786 6786 6784 6784 7358 7358 6790 6790 6788 6788 7357 7357 7358 7358 7357 7357 6788 6788 7357 7357 7358 7358 7509 7509 7508 7508 7509 7509 7358 7358 7509 7509 7508 7508 7510 7510 7507 7507 7510 7510 7508 7508 7510 7510 7507 7507 7511 7511 7506 7506 7511 7511 7507 7507 7511 7511 7506 7506 7512 7512 7505 7505 7512 7512 7506 7506 7512 7512 7505 7505 6227 6227 6234 6234 6227 6227 7505 7505 6794 6794 6792 6792 7513 7513 7357 7357 7513 7513 6792 6792 7513 7513 7357 7357 7514 7514 7509 7509 7514 7514 7357 7357 7514 7514 7509 7509 7515 7515 7510 7510 7515 7515 7509 7509 7515 7515 7510 7510 7516 7516 7511 7511 7516 7516 7510 7510 7516 7516 7511 7511 7517 7517 7512 7512 7517 7517 7511 7511 7517 7517 7512 7512 6226 6226 6227 6227 6226 6226 7512 7512 6226 6226 6225 6225 7517 7517 7518 7518 7517 7517 6225 6225 7517 7517 7518 7518 7516 7516 7519 7519 7516 7516 7518 7518 7516 7516 7519 7519 7515 7515 7520 7520 7515 7515 7519 7519 7515 7515 7520 7520 7514 7514 7521 7521 7514 7514 7520 7520 7514 7514 7521 7521 7513 7513 7356 7356 7513 7513 7521 7521 7513 7513 7356 7356 6794 6794 6796 6796 6794 6794 7356 7356 6800 6800 6798 6798 7355 7355 7356 7356 7355 7355 6798 6798 7355 7355 7356 7356 7522 7522 7521 7521 7522 7522 7356 7356 7522 7522 7521 7521 7523 7523 7520 7520 7523 7523 7521 7521 7523 7523 7520 7520 7524 7524 7519 7519 7524 7524 7520 7520 7524 7524 7519 7519 7525 7525 7518 7518 7525 7525 7519 7519 7525 7525 7518 7518 6224 6224 6225 6225 6224 6224 7518 7518 6804 6804 6802 6802 7526 7526 7355 7355 7526 7526 6802 6802 7526 7526 7355 7355 7527 7527 7522 7522 7527 7527 7355 7355 7527 7527 7522 7522 7528 7528 7523 7523 7528 7528 7522 7522 7528 7528 7523 7523 7529 7529 7524 7524 7529 7529 7523 7523 7529 7529 7524 7524 7530 7530 7525 7525 7530 7530 7524 7524 7530 7530 7525 7525 6223 6223 6224 6224 6223 6223 7525 7525 6223 6223 6222 6222 7530 7530 7531 7531 7530 7530 6222 6222 7530 7530 7531 7531 7529 7529 7532 7532 7529 7529 7531 7531 7529 7529 7532 7532 7528 7528 7533 7533 7528 7528 7532 7532 7528 7528 7533 7533 7527 7527 7534 7534 7527 7527 7533 7533 7527 7527 7534 7534 7526 7526 7354 7354 7526 7526 7534 7534 7526 7526 7354 7354 6804 6804 6806 6806 6804 6804 7354 7354 6810 6810 6808 6808 7353 7353 7354 7354 7353 7353 6808 6808 7353 7353 7354 7354 7535 7535 7534 7534 7535 7535 7354 7354 7535 7535 7534 7534 7536 7536 7533 7533 7536 7536 7534 7534 7536 7536 7533 7533 7537 7537 7532 7532 7537 7537 7533 7533 7537 7537 7532 7532 7538 7538 7531 7531 7538 7538 7532 7532 7538 7538 7531 7531 6211 6211 6222 6222 6211 6211 7531 7531 6814 6814 6812 6812 7539 7539 7353 7353 7539 7539 6812 6812 7539 7539 7353 7353 7540 7540 7535 7535 7540 7540 7353 7353 7540 7540 7535 7535 7541 7541 7536 7536 7541 7541 7535 7535 7541 7541 7536 7536 7542 7542 7537 7537 7542 7542 7536 7536 7542 7542 7537 7537 7543 7543 7538 7538 7543 7543 7537 7537 7543 7543 7538 7538 6210 6210 6211 6211 6210 6210 7538 7538 6210 6210 6209 6209 7543 7543 7544 7544 7543 7543 6209 6209 7543 7543 7544 7544 7542 7542 7545 7545 7542 7542 7544 7544 7542 7542 7545 7545 7541 7541 7546 7546 7541 7541 7545 7545 7541 7541 7546 7546 7540 7540 7547 7547 7540 7540 7546 7546 7540 7540 7547 7547 7539 7539 7352 7352 7539 7539 7547 7547 7539 7539 7352 7352 6814 6814 6816 6816 6814 6814 7352 7352 6820 6820 6818 6818 7351 7351 7352 7352 7351 7351 6818 6818 7351 7351 7352 7352 7548 7548 7547 7547 7548 7548 7352 7352 7548 7548 7547 7547 7549 7549 7546 7546 7549 7549 7547 7547 7549 7549 7546 7546 7550 7550 7545 7545 7550 7550 7546 7546 7550 7550 7545 7545 7551 7551 7544 7544 7551 7551 7545 7545 7551 7551 7544 7544 6218 6218 6209 6209 6218 6218 7544 7544 6652 6652 6822 6822 7552 7552 7351 7351 7552 7552 6822 6822 7552 7552 7351 7351 7553 7553 7548 7548 7553 7553 7351 7351 7553 7553 7548 7548 7554 7554 7549 7549 7554 7554 7548 7548 7554 7554 7549 7549 7555 7555 7550 7550 7555 7555 7549 7549 7555 7555 7550 7550 7556 7556 7551 7551 7556 7556 7550 7550 7556 7556 7551 7551 6219 6219 6218 6218 6219 6219 7551 7551 6219 6219 6162 6162 7556 7556 7557 7557 7556 7556 6162 6162 7556 7556 7557 7557 7555 7555 7558 7558 7555 7555 7557 7557 7555 7555 7558 7558 7554 7554 7559 7559 7554 7554 7558 7558 7554 7554 7559 7559 7553 7553 7560 7560 7553 7553 7559 7559 7553 7553 7560 7560 7552 7552 7561 7561 7552 7552 7560 7560 7552 7552 7561 7561 6652 6652 6654 6654 6652 6652 7561 7561 6162 6162 6185 6185 7557 7557 7405 7405 7557 7557 6185 6185 7557 7557 7405 7405 7558 7558 7407 7407 7558 7558 7405 7405 7558 7558 7407 7407 7559 7559 7409 7409 7559 7559 7407 7407 7559 7559 7409 7409 7560 7560 7411 7411 7560 7560 7409 7409 7560 7560 7411 7411 7561 7561 7413 7413 7561 7561 7411 7411 7561 7561 7413 7413 6654 6654 6656 6656 6654 6654 7413 7413 7350 7350 6660 6660 7413 7413 6658 6658 7413 7413 6660 6660 7413 7413 6658 6658 6656 6656 6664 6664 6662 6662 7562 7562 7350 7350 7562 7562 6662 6662 7562 7562 7350 7350 7563 7563 7412 7412 7563 7563 7350 7350 7563 7563 7412 7412 7564 7564 7410 7410 7564 7564 7412 7412 7564 7564 7410 7410 7565 7565 7408 7408 7565 7565 7410 7410 7565 7565 7408 7408 7566 7566 7406 7406 7566 7566 7408 7408 7566 7566 7406 7406 6197 6197 6198 6198 6197 6197 7406 7406 6197 6197 6196 6196 7566 7566 7414 7414 7566 7566 6196 6196 7566 7566 7414 7414 7565 7565 7416 7416 7565 7565 7414 7414 7565 7565 7416 7416 7564 7564 7418 7418 7564 7564 7416 7416 7564 7564 7418 7418 7563 7563 7420 7420 7563 7563 7418 7418 7563 7563 7420 7420 7562 7562 7422 7422 7562 7562 7420 7420 7562 7562 7422 7422 6664 6664 6666 6666 6664 6664 7422 7422 7349 7349 6670 6670 7422 7422 6668 6668 7422 7422 6670 6670 7422 7422 6668 6668 6666 6666 6674 6674 6672 6672 7567 7567 7349 7349 7567 7567 6672 6672 7567 7567 7349 7349 7568 7568 7421 7421 7568 7568 7349 7349 7568 7568 7421 7421 7569 7569 7419 7419 7569 7569 7421 7421 7569 7569 7419 7419 7570 7570 7417 7417 7570 7570 7419 7419 7570 7570 7417 7417 7571 7571 7415 7415 7571 7571 7417 7417 7571 7571 7415 7415 6194 6194 6195 6195 6194 6194 7415 7415 6194 6194 6189 6189 7571 7571 7423 7423 7571 7571 6189 6189 7571 7571 7423 7423 7570 7570 7425 7425 7570 7570 7423 7423 7570 7570 7425 7425 7569 7569 7427 7427 7569 7569 7425 7425 7569 7569 7427 7427 7568 7568 7429 7429 7568 7568 7427 7427 7568 7568 7429 7429 7567 7567 7431 7431 7567 7567 7429 7429 7567 7567 7431 7431 6674 6674 6676 6676 6674 6674 7431 7431 7348 7348 6680 6680 7431 7431 6678 6678 7431 7431 6680 6680 7431 7431 6678 6678 6676 6676 6684 6684 6682 6682 7572 7572 7348 7348 7572 7572 6682 6682 7572 7572 7348 7348 7573 7573 7430 7430 7573 7573 7348 7348 7573 7573 7430 7430 7574 7574 7428 7428 7574 7574 7430 7430 7574 7574 7428 7428 7575 7575 7426 7426 7575 7575 7428 7428 7575 7575 7426 7426 7576 7576 7424 7424 7576 7576 7426 7426 7576 7576 7424 7424 6187 6187 6188 6188 6187 6187 7424 7424 6187 6187 6192 6192 7576 7576 7432 7432 7576 7576 6192 6192 7576 7576 7432 7432 7575 7575 7434 7434 7575 7575 7432 7432 7575 7575 7434 7434 7574 7574 7436 7436 7574 7574 7434 7434 7574 7574 7436 7436 7573 7573 7438 7438 7573 7573 7436 7436 7573 7573 7438 7438 7572 7572 7440 7440 7572 7572 7438 7438 7572 7572 7440 7440 6684 6684 6686 6686 6684 6684 7440 7440 7347 7347 6690 6690 7440 7440 6688 6688 7440 7440 6690 6690 7440 7440 6688 6688 6686 6686 6694 6694 6692 6692 7577 7577 7347 7347 7577 7577 6692 6692 7577 7577 7347 7347 7578 7578 7439 7439 7578 7578 7347 7347 7578 7578 7439 7439 7579 7579 7437 7437 7579 7579 7439 7439 7579 7579 7437 7437 7580 7580 7435 7435 7580 7580 7437 7437 7580 7580 7435 7435 7581 7581 7433 7433 7581 7581 7435 7435 7581 7581 7433 7433 6243 6243 6244 6244 6243 6243 7433 7433 6243 6243 6237 6237 7581 7581 7441 7441 7581 7581 6237 6237 7581 7581 7441 7441 7580 7580 7443 7443 7580 7580 7441 7441 7580 7580 7443 7443 7579 7579 7445 7445 7579 7579 7443 7443 7579 7579 7445 7445 7578 7578 7447 7447 7578 7578 7445 7445 7578 7578 7447 7447 7577 7577 7449 7449 7577 7577 7447 7447 7577 7577 7449 7449 6694 6694 6696 6696 6694 6694 7449 7449 7346 7346 6700 6700 7449 7449 6698 6698 7449 7449 6700 6700 7449 7449 6698 6698 6696 6696 6704 6704 6702 6702 7582 7582 7346 7346 7582 7582 6702 6702 7582 7582 7346 7346 7583 7583 7448 7448 7583 7583 7346 7346 7583 7583 7448 7448 7584 7584 7446 7446 7584 7584 7448 7448 7584 7584 7446 7446 7585 7585 7444 7444 7585 7585 7446 7446 7585 7585 7444 7444 7586 7586 7442 7442 7586 7586 7444 7444 7586 7586 7442 7442 6228 6228 6236 6236 6228 6228 7442 7442 6228 6228 6205 6205 7586 7586 7450 7450 7586 7586 6205 6205 7586 7586 7450 7450 7585 7585 7452 7452 7585 7585 7450 7450 7585 7585 7452 7452 7584 7584 7454 7454 7584 7584 7452 7452 7584 7584 7454 7454 7583 7583 7456 7456 7583 7583 7454 7454 7583 7583 7456 7456 7582 7582 7458 7458 7582 7582 7456 7456 7582 7582 7458 7458 6704 6704 6706 6706 6704 6704 7458 7458 7345 7345 6710 6710 7458 7458 6708 6708 7458 7458 6710 6710 7458 7458 6708 6708 6706 6706 6714 6714 6712 6712 7587 7587 7345 7345 7587 7587 6712 6712 7587 7587 7345 7345 7588 7588 7457 7457 7588 7588 7345 7345 7588 7588 7457 7457 7589 7589 7455 7455 7589 7589 7457 7457 7589 7589 7455 7455 7590 7590 7453 7453 7590 7590 7455 7455 7590 7590 7453 7453 7591 7591 7451 7451 7591 7591 7453 7453 7591 7591 7451 7451 6208 6208 6207 6207 6208 6208 7451 7451 6208 6208 6233 6233 7591 7591 7459 7459 7591 7591 6233 6233 7591 7591 7459 7459 7590 7590 7461 7461 7590 7590 7459 7459 7590 7590 7461 7461 7589 7589 7463 7463 7589 7589 7461 7461 7589 7589 7463 7463 7588 7588 7465 7465 7588 7588 7463 7463 7588 7588 7465 7465 7587 7587 7467 7467 7587 7587 7465 7465 7587 7587 7467 7467 6714 6714 6716 6716 6714 6714 7467 7467 7344 7344 6720 6720 7467 7467 6718 6718 7467 7467 6720 6720 7467 7467 6718 6718 6716 6716 6724 6724 6722 6722 7592 7592 7344 7344 7592 7592 6722 6722 7592 7592 7344 7344 7593 7593 7466 7466 7593 7593 7344 7344 7593 7593 7466 7466 7594 7594 7464 7464 7594 7594 7466 7466 7594 7594 7464 7464 7595 7595 7462 7462 7595 7595 7464 7464 7595 7595 7462 7462 7596 7596 7460 7460 7596 7596 7462 7462 7596 7596 7460 7460 6231 6231 6232 6232 6231 6231 7460 7460 6231 6231 6230 6230 7596 7596 7468 7468 7596 7596 6230 6230 7596 7596 7468 7468 7595 7595 7470 7470 7595 7595 7468 7468 7595 7595 7470 7470 7594 7594 7472 7472 7594 7594 7470 7470 7594 7594 7472 7472 7593 7593 7474 7474 7593 7593 7472 7472 7593 7593 7474 7474 7592 7592 7476 7476 7592 7592 7474 7474 7592 7592 7476 7476 6724 6724 6726 6726 6724 6724 7476 7476 7343 7343 6730 6730 7476 7476 6728 6728 7476 7476 6730 6730 7476 7476 6728 6728 6726 6726 6734 6734 6732 6732 7597 7597 7343 7343 7597 7597 6732 6732 7597 7597 7343 7343 7598 7598 7475 7475 7598 7598 7343 7343 7598 7598 7475 7475 7599 7599 7473 7473 7599 7599 7475 7475 7599 7599 7473 7473 7600 7600 7471 7471 7600 7600 7473 7473 7600 7600 7471 7471 7601 7601 7469 7469 7601 7601 7471 7471 7601 7601 7469 7469 6217 6217 6229 6229 6217 6217 7469 7469 6217 6217 6216 6216 7601 7601 7374 7374 7601 7601 6216 6216 7601 7601 7374 7374 7600 7600 7375 7375 7600 7600 7374 7374 7600 7600 7375 7375 7599 7599 7376 7376 7599 7599 7375 7375 7599 7599 7376 7376 7598 7598 7377 7377 7598 7598 7376 7376 7598 7598 7377 7377 7597 7597 7342 7342 7597 7597 7377 7377 7597 7597 7342 7342 6734 6734 6736 6736 6734 6734 7342 7342 6157 6157 7481 7481 7364 7364 7386 7386 7364 7364 7481 7481 7364 7364 7386 7386 7366 7366 7385 7385 7366 7366 7386 7386 7366 7366 7385 7385 7369 7369 7378 7378 7369 7369 7385 7385 7369 7369 7378 7378 7373 7373 7380 7380 7373 7373 7378 7378 7373 7373 7380 7380 7342 7342 6740 6740 7342 7342 7380 7380 7342 7342 6740 6740 6738 6738 6908 6908 6907 6907 7602 7602 6908 6908 7602 7602 7603 7603 7604 7604 7603 7603 7602 7602 7603 7603 7604 7604 7605 7605 7606 7606 7605 7605 7604 7604 7605 7605 7606 7606 7607 7607 7608 7608 7607 7607 7606 7606 7607 7607 7608 7608 7609 7609 7610 7610 7609 7609 7608 7608 7609 7609 7610 7610 7611 7611 6823 6823 7611 7611 7610 7610 7611 7611 6823 6823 6825 6825 7612 7612 5915 5915 5920 5920 5920 5920 7613 7613 7612 7612 7614 7614 7612 7612 7613 7613 7612 7612 7614 7614 7615 7615 5932 5932 5926 5926 7616 7616 7617 7617 7616 7616 5926 5926 7616 7616 7617 7617 7618 7618 7615 7615 7618 7618 7617 7617 6989 6989 6996 6996 7619 7619 7620 7620 7619 7619 6996 6996 7621 7621 7622 7622 7620 7620 7623 7623 7620 7620 7622 7622 7620 7620 7623 7623 7619 7619 7615 7615 7617 7617 7612 7612 7624 7624 7612 7612 7617 7617 7612 7612 7624 7624 7625 7625 7626 7626 7625 7625 7624 7624 7625 7625 7626 7626 7627 7627 7628 7628 7627 7627 7626 7626 7627 7627 7628 7628 7621 7621 7629 7629 7621 7621 7628 7628 7621 7621 7629 7629 7622 7622 7630 7630 7631 7631 7632 7632 7633 7633 7632 7632 7631 7631 7632 7632 7633 7633 7634 7634 7635 7635 7634 7634 7633 7633 7634 7634 7635 7635 7636 7636 7637 7637 7636 7636 7635 7635 7636 7636 7637 7637 7638 7638 7639 7639 7638 7638 7637 7637 7638 7638 7639 7639 7640 7640 7641 7641 7640 7640 7639 7639 7640 7640 7641 7641 6914 6914 7631 7631 7642 7642 7633 7633 7643 7643 7633 7633 7642 7642 7633 7633 7643 7643 7635 7635 7644 7644 7635 7635 7643 7643 7635 7635 7644 7644 7637 7637 7645 7645 7637 7637 7644 7644 7637 7637 7645 7645 7639 7639 7646 7646 7639 7639 7645 7645 7639 7639 7646 7646 7641 7641 7647 7647 7641 7641 7646 7646 7641 7641 7647 7647 6914 6914 6918 6918 7630 7630 7648 7648 7632 7632 7648 7648 7630 7630 7648 7648 7632 7632 7649 7649 7634 7634 7649 7649 7632 7632 7649 7649 7634 7634 7650 7650 7636 7636 7650 7650 7634 7634 7650 7650 7636 7636 7651 7651 7638 7638 7651 7651 7636 7636 7651 7651 7638 7638 7652 7652 7640 7640 7652 7652 7638 7638 7652 7652 7640 7640 6914 6914 7653 7653 7654 7654 7655 7655 7656 7656 7655 7655 7654 7654 7655 7655 7656 7656 7657 7657 7658 7658 7657 7657 7656 7656 7657 7657 7658 7658 7659 7659 7660 7660 7659 7659 7658 7658 7659 7659 7660 7660 7661 7661 7662 7662 7661 7661 7660 7660 7661 7661 7662 7662 7663 7663 7664 7664 7663 7663 7662 7662 7663 7663 7664 7664 6914 6914 7654 7654 5961 5961 7656 7656 7665 7665 7656 7656 5961 5961 7656 7656 7665 7665 7658 7658 7666 7666 7658 7658 7665 7665 7658 7658 7666 7666 7660 7660 7667 7667 7660 7660 7666 7666 7660 7660 7667 7667 7662 7662 7668 7668 7662 7662 7667 7667 7662 7662 7668 7668 7664 7664 7669 7669 7664 7664 7668 7668 7664 7664 7669 7669 6914 6914 7642 7642 7653 7653 7643 7643 7655 7655 7643 7643 7653 7653 7643 7643 7655 7655 7644 7644 7657 7657 7644 7644 7655 7655 7644 7644 7657 7657 7645 7645 7659 7659 7645 7645 7657 7657 7645 7645 7659 7659 7646 7646 7661 7661 7646 7646 7659 7659 7646 7646 7661 7661 7647 7647 7663 7663 7647 7647 7661 7661 7647 7647 7663 7663 6914 6914 7670 7670 7671 7671 7672 7672 5926 5926 7672 7672 7671 7671 7672 7672 5926 5926 5925 5925 7672 7672 7673 7673 7670 7670 7674 7674 7670 7670 7673 7673 7670 7670 7674 7674 7675 7675 6028 6028 6139 6139 7676 7676 7677 7677 7676 7676 6139 6139 7676 7676 7677 7677 7678 7678 7679 7679 7678 7678 7677 7677 7678 7678 7679 7679 7680 7680 7681 7681 7680 7680 7679 7679 7680 7680 7681 7681 7682 7682 7683 7683 7682 7682 7681 7681 7682 7682 7683 7683 7684 7684 7685 7685 7684 7684 7683 7683 7684 7684 7685 7685 7686 7686 7675 7675 7686 7686 7685 7685 7686 7686 7675 7675 7687 7687 7674 7674 7687 7687 7675 7675 7688 7688 7689 7689 7690 7690 7688 7688 7690 7690 7691 7691 7692 7692 7691 7691 7690 7690 7691 7691 7692 7692 7693 7693 5924 5924 7693 7693 7692 7692 7693 7693 5924 5924 5922 5922 7689 7689 7688 7688 7694 7694 7695 7695 7694 7694 7688 7688 7694 7694 7695 7695 7696 7696 7695 7695 7697 7697 7696 7696 7698 7698 7696 7696 7697 7697 7696 7696 7698 7698 7699 7699 7700 7700 7699 7699 7698 7698 7699 7699 7700 7700 7701 7701 7701 7701 7700 7700 7702 7702 7703 7703 7702 7702 7700 7700 7702 7702 7703 7703 7704 7704 7703 7703 7705 7705 7704 7704 7706 7706 7704 7704 7705 7705 7704 7704 7706 7706 7707 7707 6167 6167 7707 7707 7706 7706 7707 7707 6167 6167 6170 6170 7708 7708 7709 7709 7710 7710 7708 7708 7710 7710 7711 7711 7712 7712 7711 7711 7710 7710 7711 7711 7712 7712 7713 7713 7714 7714 7713 7713 7712 7712 7713 7713 7714 7714 7715 7715 7716 7716 7715 7715 7714 7714 7715 7715 7716 7716 7717 7717 5922 5922 7717 7717 7716 7716 7717 7717 5922 5922 5921 5921 7709 7709 7708 7708 7718 7718 7719 7719 7718 7718 7708 7708 7718 7718 7719 7719 7720 7720 7721 7721 7720 7720 7719 7719 7720 7720 7721 7721 7722 7722 7723 7723 7722 7722 7721 7721 7722 7722 7723 7723 7724 7724 7723 7723 7725 7725 7724 7724 7726 7726 7724 7724 7725 7725 7724 7724 7726 7726 7727 7727 5969 5969 7727 7727 7726 7726 7727 7727 5969 5969 5970 5970 7236 7236 7249 7249 7728 7728 7729 7729 7728 7728 7249 7249 7728 7728 7729 7729 7730 7730 7731 7731 7730 7730 7729 7729 7730 7730 7731 7731 7732 7732 7733 7733 7732 7732 7731 7731 7732 7732 7733 7733 7734 7734 7735 7735 7734 7734 7733 7733 7734 7734 7735 7735 7736 7736 7737 7737 7736 7736 7735 7735 7736 7736 7737 7737 6825 6825 7249 7249 7251 7251 7729 7729 7738 7738 7729 7729 7251 7251 7729 7729 7738 7738 7731 7731 7739 7739 7731 7731 7738 7738 7731 7731 7739 7739 7733 7733 7740 7740 7733 7733 7739 7739 7733 7733 7740 7740 7735 7735 7741 7741 7735 7735 7740 7740 7735 7735 7741 7741 7737 7737 7742 7742 7737 7737 7741 7741 7737 7737 7742 7742 6825 6825 5975 5975 7236 7236 7743 7743 7728 7728 7743 7743 7236 7236 7743 7743 7728 7728 7744 7744 7730 7730 7744 7744 7728 7728 7744 7744 7730 7730 7745 7745 7732 7732 7745 7745 7730 7730 7745 7745 7732 7732 7746 7746 7734 7734 7746 7746 7732 7732 7746 7746 7734 7734 7747 7747 7736 7736 7747 7747 7734 7734 7747 7747 7736 7736 6825 6825 7245 7245 7244 7244 7748 7748 7749 7749 7748 7748 7244 7244 7748 7748 7749 7749 7750 7750 7751 7751 7750 7750 7749 7749 7750 7750 7751 7751 7752 7752 7753 7753 7752 7752 7751 7751 7752 7752 7753 7753 7754 7754 7755 7755 7754 7754 7753 7753 7754 7754 7755 7755 7756 7756 7757 7757 7756 7756 7755 7755 7756 7756 7757 7757 6825 6825 7244 7244 6908 6908 7749 7749 7603 7603 7749 7749 6908 6908 7749 7749 7603 7603 7751 7751 7605 7605 7751 7751 7603 7603 7751 7751 7605 7605 7753 7753 7607 7607 7753 7753 7605 7605 7753 7753 7607 7607 7755 7755 7609 7609 7755 7755 7607 7607 7755 7755 7609 7609 7757 7757 7611 7611 7757 7757 7609 7609 7757 7757 7611 7611 6825 6825 7251 7251 7245 7245 7738 7738 7748 7748 7738 7738 7245 7245 7738 7738 7748 7748 7739 7739 7750 7750 7739 7739 7748 7748 7739 7739 7750 7750 7740 7740 7752 7752 7740 7740 7750 7750 7740 7740 7752 7752 7741 7741 7754 7754 7741 7741 7752 7752 7741 7741 7754 7754 7742 7742 7756 7756 7742 7742 7754 7754 7742 7742 7756 7756 6825 6825 7284 7284 6021 6021 6026 6026 6026 6026 7758 7758 7284 7284 7759 7759 7284 7284 7758 7758 7284 7284 7759 7759 7760 7760 6004 6004 6003 6003 7761 7761 7762 7762 7761 7761 6003 6003 7761 7761 7762 7762 7763 7763 7760 7760 7763 7763 7762 7762 7760 7760 7762 7762 7284 7284 7764 7764 7284 7284 7762 7762 7284 7284 7764 7764 7765 7765 5976 5976 5975 5975 7766 7766 7743 7743 7766 7766 5975 5975 7766 7766 7743 7743 7767 7767 7765 7765 7767 7767 7743 7743 7765 7765 7743 7743 7284 7284 7744 7744 7284 7284 7743 7743 7284 7284 7744 7744 7285 7285 7745 7745 7285 7285 7744 7744 7285 7285 7745 7745 7286 7286 7746 7746 7286 7286 7745 7745 7286 7286 7746 7746 7287 7287 7747 7747 7287 7287 7746 7746 7287 7287 7747 7747 7288 7288 6825 6825 7288 7288 7747 7747 7288 7288 6825 6825 6826 6826 6831 6831 6830 6830 7269 7269 6831 6831 7269 7269 7768 7768 7270 7270 7768 7768 7269 7269 7768 7768 7270 7270 7769 7769 7271 7271 7769 7769 7270 7270 7769 7769 7271 7271 7770 7770 7272 7272 7770 7770 7271 7271 7770 7770 7272 7272 7771 7771 7273 7273 7771 7771 7272 7272 7771 7771 7273 7273 7772 7772 6826 6826 7772 7772 7273 7273 7772 7772 6826 6826 6824 6824 5968 5968 5967 5967 7773 7773 7774 7774 7773 7773 5967 5967 7773 7773 7774 7774 7775 7775 7774 7774 7776 7776 7775 7775 7777 7777 7775 7775 7776 7776 7775 7775 7777 7777 7778 7778 7779 7779 7778 7778 7777 7777 7778 7778 7779 7779 7780 7780 7780 7780 7779 7779 7781 7781 7782 7782 7781 7781 7779 7779 7781 7781 7782 7782 7783 7783 7782 7782 7784 7784 7783 7783 7785 7785 7783 7783 7784 7784 7783 7783 7785 7785 7786 7786 7787 7787 7786 7786 7785 7785 7786 7786 7787 7787 7788 7788 7789 7789 7788 7788 7787 7787 7788 7788 7789 7789 7790 7790 7791 7791 7790 7790 7789 7789 7790 7790 7791 7791 7792 7792 5986 5986 7792 7792 7791 7791 7792 7792 5986 5986 5984 5984 6996 6996 6995 6995 7793 7793 6996 6996 7793 7793 7794 7794 7795 7795 7794 7794 7793 7793 7794 7794 7795 7795 7796 7796 7797 7797 7796 7796 7795 7795 7796 7796 7797 7797 7798 7798 7799 7799 7798 7798 7797 7797 7798 7798 7799 7799 7800 7800 7801 7801 7800 7800 7799 7799 7800 7800 7801 7801 7802 7802 6911 6911 7802 7802 7801 7801 7802 7802 6911 6911 6913 6913 7612 7612 7625 7625 7803 7803 7804 7804 7803 7803 7625 7625 7803 7803 7804 7804 7805 7805 7806 7806 7805 7805 7804 7804 7805 7805 7806 7806 7807 7807 7808 7808 7807 7807 7806 7806 7807 7807 7808 7808 7809 7809 7810 7810 7809 7809 7808 7808 7809 7809 7810 7810 7811 7811 7812 7812 7811 7811 7810 7810 7811 7811 7812 7812 6913 6913 7625 7625 7627 7627 7804 7804 7813 7813 7804 7804 7627 7627 7804 7804 7813 7813 7806 7806 7814 7814 7806 7806 7813 7813 7806 7806 7814 7814 7808 7808 7815 7815 7808 7808 7814 7814 7808 7808 7815 7815 7810 7810 7816 7816 7810 7810 7815 7815 7810 7810 7816 7816 7812 7812 7817 7817 7812 7812 7816 7816 7812 7812 7817 7817 6913 6913 5915 5915 7612 7612 7818 7818 7803 7803 7818 7818 7612 7612 7818 7818 7803 7803 7819 7819 7805 7805 7819 7819 7803 7803 7819 7819 7805 7805 7820 7820 7807 7807 7820 7820 7805 7805 7820 7820 7807 7807 7821 7821 7809 7809 7821 7821 7807 7807 7821 7821 7809 7809 7822 7822 7811 7811 7822 7822 7809 7809 7822 7822 7811 7811 6913 6913 7621 7621 7620 7620 7823 7823 7824 7824 7823 7823 7620 7620 7823 7823 7824 7824 7825 7825 7826 7826 7825 7825 7824 7824 7825 7825 7826 7826 7827 7827 7828 7828 7827 7827 7826 7826 7827 7827 7828 7828 7829 7829 7830 7830 7829 7829 7828 7828 7829 7829 7830 7830 7831 7831 7832 7832 7831 7831 7830 7830 7831 7831 7832 7832 6913 6913 7620 7620 6996 6996 7824 7824 7794 7794 7824 7824 6996 6996 7824 7824 7794 7794 7826 7826 7796 7796 7826 7826 7794 7794 7826 7826 7796 7796 7828 7828 7798 7798 7828 7828 7796 7796 7828 7828 7798 7798 7830 7830 7800 7800 7830 7830 7798 7798 7830 7830 7800 7800 7832 7832 7802 7802 7832 7832 7800 7800 7832 7832 7802 7802 6913 6913 7627 7627 7621 7621 7813 7813 7823 7823 7813 7813 7621 7621 7813 7813 7823 7823 7814 7814 7825 7825 7814 7814 7823 7823 7814 7814 7825 7825 7815 7815 7827 7827 7815 7815 7825 7825 7815 7815 7827 7827 7816 7816 7829 7829 7816 7816 7827 7827 7816 7816 7829 7829 7817 7817 7831 7831 7817 7817 7829 7829 7817 7817 7831 7831 6913 6913 7665 7665 5961 5961 5966 5966 5966 5966 7833 7833 7665 7665 7834 7834 7665 7665 7833 7833 7665 7665 7834 7834 7835 7835 5929 5929 5928 5928 7836 7836 7837 7837 7836 7836 5928 5928 7836 7836 7837 7837 7838 7838 7835 7835 7838 7838 7837 7837 7835 7835 7837 7837 7665 7665 7839 7839 7665 7665 7837 7837 7665 7665 7839 7839 7840 7840 5916 5916 5915 5915 7841 7841 7818 7818 7841 7841 5915 5915 7841 7841 7818 7818 7842 7842 7840 7840 7842 7842 7818 7818 7840 7840 7818 7818 7665 7665 7819 7819 7665 7665 7818 7818 7665 7665 7819 7819 7666 7666 7820 7820 7666 7666 7819 7819 7666 7666 7820 7820 7667 7667 7821 7821 7667 7667 7820 7820 7667 7667 7821 7821 7668 7668 7822 7822 7668 7668 7821 7821 7668 7668 7822 7822 7669 7669 6913 6913 7669 7669 7822 7822 7669 7669 6913 6913 6914 6914 6919 6919 6918 6918 7648 7648 6919 6919 7648 7648 7843 7843 7649 7649 7843 7843 7648 7648 7843 7843 7649 7649 7844 7844 7650 7650 7844 7844 7649 7649 7844 7844 7650 7650 7845 7845 7651 7651 7845 7845 7650 7650 7845 7845 7651 7651 7846 7846 7652 7652 7846 7846 7651 7651 7846 7846 7652 7652 7847 7847 6914 6914 7847 7847 7652 7652 7847 7847 6914 6914 6912 6912 7848 7848 5923 5923 5942 5942 5942 5942 7849 7849 7848 7848 7850 7850 7848 7848 7849 7849 7848 7848 7850 7850 7851 7851 5962 5962 5961 5961 7852 7852 7654 7654 7852 7852 5961 5961 7852 7852 7654 7654 7853 7853 7851 7851 7853 7853 7654 7654 7851 7851 7654 7654 7848 7848 7653 7653 7848 7848 7654 7654 7848 7848 7653 7653 7854 7854 7642 7642 7854 7854 7653 7653 7854 7854 7642 7642 7855 7855 7631 7631 7856 7856 7642 7642 7857 7857 7642 7642 7856 7856 7642 7642 7857 7857 7855 7855 7630 7630 6918 6918 6917 6917 6917 6917 7858 7858 7630 7630 7859 7859 7630 7630 7858 7858 7630 7630 7859 7859 7631 7631 7860 7860 7631 7631 7859 7859 7631 7631 7860 7860 7856 7856 5972 5972 5971 5971 7861 7861 7862 7862 7861 7861 5971 5971 7861 7861 7862 7862 7863 7863 7862 7862 7864 7864 7863 7863 7865 7865 7863 7863 7864 7864 7863 7863 7865 7865 7866 7866 7867 7867 7866 7866 7865 7865 7866 7866 7867 7867 7868 7868 7868 7868 7867 7867 7869 7869 7870 7870 7869 7869 7867 7867 7869 7869 7870 7870 7871 7871 7870 7870 7872 7872 7871 7871 7873 7873 7871 7871 7872 7872 7871 7871 7873 7873 7874 7874 7875 7875 7874 7874 7873 7873 7874 7874 7875 7875 7876 7876 7877 7877 7876 7876 7875 7875 7876 7876 7877 7877 7878 7878 7879 7879 7878 7878 7877 7877 7878 7878 7879 7879 7880 7880 5925 5925 7880 7880 7879 7879 7880 7880 5925 5925 5924 5924 6120 6120 6036 6036 7881 7881 6120 6120 7881 7881 7882 7882 7883 7883 7882 7882 7881 7881 7882 7882 7883 7883 7884 7884 7885 7885 7884 7884 7883 7883 7884 7884 7885 7885 7886 7886 7887 7887 7886 7886 7885 7885 7886 7886 7887 7887 7888 7888 7889 7889 7888 7888 7887 7887 7888 7888 7889 7889 7890 7890 7891 7891 7890 7890 7889 7889 7890 7890 7891 7891 7892 7892 7893 7893 7892 7892 7891 7891 7892 7892 7893 7893 7894 7894 7893 7893 7895 7895 7894 7894 7896 7896 7894 7894 7895 7895 7894 7894 7896 7896 7897 7897 7896 7896 7898 7898 7897 7897 5921 5921 7897 7897 7898 7898 7897 7897 5921 5921 5923 5923 6751 6751 7899 7899 6749 6749 7900 7900 6749 6749 7899 7899 6749 6749 7900 7900 6747 6747 7901 7901 6747 6747 7900 7900 6747 6747 7901 7901 6745 6745 7902 7902 6745 6745 7901 7901 6745 6745 7902 7902 6743 6743 6751 6751 6753 6753 7899 7899 6755 6755 7899 7899 6753 6753 7899 7899 6755 6755 7903 7903 6757 6757 7903 7903 6755 6755 7903 7903 6757 6757 7904 7904 6759 6759 7904 7904 6757 6757 7904 7904 6759 6759 7905 7905 6761 6761 7905 7905 6759 6759 6761 6761 6763 6763 7905 7905 6765 6765 7905 7905 6763 6763 7905 7905 6765 6765 7906 7906 6767 6767 7906 7906 6765 6765 7906 7906 6767 6767 7907 7907 6769 6769 7907 7907 6767 6767 7907 7907 6769 6769 7908 7908 6771 6771 7908 7908 6769 6769 6771 6771 6773 6773 7908 7908 6775 6775 7908 7908 6773 6773 7908 7908 6775 6775 7909 7909 6777 6777 7909 7909 6775 6775 7909 7909 6777 6777 7910 7910 6779 6779 7910 7910 6777 6777 7910 7910 6779 6779 7911 7911 6781 6781 7911 7911 6779 6779 6781 6781 6783 6783 7911 7911 6785 6785 7911 7911 6783 6783 7911 7911 6785 6785 7912 7912 6787 6787 7912 7912 6785 6785 7912 7912 6787 6787 7913 7913 6789 6789 7913 7913 6787 6787 7913 7913 6789 6789 7914 7914 6791 6791 7914 7914 6789 6789 6791 6791 6793 6793 7914 7914 6795 6795 7914 7914 6793 6793 7914 7914 6795 6795 7915 7915 6797 6797 7915 7915 6795 6795 7915 7915 6797 6797 7916 7916 6799 6799 7916 7916 6797 6797 7916 7916 6799 6799 7917 7917 6801 6801 7917 7917 6799 6799 6801 6801 6803 6803 7917 7917 6805 6805 7917 7917 6803 6803 7917 7917 6805 6805 7918 7918 6807 6807 7918 7918 6805 6805 7918 7918 6807 6807 7919 7919 6809 6809 7919 7919 6807 6807 7919 7919 6809 6809 7920 7920 6811 6811 7920 7920 6809 6809 6811 6811 6813 6813 7920 7920 6815 6815 7920 7920 6813 6813 7920 7920 6815 6815 7921 7921 6817 6817 7921 7921 6815 6815 7921 7921 6817 6817 7922 7922 6819 6819 7922 7922 6817 6817 7922 7922 6819 6819 7923 7923 6821 6821 7923 7923 6819 6819 6821 6821 6651 6651 7923 7923 6653 6653 7923 7923 6651 6651 7923 7923 6653 6653 7924 7924 6655 6655 7924 7924 6653 6653 7924 7924 6655 6655 7925 7925 6657 6657 7925 7925 6655 6655 7925 7925 6657 6657 7926 7926 6657 6657 6659 6659 7926 7926 6661 6661 7926 7926 6659 6659 7926 7926 6661 6661 7927 7927 6661 6661 6663 6663 7927 7927 6665 6665 7927 7927 6663 6663 7927 7927 6665 6665 7928 7928 6667 6667 7928 7928 6665 6665 7928 7928 6667 6667 7929 7929 6667 6667 6669 6669 7929 7929 6671 6671 7929 7929 6669 6669 7929 7929 6671 6671 7930 7930 6671 6671 6673 6673 7930 7930 6675 6675 7930 7930 6673 6673 7930 7930 6675 6675 7931 7931 6677 6677 7931 7931 6675 6675 7931 7931 6677 6677 7932 7932 6677 6677 6679 6679 7932 7932 6681 6681 7932 7932 6679 6679 7932 7932 6681 6681 7933 7933 6681 6681 6683 6683 7933 7933 6685 6685 7933 7933 6683 6683 7933 7933 6685 6685 7934 7934 6687 6687 7934 7934 6685 6685 7934 7934 6687 6687 7935 7935 6687 6687 6689 6689 7935 7935 6691 6691 7935 7935 6689 6689 7935 7935 6691 6691 7936 7936 6691 6691 6693 6693 7936 7936 6695 6695 7936 7936 6693 6693 7936 7936 6695 6695 7937 7937 6697 6697 7937 7937 6695 6695 7937 7937 6697 6697 7938 7938 6697 6697 6699 6699 7938 7938 6701 6701 7938 7938 6699 6699 7938 7938 6701 6701 7939 7939 6701 6701 6703 6703 7939 7939 6705 6705 7939 7939 6703 6703 7939 7939 6705 6705 7940 7940 6707 6707 7940 7940 6705 6705 7940 7940 6707 6707 7941 7941 6709 6709 7941 7941 6707 6707 7941 7941 6709 6709 7942 7942 6711 6711 7942 7942 6709 6709 6711 6711 6713 6713 7942 7942 6715 6715 7942 7942 6713 6713 7942 7942 6715 6715 7943 7943 6717 6717 7943 7943 6715 6715 7943 7943 6717 6717 7944 7944 6719 6719 7944 7944 6717 6717 7944 7944 6719 6719 7945 7945 6721 6721 7945 7945 6719 6719 6721 6721 6723 6723 7945 7945 6725 6725 7945 7945 6723 6723 7945 7945 6725 6725 7946 7946 6727 6727 7946 7946 6725 6725 7946 7946 6727 6727 7947 7947 6729 6729 7947 7947 6727 6727 7947 7947 6729 6729 7948 7948 6731 6731 7948 7948 6729 6729 6731 6731 6733 6733 7948 7948 6735 6735 7948 7948 6733 6733 7948 7948 6735 6735 7949 7949 6737 6737 7949 7949 6735 6735 7949 7949 6737 6737 7950 7950 6739 6739 7950 7950 6737 6737 7950 7950 6739 6739 7902 7902 6741 6741 7902 7902 6739 6739 7902 7902 6741 6741 6743 6743 7950 7950 7951 7951 7949 7949 7952 7952 7949 7949 7951 7951 7949 7949 7952 7952 7948 7948 7953 7953 7948 7948 7952 7952 7948 7948 7953 7953 7947 7947 7954 7954 7947 7947 7953 7953 7947 7947 7954 7954 7946 7946 7955 7955 7946 7946 7954 7954 7946 7946 7955 7955 7945 7945 7956 7956 7945 7945 7955 7955 7945 7945 7956 7956 7944 7944 7957 7957 7944 7944 7956 7956 7944 7944 7957 7957 7943 7943 7958 7958 7943 7943 7957 7957 7943 7943 7958 7958 7942 7942 7959 7959 7942 7942 7958 7958 7942 7942 7959 7959 7941 7941 7960 7960 7941 7941 7959 7959 7941 7941 7960 7960 7940 7940 7961 7961 7940 7940 7960 7960 7940 7940 7961 7961 7939 7939 7962 7962 7939 7939 7961 7961 7939 7939 7962 7962 7938 7938 7963 7963 7938 7938 7962 7962 7938 7938 7963 7963 7937 7937 7964 7964 7937 7937 7963 7963 7937 7937 7964 7964 7936 7936 7965 7965 7936 7936 7964 7964 7936 7936 7965 7965 7935 7935 7966 7966 7935 7935 7965 7965 7935 7935 7966 7966 7934 7934 7967 7967 7934 7934 7966 7966 7934 7934 7967 7967 7933 7933 7968 7968 7933 7933 7967 7967 7933 7933 7968 7968 7932 7932 7969 7969 7932 7932 7968 7968 7932 7932 7969 7969 7931 7931 7970 7970 7931 7931 7969 7969 7931 7931 7970 7970 7930 7930 7971 7971 7930 7930 7970 7970 7930 7930 7971 7971 7929 7929 7972 7972 7929 7929 7971 7971 7929 7929 7972 7972 7928 7928 7973 7973 7928 7928 7972 7972 7928 7928 7973 7973 7927 7927 7974 7974 7927 7927 7973 7973 7927 7927 7974 7974 7926 7926 7975 7975 7926 7926 7974 7974 7926 7926 7975 7975 7925 7925 7976 7976 7925 7925 7975 7975 7925 7925 7976 7976 7924 7924 7977 7977 7924 7924 7976 7976 7924 7924 7977 7977 7923 7923 7978 7978 7923 7923 7977 7977 7923 7923 7978 7978 7922 7922 7979 7979 7922 7922 7978 7978 7922 7922 7979 7979 7921 7921 7980 7980 7921 7921 7979 7979 7921 7921 7980 7980 7920 7920 7981 7981 7920 7920 7980 7980 7920 7920 7981 7981 7919 7919 7982 7982 7919 7919 7981 7981 7919 7919 7982 7982 7918 7918 7983 7983 7918 7918 7982 7982 7918 7918 7983 7983 7917 7917 7984 7984 7917 7917 7983 7983 7917 7917 7984 7984 7916 7916 7985 7985 7916 7916 7984 7984 7916 7916 7985 7985 7915 7915 7986 7986 7915 7915 7985 7985 7915 7915 7986 7986 7914 7914 7987 7987 7914 7914 7986 7986 7914 7914 7987 7987 7913 7913 7988 7988 7913 7913 7987 7987 7913 7913 7988 7988 7912 7912 7989 7989 7912 7912 7988 7988 7912 7912 7989 7989 7911 7911 7990 7990 7911 7911 7989 7989 7911 7911 7990 7990 7910 7910 7991 7991 7910 7910 7990 7990 7910 7910 7991 7991 7909 7909 7992 7992 7909 7909 7991 7991 7909 7909 7992 7992 7908 7908 7993 7993 7908 7908 7992 7992 7908 7908 7993 7993 7907 7907 7994 7994 7907 7907 7993 7993 7907 7907 7994 7994 7906 7906 7995 7995 7906 7906 7994 7994 7906 7906 7995 7995 7905 7905 7996 7996 7905 7905 7995 7995 7905 7905 7996 7996 7904 7904 7997 7997 7904 7904 7996 7996 7904 7904 7997 7997 7903 7903 7998 7998 7903 7903 7997 7997 7903 7903 7998 7998 7899 7899 7999 7999 7899 7899 7998 7998 7899 7899 7999 7999 7900 7900 8000 8000 7900 7900 7999 7999 7900 7900 8000 8000 7901 7901 8001 8001 7901 7901 8000 8000 7901 7901 8001 8001 7902 7902 8002 8002 7902 7902 8001 8001 7902 7902 8002 8002 7950 7950 7951 7951 7950 7950 8002 8002 8002 8002 8003 8003 7951 7951 8004 8004 7951 7951 8003 8003 7951 7951 8004 8004 7952 7952 8005 8005 7952 7952 8004 8004 7952 7952 8005 8005 7953 7953 8006 8006 7953 7953 8005 8005 7953 7953 8006 8006 7954 7954 8007 8007 7954 7954 8006 8006 7954 7954 8007 8007 7955 7955 8008 8008 7955 7955 8007 8007 7955 7955 8008 8008 7956 7956 8009 8009 7956 7956 8008 8008 7956 7956 8009 8009 7957 7957 8010 8010 7957 7957 8009 8009 7957 7957 8010 8010 7958 7958 8011 8011 7958 7958 8010 8010 7958 7958 8011 8011 7959 7959 8012 8012 7959 7959 8011 8011 7959 7959 8012 8012 7960 7960 8013 8013 7960 7960 8012 8012 7960 7960 8013 8013 7961 7961 8014 8014 7961 7961 8013 8013 7961 7961 8014 8014 7962 7962 8015 8015 7962 7962 8014 8014 7962 7962 8015 8015 7963 7963 8016 8016 7963 7963 8015 8015 7963 7963 8016 8016 7964 7964 8017 8017 7964 7964 8016 8016 7964 7964 8017 8017 7965 7965 8018 8018 7965 7965 8017 8017 7965 7965 8018 8018 7966 7966 8019 8019 7966 7966 8018 8018 7966 7966 8019 8019 7967 7967 8020 8020 7967 7967 8019 8019 7967 7967 8020 8020 7968 7968 8021 8021 7968 7968 8020 8020 7968 7968 8021 8021 7969 7969 8022 8022 7969 7969 8021 8021 7969 7969 8022 8022 7970 7970 8023 8023 7970 7970 8022 8022 7970 7970 8023 8023 7971 7971 8024 8024 7971 7971 8023 8023 7971 7971 8024 8024 7972 7972 8025 8025 7972 7972 8024 8024 7972 7972 8025 8025 7973 7973 8026 8026 7973 7973 8025 8025 7973 7973 8026 8026 7974 7974 8027 8027 7974 7974 8026 8026 7974 7974 8027 8027 7975 7975 8028 8028 7975 7975 8027 8027 7975 7975 8028 8028 7976 7976 8029 8029 7976 7976 8028 8028 7976 7976 8029 8029 7977 7977 8030 8030 7977 7977 8029 8029 7977 7977 8030 8030 7978 7978 8031 8031 7978 7978 8030 8030 7978 7978 8031 8031 7979 7979 8032 8032 7979 7979 8031 8031 7979 7979 8032 8032 7980 7980 8033 8033 7980 7980 8032 8032 7980 7980 8033 8033 7981 7981 8034 8034 7981 7981 8033 8033 7981 7981 8034 8034 7982 7982 8035 8035 7982 7982 8034 8034 7982 7982 8035 8035 7983 7983 8036 8036 7983 7983 8035 8035 7983 7983 8036 8036 7984 7984 8037 8037 7984 7984 8036 8036 7984 7984 8037 8037 7985 7985 8038 8038 7985 7985 8037 8037 7985 7985 8038 8038 7986 7986 8039 8039 7986 7986 8038 8038 7986 7986 8039 8039 7987 7987 8040 8040 7987 7987 8039 8039 7987 7987 8040 8040 7988 7988 8041 8041 7988 7988 8040 8040 7988 7988 8041 8041 7989 7989 8042 8042 7989 7989 8041 8041 7989 7989 8042 8042 7990 7990 8043 8043 7990 7990 8042 8042 7990 7990 8043 8043 7991 7991 8044 8044 7991 7991 8043 8043 7991 7991 8044 8044 7992 7992 8045 8045 7992 7992 8044 8044 7992 7992 8045 8045 7993 7993 8046 8046 7993 7993 8045 8045 7993 7993 8046 8046 7994 7994 8047 8047 7994 7994 8046 8046 7994 7994 8047 8047 7995 7995 8048 8048 7995 7995 8047 8047 7995 7995 8048 8048 7996 7996 8049 8049 7996 7996 8048 8048 7996 7996 8049 8049 7997 7997 8050 8050 7997 7997 8049 8049 7997 7997 8050 8050 7998 7998 8051 8051 7998 7998 8050 8050 7998 7998 8051 8051 7999 7999 8052 8052 7999 7999 8051 8051 7999 7999 8052 8052 8000 8000 8053 8053 8000 8000 8052 8052 8000 8000 8053 8053 8001 8001 8054 8054 8001 8001 8053 8053 8001 8001 8054 8054 8002 8002 8003 8003 8002 8002 8054 8054 8054 8054 8055 8055 8003 8003 8056 8056 8003 8003 8055 8055 8003 8003 8056 8056 8004 8004 8057 8057 8004 8004 8056 8056 8004 8004 8057 8057 8005 8005 8058 8058 8005 8005 8057 8057 8005 8005 8058 8058 8006 8006 8059 8059 8006 8006 8058 8058 8006 8006 8059 8059 8007 8007 8060 8060 8007 8007 8059 8059 8007 8007 8060 8060 8008 8008 8061 8061 8008 8008 8060 8060 8008 8008 8061 8061 8009 8009 8062 8062 8009 8009 8061 8061 8009 8009 8062 8062 8010 8010 8063 8063 8010 8010 8062 8062 8010 8010 8063 8063 8011 8011 8064 8064 8011 8011 8063 8063 8011 8011 8064 8064 8012 8012 8065 8065 8012 8012 8064 8064 8012 8012 8065 8065 8013 8013 8066 8066 8013 8013 8065 8065 8013 8013 8066 8066 8014 8014 8067 8067 8014 8014 8066 8066 8014 8014 8067 8067 8015 8015 8068 8068 8015 8015 8067 8067 8015 8015 8068 8068 8016 8016 8069 8069 8016 8016 8068 8068 8016 8016 8069 8069 8017 8017 8070 8070 8017 8017 8069 8069 8017 8017 8070 8070 8018 8018 8071 8071 8018 8018 8070 8070 8018 8018 8071 8071 8019 8019 8072 8072 8019 8019 8071 8071 8019 8019 8072 8072 8020 8020 8073 8073 8020 8020 8072 8072 8020 8020 8073 8073 8021 8021 8074 8074 8021 8021 8073 8073 8021 8021 8074 8074 8022 8022 8075 8075 8022 8022 8074 8074 8022 8022 8075 8075 8023 8023 8076 8076 8023 8023 8075 8075 8023 8023 8076 8076 8024 8024 8077 8077 8024 8024 8076 8076 8024 8024 8077 8077 8025 8025 8078 8078 8025 8025 8077 8077 8025 8025 8078 8078 8026 8026 8079 8079 8026 8026 8078 8078 8026 8026 8079 8079 8027 8027 8080 8080 8027 8027 8079 8079 8027 8027 8080 8080 8028 8028 8081 8081 8028 8028 8080 8080 8028 8028 8081 8081 8029 8029 8082 8082 8029 8029 8081 8081 8029 8029 8082 8082 8030 8030 8083 8083 8030 8030 8082 8082 8030 8030 8083 8083 8031 8031 8084 8084 8031 8031 8083 8083 8031 8031 8084 8084 8032 8032 8085 8085 8032 8032 8084 8084 8032 8032 8085 8085 8033 8033 8086 8086 8033 8033 8085 8085 8033 8033 8086 8086 8034 8034 8087 8087 8034 8034 8086 8086 8034 8034 8087 8087 8035 8035 8088 8088 8035 8035 8087 8087 8035 8035 8088 8088 8036 8036 8089 8089 8036 8036 8088 8088 8036 8036 8089 8089 8037 8037 8090 8090 8037 8037 8089 8089 8037 8037 8090 8090 8038 8038 8091 8091 8038 8038 8090 8090 8038 8038 8091 8091 8039 8039 8092 8092 8039 8039 8091 8091 8039 8039 8092 8092 8040 8040 8093 8093 8040 8040 8092 8092 8040 8040 8093 8093 8041 8041 8094 8094 8041 8041 8093 8093 8041 8041 8094 8094 8042 8042 8095 8095 8042 8042 8094 8094 8042 8042 8095 8095 8043 8043 8096 8096 8043 8043 8095 8095 8043 8043 8096 8096 8044 8044 8097 8097 8044 8044 8096 8096 8044 8044 8097 8097 8045 8045 8098 8098 8045 8045 8097 8097 8045 8045 8098 8098 8046 8046 8099 8099 8046 8046 8098 8098 8046 8046 8099 8099 8047 8047 8100 8100 8047 8047 8099 8099 8047 8047 8100 8100 8048 8048 8101 8101 8048 8048 8100 8100 8048 8048 8101 8101 8049 8049 8102 8102 8049 8049 8101 8101 8049 8049 8102 8102 8050 8050 8103 8103 8050 8050 8102 8102 8050 8050 8103 8103 8051 8051 8104 8104 8051 8051 8103 8103 8051 8051 8104 8104 8052 8052 8105 8105 8052 8052 8104 8104 8052 8052 8105 8105 8053 8053 8106 8106 8053 8053 8105 8105 8053 8053 8106 8106 8054 8054 8055 8055 8054 8054 8106 8106 8106 8106 8107 8107 8055 8055 8108 8108 8055 8055 8107 8107 8055 8055 8108 8108 8056 8056 8109 8109 8056 8056 8108 8108 8056 8056 8109 8109 8057 8057 8110 8110 8057 8057 8109 8109 8057 8057 8110 8110 8058 8058 8111 8111 8058 8058 8110 8110 8058 8058 8111 8111 8059 8059 8112 8112 8059 8059 8111 8111 8059 8059 8112 8112 8060 8060 8113 8113 8060 8060 8112 8112 8060 8060 8113 8113 8061 8061 8114 8114 8061 8061 8113 8113 8061 8061 8114 8114 8062 8062 8115 8115 8062 8062 8114 8114 8062 8062 8115 8115 8063 8063 8116 8116 8063 8063 8115 8115 8063 8063 8116 8116 8064 8064 8117 8117 8064 8064 8116 8116 8064 8064 8117 8117 8065 8065 8118 8118 8065 8065 8117 8117 8065 8065 8118 8118 8066 8066 8119 8119 8066 8066 8118 8118 8066 8066 8119 8119 8067 8067 8120 8120 8067 8067 8119 8119 8067 8067 8120 8120 8068 8068 8121 8121 8068 8068 8120 8120 8068 8068 8121 8121 8069 8069 8122 8122 8069 8069 8121 8121 8069 8069 8122 8122 8070 8070 8123 8123 8070 8070 8122 8122 8070 8070 8123 8123 8071 8071 8124 8124 8071 8071 8123 8123 8071 8071 8124 8124 8072 8072 8125 8125 8072 8072 8124 8124 8072 8072 8125 8125 8073 8073 8126 8126 8073 8073 8125 8125 8073 8073 8126 8126 8074 8074 8127 8127 8074 8074 8126 8126 8074 8074 8127 8127 8075 8075 8128 8128 8075 8075 8127 8127 8075 8075 8128 8128 8076 8076 8129 8129 8076 8076 8128 8128 8076 8076 8129 8129 8077 8077 8130 8130 8077 8077 8129 8129 8077 8077 8130 8130 8078 8078 8131 8131 8078 8078 8130 8130 8078 8078 8131 8131 8079 8079 8132 8132 8079 8079 8131 8131 8079 8079 8132 8132 8080 8080 8133 8133 8080 8080 8132 8132 8080 8080 8133 8133 8081 8081 8134 8134 8081 8081 8133 8133 8081 8081 8134 8134 8082 8082 8135 8135 8082 8082 8134 8134 8082 8082 8135 8135 8083 8083 8136 8136 8083 8083 8135 8135 8083 8083 8136 8136 8084 8084 8137 8137 8084 8084 8136 8136 8084 8084 8137 8137 8085 8085 8138 8138 8085 8085 8137 8137 8085 8085 8138 8138 8086 8086 8139 8139 8086 8086 8138 8138 8086 8086 8139 8139 8087 8087 8140 8140 8087 8087 8139 8139 8087 8087 8140 8140 8088 8088 8141 8141 8088 8088 8140 8140 8088 8088 8141 8141 8089 8089 8142 8142 8089 8089 8141 8141 8089 8089 8142 8142 8090 8090 8143 8143 8090 8090 8142 8142 8090 8090 8143 8143 8091 8091 8144 8144 8091 8091 8143 8143 8091 8091 8144 8144 8092 8092 8145 8145 8092 8092 8144 8144 8092 8092 8145 8145 8093 8093 8146 8146 8093 8093 8145 8145 8093 8093 8146 8146 8094 8094 8147 8147 8094 8094 8146 8146 8094 8094 8147 8147 8095 8095 8148 8148 8095 8095 8147 8147 8095 8095 8148 8148 8096 8096 8149 8149 8096 8096 8148 8148 8096 8096 8149 8149 8097 8097 8150 8150 8097 8097 8149 8149 8097 8097 8150 8150 8098 8098 8151 8151 8098 8098 8150 8150 8098 8098 8151 8151 8099 8099 8152 8152 8099 8099 8151 8151 8099 8099 8152 8152 8100 8100 8153 8153 8100 8100 8152 8152 8100 8100 8153 8153 8101 8101 8154 8154 8101 8101 8153 8153 8101 8101 8154 8154 8102 8102 8155 8155 8102 8102 8154 8154 8102 8102 8155 8155 8103 8103 8156 8156 8103 8103 8155 8155 8103 8103 8156 8156 8104 8104 8157 8157 8104 8104 8156 8156 8104 8104 8157 8157 8105 8105 8158 8158 8105 8105 8157 8157 8105 8105 8158 8158 8106 8106 8107 8107 8106 8106 8158 8158 8158 8158 6116 6116 8107 8107 6115 6115 8107 8107 6116 6116 8107 8107 6115 6115 8108 8108 6079 6079 8108 8108 6115 6115 8108 8108 6079 6079 8109 8109 6081 6081 8109 8109 6079 6079 8109 8109 6081 6081 8110 8110 6082 6082 8110 8110 6081 6081 8110 8110 6082 6082 8111 8111 6064 6064 8111 8111 6082 6082 8111 8111 6064 6064 8112 8112 6063 6063 8112 8112 6064 6064 8112 8112 6063 6063 8113 8113 6062 6062 8113 8113 6063 6063 8113 8113 6062 6062 8114 8114 6052 6052 8114 8114 6062 6062 8114 8114 6052 6052 8115 8115 6050 6050 8115 8115 6052 6052 8115 8115 6050 6050 8116 8116 6067 6067 8116 8116 6050 6050 8116 8116 6067 6067 8117 8117 6066 6066 8117 8117 6067 6067 8117 8117 6066 6066 8118 8118 6065 6065 8118 8118 6066 6066 8118 8118 6065 6065 8119 8119 6138 6138 8119 8119 6065 6065 8119 8119 6138 6138 8120 8120 6095 6095 8120 8120 6138 6138 8120 8120 6095 6095 8121 8121 6074 6074 8121 8121 6095 6095 8121 8121 6074 6074 8122 8122 6072 6072 8122 8122 6074 6074 8122 8122 6072 6072 8123 8123 6141 6141 8123 8123 6072 6072 8123 8123 6141 6141 8124 8124 6140 6140 8124 8124 6141 6141 8124 8124 6140 6140 8125 8125 6098 6098 8125 8125 6140 6140 8125 8125 6098 6098 8126 8126 6097 6097 8126 8126 6098 6098 8126 8126 6097 6097 8127 8127 6128 6128 8127 8127 6097 6097 8127 8127 6128 6128 8128 8128 6038 6038 8128 8128 6128 6128 8128 8128 6038 6038 8129 8129 6037 6037 8129 8129 6038 6038 8129 8129 6037 6037 8130 8130 6146 6146 8130 8130 6037 6037 8130 8130 6146 6146 8131 8131 6145 6145 8131 8131 6146 6146 8131 8131 6145 6145 8132 8132 6144 6144 8132 8132 6145 6145 8132 8132 6144 6144 8133 8133 6132 6132 8133 8133 6144 6144 8133 8133 6132 6132 8134 8134 6133 6133 8134 8134 6132 6132 8134 8134 6133 6133 8135 8135 6134 6134 8135 8135 6133 6133 8135 8135 6134 6134 8136 8136 6143 6143 8136 8136 6134 6134 8136 8136 6143 6143 8137 8137 6142 6142 8137 8137 6143 6143 8137 8137 6142 6142 8138 8138 6131 6131 8138 8138 6142 6142 8138 8138 6131 6131 8139 8139 6130 6130 8139 8139 6131 6131 8139 8139 6130 6130 8140 8140 6088 6088 8140 8140 6130 6130 8140 8140 6088 6088 8141 8141 6090 6090 8141 8141 6088 6088 8141 8141 6090 6090 8142 8142 6096 6096 8142 8142 6090 6090 8142 8142 6096 6096 8143 8143 6121 6121 8143 8143 6096 6096 8143 8143 6121 6121 8144 8144 6102 6102 8144 8144 6121 6121 8144 8144 6102 6102 8145 8145 6101 6101 8145 8145 6102 6102 8145 8145 6101 6101 8146 8146 6100 6100 8146 8146 6101 6101 8146 8146 6100 6100 8147 8147 6099 6099 8147 8147 6100 6100 8147 8147 6099 6099 8148 8148 6112 6112 8148 8148 6099 6099 8148 8148 6112 6112 8149 8149 6111 6111 8149 8149 6112 6112 8149 8149 6111 6111 8150 8150 6110 6110 8150 8150 6111 6111 8150 8150 6110 6110 8151 8151 6109 6109 8151 8151 6110 6110 8151 8151 6109 6109 8152 8152 6108 6108 8152 8152 6109 6109 8152 8152 6108 6108 8153 8153 6103 6103 8153 8153 6108 6108 8153 8153 6103 6103 8154 8154 6105 6105 8154 8154 6103 6103 8154 8154 6105 6105 8155 8155 6107 6107 8155 8155 6105 6105 8155 8155 6107 6107 8156 8156 6119 6119 8156 8156 6107 6107 8156 8156 6119 6119 8157 8157 6118 6118 8157 8157 6119 6119 8157 8157 6118 6118 8158 8158 6116 6116 8158 8158 6118 6118 8159 8159 8160 8160 8161 8161 8162 8162 8161 8161 8160 8160 8161 8161 8162 8162 8163 8163 8164 8164 8163 8163 8162 8162 8163 8163 8164 8164 8165 8165 8166 8166 8165 8165 8164 8164 8165 8165 8166 8166 8167 8167 8168 8168 8167 8167 8166 8166 8167 8167 8168 8168 8169 8169 8170 8170 8169 8169 8168 8168 8169 8169 8170 8170 8171 8171 8172 8172 8171 8171 8170 8170 8171 8171 8172 8172 8173 8173 8174 8174 8173 8173 8172 8172 8173 8173 8174 8174 8175 8175 8176 8176 8175 8175 8174 8174 8175 8175 8176 8176 8177 8177 8178 8178 8177 8177 8176 8176 8177 8177 8178 8178 8179 8179 8180 8180 8179 8179 8178 8178 8179 8179 8180 8180 8181 8181 8182 8182 8181 8181 8180 8180 8181 8181 8182 8182 8183 8183 8184 8184 8183 8183 8182 8182 8183 8183 8184 8184 8185 8185 8186 8186 8185 8185 8184 8184 8185 8185 8186 8186 8187 8187 8188 8188 8187 8187 8186 8186 8187 8187 8188 8188 8189 8189 8190 8190 8189 8189 8188 8188 8189 8189 8190 8190 8191 8191 8192 8192 8191 8191 8190 8190 8191 8191 8192 8192 8193 8193 8194 8194 8193 8193 8192 8192 8193 8193 8194 8194 8195 8195 8196 8196 8195 8195 8194 8194 8195 8195 8196 8196 8197 8197 8198 8198 8197 8197 8196 8196 8197 8197 8198 8198 8199 8199 8200 8200 8199 8199 8198 8198 8199 8199 8200 8200 8201 8201 8202 8202 8201 8201 8200 8200 8201 8201 8202 8202 8203 8203 8204 8204 8203 8203 8202 8202 8203 8203 8204 8204 8205 8205 8206 8206 8205 8205 8204 8204 8205 8205 8206 8206 8159 8159 8160 8160 8159 8159 8206 8206 8207 8207 8208 8208 8209 8209 8210 8210 8209 8209 8208 8208 8209 8209 8210 8210 8211 8211 8212 8212 8211 8211 8210 8210 8211 8211 8212 8212 8213 8213 8214 8214 8213 8213 8212 8212 8213 8213 8214 8214 8215 8215 8216 8216 8215 8215 8214 8214 8215 8215 8216 8216 8217 8217 8218 8218 8217 8217 8216 8216 8217 8217 8218 8218 8219 8219 8220 8220 8219 8219 8218 8218 8219 8219 8220 8220 8221 8221 8222 8222 8221 8221 8220 8220 8221 8221 8222 8222 8223 8223 8224 8224 8223 8223 8222 8222 8223 8223 8224 8224 8225 8225 8226 8226 8225 8225 8224 8224 8225 8225 8226 8226 8227 8227 8228 8228 8227 8227 8226 8226 8227 8227 8228 8228 8229 8229 8230 8230 8229 8229 8228 8228 8229 8229 8230 8230 8231 8231 8232 8232 8231 8231 8230 8230 8231 8231 8232 8232 8233 8233 8234 8234 8233 8233 8232 8232 8233 8233 8234 8234 8235 8235 8236 8236 8235 8235 8234 8234 8235 8235 8236 8236 8237 8237 8238 8238 8237 8237 8236 8236 8237 8237 8238 8238 8239 8239 8240 8240 8239 8239 8238 8238 8239 8239 8240 8240 8241 8241 8242 8242 8241 8241 8240 8240 8241 8241 8242 8242 8243 8243 8244 8244 8243 8243 8242 8242 8243 8243 8244 8244 8245 8245 8246 8246 8245 8245 8244 8244 8245 8245 8246 8246 8247 8247 8248 8248 8247 8247 8246 8246 8247 8247 8248 8248 8249 8249 8250 8250 8249 8249 8248 8248 8249 8249 8250 8250 8251 8251 8252 8252 8251 8251 8250 8250 8251 8251 8252 8252 8253 8253 8254 8254 8253 8253 8252 8252 8253 8253 8254 8254 8207 8207 8208 8208 8207 8207 8254 8254 8255 8255 8256 8256 8257 8257 8258 8258 8257 8257 8256 8256 8257 8257 8258 8258 8259 8259 8260 8260 8259 8259 8258 8258 8259 8259 8260 8260 8261 8261 8262 8262 8261 8261 8260 8260 8261 8261 8262 8262 8263 8263 8264 8264 8263 8263 8262 8262 8263 8263 8264 8264 8265 8265 8266 8266 8265 8265 8264 8264 8265 8265 8266 8266 8267 8267 8268 8268 8267 8267 8266 8266 8267 8267 8268 8268 8269 8269 8270 8270 8269 8269 8268 8268 8269 8269 8270 8270 8271 8271 8272 8272 8271 8271 8270 8270 8271 8271 8272 8272 8273 8273 8274 8274 8273 8273 8272 8272 8273 8273 8274 8274 8275 8275 8276 8276 8275 8275 8274 8274 8275 8275 8276 8276 8277 8277 8278 8278 8277 8277 8276 8276 8277 8277 8278 8278 8279 8279 8280 8280 8279 8279 8278 8278 8279 8279 8280 8280 8281 8281 8282 8282 8281 8281 8280 8280 8281 8281 8282 8282 8283 8283 8284 8284 8283 8283 8282 8282 8283 8283 8284 8284 8285 8285 8286 8286 8285 8285 8284 8284 8285 8285 8286 8286 8287 8287 8288 8288 8287 8287 8286 8286 8287 8287 8288 8288 8289 8289 8290 8290 8289 8289 8288 8288 8289 8289 8290 8290 8291 8291 8292 8292 8291 8291 8290 8290 8291 8291 8292 8292 8293 8293 8294 8294 8293 8293 8292 8292 8293 8293 8294 8294 8295 8295 8296 8296 8295 8295 8294 8294 8295 8295 8296 8296 8297 8297 8298 8298 8297 8297 8296 8296 8297 8297 8298 8298 8299 8299 8300 8300 8299 8299 8298 8298 8299 8299 8300 8300 8301 8301 8302 8302 8301 8301 8300 8300 8301 8301 8302 8302 8255 8255 8256 8256 8255 8255 8302 8302 8303 8303 8304 8304 8305 8305 8306 8306 8305 8305 8304 8304 8305 8305 8306 8306 8307 8307 8308 8308 8307 8307 8306 8306 8307 8307 8308 8308 8309 8309 8310 8310 8309 8309 8308 8308 8309 8309 8310 8310 8311 8311 8312 8312 8311 8311 8310 8310 8311 8311 8312 8312 8313 8313 8314 8314 8313 8313 8312 8312 8313 8313 8314 8314 8315 8315 8316 8316 8315 8315 8314 8314 8315 8315 8316 8316 8317 8317 8318 8318 8317 8317 8316 8316 8317 8317 8318 8318 8319 8319 8320 8320 8319 8319 8318 8318 8319 8319 8320 8320 8321 8321 8322 8322 8321 8321 8320 8320 8321 8321 8322 8322 8323 8323 8324 8324 8323 8323 8322 8322 8323 8323 8324 8324 8325 8325 8326 8326 8325 8325 8324 8324 8325 8325 8326 8326 8327 8327 8328 8328 8327 8327 8326 8326 8327 8327 8328 8328 8329 8329 8330 8330 8329 8329 8328 8328 8329 8329 8330 8330 8331 8331 8332 8332 8331 8331 8330 8330 8331 8331 8332 8332 8333 8333 8334 8334 8333 8333 8332 8332 8333 8333 8334 8334 8335 8335 8336 8336 8335 8335 8334 8334 8335 8335 8336 8336 8337 8337 8338 8338 8337 8337 8336 8336 8337 8337 8338 8338 8339 8339 8340 8340 8339 8339 8338 8338 8339 8339 8340 8340 8341 8341 8342 8342 8341 8341 8340 8340 8341 8341 8342 8342 8343 8343 8344 8344 8343 8343 8342 8342 8343 8343 8344 8344 8345 8345 8346 8346 8345 8345 8344 8344 8345 8345 8346 8346 8347 8347 8348 8348 8347 8347 8346 8346 8347 8347 8348 8348 8349 8349 8350 8350 8349 8349 8348 8348 8349 8349 8350 8350 8303 8303 8304 8304 8303 8303 8350 8350 8351 8351 8352 8352 8353 8353 8354 8354 8353 8353 8352 8352 8353 8353 8354 8354 8355 8355 8356 8356 8355 8355 8354 8354 8355 8355 8356 8356 8357 8357 8358 8358 8357 8357 8356 8356 8357 8357 8358 8358 8359 8359 8360 8360 8359 8359 8358 8358 8359 8359 8360 8360 8361 8361 8362 8362 8361 8361 8360 8360 8361 8361 8362 8362 8363 8363 8364 8364 8363 8363 8362 8362 8363 8363 8364 8364 8365 8365 8366 8366 8365 8365 8364 8364 8365 8365 8366 8366 8367 8367 8368 8368 8367 8367 8366 8366 8367 8367 8368 8368 8369 8369 8370 8370 8369 8369 8368 8368 8369 8369 8370 8370 8371 8371 8372 8372 8371 8371 8370 8370 8371 8371 8372 8372 8373 8373 8374 8374 8373 8373 8372 8372 8373 8373 8374 8374 8375 8375 8376 8376 8375 8375 8374 8374 8375 8375 8376 8376 8377 8377 8378 8378 8377 8377 8376 8376 8377 8377 8378 8378 8379 8379 8380 8380 8379 8379 8378 8378 8379 8379 8380 8380 8381 8381 8382 8382 8381 8381 8380 8380 8381 8381 8382 8382 8383 8383 8384 8384 8383 8383 8382 8382 8383 8383 8384 8384 8385 8385 8386 8386 8385 8385 8384 8384 8385 8385 8386 8386 8387 8387 8388 8388 8387 8387 8386 8386 8387 8387 8388 8388 8389 8389 8390 8390 8389 8389 8388 8388 8389 8389 8390 8390 8391 8391 8392 8392 8391 8391 8390 8390 8391 8391 8392 8392 8393 8393 8394 8394 8393 8393 8392 8392 8393 8393 8394 8394 8395 8395 8396 8396 8395 8395 8394 8394 8395 8395 8396 8396 8397 8397 8398 8398 8397 8397 8396 8396 8397 8397 8398 8398 8351 8351 8352 8352 8351 8351 8398 8398 8399 8399 8400 8400 8401 8401 8402 8402 8401 8401 8400 8400 8401 8401 8402 8402 8403 8403 8404 8404 8403 8403 8402 8402 8403 8403 8404 8404 8405 8405 8406 8406 8405 8405 8404 8404 8405 8405 8406 8406 8407 8407 8408 8408 8407 8407 8406 8406 8407 8407 8408 8408 8409 8409 8410 8410 8409 8409 8408 8408 8409 8409 8410 8410 8411 8411 8412 8412 8411 8411 8410 8410 8411 8411 8412 8412 8413 8413 8414 8414 8413 8413 8412 8412 8413 8413 8414 8414 8415 8415 8416 8416 8415 8415 8414 8414 8415 8415 8416 8416 8417 8417 8418 8418 8417 8417 8416 8416 8417 8417 8418 8418 8419 8419 8420 8420 8419 8419 8418 8418 8419 8419 8420 8420 8421 8421 8422 8422 8421 8421 8420 8420 8421 8421 8422 8422 8423 8423 8424 8424 8423 8423 8422 8422 8423 8423 8424 8424 8425 8425 8426 8426 8425 8425 8424 8424 8425 8425 8426 8426 8427 8427 8428 8428 8427 8427 8426 8426 8427 8427 8428 8428 8429 8429 8430 8430 8429 8429 8428 8428 8429 8429 8430 8430 8431 8431 8432 8432 8431 8431 8430 8430 8431 8431 8432 8432 8433 8433 8434 8434 8433 8433 8432 8432 8433 8433 8434 8434 8435 8435 8436 8436 8435 8435 8434 8434 8435 8435 8436 8436 8437 8437 8438 8438 8437 8437 8436 8436 8437 8437 8438 8438 8439 8439 8440 8440 8439 8439 8438 8438 8439 8439 8440 8440 8441 8441 8442 8442 8441 8441 8440 8440 8441 8441 8442 8442 8443 8443 8444 8444 8443 8443 8442 8442 8443 8443 8444 8444 8445 8445 8446 8446 8445 8445 8444 8444 8445 8445 8446 8446 8399 8399 8400 8400 8399 8399 8446 8446 7297 7297 7299 7299 8447 8447 7776 7776 7774 7774 8448 8448 7301 7301 7303 7303 8449 8449 7779 7779 7777 7777 8450 8450 7305 7305 7306 7306 8451 8451 7293 7293 7292 7292 8452 8452 8453 8453 8452 8452 5986 5986 8454 8454 8455 8455 5986 5986 8454 8454 5986 5986 8456 8456 7791 7791 8456 8456 5986 5986 7292 7292 7291 7291 8452 8452 5986 5986 8452 8452 7291 7291 8455 8455 8453 8453 5986 5986 7789 7789 7787 7787 8457 8457 7306 7306 7293 7293 8451 8451 8452 8452 8451 8451 7293 7293 8451 8451 8452 8452 8458 8458 8453 8453 8458 8458 8452 8452 8458 8458 8453 8453 8459 8459 8455 8455 8459 8459 8453 8453 8459 8459 8455 8455 8460 8460 8454 8454 8460 8460 8455 8455 8460 8460 8454 8454 8457 8457 8456 8456 8457 8457 8454 8454 8457 8457 8456 8456 7789 7789 7791 7791 7789 7789 8456 8456 7785 7785 7784 7784 8461 8461 7303 7303 7305 7305 8449 8449 8451 8451 8449 8449 7305 7305 8449 8449 8451 8451 8462 8462 8458 8458 8462 8462 8451 8451 8462 8462 8458 8458 8463 8463 8459 8459 8463 8463 8458 8458 8463 8463 8459 8459 8464 8464 8460 8460 8464 8464 8459 8459 8464 8464 8460 8460 8461 8461 8457 8457 8461 8461 8460 8460 8461 8461 8457 8457 7785 7785 7787 7787 7785 7785 8457 8457 7779 7779 8450 8450 7782 7782 7299 7299 7301 7301 8447 8447 8449 8449 8447 8447 7301 7301 8447 8447 8449 8449 8465 8465 8462 8462 8465 8465 8449 8449 8465 8465 8462 8462 8466 8466 8463 8463 8466 8466 8462 8462 8466 8466 8463 8463 8467 8467 8464 8464 8467 8467 8463 8463 8467 8467 8464 8464 8450 8450 8461 8461 8450 8450 8464 8464 8450 8450 8461 8461 7782 7782 7784 7784 7782 7782 8461 8461 7295 7295 7297 7297 8468 8468 8447 8447 8468 8468 7297 7297 8468 8468 8447 8447 8469 8469 8465 8465 8469 8469 8447 8447 8469 8469 8465 8465 8470 8470 8466 8466 8470 8470 8465 8465 8470 8470 8466 8466 8471 8471 8467 8467 8471 8471 8466 8466 8471 8471 8467 8467 8448 8448 8450 8450 8448 8448 8467 8467 8448 8448 8450 8450 7776 7776 7777 7777 7776 7776 8450 8450 6034 6034 7295 7295 8472 8472 8468 8468 8472 8472 7295 7295 8472 8472 8468 8468 8473 8473 8469 8469 8473 8473 8468 8468 8473 8473 8469 8469 8474 8474 8470 8470 8474 8474 8469 8469 8474 8474 8470 8470 8475 8475 8471 8471 8475 8475 8470 8470 8475 8475 8471 8471 8476 8476 8448 8448 8476 8476 8471 8471 8476 8476 8448 8448 5967 5967 7774 7774 5967 5967 8448 8448 8477 8477 5968 5968 7773 7773 8478 8478 8479 8479 8480 8480 8481 8481 8478 8478 8482 8482 7307 7307 6147 6147 8483 8483 8481 8481 8483 8483 6147 6147 8477 8477 7773 7773 8484 8484 7775 7775 8484 8484 7773 7773 8484 8484 7775 7775 8485 8485 7307 7307 8483 8483 7309 7309 8486 8486 7309 7309 8483 8483 7309 7309 8486 8486 7312 7312 7775 7775 7778 7778 8485 8485 7780 7780 8485 8485 7778 7778 8485 8485 7780 7780 8487 8487 7780 7780 7781 7781 8487 8487 7783 7783 8487 8487 7781 7781 8487 8487 7783 7783 8488 8488 8489 8489 8490 8490 7320 7320 7320 7320 7317 7317 8489 8489 7315 7315 8489 8489 7317 7317 8489 8489 7315 7315 8486 8486 7314 7314 8486 8486 7315 7315 8486 8486 7314 7314 7312 7312 7790 7790 8491 8491 7788 7788 8488 8488 7788 7788 8491 8491 7788 7788 8488 8488 7786 7786 7783 7783 7786 7786 8488 8488 5984 5984 8492 8492 8491 8491 8493 8493 8491 8491 8492 8492 8491 8491 8493 8493 8488 8488 8494 8494 8488 8488 8493 8493 8488 8488 8494 8494 8487 8487 8495 8495 8487 8487 8494 8494 8487 8487 8495 8495 8485 8485 8496 8496 8485 8485 8495 8495 8485 8485 8496 8496 8484 8484 8497 8497 8484 8484 8496 8496 8484 8484 8497 8497 8477 8477 5984 5984 8498 8498 8492 8492 8499 8499 8492 8492 8498 8498 8492 8492 8499 8499 8493 8493 8500 8500 8493 8493 8499 8499 8493 8493 8500 8500 8494 8494 8501 8501 8494 8494 8500 8500 8494 8494 8501 8501 8495 8495 8480 8480 8495 8495 8501 8501 8495 8495 8480 8480 8496 8496 8479 8479 8496 8496 8480 8480 8496 8496 8479 8479 8497 8497 7790 7790 7792 7792 8491 8491 5984 5984 8491 8491 7792 7792 5984 5984 7326 7326 8502 8502 7324 7324 8502 8502 7326 7326 8502 8502 7324 7324 8490 8490 7322 7322 8490 8490 7324 7324 8490 8490 7322 7322 7320 7320 8481 8481 8482 8482 8483 8483 8503 8503 8483 8483 8482 8482 8483 8483 8503 8503 8486 8486 8504 8504 8486 8486 8503 8503 8486 8486 8504 8504 8489 8489 8505 8505 8489 8489 8504 8504 8489 8489 8505 8505 8490 8490 8506 8506 8490 8490 8505 8505 8490 8490 8506 8506 8502 8502 5984 5984 8502 8502 8506 8506 8478 8478 8480 8480 8482 8482 8501 8501 8482 8482 8480 8480 8482 8482 8501 8501 8503 8503 8500 8500 8503 8503 8501 8501 8503 8503 8500 8500 8504 8504 8499 8499 8504 8504 8500 8500 8504 8504 8499 8499 8505 8505 8498 8498 8505 8505 8499 8499 8505 8505 8498 8498 8506 8506 5984 5984 8506 8506 8498 8498 7678 7678 7680 7680 8507 8507 7864 7864 7862 7862 8508 8508 7682 7682 7684 7684 8509 8509 7867 7867 7865 7865 8510 8510 7686 7686 7687 7687 8511 8511 7674 7674 7673 7673 8512 8512 8513 8513 8512 8512 5925 5925 8514 8514 8515 8515 5925 5925 8514 8514 5925 5925 8516 8516 7879 7879 8516 8516 5925 5925 7673 7673 7672 7672 8512 8512 5925 5925 8512 8512 7672 7672 8515 8515 8513 8513 5925 5925 7877 7877 7875 7875 8517 8517 7687 7687 7674 7674 8511 8511 8512 8512 8511 8511 7674 7674 8511 8511 8512 8512 8518 8518 8513 8513 8518 8518 8512 8512 8518 8518 8513 8513 8519 8519 8515 8515 8519 8519 8513 8513 8519 8519 8515 8515 8520 8520 8514 8514 8520 8520 8515 8515 8520 8520 8514 8514 8517 8517 8516 8516 8517 8517 8514 8514 8517 8517 8516 8516 7877 7877 7879 7879 7877 7877 8516 8516 7873 7873 7872 7872 8521 8521 7684 7684 7686 7686 8509 8509 8511 8511 8509 8509 7686 7686 8509 8509 8511 8511 8522 8522 8518 8518 8522 8522 8511 8511 8522 8522 8518 8518 8523 8523 8519 8519 8523 8523 8518 8518 8523 8523 8519 8519 8524 8524 8520 8520 8524 8524 8519 8519 8524 8524 8520 8520 8521 8521 8517 8517 8521 8521 8520 8520 8521 8521 8517 8517 7873 7873 7875 7875 7873 7873 8517 8517 7867 7867 8510 8510 7870 7870 7680 7680 7682 7682 8507 8507 8509 8509 8507 8507 7682 7682 8507 8507 8509 8509 8525 8525 8522 8522 8525 8525 8509 8509 8525 8525 8522 8522 8526 8526 8523 8523 8526 8526 8522 8522 8526 8526 8523 8523 8527 8527 8524 8524 8527 8527 8523 8523 8527 8527 8524 8524 8510 8510 8521 8521 8510 8510 8524 8524 8510 8510 8521 8521 7870 7870 7872 7872 7870 7870 8521 8521 7676 7676 7678 7678 8528 8528 8507 8507 8528 8528 7678 7678 8528 8528 8507 8507 8529 8529 8525 8525 8529 8529 8507 8507 8529 8529 8525 8525 8530 8530 8526 8526 8530 8530 8525 8525 8530 8530 8526 8526 8531 8531 8527 8527 8531 8531 8526 8526 8531 8531 8527 8527 8508 8508 8510 8510 8508 8508 8527 8527 8508 8508 8510 8510 7864 7864 7865 7865 7864 7864 8510 8510 6028 6028 7676 7676 8532 8532 8528 8528 8532 8532 7676 7676 8532 8532 8528 8528 8533 8533 8529 8529 8533 8533 8528 8528 8533 8533 8529 8529 8534 8534 8530 8530 8534 8534 8529 8529 8534 8534 8530 8530 8535 8535 8531 8531 8535 8535 8530 8530 8535 8535 8531 8531 8536 8536 8508 8508 8536 8536 8531 8531 8536 8536 8508 8508 5971 5971 7862 7862 5971 5971 8508 8508 7310 7310 7311 7311 8537 8537 7340 7340 7341 7341 8538 8538 7313 7313 7316 7316 8539 8539 7337 7337 7338 7338 8540 8540 7318 7318 7319 7319 8541 8541 7321 7321 7323 7323 8542 8542 8543 8543 8542 8542 5982 5982 8544 8544 8545 8545 5982 5982 8544 8544 5982 5982 8546 8546 7328 7328 8546 8546 5982 5982 7323 7323 7325 7325 8542 8542 5982 5982 8542 8542 7325 7325 8545 8545 8543 8543 5982 5982 7329 7329 7331 7331 8547 8547 7319 7319 7321 7321 8541 8541 8542 8542 8541 8541 7321 7321 8541 8541 8542 8542 8548 8548 8543 8543 8548 8548 8542 8542 8548 8548 8543 8543 8549 8549 8545 8545 8549 8549 8543 8543 8549 8549 8545 8545 8550 8550 8544 8544 8550 8550 8545 8545 8550 8550 8544 8544 8547 8547 8546 8546 8547 8547 8544 8544 8547 8547 8546 8546 7329 7329 7328 7328 7329 7329 8546 8546 7332 7332 7334 7334 8551 8551 7316 7316 7318 7318 8539 8539 8541 8541 8539 8539 7318 7318 8539 8539 8541 8541 8552 8552 8548 8548 8552 8552 8541 8541 8552 8552 8548 8548 8553 8553 8549 8549 8553 8553 8548 8548 8553 8553 8549 8549 8554 8554 8550 8550 8554 8554 8549 8549 8554 8554 8550 8550 8551 8551 8547 8547 8551 8551 8550 8550 8551 8551 8547 8547 7332 7332 7331 7331 7332 7332 8547 8547 7337 7337 8540 8540 7335 7335 7311 7311 7313 7313 8537 8537 8539 8539 8537 8537 7313 7313 8537 8537 8539 8539 8555 8555 8552 8552 8555 8555 8539 8539 8555 8555 8552 8552 8556 8556 8553 8553 8556 8556 8552 8552 8556 8556 8553 8553 8557 8557 8554 8554 8557 8557 8553 8553 8557 8557 8554 8554 8540 8540 8551 8551 8540 8540 8554 8554 8540 8540 8551 8551 7335 7335 7334 7334 7335 7335 8551 8551 7308 7308 7310 7310 8558 8558 8537 8537 8558 8558 7310 7310 8558 8558 8537 8537 8559 8559 8555 8555 8559 8559 8537 8537 8559 8559 8555 8555 8560 8560 8556 8556 8560 8560 8555 8555 8560 8560 8556 8556 8561 8561 8557 8557 8561 8561 8556 8556 8561 8561 8557 8557 8538 8538 8540 8540 8538 8538 8557 8557 8538 8538 8540 8540 7340 7340 7338 7338 7340 7340 8540 8540 6148 6148 7308 7308 8562 8562 8558 8558 8562 8562 7308 7308 8562 8562 8558 8558 8563 8563 8559 8559 8563 8563 8558 8558 8563 8563 8559 8559 8564 8564 8560 8560 8564 8564 8559 8559 8564 8564 8560 8560 8565 8565 8561 8561 8565 8565 8560 8560 8565 8565 8561 8561 8566 8566 8538 8538 8566 8566 8561 8561 8566 8566 8538 8538 5974 5974 7341 7341 5974 5974 8538 8538 8567 8567 5972 5972 7861 7861 8568 8568 8569 8569 8570 8570 8571 8571 8568 8568 8572 8572 7707 7707 6170 6170 8573 8573 8571 8571 8573 8573 6170 6170 8567 8567 7861 7861 8574 8574 7863 7863 8574 8574 7861 7861 8574 8574 7863 7863 8575 8575 7707 7707 8573 8573 7704 7704 8576 8576 7704 7704 8573 8573 7704 7704 8576 8576 7702 7702 7863 7863 7866 7866 8575 8575 7868 7868 8575 8575 7866 7866 8575 8575 7868 7868 8577 8577 7868 7868 7869 7869 8577 8577 7871 7871 8577 8577 7869 7869 8577 8577 7871 7871 8578 8578 8579 8579 8580 8580 7694 7694 7694 7694 7696 7696 8579 8579 7699 7699 8579 8579 7696 7696 8579 8579 7699 7699 8576 8576 7701 7701 8576 8576 7699 7699 8576 8576 7701 7701 7702 7702 7878 7878 8581 8581 7876 7876 8578 8578 7876 7876 8581 8581 7876 7876 8578 8578 7874 7874 7871 7871 7874 7874 8578 8578 5924 5924 8582 8582 8581 8581 8583 8583 8581 8581 8582 8582 8581 8581 8583 8583 8578 8578 8584 8584 8578 8578 8583 8583 8578 8578 8584 8584 8577 8577 8585 8585 8577 8577 8584 8584 8577 8577 8585 8585 8575 8575 8586 8586 8575 8575 8585 8585 8575 8575 8586 8586 8574 8574 8587 8587 8574 8574 8586 8586 8574 8574 8587 8587 8567 8567 5924 5924 8588 8588 8582 8582 8589 8589 8582 8582 8588 8588 8582 8582 8589 8589 8583 8583 8590 8590 8583 8583 8589 8589 8583 8583 8590 8590 8584 8584 8591 8591 8584 8584 8590 8590 8584 8584 8591 8591 8585 8585 8570 8570 8585 8585 8591 8591 8585 8585 8570 8570 8586 8586 8569 8569 8586 8586 8570 8570 8586 8586 8569 8569 8587 8587 7878 7878 7880 7880 8581 8581 5924 5924 8581 8581 7880 7880 5924 5924 7692 7692 8592 8592 7690 7690 8592 8592 7692 7692 8592 8592 7690 7690 8580 8580 7689 7689 8580 8580 7690 7690 8580 8580 7689 7689 7694 7694 8571 8571 8572 8572 8573 8573 8593 8593 8573 8573 8572 8572 8573 8573 8593 8593 8576 8576 8594 8594 8576 8576 8593 8593 8576 8576 8594 8594 8579 8579 8595 8595 8579 8579 8594 8594 8579 8579 8595 8595 8580 8580 8596 8596 8580 8580 8595 8595 8580 8580 8596 8596 8592 8592 5924 5924 8592 8592 8596 8596 8568 8568 8570 8570 8572 8572 8591 8591 8572 8572 8570 8570 8572 8572 8591 8591 8593 8593 8590 8590 8593 8593 8591 8591 8593 8593 8590 8590 8594 8594 8589 8589 8594 8594 8590 8590 8594 8594 8589 8589 8595 8595 8588 8588 8595 8595 8589 8589 8595 8595 8588 8588 8596 8596 5924 5924 8596 8596 8588 8588 5971 5971 5973 5973 8597 8597 5971 5971 8597 8597 8536 8536 8598 8598 8536 8536 8597 8597 8536 8536 8598 8598 8535 8535 8599 8599 8535 8535 8598 8598 8535 8535 8599 8599 8534 8534 8600 8600 8534 8534 8599 8599 8534 8534 8600 8600 8533 8533 8601 8601 8533 8533 8600 8600 8533 8533 8601 8601 8532 8532 6029 6029 8532 8532 8601 8601 8532 8532 6029 6029 6028 6028 6030 6030 6047 6047 8602 8602 8603 8603 8602 8602 6047 6047 8602 8602 8603 8603 8604 8604 8605 8605 8604 8604 8603 8603 8604 8604 8605 8605 8606 8606 8607 8607 8606 8606 8605 8605 8606 8606 8607 8607 8608 8608 8609 8609 8608 8608 8607 8607 8608 8608 8609 8609 8610 8610 8611 8611 8610 8610 8609 8609 8610 8610 8611 8611 5981 5981 7327 7327 5981 5981 8611 8611 6047 6047 6042 6042 8603 8603 8612 8612 8603 8603 6042 6042 8603 8603 8612 8612 8605 8605 8613 8613 8605 8605 8612 8612 8605 8605 8613 8613 8607 8607 8614 8614 8607 8607 8613 8613 8607 8607 8614 8614 8609 8609 8615 8615 8609 8609 8614 8614 8609 8609 8615 8615 8611 8611 8616 8616 8611 8611 8615 8615 8611 8611 8616 8616 7327 7327 7330 7330 7327 7327 8616 8616 6042 6042 6041 6041 8612 8612 8617 8617 8612 8612 6041 6041 8612 8612 8617 8617 8613 8613 8618 8618 8613 8613 8617 8617 8613 8613 8618 8618 8614 8614 8619 8619 8614 8614 8618 8618 8614 8614 8619 8619 8615 8615 8620 8620 8615 8615 8619 8619 8615 8615 8620 8620 8616 8616 8621 8621 8616 8616 8620 8620 8616 8616 8621 8621 7330 7330 7333 7333 7330 7330 8621 8621 6041 6041 6040 6040 8617 8617 8622 8622 8617 8617 6040 6040 8617 8617 8622 8622 8618 8618 8623 8623 8618 8618 8622 8622 8618 8618 8623 8623 8619 8619 8624 8624 8619 8619 8623 8623 8619 8619 8624 8624 8620 8620 8625 8625 8620 8620 8624 8624 8620 8620 8625 8625 8621 8621 8626 8626 8621 8621 8625 8625 8621 8621 8626 8626 7333 7333 7336 7336 7333 7333 8626 8626 6040 6040 6048 6048 8622 8622 8627 8627 8622 8622 6048 6048 8622 8622 8627 8627 8623 8623 8628 8628 8623 8623 8627 8627 8623 8623 8628 8628 8624 8624 8629 8629 8624 8624 8628 8628 8624 8624 8629 8629 8625 8625 8630 8630 8625 8625 8629 8629 8625 8625 8630 8630 8626 8626 8631 8631 8626 8626 8630 8630 8626 8626 8631 8631 7336 7336 7339 7339 7336 7336 8631 8631 6048 6048 6029 6029 8627 8627 8601 8601 8627 8627 6029 6029 8627 8627 8601 8601 8628 8628 8600 8600 8628 8628 8601 8601 8628 8628 8600 8600 8629 8629 8599 8599 8629 8629 8600 8600 8629 8629 8599 8599 8630 8630 8598 8598 8630 8630 8599 8599 8630 8630 8598 8598 8631 8631 8597 8597 8631 8631 8598 8598 8631 8631 8597 8597 7339 7339 5973 5973 7339 7339 8597 8597 6031 6031 6030 6030 8632 8632 8602 8602 8632 8632 6030 6030 8632 8632 8602 8602 8633 8633 8634 8634 8635 8635 8604 8604 8636 8636 8604 8604 8635 8635 8604 8604 8636 8636 8602 8602 8637 8637 8602 8602 8636 8636 8602 8602 8637 8637 8633 8633 8634 8634 8604 8604 8638 8638 8606 8606 8638 8638 8604 8604 8638 8638 8606 8606 8639 8639 8640 8640 8641 8641 8606 8606 8642 8642 8606 8606 8641 8641 8606 8606 8642 8642 8639 8639 8640 8640 8606 8606 8643 8643 8608 8608 8643 8643 8606 8606 8643 8643 8608 8608 8644 8644 8610 8610 8644 8644 8608 8608 8644 8644 8610 8610 8645 8645 5983 5983 8646 8646 5981 5981 8647 8647 5981 5981 8646 8646 5981 5981 8647 8647 8610 8610 8648 8648 8610 8610 8647 8647 8610 8610 8648 8648 8645 8645 5967 5967 5969 5969 8649 8649 5967 5967 8649 8649 8476 8476 8650 8650 8476 8476 8649 8649 8476 8476 8650 8650 8475 8475 8651 8651 8475 8475 8650 8650 8475 8475 8651 8651 8474 8474 8652 8652 8474 8474 8651 8651 8474 8474 8652 8652 8473 8473 8653 8653 8473 8473 8652 8652 8473 8473 8653 8653 8472 8472 6036 6036 8472 8472 8653 8653 8472 8472 6036 6036 6034 6034 7725 7725 7723 7723 8654 8654 7883 7883 7881 7881 8655 8655 7721 7721 7719 7719 8656 8656 7887 7887 7885 7885 8657 8657 7708 7708 7711 7711 8658 8658 7713 7713 7715 7715 8659 8659 8660 8660 8659 8659 5921 5921 8661 8661 8662 8662 5921 5921 8661 8661 5921 5921 8663 8663 7898 7898 8663 8663 5921 5921 7715 7715 7717 7717 8659 8659 5921 5921 8659 8659 7717 7717 8662 8662 8660 8660 5921 5921 7896 7896 7895 7895 8664 8664 7711 7711 7713 7713 8658 8658 8659 8659 8658 8658 7713 7713 8658 8658 8659 8659 8665 8665 8660 8660 8665 8665 8659 8659 8665 8665 8660 8660 8666 8666 8662 8662 8666 8666 8660 8660 8666 8666 8662 8662 8667 8667 8661 8661 8667 8667 8662 8662 8667 8667 8661 8661 8664 8664 8663 8663 8664 8664 8661 8661 8664 8664 8663 8663 7896 7896 7898 7898 7896 7896 8663 8663 7893 7893 7891 7891 8668 8668 7719 7719 7708 7708 8656 8656 8658 8658 8656 8656 7708 7708 8656 8656 8658 8658 8669 8669 8665 8665 8669 8669 8658 8658 8669 8669 8665 8665 8670 8670 8666 8666 8670 8670 8665 8665 8670 8670 8666 8666 8671 8671 8667 8667 8671 8671 8666 8666 8671 8671 8667 8667 8668 8668 8664 8664 8668 8668 8667 8667 8668 8668 8664 8664 7893 7893 7895 7895 7893 7893 8664 8664 7887 7887 8657 8657 7889 7889 7723 7723 7721 7721 8654 8654 8656 8656 8654 8654 7721 7721 8654 8654 8656 8656 8672 8672 8669 8669 8672 8672 8656 8656 8672 8672 8669 8669 8673 8673 8670 8670 8673 8673 8669 8669 8673 8673 8670 8670 8674 8674 8671 8671 8674 8674 8670 8670 8674 8674 8671 8671 8657 8657 8668 8668 8657 8657 8671 8671 8657 8657 8668 8668 7889 7889 7891 7891 7889 7889 8668 8668 7726 7726 7725 7725 8675 8675 8654 8654 8675 8675 7725 7725 8675 8675 8654 8654 8676 8676 8672 8672 8676 8676 8654 8654 8676 8676 8672 8672 8677 8677 8673 8673 8677 8677 8672 8672 8677 8677 8673 8673 8678 8678 8674 8674 8678 8678 8673 8673 8678 8678 8674 8674 8655 8655 8657 8657 8655 8655 8674 8674 8655 8655 8657 8657 7883 7883 7885 7885 7883 7883 8657 8657 5969 5969 7726 7726 8649 8649 8675 8675 8649 8649 7726 7726 8649 8649 8675 8675 8650 8650 8676 8676 8650 8650 8675 8675 8650 8650 8676 8676 8651 8651 8677 8677 8651 8651 8676 8676 8651 8651 8677 8677 8652 8652 8678 8678 8652 8652 8677 8677 8652 8652 8678 8678 8653 8653 8655 8655 8653 8653 8678 8678 8653 8653 8655 8655 6036 6036 7881 7881 6036 6036 8655 8655 5970 5970 5968 5968 8477 8477 5970 5970 8477 8477 8679 8679 8497 8497 8679 8679 8477 8477 8679 8679 8497 8497 8680 8680 8479 8479 8680 8680 8497 8497 8680 8680 8479 8479 8681 8681 8478 8478 8681 8681 8479 8479 8681 8681 8478 8478 8682 8682 8481 8481 8682 8682 8478 8478 8682 8682 8481 8481 8683 8683 6147 6147 8683 8683 8481 8481 8683 8683 6147 6147 6167 6167 7705 7705 7703 7703 8684 8684 7724 7724 7727 7727 8685 8685 7700 7700 7698 7698 8686 8686 7720 7720 7722 7722 8687 8687 7697 7697 7695 7695 8688 8688 7688 7688 7691 7691 8689 8689 8690 8690 8689 8689 5922 5922 8691 8691 8692 8692 5922 5922 8691 8691 5922 5922 8693 8693 7716 7716 8693 8693 5922 5922 7691 7691 7693 7693 8689 8689 5922 5922 8689 8689 7693 7693 8692 8692 8690 8690 5922 5922 7714 7714 7712 7712 8694 8694 7695 7695 7688 7688 8688 8688 8689 8689 8688 8688 7688 7688 8688 8688 8689 8689 8695 8695 8690 8690 8695 8695 8689 8689 8695 8695 8690 8690 8696 8696 8692 8692 8696 8696 8690 8690 8696 8696 8692 8692 8697 8697 8691 8691 8697 8697 8692 8692 8697 8697 8691 8691 8694 8694 8693 8693 8694 8694 8691 8691 8694 8694 8693 8693 7714 7714 7716 7716 7714 7714 8693 8693 7710 7710 7709 7709 8698 8698 7698 7698 7697 7697 8686 8686 8688 8688 8686 8686 7697 7697 8686 8686 8688 8688 8699 8699 8695 8695 8699 8699 8688 8688 8699 8699 8695 8695 8700 8700 8696 8696 8700 8700 8695 8695 8700 8700 8696 8696 8701 8701 8697 8697 8701 8701 8696 8696 8701 8701 8697 8697 8698 8698 8694 8694 8698 8698 8697 8697 8698 8698 8694 8694 7710 7710 7712 7712 7710 7710 8694 8694 7720 7720 8687 8687 7718 7718 7703 7703 7700 7700 8684 8684 8686 8686 8684 8684 7700 7700 8684 8684 8686 8686 8702 8702 8699 8699 8702 8702 8686 8686 8702 8702 8699 8699 8703 8703 8700 8700 8703 8703 8699 8699 8703 8703 8700 8700 8704 8704 8701 8701 8704 8704 8700 8700 8704 8704 8701 8701 8687 8687 8698 8698 8687 8687 8701 8701 8687 8687 8698 8698 7718 7718 7709 7709 7718 7718 8698 8698 7706 7706 7705 7705 8705 8705 8684 8684 8705 8705 7705 7705 8705 8705 8684 8684 8706 8706 8702 8702 8706 8706 8684 8684 8706 8706 8702 8702 8707 8707 8703 8703 8707 8707 8702 8702 8707 8707 8703 8703 8708 8708 8704 8704 8708 8708 8703 8703 8708 8708 8704 8704 8685 8685 8687 8687 8685 8685 8704 8704 8685 8685 8687 8687 7724 7724 7722 7722 7724 7724 8687 8687 6167 6167 7706 7706 8683 8683 8705 8705 8683 8683 7706 7706 8683 8683 8705 8705 8682 8682 8706 8706 8682 8682 8705 8705 8682 8682 8706 8706 8681 8681 8707 8707 8681 8681 8706 8706 8681 8681 8707 8707 8680 8680 8708 8708 8680 8680 8707 8707 8680 8680 8708 8708 8679 8679 8685 8685 8679 8679 8708 8708 8679 8679 8685 8685 5970 5970 7727 7727 5970 5970 8685 8685 5974 5974 5972 5972 8567 8567 5974 5974 8567 8567 8566 8566 8587 8587 8566 8566 8567 8567 8566 8566 8587 8587 8565 8565 8569 8569 8565 8565 8587 8587 8565 8565 8569 8569 8564 8564 8568 8568 8564 8564 8569 8569 8564 8564 8568 8568 8563 8563 8571 8571 8563 8563 8568 8568 8563 8563 8571 8571 8562 8562 6170 6170 8562 8562 8571 8571 8562 8562 6170 6170 6148 6148 6035 6035 6027 6027 8709 8709 8710 8710 8709 8709 6027 6027 8709 8709 8710 8710 8711 8711 8712 8712 8711 8711 8710 8710 8711 8711 8712 8712 8713 8713 8714 8714 8713 8713 8712 8712 8713 8713 8714 8714 8715 8715 8716 8716 8715 8715 8714 8714 8715 8715 8716 8716 8717 8717 8718 8718 8717 8717 8716 8716 8717 8717 8718 8718 6857 6857 6853 6853 6857 6857 8718 8718 6045 6045 6056 6056 8719 8719 8720 8720 8719 8719 6056 6056 8719 8719 8720 8720 8721 8721 8722 8722 8721 8721 8720 8720 8721 8721 8722 8722 8723 8723 8724 8724 8723 8723 8722 8722 8723 8723 8724 8724 8725 8725 8726 8726 8725 8725 8724 8724 8725 8725 8726 8726 8727 8727 8728 8728 8727 8727 8726 8726 8727 8727 8728 8728 6928 6928 6954 6954 6928 6928 8728 8728</p>
        </triangles>
      </mesh>
    </geometry>
  </library_geometries>
  <library_materials>
    <material id="544353da326c4dc5a927f43f6003bc67" name="defaultmaterial">
      <instance_effect url="#4aea419b2be047928ad96134525e0e93"/>
    </material>
  </library_materials>
  <library_visual_scenes>
    <visual_scene id="scene">
      <node id="node0" name="node0">
        <instance_geometry url="#1032d9bc768d4a16bd38f787fa258568">
          <bind_material>
            <technique_common>
              <instance_material symbol="material0" target="#544353da326c4dc5a927f43f6003bc67"/>
            </technique_common>
          </bind_material>
        </instance_geometry>
      </node>
    </visual_scene>
  </library_visual_scenes>
  <scene>
    <instance_visual_scene url="#scene"/>
  </scene>
</COLLADA>
