<COLLADA xmlns="http://www.collada.org/2005/11/COLLADASchema" version="1.4.1">
  <asset>
    <created>2026-07-22T20:42:49.308046</created>
    <modified>2026-07-22T20:42:49.308046</modified>
    <up_axis>Y_UP</up_axis>
  </asset>
  <library_effects>
    <effect id="e8525d499e0a4f0aa2ac44f39422cb88" name="e8525d499e0a4f0aa2ac44f39422cb88">
      <profile_COMMON>
        <technique sid="common">
          <phong>
            <emission>
              <color>0.0 0.0 0.0 1.0</color>
            </emission>
            <ambient>
              <color>0.0 0.0 0.0 1.0</color>
            </ambient>
            <diffuse>
              <color>0.29411764705882354 0.29411764705882354 0.29411764705882354 1.0</color>
            </diffuse>
            <specular>
              <color>0.0 0.0 0.0 1.0</color>
            </specular>
            <shininess>
              <float>0.0</float>
            </shininess>
            <reflective>
              <color>0.0 0.0 0.0 1.0</color>
            </reflective>
            <reflectivity>
              <float>0.0</float>
            </reflectivity>
            <transparent>
              <color>0.0 0.0 0.0 1.0</color>
            </transparent>
            <transparency>
              <float>1.0</float>
            </transparency>
          </phong>
        </technique>
        <extra>
          <technique profile="GOOGLEEARTH">
            <double_sided>0</double_sided>
          </technique>
        </extra>
      </profile_COMMON>
    </effect>
  </library_effects>
  <library_geometries>
    <geometry id="38e383c0034c43b895f4c1ddcc14a790" name="2681b542f8f94838a29f2595ad121b57">
      <mesh>
        <source id="verts-array">
          <float_array count="5985" id="verts-array-array">0.003294935 4.43393e-11 0.001732216 0.003294935 4.43393e-11 0.002032216 0.003277895 0.00012941 0.001732216 0.003277895 0.00012941 0.002032216 0.003227945 0.00025 0.001732216 0.003227945 0.00025 0.002032216 0.003148485 0.000353553 0.001732216 0.003148485 0.000353553 0.002032216 0.003044935 0.000433013 0.001732216 0.003044935 0.000433013 0.002032216 0.002924345 0.000482963 0.001732216 0.002924345 0.000482963 0.002032216 0.002794935 0.0005 0.001732216 0.002794935 0.0005 0.002032216 0.002665525 0.000482963 0.001732216 0.002665525 0.000482963 0.002032216 0.002544935 0.000433013 0.001732216 0.002544935 0.000433013 0.002032216 0.002441385 0.000353553 0.001732216 0.002441385 0.000353553 0.002032216 0.002361925 0.00025 0.001732216 0.002361925 0.00025 0.002032216 0.002311975 0.00012941 0.001732216 0.002311975 0.00012941 0.002032216 0.002294935 4.43393e-11 0.001732216 0.002294935 4.43393e-11 0.002032216 0.002311975 -0.00012941 0.001732216 0.002311975 -0.00012941 0.002032216 0.002361925 -0.00025 0.001732216 0.002361925 -0.00025 0.002032216 0.002441385 -0.000353553 0.001732216 0.002441385 -0.000353553 0.002032216 0.002544935 -0.000433013 0.001732216 0.002544935 -0.000433013 0.002032216 0.002665525 -0.000482963 0.001732216 0.002665525 -0.000482963 0.002032216 0.002794935 -0.0005 0.001732216 0.002794935 -0.0005 0.002032216 0.002924345 -0.000482963 0.001732216 0.002924345 -0.000482963 0.002032216 0.003044935 -0.000433013 0.001732216 0.003044935 -0.000433013 0.002032216 0.003148485 -0.000353553 0.001732216 0.003148485 -0.000353553 0.002032216 0.003227945 -0.00025 0.001732216 0.003227945 -0.00025 0.002032216 0.003277895 -0.00012941 0.001732216 0.003277895 -0.00012941 0.002032216 0.001544935 4.43393e-11 0.002032216 0.002441385 -0.000353553 0.002032216 0.002361925 -0.00025 0.002032216 0.0007699346 0.00134234 0.002032216 0.002361925 0.00025 0.002032216 0.002441385 0.000353553 0.002032216 0.002665525 0.000482963 0.002032216 0.002794935 0.0005 0.002032216 0.002704065 0.0029429 0.002032216 0.003778205 0.0012988 0.002032216 0.003512825 0.00190379 0.002032216 0.002924345 0.000482963 0.002032216 0.003940385 0.000658378 0.002032216 0.003277895 0.00012941 0.002032216 0.003994935 4.43393e-11 0.002032216 0.003294935 4.43393e-11 0.002032216 0.003940385 -0.000658378 0.002032216 0.001090955 0.00109602 0.002032216 0.001337275 0.000775 0.002032216 0.001492115 0.00040117 0.002032216 0.003148485 -0.000353553 0.002032216 0.003778205 -0.0012988 0.002032216 0.003227945 -0.00025 0.002032216 0.003277895 -0.00012941 0.002032216 0.003151495 0.00245685 0.002032216 -0.0007800654 -0.00134234 0.002032216 -0.001101085 -0.00109602 0.002032216 -0.002714195 -0.0029429 0.002032216 0.002544935 0.000433013 0.002032216 0.0003252516 0.00398634 0.002032216 0.002311975 -0.00012941 0.002032216 0.002294935 4.43393e-11 0.002032216 0.002311975 0.00012941 0.002032216 0.003044935 -0.000433013 0.002032216 0.002924345 -0.000482963 0.002032216 0.002794935 -0.0005 0.002032216 0.002544935 -0.000433013 0.002032216 0.001492115 -0.00040117 0.002032216 0.002665525 -0.000482963 0.002032216 0.0003961046 0.00149718 0.002032216 -0.0009870074 0.0038776 0.002032216 -0.0003353824 0.00398634 0.002032216 0.002182725 0.00334867 0.002032216 0.001601715 0.00366309 0.002032216 0.0009768766 0.0038776 0.002032216 0.003044935 0.000433013 0.002032216 0.003148485 0.000353553 0.002032216 0.003227945 0.00025 0.002032216 0.003512825 -0.00190379 0.002032216 0.001337275 -0.000775 0.002032216 0.003151495 -0.00245685 0.002032216 0.001090955 -0.00109602 0.002032216 0.0003961046 -0.00149718 0.002032216 0.001601715 -0.00366309 0.002032216 0.0007699346 -0.00134234 0.002032216 0.002182725 -0.00334867 0.002032216 0.002704065 -0.0029429 0.002032216 -0.003161625 -0.00245685 0.002032216 -0.001347405 -0.000775 0.002032216 -0.003522955 -0.00190379 0.002032216 -5.065424e-06 -0.00155 0.002032216 0.0003252516 -0.00398634 0.002032216 0.0009768766 -0.0038776 0.002032216 -0.002192855 -0.00334867 0.002032216 -0.001611845 -0.00366309 0.002032216 -0.0004062354 -0.00149718 0.002032216 -0.0009870074 -0.0038776 0.002032216 -0.0003353824 -0.00398634 0.002032216 -0.003788335 -0.0012988 0.002032216 -0.001502245 -0.00040117 0.002032216 -0.003950515 -0.000658378 0.002032216 -0.001555065 4.43393e-11 0.002032216 -0.004005065 4.43393e-11 0.002032216 -0.003950515 0.000658378 0.002032216 -0.001502245 0.00040117 0.002032216 -0.003788335 0.0012988 0.002032216 -0.003522955 0.00190379 0.002032216 -0.001347405 0.000775 0.002032216 -0.003161625 0.00245685 0.002032216 -0.001101085 0.00109602 0.002032216 -0.002714195 0.0029429 0.002032216 -0.002192855 0.00334867 0.002032216 -0.0007800654 0.00134234 0.002032216 -0.001611845 0.00366309 0.002032216 -0.0004062354 0.00149718 0.002032216 -5.065424e-06 0.00155 0.002032216 -0.003161625 -0.00245685 0.002032216 -0.002714195 -0.0029429 0.001032216 -0.002714195 -0.0029429 0.002032216 -0.002192855 -0.00334867 0.001032216 -0.002192855 -0.00334867 0.002032216 -0.002126385 -0.00338464 0.001032216 -0.001611845 -0.00366309 0.002032216 -0.001611845 -0.00366309 0.001032216 -0.0009870074 -0.0038776 0.001032216 -0.0009870074 -0.0038776 0.002032216 -0.0003353824 -0.00398634 0.001032216 -0.0003353824 -0.00398634 0.002032216 0.0003252516 -0.00398634 0.001032216 0.0003252516 -0.00398634 0.002032216 0.0009768766 -0.0038776 0.001032216 0.0009768766 -0.0038776 0.002032216 0.001601715 -0.00366309 0.001032216 0.001601715 -0.00366309 0.002032216 0.002116255 -0.00338464 0.001032216 0.002182725 -0.00334867 0.002032216 0.002182725 -0.00334867 0.001032216 0.002704065 -0.0029429 0.001032216 0.002704065 -0.0029429 0.002032216 0.003151495 -0.00245685 0.001032216 0.003151495 -0.00245685 0.002032216 0.003370705 -0.00212132 0.001032216 0.003512825 -0.00190379 0.002032216 0.003512825 -0.00190379 0.001032216 0.003778205 -0.0012988 0.001032216 0.003778205 -0.0012988 0.002032216 0.003940385 -0.000658378 0.001032216 0.003940385 -0.000658378 0.002032216 0.003994935 4.43393e-11 0.001032216 0.003994935 4.43393e-11 0.002032216 0.003940385 0.000658378 0.001032216 0.003940385 0.000658378 0.002032216 0.003778205 0.0012988 0.001032216 0.003778205 0.0012988 0.002032216 0.003512825 0.00190379 0.001032216 0.003512825 0.00190379 0.002032216 0.003370705 0.00212132 0.001032216 0.003151495 0.00245685 0.002032216 0.003151495 0.00245685 0.001032216 0.002704065 0.0029429 0.001032216 0.002704065 0.0029429 0.002032216 0.002182725 0.00334867 0.001032216 0.002182725 0.00334867 0.002032216 0.002116255 0.00338464 0.001032216 0.001601715 0.00366309 0.002032216 0.001601715 0.00366309 0.001032216 0.0009768766 0.0038776 0.001032216 0.0009768766 0.0038776 0.002032216 0.0003252516 0.00398634 0.001032216 0.0003252516 0.00398634 0.002032216 -0.0003353824 0.00398634 0.001032216 -0.0003353824 0.00398634 0.002032216 -0.0009870074 0.0038776 0.001032216 -0.0009870074 0.0038776 0.002032216 -0.001611845 0.00366309 0.001032216 -0.001611845 0.00366309 0.002032216 -0.002126385 0.00338464 0.001032216 -0.002192855 0.00334867 0.002032216 -0.002192855 0.00334867 0.001032216 -0.002714195 0.0029429 0.001032216 -0.002714195 0.0029429 0.002032216 -0.003161625 0.00245685 0.001032216 -0.003161625 0.00245685 0.002032216 -0.003380835 0.00212132 0.001032216 -0.003522955 0.00190379 0.002032216 -0.003522955 0.00190379 0.001032216 -0.003788335 0.0012988 0.001032216 -0.003788335 0.0012988 0.002032216 -0.003950515 0.000658378 0.001032216 -0.003950515 0.000658378 0.002032216 -0.004005065 4.43393e-11 0.001032216 -0.004005065 4.43393e-11 0.002032216 -0.003950515 -0.000658378 0.001032216 -0.003950515 -0.000658378 0.002032216 -0.003788335 -0.0012988 0.001032216 -0.003788335 -0.0012988 0.002032216 -0.003522955 -0.00190379 0.001032216 -0.003522955 -0.00190379 0.002032216 -0.003380835 -0.00212132 0.001032216 -0.003161625 -0.00245685 0.001032216 0.0007918236 -0.00578647 0.001032216 0.0008199346 -0.006 0.001032216 0.002116255 -0.00512132 0.001032216 0.004650075 -0.00495711 0.001032216 0.004528755 -0.00500736 0.001032216 0.004528755 -0.00512132 0.001032216 -0.005290595 -0.0004125 0.001032216 -0.005421705 -0.000583363 0.001032216 -0.005126385 -0.00212132 0.001032216 -0.006005065 0.000825 0.001032216 -0.005791535 0.000796889 0.001032216 -0.005126385 0.00212132 0.001032216 -0.006218595 0.000796889 0.001032216 -0.005592565 0.000714471 0.001032216 -0.005421705 0.000583363 0.001032216 -0.005290595 0.0004125 0.001032216 -0.005208175 0.000213526 0.001032216 -0.005180065 4.433923e-11 0.001032216 -0.005208175 -0.000213526 0.001032216 -0.006005065 -0.000825 0.001032216 -0.006218595 -0.000796889 0.001032216 -0.007707275 -0.00212132 0.001032216 -0.006417565 -0.000714471 0.001032216 -0.007781245 -0.00187909 0.001032216 -0.006588425 -0.000583363 0.001032216 -0.007948915 -0.000946185 0.001032216 -0.005592565 -0.000714471 0.001032216 -0.005791535 -0.000796889 0.001032216 -0.006719535 -0.0004125 0.001032216 -0.006801955 -0.000213526 0.001032216 -0.008005065 4.43393e-11 0.001032216 -0.006830065 4.433923e-11 0.001032216 -0.007948915 0.000946185 0.001032216 -0.006417565 0.000714471 0.001032216 -0.007707275 0.00212132 0.001032216 -0.006588425 0.000583363 0.001032216 -0.007781245 0.00187909 0.001032216 -0.006719535 0.0004125 0.001032216 -0.006801955 0.000213526 0.001032216 -0.007504425 0.00278561 0.001032216 -0.007122325 0.00365303 0.001032216 -0.005404925 0.00590267 0.001032216 -0.006065155 0.00522258 0.001032216 -0.005126385 0.00453382 0.001032216 -0.006590955 0.00453382 0.001032216 -0.006640315 0.00446917 0.001032216 -0.005126385 0.00612868 0.001032216 -0.005012425 0.00453382 0.001032216 -0.004962175 0.00465514 0.001032216 -0.004831065 0.004826 0.001032216 -0.004660205 0.00495711 0.001032216 -0.004668905 0.0064999 0.001032216 -0.004538885 0.00500736 0.001032216 -0.004538885 0.00658197 0.001032216 -0.003664345 0.004826 0.001032216 -0.003533235 0.00465514 0.001032216 -0.002126385 0.00453382 0.001032216 -0.004034185 0.00503953 0.001032216 -0.003835205 0.00495711 0.001032216 -0.002126385 0.00771282 0.001032216 -0.004461235 0.00503953 0.001032216 -0.004247705 0.00506764 0.001032216 -0.003867405 0.00700588 0.001032216 -0.003011685 0.00741352 0.001032216 0.0007918236 0.00621353 0.001032216 0.0008199346 0.006 0.001032216 0.002116255 0.00453382 0.001032216 0.0007918236 0.00578647 0.001032216 0.0007053016 0.0079684 0.001032216 -0.0002421324 0.00799649 0.001032216 -5.065424e-06 0.006825 0.001032216 0.0002084606 0.00679689 0.001032216 0.0004074346 0.00671447 0.001032216 0.001642765 0.00782845 0.001032216 0.0005782976 0.00658336 0.001032216 0.002116255 0.00769907 0.001032216 0.0007094056 0.0064125 0.001032216 0.0007094056 0.0055875 0.001032216 0.0005782976 0.00541664 0.001032216 0.0004074346 0.00528553 0.001032216 -0.0004175654 0.00528553 0.001032216 -0.0005884284 0.00541664 0.001032216 -0.0007195364 0.0055875 0.001032216 -0.0008019544 0.00578647 0.001032216 -0.0008300654 0.006 0.001032216 -0.0008019544 0.00621353 0.001032216 -0.0007195364 0.0064125 0.001032216 -0.002113765 0.00771708 0.001032216 -0.0005884284 0.00658336 0.001032216 -0.001186235 0.00791232 0.001032216 -0.0004175654 0.00671447 0.001032216 -0.0002185914 0.00679689 0.001032216 0.0002084606 0.00520311 0.001032216 -5.065424e-06 0.005175 0.001032216 -0.0002185914 0.00520311 0.001032216 0.003654215 0.004826 0.001032216 0.003825075 0.00495711 0.001032216 0.004528755 0.00657589 0.001032216 0.004265525 0.00676477 0.001032216 0.004237575 0.00506764 0.001032216 0.003523105 0.00465514 0.001032216 0.004024055 0.00503953 0.001032216 0.003435455 0.00722238 0.001032216 0.002557095 0.00757861 0.001032216 0.004451105 0.00503953 0.001032216 0.004528755 0.00500736 0.001032216 0.005035635 0.00621219 0.001032216 0.004650075 0.00495711 0.001032216 0.005734995 0.00557241 0.001032216 0.004650075 0.00352817 0.001032216 0.004528755 0.00212132 0.001032216 0.004820935 0.00365928 0.001032216 0.007698125 0.00212132 0.001032216 0.004952045 0.00383014 0.001032216 0.007646145 0.00233645 0.001032216 0.005034465 0.00402912 0.001032216 0.007316105 0.00322499 0.001032216 0.005062575 0.00424264 0.001032216 0.006883285 0.00406825 0.001032216 0.005034465 0.00445617 0.001032216 0.006569695 0.00453382 0.001032216 0.005002295 0.00453382 0.001032216 0.006353775 0.0048544 0.001032216 0.004952045 0.00465514 0.001032216 0.004820935 0.004826 0.001032216 0.006578295 -0.000583363 0.001032216 0.007698125 -0.00212132 0.001032216 0.006709405 -0.0004125 0.001032216 0.007868775 -0.00141512 0.001032216 0.006791825 -0.000213526 0.001032216 0.007980885 -0.000473925 0.001032216 0.006819935 4.433932e-11 0.001032216 0.007980885 0.000473925 0.001032216 0.005582435 0.000714471 0.001032216 0.005411575 0.000583363 0.001032216 0.005280465 0.0004125 0.001032216 0.006208465 0.000796889 0.001032216 0.005994935 0.000825 0.001032216 0.005781405 0.000796889 0.001032216 0.006407435 0.000714471 0.001032216 0.006578295 0.000583363 0.001032216 0.007868775 0.00141512 0.001032216 0.006709405 0.0004125 0.001032216 0.006791825 0.000213526 0.001032216 0.005781405 -0.000796889 0.001032216 0.005582435 -0.000714471 0.001032216 0.004528755 -0.00212132 0.001032216 0.005411575 -0.000583363 0.001032216 0.005280465 -0.0004125 0.001032216 0.005198045 -0.000213526 0.001032216 0.005169935 4.433932e-11 0.001032216 0.005198045 0.000213526 0.001032216 0.006407435 -0.000714471 0.001032216 0.006208465 -0.000796889 0.001032216 0.005994935 -0.000825 0.001032216 0.006569695 -0.00453382 0.001032216 0.006883285 -0.00406825 0.001032216 0.005062575 -0.00424264 0.001032216 0.005034465 -0.00402912 0.001032216 0.007316105 -0.00322499 0.001032216 0.004952045 -0.00383014 0.001032216 0.007646145 -0.00233645 0.001032216 0.004820935 -0.00365928 0.001032216 0.004650075 -0.00352817 0.001032216 0.004528755 -0.00347792 0.001032216 0.005034465 -0.00445617 0.001032216 0.005002295 -0.00453382 0.001032216 0.006353775 -0.0048544 0.001032216 0.004952045 -0.00465514 0.001032216 0.006123735 -0.00512132 0.001032216 0.004820935 -0.004826 0.001032216 0.004528755 -0.00657589 0.001032216 0.005035635 -0.00621219 0.001032216 0.005734995 -0.00557241 0.001032216 0.004265525 -0.00676477 0.001032216 0.003435455 -0.00722238 0.001032216 0.002116255 -0.00769907 0.001032216 0.002557095 -0.00757861 0.001032216 -0.002126385 -0.00512132 0.001032216 -0.002126385 -0.00771282 0.001032216 -0.0008019544 -0.00621353 0.001032216 -0.0008300654 -0.006 0.001032216 -0.0008019544 -0.00578647 0.001032216 -0.0007195364 -0.0055875 0.001032216 -5.065424e-06 -0.005175 0.001032216 0.0002084606 -0.00520311 0.001032216 0.0004074346 -0.00528553 0.001032216 -0.0002421324 -0.00799649 0.001032216 -0.0002185914 -0.00679689 0.001032216 -0.001186235 -0.00791232 0.001032216 -0.0004175654 -0.00671447 0.001032216 -0.002113765 -0.00771708 0.001032216 -0.0005884284 -0.00658336 0.001032216 -0.0007195364 -0.0064125 0.001032216 -0.0005884284 -0.00541664 0.001032216 -0.0004175654 -0.00528553 0.001032216 -0.0002185914 -0.00520311 0.001032216 0.0005782976 -0.00541664 0.001032216 0.0007094056 -0.0055875 0.001032216 0.0007918236 -0.00621353 0.001032216 0.0007094056 -0.0064125 0.001032216 0.001642765 -0.00782845 0.001032216 0.0005782976 -0.00658336 0.001032216 0.0007053016 -0.0079684 0.001032216 0.0004074346 -0.00671447 0.001032216 0.0002084606 -0.00679689 0.001032216 -5.065424e-06 -0.006825 0.001032216 -0.004538885 -0.00658197 0.001032216 -0.003867405 -0.00700588 0.001032216 -0.003011685 -0.00741352 0.001032216 -0.004668905 -0.0064999 0.001032216 -0.004538885 -0.00512132 0.001032216 -0.005126385 -0.00612868 0.001032216 -0.005126385 -0.00512132 0.001032216 -0.005404925 -0.00590267 0.001032216 -0.006640315 -0.00446917 0.001032216 -0.006590955 -0.00453382 0.001032216 -0.005126385 -0.00453382 0.001032216 -0.006142455 -0.00512132 0.001032216 -0.006065155 -0.00522258 0.001032216 -0.007504425 -0.00278561 0.001032216 -0.007122325 -0.00365303 0.001032216 -0.004660205 -0.00352817 0.001032216 -0.004538885 -0.00347792 0.001032216 -0.004538885 -0.00212132 0.001032216 -0.004461235 -0.00344575 0.001032216 -0.004247705 -0.00341764 0.001032216 -0.003422705 -0.00424264 0.001032216 -0.002126385 -0.00453382 0.001032216 -0.003450815 -0.00402912 0.001032216 -0.002126385 -0.00338464 0.001032216 -0.003533235 -0.00383014 0.001032216 -0.002192855 -0.00334867 0.001032216 -0.003664345 -0.00365928 0.001032216 -0.002714195 -0.0029429 0.001032216 -0.003835205 -0.00352817 0.001032216 -0.003161625 -0.00245685 0.001032216 -0.004034185 -0.00344575 0.001032216 -0.003380835 -0.00212132 0.001032216 -0.005012425 -0.00453382 0.001032216 -0.005044595 -0.00445617 0.001032216 -0.005072705 -0.00424264 0.001032216 -0.005044595 -0.00402912 0.001032216 -0.004962175 -0.00383014 0.001032216 -0.004831065 -0.00365928 0.001032216 -0.004962175 -0.00465514 0.001032216 -0.004831065 -0.004826 0.001032216 -0.003664345 -0.004826 0.001032216 -0.003835205 -0.00495711 0.001032216 -0.004034185 -0.00503953 0.001032216 -0.003450815 -0.00445617 0.001032216 -0.003482985 -0.00453382 0.001032216 -0.003533235 -0.00465514 0.001032216 -0.004247705 -0.00506764 0.001032216 -0.004461235 -0.00503953 0.001032216 -0.004538885 -0.00500736 0.001032216 -0.004660205 -0.00495711 0.001032216 0.003440685 -0.00445617 0.001032216 0.003412575 -0.00424264 0.001032216 0.002116255 -0.00453382 0.001032216 0.004024055 -0.00344575 0.001032216 0.004237575 -0.00341764 0.001032216 0.004451105 -0.00344575 0.001032216 0.002116255 -0.00338464 0.001032216 0.003440685 -0.00402912 0.001032216 0.002182725 -0.00334867 0.001032216 0.003523105 -0.00383014 0.001032216 0.002704065 -0.0029429 0.001032216 0.003654215 -0.00365928 0.001032216 0.003151495 -0.00245685 0.001032216 0.003825075 -0.00352817 0.001032216 0.003370705 -0.00212132 0.001032216 0.003825075 -0.00495711 0.001032216 0.003654215 -0.004826 0.001032216 0.003523105 -0.00465514 0.001032216 0.003472855 -0.00453382 0.001032216 0.004451105 -0.00503953 0.001032216 0.004237575 -0.00506764 0.001032216 0.004024055 -0.00503953 0.001032216 0.003440685 0.00402912 0.001032216 0.003412575 0.00424264 0.001032216 0.004528755 0.00347792 0.001032216 0.004451105 0.00344575 0.001032216 0.004237575 0.00341764 0.001032216 0.002116255 0.00338464 0.001032216 0.002182725 0.00334867 0.001032216 0.003523105 0.00383014 0.001032216 0.003440685 0.00445617 0.001032216 0.003472855 0.00453382 0.001032216 0.003654215 0.00365928 0.001032216 0.002704065 0.0029429 0.001032216 0.003825075 0.00352817 0.001032216 0.003151495 0.00245685 0.001032216 0.004024055 0.00344575 0.001032216 0.003370705 0.00212132 0.001032216 -0.004247705 0.00341764 0.001032216 -0.004461235 0.00344575 0.001032216 -0.004538885 0.00212132 0.001032216 -0.004034185 0.00344575 0.001032216 -0.003482985 0.00453382 0.001032216 -0.003450815 0.00445617 0.001032216 -0.003422705 0.00424264 0.001032216 -0.002126385 0.00338464 0.001032216 -0.003450815 0.00402912 0.001032216 -0.002192855 0.00334867 0.001032216 -0.003533235 0.00383014 0.001032216 -0.002714195 0.0029429 0.001032216 -0.003664345 0.00365928 0.001032216 -0.003161625 0.00245685 0.001032216 -0.003835205 0.00352817 0.001032216 -0.003380835 0.00212132 0.001032216 -0.004538885 0.00347792 0.001032216 -0.004660205 0.00352817 0.001032216 -0.004831065 0.00365928 0.001032216 -0.004962175 0.00383014 0.001032216 -0.005044595 0.00402912 0.001032216 -0.005072705 0.00424264 0.001032216 -0.005044595 0.00445617 0.001032216 -0.003522955 0.00190379 0.001032216 -0.003788335 0.0012988 0.001032216 -0.003522955 -0.00190379 0.001032216 -0.003788335 -0.0012988 0.001032216 -0.003950515 -0.000658378 0.001032216 -0.004005065 4.43393e-11 0.001032216 -0.003950515 0.000658378 0.001032216 -0.0003353824 -0.00398634 0.001032216 -0.0009870074 -0.0038776 0.001032216 -0.001611845 -0.00366309 0.001032216 0.001601715 -0.00366309 0.001032216 0.0009768766 -0.0038776 0.001032216 0.0003252516 -0.00398634 0.001032216 0.003512825 0.00190379 0.001032216 0.003778205 0.0012988 0.001032216 0.003940385 0.000658378 0.001032216 0.003994935 4.43393e-11 0.001032216 0.003940385 -0.000658378 0.001032216 0.003778205 -0.0012988 0.001032216 0.003512825 -0.00190379 0.001032216 0.001601715 0.00366309 0.001032216 0.0009768766 0.0038776 0.001032216 -0.001611845 0.00366309 0.001032216 -0.0009870074 0.0038776 0.001032216 -0.0003353824 0.00398634 0.001032216 0.0003252516 0.00398634 0.001032216 -0.003450815 0.00445617 -0.0009677838 -0.003482985 0.00453382 0.001032216 -0.003533235 0.00465514 -0.0009677838 -0.003533235 0.00465514 0.001032216 -0.003631975 0.00478382 -0.0009677838 -0.003664345 0.004826 0.001032216 -0.003664345 0.004826 -0.0009677838 -0.003835205 0.00495711 -0.0009677838 -0.003835205 0.00495711 0.001032216 -0.004034185 0.00503953 -0.0009677838 -0.004034185 0.00503953 0.001032216 -0.004247705 0.00506764 -0.0009677838 -0.004247705 0.00506764 0.001032216 -0.004461235 0.00503953 -0.0009677838 -0.004461235 0.00503953 0.001032216 -0.004538885 0.00500736 0.001032216 -0.004660205 0.00495711 -0.0009677838 -0.004660205 0.00495711 0.001032216 -0.004788885 0.00485837 -0.0009677838 -0.004831065 0.004826 0.001032216 -0.004831065 0.004826 -0.0009677838 -0.004863435 0.00478382 -0.0009677838 -0.004962175 0.00465514 0.001032216 -0.004962175 0.00465514 -0.0009677838 -0.005012425 0.00453382 0.001032216 -0.005044595 0.00445617 -0.0009677838 -0.005044595 0.00445617 0.001032216 -0.005072705 0.00424264 -0.0009677838 -0.005072705 0.00424264 0.001032216 -0.005044595 0.00402912 -0.0009677838 -0.005044595 0.00402912 0.001032216 -0.004962175 0.00383014 -0.0009677838 -0.004962175 0.00383014 0.001032216 -0.004831065 0.00365928 -0.0009677838 -0.004831065 0.00365928 0.001032216 -0.004788885 0.00362691 -0.0009677838 -0.004660205 0.00352817 0.001032216 -0.004660205 0.00352817 -0.0009677838 -0.004538885 0.00347792 0.001032216 -0.004461235 0.00344575 -0.0009677838 -0.004461235 0.00344575 0.001032216 -0.004247705 0.00341764 -0.0009677838 -0.004247705 0.00341764 0.001032216 -0.004034185 0.00344575 -0.0009677838 -0.004034185 0.00344575 0.001032216 -0.003835205 0.00352817 -0.0009677838 -0.003835205 0.00352817 0.001032216 -0.003664345 0.00365928 -0.0009677838 -0.003664345 0.00365928 0.001032216 -0.003533235 0.00383014 -0.0009677838 -0.003533235 0.00383014 0.001032216 -0.003450815 0.00402912 -0.0009677838 -0.003450815 0.00402912 0.001032216 -0.003422705 0.00424264 -0.0009677838 -0.003422705 0.00424264 0.001032216 -0.003450815 0.00445617 0.001032216 0.0008199346 0.006 -0.0009677838 0.0008199346 0.006 0.001032216 0.0007918236 0.00621353 -0.0009677838 0.0007918236 0.00621353 0.001032216 0.0007094056 0.0064125 -0.0009677838 0.0007094056 0.0064125 0.001032216 0.0005782976 0.00658336 -0.0009677838 0.0005782976 0.00658336 0.001032216 0.0004074346 0.00671447 -0.0009677838 0.0004074346 0.00671447 0.001032216 0.0002084606 0.00679689 -0.0009677838 0.0002084606 0.00679689 0.001032216 -5.065424e-06 0.006825 -0.0009677838 -5.065424e-06 0.006825 0.001032216 -0.0002185914 0.00679689 -0.0009677838 -0.0002185914 0.00679689 0.001032216 -0.0004175654 0.00671447 -0.0009677838 -0.0004175654 0.00671447 0.001032216 -0.0005884284 0.00658336 -0.0009677838 -0.0005884284 0.00658336 0.001032216 -0.0007195364 0.0064125 -0.0009677838 -0.0007195364 0.0064125 0.001032216 -0.0008019544 0.00621353 -0.0009677838 -0.0008019544 0.00621353 0.001032216 -0.0008300654 0.006 -0.0009677838 -0.0008300654 0.006 0.001032216 -0.0008019544 0.00578647 -0.0009677838 -0.0008019544 0.00578647 0.001032216 -0.0007195364 0.0055875 -0.0009677838 -0.0007195364 0.0055875 0.001032216 -0.0005884284 0.00541664 -0.0009677838 -0.0005884284 0.00541664 0.001032216 -0.0004175654 0.00528553 -0.0009677838 -0.0004175654 0.00528553 0.001032216 -0.0002185914 0.00520311 -0.0009677838 -0.0002185914 0.00520311 0.001032216 -5.065424e-06 0.005175 -0.0009677838 -5.065424e-06 0.005175 0.001032216 0.0002084606 0.00520311 -0.0009677838 0.0002084606 0.00520311 0.001032216 0.0004074346 0.00528553 -0.0009677838 0.0004074346 0.00528553 0.001032216 0.0005782976 0.00541664 -0.0009677838 0.0005782976 0.00541664 0.001032216 0.0007094056 0.0055875 -0.0009677838 0.0007094056 0.0055875 0.001032216 0.0007918236 0.00578647 -0.0009677838 0.0007918236 0.00578647 0.001032216 0.005034465 0.00445617 -0.0009677838 0.005002295 0.00453382 0.001032216 0.004952045 0.00465514 -0.0009677838 0.004952045 0.00465514 0.001032216 0.004853305 0.00478382 -0.0009677838 0.004820935 0.004826 0.001032216 0.004820935 0.004826 -0.0009677838 0.004778755 0.00485837 -0.0009677838 0.004650075 0.00495711 0.001032216 0.004650075 0.00495711 -0.0009677838 0.004528755 0.00500736 0.001032216 0.004451105 0.00503953 -0.0009677838 0.004451105 0.00503953 0.001032216 0.004237575 0.00506764 -0.0009677838 0.004237575 0.00506764 0.001032216 0.004024055 0.00503953 -0.0009677838 0.004024055 0.00503953 0.001032216 0.003825075 0.00495711 -0.0009677838 0.003825075 0.00495711 0.001032216 0.003654215 0.004826 -0.0009677838 0.003654215 0.004826 0.001032216 0.003621845 0.00478382 -0.0009677838 0.003523105 0.00465514 0.001032216 0.003523105 0.00465514 -0.0009677838 0.003472855 0.00453382 0.001032216 0.003440685 0.00445617 -0.0009677838 0.003440685 0.00445617 0.001032216 0.003412575 0.00424264 -0.0009677838 0.003412575 0.00424264 0.001032216 0.003440685 0.00402912 -0.0009677838 0.003440685 0.00402912 0.001032216 0.003523105 0.00383014 -0.0009677838 0.003523105 0.00383014 0.001032216 0.003654215 0.00365928 -0.0009677838 0.003654215 0.00365928 0.001032216 0.003825075 0.00352817 -0.0009677838 0.003825075 0.00352817 0.001032216 0.004024055 0.00344575 -0.0009677838 0.004024055 0.00344575 0.001032216 0.004237575 0.00341764 -0.0009677838 0.004237575 0.00341764 0.001032216 0.004451105 0.00344575 -0.0009677838 0.004451105 0.00344575 0.001032216 0.004528755 0.00347792 0.001032216 0.004650075 0.00352817 -0.0009677838 0.004650075 0.00352817 0.001032216 0.004778755 0.00362691 -0.0009677838 0.004820935 0.00365928 0.001032216 0.004820935 0.00365928 -0.0009677838 0.004952045 0.00383014 -0.0009677838 0.004952045 0.00383014 0.001032216 0.005034465 0.00402912 -0.0009677838 0.005034465 0.00402912 0.001032216 0.005062575 0.00424264 -0.0009677838 0.005062575 0.00424264 0.001032216 0.005034465 0.00445617 0.001032216 0.006819935 4.433932e-11 -0.0009677838 0.006819935 4.433932e-11 0.001032216 0.006791825 0.000213526 -0.0009677838 0.006791825 0.000213526 0.001032216 0.006709405 0.0004125 -0.0009677838 0.006709405 0.0004125 0.001032216 0.006578295 0.000583363 -0.0009677838 0.006578295 0.000583363 0.001032216 0.006407435 0.000714471 -0.0009677838 0.006407435 0.000714471 0.001032216 0.006208465 0.000796889 -0.0009677838 0.006208465 0.000796889 0.001032216 0.005994935 0.000825 -0.0009677838 0.005994935 0.000825 0.001032216 0.005781405 0.000796889 -0.0009677838 0.005781405 0.000796889 0.001032216 0.005582435 0.000714471 -0.0009677838 0.005582435 0.000714471 0.001032216 0.005411575 0.000583363 -0.0009677838 0.005411575 0.000583363 0.001032216 0.005280465 0.0004125 -0.0009677838 0.005280465 0.0004125 0.001032216 0.005198045 0.000213526 -0.0009677838 0.005198045 0.000213526 0.001032216 0.005169935 4.433932e-11 -0.0009677838 0.005169935 4.433932e-11 0.001032216 0.005198045 -0.000213526 -0.0009677838 0.005198045 -0.000213526 0.001032216 0.005280465 -0.0004125 -0.0009677838 0.005280465 -0.0004125 0.001032216 0.005411575 -0.000583363 -0.0009677838 0.005411575 -0.000583363 0.001032216 0.005582435 -0.000714471 -0.0009677838 0.005582435 -0.000714471 0.001032216 0.005781405 -0.000796889 -0.0009677838 0.005781405 -0.000796889 0.001032216 0.005994935 -0.000825 -0.0009677838 0.005994935 -0.000825 0.001032216 0.006208465 -0.000796889 -0.0009677838 0.006208465 -0.000796889 0.001032216 0.006407435 -0.000714471 -0.0009677838 0.006407435 -0.000714471 0.001032216 0.006578295 -0.000583363 -0.0009677838 0.006578295 -0.000583363 0.001032216 0.006709405 -0.0004125 -0.0009677838 0.006709405 -0.0004125 0.001032216 0.006791825 -0.000213526 -0.0009677838 0.006791825 -0.000213526 0.001032216 0.003440685 -0.00445617 -0.0009677838 0.003472855 -0.00453382 0.001032216 0.003523105 -0.00465514 -0.0009677838 0.003523105 -0.00465514 0.001032216 0.003621845 -0.00478382 -0.0009677838 0.003654215 -0.004826 0.001032216 0.003654215 -0.004826 -0.0009677838 0.003825075 -0.00495711 -0.0009677838 0.003825075 -0.00495711 0.001032216 0.004024055 -0.00503953 -0.0009677838 0.004024055 -0.00503953 0.001032216 0.004237575 -0.00506764 -0.0009677838 0.004237575 -0.00506764 0.001032216 0.004451105 -0.00503953 -0.0009677838 0.004451105 -0.00503953 0.001032216 0.004528755 -0.00500736 0.001032216 0.004650075 -0.00495711 -0.0009677838 0.004650075 -0.00495711 0.001032216 0.004778755 -0.00485837 -0.0009677838 0.004820935 -0.004826 0.001032216 0.004820935 -0.004826 -0.0009677838 0.004853305 -0.00478382 -0.0009677838 0.004952045 -0.00465514 0.001032216 0.004952045 -0.00465514 -0.0009677838 0.005002295 -0.00453382 0.001032216 0.005034465 -0.00445617 -0.0009677838 0.005034465 -0.00445617 0.001032216 0.005062575 -0.00424264 -0.0009677838 0.005062575 -0.00424264 0.001032216 0.005034465 -0.00402912 -0.0009677838 0.005034465 -0.00402912 0.001032216 0.004952045 -0.00383014 -0.0009677838 0.004952045 -0.00383014 0.001032216 0.004820935 -0.00365928 -0.0009677838 0.004820935 -0.00365928 0.001032216 0.004778755 -0.00362691 -0.0009677838 0.004650075 -0.00352817 0.001032216 0.004650075 -0.00352817 -0.0009677838 0.004528755 -0.00347792 0.001032216 0.004451105 -0.00344575 -0.0009677838 0.004451105 -0.00344575 0.001032216 0.004237575 -0.00341764 -0.0009677838 0.004237575 -0.00341764 0.001032216 0.004024055 -0.00344575 -0.0009677838 0.004024055 -0.00344575 0.001032216 0.003825075 -0.00352817 -0.0009677838 0.003825075 -0.00352817 0.001032216 0.003654215 -0.00365928 -0.0009677838 0.003654215 -0.00365928 0.001032216 0.003523105 -0.00383014 -0.0009677838 0.003523105 -0.00383014 0.001032216 0.003440685 -0.00402912 -0.0009677838 0.003440685 -0.00402912 0.001032216 0.003412575 -0.00424264 -0.0009677838 0.003412575 -0.00424264 0.001032216 0.003440685 -0.00445617 0.001032216 0.0008199346 -0.006 -0.0009677838 0.0008199346 -0.006 0.001032216 0.0007918236 -0.00578647 -0.0009677838 0.0007918236 -0.00578647 0.001032216 0.0007094056 -0.0055875 -0.0009677838 0.0007094056 -0.0055875 0.001032216 0.0005782976 -0.00541664 -0.0009677838 0.0005782976 -0.00541664 0.001032216 0.0004074346 -0.00528553 -0.0009677838 0.0004074346 -0.00528553 0.001032216 0.0002084606 -0.00520311 -0.0009677838 0.0002084606 -0.00520311 0.001032216 -5.065424e-06 -0.005175 -0.0009677838 -5.065424e-06 -0.005175 0.001032216 -0.0002185914 -0.00520311 -0.0009677838 -0.0002185914 -0.00520311 0.001032216 -0.0004175654 -0.00528553 -0.0009677838 -0.0004175654 -0.00528553 0.001032216 -0.0005884284 -0.00541664 -0.0009677838 -0.0005884284 -0.00541664 0.001032216 -0.0007195364 -0.0055875 -0.0009677838 -0.0007195364 -0.0055875 0.001032216 -0.0008019544 -0.00578647 -0.0009677838 -0.0008019544 -0.00578647 0.001032216 -0.0008300654 -0.006 -0.0009677838 -0.0008300654 -0.006 0.001032216 -0.0008019544 -0.00621353 -0.0009677838 -0.0008019544 -0.00621353 0.001032216 -0.0007195364 -0.0064125 -0.0009677838 -0.0007195364 -0.0064125 0.001032216 -0.0005884284 -0.00658336 -0.0009677838 -0.0005884284 -0.00658336 0.001032216 -0.0004175654 -0.00671447 -0.0009677838 -0.0004175654 -0.00671447 0.001032216 -0.0002185914 -0.00679689 -0.0009677838 -0.0002185914 -0.00679689 0.001032216 -5.065424e-06 -0.006825 -0.0009677838 -5.065424e-06 -0.006825 0.001032216 0.0002084606 -0.00679689 -0.0009677838 0.0002084606 -0.00679689 0.001032216 0.0004074346 -0.00671447 -0.0009677838 0.0004074346 -0.00671447 0.001032216 0.0005782976 -0.00658336 -0.0009677838 0.0005782976 -0.00658336 0.001032216 0.0007094056 -0.0064125 -0.0009677838 0.0007094056 -0.0064125 0.001032216 0.0007918236 -0.00621353 -0.0009677838 0.0007918236 -0.00621353 0.001032216 -0.004461235 -0.00344575 -0.0009677838 -0.004538885 -0.00347792 0.001032216 -0.004660205 -0.00352817 -0.0009677838 -0.004660205 -0.00352817 0.001032216 -0.004788885 -0.00362691 -0.0009677838 -0.004831065 -0.00365928 0.001032216 -0.004831065 -0.00365928 -0.0009677838 -0.004962175 -0.00383014 -0.0009677838 -0.004962175 -0.00383014 0.001032216 -0.005044595 -0.00402912 -0.0009677838 -0.005044595 -0.00402912 0.001032216 -0.005072705 -0.00424264 -0.0009677838 -0.005072705 -0.00424264 0.001032216 -0.005044595 -0.00445617 -0.0009677838 -0.005044595 -0.00445617 0.001032216 -0.005012425 -0.00453382 0.001032216 -0.004962175 -0.00465514 -0.0009677838 -0.004962175 -0.00465514 0.001032216 -0.004863435 -0.00478382 -0.0009677838 -0.004831065 -0.004826 0.001032216 -0.004831065 -0.004826 -0.0009677838 -0.004788885 -0.00485837 -0.0009677838 -0.004660205 -0.00495711 0.001032216 -0.004660205 -0.00495711 -0.0009677838 -0.004538885 -0.00500736 0.001032216 -0.004461235 -0.00503953 -0.0009677838 -0.004461235 -0.00503953 0.001032216 -0.004247705 -0.00506764 -0.0009677838 -0.004247705 -0.00506764 0.001032216 -0.004034185 -0.00503953 -0.0009677838 -0.004034185 -0.00503953 0.001032216 -0.003835205 -0.00495711 -0.0009677838 -0.003835205 -0.00495711 0.001032216 -0.003664345 -0.004826 -0.0009677838 -0.003664345 -0.004826 0.001032216 -0.003631975 -0.00478382 -0.0009677838 -0.003533235 -0.00465514 0.001032216 -0.003533235 -0.00465514 -0.0009677838 -0.003482985 -0.00453382 0.001032216 -0.003450815 -0.00445617 -0.0009677838 -0.003450815 -0.00445617 0.001032216 -0.003422705 -0.00424264 -0.0009677838 -0.003422705 -0.00424264 0.001032216 -0.003450815 -0.00402912 -0.0009677838 -0.003450815 -0.00402912 0.001032216 -0.003533235 -0.00383014 -0.0009677838 -0.003533235 -0.00383014 0.001032216 -0.003664345 -0.00365928 -0.0009677838 -0.003664345 -0.00365928 0.001032216 -0.003835205 -0.00352817 -0.0009677838 -0.003835205 -0.00352817 0.001032216 -0.004034185 -0.00344575 -0.0009677838 -0.004034185 -0.00344575 0.001032216 -0.004247705 -0.00341764 -0.0009677838 -0.004247705 -0.00341764 0.001032216 -0.004461235 -0.00344575 0.001032216 -0.005180065 4.433923e-11 -0.0009677838 -0.005180065 4.433923e-11 0.001032216 -0.005208175 0.000213526 -0.0009677838 -0.005208175 0.000213526 0.001032216 -0.005290595 0.0004125 -0.0009677838 -0.005290595 0.0004125 0.001032216 -0.005421705 0.000583363 -0.0009677838 -0.005421705 0.000583363 0.001032216 -0.005592565 0.000714471 -0.0009677838 -0.005592565 0.000714471 0.001032216 -0.005791535 0.000796889 -0.0009677838 -0.005791535 0.000796889 0.001032216 -0.006005065 0.000825 -0.0009677838 -0.006005065 0.000825 0.001032216 -0.006218595 0.000796889 -0.0009677838 -0.006218595 0.000796889 0.001032216 -0.006417565 0.000714471 -0.0009677838 -0.006417565 0.000714471 0.001032216 -0.006588425 0.000583363 -0.0009677838 -0.006588425 0.000583363 0.001032216 -0.006719535 0.0004125 -0.0009677838 -0.006719535 0.0004125 0.001032216 -0.006801955 0.000213526 -0.0009677838 -0.006801955 0.000213526 0.001032216 -0.006830065 4.433923e-11 -0.0009677838 -0.006830065 4.433923e-11 0.001032216 -0.006801955 -0.000213526 -0.0009677838 -0.006801955 -0.000213526 0.001032216 -0.006719535 -0.0004125 -0.0009677838 -0.006719535 -0.0004125 0.001032216 -0.006588425 -0.000583363 -0.0009677838 -0.006588425 -0.000583363 0.001032216 -0.006417565 -0.000714471 -0.0009677838 -0.006417565 -0.000714471 0.001032216 -0.006218595 -0.000796889 -0.0009677838 -0.006218595 -0.000796889 0.001032216 -0.006005065 -0.000825 -0.0009677838 -0.006005065 -0.000825 0.001032216 -0.005791535 -0.000796889 -0.0009677838 -0.005791535 -0.000796889 0.001032216 -0.005592565 -0.000714471 -0.0009677838 -0.005592565 -0.000714471 0.001032216 -0.005421705 -0.000583363 -0.0009677838 -0.005421705 -0.000583363 0.001032216 -0.005290595 -0.0004125 -0.0009677838 -0.005290595 -0.0004125 0.001032216 -0.005208175 -0.000213526 -0.0009677838 -0.005208175 -0.000213526 0.001032216 -0.007504425 -0.00278561 0.001032216 -0.007707275 -0.00212132 0.001032216 -0.007707275 -0.00212132 -0.0009677838 -0.007781245 -0.00187909 -0.0009677838 -0.006640315 -0.00446917 -0.0009677838 -0.007122325 -0.00365303 0.001032216 -0.007122325 -0.00365303 -0.0009677838 -0.007504425 -0.00278561 -0.0009677838 -0.006065155 -0.00522258 0.001032216 -0.006142455 -0.00512132 0.001032216 -0.006142455 -0.00512132 -0.0009677838 -0.006400105 -0.00478382 -0.0009677838 -0.006590955 -0.00453382 0.001032216 -0.006640315 -0.00446917 0.001032216 -0.006065155 -0.00522258 -0.0009677838 -0.005404925 -0.00590267 -0.0009677838 -0.005404925 -0.00590267 0.001032216 -0.005126385 -0.00612868 0.001032216 -0.004788885 -0.00640254 -0.0009677838 -0.004668905 -0.0064999 0.001032216 -0.004668905 -0.0064999 -0.0009677838 -0.004538885 -0.00658197 0.001032216 -0.003867405 -0.00700588 -0.0009677838 -0.003867405 -0.00700588 0.001032216 -0.003011685 -0.00741352 -0.0009677838 -0.003011685 -0.00741352 0.001032216 -0.002126385 -0.00771282 0.001032216 -0.002126385 -0.00771282 -0.0009677838 -0.002113765 -0.00771708 0.001032216 -0.002113765 -0.00771708 -0.0009677838 -0.001186235 -0.00791232 -0.0009677838 -0.001186235 -0.00791232 0.001032216 -0.0002421324 -0.00799649 -0.0009677838 -0.0002421324 -0.00799649 0.001032216 0.0007053016 -0.0079684 -0.0009677838 0.0007053016 -0.0079684 0.001032216 0.001642765 -0.00782845 -0.0009677838 0.001642765 -0.00782845 0.001032216 0.002116255 -0.00769907 0.001032216 0.002116255 -0.00769907 -0.0009677838 0.002557095 -0.00757861 0.001032216 0.002557095 -0.00757861 -0.0009677838 0.003435455 -0.00722238 -0.0009677838 0.003435455 -0.00722238 0.001032216 0.004265525 -0.00676477 -0.0009677838 0.004265525 -0.00676477 0.001032216 0.004528755 -0.00657589 0.001032216 0.004778755 -0.00639651 -0.0009677838 0.005035635 -0.00621219 0.001032216 0.005035635 -0.00621219 -0.0009677838 0.005116255 -0.00613844 -0.0009677838 0.005734995 -0.00557241 0.001032216 0.005734995 -0.00557241 -0.0009677838 0.006123735 -0.00512132 0.001032216 0.006123735 -0.00512132 -0.0009677838 0.006353775 -0.0048544 0.001032216 0.006353775 -0.0048544 -0.0009677838 0.006569695 -0.00453382 0.001032216 0.006401315 -0.00478382 -0.0009677838 0.006883285 -0.00406825 0.001032216 0.006883285 -0.00406825 -0.0009677838 0.007316105 -0.00322499 -0.0009677838 0.007316105 -0.00322499 0.001032216 0.007646145 -0.00233645 -0.0009677838 0.007646145 -0.00233645 0.001032216 0.007698125 -0.00212132 0.001032216 0.007698125 -0.00212132 -0.0009677838 0.007868775 -0.00141512 0.001032216 0.007868775 -0.00141512 -0.0009677838 0.007980885 -0.000473925 -0.0009677838 0.007980885 -0.000473925 0.001032216 0.007980885 0.000473925 -0.0009677838 0.007980885 0.000473925 0.001032216 0.007868775 0.00141512 -0.0009677838 0.007868775 0.00141512 0.001032216 0.007698125 0.00212132 0.001032216 0.007698125 0.00212132 -0.0009677838 0.007646145 0.00233645 0.001032216 0.007646145 0.00233645 -0.0009677838 0.007316105 0.00322499 -0.0009677838 0.007316105 0.00322499 0.001032216 0.006883285 0.00406825 -0.0009677838 0.006883285 0.00406825 0.001032216 0.006569695 0.00453382 0.001032216 0.006401315 0.00478382 -0.0009677838 0.006353775 0.0048544 0.001032216 0.006353775 0.0048544 -0.0009677838 0.005734995 0.00557241 -0.0009677838 0.005734995 0.00557241 0.001032216 0.005116255 0.00613844 -0.0009677838 0.005035635 0.00621219 0.001032216 0.005035635 0.00621219 -0.0009677838 0.004528755 0.00657589 0.001032216 0.004778755 0.00639651 -0.0009677838 0.004265525 0.00676477 0.001032216 0.004265525 0.00676477 -0.0009677838 0.003435455 0.00722238 -0.0009677838 0.003435455 0.00722238 0.001032216 0.002557095 0.00757861 -0.0009677838 0.002557095 0.00757861 0.001032216 0.002116255 0.00769907 0.001032216 0.002116255 0.00769907 -0.0009677838 0.001642765 0.00782845 0.001032216 0.001642765 0.00782845 -0.0009677838 0.0007053016 0.0079684 -0.0009677838 0.0007053016 0.0079684 0.001032216 -0.0002421324 0.00799649 -0.0009677838 -0.0002421324 0.00799649 0.001032216 -0.001186235 0.00791232 -0.0009677838 -0.001186235 0.00791232 0.001032216 -0.002113765 0.00771708 -0.0009677838 -0.002113765 0.00771708 0.001032216 -0.002126385 0.00771282 0.001032216 -0.002126385 0.00771282 -0.0009677838 -0.003011685 0.00741352 0.001032216 -0.003011685 0.00741352 -0.0009677838 -0.003867405 0.00700588 -0.0009677838 -0.003867405 0.00700588 0.001032216 -0.004538885 0.00658197 0.001032216 -0.004668905 0.0064999 -0.0009677838 -0.004668905 0.0064999 0.001032216 -0.004788885 0.00640254 -0.0009677838 -0.005126385 0.00612868 0.001032216 -0.005404925 0.00590267 -0.0009677838 -0.005404925 0.00590267 0.001032216 -0.006065155 0.00522258 -0.0009677838 -0.006065155 0.00522258 0.001032216 -0.006400105 0.00478382 -0.0009677838 -0.006590955 0.00453382 0.001032216 -0.006640315 0.00446917 -0.0009677838 -0.006640315 0.00446917 0.001032216 -0.007122325 0.00365303 -0.0009677838 -0.007122325 0.00365303 0.001032216 -0.007504425 0.00278561 -0.0009677838 -0.007504425 0.00278561 0.001032216 -0.007707275 0.00212132 0.001032216 -0.007707275 0.00212132 -0.0009677838 -0.007781245 0.00187909 0.001032216 -0.007781245 -0.00187909 0.001032216 -0.007948915 -0.000946185 0.001032216 -0.007948915 -0.000946185 -0.0009677838 -0.008005065 4.43393e-11 0.001032216 -0.008005065 4.43393e-11 -0.0009677838 -0.007948915 0.000946185 0.001032216 -0.007948915 0.000946185 -0.0009677838 -0.007781245 0.00187909 -0.0009677838 0.004952045 0.00465514 -0.0009677838 0.004853305 0.00478382 -0.0009677838 0.005116255 0.00478382 -0.0009677838 0.005734995 -0.00557241 -0.0009677838 0.005116255 -0.00613844 -0.0009677838 0.005116255 -0.00512132 -0.0009677838 -0.0008019544 -0.00578647 -0.0009677838 -0.0008300654 -0.006 -0.0009677838 -0.002126385 -0.00512132 -0.0009677838 -0.004788885 0.00212132 -0.0009677838 -0.005290595 0.0004125 -0.0009677838 -0.005421705 0.000583363 -0.0009677838 -0.007707275 0.00212132 -0.0009677838 -0.006005065 0.000825 -0.0009677838 -0.005592565 -0.000714471 -0.0009677838 -0.005421705 -0.000583363 -0.0009677838 -0.004788885 -0.00212132 -0.0009677838 -0.005290595 -0.0004125 -0.0009677838 -0.005592565 0.000714471 -0.0009677838 -0.005791535 0.000796889 -0.0009677838 -0.007948915 0.000946185 -0.0009677838 -0.006801955 0.000213526 -0.0009677838 -0.008005065 4.43393e-11 -0.0009677838 -0.006830065 4.433923e-11 -0.0009677838 -0.007948915 -0.000946185 -0.0009677838 -0.006801955 -0.000213526 -0.0009677838 -0.006719535 -0.0004125 -0.0009677838 -0.007781245 -0.00187909 -0.0009677838 -0.006588425 -0.000583363 -0.0009677838 -0.007707275 -0.00212132 -0.0009677838 -0.006417565 -0.000714471 -0.0009677838 -0.006218595 -0.000796889 -0.0009677838 -0.006218595 0.000796889 -0.0009677838 -0.006417565 0.000714471 -0.0009677838 -0.007781245 0.00187909 -0.0009677838 -0.006588425 0.000583363 -0.0009677838 -0.006719535 0.0004125 -0.0009677838 -0.005208175 -0.000213526 -0.0009677838 -0.005180065 4.433923e-11 -0.0009677838 -0.005208175 0.000213526 -0.0009677838 -0.006005065 -0.000825 -0.0009677838 -0.005791535 -0.000796889 -0.0009677838 -0.004831065 -0.00365928 -0.0009677838 -0.004962175 -0.00383014 -0.0009677838 -0.004788885 -0.00362691 -0.0009677838 -0.005044595 -0.00445617 -0.0009677838 -0.006400105 -0.00478382 -0.0009677838 -0.005072705 -0.00424264 -0.0009677838 -0.006640315 -0.00446917 -0.0009677838 -0.005044595 -0.00402912 -0.0009677838 -0.007122325 -0.00365303 -0.0009677838 -0.007504425 -0.00278561 -0.0009677838 -0.004788885 -0.00640254 -0.0009677838 -0.005404925 -0.00590267 -0.0009677838 -0.004788885 -0.00512132 -0.0009677838 -0.006065155 -0.00522258 -0.0009677838 -0.006142455 -0.00512132 -0.0009677838 -0.004668905 -0.0064999 -0.0009677838 -0.003867405 -0.00700588 -0.0009677838 -0.002126385 -0.00771282 -0.0009677838 -0.003011685 -0.00741352 -0.0009677838 0.0007053016 -0.0079684 -0.0009677838 -0.0002421324 -0.00799649 -0.0009677838 -5.065424e-06 -0.006825 -0.0009677838 -0.0008019544 -0.00621353 -0.0009677838 -0.0007195364 -0.0064125 -0.0009677838 -0.002113765 -0.00771708 -0.0009677838 -0.0005884284 -0.00658336 -0.0009677838 -0.001186235 -0.00791232 -0.0009677838 -0.0004175654 -0.00671447 -0.0009677838 -0.0002185914 -0.00679689 -0.0009677838 -0.0002185914 -0.00520311 -0.0009677838 -0.0004175654 -0.00528553 -0.0009677838 0.0002084606 -0.00520311 -0.0009677838 0.002116255 -0.00512132 -0.0009677838 0.0004074346 -0.00528553 -0.0009677838 0.0005782976 -0.00541664 -0.0009677838 -5.065424e-06 -0.005175 -0.0009677838 -0.0005884284 -0.00541664 -0.0009677838 -0.0007195364 -0.0055875 -0.0009677838 0.0007094056 -0.0064125 -0.0009677838 0.002116255 -0.00769907 -0.0009677838 0.0005782976 -0.00658336 -0.0009677838 0.001642765 -0.00782845 -0.0009677838 0.0004074346 -0.00671447 -0.0009677838 0.0002084606 -0.00679689 -0.0009677838 0.0007918236 -0.00621353 -0.0009677838 0.0008199346 -0.006 -0.0009677838 0.0007918236 -0.00578647 -0.0009677838 0.0007094056 -0.0055875 -0.0009677838 0.002557095 -0.00757861 -0.0009677838 0.003435455 -0.00722238 -0.0009677838 0.004778755 -0.00512132 -0.0009677838 0.005035635 -0.00621219 -0.0009677838 0.004778755 -0.00639651 -0.0009677838 0.004265525 -0.00676477 -0.0009677838 0.005116255 -0.00478382 -0.0009677838 0.006353775 -0.0048544 -0.0009677838 0.006123735 -0.00512132 -0.0009677838 0.005116255 -0.00212132 -0.0009677838 0.007698125 -0.00212132 -0.0009677838 0.007646145 -0.00233645 -0.0009677838 0.007316105 -0.00322499 -0.0009677838 0.006883285 -0.00406825 -0.0009677838 0.006401315 -0.00478382 -0.0009677838 0.005582435 -0.000714471 -0.0009677838 0.005411575 -0.000583363 -0.0009677838 0.005280465 -0.0004125 -0.0009677838 0.005411575 0.000583363 -0.0009677838 0.005280465 0.0004125 -0.0009677838 0.005116255 0.00212132 -0.0009677838 0.007980885 0.000473925 -0.0009677838 0.006791825 0.000213526 -0.0009677838 0.007868775 0.00141512 -0.0009677838 0.006709405 0.0004125 -0.0009677838 0.007698125 0.00212132 -0.0009677838 0.006578295 0.000583363 -0.0009677838 0.006407435 0.000714471 -0.0009677838 0.005781405 -0.000796889 -0.0009677838 0.005994935 -0.000825 -0.0009677838 0.006208465 -0.000796889 -0.0009677838 0.006407435 -0.000714471 -0.0009677838 0.006578295 -0.000583363 -0.0009677838 0.007868775 -0.00141512 -0.0009677838 0.006709405 -0.0004125 -0.0009677838 0.007980885 -0.000473925 -0.0009677838 0.006791825 -0.000213526 -0.0009677838 0.006819935 4.433932e-11 -0.0009677838 0.006208465 0.000796889 -0.0009677838 0.005994935 0.000825 -0.0009677838 0.005781405 0.000796889 -0.0009677838 0.005582435 0.000714471 -0.0009677838 0.005198045 0.000213526 -0.0009677838 0.005169935 4.433932e-11 -0.0009677838 0.005198045 -0.000213526 -0.0009677838 0.007646145 0.00233645 -0.0009677838 0.007316105 0.00322499 -0.0009677838 0.006401315 0.00478382 -0.0009677838 0.006883285 0.00406825 -0.0009677838 0.005116255 0.00613844 -0.0009677838 0.005734995 0.00557241 -0.0009677838 0.006353775 0.0048544 -0.0009677838 0.004820935 0.004826 -0.0009677838 0.005035635 0.00621219 -0.0009677838 0.004778755 0.00485837 -0.0009677838 0.004778755 0.00639651 -0.0009677838 0.004650075 0.00495711 -0.0009677838 0.004451105 0.00503953 -0.0009677838 0.004265525 0.00676477 -0.0009677838 0.004237575 0.00506764 -0.0009677838 0.003435455 0.00722238 -0.0009677838 0.004024055 0.00503953 -0.0009677838 0.002557095 0.00757861 -0.0009677838 0.003825075 0.00495711 -0.0009677838 0.002116255 0.00769907 -0.0009677838 -0.002126385 0.00771282 -0.0009677838 -0.0008019544 0.00621353 -0.0009677838 -0.002126385 0.00478382 -0.0009677838 -0.0008300654 0.006 -0.0009677838 -0.0008019544 0.00578647 -0.0009677838 -0.0007195364 0.0055875 -0.0009677838 -0.0005884284 0.00541664 -0.0009677838 -0.0004175654 0.00528553 -0.0009677838 0.0004074346 0.00528553 -0.0009677838 0.0005782976 0.00541664 -0.0009677838 0.002116255 0.00478382 -0.0009677838 0.0007094056 0.0055875 -0.0009677838 0.0007918236 0.00578647 -0.0009677838 0.0008199346 0.006 -0.0009677838 0.003654215 0.004826 -0.0009677838 -0.0002421324 0.00799649 -0.0009677838 0.0007053016 0.0079684 -0.0009677838 0.0002084606 0.00679689 -0.0009677838 -0.0002185914 0.00520311 -0.0009677838 -5.065424e-06 0.005175 -0.0009677838 0.0002084606 0.00520311 -0.0009677838 -5.065424e-06 0.006825 -0.0009677838 -0.0002185914 0.00679689 -0.0009677838 -0.001186235 0.00791232 -0.0009677838 -0.0004175654 0.00671447 -0.0009677838 -0.002113765 0.00771708 -0.0009677838 -0.0005884284 0.00658336 -0.0009677838 -0.0007195364 0.0064125 -0.0009677838 0.0007918236 0.00621353 -0.0009677838 0.0007094056 0.0064125 -0.0009677838 0.001642765 0.00782845 -0.0009677838 0.0005782976 0.00658336 -0.0009677838 0.0004074346 0.00671447 -0.0009677838 -0.003835205 0.00495711 -0.0009677838 -0.003011685 0.00741352 -0.0009677838 -0.004034185 0.00503953 -0.0009677838 -0.003867405 0.00700588 -0.0009677838 -0.004247705 0.00506764 -0.0009677838 -0.004668905 0.0064999 -0.0009677838 -0.004461235 0.00503953 -0.0009677838 -0.004788885 0.00640254 -0.0009677838 -0.004660205 0.00495711 -0.0009677838 -0.004788885 0.00485837 -0.0009677838 -0.005404925 0.00590267 -0.0009677838 -0.004831065 0.004826 -0.0009677838 -0.006065155 0.00522258 -0.0009677838 -0.004863435 0.00478382 -0.0009677838 -0.006400105 0.00478382 -0.0009677838 -0.003450815 -0.00445617 -0.0009677838 -0.002126385 -0.00478382 -0.0009677838 -0.003533235 -0.00465514 -0.0009677838 -0.003631975 -0.00478382 -0.0009677838 -0.003422705 -0.00424264 -0.0009677838 -0.002126385 -0.00396151 -0.0009677838 -0.002650095 -0.00364058 -0.0009677838 -0.003450815 -0.00402912 -0.0009677838 -0.003533235 -0.00383014 -0.0009677838 -0.003187045 -0.00318198 -0.0009677838 -0.003664345 -0.00365928 -0.0009677838 -0.003645645 -0.00264503 -0.0009677838 -0.003835205 -0.00352817 -0.0009677838 -0.004034185 -0.00344575 -0.0009677838 -0.003966575 -0.00212132 -0.0009677838 -0.004247705 -0.00341764 -0.0009677838 -0.004461235 -0.00344575 -0.0009677838 -0.004660205 -0.00352817 -0.0009677838 -0.004962175 -0.00465514 -0.0009677838 -0.004863435 -0.00478382 -0.0009677838 -0.004831065 -0.004826 -0.0009677838 -0.004788885 -0.00485837 -0.0009677838 -0.004660205 -0.00495711 -0.0009677838 -0.003664345 -0.004826 -0.0009677838 -0.003835205 -0.00495711 -0.0009677838 -0.004461235 -0.00503953 -0.0009677838 -0.004247705 -0.00506764 -0.0009677838 -0.004034185 -0.00503953 -0.0009677838 -0.004660205 0.00352817 -0.0009677838 -0.004461235 0.00344575 -0.0009677838 -0.002126385 0.00396151 -0.0009677838 -0.002650095 0.00364058 -0.0009677838 -0.003450815 0.00402912 -0.0009677838 -0.004962175 0.00465514 -0.0009677838 -0.005044595 0.00445617 -0.0009677838 -0.006640315 0.00446917 -0.0009677838 -0.005072705 0.00424264 -0.0009677838 -0.007122325 0.00365303 -0.0009677838 -0.005044595 0.00402912 -0.0009677838 -0.007504425 0.00278561 -0.0009677838 -0.004962175 0.00383014 -0.0009677838 -0.004831065 0.00365928 -0.0009677838 -0.004788885 0.00362691 -0.0009677838 -0.004247705 0.00341764 -0.0009677838 -0.003966575 0.00212132 -0.0009677838 -0.003645645 0.00264503 -0.0009677838 -0.004034185 0.00344575 -0.0009677838 -0.003835205 0.00352817 -0.0009677838 -0.003187045 0.00318198 -0.0009677838 -0.003664345 0.00365928 -0.0009677838 -0.003533235 0.00383014 -0.0009677838 -0.003422705 0.00424264 -0.0009677838 -0.003450815 0.00445617 -0.0009677838 -0.003533235 0.00465514 -0.0009677838 -0.003631975 0.00478382 -0.0009677838 -0.003664345 0.004826 -0.0009677838 0.004820935 0.00365928 -0.0009677838 0.004952045 0.00383014 -0.0009677838 0.004778755 0.00362691 -0.0009677838 0.005034465 0.00402912 -0.0009677838 0.005062575 0.00424264 -0.0009677838 0.005034465 0.00445617 -0.0009677838 0.004451105 0.00344575 -0.0009677838 0.004650075 0.00352817 -0.0009677838 0.004778755 0.00212132 -0.0009677838 0.003440685 0.00445617 -0.0009677838 0.003412575 0.00424264 -0.0009677838 0.002116255 0.00396151 -0.0009677838 0.003956445 0.00212132 -0.0009677838 0.003635515 0.00264503 -0.0009677838 0.004024055 0.00344575 -0.0009677838 0.003621845 0.00478382 -0.0009677838 0.003523105 0.00465514 -0.0009677838 0.002639965 0.00364058 -0.0009677838 0.004237575 0.00341764 -0.0009677838 0.003440685 0.00402912 -0.0009677838 0.003523105 0.00383014 -0.0009677838 0.003176915 0.00318198 -0.0009677838 0.003654215 0.00365928 -0.0009677838 0.003825075 0.00352817 -0.0009677838 0.004853305 -0.00478382 -0.0009677838 0.004952045 -0.00465514 -0.0009677838 0.005034465 -0.00445617 -0.0009677838 0.005062575 -0.00424264 -0.0009677838 0.005034465 -0.00402912 -0.0009677838 0.004952045 -0.00383014 -0.0009677838 0.004820935 -0.004826 -0.0009677838 0.004778755 -0.00485837 -0.0009677838 0.004650075 -0.00495711 -0.0009677838 0.002116255 -0.00478382 -0.0009677838 0.003621845 -0.00478382 -0.0009677838 0.003654215 -0.004826 -0.0009677838 0.003825075 -0.00495711 -0.0009677838 0.004024055 -0.00503953 -0.0009677838 0.004237575 -0.00506764 -0.0009677838 0.004451105 -0.00503953 -0.0009677838 0.004451105 -0.00344575 -0.0009677838 0.004237575 -0.00341764 -0.0009677838 0.003956445 -0.00212132 -0.0009677838 0.004820935 -0.00365928 -0.0009677838 0.004778755 -0.00362691 -0.0009677838 0.004778755 -0.00212132 -0.0009677838 0.004650075 -0.00352817 -0.0009677838 0.003635515 -0.00264503 -0.0009677838 0.002116255 -0.00396151 -0.0009677838 0.002639965 -0.00364058 -0.0009677838 0.003440685 -0.00402912 -0.0009677838 0.004024055 -0.00344575 -0.0009677838 0.003825075 -0.00352817 -0.0009677838 0.003176915 -0.00318198 -0.0009677838 0.003654215 -0.00365928 -0.0009677838 0.003523105 -0.00383014 -0.0009677838 0.003412575 -0.00424264 -0.0009677838 0.003440685 -0.00445617 -0.0009677838 0.003523105 -0.00465514 -0.0009677838 0.004004465 -0.00204296 -0.0009677838 0.004274685 -0.00139058 -0.0009677838 0.004004465 0.00204296 -0.0009677838 0.004274685 0.00139058 -0.0009677838 0.004439535 -0.000703955 -0.0009677838 0.004494935 4.433929e-11 -0.0009677838 0.004439535 0.000703955 -0.0009677838 -0.001395645 -0.00427975 -0.0009677838 -0.0007090204 -0.0044446 -0.0009677838 -0.002048025 -0.00400953 -0.0009677838 -5.065424e-06 -0.0045 -0.0009677838 0.0006988896 -0.0044446 -0.0009677838 0.001385515 -0.00427975 -0.0009677838 0.002037895 -0.00400953 -0.0009677838 -0.004014595 0.00204296 -0.0009677838 -0.004284815 0.00139058 -0.0009677838 -0.004014595 -0.00204296 -0.0009677838 -0.004284815 -0.00139058 -0.0009677838 -0.004449665 0.000703955 -0.0009677838 -0.004505065 4.433929e-11 -0.0009677838 -0.004449665 -0.000703955 -0.0009677838 -0.002048025 0.00400953 -0.0009677838 -0.001395645 0.00427975 -0.0009677838 0.002037895 0.00400953 -0.0009677838 0.001385515 0.00427975 -0.0009677838 0.0006988896 0.0044446 -0.0009677838 -5.065424e-06 0.0045 -0.0009677838 -0.0007090204 0.0044446 -0.0009677838 0.001544935 4.433929e-11 0.001032216 0.001544935 4.433929e-11 0.002032216 0.001492115 0.00040117 0.001032216 0.001492115 0.00040117 0.002032216 0.001337275 0.000775 0.001032216 0.001337275 0.000775 0.002032216 0.001090955 0.00109602 0.001032216 0.001090955 0.00109602 0.002032216 0.0007699346 0.00134234 0.001032216 0.0007699346 0.00134234 0.002032216 0.0003961046 0.00149718 0.001032216 0.0003961046 0.00149718 0.002032216 -5.065424e-06 0.00155 0.001032216 -5.065424e-06 0.00155 0.002032216 -0.0004062354 0.00149718 0.001032216 -0.0004062354 0.00149718 0.002032216 -0.0007800654 0.00134234 0.001032216 -0.0007800654 0.00134234 0.002032216 -0.001101085 0.00109602 0.001032216 -0.001101085 0.00109602 0.002032216 -0.001347405 0.000775 0.001032216 -0.001347405 0.000775 0.002032216 -0.001502245 0.00040117 0.001032216 -0.001502245 0.00040117 0.002032216 -0.001555065 4.43393e-11 0.001032216 -0.001555065 4.43393e-11 0.002032216 -0.001502245 -0.00040117 0.001032216 -0.001502245 -0.00040117 0.002032216 -0.001347405 -0.000775 0.001032216 -0.001347405 -0.000775 0.002032216 -0.001101085 -0.00109602 0.001032216 -0.001101085 -0.00109602 0.002032216 -0.0007800654 -0.00134234 0.001032216 -0.0007800654 -0.00134234 0.002032216 -0.0004062354 -0.00149718 0.001032216 -0.0004062354 -0.00149718 0.002032216 -5.065424e-06 -0.00155 0.001032216 -5.065424e-06 -0.00155 0.002032216 0.0003961046 -0.00149718 0.001032216 0.0003961046 -0.00149718 0.002032216 0.0007699346 -0.00134234 0.001032216 0.0007699346 -0.00134234 0.002032216 0.001090955 -0.00109602 0.001032216 0.001090955 -0.00109602 0.002032216 0.001337275 -0.000775 0.001032216 0.001337275 -0.000775 0.002032216 0.001492115 -0.00040117 0.001032216 0.001492115 -0.00040117 0.002032216 0.004487985 0.00025 -0.002067784 0.004439535 0.000703955 -0.0009677838 0.004494935 4.433929e-11 -0.002067784 0.004494935 4.433929e-11 -0.0009677838 0.004487985 -0.00025 -0.002067784 0.004439535 -0.000703955 -0.0009677838 0.004487985 -0.00025 -0.002167784 0.004439535 -0.000703955 -0.002167784 0.004274685 -0.00139058 -0.0009677838 0.004274685 -0.00139058 -0.002167784 0.004004465 -0.00204296 -0.0009677838 0.004004465 -0.00204296 -0.002167784 0.003956445 -0.00212132 -0.0009677838 0.003635515 -0.00264503 -0.002167784 0.003635515 -0.00264503 -0.0009677838 0.003176915 -0.00318198 -0.0009677838 0.003176915 -0.00318198 -0.002167784 0.002639965 -0.00364058 -0.0009677838 0.002639965 -0.00364058 -0.002167784 0.002116255 -0.00396151 -0.0009677838 0.002037895 -0.00400953 -0.002167784 0.002037895 -0.00400953 -0.0009677838 0.001385515 -0.00427975 -0.0009677838 0.001385515 -0.00427975 -0.002167784 0.0006988896 -0.0044446 -0.0009677838 0.0006988896 -0.0044446 -0.002167784 -5.065424e-06 -0.0045 -0.0009677838 -5.065424e-06 -0.0045 -0.002167784 -0.0007090204 -0.0044446 -0.0009677838 -0.0007090204 -0.0044446 -0.002167784 -0.001395645 -0.00427975 -0.0009677838 -0.001395645 -0.00427975 -0.002167784 -0.002048025 -0.00400953 -0.0009677838 -0.002048025 -0.00400953 -0.002167784 -0.002126385 -0.00396151 -0.0009677838 -0.002650095 -0.00364058 -0.002167784 -0.002650095 -0.00364058 -0.0009677838 -0.003187045 -0.00318198 -0.0009677838 -0.003187045 -0.00318198 -0.002167784 -0.003645645 -0.00264503 -0.0009677838 -0.003645645 -0.00264503 -0.002167784 -0.003966575 -0.00212132 -0.0009677838 -0.004014595 -0.00204296 -0.002167784 -0.004014595 -0.00204296 -0.0009677838 -0.004284815 -0.00139058 -0.0009677838 -0.004284815 -0.00139058 -0.002167784 -0.004449665 -0.000703955 -0.0009677838 -0.004449665 -0.000703955 -0.002167784 -0.004505065 4.433929e-11 -0.0009677838 -0.004505065 4.433929e-11 -0.002167784 -0.004449665 0.000703955 -0.0009677838 -0.004449665 0.000703955 -0.002167784 -0.004284815 0.00139058 -0.0009677838 -0.004284815 0.00139058 -0.002167784 -0.004014595 0.00204296 -0.0009677838 -0.004014595 0.00204296 -0.002167784 -0.003966575 0.00212132 -0.0009677838 -0.003645645 0.00264503 -0.002167784 -0.003645645 0.00264503 -0.0009677838 -0.003187045 0.00318198 -0.0009677838 -0.003187045 0.00318198 -0.002167784 -0.002650095 0.00364058 -0.0009677838 -0.002650095 0.00364058 -0.002167784 -0.002126385 0.00396151 -0.0009677838 -0.002048025 0.00400953 -0.002167784 -0.002048025 0.00400953 -0.0009677838 -0.001395645 0.00427975 -0.0009677838 -0.001395645 0.00427975 -0.002167784 -0.0007090204 0.0044446 -0.0009677838 -0.0007090204 0.0044446 -0.002167784 -5.065424e-06 0.0045 -0.0009677838 -5.065424e-06 0.0045 -0.002167784 0.0006988896 0.0044446 -0.0009677838 0.0006988896 0.0044446 -0.002167784 0.001385515 0.00427975 -0.0009677838 0.001385515 0.00427975 -0.002167784 0.002037895 0.00400953 -0.0009677838 0.002037895 0.00400953 -0.002167784 0.002116255 0.00396151 -0.0009677838 0.002639965 0.00364058 -0.002167784 0.002639965 0.00364058 -0.0009677838 0.003176915 0.00318198 -0.0009677838 0.003176915 0.00318198 -0.002167784 0.003635515 0.00264503 -0.0009677838 0.003635515 0.00264503 -0.002167784 0.003956445 0.00212132 -0.0009677838 0.004004465 0.00204296 -0.002167784 0.004004465 0.00204296 -0.0009677838 0.004274685 0.00139058 -0.0009677838 0.004274685 0.00139058 -0.002167784 0.004439535 0.000703955 -0.002167784 0.004487985 0.00025 -0.002167784 0.003227945 -0.00025 0.001732216 0.003277895 -0.00012941 0.001732216 0.002794935 4.43393e-11 0.001732216 0.003294935 4.43393e-11 0.001732216 0.003277895 0.00012941 0.001732216 0.002924345 -0.000482963 0.001732216 0.003044935 -0.000433013 0.001732216 0.003148485 -0.000353553 0.001732216 0.002544935 -0.000433013 0.001732216 0.002665525 -0.000482963 0.001732216 0.002794935 -0.0005 0.001732216 0.002311975 -0.00012941 0.001732216 0.002361925 -0.00025 0.001732216 0.002441385 -0.000353553 0.001732216 0.002361925 0.00025 0.001732216 0.002311975 0.00012941 0.001732216 0.002294935 4.43393e-11 0.001732216 0.002665525 0.000482963 0.001732216 0.002544935 0.000433013 0.001732216 0.002441385 0.000353553 0.001732216 0.003044935 0.000433013 0.001732216 0.002924345 0.000482963 0.001732216 0.002794935 0.0005 0.001732216 0.003227945 0.00025 0.001732216 0.003148485 0.000353553 0.001732216 0.001179385 -0.00228589 0.001032216 0.0009995746 -0.00282678 0.001032216 0.0005187386 -0.00252068 0.001032216 -0.002366455 -0.0010257 0.001032216 -0.002893815 -0.00080939 0.001032216 -0.002555615 -0.000350565 0.001032216 -0.001489745 -0.00210331 0.001032216 -0.002052725 -0.00219251 0.001032216 -0.002002155 -0.00162476 0.001032216 -0.002555615 0.000350565 0.001032216 -0.002893815 0.00080939 0.001032216 -0.002366455 0.0010257 0.001032216 -0.0004062354 0.00149718 0.001032216 -0.0007800654 0.00134234 0.001032216 -0.002002155 0.00162476 0.001032216 -0.001489745 0.00210331 0.001032216 0.0003961046 0.00149718 0.001032216 -5.065424e-06 0.00155 0.001032216 -0.0008672234 0.00242588 0.001032216 -0.0006154334 0.00293725 0.001032216 -0.0001807574 0.00256853 0.001032216 0.002569465 4.43393e-11 0.001032216 0.002966995 -0.0004085 0.001032216 0.002473995 -0.0006946 0.001032216 0.002194665 -0.00133768 0.001032216 0.002322065 -0.00189326 0.001032216 0.0007699346 -0.00134234 0.001032216 0.001752185 -0.00188156 0.001032216 -0.0001807574 -0.00256853 0.001032216 -0.0006154334 -0.00293725 0.001032216 -0.0008672234 -0.00242588 0.001032216 -0.002568325 -0.00155875 0.001032216 -0.002052725 0.00219251 0.001032216 0.001752185 0.00188156 0.001032216 0.002322065 0.00189326 0.001032216 0.002194665 0.00133768 0.001032216 0.002746565 0.0011952 0.001032216 0.002473995 0.0006946 0.001032216 0.001337275 -0.000775 0.001032216 0.001492115 -0.00040117 0.001032216 0.0001996616 -0.00299301 0.001032216 -0.001385265 -0.00266366 0.001032216 -0.002568325 0.00155875 0.001032216 -0.001385265 0.00266366 0.001032216 0.0001996616 0.00299301 0.001032216 0.001179385 0.00228589 0.001032216 0.001724975 0.00245091 0.001032216 0.002746565 -0.0011952 0.001032216 0.001090955 -0.00109602 0.001032216 0.002966995 0.0004085 0.001032216 0.001724975 -0.00245091 0.001032216 0.0003961046 -0.00149718 0.001032216 -5.065424e-06 -0.00155 0.001032216 -0.0004062354 -0.00149718 0.001032216 -0.0007800654 -0.00134234 0.001032216 -0.001101085 -0.00109602 0.001032216 -0.001347405 -0.000775 0.001032216 -0.001502245 -0.00040117 0.001032216 -0.001555065 4.43393e-11 0.001032216 -0.003005065 4.433927e-11 0.001032216 -0.001502245 0.00040117 0.001032216 -0.001347405 0.000775 0.001032216 -0.001101085 0.00109602 0.001032216 0.0005187386 0.00252068 0.001032216 0.0009995746 0.00282678 0.001032216 0.0007699346 0.00134234 0.001032216 0.001090955 0.00109602 0.001032216 0.001337275 0.000775 0.001032216 0.001492115 0.00040117 0.001032216 0.001544935 4.43393e-11 0.001032216 0.002322065 -0.00189326 -0.002167784 0.002194665 -0.00133768 -0.002167784 0.002746565 -0.0011952 -0.002167784 -0.0006154334 -0.00293725 -0.002167784 -0.0001807574 -0.00256853 -0.002167784 0.0001996616 -0.00299301 -0.002167784 0.002194665 0.00133768 -0.002167784 0.002322065 0.00189326 -0.002167784 0.002746565 0.0011952 -0.002167784 0.004004465 0.00204296 -0.002167784 0.002473995 0.0006946 -0.002167784 0.004274685 0.00139058 -0.002167784 0.002966995 0.0004085 -0.002167784 0.004439535 0.000703955 -0.002167784 0.002812755 0.00025 -0.002167784 0.004487985 0.00025 -0.002167784 -0.002893815 -0.00080939 -0.002167784 -0.002366455 -0.0010257 -0.002167784 -0.002568325 -0.00155875 -0.002167784 -0.0001807574 0.00256853 -0.002167784 -0.0006154334 0.00293725 -0.002167784 0.0001996616 0.00299301 -0.002167784 -5.065424e-06 0.0045 -0.002167784 0.0005187386 0.00252068 -0.002167784 0.0006988896 0.0044446 -0.002167784 0.0009995746 0.00282678 -0.002167784 0.001385515 0.00427975 -0.002167784 0.001179385 0.00228589 -0.002167784 0.002037895 0.00400953 -0.002167784 0.001724975 0.00245091 -0.002167784 0.002639965 0.00364058 -0.002167784 0.001752185 0.00188156 -0.002167784 0.003176915 0.00318198 -0.002167784 0.003635515 0.00264503 -0.002167784 -0.002366455 0.0010257 -0.002167784 -0.002893815 0.00080939 -0.002167784 -0.002568325 0.00155875 -0.002167784 -0.004014595 0.00204296 -0.002167784 -0.002002155 0.00162476 -0.002167784 -0.003645645 0.00264503 -0.002167784 -0.002052725 0.00219251 -0.002167784 -0.003187045 0.00318198 -0.002167784 -0.001489745 0.00210331 -0.002167784 -0.002650095 0.00364058 -0.002167784 -0.001385265 0.00266366 -0.002167784 -0.002048025 0.00400953 -0.002167784 -0.0008672234 0.00242588 -0.002167784 -0.001395645 0.00427975 -0.002167784 -0.0007090204 0.0044446 -0.002167784 0.002812755 -0.00025 -0.002167784 0.004487985 -0.00025 -0.002167784 0.002966995 -0.0004085 -0.002167784 0.004439535 -0.000703955 -0.002167784 0.002473995 -0.0006946 -0.002167784 0.004274685 -0.00139058 -0.002167784 0.004004465 -0.00204296 -0.002167784 0.003635515 -0.00264503 -0.002167784 0.001752185 -0.00188156 -0.002167784 0.003176915 -0.00318198 -0.002167784 0.001724975 -0.00245091 -0.002167784 0.002639965 -0.00364058 -0.002167784 0.001179385 -0.00228589 -0.002167784 0.002037895 -0.00400953 -0.002167784 0.0009995746 -0.00282678 -0.002167784 0.001385515 -0.00427975 -0.002167784 0.0005187386 -0.00252068 -0.002167784 0.0006988896 -0.0044446 -0.002167784 -5.065424e-06 -0.0045 -0.002167784 -0.0007090204 -0.0044446 -0.002167784 -0.0008672234 -0.00242588 -0.002167784 -0.001395645 -0.00427975 -0.002167784 -0.001385265 -0.00266366 -0.002167784 -0.002048025 -0.00400953 -0.002167784 -0.001489745 -0.00210331 -0.002167784 -0.002650095 -0.00364058 -0.002167784 -0.002052725 -0.00219251 -0.002167784 -0.003187045 -0.00318198 -0.002167784 -0.002002155 -0.00162476 -0.002167784 -0.003645645 -0.00264503 -0.002167784 -0.004014595 -0.00204296 -0.002167784 -0.004284815 -0.00139058 -0.002167784 -0.002555615 -0.000350565 -0.002167784 -0.004449665 -0.000703955 -0.002167784 -0.003005065 4.433927e-11 -0.002167784 -0.004505065 4.433929e-11 -0.002167784 -0.002555615 0.000350565 -0.002167784 -0.004449665 0.000703955 -0.002167784 -0.004284815 0.00139058 -0.002167784 0.002966995 0.0004085 -0.002167784 0.002812755 0.00025 -0.002167784 0.002812755 0.00025 -0.002067784 0.002569465 4.43393e-11 -0.002067784 0.002569465 4.43393e-11 0.001032216 0.002966995 0.0004085 0.001032216 0.002812755 -0.00025 -0.002167784 0.002966995 -0.0004085 -0.002167784 0.002812755 -0.00025 -0.002067784 0.002966995 -0.0004085 0.001032216 0.002569465 4.43393e-11 -0.002067784 0.002569465 4.43393e-11 0.001032216 0.001752185 -0.00188156 -0.002167784 0.001724975 -0.00245091 -0.002167784 0.001752185 -0.00188156 0.001032216 0.001724975 -0.00245091 0.001032216 0.002746565 -0.0011952 -0.002167784 0.002194665 -0.00133768 -0.002167784 0.002746565 -0.0011952 0.001032216 0.002194665 -0.00133768 0.001032216 0.002322065 -0.00189326 -0.002167784 0.001752185 -0.00188156 -0.002167784 0.002322065 -0.00189326 0.001032216 0.001752185 -0.00188156 0.001032216 0.001179385 -0.00228589 -0.002167784 0.0009995746 -0.00282678 -0.002167784 0.001179385 -0.00228589 0.001032216 0.0009995746 -0.00282678 0.001032216 0.001724975 -0.00245091 -0.002167784 0.001179385 -0.00228589 -0.002167784 0.001724975 -0.00245091 0.001032216 0.001179385 -0.00228589 0.001032216 0.0005187386 -0.00252068 -0.002167784 0.0001996616 -0.00299301 -0.002167784 0.0005187386 -0.00252068 0.001032216 0.0001996616 -0.00299301 0.001032216 0.0009995746 -0.00282678 -0.002167784 0.0005187386 -0.00252068 -0.002167784 0.0009995746 -0.00282678 0.001032216 0.0005187386 -0.00252068 0.001032216 -0.0001807574 -0.00256853 -0.002167784 -0.0006154334 -0.00293725 -0.002167784 -0.0001807574 -0.00256853 0.001032216 -0.0006154334 -0.00293725 0.001032216 0.0001996616 -0.00299301 -0.002167784 -0.0001807574 -0.00256853 -0.002167784 0.0001996616 -0.00299301 0.001032216 -0.0001807574 -0.00256853 0.001032216 -0.0008672234 -0.00242588 -0.002167784 -0.001385265 -0.00266366 -0.002167784 -0.0008672234 -0.00242588 0.001032216 -0.001385265 -0.00266366 0.001032216 -0.0006154334 -0.00293725 -0.002167784 -0.0008672234 -0.00242588 -0.002167784 -0.0006154334 -0.00293725 0.001032216 -0.0008672234 -0.00242588 0.001032216 -0.001489745 -0.00210331 -0.002167784 -0.002052725 -0.00219251 -0.002167784 -0.001489745 -0.00210331 0.001032216 -0.002052725 -0.00219251 0.001032216 -0.001385265 -0.00266366 -0.002167784 -0.001489745 -0.00210331 -0.002167784 -0.001385265 -0.00266366 0.001032216 -0.001489745 -0.00210331 0.001032216 -0.002002155 -0.00162476 -0.002167784 -0.002568325 -0.00155875 -0.002167784 -0.002002155 -0.00162476 0.001032216 -0.002568325 -0.00155875 0.001032216 -0.002052725 -0.00219251 -0.002167784 -0.002002155 -0.00162476 -0.002167784 -0.002052725 -0.00219251 0.001032216 -0.002002155 -0.00162476 0.001032216 -0.002366455 -0.0010257 -0.002167784 -0.002893815 -0.00080939 -0.002167784 -0.002366455 -0.0010257 0.001032216 -0.002893815 -0.00080939 0.001032216 -0.002568325 -0.00155875 -0.002167784 -0.002366455 -0.0010257 -0.002167784 -0.002568325 -0.00155875 0.001032216 -0.002366455 -0.0010257 0.001032216 -0.002555615 -0.000350565 -0.002167784 -0.003005065 4.433927e-11 -0.002167784 -0.002555615 -0.000350565 0.001032216 -0.003005065 4.433927e-11 0.001032216 -0.002893815 -0.00080939 -0.002167784 -0.002555615 -0.000350565 -0.002167784 -0.002893815 -0.00080939 0.001032216 -0.002555615 -0.000350565 0.001032216 -0.002555615 0.000350565 -0.002167784 -0.002893815 0.00080939 -0.002167784 -0.002555615 0.000350565 0.001032216 -0.002893815 0.00080939 0.001032216 -0.003005065 4.433927e-11 -0.002167784 -0.002555615 0.000350565 -0.002167784 -0.003005065 4.433927e-11 0.001032216 -0.002555615 0.000350565 0.001032216 -0.002366455 0.0010257 -0.002167784 -0.002568325 0.00155875 -0.002167784 -0.002366455 0.0010257 0.001032216 -0.002568325 0.00155875 0.001032216 -0.002893815 0.00080939 -0.002167784 -0.002366455 0.0010257 -0.002167784 -0.002893815 0.00080939 0.001032216 -0.002366455 0.0010257 0.001032216 -0.002002155 0.00162476 -0.002167784 -0.002052725 0.00219251 -0.002167784 -0.002002155 0.00162476 0.001032216 -0.002052725 0.00219251 0.001032216 -0.002568325 0.00155875 -0.002167784 -0.002002155 0.00162476 -0.002167784 -0.002568325 0.00155875 0.001032216 -0.002002155 0.00162476 0.001032216 -0.001489745 0.00210331 -0.002167784 -0.001385265 0.00266366 -0.002167784 -0.001489745 0.00210331 0.001032216 -0.001385265 0.00266366 0.001032216 -0.002052725 0.00219251 -0.002167784 -0.001489745 0.00210331 -0.002167784 -0.002052725 0.00219251 0.001032216 -0.001489745 0.00210331 0.001032216 -0.0008672234 0.00242588 -0.002167784 -0.0006154334 0.00293725 -0.002167784 -0.0008672234 0.00242588 0.001032216 -0.0006154334 0.00293725 0.001032216 -0.001385265 0.00266366 -0.002167784 -0.0008672234 0.00242588 -0.002167784 -0.001385265 0.00266366 0.001032216 -0.0008672234 0.00242588 0.001032216 -0.0001807574 0.00256853 -0.002167784 0.0001996616 0.00299301 -0.002167784 -0.0001807574 0.00256853 0.001032216 0.0001996616 0.00299301 0.001032216 -0.0006154334 0.00293725 -0.002167784 -0.0001807574 0.00256853 -0.002167784 -0.0006154334 0.00293725 0.001032216 -0.0001807574 0.00256853 0.001032216 0.0005187386 0.00252068 -0.002167784 0.0009995746 0.00282678 -0.002167784 0.0005187386 0.00252068 0.001032216 0.0009995746 0.00282678 0.001032216 0.0001996616 0.00299301 -0.002167784 0.0005187386 0.00252068 -0.002167784 0.0001996616 0.00299301 0.001032216 0.0005187386 0.00252068 0.001032216 0.001179385 0.00228589 -0.002167784 0.001724975 0.00245091 -0.002167784 0.001179385 0.00228589 0.001032216 0.001724975 0.00245091 0.001032216 0.0009995746 0.00282678 -0.002167784 0.001179385 0.00228589 -0.002167784 0.0009995746 0.00282678 0.001032216 0.001179385 0.00228589 0.001032216 0.001752185 0.00188156 -0.002167784 0.002322065 0.00189326 -0.002167784 0.001752185 0.00188156 0.001032216 0.002322065 0.00189326 0.001032216 0.001724975 0.00245091 -0.002167784 0.001752185 0.00188156 -0.002167784 0.001724975 0.00245091 0.001032216 0.001752185 0.00188156 0.001032216 0.002194665 0.00133768 -0.002167784 0.002746565 0.0011952 -0.002167784 0.002194665 0.00133768 0.001032216 0.002746565 0.0011952 0.001032216 0.002322065 0.00189326 -0.002167784 0.002194665 0.00133768 -0.002167784 0.002322065 0.00189326 0.001032216 0.002194665 0.00133768 0.001032216 0.002746565 0.0011952 -0.002167784 0.002473995 0.0006946 -0.002167784 0.002746565 0.0011952 0.001032216 0.002473995 0.0006946 0.001032216 0.002473995 0.0006946 -0.002167784 0.002966995 0.0004085 -0.002167784 0.002473995 0.0006946 0.001032216 0.002966995 0.0004085 0.001032216 0.002194665 -0.00133768 -0.002167784 0.002322065 -0.00189326 -0.002167784 0.002194665 -0.00133768 0.001032216 0.002322065 -0.00189326 0.001032216 0.002966995 -0.0004085 -0.002167784 0.002473995 -0.0006946 -0.002167784 0.002966995 -0.0004085 0.001032216 0.002473995 -0.0006946 0.001032216 0.002473995 -0.0006946 -0.002167784 0.002746565 -0.0011952 -0.002167784 0.002473995 -0.0006946 0.001032216 0.002746565 -0.0011952 0.001032216 0.002812755 0.00025 -0.002067784 0.002812755 0.00025 -0.002167784 0.004487985 0.00025 -0.002067784 0.004487985 0.00025 -0.002167784 0.002812755 -0.00025 -0.002167784 0.002812755 -0.00025 -0.002067784 0.004487985 -0.00025 -0.002167784 0.004487985 -0.00025 -0.002067784 0.004487985 -0.00025 -0.002067784 0.002812755 -0.00025 -0.002067784 0.004494935 4.433929e-11 -0.002067784 0.002569465 4.43393e-11 -0.002067784 0.004487985 0.00025 -0.002067784 0.002812755 0.00025 -0.002067784</float_array>
          <technique_common>
            <accessor count="1995" source="#verts-array-array" stride="3">
              <param type="float" name="X"/>
              <param type="float" name="Y"/>
              <param type="float" name="Z"/>
            </accessor>
          </technique_common>
        </source>
        <source id="normals-array">
          <float_array count="5985" id="normals-array-array">-1 -3.363954e-16 0 -1 -3.29712e-16 0 -0.965923 -0.2588295 0 -0.965923 -0.2588295 0 -0.8660239 -0.5000026 0 -0.8660239 -0.5000026 0 -0.7071117 -0.7071018 0 -0.7071117 -0.7071018 0 -0.5000086 -0.8660204 0 -0.5000086 -0.8660204 0 -0.2588184 -0.965926 0 -0.2588184 -0.965926 0 8.911109e-18 -1 0 -8.911109e-18 -1 0 0.2588184 -0.965926 0 0.2588184 -0.965926 0 0.5000086 -0.8660204 0 0.5000086 -0.8660204 0 0.7071117 -0.7071018 0 0.7071117 -0.7071018 0 0.8660239 -0.5000026 0 0.8660239 -0.5000026 0 0.965923 -0.2588295 0 0.965923 -0.2588295 0 1 -7.396242e-16 0 1 -7.21802e-16 0 0.965923 0.2588295 0 0.965923 0.2588295 0 0.8660239 0.5000026 0 0.8660239 0.5000026 0 0.7071117 0.7071018 0 0.7071117 0.7071018 0 0.5000086 0.8660204 0 0.5000086 0.8660204 0 0.2588184 0.965926 0 0.2588184 0.965926 0 0 1 0 0 1 0 -0.2588184 0.965926 0 -0.2588184 0.965926 0 -0.5000086 0.8660204 0 -0.5000086 0.8660204 0 -0.7071117 0.7071018 0 -0.7071117 0.7071018 0 -0.8660239 0.5000026 0 -0.8660239 0.5000026 0 -0.965923 0.2588295 0 -0.965923 0.2588295 0 0 0 1 0 0 1 0 0 1 0 0 1 0 0 1 0 0 1 0 0 1 0 0 1 0 0 1 0 0 1 0 0 1 0 0 1 0 0 1 0 0 1 0 0 1 0 0 1 0 0 1 0 0 1 0 0 1 0 0 1 0 0 1 0 0 1 0 0 1 0 0 1 0 0 1 0 0 1 0 0 1 0 0 1 0 0 1 0 0 1 0 0 1 0 0 1 0 0 1 0 0 1 0 0 1 0 0 1 0 0 1 0 0 1 0 0 1 0 0 1 0 0 1 0 0 1 0 0 1 0 0 1 0 0 1 0 0 1 0 0 1 0 0 1 0 0 1 0 0 1 0 0 1 0 0 1 0 0 1 0 0 1 0 0 1 0 0 1 0 0 1 0 0 1 0 0 1 0 0 1 0 0 1 0 0 1 0 0 1 0 0 1 0 0 1 0 0 1 0 0 1 0 0 1 0 0 1 0 0 1 0 0 1 0 0 1 0 0 1 0 0 1 0 0 1 0 0 1 0 0 1 0 0 1 0 0 1 0 0 1 0 0 1 0 0 1 0 0 1 0 0 1 0 0 1 0 0 1 -0.7891452 -0.6142067 -4.441874e-07 -0.6772836 -0.735722 0 -0.6772836 -0.735722 0 -0.546937 -0.8371738 0 -0.5469415 -0.8371708 -4.104332e-07 -0.475935 -0.8794805 -1.654305e-07 -0.4016933 -0.9157743 -2.85845e-07 -0.4016938 -0.9157741 0 -0.2454896 -0.9693992 0 -0.2454896 -0.9693992 0 -0.08258159 -0.9965843 0 -0.08258159 -0.9965843 0 0.08258159 -0.9965843 0 0.08258159 -0.9965843 0 0.2454896 -0.9693992 0 0.2454896 -0.9693992 0 0.4016938 -0.9157741 0 0.4016933 -0.9157743 -2.85845e-07 0.475935 -0.8794805 -1.654305e-07 0.5469415 -0.8371708 -4.104332e-07 0.546937 -0.8371738 0 0.6772836 -0.735722 0 0.6772836 -0.735722 0 0.7891458 -0.6142059 0 0.7891452 -0.6142067 -4.441874e-07 0.8371675 -0.5469466 -2.364442e-07 0.879472 -0.4759507 -4.915962e-07 0.8794711 -0.4759523 0 0.945815 -0.3247061 0 0.945815 -0.3247061 0 0.9863615 -0.1645933 0 0.9863615 -0.1645933 0 1 1.77303e-16 0 1 1.728704e-16 0 0.9863615 0.1645933 0 0.9863615 0.1645933 0 0.945815 0.3247061 0 0.945815 0.3247061 0 0.8794711 0.4759523 0 0.879472 0.4759507 -4.915962e-07 0.8371675 0.5469466 -2.364442e-07 0.7891452 0.6142067 -4.441874e-07 0.7891458 0.6142059 0 0.6772836 0.735722 0 0.6772836 0.735722 0 0.546937 0.8371738 0 0.5469415 0.8371708 -4.104332e-07 0.475935 0.8794805 -1.654305e-07 0.4016933 0.9157743 -2.85845e-07 0.4016938 0.9157741 0 0.2454896 0.9693992 0 0.2454896 0.9693992 0 0.08258159 0.9965843 0 0.08258159 0.9965843 0 -0.08258159 0.9965843 0 -0.08258159 0.9965843 0 -0.2454896 0.9693992 0 -0.2454896 0.9693992 0 -0.4016938 0.9157741 0 -0.4016933 0.9157743 -2.85845e-07 -0.475935 0.8794805 -1.654305e-07 -0.5469415 0.8371708 -4.104332e-07 -0.546937 0.8371738 0 -0.6772836 0.735722 0 -0.6772836 0.735722 0 -0.7891458 0.6142059 0 -0.7891452 0.6142067 -4.441874e-07 -0.8371675 0.5469466 -2.364442e-07 -0.879472 0.4759507 -4.915962e-07 -0.8794711 0.4759523 0 -0.945815 0.3247061 0 -0.945815 0.3247061 0 -0.9863615 0.1645933 0 -0.9863615 0.1645933 0 -1 1.152469e-16 0 -1 1.019492e-16 0 -0.9863615 -0.1645933 0 -0.9863615 -0.1645933 0 -0.945815 -0.3247061 0 -0.945815 -0.3247061 0 -0.8794711 -0.4759523 0 -0.879472 -0.4759507 -4.915962e-07 -0.8371675 -0.5469466 -2.364442e-07 -0.7891458 -0.6142059 0 0 0 1 0 0 1 0 0 1 0 0 1 0 0 1 0 0 1 0 0 1 0 0 1 0 0 1 0 0 1 0 0 1 0 0 1 0 0 1 0 0 1 0 0 1 0 0 1 0 0 1 0 0 1 0 0 1 0 0 1 0 0 1 0 0 1 0 0 1 0 0 1 0 0 1 0 0 1 0 0 1 0 0 1 0 0 1 0 0 1 0 0 1 0 0 1 0 0 1 0 0 1 0 0 1 0 0 1 0 0 1 0 0 1 0 0 1 0 0 1 0 0 1 0 0 1 0 0 1 0 0 1 0 0 1 0 0 1 0 0 1 0 0 1 0 0 1 0 0 1 0 0 1 0 0 1 0 0 1 0 0 1 0 0 1 0 0 1 0 0 1 0 0 1 0 0 1 0 0 1 0 0 1 0 0 1 0 0 1 0 0 1 0 0 1 0 0 1 0 0 1 0 0 1 0 0 1 0 0 1 0 0 1 0 0 1 0 0 1 0 0 1 0 0 1 0 0 1 0 0 1 0 0 1 0 0 1 0 0 1 0 0 1 0 0 1 0 0 1 0 0 1 0 0 1 0 0 1 0 0 1 0 0 1 0 0 1 0 0 1 0 0 1 0 0 1 0 0 1 0 0 1 0 0 1 0 0 1 0 0 1 0 0 1 0 0 1 0 0 1 0 0 1 0 0 1 0 0 1 0 0 1 0 0 1 0 0 1 0 0 1 0 0 1 0 0 1 0 0 1 0 0 1 0 0 1 0 0 1 0 0 1 0 0 1 0 0 1 0 0 1 0 0 1 0 0 1 0 0 1 0 0 1 0 0 1 0 0 1 0 0 1 0 0 1 0 0 1 0 0 1 0 0 1 0 0 1 0 0 1 0 0 1 0 0 1 0 0 1 0 0 1 0 0 1 0 0 1 0 0 1 0 0 1 0 0 1 0 0 1 0 0 1 0 0 1 0 0 1 0 0 1 0 0 1 0 0 1 0 0 1 0 0 1 0 0 1 0 0 1 0 0 1 0 0 1 0 0 1 0 0 1 0 0 1 0 0 1 0 0 1 0 0 1 0 0 1 0 0 1 0 0 1 0 0 1 0 0 1 0 0 1 0 0 1 0 0 1 0 0 1 0 0 1 0 0 1 0 0 1 0 0 1 0 0 1 0 0 1 0 0 1 0 0 1 0 0 1 0 0 1 0 0 1 0 0 1 0 0 1 0 0 1 0 0 1 0 0 1 0 0 1 0 0 1 0 0 1 0 0 1 0 0 1 0 0 1 0 0 1 0 0 1 0 0 1 0 0 1 0 0 1 0 0 1 0 0 1 0 0 1 0 0 1 0 0 1 0 0 1 0 0 1 0 0 1 0 0 1 0 0 1 0 0 1 0 0 1 0 0 1 0 0 1 0 0 1 0 0 1 0 0 1 0 0 1 0 0 1 0 0 1 0 0 1 0 0 1 0 0 1 0 0 1 0 0 1 0 0 1 0 0 1 0 0 1 0 0 1 0 0 1 0 0 1 0 0 1 0 0 1 0 0 1 0 0 1 0 0 1 0 0 1 0 0 1 0 0 1 0 0 1 0 0 1 0 0 1 0 0 1 0 0 1 0 0 1 0 0 1 0 0 1 0 0 1 0 0 1 0 0 1 0 0 1 0 0 1 0 0 1 0 0 1 0 0 1 0 0 1 0 0 1 0 0 1 0 0 1 0 0 1 0 0 1 0 0 1 0 0 1 0 0 1 0 0 1 0 0 1 0 0 1 0 0 1 0 0 1 0 0 1 0 0 1 0 0 1 0 0 1 0 0 1 0 0 1 0 0 1 0 0 1 0 0 1 0 0 1 0 0 1 0 0 1 0 0 1 0 0 1 0 0 1 0 0 1 0 0 1 0 0 1 0 0 1 0 0 1 0 0 1 0 0 1 0 0 1 0 0 1 0 0 1 0 0 1 0 0 1 0 0 1 0 0 1 0 0 1 0 0 1 0 0 1 0 0 1 0 0 1 0 0 1 0 0 1 0 0 1 0 0 1 0 0 1 0 0 1 0 0 1 0 0 1 0 0 1 0 0 1 0 0 1 0 0 1 0 0 1 0 0 1 0 0 1 0 0 1 0 0 1 0 0 1 0 0 1 0 0 1 0 0 1 0 0 1 0 0 1 0 0 1 0 0 1 0 0 1 0 0 1 0 0 1 0 0 1 0 0 1 0 0 1 0 0 1 0 0 1 0 0 1 0 0 1 0 0 1 0 0 1 0 0 1 0 0 1 0 0 1 0 0 1 0 0 1 0 0 1 0 0 1 0 0 1 0 0 1 0 0 1 -0.9659245 -0.258824 -1.084721e-06 -0.9238695 -0.3827077 -7.566621e-08 -0.8660211 -0.5000075 -1.067999e-06 -0.8660256 -0.4999996 -5.75689e-07 -0.793334 -0.6087867 -4.118272e-08 -0.7071065 -0.7071071 -5.966847e-07 -0.7070908 -0.7071228 0 -0.5000068 -0.8660215 0 -0.5000068 -0.8660215 0 -0.2588176 -0.9659262 0 -0.2588176 -0.9659262 0 -3.030199e-06 -1 0 -3.030199e-06 -1 0 0.258824 -0.9659245 -1.084721e-06 0.2588487 -0.9659179 0 0.3827077 -0.9238695 -7.566621e-08 0.5000075 -0.8660211 -1.067999e-06 0.4999996 -0.8660256 -5.75689e-07 0.6087867 -0.793334 -4.118272e-08 0.7071068 -0.7071068 -1.193369e-06 0.7071068 -0.7071068 0 0.793334 -0.6087867 -4.118272e-08 0.8660256 -0.4999996 -5.75689e-07 0.8660211 -0.5000075 -1.067999e-06 0.9238695 -0.3827077 -7.566621e-08 0.9659245 -0.258824 -1.084721e-06 0.9659179 -0.2588487 0 1 3.030199e-06 0 1 3.030199e-06 0 0.9659262 0.2588176 0 0.9659262 0.2588176 0 0.8660215 0.5000068 0 0.8660215 0.5000068 0 0.7071228 0.7070908 0 0.7071071 0.7071065 -5.966847e-07 0.6087867 0.793334 -4.118272e-08 0.4999996 0.8660256 -5.75689e-07 0.5000075 0.8660211 -1.067999e-06 0.3827077 0.9238695 -7.566621e-08 0.258824 0.9659245 -1.084721e-06 0.2588487 0.9659179 0 -3.030199e-06 1 0 -3.030199e-06 1 0 -0.2588176 0.9659262 0 -0.2588176 0.9659262 0 -0.5000068 0.8660215 0 -0.5000068 0.8660215 0 -0.7071068 0.7071068 0 -0.7071068 0.7071068 0 -0.8660215 0.5000068 0 -0.8660215 0.5000068 0 -0.9659262 0.2588176 0 -0.9659262 0.2588176 0 -1 3.030199e-06 0 -1 3.030199e-06 0 -0.9659179 -0.2588487 0 -1 2.227776e-18 0 -1 0 0 -0.9659252 -0.2588214 0 -0.9659252 -0.2588214 0 -0.866021 -0.5000076 0 -0.866021 -0.5000076 0 -0.7071064 -0.7071072 0 -0.7071064 -0.7071072 0 -0.5000077 -0.8660209 0 -0.5000077 -0.8660209 0 -0.258821 -0.9659253 0 -0.258821 -0.9659253 0 2.590458e-14 -1 0 2.59224e-14 -1 0 0.258821 -0.9659253 0 0.258821 -0.9659253 0 0.5000077 -0.8660209 0 0.5000077 -0.8660209 0 0.7071064 -0.7071072 0 0.7071064 -0.7071072 0 0.866021 -0.5000076 0 0.866021 -0.5000076 0 0.9659252 -0.2588214 0 0.9659252 -0.2588214 0 1 0 0 1 0 0 0.9659252 0.2588214 0 0.9659252 0.2588214 0 0.866021 0.5000076 0 0.866021 0.5000076 0 0.7071064 0.7071072 0 0.7071064 0.7071072 0 0.5000077 0.8660209 0 0.5000077 0.8660209 0 0.258821 0.9659253 0 0.258821 0.9659253 0 2.659964e-14 1 0 2.659964e-14 1 0 -0.258821 0.9659253 0 -0.258821 0.9659253 0 -0.5000077 0.8660209 0 -0.5000077 0.8660209 0 -0.7071064 0.7071072 0 -0.7071064 0.7071072 0 -0.866021 0.5000076 0 -0.866021 0.5000076 0 -0.9659252 0.2588214 0 -0.9659252 0.2588214 0 -0.9659245 -0.258824 -1.084721e-06 -0.9238695 -0.3827077 -7.566621e-08 -0.8660211 -0.5000075 -1.067999e-06 -0.8660256 -0.4999996 -5.75689e-07 -0.793334 -0.6087867 -4.118272e-08 -0.7071068 -0.7071068 -1.193369e-06 -0.7071068 -0.7071068 0 -0.6087867 -0.793334 -4.118272e-08 -0.4999996 -0.8660256 -5.75689e-07 -0.5000075 -0.8660211 -1.067999e-06 -0.3827077 -0.9238695 -7.566621e-08 -0.258824 -0.9659245 -1.084721e-06 -0.2588487 -0.9659179 0 3.030199e-06 -1 0 3.030199e-06 -1 0 0.2588176 -0.9659262 0 0.2588176 -0.9659262 0 0.5000068 -0.8660215 0 0.5000068 -0.8660215 0 0.7070908 -0.7071228 0 0.7071065 -0.7071071 -5.966847e-07 0.793334 -0.6087867 -4.118272e-08 0.8660256 -0.4999996 -5.75689e-07 0.8660211 -0.5000075 -1.067999e-06 0.9238695 -0.3827077 -7.566621e-08 0.9659245 -0.258824 -1.084721e-06 0.9659179 -0.2588487 0 1 3.030199e-06 0 1 3.030199e-06 0 0.9659262 0.2588176 0 0.9659262 0.2588176 0 0.8660215 0.5000068 0 0.8660215 0.5000068 0 0.7071068 0.7071068 0 0.7071068 0.7071068 0 0.5000068 0.8660215 0 0.5000068 0.8660215 0 0.2588176 0.9659262 0 0.2588176 0.9659262 0 3.030199e-06 1 0 3.030199e-06 1 0 -0.258824 0.9659245 -1.084721e-06 -0.2588487 0.9659179 0 -0.3827077 0.9238695 -7.566621e-08 -0.5000075 0.8660211 -1.067999e-06 -0.4999996 0.8660256 -5.75689e-07 -0.6087867 0.793334 -4.118272e-08 -0.7071071 0.7071065 -5.966847e-07 -0.7071228 0.7070908 0 -0.8660215 0.5000068 0 -0.8660215 0.5000068 0 -0.9659262 0.2588176 0 -0.9659262 0.2588176 0 -1 3.030199e-06 0 -1 3.030199e-06 0 -0.9659179 -0.2588487 0 -1 -1.270946e-14 0 -1 -1.271614e-14 0 -0.9659253 -0.258821 0 -0.9659253 -0.258821 0 -0.8660209 -0.5000077 0 -0.8660209 -0.5000077 0 -0.7071072 -0.7071064 0 -0.7071072 -0.7071064 0 -0.5000076 -0.866021 0 -0.5000076 -0.866021 0 -0.2588214 -0.9659252 0 -0.2588214 -0.9659252 0 0 -1 0 0 -1 0 0.2588214 -0.9659252 0 0.2588214 -0.9659252 0 0.5000076 -0.866021 0 0.5000076 -0.866021 0 0.7071072 -0.7071064 0 0.7071072 -0.7071064 0 0.8660209 -0.5000077 0 0.8660209 -0.5000077 0 0.9659253 -0.258821 0 0.9659253 -0.258821 0 1 -1.313497e-14 0 1 -1.313497e-14 0 0.9659253 0.258821 0 0.9659253 0.258821 0 0.8660209 0.5000077 0 0.8660209 0.5000077 0 0.7071072 0.7071064 0 0.7071072 0.7071064 0 0.5000076 0.866021 0 0.5000076 0.866021 0 0.2588214 0.9659252 0 0.2588214 0.9659252 0 0 1 0 0 1 0 -0.2588214 0.9659252 0 -0.2588214 0.9659252 0 -0.5000076 0.866021 0 -0.5000076 0.866021 0 -0.7071072 0.7071064 0 -0.7071072 0.7071064 0 -0.8660209 0.5000077 0 -0.8660209 0.5000077 0 -0.9659253 0.258821 0 -0.9659253 0.258821 0 0.9659245 0.258824 -1.084721e-06 0.9238695 0.3827077 -7.566621e-08 0.8660211 0.5000075 -1.067999e-06 0.8660256 0.4999996 -5.75689e-07 0.793334 0.6087867 -4.118272e-08 0.7071065 0.7071071 -5.966847e-07 0.7070908 0.7071228 0 0.5000068 0.8660215 0 0.5000068 0.8660215 0 0.2588176 0.9659262 0 0.2588176 0.9659262 0 3.030199e-06 1 0 3.030199e-06 1 0 -0.258824 0.9659245 -1.084721e-06 -0.2588487 0.9659179 0 -0.3827077 0.9238695 -7.566621e-08 -0.5000075 0.8660211 -1.067999e-06 -0.4999996 0.8660256 -5.75689e-07 -0.6087867 0.793334 -4.118272e-08 -0.7071068 0.7071068 -1.193369e-06 -0.7071068 0.7071068 0 -0.793334 0.6087867 -4.118272e-08 -0.8660256 0.4999996 -5.75689e-07 -0.8660211 0.5000075 -1.067999e-06 -0.9238695 0.3827077 -7.566621e-08 -0.9659245 0.258824 -1.084721e-06 -0.9659179 0.2588487 0 -1 -3.030199e-06 0 -1 -3.030199e-06 0 -0.9659262 -0.2588176 0 -0.9659262 -0.2588176 0 -0.8660215 -0.5000068 0 -0.8660215 -0.5000068 0 -0.7071228 -0.7070908 0 -0.7071071 -0.7071065 -5.966847e-07 -0.6087867 -0.793334 -4.118272e-08 -0.4999996 -0.8660256 -5.75689e-07 -0.5000075 -0.8660211 -1.067999e-06 -0.3827077 -0.9238695 -7.566621e-08 -0.258824 -0.9659245 -1.084721e-06 -0.2588487 -0.9659179 0 3.030199e-06 -1 0 3.030199e-06 -1 0 0.2588176 -0.9659262 0 0.2588176 -0.9659262 0 0.5000068 -0.8660215 0 0.5000068 -0.8660215 0 0.7071068 -0.7071068 0 0.7071068 -0.7071068 0 0.8660215 -0.5000068 0 0.8660215 -0.5000068 0 0.9659262 -0.2588176 0 0.9659262 -0.2588176 0 1 -3.030199e-06 0 1 -3.030199e-06 0 0.9659179 0.2588487 0 -1 2.227776e-18 0 -1 0 0 -0.9659252 -0.2588214 0 -0.9659252 -0.2588214 0 -0.866021 -0.5000076 0 -0.866021 -0.5000076 0 -0.7071064 -0.7071072 0 -0.7071064 -0.7071072 0 -0.5000077 -0.8660209 0 -0.5000077 -0.8660209 0 -0.258821 -0.9659253 0 -0.258821 -0.9659253 0 -1.345577e-15 -1 0 -1.336665e-15 -1 0 0.258821 -0.9659253 0 0.258821 -0.9659253 0 0.5000077 -0.8660209 0 0.5000077 -0.8660209 0 0.7071064 -0.7071072 0 0.7071064 -0.7071072 0 0.866021 -0.5000076 0 0.866021 -0.5000076 0 0.9659252 -0.2588214 0 0.9659252 -0.2588214 0 1 0 0 1 0 0 0.9659252 0.2588214 0 0.9659252 0.2588214 0 0.866021 0.5000076 0 0.866021 0.5000076 0 0.7071064 0.7071072 0 0.7071064 0.7071072 0 0.5000077 0.8660209 0 0.5000077 0.8660209 0 0.258821 0.9659253 0 0.258821 0.9659253 0 -6.772438e-16 1 0 -6.683327e-16 1 0 -0.258821 0.9659253 0 -0.258821 0.9659253 0 -0.5000077 0.8660209 0 -0.5000077 0.8660209 0 -0.7071064 0.7071072 0 -0.7071064 0.7071072 0 -0.866021 0.5000076 0 -0.866021 0.5000076 0 -0.9659252 0.2588214 0 -0.9659252 0.2588214 0 0.258824 -0.9659245 -1.084721e-06 0.3827077 -0.9238695 -7.566621e-08 0.5000075 -0.8660211 -1.067999e-06 0.4999996 -0.8660256 -5.75689e-07 0.6087867 -0.793334 -4.118272e-08 0.7071071 -0.7071065 -5.966847e-07 0.7071228 -0.7070908 0 0.8660215 -0.5000068 0 0.8660215 -0.5000068 0 0.9659262 -0.2588176 0 0.9659262 -0.2588176 0 1 -3.030199e-06 0 1 -3.030199e-06 0 0.9659245 0.258824 -1.084721e-06 0.9659179 0.2588487 0 0.9238695 0.3827077 -7.566621e-08 0.8660211 0.5000075 -1.067999e-06 0.8660256 0.4999996 -5.75689e-07 0.793334 0.6087867 -4.118272e-08 0.7071068 0.7071068 -1.193369e-06 0.7071068 0.7071068 0 0.6087867 0.793334 -4.118272e-08 0.4999996 0.8660256 -5.75689e-07 0.5000075 0.8660211 -1.067999e-06 0.3827077 0.9238695 -7.566621e-08 0.258824 0.9659245 -1.084721e-06 0.2588487 0.9659179 0 -3.030199e-06 1 0 -3.030199e-06 1 0 -0.2588176 0.9659262 0 -0.2588176 0.9659262 0 -0.5000068 0.8660215 0 -0.5000068 0.8660215 0 -0.7070908 0.7071228 0 -0.7071065 0.7071071 -5.966847e-07 -0.793334 0.6087867 -4.118272e-08 -0.8660256 0.4999996 -5.75689e-07 -0.8660211 0.5000075 -1.067999e-06 -0.9238695 0.3827077 -7.566621e-08 -0.9659245 0.258824 -1.084721e-06 -0.9659179 0.2588487 0 -1 -3.030199e-06 0 -1 -3.030199e-06 0 -0.9659262 -0.2588176 0 -0.9659262 -0.2588176 0 -0.8660215 -0.5000068 0 -0.8660215 -0.5000068 0 -0.7071068 -0.7071068 0 -0.7071068 -0.7071068 0 -0.5000068 -0.8660215 0 -0.5000068 -0.8660215 0 -0.2588176 -0.9659262 0 -0.2588176 -0.9659262 0 -3.030199e-06 -1 0 -3.030199e-06 -1 0 0.2588487 -0.9659179 0 -1 3.922668e-14 0 -1 3.921777e-14 0 -0.9659253 -0.258821 0 -0.9659253 -0.258821 0 -0.8660209 -0.5000077 0 -0.8660209 -0.5000077 0 -0.7071072 -0.7071064 0 -0.7071072 -0.7071064 0 -0.5000076 -0.866021 0 -0.5000076 -0.866021 0 -0.2588214 -0.9659252 0 -0.2588214 -0.9659252 0 0 -1 0 0 -1 0 0.2588214 -0.9659252 0 0.2588214 -0.9659252 0 0.5000076 -0.866021 0 0.5000076 -0.866021 0 0.7071072 -0.7071064 0 0.7071072 -0.7071064 0 0.8660209 -0.5000077 0 0.8660209 -0.5000077 0 0.9659253 -0.258821 0 0.9659253 -0.258821 0 1 3.879894e-14 0 1 3.878112e-14 0 0.9659253 0.258821 0 0.9659253 0.258821 0 0.8660209 0.5000077 0 0.8660209 0.5000077 0 0.7071072 0.7071064 0 0.7071072 0.7071064 0 0.5000076 0.866021 0 0.5000076 0.866021 0 0.2588214 0.9659252 0 0.2588214 0.9659252 0 0 1 0 0 1 0 -0.2588214 0.9659252 0 -0.2588214 0.9659252 0 -0.5000076 0.866021 0 -0.5000076 0.866021 0 -0.7071072 0.7071064 0 -0.7071072 0.7071064 0 -0.8660209 0.5000077 0 -0.8660209 0.5000077 0 -0.9659253 0.258821 0 -0.9659253 0.258821 0 -0.9374208 -0.3481985 0 -0.9564019 -0.2920538 0 -0.9564019 -0.2920538 0 -0.9720224 -0.2348883 0 -0.829404 -0.5586493 9.536873e-07 -0.8896574 -0.4566287 0 -0.8896574 -0.4566287 0 -0.9374208 -0.3481985 0 -0.7575164 -0.6528161 0 -0.7948611 -0.6067914 1.832444e-07 -0.7948606 -0.6067921 0 -0.7948536 -0.6068012 9.293995e-07 -0.7948393 -0.6068199 3.127432e-07 -0.8293909 -0.5586687 0 -0.7575164 -0.6528161 0 -0.6749825 -0.7378338 7.250749e-07 -0.6749795 -0.7378365 0 -0.6300905 -0.7765217 -2.647895e-07 -0.6301002 -0.7765139 6.043916e-07 -0.5829602 -0.8125007 -5.162765e-07 -0.5829879 -0.8124808 2.114702e-06 -0.5337995 -0.8456111 6.424285e-07 -0.4827917 -0.8757352 1.688338e-06 -0.4827954 -0.8757332 0 -0.3758281 -0.9266894 0 -0.3758281 -0.9266894 0 -0.3200495 -0.9474008 0 -0.3200495 -0.9474008 0 -0.2633638 -0.9646966 0 -0.2633638 -0.9646966 0 -0.1476503 -0.9890396 0 -0.1476503 -0.9890396 0 -0.02963491 -0.9995608 0 -0.02963491 -0.9995608 0 0.08879854 -0.9960496 0 0.08879854 -0.9960496 0 0.2059788 -0.9785564 0 0.2059788 -0.9785564 0 0.2635861 -0.9646359 0 0.2635861 -0.9646359 0 0.3202715 -0.9473258 0 0.3202715 -0.9473258 0 0.4300635 -0.9027986 0 0.4300635 -0.9027986 0 0.5338236 -0.8455959 6.416024e-07 0.5338269 -0.8455938 0 0.5829859 -0.8124823 4.55431e-07 0.5829839 -0.8124837 7.124155e-07 0.6300863 -0.7765251 6.350641e-07 0.6300832 -0.7765276 0 0.6749751 -0.7378405 9.581829e-08 0.7175094 -0.6965488 2.494799e-07 0.7175098 -0.6965484 0 0.7575087 -0.652825 0 0.7575087 -0.652825 0 0.7948532 -0.6068017 0 0.7948472 -0.6068096 1.912093e-06 0.829407 -0.5586448 2.409916e-06 0.8294035 -0.55865 2.732102e-06 0.8610413 -0.5085351 1.594034e-06 0.8610431 -0.5085319 0 0.9151458 -0.403123 0 0.9151458 -0.403123 0 0.9564053 -0.2920428 0 0.9564053 -0.2920428 0 0.9720258 -0.2348739 0 0.9720258 -0.2348739 0 0.9842302 -0.1768923 0 0.9842302 -0.1768923 0 0.9982436 -0.05924326 0 0.9982436 -0.05924326 0 0.9982436 0.05924326 0 0.9982436 0.05924326 0 0.9842302 0.1768923 0 0.9842302 0.1768923 0 0.9720258 0.2348739 0 0.9720258 0.2348739 0 0.9564053 0.2920428 0 0.9564053 0.2920428 0 0.9151458 0.403123 0 0.9151458 0.403123 0 0.8610427 0.5085327 1.156243e-06 0.8610406 0.5085362 0 0.8294079 0.5586435 8.093924e-07 0.8294047 0.5586482 1.323091e-06 0.7948587 0.6067945 4.662475e-07 0.7948521 0.6068032 0 0.7175059 0.6965524 0 0.7175055 0.6965528 2.494798e-07 0.6749751 0.7378405 9.581829e-08 0.6300861 0.7765253 3.22266e-07 0.6300829 0.7765279 5.536701e-07 0.5829868 0.8124816 1.591375e-06 0.5829846 0.8124832 8.866913e-07 0.5338262 0.8455942 1.122033e-06 0.5338232 0.8455961 0 0.4300635 0.9027986 0 0.4300635 0.9027986 0 0.3202715 0.9473258 0 0.3202715 0.9473258 0 0.2635861 0.9646359 0 0.2635861 0.9646359 0 0.2059788 0.9785564 0 0.2059788 0.9785564 0 0.08879854 0.9960496 0 0.08879854 0.9960496 0 -0.02963491 0.9995608 0 -0.02963491 0.9995608 0 -0.1476503 0.9890396 0 -0.1476503 0.9890396 0 -0.2633638 0.9646966 0 -0.2633638 0.9646966 0 -0.3200495 0.9474008 0 -0.3200495 0.9474008 0 -0.3758281 0.9266894 0 -0.3758281 0.9266894 0 -0.4827917 0.8757352 1.688338e-06 -0.4827954 0.8757332 0 -0.5337995 0.8456111 6.424285e-07 -0.5829879 0.8124808 2.114702e-06 -0.5829602 0.8125007 -5.162765e-07 -0.6301002 0.7765139 6.043916e-07 -0.6300905 0.7765217 -2.647895e-07 -0.6749825 0.7378338 7.250749e-07 -0.6749795 0.7378365 0 -0.7575123 0.6528209 0 -0.7575123 0.6528208 3.687829e-08 -0.7948548 0.6067997 8.922827e-07 -0.7948399 0.6068192 1.62356e-07 -0.829404 0.5586493 9.536873e-07 -0.8293909 0.5586687 0 -0.8896574 0.4566287 0 -0.8896574 0.4566287 0 -0.9374208 0.3481985 0 -0.9374208 0.3481985 0 -0.9564019 0.2920538 0 -0.9564019 0.2920538 0 -0.9720224 0.2348883 0 -0.9720224 -0.2348883 0 -0.9929809 -0.1182747 0 -0.9929809 -0.1182747 0 -1 1.150554e-16 0 -1 9.735459e-17 0 -0.9929809 0.1182747 0 -0.9929809 0.1182747 0 -0.9720224 0.2348883 0 0 0 -1 0 0 -1 0 0 -1 0 0 -1 0 0 -1 0 0 -1 0 0 -1 0 0 -1 0 0 -1 0 0 -1 0 0 -1 0 0 -1 0 0 -1 0 0 -1 0 0 -1 0 0 -1 0 0 -1 0 0 -1 0 0 -1 0 0 -1 0 0 -1 0 0 -1 0 0 -1 0 0 -1 0 0 -1 0 0 -1 0 0 -1 0 0 -1 0 0 -1 0 0 -1 0 0 -1 0 0 -1 0 0 -1 0 0 -1 0 0 -1 0 0 -1 0 0 -1 0 0 -1 0 0 -1 0 0 -1 0 0 -1 0 0 -1 0 0 -1 0 0 -1 0 0 -1 0 0 -1 0 0 -1 0 0 -1 0 0 -1 0 0 -1 0 0 -1 0 0 -1 0 0 -1 0 0 -1 0 0 -1 0 0 -1 0 0 -1 0 0 -1 0 0 -1 0 0 -1 0 0 -1 0 0 -1 0 0 -1 0 0 -1 0 0 -1 0 0 -1 0 0 -1 0 0 -1 0 0 -1 0 0 -1 0 0 -1 0 0 -1 0 0 -1 0 0 -1 0 0 -1 0 0 -1 0 0 -1 0 0 -1 0 0 -1 0 0 -1 0 0 -1 0 0 -1 0 0 -1 0 0 -1 0 0 -1 0 0 -1 0 0 -1 0 0 -1 0 0 -1 0 0 -1 0 0 -1 0 0 -1 0 0 -1 0 0 -1 0 0 -1 0 0 -1 0 0 -1 0 0 -1 0 0 -1 0 0 -1 0 0 -1 0 0 -1 0 0 -1 0 0 -1 0 0 -1 0 0 -1 0 0 -1 0 0 -1 0 0 -1 0 0 -1 0 0 -1 0 0 -1 0 0 -1 0 0 -1 0 0 -1 0 0 -1 0 0 -1 0 0 -1 0 0 -1 0 0 -1 0 0 -1 0 0 -1 0 0 -1 0 0 -1 0 0 -1 0 0 -1 0 0 -1 0 0 -1 0 0 -1 0 0 -1 0 0 -1 0 0 -1 0 0 -1 0 0 -1 0 0 -1 0 0 -1 0 0 -1 0 0 -1 0 0 -1 0 0 -1 0 0 -1 0 0 -1 0 0 -1 0 0 -1 0 0 -1 0 0 -1 0 0 -1 0 0 -1 0 0 -1 0 0 -1 0 0 -1 0 0 -1 0 0 -1 0 0 -1 0 0 -1 0 0 -1 0 0 -1 0 0 -1 0 0 -1 0 0 -1 0 0 -1 0 0 -1 0 0 -1 0 0 -1 0 0 -1 0 0 -1 0 0 -1 0 0 -1 0 0 -1 0 0 -1 0 0 -1 0 0 -1 0 0 -1 0 0 -1 0 0 -1 0 0 -1 0 0 -1 0 0 -1 0 0 -1 0 0 -1 0 0 -1 0 0 -1 0 0 -1 0 0 -1 0 0 -1 0 0 -1 0 0 -1 0 0 -1 0 0 -1 0 0 -1 0 0 -1 0 0 -1 0 0 -1 0 0 -1 0 0 -1 0 0 -1 0 0 -1 0 0 -1 0 0 -1 0 0 -1 0 0 -1 0 0 -1 0 0 -1 0 0 -1 0 0 -1 0 0 -1 0 0 -1 0 0 -1 0 0 -1 0 0 -1 0 0 -1 0 0 -1 0 0 -1 0 0 -1 0 0 -1 0 0 -1 0 0 -1 0 0 -1 0 0 -1 0 0 -1 0 0 -1 0 0 -1 0 0 -1 0 0 -1 0 0 -1 0 0 -1 0 0 -1 0 0 -1 0 0 -1 0 0 -1 0 0 -1 0 0 -1 0 0 -1 0 0 -1 0 0 -1 0 0 -1 0 0 -1 0 0 -1 0 0 -1 0 0 -1 0 0 -1 0 0 -1 0 0 -1 0 0 -1 0 0 -1 0 0 -1 0 0 -1 0 0 -1 0 0 -1 0 0 -1 0 0 -1 0 0 -1 0 0 -1 0 0 -1 0 0 -1 0 0 -1 0 0 -1 0 0 -1 0 0 -1 0 0 -1 0 0 -1 0 0 -1 0 0 -1 0 0 -1 0 0 -1 0 0 -1 0 0 -1 0 0 -1 0 0 -1 0 0 -1 0 0 -1 0 0 -1 0 0 -1 0 0 -1 0 0 -1 0 0 -1 0 0 -1 0 0 -1 0 0 -1 0 0 -1 0 0 -1 0 0 -1 0 0 -1 0 0 -1 0 0 -1 0 0 -1 0 0 -1 0 0 -1 0 0 -1 0 0 -1 0 0 -1 0 0 -1 0 0 -1 0 0 -1 0 0 -1 0 0 -1 0 0 -1 0 0 -1 0 0 -1 0 0 -1 0 0 -1 0 0 -1 0 0 -1 0 0 -1 0 0 -1 0 0 -1 0 0 -1 0 0 -1 0 0 -1 0 0 -1 0 0 -1 0 0 -1 0 0 -1 0 0 -1 0 0 -1 0 0 -1 0 0 -1 0 0 -1 0 0 -1 0 0 -1 0 0 -1 0 0 -1 0 0 -1 0 0 -1 0 0 -1 0 0 -1 0 0 -1 0 0 -1 0 0 -1 0 0 -1 0 0 -1 0 0 -1 0 0 -1 0 0 -1 0 0 -1 0 0 -1 0 0 -1 0 0 -1 0 0 -1 0 0 -1 0 0 -1 0 0 -1 0 0 -1 0 0 -1 0 0 -1 0 0 -1 -1 6.683343e-17 0 -1 5.346675e-17 0 -0.9659259 -0.2588189 0 -0.9659259 -0.2588189 0 -0.8660321 -0.4999884 0 -0.8660321 -0.4999884 0 -0.7071068 -0.7071068 0 -0.7071068 -0.7071068 0 -0.4999884 -0.8660321 0 -0.4999884 -0.8660321 0 -0.2588189 -0.9659259 0 -0.2588189 -0.9659259 0 -1.336669e-16 -1 0 -1.42578e-16 -1 0 0.2588189 -0.9659259 0 0.2588189 -0.9659259 0 0.4999884 -0.8660321 0 0.4999884 -0.8660321 0 0.7071068 -0.7071068 0 0.7071068 -0.7071068 0 0.8660321 -0.4999884 0 0.8660321 -0.4999884 0 0.9659259 -0.2588189 0 0.9659259 -0.2588189 0 1 -3.653561e-16 0 1 -3.653561e-16 0 0.9659259 0.2588189 0 0.9659259 0.2588189 0 0.8660321 0.4999884 0 0.8660321 0.4999884 0 0.7071068 0.7071068 0 0.7071068 0.7071068 0 0.4999884 0.8660321 0 0.4999884 0.8660321 0 0.2588189 0.9659259 0 0.2588189 0.9659259 0 5.346675e-16 1 0 5.257563e-16 1 0 -0.2588189 0.9659259 0 -0.2588189 0.9659259 0 -0.4999884 0.8660321 0 -0.4999884 0.8660321 0 -0.7071068 0.7071068 0 -0.7071068 0.7071068 0 -0.8660321 0.4999884 0 -0.8660321 0.4999884 0 -0.9659259 0.2588189 0 -0.9659259 0.2588189 0 0.9971996 0.07354489 0.01357114 0.9875904 0.1570407 0.001846815 0.9999037 0.009212744 0.01037555 0.9999812 0.003610554 0.004960088 0.9967813 -0.08015492 0.001509651 0.9871283 -0.1598718 0.004334497 0.9943527 -0.1061259 0 0.985419 -0.1701451 0 0.9510562 -0.309018 0 0.9510562 -0.309018 0 0.8910059 -0.4539916 0 0.8910075 -0.4539885 2.699488e-07 0.8526379 -0.5225023 9.896219e-08 0.8090163 -0.5877862 1.982964e-07 0.8090165 -0.5877859 0 0.7071068 -0.7071068 0 0.7071068 -0.7071068 0 0.5877859 -0.8090165 0 0.5877862 -0.8090163 1.982964e-07 0.5225023 -0.8526379 9.896219e-08 0.4539885 -0.8910075 2.699488e-07 0.4539916 -0.8910059 0 0.309018 -0.9510562 0 0.309018 -0.9510562 0 0.1564368 -0.987688 0 0.1564368 -0.987688 0 -2.259859e-16 -1 0 -2.437102e-16 -1 0 -0.1564368 -0.987688 0 -0.1564368 -0.987688 0 -0.309018 -0.9510562 0 -0.309018 -0.9510562 0 -0.4539916 -0.8910059 0 -0.4539885 -0.8910075 2.699488e-07 -0.5225023 -0.8526379 9.896219e-08 -0.5877862 -0.8090163 1.982964e-07 -0.5877859 -0.8090165 0 -0.7071068 -0.7071068 0 -0.7071068 -0.7071068 0 -0.8090165 -0.5877859 0 -0.8090163 -0.5877862 1.982964e-07 -0.8526379 -0.5225023 9.896219e-08 -0.8910075 -0.4539885 2.699488e-07 -0.8910059 -0.4539916 0 -0.9510562 -0.309018 0 -0.9510562 -0.309018 0 -0.987688 -0.1564368 0 -0.987688 -0.1564368 0 -1 -1.949682e-16 0 -1 -1.639505e-16 0 -0.987688 0.1564368 0 -0.987688 0.1564368 0 -0.9510562 0.309018 0 -0.9510562 0.309018 0 -0.8910059 0.4539916 0 -0.8910075 0.4539885 2.699488e-07 -0.8526379 0.5225023 9.896219e-08 -0.8090163 0.5877862 1.982964e-07 -0.8090165 0.5877859 0 -0.7071068 0.7071068 0 -0.7071068 0.7071068 0 -0.5877859 0.8090165 0 -0.5877862 0.8090163 1.982964e-07 -0.5225023 0.8526379 9.896219e-08 -0.4539885 0.8910075 2.699488e-07 -0.4539916 0.8910059 0 -0.309018 0.9510562 0 -0.309018 0.9510562 0 -0.1564368 0.987688 0 -0.1564368 0.987688 0 -1.240707e-16 1 0 -1.019152e-16 1 0 0.1564368 0.987688 0 0.1564368 0.987688 0 0.309018 0.9510562 0 0.309018 0.9510562 0 0.4539916 0.8910059 0 0.4539885 0.8910075 2.699488e-07 0.5225023 0.8526379 9.896219e-08 0.5877862 0.8090163 1.982964e-07 0.5877859 0.8090165 0 0.7071068 0.7071068 0 0.7071068 0.7071068 0 0.8090165 0.5877859 0 0.8090163 0.5877862 1.982964e-07 0.8526379 0.5225023 9.896219e-08 0.8910075 0.4539885 2.699488e-07 0.8910059 0.4539916 0 0.9510562 0.309018 0 0.9510562 0.309018 0 0.985419 0.1701451 0 0.9943527 0.1061259 0 0 0 1 0 0 1 0 0 1 0 0 1 0 0 1 0 0 1 0 0 1 0 0 1 0 0 1 0 0 1 0 0 1 0 0 1 0 0 1 0 0 1 0 0 1 0 0 1 0 0 1 0 0 1 0 0 1 0 0 1 0 0 1 0 0 1 0 0 1 0 0 1 0 0 1 0 0 -1 0 0 -1 0 0 -1 0 0 -1 0 0 -1 0 0 -1 0 0 -1 0 0 -1 0 0 -1 0 0 -1 0 0 -1 0 0 -1 0 0 -1 0 0 -1 0 0 -1 0 0 -1 0 0 -1 0 0 -1 0 0 -1 0 0 -1 0 0 -1 0 0 -1 0 0 -1 0 0 -1 0 0 -1 0 0 -1 0 0 -1 0 0 -1 0 0 -1 0 0 -1 0 0 -1 0 0 -1 0 0 -1 0 0 -1 0 0 -1 0 0 -1 0 0 -1 0 0 -1 0 0 -1 0 0 -1 0 0 -1 0 0 -1 0 0 -1 0 0 -1 0 0 -1 0 0 -1 0 0 -1 0 0 -1 0 0 -1 0 0 -1 0 0 -1 0 0 -1 0 0 -1 0 0 -1 0 0 -1 0 0 -1 0 0 -1 0 0 -1 0 0 -1 0 0 -1 0 0 -1 0 0 -1 0 0 -1 0 0 -1 0 0 -1 0 0 -1 0 0 -1 0 0 -1 0 0 -1 0 0 -1 0 0 -1 0 0 -1 0 0 -1 0 0 -1 0 0 -1 0 0 -1 0 0 -1 0 0 -1 0 0 -1 0 0 -1 0 0 -1 0 0 -1 0 0 -1 0 0 -1 0 0 -1 0 0 -1 0 0 -1 0 0 -1 0 0 -1 0 0 -1 0 0 -1 0 0 -1 0 0 -1 0 0 -1 0 0 -1 0 0 -1 0 0 -1 0 0 -1 0 0 -1 0 0 -1 0 0 -1 0 0 -1 0 0 -1 0 0 -1 0 0 -1 0 0 -1 0 0 -1 0 0 -1 0 0 -1 0 0 -1 0 0 -1 0 0 -1 0 0 -1 0 0 -1 0 0 -1 0 0 -1 0 0 -1 0 0 -1 0 0 -1 0 0 -1 0 0 -1 0 0 -1 0 0 -1 0 0 -1 0 0 -1 0 0 -1 0 0 -1 0 0 -1 0 0 -1 0 0 -1 0 0 -1 0 0 -1 0 0 -1 0 0 -1 0 0 -1 0 0 -1 0 0 -1 0 0 -1 0 0 -1 0 0 -1 0 0 -1 0 0 -1 0 0 -1 0 0 -1 0 0 -1 0 0 -1 0 0 -1 0 0 -1 0 0 -1 0 0 -1 0 0 -1 0 0 -1 0 0 -1 0 0 -1 0 0 -1 0 0 -1 0 0 -1 0 0 -1 -0.7166722 0.6974102 0 -0.7166722 0.6974102 0 -0.7166678 0.6974147 -3.224574e-08 -0.7166589 0.6974238 0 -0.7166637 0.6974189 -7.699403e-07 -0.7166644 0.6974182 -7.914942e-07 -0.7166722 -0.6974102 0 -0.7166722 -0.6974102 0 -0.7166676 -0.6974149 -4.72047e-07 -0.7166641 -0.6974185 -9.540209e-08 -0.7166595 -0.6974232 -1.19789e-06 -0.7166641 -0.6974185 0 -0.9988599 0.04773686 0 -0.9988599 0.04773686 0 -0.9988599 0.04773686 0 -0.9988599 0.04773686 0 -0.2499672 0.9682543 0 -0.2499672 0.9682543 0 -0.2499672 0.9682543 0 -0.2499672 0.9682543 0 0.02052631 0.9997893 0 0.02052631 0.9997893 0 0.02052631 0.9997893 0 0.02052631 0.9997893 0 -0.9489391 0.3154592 0 -0.9489391 0.3154592 0 -0.9489391 0.3154592 0 -0.9489391 0.3154592 0 0.2895088 0.9571754 0 0.2895088 0.9571754 0 0.2895088 0.9571754 0 0.2895088 0.9571754 0 -0.8286418 0.5597792 0 -0.8286418 0.5597792 0 -0.8286418 0.5597792 0 -0.8286418 0.5597792 0 0.5370172 0.8435713 0 0.5370172 0.8435713 0 0.5370172 0.8435713 0 0.5370172 0.8435713 0 -0.6468795 0.7625922 0 -0.6468795 0.7625922 0 -0.6468795 0.7625922 0 -0.6468795 0.7625922 0 0.7446996 0.6673998 0 0.7446996 0.6673998 0 0.7446996 0.6673998 0 0.7446996 0.6673998 0 -0.4171535 0.908836 0 -0.4171535 0.908836 0 -0.4171535 0.908836 0 -0.4171535 0.908836 0 0.8971438 0.4417386 0 0.8971438 0.4417386 0 0.8971438 0.4417386 0 0.8971438 0.4417386 0 -0.1564905 0.9876795 0 -0.1564905 0.9876795 0 -0.1564905 0.9876795 0 -0.1564905 0.9876795 0 0.9830578 0.1832959 0 0.9830578 0.1832959 0 0.9830578 0.1832959 0 0.9830578 0.1832959 0 0.115806 0.9932719 0 0.115806 0.9932719 0 0.115806 0.9932719 0 0.115806 0.9932719 0 0.9960566 -0.08871965 0 0.9960566 -0.08871965 0 0.9960566 -0.08871965 0 0.9960566 -0.08871965 0 0.3794921 0.925195 0 0.3794921 0.925195 0 0.3794921 0.925195 0 0.3794921 0.925195 0 0.9351844 -0.3541613 0 0.9351844 -0.3541613 0 0.9351844 -0.3541613 0 0.9351844 -0.3541613 0 0.6150253 0.7885074 0 0.6150253 0.7885074 -4.885629e-18 0.6150253 0.7885074 -3.865012e-17 0.6150253 0.7885074 -4.353575e-17 0.8049566 -0.5933337 0 0.8049566 -0.5933337 0 0.8049566 -0.5933337 0 0.8049566 -0.5933337 0 0.8049566 0.5933337 0 0.8049566 0.5933337 0 0.8049566 0.5933337 0 0.8049566 0.5933337 0 0.6150253 -0.7885074 1.451192e-16 0.6150253 -0.7885074 1.288337e-16 0.6150253 -0.7885074 1.628543e-17 0.6150253 -0.7885074 0 0.9351844 0.3541613 0 0.9351844 0.3541613 0 0.9351844 0.3541613 0 0.9351844 0.3541613 0 0.3794921 -0.925195 0 0.3794921 -0.925195 0 0.3794921 -0.925195 0 0.3794921 -0.925195 0 0.9960566 0.08871965 0 0.9960566 0.08871965 0 0.9960566 0.08871965 0 0.9960566 0.08871965 0 0.115806 -0.9932719 0 0.115806 -0.9932719 0 0.115806 -0.9932719 0 0.115806 -0.9932719 0 0.9830578 -0.1832959 0 0.9830578 -0.1832959 0 0.9830578 -0.1832959 0 0.9830578 -0.1832959 0 -0.1564905 -0.9876795 0 -0.1564905 -0.9876795 0 -0.1564905 -0.9876795 0 -0.1564905 -0.9876795 0 0.8971438 -0.4417386 0 0.8971438 -0.4417386 0 0.8971438 -0.4417386 0 0.8971438 -0.4417386 0 -0.4171535 -0.908836 0 -0.4171535 -0.908836 0 -0.4171535 -0.908836 0 -0.4171535 -0.908836 0 0.7446996 -0.6673998 0 0.7446996 -0.6673998 0 0.7446996 -0.6673998 0 0.7446996 -0.6673998 0 -0.6468795 -0.7625922 0 -0.6468795 -0.7625922 0 -0.6468795 -0.7625922 0 -0.6468795 -0.7625922 0 0.5370172 -0.8435713 0 0.5370172 -0.8435713 0 0.5370172 -0.8435713 0 0.5370172 -0.8435713 0 -0.8286418 -0.5597792 0 -0.8286418 -0.5597792 0 -0.8286418 -0.5597792 0 -0.8286418 -0.5597792 0 0.2895088 -0.9571754 0 0.2895088 -0.9571754 0 0.2895088 -0.9571754 0 0.2895088 -0.9571754 0 -0.9489391 -0.3154592 0 -0.9489391 -0.3154592 0 -0.9489391 -0.3154592 0 -0.9489391 -0.3154592 0 0.02052631 -0.9997893 0 0.02052631 -0.9997893 0 0.02052631 -0.9997893 0 0.02052631 -0.9997893 0 -0.9988599 -0.04773686 0 -0.9988599 -0.04773686 0 -0.9988599 -0.04773686 0 -0.9988599 -0.04773686 0 -0.2499672 -0.9682543 0 -0.2499672 -0.9682543 0 -0.2499672 -0.9682543 0 -0.2499672 -0.9682543 0 -0.9747019 0.2235088 0 -0.9747019 0.2235088 0 -0.9747019 0.2235088 0 -0.9747019 0.2235088 0 -0.8782527 0.4781968 0 -0.8782527 0.4781968 0 -0.8782527 0.4781968 0 -0.8782527 0.4781968 0 -0.5019281 -0.8649093 0 -0.5019281 -0.8649093 0 -0.5019281 -0.8649093 0 -0.5019281 -0.8649093 0 -0.9747019 -0.2235088 0 -0.9747019 -0.2235088 0 -0.9747019 -0.2235088 0 -0.9747019 -0.2235088 0 -0.5019281 0.8649093 0 -0.5019281 0.8649093 0 -0.5019281 0.8649093 0 -0.5019281 0.8649093 0 -0.8782527 -0.4781968 0 -0.8782527 -0.4781968 0 -0.8782527 -0.4781968 0 -0.8782527 -0.4781968 0 0 -1 0 0 -1 0 0 -1 0 0 -1 0 0 1 0 0 1 0 0 1 0 0 1 0 0 0 -1 0 0 -1 0 0 -1 0 0 -1 0 0 -1 0 0 -1</float_array>
          <technique_common>
            <accessor count="1995" source="#normals-array-array" stride="3">
              <param type="float" name="X"/>
              <param type="float" name="Y"/>
              <param type="float" name="Z"/>
            </accessor>
          </technique_common>
        </source>
        <vertices id="verts-array-vertices">
          <input semantic="POSITION" source="#verts-array"/>
        </vertices>
        <triangles count="1962" material="material0">
          <input offset="0" semantic="VERTEX" source="#verts-array-vertices"/>
          <input offset="1" semantic="NORMAL" source="#normals-array"/>
          <p>0 0 1 1 2 2 3 3 2 2 1 1 2 2 3 3 4 4 5 5 4 4 3 3 4 4 5 5 6 6 7 7 6 6 5 5 6 6 7 7 8 8 9 9 8 8 7 7 8 8 9 9 10 10 11 11 10 10 9 9 10 10 11 11 12 12 13 13 12 12 11 11 12 12 13 13 14 14 15 15 14 14 13 13 14 14 15 15 16 16 17 17 16 16 15 15 16 16 17 17 18 18 19 19 18 18 17 17 18 18 19 19 20 20 21 21 20 20 19 19 20 20 21 21 22 22 23 23 22 22 21 21 22 22 23 23 24 24 25 25 24 24 23 23 24 24 25 25 26 26 27 27 26 26 25 25 26 26 27 27 28 28 29 29 28 28 27 27 28 28 29 29 30 30 31 31 30 30 29 29 30 30 31 31 32 32 33 33 32 32 31 31 32 32 33 33 34 34 35 35 34 34 33 33 34 34 35 35 36 36 37 37 36 36 35 35 36 36 37 37 38 38 39 39 38 38 37 37 38 38 39 39 40 40 41 41 40 40 39 39 40 40 41 41 42 42 43 43 42 42 41 41 42 42 43 43 44 44 45 45 44 44 43 43 44 44 45 45 46 46 47 47 46 46 45 45 46 46 47 47 0 0 1 1 0 0 47 47 48 48 49 49 50 50 51 51 52 52 53 53 54 54 55 55 56 56 57 57 58 58 59 59 60 60 61 61 62 62 63 63 62 62 61 61 62 62 63 63 64 64 51 51 65 65 52 52 66 66 52 52 65 65 52 52 66 66 67 67 68 68 69 69 70 70 64 64 70 70 69 69 70 70 64 64 71 71 63 63 71 71 64 64 59 59 58 58 55 55 72 72 55 55 58 58 55 55 72 72 56 56 73 73 74 74 75 75 53 53 76 76 77 77 50 50 78 78 48 48 79 79 48 48 78 78 48 48 79 79 67 67 80 80 67 67 79 79 67 67 80 80 52 52 68 68 81 81 69 69 82 82 69 69 81 81 69 69 82 82 83 83 49 49 48 48 84 84 85 85 84 84 48 48 84 84 85 85 86 86 87 87 51 51 88 88 53 53 88 88 51 51 88 88 53 53 89 89 77 77 89 89 53 53 56 56 90 90 54 54 91 91 54 54 90 90 54 54 91 91 76 76 92 92 76 76 91 91 76 76 92 92 77 77 59 59 93 93 57 57 94 94 57 57 93 93 57 57 94 94 60 60 95 95 60 60 94 94 60 60 95 95 61 61 83 83 86 86 69 69 85 85 69 69 86 86 69 69 85 85 96 96 97 97 96 96 85 85 96 96 97 97 98 98 99 99 98 98 97 97 100 100 101 101 102 102 103 103 102 102 101 101 102 102 103 103 99 99 104 104 99 99 103 103 99 99 104 104 98 98 75 75 74 74 105 105 106 106 105 105 74 74 105 105 106 106 107 107 108 108 109 109 100 100 110 110 100 100 109 109 100 100 110 110 101 101 75 75 111 111 73 73 112 112 73 73 111 111 73 73 112 112 113 113 114 114 113 113 112 112 113 113 114 114 108 108 115 115 108 108 114 114 108 108 115 115 109 109 107 107 106 106 116 116 117 117 116 116 106 106 116 116 117 117 118 118 119 119 118 118 117 117 118 118 119 119 120 120 120 120 119 119 121 121 122 122 121 121 119 119 121 121 122 122 123 123 123 123 122 122 124 124 125 125 124 124 122 122 124 124 125 125 126 126 127 127 126 126 125 125 126 126 127 127 128 128 128 128 127 127 129 129 130 130 129 129 127 127 129 129 130 130 131 131 132 132 131 131 130 130 131 131 132 132 88 88 133 133 88 88 132 132 88 88 133 133 87 87 134 134 135 135 136 136 137 137 136 136 135 135 136 136 137 137 138 138 139 139 138 138 137 137 138 138 139 139 140 140 139 139 141 141 140 140 142 142 140 140 141 141 140 140 142 142 143 143 144 144 143 143 142 142 143 143 144 144 145 145 146 146 145 145 144 144 145 145 146 146 147 147 148 148 147 147 146 146 147 147 148 148 149 149 150 150 149 149 148 148 149 149 150 150 151 151 152 152 151 151 150 150 151 151 152 152 153 153 152 152 154 154 153 153 155 155 153 153 154 154 153 153 155 155 156 156 157 157 156 156 155 155 156 156 157 157 158 158 159 159 158 158 157 157 158 158 159 159 160 160 159 159 161 161 160 160 162 162 160 160 161 161 160 160 162 162 163 163 164 164 163 163 162 162 163 163 164 164 165 165 166 166 165 165 164 164 165 165 166 166 167 167 168 168 167 167 166 166 167 167 168 168 169 169 170 170 169 169 168 168 169 169 170 170 171 171 172 172 171 171 170 170 171 171 172 172 173 173 174 174 173 173 172 172 173 173 174 174 175 175 174 174 176 176 175 175 177 177 175 175 176 176 175 175 177 177 178 178 179 179 178 178 177 177 178 178 179 179 180 180 181 181 180 180 179 179 180 180 181 181 182 182 181 181 183 183 182 182 184 184 182 182 183 183 182 182 184 184 185 185 186 186 185 185 184 184 185 185 186 186 187 187 188 188 187 187 186 186 187 187 188 188 189 189 190 190 189 189 188 188 189 189 190 190 191 191 192 192 191 191 190 190 191 191 192 192 193 193 194 194 193 193 192 192 193 193 194 194 195 195 194 194 196 196 195 195 197 197 195 195 196 196 195 195 197 197 198 198 199 199 198 198 197 197 198 198 199 199 200 200 201 201 200 200 199 199 200 200 201 201 202 202 201 201 203 203 202 202 204 204 202 202 203 203 202 202 204 204 205 205 206 206 205 205 204 204 205 205 206 206 207 207 208 208 207 207 206 206 207 207 208 208 209 209 210 210 209 209 208 208 209 209 210 210 211 211 212 212 211 211 210 210 211 211 212 212 213 213 214 214 213 213 212 212 213 213 214 214 215 215 216 216 215 215 214 214 215 215 216 216 134 134 217 217 134 134 216 216 134 134 217 217 135 135 218 218 219 219 220 220 221 221 222 222 223 223 224 224 225 225 226 226 227 227 228 228 229 229 227 227 229 229 230 230 228 228 231 231 229 229 232 232 229 229 231 231 229 229 232 232 233 233 233 233 234 234 229 229 235 235 229 229 234 234 229 229 235 235 226 226 236 236 226 226 235 235 226 226 236 236 224 224 237 237 238 238 239 239 240 240 239 239 238 238 239 239 240 240 241 241 242 242 241 241 240 240 241 241 242 242 243 243 225 225 244 244 226 226 245 245 226 226 244 244 226 226 245 245 237 237 242 242 246 246 243 243 247 247 243 243 246 246 243 243 247 247 248 248 249 249 248 248 247 247 248 248 249 249 250 250 251 251 252 252 253 253 254 254 253 253 252 252 253 253 254 254 255 255 250 250 255 255 254 254 255 255 250 250 256 256 249 249 256 256 250 250 251 251 230 230 252 252 229 229 252 252 230 230 252 252 229 229 257 257 258 258 257 257 229 229 259 259 260 260 261 261 262 262 261 261 260 260 261 261 262 262 229 229 263 263 229 229 262 262 229 229 263 263 258 258 259 259 261 261 264 264 265 265 264 264 261 261 264 264 265 265 266 266 266 266 267 267 264 264 268 268 264 264 267 267 264 264 268 268 269 269 270 270 269 269 268 268 269 269 270 270 271 271 272 272 273 273 274 274 275 275 276 276 277 277 270 270 278 278 271 271 279 279 271 271 278 278 271 271 279 279 280 280 275 275 280 280 279 279 280 280 275 275 281 281 277 277 281 281 275 275 282 282 283 283 284 284 285 285 284 284 283 283 286 286 287 287 288 288 288 288 289 289 286 286 290 290 286 286 289 289 286 286 290 290 291 291 292 292 291 291 290 290 291 291 292 292 293 293 294 294 293 293 292 292 293 293 294 294 282 282 285 285 295 295 284 284 296 296 284 284 295 295 284 284 296 296 297 297 298 298 299 299 274 274 300 300 274 274 299 299 274 274 300 300 301 301 301 301 302 302 274 274 277 277 274 274 302 302 274 274 277 277 272 272 276 276 272 272 277 277 302 302 303 303 277 277 304 304 277 277 303 303 277 277 304 304 305 305 306 306 305 305 304 304 305 305 306 306 307 307 308 308 307 307 306 306 307 307 308 308 287 287 309 309 287 287 308 308 287 287 309 309 288 288 297 297 310 310 284 284 311 311 284 284 310 310 284 284 311 311 274 274 312 312 274 274 311 311 274 274 312 312 298 298 293 293 313 313 314 314 315 315 316 316 317 317 282 282 284 284 293 293 318 318 293 293 284 284 293 293 318 318 313 313 317 317 316 316 319 319 320 320 319 319 316 316 319 319 320 320 314 314 321 321 314 314 320 320 314 314 321 321 293 293 317 317 322 322 315 315 323 323 315 315 322 322 315 315 323 323 324 324 325 325 324 324 323 323 324 324 325 325 326 326 327 327 328 328 329 329 330 330 329 329 328 328 329 329 330 330 331 331 332 332 331 331 330 330 331 331 332 332 333 333 334 334 333 333 332 332 333 333 334 334 335 335 336 336 335 335 334 334 335 335 336 336 337 337 338 338 337 337 336 336 337 337 338 338 339 339 340 340 339 339 338 338 339 339 340 340 341 341 326 326 341 341 340 340 341 341 326 326 342 342 325 325 342 342 326 326 343 343 344 344 345 345 346 346 345 345 344 344 345 345 346 346 347 347 348 348 347 347 346 346 347 347 348 348 349 349 350 350 349 349 348 348 351 351 328 328 352 352 353 353 352 352 328 328 354 354 330 330 355 355 328 328 355 355 330 330 355 355 328 328 356 356 351 351 356 356 328 328 354 354 357 357 330 330 358 358 330 330 357 357 330 330 358 358 359 359 360 360 359 359 358 358 359 359 360 360 350 350 361 361 350 350 360 360 350 350 361 361 349 349 362 362 363 363 364 364 365 365 364 364 363 363 364 364 365 365 366 366 366 366 367 367 364 364 368 368 364 364 367 367 364 364 368 368 328 328 369 369 328 328 368 368 328 328 369 369 353 353 343 343 370 370 344 344 371 371 344 344 370 370 344 344 371 371 364 364 372 372 364 364 371 371 364 364 372 372 362 362 373 373 374 374 375 375 375 375 374 374 376 376 377 377 376 376 374 374 376 376 377 377 378 378 379 379 378 378 377 377 378 378 379 379 380 380 344 344 380 380 379 379 380 380 344 344 381 381 364 364 381 381 344 344 381 381 364 364 382 382 375 375 383 383 373 373 384 384 373 373 383 383 373 373 384 384 385 385 386 386 385 385 384 384 385 385 386 386 387 387 388 388 387 387 386 386 223 223 389 389 390 390 388 388 221 221 387 387 223 223 387 387 221 221 387 387 223 223 391 391 390 390 391 391 223 223 389 389 223 223 392 392 220 220 392 392 223 223 392 392 220 220 393 393 219 219 394 394 220 220 395 395 220 220 394 394 220 220 395 395 393 393 396 396 397 397 398 398 398 398 399 399 396 396 400 400 396 396 399 399 396 396 400 400 401 401 402 402 403 403 220 220 404 404 220 220 403 403 405 405 406 406 407 407 408 408 407 407 406 406 407 407 408 408 409 409 410 410 409 409 408 408 409 409 410 410 397 397 411 411 397 397 410 410 397 397 411 411 398 398 401 401 412 412 396 396 413 413 396 396 412 412 396 396 413 413 414 414 404 404 415 415 220 220 416 416 220 220 415 415 220 220 416 416 218 218 219 219 417 417 394 394 418 418 394 394 417 417 394 394 418 418 419 419 420 420 419 419 418 418 419 419 420 420 421 421 420 420 422 422 421 421 423 423 421 421 422 422 421 421 423 423 405 405 424 424 405 405 423 423 405 405 424 424 406 406 425 425 426 426 396 396 427 427 396 396 426 426 396 396 427 427 397 397 428 428 429 429 430 430 431 431 430 430 429 429 430 430 431 431 432 432 433 433 434 434 435 435 436 436 435 435 434 434 435 435 436 436 431 431 437 437 431 431 436 436 431 431 437 437 432 432 237 237 239 239 226 226 438 438 226 226 239 239 226 226 438 438 439 439 440 440 441 441 442 442 443 443 442 442 441 441 442 442 443 443 444 444 445 445 446 446 447 447 448 448 447 447 446 446 447 447 448 448 449 449 450 450 449 449 448 448 449 449 450 450 451 451 452 452 451 451 450 450 451 451 452 452 453 453 454 454 453 453 452 452 453 453 454 454 455 455 456 456 455 455 454 454 455 455 456 456 444 444 435 435 457 457 458 458 458 458 459 459 435 435 226 226 435 435 459 459 435 435 226 226 433 433 439 439 433 433 226 226 459 459 460 460 226 226 461 461 226 226 460 460 226 226 461 461 462 462 457 457 435 435 463 463 431 431 463 463 435 435 463 463 431 431 464 464 465 465 466 466 396 396 467 467 396 396 466 466 445 445 468 468 446 446 469 469 446 446 468 468 446 446 469 469 396 396 470 470 396 396 469 469 396 396 470 470 465 465 428 428 425 425 429 429 396 396 429 429 425 425 429 429 396 396 471 471 467 467 471 471 396 396 471 471 472 472 429 429 473 473 429 429 472 472 429 429 473 473 431 431 474 474 431 431 473 473 431 431 474 474 464 464 475 475 476 476 477 477 478 478 479 479 364 364 480 480 364 364 479 479 364 364 480 480 382 382 477 477 476 476 481 481 482 482 481 481 476 476 481 481 482 482 483 483 484 484 483 483 482 482 483 483 484 484 485 485 486 486 485 485 484 484 485 485 486 486 487 487 488 488 487 487 486 486 487 487 488 488 489 489 490 490 491 491 220 220 492 492 220 220 491 491 220 220 492 492 477 477 493 493 477 477 492 492 477 477 493 493 475 475 222 222 494 494 223 223 495 495 223 223 494 494 223 223 495 495 220 220 496 496 220 220 495 495 220 220 496 496 490 490 497 497 498 498 284 284 327 327 499 499 328 328 500 500 328 328 499 499 328 328 500 500 501 501 502 502 503 503 504 504 498 498 505 505 284 284 506 506 284 284 505 505 284 284 506 506 318 318 504 504 503 503 507 507 508 508 507 507 503 503 507 507 508 508 509 509 510 510 509 509 508 508 509 509 510 510 511 511 512 512 511 511 510 510 511 511 512 512 501 501 513 513 514 514 515 515 513 513 515 515 516 516 273 273 517 517 274 274 518 518 274 274 517 517 274 274 518 518 519 519 520 520 521 521 522 522 523 523 522 522 521 521 522 522 523 523 524 524 525 525 524 524 523 523 524 524 525 525 526 526 527 527 526 526 525 525 526 526 527 527 528 528 529 529 530 530 229 229 531 531 229 229 530 530 229 229 531 531 532 532 532 532 533 533 229 229 534 534 229 229 533 533 229 229 534 534 261 261 535 535 261 261 534 534 261 261 535 535 265 265 527 527 516 516 528 528 515 515 528 528 516 516 528 528 515 515 536 536 537 537 536 536 515 515 444 444 456 456 442 442 538 538 442 442 456 456 442 442 538 538 539 539 539 539 540 540 442 442 541 541 442 442 540 540 442 442 541 541 515 515 542 542 515 515 541 541 515 515 542 542 537 537 543 543 544 544 446 446 545 545 446 446 544 544 446 446 545 545 448 448 481 481 546 546 477 477 547 547 477 477 546 546 477 477 547 547 548 548 501 501 512 512 328 328 549 549 328 328 512 512 328 328 549 549 550 550 550 550 551 551 328 328 552 552 328 328 551 551 328 328 552 552 364 364 553 553 364 364 552 552 364 364 553 553 554 554 488 488 478 478 489 489 364 364 489 489 478 478 489 489 364 364 555 555 554 554 555 555 364 364 504 504 497 497 502 502 284 284 502 502 497 497 502 502 284 284 556 556 557 557 556 556 284 284 558 558 274 274 520 520 519 519 520 520 274 274 520 520 519 519 521 521 558 558 559 559 274 274 560 560 274 274 559 559 274 274 560 560 284 284 561 561 284 284 560 560 284 284 561 561 557 557 514 514 529 529 515 515 229 229 515 515 529 529 515 515 229 229 442 442 226 226 442 442 229 229 442 442 226 226 440 440 462 462 440 440 226 226 548 548 543 543 477 477 446 446 477 477 543 543 477 477 446 446 220 220 396 396 220 220 446 446 220 220 396 396 402 402 414 414 402 402 396 396 562 562 563 563 564 564 565 565 564 564 563 563 564 564 565 565 566 566 567 567 566 566 565 565 566 566 567 567 568 568 568 568 567 567 569 569 570 570 569 569 567 567 569 569 570 570 571 571 572 572 571 571 570 570 571 571 572 572 573 573 574 574 573 573 572 572 573 573 574 574 575 575 574 574 576 576 575 575 577 577 575 575 576 576 575 575 577 577 578 578 579 579 578 578 577 577 578 578 579 579 580 580 581 581 580 580 579 579 580 580 581 581 582 582 582 582 581 581 583 583 584 584 583 583 581 581 583 583 584 584 585 585 586 586 585 585 584 584 585 585 586 586 587 587 588 588 587 587 586 586 587 587 588 588 589 589 590 590 589 589 588 588 589 589 590 590 591 591 592 592 591 591 590 590 591 591 592 592 593 593 594 594 593 593 592 592 593 593 594 594 595 595 596 596 595 595 594 594 595 595 596 596 597 597 598 598 597 597 596 596 597 597 598 598 599 599 600 600 599 599 598 598 599 599 600 600 601 601 602 602 601 601 600 600 601 601 602 602 603 603 604 604 603 603 602 602 603 603 604 604 605 605 606 606 605 605 604 604 605 605 606 606 607 607 608 608 607 607 606 606 607 607 608 608 609 609 610 610 609 609 608 608 609 609 610 610 611 611 612 612 611 611 610 610 611 611 612 612 613 613 614 614 613 613 612 612 613 613 614 614 615 615 616 616 615 615 614 614 615 615 616 616 562 562 617 617 562 562 616 616 562 562 617 617 563 563 618 618 619 619 620 620 621 621 620 620 619 619 620 620 621 621 622 622 623 623 622 622 621 621 622 622 623 623 624 624 625 625 624 624 623 623 624 624 625 625 626 626 627 627 626 626 625 625 626 626 627 627 628 628 629 629 628 628 627 627 628 628 629 629 630 630 631 631 630 630 629 629 630 630 631 631 632 632 633 633 632 632 631 631 632 632 633 633 634 634 635 635 634 634 633 633 634 634 635 635 636 636 637 637 636 636 635 635 636 636 637 637 638 638 639 639 638 638 637 637 638 638 639 639 640 640 641 641 640 640 639 639 640 640 641 641 642 642 643 643 642 642 641 641 642 642 643 643 644 644 645 645 644 644 643 643 644 644 645 645 646 646 647 647 646 646 645 645 646 646 647 647 648 648 649 649 648 648 647 647 648 648 649 649 650 650 651 651 650 650 649 649 650 650 651 651 652 652 653 653 652 652 651 651 652 652 653 653 654 654 655 655 654 654 653 653 654 654 655 655 656 656 657 657 656 656 655 655 656 656 657 657 658 658 659 659 658 658 657 657 658 658 659 659 660 660 661 661 660 660 659 659 660 660 661 661 662 662 663 663 662 662 661 661 662 662 663 663 664 664 665 665 664 664 663 663 664 664 665 665 618 618 619 619 618 618 665 665 666 666 667 667 668 668 669 669 668 668 667 667 668 668 669 669 670 670 671 671 670 670 669 669 670 670 671 671 672 672 672 672 671 671 673 673 674 674 673 673 671 671 673 673 674 674 675 675 676 676 675 675 674 674 675 675 676 676 677 677 678 678 677 677 676 676 677 677 678 678 679 679 680 680 679 679 678 678 679 679 680 680 681 681 682 682 681 681 680 680 681 681 682 682 683 683 684 684 683 683 682 682 683 683 684 684 685 685 686 686 685 685 684 684 685 685 686 686 687 687 688 688 687 687 686 686 687 687 688 688 689 689 690 690 689 689 688 688 689 689 690 690 691 691 692 692 691 691 690 690 691 691 692 692 693 693 694 694 693 693 692 692 693 693 694 694 695 695 696 696 695 695 694 694 695 695 696 696 697 697 698 698 697 697 696 696 697 697 698 698 699 699 700 700 699 699 698 698 699 699 700 700 701 701 702 702 701 701 700 700 701 701 702 702 703 703 704 704 703 703 702 702 703 703 704 704 705 705 706 706 705 705 704 704 705 705 706 706 707 707 706 706 708 708 707 707 709 709 707 707 708 708 707 707 709 709 710 710 711 711 710 710 709 709 710 710 711 711 712 712 713 713 712 712 711 711 712 712 713 713 714 714 714 714 713 713 715 715 716 716 715 715 713 713 715 715 716 716 717 717 718 718 717 717 716 716 717 717 718 718 719 719 720 720 719 719 718 718 719 719 720 720 666 666 721 721 666 666 720 720 666 666 721 721 667 667 722 722 723 723 724 724 725 725 724 724 723 723 724 724 725 725 726 726 727 727 726 726 725 725 726 726 727 727 728 728 729 729 728 728 727 727 728 728 729 729 730 730 731 731 730 730 729 729 730 730 731 731 732 732 733 733 732 732 731 731 732 732 733 733 734 734 735 735 734 734 733 733 734 734 735 735 736 736 737 737 736 736 735 735 736 736 737 737 738 738 739 739 738 738 737 737 738 738 739 739 740 740 741 741 740 740 739 739 740 740 741 741 742 742 743 743 742 742 741 741 742 742 743 743 744 744 745 745 744 744 743 743 744 744 745 745 746 746 747 747 746 746 745 745 746 746 747 747 748 748 749 749 748 748 747 747 748 748 749 749 750 750 751 751 750 750 749 749 750 750 751 751 752 752 753 753 752 752 751 751 752 752 753 753 754 754 755 755 754 754 753 753 754 754 755 755 756 756 757 757 756 756 755 755 756 756 757 757 758 758 759 759 758 758 757 757 758 758 759 759 760 760 761 761 760 760 759 759 760 760 761 761 762 762 763 763 762 762 761 761 762 762 763 763 764 764 765 765 764 764 763 763 764 764 765 765 766 766 767 767 766 766 765 765 766 766 767 767 768 768 769 769 768 768 767 767 768 768 769 769 722 722 723 723 722 722 769 769 770 770 771 771 772 772 773 773 772 772 771 771 772 772 773 773 774 774 775 775 774 774 773 773 774 774 775 775 776 776 776 776 775 775 777 777 778 778 777 777 775 775 777 777 778 778 779 779 780 780 779 779 778 778 779 779 780 780 781 781 782 782 781 781 780 780 781 781 782 782 783 783 782 782 784 784 783 783 785 785 783 783 784 784 783 783 785 785 786 786 787 787 786 786 785 785 786 786 787 787 788 788 789 789 788 788 787 787 788 788 789 789 790 790 790 790 789 789 791 791 792 792 791 791 789 789 791 791 792 792 793 793 794 794 793 793 792 792 793 793 794 794 795 795 796 796 795 795 794 794 795 795 796 796 797 797 798 798 797 797 796 796 797 797 798 798 799 799 800 800 799 799 798 798 799 799 800 800 801 801 802 802 801 801 800 800 801 801 802 802 803 803 804 804 803 803 802 802 803 803 804 804 805 805 806 806 805 805 804 804 805 805 806 806 807 807 808 808 807 807 806 806 807 807 808 808 809 809 810 810 809 809 808 808 809 809 810 810 811 811 812 812 811 811 810 810 811 811 812 812 813 813 814 814 813 813 812 812 813 813 814 814 815 815 816 816 815 815 814 814 815 815 816 816 817 817 818 818 817 817 816 816 817 817 818 818 819 819 820 820 819 819 818 818 819 819 820 820 821 821 822 822 821 821 820 820 821 821 822 822 823 823 824 824 823 823 822 822 823 823 824 824 770 770 825 825 770 770 824 824 770 770 825 825 771 771 826 826 827 827 828 828 829 829 828 828 827 827 828 828 829 829 830 830 831 831 830 830 829 829 830 830 831 831 832 832 833 833 832 832 831 831 832 832 833 833 834 834 835 835 834 834 833 833 834 834 835 835 836 836 837 837 836 836 835 835 836 836 837 837 838 838 839 839 838 838 837 837 838 838 839 839 840 840 841 841 840 840 839 839 840 840 841 841 842 842 843 843 842 842 841 841 842 842 843 843 844 844 845 845 844 844 843 843 844 844 845 845 846 846 847 847 846 846 845 845 846 846 847 847 848 848 849 849 848 848 847 847 848 848 849 849 850 850 851 851 850 850 849 849 850 850 851 851 852 852 853 853 852 852 851 851 852 852 853 853 854 854 855 855 854 854 853 853 854 854 855 855 856 856 857 857 856 856 855 855 856 856 857 857 858 858 859 859 858 858 857 857 858 858 859 859 860 860 861 861 860 860 859 859 860 860 861 861 862 862 863 863 862 862 861 861 862 862 863 863 864 864 865 865 864 864 863 863 864 864 865 865 866 866 867 867 866 866 865 865 866 866 867 867 868 868 869 869 868 868 867 867 868 868 869 869 870 870 871 871 870 870 869 869 870 870 871 871 872 872 873 873 872 872 871 871 872 872 873 873 826 826 827 827 826 826 873 873 874 874 875 875 876 876 877 877 876 876 875 875 876 876 877 877 878 878 879 879 878 878 877 877 878 878 879 879 880 880 880 880 879 879 881 881 882 882 881 881 879 879 881 881 882 882 883 883 884 884 883 883 882 882 883 883 884 884 885 885 886 886 885 885 884 884 885 885 886 886 887 887 886 886 888 888 887 887 889 889 887 887 888 888 887 887 889 889 890 890 891 891 890 890 889 889 890 890 891 891 892 892 893 893 892 892 891 891 892 892 893 893 894 894 894 894 893 893 895 895 896 896 895 895 893 893 895 895 896 896 897 897 898 898 897 897 896 896 897 897 898 898 899 899 900 900 899 899 898 898 899 899 900 900 901 901 902 902 901 901 900 900 901 901 902 902 903 903 904 904 903 903 902 902 903 903 904 904 905 905 906 906 905 905 904 904 905 905 906 906 907 907 908 908 907 907 906 906 907 907 908 908 909 909 910 910 909 909 908 908 909 909 910 910 911 911 912 912 911 911 910 910 911 911 912 912 913 913 914 914 913 913 912 912 913 913 914 914 915 915 916 916 915 915 914 914 915 915 916 916 917 917 918 918 917 917 916 916 917 917 918 918 919 919 920 920 919 919 918 918 919 919 920 920 921 921 922 922 921 921 920 920 921 921 922 922 923 923 924 924 923 923 922 922 923 923 924 924 925 925 926 926 925 925 924 924 925 925 926 926 927 927 928 928 927 927 926 926 927 927 928 928 874 874 929 929 874 874 928 928 874 874 929 929 875 875 930 930 931 931 932 932 933 933 932 932 931 931 932 932 933 933 934 934 935 935 934 934 933 933 934 934 935 935 936 936 937 937 936 936 935 935 936 936 937 937 938 938 939 939 938 938 937 937 938 938 939 939 940 940 941 941 940 940 939 939 940 940 941 941 942 942 943 943 942 942 941 941 942 942 943 943 944 944 945 945 944 944 943 943 944 944 945 945 946 946 947 947 946 946 945 945 946 946 947 947 948 948 949 949 948 948 947 947 948 948 949 949 950 950 951 951 950 950 949 949 950 950 951 951 952 952 953 953 952 952 951 951 952 952 953 953 954 954 955 955 954 954 953 953 954 954 955 955 956 956 957 957 956 956 955 955 956 956 957 957 958 958 959 959 958 958 957 957 958 958 959 959 960 960 961 961 960 960 959 959 960 960 961 961 962 962 963 963 962 962 961 961 962 962 963 963 964 964 965 965 964 964 963 963 964 964 965 965 966 966 967 967 966 966 965 965 966 966 967 967 968 968 969 969 968 968 967 967 968 968 969 969 970 970 971 971 970 970 969 969 970 970 971 971 972 972 973 973 972 972 971 971 972 972 973 973 974 974 975 975 974 974 973 973 974 974 975 975 976 976 977 977 976 976 975 975 976 976 977 977 930 930 931 931 930 930 977 977 978 978 979 979 980 980 980 980 979 979 981 981 982 982 983 983 984 984 978 978 984 984 983 983 984 984 978 978 985 985 980 980 985 985 978 978 986 986 987 987 988 988 988 988 987 987 989 989 990 990 989 989 987 987 989 989 990 990 982 982 991 991 982 982 990 990 982 982 991 991 983 983 988 988 992 992 986 986 993 993 986 986 992 992 986 986 993 993 994 994 994 994 993 993 995 995 996 996 995 995 993 993 995 995 996 996 997 997 998 998 997 997 996 996 997 997 998 998 999 999 1000 1000 999 999 998 998 999 999 1000 1000 1001 1001 1002 1002 1001 1001 1000 1000 1001 1001 1002 1002 1003 1003 1003 1003 1002 1002 1004 1004 1005 1005 1004 1004 1002 1002 1004 1004 1005 1005 1006 1006 1005 1005 1007 1007 1006 1006 1008 1008 1006 1006 1007 1007 1006 1006 1008 1008 1009 1009 1010 1010 1009 1009 1008 1008 1009 1009 1010 1010 1011 1011 1012 1012 1011 1011 1010 1010 1011 1011 1012 1012 1013 1013 1014 1014 1013 1013 1012 1012 1013 1013 1014 1014 1015 1015 1015 1015 1014 1014 1016 1016 1017 1017 1016 1016 1014 1014 1016 1016 1017 1017 1018 1018 1017 1017 1019 1019 1018 1018 1020 1020 1018 1018 1019 1019 1018 1018 1020 1020 1021 1021 1022 1022 1021 1021 1020 1020 1021 1021 1022 1022 1023 1023 1023 1023 1022 1022 1024 1024 1025 1025 1024 1024 1022 1022 1024 1024 1025 1025 1026 1026 1025 1025 1027 1027 1026 1026 1028 1028 1026 1026 1027 1027 1026 1026 1028 1028 1029 1029 1030 1030 1029 1029 1028 1028 1029 1029 1030 1030 1031 1031 1032 1032 1031 1031 1030 1030 1031 1031 1032 1032 1033 1033 1034 1034 1033 1033 1032 1032 1033 1033 1034 1034 1035 1035 1036 1036 1035 1035 1034 1034 1035 1035 1036 1036 1037 1037 1036 1036 1038 1038 1037 1037 1039 1039 1037 1037 1038 1038 1037 1037 1039 1039 1040 1040 1041 1041 1040 1040 1039 1039 1040 1040 1041 1041 1042 1042 1042 1042 1041 1041 1043 1043 1044 1044 1043 1043 1041 1041 1043 1043 1044 1044 1045 1045 1044 1044 1046 1046 1045 1045 1047 1047 1045 1045 1046 1046 1045 1045 1047 1047 1048 1048 1049 1049 1048 1048 1047 1047 1048 1048 1049 1049 1050 1050 1051 1051 1050 1050 1049 1049 1050 1050 1051 1051 1052 1052 1052 1052 1051 1051 1053 1053 1054 1054 1053 1053 1051 1051 1053 1053 1054 1054 1055 1055 1054 1054 1056 1056 1055 1055 1057 1057 1055 1055 1056 1056 1055 1055 1057 1057 1058 1058 1059 1059 1058 1058 1057 1057 1058 1058 1059 1059 1060 1060 1060 1060 1059 1059 1061 1061 1062 1062 1061 1061 1059 1059 1061 1061 1062 1062 1063 1063 1062 1062 1064 1064 1063 1063 1065 1065 1063 1063 1064 1064 1063 1063 1065 1065 1066 1066 1067 1067 1066 1066 1065 1065 1066 1066 1067 1067 1068 1068 1069 1069 1068 1068 1067 1067 1068 1068 1069 1069 1070 1070 1071 1071 1070 1070 1069 1069 1070 1070 1071 1071 1072 1072 1071 1071 1073 1073 1072 1072 1074 1074 1072 1072 1073 1073 1072 1072 1074 1074 1075 1075 1076 1076 1075 1075 1074 1074 1075 1075 1076 1076 1077 1077 1077 1077 1076 1076 1078 1078 1079 1079 1078 1078 1076 1076 1078 1078 1079 1079 1080 1080 1079 1079 1081 1081 1080 1080 1082 1082 1080 1080 1081 1081 1080 1080 1082 1082 1083 1083 1084 1084 1083 1083 1082 1082 1083 1083 1084 1084 1085 1085 1086 1086 1085 1085 1084 1084 1085 1085 1086 1086 1087 1087 1088 1088 1087 1087 1086 1086 1087 1087 1088 1088 1089 1089 1089 1089 1088 1088 1090 1090 1091 1091 1090 1090 1088 1088 1090 1090 1091 1091 1092 1092 1091 1091 1093 1093 1092 1092 1094 1094 1092 1092 1093 1093 1092 1092 1094 1094 1095 1095 1095 1095 1094 1094 1096 1096 1097 1097 1096 1096 1094 1094 1096 1096 1097 1097 1098 1098 1099 1099 1098 1098 1097 1097 1098 1098 1099 1099 1100 1100 1101 1101 1100 1100 1099 1099 1100 1100 1101 1101 1102 1102 1103 1103 1102 1102 1101 1101 1102 1102 1103 1103 1104 1104 1105 1105 1104 1104 1103 1103 1104 1104 1105 1105 1106 1106 1107 1107 1106 1106 1105 1105 1106 1106 1107 1107 1108 1108 1109 1109 1108 1108 1107 1107 1108 1108 1109 1109 1110 1110 1111 1111 1110 1110 1109 1109 1110 1110 1111 1111 1112 1112 1112 1112 1111 1111 1113 1113 1114 1114 1113 1113 1111 1111 1113 1113 1114 1114 1115 1115 979 979 1116 1116 981 981 1117 1117 981 981 1116 1116 981 981 1117 1117 1118 1118 1119 1119 1118 1118 1117 1117 1118 1118 1119 1119 1120 1120 1121 1121 1120 1120 1119 1119 1120 1120 1121 1121 1122 1122 1115 1115 1122 1122 1121 1121 1122 1122 1115 1115 1123 1123 1114 1114 1123 1123 1115 1115 1124 1124 1125 1125 1126 1126 1127 1127 1128 1128 1129 1129 1130 1130 1131 1131 1132 1132 1133 1133 1134 1134 1135 1135 1136 1136 1133 1133 1137 1137 1138 1138 1139 1139 1140 1140 1141 1141 1140 1140 1139 1139 1135 1135 1142 1142 1133 1133 1143 1143 1133 1133 1142 1142 1133 1133 1143 1143 1137 1137 1144 1144 1145 1145 1146 1146 1147 1147 1146 1146 1145 1145 1146 1146 1147 1147 1148 1148 1147 1147 1149 1149 1148 1148 1150 1150 1148 1148 1149 1149 1148 1148 1150 1150 1151 1151 1152 1152 1151 1151 1150 1150 1151 1151 1152 1152 1153 1153 1154 1154 1153 1153 1152 1152 1153 1153 1154 1154 1155 1155 1137 1137 1156 1156 1136 1136 1157 1157 1136 1136 1156 1156 1136 1136 1157 1157 1158 1158 1159 1159 1158 1158 1157 1157 1158 1158 1159 1159 1144 1144 1160 1160 1144 1144 1159 1159 1144 1144 1160 1160 1145 1145 1141 1141 1161 1161 1140 1140 1162 1162 1140 1140 1161 1161 1140 1140 1162 1162 1133 1133 1163 1163 1133 1133 1162 1162 1133 1133 1163 1163 1134 1134 1155 1155 1164 1164 1140 1140 1165 1165 1140 1140 1164 1164 1140 1140 1165 1165 1138 1138 1166 1166 1167 1167 1153 1153 1155 1155 1140 1140 1153 1153 1168 1168 1153 1153 1140 1140 1153 1153 1168 1168 1166 1166 1169 1169 1170 1170 1171 1171 1172 1172 1171 1171 1170 1170 1171 1171 1172 1172 1173 1173 1174 1174 1173 1173 1172 1172 1173 1173 1174 1174 1167 1167 1175 1175 1167 1167 1174 1174 1167 1167 1175 1175 1153 1153 1176 1176 1177 1177 1178 1178 1179 1179 1178 1178 1177 1177 1178 1178 1179 1179 1180 1180 1176 1176 1178 1178 1181 1181 1132 1132 1181 1181 1178 1178 1181 1181 1132 1132 1182 1182 1131 1131 1183 1183 1132 1132 1184 1184 1132 1132 1183 1183 1132 1132 1184 1184 1182 1182 1185 1185 1186 1186 1187 1187 1131 1131 1188 1188 1183 1183 1189 1189 1183 1183 1188 1188 1183 1183 1189 1189 1190 1190 1191 1191 1190 1190 1189 1189 1190 1190 1191 1191 1192 1192 1193 1193 1192 1192 1191 1191 1192 1192 1193 1193 1186 1186 1194 1194 1186 1186 1193 1193 1186 1186 1194 1194 1187 1187 1195 1195 1196 1196 1132 1132 1197 1197 1198 1198 1199 1199 1200 1200 1199 1199 1198 1198 1195 1195 1132 1132 1201 1201 1196 1196 1202 1202 1132 1132 1203 1203 1132 1132 1202 1202 1132 1132 1203 1203 1130 1130 1204 1204 1205 1205 1206 1206 1207 1207 1206 1206 1205 1205 1206 1206 1207 1207 1208 1208 1185 1185 1208 1208 1207 1207 1208 1208 1185 1185 1209 1209 1187 1187 1209 1209 1185 1185 1210 1210 1211 1211 1198 1198 1211 1211 1212 1212 1198 1198 1213 1213 1198 1198 1212 1212 1198 1198 1213 1213 1200 1200 1204 1204 1210 1210 1205 1205 1198 1198 1205 1205 1210 1210 1205 1205 1198 1198 1214 1214 1215 1215 1214 1214 1198 1198 1129 1129 1128 1128 1216 1216 1128 1128 1217 1217 1216 1216 1218 1218 1216 1216 1217 1217 1216 1216 1218 1218 1198 1198 1219 1219 1198 1198 1218 1218 1198 1198 1219 1219 1215 1215 1220 1220 1221 1221 1129 1129 1222 1222 1129 1129 1221 1221 1129 1129 1222 1222 1127 1127 1223 1223 1224 1224 1225 1225 1225 1225 1226 1226 1223 1223 1227 1227 1223 1223 1226 1226 1223 1223 1227 1227 1220 1220 1228 1228 1220 1220 1227 1227 1220 1220 1228 1228 1221 1221 1229 1229 1223 1223 1230 1230 1231 1231 1230 1230 1223 1223 1232 1232 1233 1233 1234 1234 1235 1235 1236 1236 1237 1237 1238 1238 1237 1237 1236 1236 1237 1237 1238 1238 1239 1239 1240 1240 1239 1239 1238 1238 1239 1239 1240 1240 1241 1241 1229 1229 1242 1242 1223 1223 1243 1243 1223 1223 1242 1242 1223 1223 1243 1243 1224 1224 1244 1244 1224 1224 1243 1243 1244 1244 1245 1245 1224 1224 1246 1246 1224 1224 1245 1245 1224 1224 1246 1246 1247 1247 1248 1248 1247 1247 1246 1246 1247 1247 1248 1248 1249 1249 1250 1250 1249 1249 1248 1248 1249 1249 1250 1250 1235 1235 1251 1251 1235 1235 1250 1250 1235 1235 1251 1251 1236 1236 1252 1252 1253 1253 1234 1234 1253 1253 1254 1254 1234 1234 1255 1255 1234 1234 1254 1254 1234 1234 1255 1255 1232 1232 1233 1233 1256 1256 1234 1234 1257 1257 1234 1234 1256 1256 1234 1234 1257 1257 1223 1223 1258 1258 1223 1223 1257 1257 1223 1223 1258 1258 1231 1231 1241 1241 1252 1252 1239 1239 1234 1234 1239 1239 1252 1252 1239 1239 1234 1234 1259 1259 1260 1260 1259 1259 1234 1234 1126 1126 1261 1261 1234 1234 1262 1262 1234 1234 1261 1261 1234 1234 1262 1262 1260 1260 1263 1263 1264 1264 1126 1126 1265 1265 1126 1126 1264 1264 1126 1126 1265 1265 1261 1261 1126 1126 1125 1125 1263 1263 1266 1266 1263 1263 1125 1125 1263 1263 1266 1266 1267 1267 1268 1268 1267 1267 1266 1266 1267 1267 1268 1268 1269 1269 1268 1268 1270 1270 1269 1269 1271 1271 1269 1269 1270 1270 1269 1269 1271 1271 1272 1272 1273 1273 1272 1272 1271 1271 1272 1272 1273 1273 1274 1274 1275 1275 1274 1274 1273 1273 1274 1274 1275 1275 1276 1276 1277 1277 1276 1276 1275 1275 1276 1276 1277 1277 1278 1278 1279 1279 1280 1280 1281 1281 1282 1282 1281 1281 1280 1280 1281 1281 1282 1282 1283 1283 1283 1283 1284 1284 1281 1281 1285 1285 1281 1281 1284 1284 1281 1281 1285 1285 1286 1286 1287 1287 1288 1288 1289 1289 1290 1290 1289 1289 1288 1288 1289 1289 1290 1290 1291 1291 1291 1291 1292 1292 1289 1289 1278 1278 1289 1289 1292 1292 1289 1289 1278 1278 1293 1293 1277 1277 1293 1293 1278 1278 1294 1294 1295 1295 1296 1296 1286 1286 1297 1297 1281 1281 1298 1298 1281 1281 1297 1297 1281 1281 1298 1298 1289 1289 1299 1299 1289 1289 1298 1298 1289 1289 1299 1299 1287 1287 1296 1296 1300 1300 1294 1294 1301 1301 1294 1294 1300 1300 1294 1294 1301 1301 1302 1302 1303 1303 1302 1302 1301 1301 1302 1302 1303 1303 1304 1304 1305 1305 1304 1304 1303 1303 1304 1304 1305 1305 1279 1279 1306 1306 1279 1279 1305 1305 1279 1279 1306 1306 1280 1280 1292 1292 1307 1307 1278 1278 1308 1308 1278 1278 1307 1307 1278 1278 1308 1308 1309 1309 1310 1310 1309 1309 1308 1308 1309 1309 1310 1310 1295 1295 1311 1311 1295 1295 1310 1310 1295 1295 1311 1311 1296 1296 1279 1279 1312 1312 1313 1313 1314 1314 1313 1313 1312 1312 1313 1313 1314 1314 1315 1315 1316 1316 1315 1315 1314 1314 1315 1315 1316 1316 1317 1317 1318 1318 1317 1317 1316 1316 1317 1317 1318 1318 1319 1319 1318 1318 1320 1320 1319 1319 1321 1321 1319 1319 1320 1320 1319 1319 1321 1321 1322 1322 1323 1323 1322 1322 1321 1321 1322 1322 1323 1323 1324 1324 1325 1325 1324 1324 1323 1323 1324 1324 1325 1325 1326 1326 1327 1327 1328 1328 1329 1329 1330 1330 1329 1329 1328 1328 1327 1327 1331 1331 1332 1332 1332 1332 1331 1331 1333 1333 1331 1331 1334 1334 1333 1333 1335 1335 1333 1333 1334 1334 1333 1333 1335 1335 1336 1336 1337 1337 1336 1336 1335 1335 1336 1336 1337 1337 1338 1338 1337 1337 1339 1339 1338 1338 1340 1340 1338 1338 1339 1339 1338 1338 1340 1340 1341 1341 1342 1342 1343 1343 1140 1140 1344 1344 1140 1140 1343 1343 1140 1140 1344 1344 1168 1168 1169 1169 1345 1345 1170 1170 1346 1346 1170 1170 1345 1345 1170 1170 1346 1346 1180 1180 1347 1347 1180 1180 1346 1346 1180 1180 1347 1347 1178 1178 1348 1348 1178 1178 1347 1347 1178 1178 1348 1348 1349 1349 1330 1330 1328 1328 1350 1350 1132 1132 1350 1350 1328 1328 1350 1350 1132 1132 1351 1351 1349 1349 1352 1352 1178 1178 1353 1353 1178 1178 1352 1352 1178 1178 1353 1353 1132 1132 1354 1354 1132 1132 1353 1353 1132 1132 1354 1354 1351 1351 1355 1355 1356 1356 1133 1133 1357 1357 1358 1358 1359 1359 1325 1325 1360 1360 1326 1326 1361 1361 1326 1326 1360 1360 1326 1326 1361 1361 1362 1362 1363 1363 1362 1362 1361 1361 1362 1362 1363 1363 1364 1364 1365 1365 1364 1364 1363 1363 1364 1364 1365 1365 1366 1366 1367 1367 1366 1366 1365 1365 1366 1366 1367 1367 1136 1136 1368 1368 1136 1136 1367 1367 1136 1136 1368 1368 1133 1133 1369 1369 1133 1133 1368 1368 1133 1133 1369 1369 1355 1355 1356 1356 1370 1370 1371 1371 1371 1371 1370 1370 1372 1372 1370 1370 1373 1373 1372 1372 1374 1374 1372 1372 1373 1373 1372 1372 1374 1374 1375 1375 1376 1376 1375 1375 1374 1374 1375 1375 1376 1376 1358 1358 1377 1377 1358 1358 1376 1376 1358 1358 1377 1377 1359 1359 1378 1378 1379 1379 1281 1281 1379 1379 1380 1380 1281 1281 1381 1381 1281 1281 1380 1380 1281 1281 1381 1381 1279 1279 1382 1382 1279 1279 1381 1381 1279 1279 1382 1382 1312 1312 1383 1383 1384 1384 1234 1234 1383 1383 1234 1234 1385 1385 1384 1384 1386 1386 1234 1234 1387 1387 1234 1234 1386 1386 1234 1234 1387 1387 1126 1126 1388 1388 1126 1126 1387 1387 1126 1126 1388 1388 1124 1124 1389 1389 1390 1390 1391 1391 1392 1392 1393 1393 1394 1394 1395 1395 1396 1396 1397 1397 1293 1293 1398 1398 1289 1289 1399 1399 1289 1289 1398 1398 1289 1289 1399 1399 1392 1392 1394 1394 1393 1393 1400 1400 1389 1389 1391 1391 1401 1401 1393 1393 1402 1402 1400 1400 1403 1403 1400 1400 1402 1402 1400 1400 1403 1403 1404 1404 1405 1405 1404 1404 1403 1403 1404 1404 1405 1405 1396 1396 1406 1406 1396 1396 1405 1405 1396 1396 1406 1406 1397 1397 1220 1220 1407 1407 1408 1408 1408 1408 1409 1409 1220 1220 1410 1410 1220 1220 1409 1409 1220 1220 1410 1410 1223 1223 1411 1411 1223 1223 1410 1410 1223 1223 1411 1411 1412 1412 1407 1407 1220 1220 1413 1413 1129 1129 1413 1413 1220 1220 1413 1413 1129 1129 1414 1414 1216 1216 1414 1414 1129 1129 1414 1414 1216 1216 1415 1415 1416 1416 1417 1417 1198 1198 1418 1418 1198 1198 1417 1417 1198 1198 1418 1418 1419 1419 1419 1419 1420 1420 1198 1198 1421 1421 1198 1198 1420 1420 1198 1198 1421 1421 1216 1216 1422 1422 1216 1216 1421 1421 1216 1216 1422 1422 1415 1415 1423 1423 1424 1424 1425 1425 1426 1426 1427 1427 1428 1428 1429 1429 1428 1428 1427 1427 1428 1428 1429 1429 1423 1423 1425 1425 1424 1424 1430 1430 1431 1431 1432 1432 1433 1433 1424 1424 1434 1434 1430 1430 1435 1435 1430 1430 1434 1434 1430 1430 1435 1435 1436 1436 1437 1437 1436 1436 1435 1435 1436 1436 1437 1437 1432 1432 1438 1438 1432 1432 1437 1437 1432 1432 1438 1438 1433 1433 1439 1439 1440 1440 1416 1416 1441 1441 1416 1416 1440 1440 1416 1416 1441 1441 1417 1417 1423 1423 1425 1425 1428 1428 1442 1442 1428 1428 1425 1425 1428 1428 1442 1442 1443 1443 1397 1397 1401 1401 1395 1395 1391 1391 1395 1395 1401 1401 1395 1395 1391 1391 1444 1444 1445 1445 1444 1444 1391 1391 1443 1443 1446 1446 1428 1428 1447 1447 1428 1428 1446 1446 1428 1428 1447 1447 1391 1391 1448 1448 1391 1391 1447 1447 1391 1391 1448 1448 1445 1445 1449 1449 1450 1450 1328 1328 1327 1327 1332 1332 1328 1328 1451 1451 1328 1328 1332 1332 1328 1328 1451 1451 1449 1449 1452 1452 1453 1453 1416 1416 1454 1454 1416 1416 1453 1453 1433 1433 1439 1439 1431 1431 1416 1416 1431 1431 1439 1439 1431 1431 1416 1416 1455 1455 1454 1454 1455 1455 1416 1416 1356 1356 1371 1371 1133 1133 1456 1456 1133 1133 1371 1371 1133 1133 1456 1456 1457 1457 1340 1340 1342 1342 1341 1341 1140 1140 1341 1341 1342 1342 1341 1341 1140 1140 1458 1458 1459 1459 1458 1458 1140 1140 1457 1457 1460 1460 1133 1133 1461 1461 1133 1133 1460 1460 1133 1133 1461 1461 1140 1140 1462 1462 1140 1140 1461 1461 1140 1140 1462 1462 1459 1459 1359 1359 1378 1378 1357 1357 1281 1281 1357 1357 1378 1378 1357 1357 1281 1281 1463 1463 1464 1464 1463 1463 1281 1281 1392 1392 1394 1394 1289 1289 1465 1465 1289 1289 1394 1394 1289 1289 1465 1465 1466 1466 1466 1466 1467 1467 1289 1289 1468 1468 1289 1289 1467 1467 1289 1289 1468 1468 1281 1281 1469 1469 1281 1281 1468 1468 1281 1281 1469 1469 1464 1464 1390 1390 1385 1385 1391 1391 1234 1234 1391 1391 1385 1385 1391 1391 1234 1234 1428 1428 1223 1223 1428 1428 1234 1234 1428 1428 1223 1223 1426 1426 1412 1412 1426 1426 1223 1223 1450 1450 1452 1452 1328 1328 1416 1416 1328 1328 1452 1452 1328 1328 1416 1416 1132 1132 1198 1198 1132 1132 1416 1416 1132 1132 1198 1198 1201 1201 1197 1197 1201 1201 1198 1198 1470 1470 1471 1471 1472 1472 1473 1473 1472 1472 1471 1471 1472 1472 1473 1473 1474 1474 1475 1475 1474 1474 1473 1473 1474 1474 1475 1475 1476 1476 1477 1477 1476 1476 1475 1475 1476 1476 1477 1477 1478 1478 1479 1479 1478 1478 1477 1477 1478 1478 1479 1479 1480 1480 1481 1481 1480 1480 1479 1479 1480 1480 1481 1481 1482 1482 1483 1483 1482 1482 1481 1481 1482 1482 1483 1483 1484 1484 1485 1485 1484 1484 1483 1483 1484 1484 1485 1485 1486 1486 1487 1487 1486 1486 1485 1485 1486 1486 1487 1487 1488 1488 1489 1489 1488 1488 1487 1487 1488 1488 1489 1489 1490 1490 1491 1491 1490 1490 1489 1489 1490 1490 1491 1491 1492 1492 1493 1493 1492 1492 1491 1491 1492 1492 1493 1493 1494 1494 1495 1495 1494 1494 1493 1493 1494 1494 1495 1495 1496 1496 1497 1497 1496 1496 1495 1495 1496 1496 1497 1497 1498 1498 1499 1499 1498 1498 1497 1497 1498 1498 1499 1499 1500 1500 1501 1501 1500 1500 1499 1499 1500 1500 1501 1501 1502 1502 1503 1503 1502 1502 1501 1501 1502 1502 1503 1503 1504 1504 1505 1505 1504 1504 1503 1503 1504 1504 1505 1505 1506 1506 1507 1507 1506 1506 1505 1505 1506 1506 1507 1507 1508 1508 1509 1509 1508 1508 1507 1507 1508 1508 1509 1509 1510 1510 1511 1511 1510 1510 1509 1509 1510 1510 1511 1511 1512 1512 1513 1513 1512 1512 1511 1511 1512 1512 1513 1513 1514 1514 1515 1515 1514 1514 1513 1513 1514 1514 1515 1515 1516 1516 1517 1517 1516 1516 1515 1515 1516 1516 1517 1517 1470 1470 1471 1471 1470 1470 1517 1517 1518 1518 1519 1519 1520 1520 1521 1521 1520 1520 1519 1519 1520 1520 1521 1521 1522 1522 1523 1523 1522 1522 1521 1521 1522 1522 1523 1523 1524 1524 1524 1524 1523 1523 1525 1525 1526 1526 1525 1525 1523 1523 1525 1525 1526 1526 1527 1527 1528 1528 1527 1527 1526 1526 1527 1527 1528 1528 1529 1529 1530 1530 1529 1529 1528 1528 1529 1529 1530 1530 1531 1531 1530 1530 1532 1532 1531 1531 1533 1533 1531 1531 1532 1532 1531 1531 1533 1533 1534 1534 1535 1535 1534 1534 1533 1533 1534 1534 1535 1535 1536 1536 1537 1537 1536 1536 1535 1535 1536 1536 1537 1537 1538 1538 1537 1537 1539 1539 1538 1538 1540 1540 1538 1538 1539 1539 1538 1538 1540 1540 1541 1541 1542 1542 1541 1541 1540 1540 1541 1541 1542 1542 1543 1543 1544 1544 1543 1543 1542 1542 1543 1543 1544 1544 1545 1545 1546 1546 1545 1545 1544 1544 1545 1545 1546 1546 1547 1547 1548 1548 1547 1547 1546 1546 1547 1547 1548 1548 1549 1549 1550 1550 1549 1549 1548 1548 1549 1549 1550 1550 1551 1551 1552 1552 1551 1551 1550 1550 1551 1551 1552 1552 1553 1553 1552 1552 1554 1554 1553 1553 1555 1555 1553 1553 1554 1554 1553 1553 1555 1555 1556 1556 1557 1557 1556 1556 1555 1555 1556 1556 1557 1557 1558 1558 1559 1559 1558 1558 1557 1557 1558 1558 1559 1559 1560 1560 1559 1559 1561 1561 1560 1560 1562 1562 1560 1560 1561 1561 1560 1560 1562 1562 1563 1563 1564 1564 1563 1563 1562 1562 1563 1563 1564 1564 1565 1565 1566 1566 1565 1565 1564 1564 1565 1565 1566 1566 1567 1567 1568 1568 1567 1567 1566 1566 1567 1567 1568 1568 1569 1569 1570 1570 1569 1569 1568 1568 1569 1569 1570 1570 1571 1571 1572 1572 1571 1571 1570 1570 1571 1571 1572 1572 1573 1573 1574 1574 1573 1573 1572 1572 1573 1573 1574 1574 1575 1575 1574 1574 1576 1576 1575 1575 1577 1577 1575 1575 1576 1576 1575 1575 1577 1577 1578 1578 1579 1579 1578 1578 1577 1577 1578 1578 1579 1579 1580 1580 1581 1581 1580 1580 1579 1579 1580 1580 1581 1581 1582 1582 1581 1581 1583 1583 1582 1582 1584 1584 1582 1582 1583 1583 1582 1582 1584 1584 1585 1585 1586 1586 1585 1585 1584 1584 1585 1585 1586 1586 1587 1587 1588 1588 1587 1587 1586 1586 1587 1587 1588 1588 1589 1589 1590 1590 1589 1589 1588 1588 1589 1589 1590 1590 1591 1591 1592 1592 1591 1591 1590 1590 1591 1591 1592 1592 1593 1593 1594 1594 1593 1593 1592 1592 1593 1593 1594 1594 1595 1595 1596 1596 1595 1595 1594 1594 1595 1595 1596 1596 1597 1597 1596 1596 1598 1598 1597 1597 1599 1599 1597 1597 1598 1598 1597 1597 1599 1599 1600 1600 1601 1601 1600 1600 1599 1599 1600 1600 1601 1601 1602 1602 1603 1603 1602 1602 1601 1601 1602 1602 1603 1603 1604 1604 1603 1603 1605 1605 1604 1604 1606 1606 1604 1604 1605 1605 1604 1604 1606 1606 1607 1607 1519 1519 1607 1607 1606 1606 1607 1607 1519 1519 1608 1608 1518 1518 1608 1608 1519 1519 1608 1608 1518 1518 1609 1609 1610 1610 1611 1611 1612 1612 1613 1613 1612 1612 1611 1611 1612 1612 1613 1613 1614 1614 1615 1615 1616 1616 1612 1612 1617 1617 1612 1612 1616 1616 1612 1612 1617 1617 1610 1610 1618 1618 1619 1619 1612 1612 1620 1620 1612 1612 1619 1619 1612 1612 1620 1620 1615 1615 1621 1621 1622 1622 1612 1612 1623 1623 1612 1612 1622 1622 1612 1612 1623 1623 1618 1618 1624 1624 1625 1625 1612 1612 1626 1626 1612 1612 1625 1625 1612 1612 1626 1626 1621 1621 1627 1627 1628 1628 1612 1612 1629 1629 1612 1612 1628 1628 1612 1612 1629 1629 1624 1624 1630 1630 1631 1631 1612 1612 1632 1632 1612 1612 1631 1631 1612 1612 1632 1632 1627 1627 1614 1614 1633 1633 1612 1612 1634 1634 1612 1612 1633 1633 1612 1612 1634 1634 1630 1630 1635 1635 1636 1636 1637 1637 1638 1638 1639 1639 1640 1640 1641 1641 1642 1642 1643 1643 1644 1644 1645 1645 1646 1646 1647 1647 1648 1648 1649 1649 1650 1650 1651 1651 1652 1652 1653 1653 1654 1654 1655 1655 1656 1656 1657 1657 1658 1658 1659 1659 1660 1660 1661 1661 1662 1662 1661 1661 1660 1660 1663 1663 1664 1664 1665 1665 1643 1643 1666 1666 1638 1638 1667 1667 1650 1650 1649 1649 1652 1652 1649 1649 1650 1650 1649 1649 1652 1652 1647 1647 1668 1668 1669 1669 1670 1670 1670 1670 1671 1671 1672 1672 1673 1673 1674 1674 1656 1656 1637 1637 1675 1675 1663 1663 1665 1665 1676 1676 1641 1641 1646 1646 1677 1677 1649 1649 1650 1650 1678 1678 1653 1653 1650 1650 1653 1653 1651 1651 1655 1655 1651 1651 1653 1653 1651 1651 1655 1655 1679 1679 1680 1680 1681 1681 1668 1668 1682 1682 1659 1659 1658 1658 1661 1661 1658 1658 1659 1659 1658 1658 1661 1661 1656 1656 1683 1683 1656 1656 1661 1661 1656 1656 1683 1683 1673 1673 1672 1672 1684 1684 1656 1656 1662 1662 1685 1685 1661 1661 1635 1635 1661 1661 1685 1685 1661 1661 1635 1635 1686 1686 1637 1637 1686 1686 1635 1635 1686 1686 1637 1637 1687 1687 1663 1663 1687 1687 1637 1637 1687 1687 1663 1663 1688 1688 1665 1665 1688 1688 1663 1663 1688 1688 1665 1665 1689 1689 1641 1641 1689 1689 1665 1665 1689 1689 1641 1641 1690 1690 1643 1643 1690 1690 1641 1641 1690 1690 1643 1643 1691 1691 1638 1638 1691 1691 1643 1643 1691 1691 1638 1638 1692 1692 1640 1640 1692 1692 1638 1638 1692 1692 1640 1640 1693 1693 1694 1694 1693 1693 1640 1640 1693 1693 1694 1694 1695 1695 1694 1694 1644 1644 1695 1695 1646 1646 1695 1695 1644 1644 1695 1695 1646 1646 1696 1696 1649 1649 1696 1696 1646 1646 1696 1696 1649 1649 1697 1697 1648 1648 1697 1697 1649 1649 1698 1698 1699 1699 1680 1680 1679 1679 1698 1698 1651 1651 1680 1680 1651 1651 1698 1698 1651 1651 1680 1680 1700 1700 1668 1668 1700 1700 1680 1680 1700 1700 1668 1668 1701 1701 1670 1670 1701 1701 1668 1668 1701 1701 1670 1670 1702 1702 1672 1672 1702 1702 1670 1670 1702 1702 1672 1672 1703 1703 1656 1656 1703 1703 1672 1672 1703 1703 1656 1656 1704 1704 1674 1674 1704 1704 1656 1656 1705 1705 1706 1706 1707 1707 1708 1708 1709 1709 1710 1710 1711 1711 1712 1712 1713 1713 1714 1714 1713 1713 1712 1712 1713 1713 1714 1714 1715 1715 1716 1716 1715 1715 1714 1714 1715 1715 1716 1716 1717 1717 1718 1718 1717 1717 1716 1716 1717 1717 1718 1718 1719 1719 1720 1720 1719 1719 1718 1718 1721 1721 1722 1722 1723 1723 1724 1724 1725 1725 1726 1726 1727 1727 1726 1726 1725 1725 1726 1726 1727 1727 1728 1728 1729 1729 1728 1728 1727 1727 1728 1728 1729 1729 1730 1730 1731 1731 1730 1730 1729 1729 1730 1730 1731 1731 1732 1732 1733 1733 1732 1732 1731 1731 1732 1732 1733 1733 1734 1734 1735 1735 1734 1734 1733 1733 1734 1734 1735 1735 1736 1736 1737 1737 1736 1736 1735 1735 1736 1736 1737 1737 1712 1712 1738 1738 1712 1712 1737 1737 1712 1712 1738 1738 1714 1714 1739 1739 1740 1740 1741 1741 1742 1742 1741 1741 1740 1740 1741 1741 1742 1742 1743 1743 1744 1744 1743 1743 1742 1742 1743 1743 1744 1744 1745 1745 1746 1746 1745 1745 1744 1744 1745 1745 1746 1746 1747 1747 1748 1748 1747 1747 1746 1746 1747 1747 1748 1748 1749 1749 1750 1750 1749 1749 1748 1748 1749 1749 1750 1750 1751 1751 1752 1752 1751 1751 1750 1750 1751 1751 1752 1752 1725 1725 1753 1753 1725 1725 1752 1752 1725 1725 1753 1753 1727 1727 1754 1754 1755 1755 1756 1756 1757 1757 1756 1756 1755 1755 1756 1756 1757 1757 1758 1758 1759 1759 1758 1758 1757 1757 1758 1758 1759 1759 1707 1707 1760 1760 1707 1707 1759 1759 1707 1707 1760 1760 1705 1705 1761 1761 1705 1705 1760 1760 1705 1705 1761 1761 1762 1762 1763 1763 1762 1762 1761 1761 1762 1762 1763 1763 1764 1764 1765 1765 1764 1764 1763 1763 1764 1764 1765 1765 1766 1766 1767 1767 1766 1766 1765 1765 1766 1766 1767 1767 1768 1768 1769 1769 1768 1768 1767 1767 1768 1768 1769 1769 1770 1770 1771 1771 1770 1770 1769 1769 1770 1770 1771 1771 1710 1710 1772 1772 1710 1710 1771 1771 1710 1710 1772 1772 1708 1708 1773 1773 1708 1708 1772 1772 1708 1708 1773 1773 1774 1774 1775 1775 1774 1774 1773 1773 1774 1774 1775 1775 1776 1776 1777 1777 1776 1776 1775 1775 1776 1776 1777 1777 1778 1778 1779 1779 1778 1778 1777 1777 1778 1778 1779 1779 1780 1780 1781 1781 1780 1780 1779 1779 1780 1780 1781 1781 1782 1782 1783 1783 1782 1782 1781 1781 1782 1782 1783 1783 1723 1723 1784 1784 1723 1723 1783 1783 1723 1723 1784 1784 1721 1721 1785 1785 1721 1721 1784 1784 1721 1721 1785 1785 1786 1786 1787 1787 1786 1786 1785 1785 1786 1786 1787 1787 1788 1788 1789 1789 1788 1788 1787 1787 1788 1788 1789 1789 1790 1790 1791 1791 1790 1790 1789 1789 1790 1790 1791 1791 1740 1740 1792 1792 1740 1740 1791 1791 1740 1740 1792 1792 1742 1742 1793 1793 1794 1794 1795 1795 1796 1796 1797 1797 1795 1795 1798 1798 1795 1795 1797 1797 1795 1795 1798 1798 1793 1793 1799 1799 1800 1800 1801 1801 1802 1802 1801 1801 1800 1800 1801 1801 1802 1802 1803 1803 1804 1804 1803 1803 1802 1802 1805 1805 1806 1806 1807 1807 1808 1808 1807 1807 1806 1806 1809 1809 1810 1810 1811 1811 1812 1812 1811 1811 1810 1810 1813 1813 1814 1814 1815 1815 1816 1816 1815 1815 1814 1814 1817 1817 1818 1818 1819 1819 1820 1820 1819 1819 1818 1818 1821 1821 1822 1822 1823 1823 1824 1824 1823 1823 1822 1822 1825 1825 1826 1826 1827 1827 1828 1828 1827 1827 1826 1826 1829 1829 1830 1830 1831 1831 1832 1832 1831 1831 1830 1830 1833 1833 1834 1834 1835 1835 1836 1836 1835 1835 1834 1834 1837 1837 1838 1838 1839 1839 1840 1840 1839 1839 1838 1838 1841 1841 1842 1842 1843 1843 1844 1844 1843 1843 1842 1842 1845 1845 1846 1846 1847 1847 1848 1848 1847 1847 1846 1846 1849 1849 1850 1850 1851 1851 1852 1852 1851 1851 1850 1850 1853 1853 1854 1854 1855 1855 1856 1856 1855 1855 1854 1854 1857 1857 1858 1858 1859 1859 1860 1860 1859 1859 1858 1858 1861 1861 1862 1862 1863 1863 1864 1864 1863 1863 1862 1862 1865 1865 1866 1866 1867 1867 1868 1868 1867 1867 1866 1866 1869 1869 1870 1870 1871 1871 1872 1872 1871 1871 1870 1870 1873 1873 1874 1874 1875 1875 1876 1876 1875 1875 1874 1874 1877 1877 1878 1878 1879 1879 1880 1880 1879 1879 1878 1878 1881 1881 1882 1882 1883 1883 1884 1884 1883 1883 1882 1882 1885 1885 1886 1886 1887 1887 1888 1888 1887 1887 1886 1886 1889 1889 1890 1890 1891 1891 1892 1892 1891 1891 1890 1890 1893 1893 1894 1894 1895 1895 1896 1896 1895 1895 1894 1894 1897 1897 1898 1898 1899 1899 1900 1900 1899 1899 1898 1898 1901 1901 1902 1902 1903 1903 1904 1904 1903 1903 1902 1902 1905 1905 1906 1906 1907 1907 1908 1908 1907 1907 1906 1906 1909 1909 1910 1910 1911 1911 1912 1912 1911 1911 1910 1910 1913 1913 1914 1914 1915 1915 1916 1916 1915 1915 1914 1914 1917 1917 1918 1918 1919 1919 1920 1920 1919 1919 1918 1918 1921 1921 1922 1922 1923 1923 1924 1924 1923 1923 1922 1922 1925 1925 1926 1926 1927 1927 1928 1928 1927 1927 1926 1926 1929 1929 1930 1930 1931 1931 1932 1932 1931 1931 1930 1930 1933 1933 1934 1934 1935 1935 1936 1936 1935 1935 1934 1934 1937 1937 1938 1938 1939 1939 1940 1940 1939 1939 1938 1938 1941 1941 1942 1942 1943 1943 1944 1944 1943 1943 1942 1942 1945 1945 1946 1946 1947 1947 1948 1948 1947 1947 1946 1946 1949 1949 1950 1950 1951 1951 1952 1952 1951 1951 1950 1950 1953 1953 1954 1954 1955 1955 1956 1956 1955 1955 1954 1954 1957 1957 1958 1958 1959 1959 1960 1960 1959 1959 1958 1958 1961 1961 1962 1962 1963 1963 1964 1964 1963 1963 1962 1962 1965 1965 1966 1966 1967 1967 1968 1968 1967 1967 1966 1966 1969 1969 1970 1970 1971 1971 1972 1972 1971 1971 1970 1970 1973 1973 1974 1974 1975 1975 1976 1976 1975 1975 1974 1974 1977 1977 1978 1978 1979 1979 1980 1980 1979 1979 1978 1978 1981 1981 1982 1982 1983 1983 1984 1984 1983 1983 1982 1982 1985 1985 1986 1986 1987 1987 1988 1988 1987 1987 1986 1986 1989 1989 1990 1990 1991 1991 1992 1992 1991 1991 1990 1990 1991 1991 1992 1992 1993 1993 1994 1994 1993 1993 1992 1992</p>
        </triangles>
      </mesh>
    </geometry>
  </library_geometries>
  <library_materials>
    <material id="c9867a169c3142d1ae169178ea2ddcf2" name="defaultmaterial">
      <instance_effect url="#e8525d499e0a4f0aa2ac44f39422cb88"/>
    </material>
  </library_materials>
  <library_visual_scenes>
    <visual_scene id="scene">
      <node id="node0" name="node0">
        <instance_geometry url="#38e383c0034c43b895f4c1ddcc14a790">
          <bind_material>
            <technique_common>
              <instance_material symbol="material0" target="#c9867a169c3142d1ae169178ea2ddcf2"/>
            </technique_common>
          </bind_material>
        </instance_geometry>
      </node>
    </visual_scene>
  </library_visual_scenes>
  <scene>
    <instance_visual_scene url="#scene"/>
  </scene>
</COLLADA>
