<COLLADA xmlns="http://www.collada.org/2005/11/COLLADASchema" version="1.4.1">
  <asset>
    <created>2026-06-26T22:42:03.523679</created>
    <modified>2026-06-26T22:42:03.523679</modified>
    <up_axis>Y_UP</up_axis>
  </asset>
  <library_effects>
    <effect id="b2786050a8df4c73ac8f46f69c61e1f2" name="b2786050a8df4c73ac8f46f69c61e1f2">
      <profile_COMMON>
        <technique sid="common">
          <phong>
            <emission>
              <color>0.0 0.0 0.0 1.0</color>
            </emission>
            <ambient>
              <color>0.0 0.0 0.0 1.0</color>
            </ambient>
            <diffuse>
              <color>0.792156862745098 0.8196078431372549 0.9333333333333333 1.0</color>
            </diffuse>
            <specular>
              <color>0.0 0.0 0.0 1.0</color>
            </specular>
            <shininess>
              <float>0.0</float>
            </shininess>
            <reflective>
              <color>0.0 0.0 0.0 1.0</color>
            </reflective>
            <reflectivity>
              <float>0.0</float>
            </reflectivity>
            <transparent>
              <color>0.0 0.0 0.0 1.0</color>
            </transparent>
            <transparency>
              <float>1.0</float>
            </transparency>
          </phong>
        </technique>
        <extra>
          <technique profile="GOOGLEEARTH">
            <double_sided>0</double_sided>
          </technique>
        </extra>
      </profile_COMMON>
    </effect>
  </library_effects>
  <library_geometries>
    <geometry id="6e67e7c064324796979d9db3a18b77d7" name="f0ce589b1b5b44c4866260a4ea13535f">
      <mesh>
        <source id="verts-array">
          <float_array count="11064" id="verts-array-array">-0.02906509 0.0117593 -0.00359356 -0.02906509 0.011731 -0.003928572 -0.02906509 0.0117027 -0.00359356 -0.02906509 0.0119009 -0.003121938 -0.02906509 0.013396 -0.00195683 -0.02906509 0.0129244 -0.002098451 -0.02906509 0.0089961 0.001071428 -0.02906509 0.0125016 -0.002351017 -0.02906509 0.0109604 -0.002351017 -0.02906509 0.0121534 -0.002699215 -0.02906509 0.0113086 -0.002699215 -0.02906509 0.0115611 -0.003121938 -0.02906509 0.017831 -0.002196521 -0.02906509 0.0164086 -0.002699215 -0.02906509 0.017831 0.001071428 -0.02906509 0.0160604 -0.002351017 -0.02906509 0.0156376 -0.002098451 -0.02906509 0.0105376 -0.002098451 -0.02906509 0.010066 -0.00195683 -0.02906509 0.009731 -0.001928572 -0.02906509 0.0175401 -0.00240098 -0.02906509 0.0172254 -0.002736122 -0.02906509 0.0166611 -0.003121938 -0.02906509 0.0169955 -0.003134276 -0.02906509 0.0168027 -0.00359356 -0.02906509 0.0168626 -0.003574403 -0.02906509 0.016831 -0.003928572 -0.02906509 0.015166 -0.00195683 -0.02906509 0.014831 -0.001928572 -0.02906509 0.013731 -0.001928572 -0.02906509 -0.018169 0.001071428 -0.02906509 -0.0093342 0.001071428 -0.02906509 -0.018169 -0.001928572 -0.02906509 -0.0087763 0.001071428 -0.02906509 -0.0082159 0.001071428 -0.02906509 -0.0059511 0.001071428 -0.02906509 -0.004801 0.001071428 -0.02906509 -0.0036451 0.001071428 -0.02906509 -0.0024893 0.001071428 -0.02906509 -0.0013313 0.001071428 -0.02906509 -0.0001689996 0.001071428 -0.02906509 -0.0076536 0.001071428 -0.02906509 -0.007089 0.001071428 -0.02906509 0.0009933004 0.001071428 -0.02906509 0.0021513 0.001071428 -0.02906509 0.0033071 0.001071428 -0.02906509 0.004463 0.001071428 -0.02906509 0.0050396 0.001071428 -0.02906509 0.0056131 0.001071428 -0.02906509 0.0061836 0.001071428 -0.02906509 0.006751 0.001071428 -0.02906509 0.0073156 0.001071428 -0.02906509 0.0078779 0.001071428 -0.02906509 0.0084383 0.001071428 -0.02130072 -0.01845258 0.001071428 -0.02302782 -0.01717024 0.001071428 -0.02481509 -0.017169 0.001071428 -0.02845622 -0.01056054 0.001071428 -0.02906509 -0.0093342 0.001071428 -0.02669009 -0.01608647 0.001071428 -0.02694897 -0.01628512 0.001071428 -0.01823029 -0.020169 0.001071428 -0.01945663 -0.01956013 0.001071428 -0.02498256 -0.017794 0.001071428 -0.02485768 -0.01749252 0.001071428 -0.02879714 -0.019169 0.001071428 -0.02694897 -0.01805288 0.001071428 -0.02714762 -0.017794 0.001071428 -0.0272725 -0.01749252 0.001071428 -0.02906509 -0.018169 0.001071428 -0.02899694 -0.01868664 0.001071428 -0.02544009 -0.01608647 0.001071428 -0.02462144 -0.01572535 0.001071428 -0.02574157 -0.01596159 0.001071428 -0.02606633 -0.01413173 0.001071428 -0.02518121 -0.01628512 0.001071428 -0.02498256 -0.016544 0.001071428 -0.02485768 -0.01684548 0.001071428 -0.02574157 -0.01837641 0.001071428 -0.02706509 -0.020169 0.001071428 -0.02544009 -0.01825153 0.001071428 -0.02518121 -0.01805288 0.001071428 -0.02731509 -0.017169 0.001071428 -0.0272725 -0.01684548 0.001071428 -0.02714762 -0.016544 0.001071428 -0.02734867 -0.01240463 0.001071428 -0.02638861 -0.01596159 0.001071428 -0.02606509 -0.015919 0.001071428 -0.02606509 -0.018419 0.001071428 -0.02638861 -0.01837641 0.001071428 -0.02758273 -0.02010085 0.001071428 -0.02669009 -0.01825153 0.001071428 -0.02806509 -0.01990105 0.001071428 -0.0284793 -0.01958321 0.001071428 0.01693491 0.001831 -0.003928572 0.01693491 0.001831 -0.005428572 0.01692711 0.0021561 -0.005428572 -0.004745891 0.0030996 -0.003928572 -0.004719891 0.00323 -0.005428572 -0.004864491 0.0019201 -0.003928572 -0.004865091 0.001831 -0.005428572 -0.004865191 0.001831 -0.003928572 -0.004719891 0.00323 -0.003928572 -0.004423391 0.0042543 -0.003928572 -0.004338291 0.0044723 -0.005428572 -0.004338291 0.0044723 -0.003928572 -0.003907791 0.0053552 -0.003928572 -0.003711591 0.0056815 -0.005428572 -0.003711591 0.0056815 -0.003928572 -0.003197991 0.0064019 -0.003928572 -0.002836791 0.0068274 -0.005428572 -0.0008227908 0.0085156 -0.003928572 -0.0007728908 0.0085474 -0.005428572 -0.001967791 0.0076699 -0.003928572 -0.002189291 0.007475 -0.005428572 -0.002189291 0.007475 -0.003928572 -0.002836791 0.0068274 -0.003928572 -0.0007728908 0.0085474 -0.003928572 0.0004740092 0.0092276 -0.003928572 0.0008889092 0.0094122 -0.005428572 0.0008889092 0.0094122 -0.003928572 0.001912409 0.0097922 -0.003928572 0.002734209 0.0100272 -0.005428572 0.002734209 0.0100272 -0.003928572 0.003476909 0.0101908 -0.003928572 0.004696309 0.0103659 -0.005428572 0.004696309 0.0103659 -0.003928572 0.005152209 0.0104028 -0.003928572 0.006691109 0.0104154 -0.005428572 0.006691109 0.0104154 -0.003928572 0.006840109 0.0104075 -0.003928572 0.008655009 0.0101788 -0.005428572 0.007697409 0.0103304 -0.003928572 0.008544509 0.0102 -0.003928572 0.008655009 0.0101788 -0.003928572 0.01017391 0.0097868 -0.003928572 0.01049371 0.0096785 -0.005428572 0.01049371 0.0096785 -0.003928572 0.01171211 0.0091724 -0.003928572 0.01214631 0.0089521 -0.005428572 0.01214631 0.0089521 -0.003928572 0.01305781 0.008408 -0.003928572 0.01357201 0.0080436 -0.005428572 0.01357201 0.0080436 -0.003928572 0.01425411 0.0074795 -0.003928572 0.01474731 0.006999 -0.005428572 0.01474731 0.006999 -0.003928572 0.01477761 0.006967 -0.003928572 0.01477761 0.006967 -0.005428572 0.01524351 0.0064324 -0.003928572 0.01572041 0.0057761 -0.005428572 0.01572041 0.0057761 -0.003928572 0.01629701 0.0047299 -0.003928572 0.01636141 0.0045838 -0.005428572 0.01636141 0.0045838 -0.003928572 0.01671631 0.0035449 -0.003928572 0.01675951 0.0033678 -0.005428572 0.01675951 0.0033678 -0.003928572 0.01684281 0.0029463 -0.003928572 0.01692711 0.0021561 -0.003928572 -0.004937391 0.0007105004 -0.003381362 -0.004908691 0.0007152004 -0.003428572 -0.004897491 0.0004877004 -0.003381362 0.01685931 0.0029491 -0.003746609 0.01683631 0.0005809004 -0.003746609 0.01681971 0.0005840004 -0.003928572 0.01693451 0.0017585 -0.003928572 0.01736591 0.0023916 -0.003091576 0.01754451 0.0024054 -0.002998784 0.01756641 0.0017518 -0.002998784 0.01735301 0.0011224 -0.003091576 0.01719381 0.0011381 -0.003221465 0.01722741 0.0017554 -0.003221465 0.01592661 -0.0032257 -0.002945267 0.01606221 -0.0033475 -0.002928572 0.01559271 -0.0038971 -0.002928572 0.01010031 -0.0071937 -0.002928572 0.009568609 -0.0073378 -0.002928572 0.009524509 -0.0071612 -0.002945267 0.006881809 -0.0071966 -0.003091576 0.006872309 -0.007037 -0.003221465 0.007737809 -0.0069586 -0.003221465 0.005999909 -0.0072217 -0.003091576 0.006000309 -0.0070619 -0.003221465 -0.005181891 0.0004321004 -0.003091576 -0.005024991 0.0004628004 -0.003221465 -0.004704891 -0.0006758996 -0.003221465 -0.005065591 0.0006897004 -0.003221465 -0.005223391 0.0006640004 -0.003091576 -0.005269991 0.0006565004 -0.003062547 -0.005400191 0.0006353004 -0.002998784 -0.005508091 0.0006178004 -0.002962647 -0.005357691 0.0003977004 -0.002998784 -0.004854891 -0.0007312996 -0.003091576 -0.004447791 -0.0012887 -0.003221465 -0.004592391 -0.0013568 -0.003091576 -0.004136491 -0.0018833 -0.003221465 -0.004274891 -0.0019633 -0.003091576 -0.003754591 -0.0024831 -0.003221465 -0.003885791 -0.0025746 -0.003091576 -0.003325791 -0.0030475 -0.003221465 -0.003449091 -0.0031493 -0.003091576 -0.002832791 -0.0035982 -0.003221465 -0.002947591 -0.0037095 -0.003091576 -0.002294191 -0.0041123 -0.003221465 -0.002400191 -0.004232 -0.003091576 -0.001172191 -0.0049752 -0.003221465 -0.001260991 -0.0051082 -0.003091576 -0.0005101908 -0.0053849 -0.003221465 -0.0005895908 -0.0055237 -0.003091576 -0.005540391 0.0003619004 -0.002945267 -0.005022991 -0.0007933996 -0.002998784 -0.005197591 -0.0008577996 -0.002945267 -0.004754491 -0.0014332 -0.002998784 -0.004922891 -0.0015124 -0.002945267 -0.004429991 -0.0020529 -0.002998784 -0.004591091 -0.0021461 -0.002945267 -0.004032691 -0.0026771 -0.002998784 -0.004185291 -0.0027836 -0.002945267 -0.003587291 -0.0032633 -0.002998784 -0.003730891 -0.0033818 -0.002945267 -0.003076191 -0.0038342 -0.002998784 -0.003209891 -0.0039638 -0.002945267 -0.002518891 -0.0043662 -0.002998784 -0.002642191 -0.0045056 -0.002945267 -0.001360491 -0.0052571 -0.002998784 -0.001463991 -0.0054119 -0.002945267 -0.0006785908 -0.0056791 -0.002998784 -0.0007709908 -0.0058407 -0.002945267 0.004228309 -0.0072873 -0.002998784 0.003316709 -0.0073311 -0.002945267 0.003351709 -0.0071482 -0.002998784 0.002437009 -0.0071337 -0.002945267 0.002483509 -0.0069535 -0.002998784 0.001566909 -0.0068779 -0.002945267 0.001625309 -0.0067012 -0.002998784 0.0007433092 -0.0065754 -0.002945267 0.0008133092 -0.0064029 -0.002998784 -5.199075e-05 -0.006221 -0.002945267 2.950925e-05 -0.0060537 -0.002998784 0.005123709 -0.0071926 -0.003091576 0.005133909 -0.0070331 -0.003221465 0.004250809 -0.0071096 -0.003091576 0.004270909 -0.006951 -0.003221465 0.003385309 -0.0069723 -0.003091576 0.003415309 -0.0068153 -0.003221465 0.002528409 -0.0067801 -0.003091576 0.002568409 -0.0066252 -0.003221465 0.001681509 -0.0065311 -0.003091576 0.001731709 -0.0063793 -0.003221465 0.0008806092 -0.0062369 -0.003091576 0.0009407092 -0.0060887 -0.003221465 0.0001080092 -0.0058926 -0.003091576 0.0001780092 -0.0057489 -0.003221465 0.006892509 -0.0073754 -0.002998784 0.006903509 -0.0075612 -0.002945267 0.005999009 -0.007587 -0.002945267 0.007778909 -0.0072951 -0.002998784 0.007757209 -0.0071173 -0.003091576 0.008621809 -0.0069842 -0.003091576 0.007801409 -0.0074798 -0.002945267 0.01167461 -0.0058521 -0.003221465 0.01023991 -0.0065792 -0.003091576 0.01019151 -0.0064268 -0.003221465 0.008592509 -0.006827 -0.003221465 0.01029401 -0.0067499 -0.002998784 0.009479309 -0.0069806 -0.002998784 0.008688709 -0.0073433 -0.002945267 0.008654609 -0.0071603 -0.002998784 0.01551451 -0.0029001 -0.003221465 0.01470391 -0.0040185 -0.003091576 0.01459421 -0.0039021 -0.003221465 0.01430191 -0.0043775 -0.003091576 0.01419851 -0.0042555 -0.003221465 0.01371281 -0.0048411 -0.003091576 0.01361841 -0.004712 -0.003221465 0.01308971 -0.0052649 -0.003091576 0.01300431 -0.0051297 -0.003221465 0.01174181 -0.0059972 -0.003091576 0.01035031 -0.0069273 -0.002945267 0.01106691 -0.006478 -0.002998784 0.01113411 -0.0066516 -0.002945267 0.01181701 -0.0061597 -0.002998784 0.01189521 -0.0063286 -0.002945267 0.01318541 -0.0054163 -0.002998784 0.01328481 -0.0055737 -0.002945267 0.01381861 -0.0049857 -0.002998784 0.01392841 -0.0051359 -0.002945267 0.01441761 -0.0045142 -0.002998784 0.01453791 -0.0046563 -0.002945267 0.01482671 -0.0041488 -0.002998784 0.01495441 -0.0042842 -0.002945267 0.01545881 -0.003774 -0.002945267 0.01532181 -0.003648 -0.002998784 0.01578051 -0.0031103 -0.002998784 0.01564001 -0.0029992 -0.003091576 0.01624311 -0.0018192 -0.003221465 0.01638231 -0.001898 -0.003091576 0.01618231 -0.0025608 -0.002998784 0.01726501 0.0005013004 -0.003091576 0.01744111 0.0004686004 -0.002998784 0.01729621 -0.0001610996 -0.002998784 0.01747571 -0.0002104996 -0.002945267 0.01727181 -0.0008453996 -0.002945267 0.01746621 0.0030497 -0.002998784 0.01733611 0.0030281 -0.003062547 0.01728951 0.0030204 -0.003091576 0.01713181 0.0029942 -0.003221465 0.01773011 0.0024198 -0.002945267 0.01775251 0.0017498 -0.002945267 0.01771651 0.0010867 -0.002945267 0.01757401 0.0030676 -0.002962647 0.01782941 0.0031099 -0.002928572 0.01789741 0.002594 -0.002928572 0.01700371 0.002973 -0.003381362 0.01720651 0.0023792 -0.003221465 0.01738731 0.0017537 -0.003091576 0.01753121 0.0011049 -0.002998784 0.01762411 0.0004346004 -0.002945267 -0.004753891 0.0005158004 -0.003746609 -0.004810091 0.0007312004 -0.003669753 -0.004792991 0.0007340004 -0.003746609 -0.004291591 -0.0009217996 -0.003928572 -0.004197891 -0.0011711 -0.003746609 -0.004430091 -0.0005743996 -0.003928572 -0.004445791 -0.0005802996 -0.003746609 -0.004689691 0.0002942004 -0.003928572 -0.004737491 0.0005190004 -0.003928572 -0.004776491 0.0007367004 -0.003928572 -0.004182791 -0.001164 -0.003928572 -0.003650591 -0.0021141 -0.003928572 -0.003897291 -0.0017451 -0.003746609 -0.003514391 -0.0023156 -0.003928572 -0.003528091 -0.0023251 -0.003746609 -0.003112791 -0.0028717 -0.003746609 -0.002707791 -0.003305 -0.003928572 -0.002634491 -0.003406 -0.003746609 -0.002146691 -0.0039455 -0.003560477 -0.002739591 -0.0035078 -0.003381362 -0.002672991 -0.0034432 -0.003560477 -0.003225591 -0.0029649 -0.003381362 -0.003153991 -0.0029058 -0.003560477 -0.003648091 -0.0024088 -0.003381362 -0.003571991 -0.0023557 -0.003560477 -0.004023991 -0.0018183 -0.003381362 -0.003943691 -0.0017719 -0.003560477 -0.004330291 -0.0012334 -0.003381362 -0.004246291 -0.0011939 -0.003560477 -0.004583091 -0.0006308996 -0.003381362 -0.004495991 -0.0005987996 -0.003560477 -0.004806491 0.0005055004 -0.003560477 -0.004845791 0.0007254004 -0.003560477 -0.001018691 -0.0047456 -0.003746609 -0.002111191 -0.0039054 -0.003746609 -0.002677491 -0.003337 -0.003928572 -0.002100091 -0.0038929 -0.003928572 -0.001502191 -0.0043816 -0.003928572 -0.001009491 -0.0047317 -0.003928572 0.0002990092 -0.0055006 -0.003746609 -7.649075e-05 -0.0052901 -0.003928572 0.0003064092 -0.0054856 -0.003928572 0.001576109 -0.0060165 -0.003928572 0.001044509 -0.0058328 -0.003746609 0.001818309 -0.006117 -0.003746609 0.001823609 -0.0061012 -0.003928572 0.002637509 -0.0063578 -0.003746609 0.003414809 -0.0065168 -0.003928572 0.003467109 -0.006544 -0.003746609 0.004298909 -0.0067301 -0.003560477 0.003439609 -0.0066877 -0.003381362 0.003457009 -0.0065965 -0.003560477 0.002600909 -0.0064995 -0.003381362 0.002624109 -0.0064096 -0.003560477 0.001772409 -0.0062559 -0.003381362 0.001801509 -0.0061678 -0.003560477 0.0009895092 -0.0059684 -0.003381362 0.001024409 -0.0058824 -0.003560477 0.0002349092 -0.0056322 -0.003381362 0.0002756092 -0.0055487 -0.003560477 -0.0004456908 -0.0052722 -0.003381362 -0.0003995908 -0.0051916 -0.003560477 -0.001099991 -0.0048673 -0.003381362 -0.001048491 -0.0047901 -0.003560477 -0.002208191 -0.004015 -0.003381362 0.005151509 -0.0067574 -0.003746609 0.004305609 -0.006677 -0.003746609 0.003470209 -0.0065276 -0.003928572 0.004307709 -0.0066603 -0.003928572 0.005152609 -0.0067408 -0.003928572 0.005378709 -0.0067534 -0.003928572 0.006855909 -0.0067613 -0.003746609 0.006854909 -0.0067446 -0.003928572 0.007704309 -0.0066844 -0.003746609 0.007373509 -0.0067039 -0.003928572 0.007702309 -0.0066678 -0.003928572 0.008542009 -0.0065555 -0.003746609 0.009335609 -0.0063652 -0.003928572 0.01010791 -0.0061635 -0.003746609 0.01010291 -0.0061476 -0.003928572 0.01155851 -0.0056014 -0.003746609 0.01118091 -0.0057502 -0.003928572 0.01155151 -0.0055862 -0.003928572 0.01284271 -0.0048854 -0.003928572 0.01285681 -0.0048962 -0.003746609 0.01400931 -0.004032 -0.003928572 0.01402011 -0.0040447 -0.003746609 0.01440471 -0.0037011 -0.003746609 0.01425911 -0.003813 -0.003928572 0.01490661 -0.0031654 -0.003928572 0.01529781 -0.0027289 -0.003746609 0.01528481 -0.0027185 -0.003928572 0.01600271 -0.0016832 -0.003746609 0.01656991 -0.0005874996 -0.003560477 0.01613011 -0.0017553 -0.003381362 0.01604931 -0.0017096 -0.003560477 0.01541261 -0.0028196 -0.003381362 0.01533981 -0.0027621 -0.003560477 0.01450511 -0.0038076 -0.003381362 0.01444141 -0.0037401 -0.003560477 0.01411461 -0.0041564 -0.003381362 0.01405461 -0.0040856 -0.003560477 0.01293491 -0.0050199 -0.003381362 0.01288541 -0.0049414 -0.003560477 0.01162001 -0.0057342 -0.003381362 0.01158101 -0.00565 -0.003560477 0.01015221 -0.006303 -0.003381362 0.01012411 -0.0062145 -0.003560477 0.008568809 -0.0066993 -0.003381362 0.008551809 -0.0066081 -0.003560477 0.007722009 -0.0068296 -0.003381362 0.007710809 -0.0067375 -0.003560477 0.006864609 -0.0069073 -0.003381362 0.006859109 -0.0068147 -0.003560477 0.006000609 -0.006932 -0.003381362 0.006000809 -0.0068392 -0.003560477 0.005142209 -0.0069035 -0.003381362 0.005148109 -0.0068108 -0.003560477 0.004287209 -0.0068221 -0.003381362 0.01578141 -0.0020195 -0.003928572 0.01598801 -0.0016749 -0.003928572 0.01651961 -0.0005690996 -0.003746609 0.01640811 -0.0008102996 -0.003928572 0.01650391 -0.0005632996 -0.003928572 0.01678971 0.0004320004 -0.003928572 0.01700471 0.0017578 -0.003560477 0.01709751 0.0017568 -0.003381362 0.01698011 0.0005542004 -0.003381362 0.01695121 0.0017584 -0.003746609 0.01691211 0.0029578 -0.003560477 0.01697501 0.0029682 -0.003428572 0.01707701 0.0023691 -0.003381362 0.01687651 0.0029519 -0.003669753 0.01698451 0.002362 -0.003560477 -0.005763491 0.0005762004 -0.002928572 -0.0001317908 -0.0063846 -0.002928572 -0.001339491 -0.0057102 -0.002928572 -0.001565091 -0.0055632 -0.002928572 -0.002707191 -0.0046907 -0.002928572 -0.003340491 -0.0040904 -0.002928572 -0.003839691 -0.0035356 -0.002928572 -0.004334591 -0.0028877 -0.002928572 -0.004744791 -0.0022438 -0.002928572 -0.005087491 -0.00159 -0.002928572 -0.005368291 -0.0009208996 -0.002928572 -0.005383291 -0.0008797996 -0.002928572 -0.005718891 0.0003270004 -0.002928572 0.0003082092 -0.0065888 -0.002928572 0.001509809 -0.0070507 -0.002928572 0.002093509 -0.0072293 -0.002928572 0.003282609 -0.0075098 -0.002928572 0.005999509 -0.0074009 -0.002998784 0.005112209 -0.0073714 -0.002998784 0.005100309 -0.0075571 -0.002945267 0.004204909 -0.007472 -0.002945267 0.004182109 -0.0076525 -0.002928572 0.004019109 -0.0076309 -0.002928572 0.005088709 -0.0077387 -0.002928572 0.008088909 -0.0076256 -0.002928572 0.006914309 -0.0077428 -0.002928572 0.006029209 -0.007769 -0.002928572 0.005998609 -0.007769 -0.002928572 0.01040541 -0.0071008 -0.002928572 0.01119991 -0.0068213 -0.002928572 0.01197171 -0.0064938 -0.002928572 0.01200001 -0.0064806 -0.002928572 0.01338201 -0.0057275 -0.002928572 0.01370121 -0.0055185 -0.002928572 0.01465541 -0.0047952 -0.002928572 0.01497521 -0.0045134 -0.002928572 0.01698491 -0.0019361 -0.002928572 0.01744261 -0.0009081996 -0.002928572 0.01759821 -0.0004423996 -0.002928572 0.01780301 0.0004014004 -0.002928572 0.01789751 0.0010685 -0.002928572 0.01793441 0.0017478 -0.002928572 0.01791151 0.0024339 -0.002928572 0.01653401 -0.0012538 -0.003221465 0.01633661 -0.0026649 -0.002945267 0.01653821 -0.0019862 -0.002998784 0.01667911 -0.0013212 -0.003091576 0.01677891 -0.0006642996 -0.003221465 0.01665701 -0.0006194996 -0.003381362 0.01688891 0.0005712004 -0.003560477 0.01710781 0.0005305004 -0.003221465 0.01696941 -7.119964e-05 -0.003221465 0.01712351 -0.0001135996 -0.003091576 0.01692901 -0.0007194996 -0.003091576 0.01709711 -0.0007811996 -0.002998784 0.01684151 -0.0013967 -0.002998784 0.01701031 -0.0014751 -0.002945267 0.01670021 -0.0020779 -0.002945267 0.01685861 -0.0021675 -0.002928572 0.01648751 -0.0027666 -0.002928572 0.01357201 0.0080436 -0.005428572 0.01474731 0.006999 -0.005428572 0.001576109 -0.0060165 -0.005428572 -0.002677491 -0.003337 -0.005428572 0.01049371 0.0096785 -0.005428572 -0.001502191 -0.0043816 -0.005428572 -7.649075e-05 -0.0052901 -0.005428572 0.01214631 0.0089521 -0.005428572 0.01477761 0.006967 -0.005428572 0.01572041 0.0057761 -0.005428572 0.01636141 0.0045838 -0.005428572 -0.002707791 -0.003305 -0.005428572 -0.003650591 -0.0021141 -0.005428572 -0.004291591 -0.0009217996 -0.005428572 0.01675951 0.0033678 -0.005428572 0.01692711 0.0021561 -0.005428572 0.01693491 0.001831 -0.005428572 -0.004689691 0.0002942004 -0.005428572 -0.004857291 0.0015059 -0.005428572 -0.004865091 0.001831 -0.005428572 0.007373509 -0.0067039 -0.005428572 0.005378709 -0.0067534 -0.005428572 0.01425911 -0.003813 -0.005428572 0.004696309 0.0103659 -0.005428572 0.006691109 0.0104154 -0.005428572 -0.002189291 0.007475 -0.005428572 0.01678971 0.0004320004 -0.005428572 0.01640811 -0.0008102996 -0.005428572 0.01578141 -0.0020195 -0.005428572 0.01490661 -0.0031654 -0.005428572 0.003414809 -0.0065168 -0.005428572 -0.004719891 0.00323 -0.005428572 -0.004338291 0.0044723 -0.005428572 -0.003711591 0.0056815 -0.005428572 -0.002836791 0.0068274 -0.005428572 0.008655009 0.0101788 -0.005428572 0.01284271 -0.0048854 -0.005428572 0.01118091 -0.0057502 -0.005428572 0.009335609 -0.0063652 -0.005428572 -0.0007728908 0.0085474 -0.005428572 0.0008889092 0.0094122 -0.005428572 0.002734209 0.0100272 -0.005428572 -0.01243429 -0.0198832 0.002147988 -0.01124979 -0.02004932 0.001785058 -0.01125249 -0.02004902 0.005071428 -0.01117449 -0.02005745 0.001761168 -0.008334691 -0.02015566 0.005071428 -0.009065091 -0.020169 0.001071428 -0.008335991 -0.02015574 0.001312858 -0.01012169 -0.02014111 0.001420658 -0.01031259 -0.02013009 0.001483178 -0.01589069 -0.01896824 0.002952608 -0.01412379 -0.01951867 0.005071428 -0.01638049 -0.01878311 0.003014078 -0.01688719 -0.01857592 0.005071428 -0.01688549 -0.01857664 0.003055988 -0.01432339 -0.01946542 0.002651738 -0.01412219 -0.01951912 0.002604068 -0.01327599 -0.01972069 0.002386488 -0.0194839 -0.01724086 0.005071428 -0.01851199 -0.0177973 0.003071428 -0.01739709 -0.01835082 0.003071428 -0.02185855 -0.01554194 0.003071428 -0.02175848 -0.01562467 0.003071428 -0.02185855 -0.01554194 0.005071428 -0.02018839 -0.01679044 0.003071428 -0.0194839 -0.01724086 0.003071428 -0.02320723 -0.01431114 0.003071428 -0.02396053 -0.01351538 0.005071428 -0.02396053 -0.01351538 0.003071428 -0.02452076 -0.01286239 0.003071428 -0.02574505 -0.01120436 0.005071428 -0.02568653 -0.0112923 0.003071428 -0.02724691 -0.008501 0.003071428 -0.02717405 -0.0086581 0.003071428 -0.02717405 -0.0086581 0.005071428 -0.02669339 -0.0096159 0.003071428 -0.02574505 -0.01120436 0.003071428 -0.02821817 -0.0059275 0.002762268 -0.02804919 -0.0064622 0.002866198 -0.0282171 -0.005931 0.005071428 -0.0276792 -0.0074844 0.003014078 -0.02748325 -0.0079646 0.003054508 -0.02885196 -0.003081 0.005071428 -0.02885239 -0.0030783 0.002010268 -0.02855997 -0.0046355 0.002454858 -0.02836199 -0.0054255 0.002651328 -0.02892186 -0.0025584 0.001849548 -0.02906509 -0.0001689996 0.005071428 -0.0290372 -0.0012256 0.001420658 -0.02902618 0.0010785 0.001483178 -0.0290372 0.0008876004 0.001420658 -0.02786433 0.0066566 0.002952608 -0.02821791 0.0055903 0.002762448 -0.0282171 0.005593 0.005071428 -0.02836151 0.0050893 0.002651738 -0.02885196 0.002743 0.005071428 -0.02861678 0.0040419 0.002386488 -0.0287793 0.0032002 0.002147988 -0.0288523 0.0027409 0.002010448 -0.02895355 0.0019404 0.001761168 -0.02717405 0.0083201 0.005071428 -0.02717405 0.0083201 0.003071428 -0.02724691 0.008163 0.003071428 -0.0276792 0.0071464 0.003014078 -0.02669339 0.0092779 0.003071428 -0.02574505 0.0108664 0.005071428 -0.02574505 0.0108664 0.003071428 -0.02568653 0.0109543 0.003071428 -0.02396053 0.0131774 0.005071428 -0.02452076 0.0125244 0.003071428 -0.02185855 0.0152039 0.005071428 -0.02320723 0.0139731 0.003071428 -0.02396053 0.0131774 0.003071428 -0.0194839 0.0169029 0.003071428 -0.02018839 0.0164524 0.003071428 -0.0194839 0.0169029 0.005071428 -0.02175848 0.0152867 0.003071428 -0.02185855 0.0152039 0.003071428 -0.01851199 0.0174593 0.003071428 -0.01688719 0.0182379 0.005071428 -0.01739709 0.0180128 0.003071428 -0.01412379 0.0191807 0.005071428 -0.01535829 0.0188151 0.002866198 -0.01638049 0.0184451 0.003014078 -0.01686069 0.0182492 0.003054508 -0.01688719 0.0182379 0.003056088 -0.01125249 0.019711 0.005071428 -0.01125179 0.0197111 0.001785688 -0.01145449 0.0196878 0.001849548 -0.01327599 0.0193827 0.002386488 -0.01353159 0.0193259 0.002454858 -0.01412029 0.0191816 0.002603618 -0.01012169 0.0198031 0.001420658 -0.008334691 0.0198177 0.005071428 -0.009065091 0.019831 0.001071428 -0.005432391 0.0194983 0.005071428 -0.005434091 0.0194987 0.002224198 -0.005695891 0.0195452 0.002147988 -0.006955691 0.0197195 0.001761168 -0.007817591 0.0197921 0.001483178 -0.008008491 0.0198031 0.001420658 -0.008334991 0.0198177 0.001313178 -0.001749691 0.0184451 0.003014078 -0.002607491 0.0187598 0.005071428 -0.0007330908 0.0180128 0.003071428 7.970925e-05 0.0176178 0.005071428 7.970925e-05 0.0176178 0.003071428 -0.002239491 0.0186302 0.002952608 -0.002609791 0.0187606 0.002894458 -0.003806791 0.0191274 0.002651738 0.0006757092 0.0172986 0.003071428 0.002572109 0.0160968 0.005071428 0.002314309 0.0162782 0.003071428 0.004816409 0.0142291 0.005071428 0.003846909 0.0151045 0.003071428 0.002572109 0.0160968 0.003071428 0.006764809 0.0120545 0.003071428 0.006538009 0.0123427 0.003071428 0.006764809 0.0120545 0.005071428 0.005259209 0.0137886 0.003071428 0.004816409 0.0142291 0.003071428 0.007671509 0.0107802 0.003071428 0.008375909 0.0096194 0.005071428 0.008375909 0.0096194 0.003071428 0.008649109 0.0091157 0.003071428 0.009615209 0.0069756 0.005071428 0.009461709 0.0073647 0.003071428 0.01045641 0.0041796 0.005071428 0.01010171 0.0055436 0.003071428 0.009615209 0.0069756 0.003071428 0.01088151 0.0012909 0.003071428 0.01084171 0.0017591 0.003071428 0.01088151 0.0012909 0.005071428 0.01056321 0.0036692 0.003071428 0.01045641 0.0041796 0.003071428 0.01045641 -0.0045176 0.003071428 0.01056321 -0.0040072 0.003071428 0.01045641 -0.0045176 0.005071428 0.01084171 -0.0020971 0.003071428 0.01088151 -0.0016289 0.005071428 0.01088151 -0.0016289 0.003071428 0.01093491 -0.0001689996 0.003071428 0.008375909 -0.0099574 0.003071428 0.008649109 -0.0094537 0.003071428 0.008375909 -0.0099574 0.005071428 0.009461709 -0.0077027 0.003071428 0.009615209 -0.0073136 0.005071428 0.009615209 -0.0073136 0.003071428 0.01010171 -0.0058816 0.003071428 0.004816409 -0.01456707 0.003071428 0.005259209 -0.01412662 0.003071428 0.004816409 -0.01456707 0.005071428 0.006538009 -0.01268069 0.003071428 0.006764809 -0.01239247 0.005071428 0.006764809 -0.01239247 0.003071428 0.007671509 -0.0111182 0.003071428 7.970925e-05 -0.01795584 0.003071428 0.0006757092 -0.01763658 0.003071428 7.970925e-05 -0.01795584 0.005071428 0.002314309 -0.01661616 0.003071428 0.002572109 -0.01643479 0.005071428 0.002572109 -0.01643479 0.003071428 0.003846909 -0.01544253 0.003071428 -0.002608391 -0.01909811 0.002894698 -0.001749691 -0.01878311 0.003014078 -0.002607491 -0.0190978 0.005071428 -0.001269491 -0.01858716 0.003054508 -0.0007330908 -0.01835082 0.003071428 -0.004854191 -0.01972069 0.002386488 -0.004598591 -0.01966388 0.002454858 -0.005432391 -0.01983631 0.005071428 -0.003808591 -0.0194659 0.002651328 -0.002771891 -0.0191531 0.002866198 -0.008008491 -0.02014111 0.001420658 -0.006675691 -0.02002577 0.001849548 -0.005436091 -0.01983703 0.002223628 -0.02850951 0.0192143 -0.001952481 -0.02864255 0.0190601 -0.001966128 -0.02864265 0.0190604 0.001071428 -0.02875435 0.0189009 -0.001983497 -0.02889527 0.0186373 -0.002019723 -0.02889521 0.0186376 0.001071428 -0.02903683 0.018166 0.001071428 -0.0289305 0.0185523 -0.002033521 -0.02903652 0.0181655 -0.002110377 -0.0290461 0.0181034 -0.002124907 -0.02870749 0.0189716 -0.001975373 -0.02820313 0.0194756 -0.00193648 -0.02829446 0.0194085 -0.001939763 -0.02829445 0.0194086 0.001071428 -0.02836326 0.0193524 -0.001942948 -0.0283893 0.0193297 -0.001944342 -0.0280323 0.0195816 -0.001932458 -0.02787172 0.0196611 0.001071428 -0.02798152 0.0196087 -0.001931658 -0.02787173 0.0196611 -0.001930376 -0.0274001 0.0198027 0.001071428 -0.02751685 0.0197791 -0.00192865 -0.02706509 0.019831 0.001071428 -0.02706509 0.019831 -0.001928572 -0.0272666 0.0198207 -0.001928522 -0.02906509 0.017831 0.001071428 -0.02906509 0.0089961 0.001071428 -0.02845622 0.0102225 0.001071428 -0.02302782 0.0168322 0.001071428 -0.02130072 0.0181146 0.001071428 -0.02706509 0.019831 0.001071428 -0.01945663 0.0192221 0.001071428 -0.01823029 0.019831 0.001071428 -0.02734867 0.0120666 0.001071428 -0.02606633 0.0137937 0.001071428 -0.02903683 0.018166 0.001071428 -0.02462144 0.0153874 0.001071428 -0.02889521 0.0186376 0.001071428 -0.02787172 0.0196611 0.001071428 -0.02829445 0.0194086 0.001071428 -0.02864265 0.0190604 0.001071428 -0.0274001 0.0198027 0.001071428 -0.02806509 0.010231 -0.003062547 -0.02806509 0.0101343 -0.003013512 -0.0282326 0.01014 -0.003000583 -0.02806509 0.0099898 -0.002962647 -0.02806509 0.0098985 -0.002942701 -0.0282326 0.0099009 -0.002928772 -0.02806509 0.009731 -0.002928572 -0.0282326 0.0105309 -0.003305209 -0.02806509 0.0105198 -0.003313893 -0.02806509 0.0104381 -0.003221465 -0.0282326 0.010659 -0.003519556 -0.02806509 0.0106461 -0.003525255 -0.02806509 0.010597 -0.003428572 -0.0282326 0.0107308 -0.003758699 -0.02806509 0.0107169 -0.003761066 -0.02806509 0.0106969 -0.003669753 -0.02806509 0.010731 -0.003928572 -0.0282326 0.0107451 -0.003928572 -0.02832391 0.0107651 -0.003928572 -0.02846841 0.0108159 -0.003928572 -0.02846841 0.0108006 -0.003746838 -0.02856509 0.010865 -0.003928572 -0.02867977 0.0109251 -0.003725685 -0.02867977 0.0109422 -0.003928572 -0.0287722 0.0110239 -0.003928572 -0.02885387 0.0110967 -0.003696522 -0.02885387 0.0111163 -0.003928572 -0.02893112 0.011231 -0.003928572 -0.02898015 0.0113051 -0.003661118 -0.02898015 0.0113277 -0.003928572 -0.02903102 0.0114722 -0.003928572 -0.02905096 0.0115376 -0.003621618 -0.02905096 0.0115635 -0.003928572 -0.02905096 0.0114078 -0.003189496 -0.02905096 0.0111764 -0.002802177 -0.02905096 0.0108574 -0.002483142 -0.02905096 0.0104701 -0.00225173 -0.02905096 0.010038 -0.002121969 -0.02898015 0.0099985 -0.002354449 -0.02898015 0.009731 -0.002331889 -0.02905096 0.009731 -0.002096078 -0.02903102 0.009731 -0.002187391 -0.02885387 0.009963 -0.002562824 -0.02867977 0.0099339 -0.002734463 -0.02867977 0.009731 -0.00271735 -0.0287722 0.009731 -0.002635679 -0.02885387 0.009731 -0.002543251 -0.02893112 0.009731 -0.002428572 -0.0282326 0.009731 -0.002914443 -0.02832391 0.009731 -0.002894498 -0.02846841 0.0099127 -0.002858962 -0.02846841 0.009731 -0.002843633 -0.02856509 0.009731 -0.002794597 -0.02898015 0.010375 -0.002467511 -0.02885387 0.0102897 -0.002660919 -0.02867977 0.0102195 -0.002820231 -0.02846841 0.0101686 -0.002935787 -0.02898015 0.0107124 -0.002669144 -0.02885387 0.0105825 -0.002835862 -0.02867977 0.0104755 -0.002973187 -0.02846841 0.0103979 -0.003072796 -0.0282326 0.0103544 -0.00312865 -0.02806509 0.0103457 -0.003139794 -0.02898015 0.0109904 -0.002947126 -0.02885387 0.0108237 -0.003077045 -0.02867977 0.0106864 -0.00318406 -0.02846841 0.0105868 -0.003261683 -0.02898015 0.0111921 -0.003284602 -0.02885387 0.0109987 -0.003369848 -0.02867977 0.0108393 -0.003440065 -0.02846841 0.0107238 -0.003490997 -0.02856509 0.017697 -0.003928572 -0.02867977 0.0176198 -0.003928572 -0.02867977 0.0176389 -0.003714083 -0.02905096 0.0173598 -0.002835994 -0.02905096 0.0170275 -0.003604065 -0.02898015 0.0172596 -0.003645824 -0.02898015 0.0172343 -0.003928572 -0.02905096 0.0169985 -0.003928572 -0.02903102 0.0170898 -0.003928572 -0.02885387 0.0174676 -0.003683253 -0.0287722 0.0175381 -0.003928572 -0.02885387 0.0174457 -0.003928572 -0.02893112 0.017331 -0.003928572 -0.02846841 0.0177461 -0.003928572 -0.02846841 0.0177632 -0.003736446 -0.02832391 0.0177969 -0.003928572 -0.0282326 0.0178329 -0.003748985 -0.0282326 0.0178169 -0.003928572 -0.02806509 0.0180422 -0.003313893 -0.02806509 0.0180282 -0.003332347 -0.0282326 0.0180168 -0.003323923 -0.02806509 0.0179132 -0.003531424 -0.0282326 0.0183239 -0.003050311 -0.02806509 0.018331 -0.003062547 -0.0282326 0.0181764 -0.003153984 -0.02806509 0.0182163 -0.003139794 -0.02806509 0.0181855 -0.003164776 -0.02846841 0.0181307 -0.003099899 -0.02846841 0.0182885 -0.002988987 -0.02843319 0.0182959 -0.003001742 -0.02824705 0.0183226 -0.003048089 -0.0286123 0.0182495 -0.002921381 -0.02867977 0.0180492 -0.003003446 -0.02867977 0.0182254 -0.002879623 -0.0287722 0.0181846 -0.002808894 -0.02885387 0.0179368 -0.002870469 -0.02885387 0.0181383 -0.002728848 -0.02898015 0.0178004 -0.002709032 -0.02898015 0.0180327 -0.002545804 -0.02890209 0.0181046 -0.002670419 -0.02906105 0.0178759 -0.002274337 -0.02905096 0.0179148 -0.002341586 -0.02905096 0.0176482 -0.002528921 -0.02902649 0.0179686 -0.002434815 -0.02899488 0.018015 -0.002515301 -0.02806509 0.017831 -0.003928572 -0.02806509 0.0178468 -0.003751487 -0.0282326 0.0179003 -0.003525813 -0.02846841 0.0178353 -0.00349769 -0.02867977 0.0177194 -0.003447538 -0.02885387 0.0175596 -0.003378395 -0.02898015 0.0173656 -0.003294453 -0.02905096 0.0171492 -0.003200801 -0.02898015 0.0175492 -0.00297659 -0.02885387 0.0177188 -0.003102609 -0.02867977 0.0178586 -0.003206411 -0.02846841 0.01796 -0.003281704 -0.02903102 0.013731 -0.002187391 -0.02898015 0.013731 -0.002331889 -0.02898015 0.0134635 -0.002354449 -0.02893112 0.013731 -0.002428572 -0.02885387 0.013731 -0.002543251 -0.02885387 0.013499 -0.002562824 -0.0287722 0.013731 -0.002635679 -0.02867977 0.013731 -0.00271735 -0.02867977 0.0135281 -0.002734463 -0.02806509 0.012865 -0.003428572 -0.02806509 0.0128159 -0.003525255 -0.0282326 0.012803 -0.003519556 -0.02905096 0.013731 -0.002096078 -0.02905096 0.013424 -0.002121969 -0.02905096 0.0129919 -0.00225173 -0.02905096 0.0126046 -0.002483142 -0.02905096 0.0122856 -0.002802177 -0.02905096 0.0120542 -0.003189496 -0.02905096 0.0119244 -0.003621618 -0.02905096 0.0118985 -0.003928572 -0.02903102 0.0119898 -0.003928572 -0.02898015 0.0121343 -0.003928572 -0.02885387 0.0123457 -0.003928572 -0.02893112 0.012231 -0.003928572 -0.02898015 0.0121569 -0.003661118 -0.02867977 0.0125198 -0.003928572 -0.0287722 0.0124381 -0.003928572 -0.02885387 0.0123653 -0.003696522 -0.02846841 0.0126461 -0.003928572 -0.02856509 0.012597 -0.003928572 -0.02867977 0.0125369 -0.003725685 -0.0282326 0.0127312 -0.003758699 -0.02806509 0.0127451 -0.003761066 -0.0282326 0.0127169 -0.003928572 -0.02806509 0.012731 -0.003928572 -0.02806509 0.0127651 -0.003669753 -0.02806509 0.0129422 -0.003313893 -0.0282326 0.0129311 -0.003305209 -0.02806509 0.0130239 -0.003221465 -0.0282326 0.0131076 -0.00312865 -0.02806509 0.0131163 -0.003139794 -0.02806509 0.013231 -0.003062547 -0.0282326 0.013322 -0.003000583 -0.02806509 0.0133277 -0.003013512 -0.02806509 0.0134722 -0.002962647 -0.0282326 0.0135611 -0.002928772 -0.02806509 0.0135635 -0.002942701 -0.02806509 0.013731 -0.002928572 -0.0282326 0.013731 -0.002914443 -0.02832391 0.013731 -0.002894498 -0.02846841 0.013731 -0.002843633 -0.02832391 0.0126969 -0.003928572 -0.02846841 0.0126614 -0.003746838 -0.02846841 0.0127382 -0.003490997 -0.02846841 0.0128752 -0.003261683 -0.02846841 0.0130641 -0.003072796 -0.02846841 0.0132934 -0.002935787 -0.02846841 0.0135493 -0.002858962 -0.02856509 0.013731 -0.002794597 -0.02867977 0.0126227 -0.003440065 -0.02867977 0.0127756 -0.00318406 -0.02867977 0.0129865 -0.002973187 -0.02867977 0.0132425 -0.002820231 -0.02885387 0.0124633 -0.003369848 -0.02885387 0.0126383 -0.003077045 -0.02885387 0.0128795 -0.002835862 -0.02885387 0.0131723 -0.002660919 -0.02898015 0.0122699 -0.003284602 -0.02898015 0.0124716 -0.002947126 -0.02898015 0.0127496 -0.002669144 -0.02898015 0.013087 -0.002467511 -0.0007191908 -0.01838117 0.002707498 -0.0006623908 -0.01850525 0.002264798 0.0007585092 -0.01778495 0.002264798 -0.0005972908 -0.01864719 0.001977008 -0.0005571908 -0.01873486 0.001842068 0.0008815092 -0.01800554 0.001842068 -0.0007213908 0.0180385 0.002736418 0.0006895092 0.0173233 0.002736418 0.0007585092 0.017447 0.002264798 -0.0006623908 0.0181673 0.002264798 -0.0006745908 0.0181405 0.002335238 -0.0005467908 0.0184194 0.001810828 -0.0005571908 0.0183969 0.001842068 0.0008815092 0.0176675 0.001842068 -0.0005972908 0.0183092 0.001977008 -0.0004890908 0.0185454 0.001657218 0.001051109 0.0179716 0.001493868 -0.0004250908 0.018685 0.001518718 -0.0004120908 0.0187134 0.001493868 -0.0002065908 0.0191617 0.001211848 -0.0002359908 0.0190977 0.001241308 0.001256909 0.0183408 0.001241308 -0.0002825908 0.0189959 0.001294858 2.520925e-05 0.0196676 0.001079518 -3.949075e-05 0.0195264 0.001099688 0.001486609 0.0187527 0.001099688 -5.159075e-05 0.0195002 0.001104818 -0.0001291908 0.0193307 0.001148628 0.001649809 0.0190453 0.001071428 0.0001000092 0.019831 0.001071428 0.003261609 0.0176474 0.001099688 0.003452209 0.0179229 0.001071428 0.004921809 0.016376 0.001099688 0.005138109 0.0166319 0.001071428 0.006451709 0.0149506 0.001099688 0.006691609 0.0151844 0.001071428 0.007837009 0.0133843 0.001099688 0.008098309 0.0135939 0.001071428 0.009064909 0.0116917 0.001099688 0.009345209 0.0118751 0.001071428 0.01012381 0.0098887 0.001099688 0.01042061 0.0100442 0.001071428 0.01100411 0.0079919 0.001099688 0.01131441 0.0081181 0.001071428 0.01169731 0.0060192 0.001099688 0.01201841 0.0061148 0.001071428 0.01219721 0.0039887 0.001099688 0.01252601 0.004053 0.001071428 0.01249901 0.0019196 0.001099688 0.01283241 0.0019519 0.001071428 0.01259991 -0.0001689996 0.001099688 0.01293491 -0.0001689996 0.001071428 0.01249901 -0.0022576 0.001099688 0.01283241 -0.0022899 0.001071428 0.01219721 -0.0043267 0.001099688 0.01252601 -0.004391 0.001071428 0.01169731 -0.0063572 0.001099688 0.01201841 -0.0064528 0.001071428 0.01100411 -0.0083299 0.001099688 0.01131441 -0.0084561 0.001071428 0.01012381 -0.01022666 0.001099688 0.01042061 -0.01038219 0.001071428 0.009064909 -0.01202971 0.001099688 0.009345209 -0.01221312 0.001071428 0.007837009 -0.01372228 0.001099688 0.008098309 -0.01393186 0.001071428 0.006451709 -0.01528858 0.001099688 0.006691609 -0.01552238 0.001071428 0.004921809 -0.01671404 0.001099688 0.005138109 -0.01696989 0.001071428 0.003261609 -0.01798538 0.001099688 0.003452209 -0.01826088 0.001071428 0.001486609 -0.01909075 0.001099688 0.001649809 -0.01938334 0.001071428 -0.0002065908 -0.01949974 0.001211848 -0.0001291908 -0.01966871 0.001148628 -5.159075e-05 -0.01983816 0.001104818 -3.949075e-05 -0.01986444 0.001099688 2.520925e-05 -0.02000563 0.001079518 0.0001000092 -0.020169 0.001071428 -0.0003558908 -0.01917407 0.001397438 -0.0002825908 -0.01933392 0.001294858 0.001256909 -0.01867884 0.001241308 -0.0002359908 -0.0194357 0.001241308 -0.0004890908 -0.01888335 0.001657218 0.001051109 -0.01830964 0.001493868 -0.0004120908 -0.0190514 0.001493868 0.0006895092 -0.01766126 0.002736418 -0.0007213908 -0.01837651 0.002736418 0.002330409 -0.0166394 0.002736418 0.006560109 -0.01269836 0.002736418 0.005279409 -0.01414634 0.002736418 0.003865109 -0.01546411 0.002736418 0.007695209 -0.01113367 0.002736418 0.008674209 -0.0094668 0.002736418 0.009487909 -0.0077134 0.002736418 0.01086991 -0.0020998 0.002736418 0.01059091 -0.0040126 0.002736418 0.01012881 -0.0058897 0.002736418 0.01096321 -0.0001689996 0.002736418 0.01086991 0.0017618 0.002736418 0.01059091 0.0036746 0.002736418 0.008674209 0.0091288 0.002736418 0.009487909 0.0073754 0.002736418 0.01012881 0.0055517 0.002736418 0.007695209 0.0107957 0.002736418 0.006560109 0.0123604 0.002736418 0.005279409 0.0138083 0.002736418 0.002330409 0.0163014 0.002736418 0.003865109 0.0151261 0.002736418 0.002411009 -0.01675587 0.002264798 0.003956609 -0.01557227 0.002264798 0.005380809 -0.01424518 0.002264798 0.006670609 -0.01278696 0.002264798 0.007813709 -0.0112112 0.002264798 0.008799609 -0.0095326 0.002264798 0.009619109 -0.0077667 0.002264798 0.01026451 -0.0059301 0.002264798 0.01072991 -0.0040398 0.002264798 0.01101081 -0.0021135 0.002264798 0.01110481 -0.0001689996 0.002264798 0.01101081 0.0017755 0.002264798 0.01072991 0.0037018 0.002264798 0.01026451 0.0055921 0.002264798 0.009619109 0.0074287 0.002264798 0.008799609 0.0091946 0.002264798 0.007813709 0.0108732 0.002264798 0.006670609 0.012449 0.002264798 0.005380809 0.0139072 0.002264798 0.003956609 0.0152343 0.002264798 0.002411009 0.0164179 0.002264798 0.002554709 -0.01696356 0.001842068 0.004119609 -0.01576514 0.001842068 0.005561709 -0.01442144 0.001842068 0.006867609 -0.01294496 0.001842068 0.008025109 -0.01134947 0.001842068 0.009023309 -0.0096498 0.001842068 0.009853009 -0.0078619 0.001842068 0.01050661 -0.0060022 0.001842068 0.01097771 -0.0040883 0.001842068 0.01126221 -0.0021378 0.001842068 0.01135731 -0.0001689996 0.001842068 0.01126221 0.0017998 0.001842068 0.01097771 0.0037503 0.001842068 0.01050661 0.0056642 0.001842068 0.009853009 0.0075239 0.001842068 0.009023309 0.0093118 0.001842068 0.008025109 0.0110115 0.001842068 0.006867609 0.012607 0.001842068 0.005561709 0.0140834 0.001842068 0.004119609 0.0154271 0.001842068 0.002554709 0.0166256 0.001842068 0.002752809 -0.01724991 0.001493868 0.004344409 -0.01603105 0.001493868 0.005811109 -0.01466444 0.001493868 0.007139309 -0.01316279 0.001493868 0.008316409 -0.0115401 0.001493868 0.009331709 -0.0098115 0.001493868 0.01017561 -0.007993 0.001493868 0.01084021 -0.0061017 0.001493868 0.01131951 -0.0041551 0.001493868 0.01160881 -0.0021714 0.001493868 0.01170551 -0.0001689996 0.001493868 0.01160881 0.0018334 0.001493868 0.01131951 0.0038171 0.001493868 0.01084021 0.0057637 0.001493868 0.01017561 0.007655 0.001493868 0.009331709 0.0094735 0.001493868 0.008316409 0.0112021 0.001493868 0.007139309 0.0128248 0.001493868 0.005811109 0.0143264 0.001493868 0.004344409 0.0156931 0.001493868 0.002752809 0.0169119 0.001493868 0.002993309 -0.01759754 0.001241308 0.004617309 -0.01635388 0.001241308 0.006113909 -0.01495945 0.001241308 0.007469009 -0.01342724 0.001241308 0.008670209 -0.01177152 0.001241308 0.009706109 -0.0100077 0.001241308 0.01056721 -0.0081523 0.001241308 0.01124541 -0.0062224 0.001241308 0.01173431 -0.0042362 0.001241308 0.01202961 -0.0022121 0.001241308 0.01212831 -0.0001689996 0.001241308 0.01202961 0.0018741 0.001241308 0.01173431 0.0038982 0.001241308 0.01124541 0.0058844 0.001241308 0.01056721 0.0078143 0.001241308 0.009706109 0.0096697 0.001241308 0.008670209 0.0114335 0.001241308 0.007469009 0.0130892 0.001241308 0.006113909 0.0146214 0.001241308 0.004617309 0.0160159 0.001241308 0.002993309 0.0172595 0.001241308 0.02893491 -0.020169 -0.001928572 0.02926991 -0.02014074 -0.001928572 0.02893491 -0.020169 0.001071428 0.02945251 -0.02010085 0.001071428 0.02945251 -0.02010085 -0.001928572 0.02974151 -0.01999912 -0.001928572 0.02993491 -0.01990105 0.001071428 0.02993491 -0.01990105 -0.001928572 0.03016431 -0.01974655 -0.001928572 0.03034911 -0.01958321 0.001071428 0.03034911 -0.01958321 -0.001928572 0.03051251 -0.01939836 -0.001928572 0.03066691 -0.019169 0.001071428 0.03066691 -0.019169 -0.001928572 0.03076501 -0.01897563 -0.001928572 0.03086681 -0.01868664 0.001071428 0.03093491 -0.018169 -0.001928572 0.03093491 -0.018169 0.001071428 0.03090661 -0.01850401 -0.001928572 0.03086681 -0.01868664 -0.001928572 0.03093491 0.017831 -0.001928572 0.03090661 0.018166 -0.001928572 0.03093491 0.017831 0.001071428 0.03086681 0.0183486 0.001071428 0.03086681 0.0183486 -0.001928572 0.03076501 0.0186376 -0.001928572 0.03066691 0.018831 0.001071428 0.03066691 0.018831 -0.001928572 0.03051251 0.0190604 -0.001928572 0.03034911 0.0192452 0.001071428 0.03034911 0.0192452 -0.001928572 0.03016431 0.0194086 -0.001928572 0.02993491 0.0195631 0.001071428 0.02993491 0.0195631 -0.001928572 0.02974151 0.0196611 -0.001928572 0.02945251 0.0197629 0.001071428 0.02893491 0.019831 -0.001928572 0.02893491 0.019831 0.001071428 0.02926991 0.0198027 -0.001928572 0.02945251 0.0197629 -0.001928572 -0.02105966 0.0126787 -0.002928572 -0.02134461 0.0130803 -0.002928572 0.01984101 0.018831 -0.002928572 -0.02216029 0.0149432 -0.002928572 -0.02171905 0.0151619 -0.002928572 -0.02264157 0.0097391 -0.002928572 -0.02216029 0.0098432 -0.002928572 -0.005864591 0.0019333 -0.002928572 -0.02171905 0.0185001 -0.002928572 -0.02216029 0.0187188 -0.002928572 -0.02264157 0.0188229 -0.002928572 -0.02282085 0.018831 -0.002928572 -0.02282085 0.009731 -0.002928572 -0.02105966 0.0107833 -0.002928572 -0.005828091 0.0025898 -0.002928572 -0.02134461 0.0103817 -0.002928572 -0.02171905 0.0100619 -0.002928572 -0.02134461 0.0154817 -0.002928572 -0.02105966 0.0158833 -0.002928572 -0.005525491 0.0041139 -0.002928572 -0.005571891 0.0039541 -0.002928572 -0.005728391 0.0032853 -0.002928572 0.01678271 0.0059605 -0.002928572 0.01602331 0.0070583 -0.002928572 0.01587971 0.0072329 -0.002928572 -0.02171905 0.0134001 -0.002928572 -0.02216029 0.0136188 -0.002928572 -0.02264157 0.014839 -0.002928572 -0.02264157 0.0137229 -0.002928572 -0.02282085 0.014831 -0.002928572 -0.02282085 0.013731 -0.002928572 -0.02806509 0.014831 -0.002928572 -0.02088147 0.0163423 -0.002928572 -0.02082085 0.016831 -0.002928572 -0.02088147 0.0173197 -0.002928572 -0.02105966 0.0177787 -0.002928572 -0.02134461 0.0181803 -0.002928572 -0.004097391 0.0068745 -0.002928572 -0.004776791 0.0058501 -0.002928572 -0.02088147 0.0112423 -0.002928572 -0.004916891 0.0055943 -0.002928572 -0.005360591 0.0046032 -0.002928572 -0.02082085 0.011731 -0.002928572 -0.003506191 0.0075772 -0.002928572 -0.003980691 0.0070244 -0.002928572 0.003912509 0.0112777 -0.002928572 0.002439009 0.0109841 -0.002928572 0.001891609 0.0108328 -0.002928572 0.001605609 0.0107441 -0.002928572 5.020925e-05 0.0101334 -0.002928572 7.50925e-06 0.0101133 -0.002928572 -0.001361091 0.0093584 -0.002928572 -0.001689191 0.0091412 -0.002928572 -0.002616891 0.0084307 -0.002928572 -0.005829391 0.0010853 -0.002928572 -0.02806509 -0.01037184 -0.002928572 -0.002897991 0.0081821 -0.002928572 -0.002989891 0.0080969 -0.002928572 0.01984101 -0.01037184 -0.002928572 0.01768481 0.0037946 -0.002928572 0.01744091 0.0045753 -0.002928572 0.01720761 0.0051431 -0.002928572 0.01492541 0.0082206 -0.002928572 0.01472951 0.0083939 -0.002928572 0.01361141 0.0092409 -0.002928572 0.01335991 0.0094035 -0.002928572 0.01214591 0.0100734 -0.002928572 0.01169941 0.0102779 -0.002928572 0.01048211 0.0107382 -0.002928572 0.009934409 0.0109032 -0.002928572 0.008728009 0.011183 -0.002928572 0.006898509 0.0114058 -0.002928572 0.005973809 0.0114309 -0.002928572 0.008010309 0.0112984 -0.002928572 0.007818209 0.0113231 -0.002928572 -0.02088147 0.0122197 -0.002928572 0.005088309 0.0114007 -0.002928572 -0.02714762 -0.016544 -0.002928572 -0.0272725 -0.01684548 -0.002928572 -0.02806509 -0.018169 -0.002928572 -0.02669009 -0.01825153 -0.002928572 -0.02638861 -0.01837641 -0.002928572 -0.02706509 -0.019169 -0.002928572 -0.02518121 -0.01805288 -0.002928572 -0.02498256 -0.017794 -0.002928572 0.01984101 -0.019169 -0.002928572 -0.02606509 -0.015919 -0.002928572 -0.02638861 -0.01596159 -0.002928572 -0.02669009 -0.01608647 -0.002928572 -0.02694897 -0.01628512 -0.002928572 -0.02731509 -0.017169 -0.002928572 -0.0272725 -0.01749252 -0.002928572 -0.02805096 -0.01833651 -0.002928572 -0.02714762 -0.017794 -0.002928572 -0.02798015 -0.01857232 -0.002928572 -0.02694897 -0.01805288 -0.002928572 -0.02785387 -0.01878368 -0.002928572 -0.0272326 -0.01915487 -0.002928572 -0.02746841 -0.01908406 -0.002928572 -0.02767977 -0.01895778 -0.002928572 -0.02606509 -0.018419 -0.002928572 -0.02574157 -0.01837641 -0.002928572 -0.02544009 -0.01825153 -0.002928572 -0.02485768 -0.01749252 -0.002928572 -0.02481509 -0.017169 -0.002928572 -0.02485768 -0.01684548 -0.002928572 -0.02498256 -0.016544 -0.002928572 -0.02518121 -0.01628512 -0.002928572 -0.02544009 -0.01608647 -0.002928572 -0.02574157 -0.01596159 -0.002928572 0.02353491 -0.01520823 -0.002928572 0.02378341 -0.01501753 -0.002928572 0.02893491 -0.019169 -0.002928572 0.02910241 -0.01915487 -0.002928572 0.02413491 -0.014169 -0.002928572 0.02993491 -0.01037184 -0.002928572 0.02409401 -0.01447958 -0.002928572 0.02993491 -0.018169 -0.002928572 0.02397411 -0.014769 -0.002928572 0.02208641 -0.01501753 -0.002928572 0.02233491 -0.01520823 -0.002928572 0.02189571 -0.014769 -0.002928572 0.02262431 -0.01532811 -0.002928572 0.02293491 -0.015369 -0.002928572 0.02324551 -0.01532811 -0.002928572 0.02189571 -0.013569 -0.002928572 0.02177581 -0.01385842 -0.002928572 0.02173491 -0.014169 -0.002928572 0.02177581 -0.01447958 -0.002928572 0.02985001 -0.01857232 -0.002928572 0.02972371 -0.01878368 -0.002928572 0.02409401 -0.01385842 -0.002928572 0.02397411 -0.013569 -0.002928572 0.02378341 -0.01332047 -0.002928572 0.02262431 -0.01300989 -0.002928572 0.02233491 -0.01312977 -0.002928572 0.02208641 -0.01332047 -0.002928572 0.02992081 -0.01833651 -0.002928572 0.02353491 -0.01312977 -0.002928572 0.02324551 -0.01300989 -0.002928572 0.02293491 -0.012969 -0.002928572 0.02954961 -0.01895778 -0.002928572 0.02933821 -0.01908406 -0.002928572 0.02881881 0.0159471 -0.002928572 0.02855991 0.0157485 -0.002928572 0.02825841 0.0156236 -0.002928572 0.02855991 0.0179135 -0.002928572 0.02825841 0.0180384 -0.002928572 0.02893491 0.018831 -0.002928572 0.02705101 0.0177149 -0.002928572 0.02685241 0.017456 -0.002928572 0.02672751 0.0171545 -0.002928572 0.02668491 0.016831 -0.002928572 0.02173491 0.001831 -0.002928572 0.02177581 0.0015204 -0.002928572 0.02233491 0.0028702 -0.002928572 0.02208641 0.0026795 -0.002928572 0.02705101 0.0159471 -0.002928572 0.02901741 0.016206 -0.002928572 0.02914231 0.0165075 -0.002928572 0.02993491 0.017831 -0.002928572 0.02177581 0.0021416 -0.002928572 0.02672751 0.0165075 -0.002928572 0.02685241 0.016206 -0.002928572 0.02189571 0.002431 -0.002928572 0.02918491 0.016831 -0.002928572 0.02914231 0.0171545 -0.002928572 0.02992081 0.0179985 -0.002928572 0.02901741 0.017456 -0.002928572 0.02985001 0.0182343 -0.002928572 0.02881881 0.0177149 -0.002928572 0.02972371 0.0184457 -0.002928572 0.02910241 0.0188169 -0.002928572 0.02933821 0.0187461 -0.002928572 0.02954961 0.0186198 -0.002928572 0.02793491 0.018081 -0.002928572 0.02761141 0.0180384 -0.002928572 0.02730991 0.0179135 -0.002928572 0.02189571 0.001231 -0.002928572 0.02208641 0.0009825004 -0.002928572 0.02233491 0.0007918004 -0.002928572 0.02353491 0.0007918004 -0.002928572 0.02378341 0.0009825004 -0.002928572 0.02397411 0.001231 -0.002928572 0.02409401 0.0021416 -0.002928572 0.02413491 0.001831 -0.002928572 0.02409401 0.0015204 -0.002928572 0.02397411 0.002431 -0.002928572 0.02378341 0.0026795 -0.002928572 0.02353491 0.0028702 -0.002928572 0.02262431 0.0006719004 -0.002928572 0.02293491 0.0006310004 -0.002928572 0.02324551 0.0006719004 -0.002928572 0.02730991 0.0157485 -0.002928572 0.02761141 0.0156236 -0.002928572 0.02793491 0.015581 -0.002928572 0.02324551 0.0029901 -0.002928572 0.02293491 0.003031 -0.002928572 0.02262431 0.0029901 -0.002928572 0.02413491 0.001831 -0.002928572 0.02413491 0.001831 0.001071428 0.02409401 0.0021416 -0.002928572 0.02409401 0.0021416 0.001071428 0.02397411 0.002431 -0.002928572 0.02397411 0.002431 0.001071428 0.02378341 0.0026795 -0.002928572 0.02378341 0.0026795 0.001071428 0.02353491 0.0028702 -0.002928572 0.02353491 0.0028702 0.001071428 0.02324551 0.0029901 -0.002928572 0.02324551 0.0029901 0.001071428 0.02293491 0.003031 -0.002928572 0.02293491 0.003031 0.001071428 0.02262431 0.0029901 -0.002928572 0.02262431 0.0029901 0.001071428 0.02233491 0.0028702 -0.002928572 0.02233491 0.0028702 0.001071428 0.02208641 0.0026795 -0.002928572 0.02208641 0.0026795 0.001071428 0.02189571 0.002431 -0.002928572 0.02189571 0.002431 0.001071428 0.02177581 0.0021416 -0.002928572 0.02177581 0.0021416 0.001071428 0.02173491 0.001831 -0.002928572 0.02173491 0.001831 0.001071428 0.02177581 0.0015204 -0.002928572 0.02177581 0.0015204 0.001071428 0.02189571 0.001231 -0.002928572 0.02189571 0.001231 0.001071428 0.02208641 0.0009825004 -0.002928572 0.02208641 0.0009825004 0.001071428 0.02233491 0.0007918004 -0.002928572 0.02233491 0.0007918004 0.001071428 0.02262431 0.0006719004 -0.002928572 0.02262431 0.0006719004 0.001071428 0.02293491 0.0006310004 -0.002928572 0.02293491 0.0006310004 0.001071428 0.02324551 0.0006719004 -0.002928572 0.02324551 0.0006719004 0.001071428 0.02353491 0.0007918004 -0.002928572 0.02353491 0.0007918004 0.001071428 0.02378341 0.0009825004 -0.002928572 0.02378341 0.0009825004 0.001071428 0.02397411 0.001231 -0.002928572 0.02397411 0.001231 0.001071428 0.02409401 0.0015204 -0.002928572 0.02409401 0.0015204 0.001071428 -0.02282085 0.0155381 -0.003221465 -0.02282085 0.0156198 -0.003313893 -0.02271228 0.0156247 -0.003313893 -0.02282085 0.015697 -0.003428572 -0.02282085 0.0157461 -0.003525255 -0.0227236 0.0157504 -0.003525255 -0.02282085 0.0157969 -0.003669753 -0.02282085 0.0158169 -0.003761066 -0.02272994 0.015821 -0.003761066 -0.02282085 0.015331 -0.003062547 -0.02282085 0.0154457 -0.003139794 -0.02269667 0.0154513 -0.003139794 -0.02267772 0.0152407 -0.003013512 -0.02282085 0.0152343 -0.003013512 -0.02265659 0.0150059 -0.002942701 -0.02282085 0.0149985 -0.002942701 -0.02282085 0.0150898 -0.002962647 -0.02221561 0.0151013 -0.002942701 -0.02181133 0.0153016 -0.002942701 -0.02146825 0.0155947 -0.002942701 -0.02120716 0.0159626 -0.002942701 -0.0210439 0.0163832 -0.002942701 -0.02098836 0.016831 -0.002942701 -0.0210439 0.0172788 -0.002942701 -0.02120716 0.0176994 -0.002942701 -0.02146825 0.0180673 -0.002942701 -0.02181133 0.0183604 -0.002942701 -0.02221561 0.0185607 -0.002942701 -0.02265659 0.0186561 -0.002942701 -0.02272994 0.017841 -0.003761066 -0.02282085 0.0178451 -0.003761066 -0.02282085 0.0179159 -0.003525255 -0.02282085 0.017831 -0.003928572 -0.02273121 0.017827 -0.003928572 -0.02256203 0.0177969 -0.003928572 -0.0224859 0.0177882 -0.003761066 -0.02249057 0.0177749 -0.003928572 -0.02232085 0.017697 -0.003928572 -0.02226217 0.0176774 -0.003761066 -0.02226995 0.0176656 -0.003928572 -0.02211374 0.0175381 -0.003928572 -0.0220723 0.0175152 -0.003761066 -0.02208273 0.0175057 -0.003928572 -0.02195482 0.017331 -0.003928572 -0.02192781 0.0173116 -0.003761066 -0.02194025 0.0173049 -0.003928572 -0.02185492 0.0170898 -0.003928572 -0.02183746 0.0170788 -0.003761066 -0.02185116 0.0170753 -0.003928572 -0.02180672 0.016831 -0.003761066 -0.02182085 0.016831 -0.003928572 -0.02183746 0.0165832 -0.003761066 -0.02185116 0.0165867 -0.003928572 -0.02192781 0.0163504 -0.003761066 -0.0220723 0.0161468 -0.003761066 -0.02208273 0.0161563 -0.003928572 -0.02195482 0.016331 -0.003928572 -0.02194025 0.0163571 -0.003928572 -0.02185492 0.0165722 -0.003928572 -0.02226217 0.0159846 -0.003761066 -0.0224859 0.0158738 -0.003761066 -0.02249057 0.0158871 -0.003928572 -0.02232085 0.015965 -0.003928572 -0.02226995 0.0159964 -0.003928572 -0.02211374 0.0161239 -0.003928572 -0.02282085 0.015831 -0.003928572 -0.02273121 0.015835 -0.003928572 -0.02256203 0.0158651 -0.003928572 -0.02282085 0.0186635 -0.002942701 -0.02267772 0.0184213 -0.003013512 -0.0222935 0.0183381 -0.003013512 -0.02194124 0.0181635 -0.003013512 -0.02164231 0.0179082 -0.003013512 -0.02141482 0.0175876 -0.003013512 -0.02127256 0.0172211 -0.003013512 -0.02122417 0.016831 -0.003013512 -0.02127256 0.0164409 -0.003013512 -0.02141482 0.0160744 -0.003013512 -0.02164231 0.0157538 -0.003013512 -0.02194124 0.0154985 -0.003013512 -0.0222935 0.0153239 -0.003013512 -0.02236331 0.0155234 -0.003139794 -0.02205768 0.0156748 -0.003139794 -0.02179832 0.0158964 -0.003139794 -0.02160094 0.0161745 -0.003139794 -0.02147752 0.0164925 -0.003139794 -0.02143553 0.016831 -0.003139794 -0.02147752 0.0171695 -0.003139794 -0.02160094 0.0174875 -0.003139794 -0.02179832 0.0177656 -0.003139794 -0.02205768 0.0179872 -0.003139794 -0.02236331 0.0181386 -0.003139794 -0.02269667 0.0182107 -0.003139794 -0.02282085 0.0184277 -0.003013512 -0.02242081 0.0156877 -0.003313893 -0.02215359 0.0158201 -0.003313893 -0.02192682 0.0160138 -0.003313893 -0.02175425 0.016257 -0.003313893 -0.02164634 0.016535 -0.003313893 -0.02160963 0.016831 -0.003313893 -0.02164634 0.0171269 -0.003313893 -0.02175425 0.017405 -0.003313893 -0.02192682 0.0176482 -0.003313893 -0.02215359 0.0178419 -0.003313893 -0.02242081 0.0179742 -0.003313893 -0.02271228 0.0180373 -0.003313893 -0.02282085 0.0182163 -0.003139794 -0.02246252 0.0158069 -0.003525255 -0.02222316 0.0159255 -0.003525255 -0.02202003 0.016099 -0.003525255 -0.02186546 0.0163169 -0.003525255 -0.02176879 0.0165659 -0.003525255 -0.02173591 0.016831 -0.003525255 -0.02176879 0.0170961 -0.003525255 -0.02186546 0.0173451 -0.003525255 -0.02202003 0.017563 -0.003525255 -0.02222316 0.0177365 -0.003525255 -0.02246252 0.0178551 -0.003525255 -0.0227236 0.0179116 -0.003525255 -0.02282085 0.0180422 -0.003313893 -0.02282085 0.0130239 -0.003221465 -0.02282085 0.0131163 -0.003139794 -0.02269667 0.0131107 -0.003139794 -0.02282085 0.013231 -0.003062547 -0.02282085 0.0133277 -0.003013512 -0.02267772 0.0133213 -0.003013512 -0.02282085 0.0134722 -0.002962647 -0.02282085 0.0135635 -0.002942701 -0.02265659 0.0135561 -0.002942701 -0.02282085 0.0104381 -0.003221465 -0.02282085 0.0105198 -0.003313893 -0.02271228 0.0105247 -0.003313893 -0.02282085 0.010597 -0.003428572 -0.02282085 0.0106461 -0.003525255 -0.0227236 0.0106504 -0.003525255 -0.02282085 0.0106969 -0.003669753 -0.02282085 0.0107169 -0.003761066 -0.02272994 0.010721 -0.003761066 -0.02282085 0.010231 -0.003062547 -0.02282085 0.0103457 -0.003139794 -0.02269667 0.0103513 -0.003139794 -0.02282085 0.0099898 -0.002962647 -0.02282085 0.0101343 -0.003013512 -0.02267772 0.0101407 -0.003013512 -0.02265659 0.0099059 -0.002942701 -0.02282085 0.0098985 -0.002942701 -0.02221561 0.0100013 -0.002942701 -0.02181133 0.0102016 -0.002942701 -0.02146825 0.0104947 -0.002942701 -0.02120716 0.0108626 -0.002942701 -0.0210439 0.0112832 -0.002942701 -0.02098836 0.011731 -0.002942701 -0.0210439 0.0121788 -0.002942701 -0.02120716 0.0125994 -0.002942701 -0.02146825 0.0129673 -0.002942701 -0.02181133 0.0132604 -0.002942701 -0.02221561 0.0134607 -0.002942701 -0.0227236 0.0128116 -0.003525255 -0.02282085 0.0128159 -0.003525255 -0.02282085 0.012865 -0.003428572 -0.02272994 0.012741 -0.003761066 -0.02282085 0.0127451 -0.003761066 -0.02282085 0.0127651 -0.003669753 -0.02282085 0.012731 -0.003928572 -0.02273121 0.012727 -0.003928572 -0.02256203 0.0126969 -0.003928572 -0.0224859 0.0126882 -0.003761066 -0.02249057 0.0126749 -0.003928572 -0.02232085 0.012597 -0.003928572 -0.02226217 0.0125774 -0.003761066 -0.02226995 0.0125656 -0.003928572 -0.02211374 0.0124381 -0.003928572 -0.0220723 0.0124152 -0.003761066 -0.02208273 0.0124057 -0.003928572 -0.02195482 0.012231 -0.003928572 -0.02192781 0.0122116 -0.003761066 -0.02194025 0.0122049 -0.003928572 -0.02185492 0.0119898 -0.003928572 -0.02183746 0.0119788 -0.003761066 -0.02185116 0.0119753 -0.003928572 -0.02180672 0.011731 -0.003761066 -0.02182085 0.011731 -0.003928572 -0.02183746 0.0114832 -0.003761066 -0.02185116 0.0114867 -0.003928572 -0.02192781 0.0112504 -0.003761066 -0.0220723 0.0110468 -0.003761066 -0.02208273 0.0110563 -0.003928572 -0.02195482 0.011231 -0.003928572 -0.02194025 0.0112571 -0.003928572 -0.02185492 0.0114722 -0.003928572 -0.02226217 0.0108846 -0.003761066 -0.0224859 0.0107738 -0.003761066 -0.02249057 0.0107871 -0.003928572 -0.02232085 0.010865 -0.003928572 -0.02226995 0.0108964 -0.003928572 -0.02211374 0.0110239 -0.003928572 -0.02282085 0.010731 -0.003928572 -0.02273121 0.010735 -0.003928572 -0.02256203 0.0107651 -0.003928572 -0.0222935 0.0102239 -0.003013512 -0.02194124 0.0103984 -0.003013512 -0.02164231 0.0106538 -0.003013512 -0.02141482 0.0109744 -0.003013512 -0.02127256 0.0113409 -0.003013512 -0.02122417 0.011731 -0.003013512 -0.02127256 0.0121211 -0.003013512 -0.02141482 0.0124876 -0.003013512 -0.02164231 0.0128082 -0.003013512 -0.02194124 0.0130635 -0.003013512 -0.0222935 0.0132381 -0.003013512 -0.02236331 0.0104234 -0.003139794 -0.02205768 0.0105748 -0.003139794 -0.02179832 0.0107964 -0.003139794 -0.02160094 0.0110745 -0.003139794 -0.02147752 0.0113925 -0.003139794 -0.02143553 0.011731 -0.003139794 -0.02147752 0.0120695 -0.003139794 -0.02160094 0.0123875 -0.003139794 -0.02179832 0.0126656 -0.003139794 -0.02205768 0.0128872 -0.003139794 -0.02236331 0.0130386 -0.003139794 -0.02242081 0.0105877 -0.003313893 -0.02215359 0.0107201 -0.003313893 -0.02192682 0.0109138 -0.003313893 -0.02175425 0.011157 -0.003313893 -0.02164634 0.011435 -0.003313893 -0.02160963 0.011731 -0.003313893 -0.02164634 0.012027 -0.003313893 -0.02175425 0.012305 -0.003313893 -0.02192682 0.0125482 -0.003313893 -0.02215359 0.0127419 -0.003313893 -0.02242081 0.0128743 -0.003313893 -0.02271228 0.0129373 -0.003313893 -0.02282085 0.0129422 -0.003313893 -0.02246252 0.0107069 -0.003525255 -0.02222316 0.0108255 -0.003525255 -0.02202003 0.010999 -0.003525255 -0.02186546 0.0112169 -0.003525255 -0.02176879 0.0114659 -0.003525255 -0.02173591 0.011731 -0.003525255 -0.02176879 0.0119961 -0.003525255 -0.02186546 0.0122451 -0.003525255 -0.02202003 0.012463 -0.003525255 -0.02222316 0.0126365 -0.003525255 -0.02246252 0.0127551 -0.003525255 -0.02706509 0.018831 -0.002928572 -0.02804586 0.0184281 -0.003013419 -0.02803857 0.018445 -0.003006145 -0.02750514 0.01878 -0.002929873 -0.0277873 0.0186768 -0.002940527 -0.02791725 0.0185924 -0.002957497 -0.02799773 0.0185114 -0.002981016 -0.02806115 0.0183748 -0.003038767 -0.02282085 0.017831 -0.005428572 -0.02256203 0.0177969 -0.005428572 -0.02232085 0.017697 -0.005428572 -0.02211374 0.0175381 -0.005428572 -0.02195482 0.017331 -0.005428572 -0.02185492 0.0170898 -0.005428572 -0.02182085 0.016831 -0.005428572 -0.02185492 0.0165722 -0.005428572 -0.02195482 0.016331 -0.005428572 -0.02211374 0.0161239 -0.005428572 -0.02232085 0.015965 -0.005428572 -0.02256203 0.0158651 -0.005428572 -0.02282085 0.015831 -0.005428572 -0.02806509 0.015831 -0.005428572 -0.02806509 0.015831 -0.003928572 -0.02282085 0.012731 -0.005428572 -0.02806509 0.012731 -0.005428572 -0.02256203 0.0126969 -0.005428572 -0.02232085 0.012597 -0.005428572 -0.02211374 0.0124381 -0.005428572 -0.02195482 0.012231 -0.005428572 -0.02185492 0.0119898 -0.005428572 -0.02182085 0.011731 -0.005428572 -0.02185492 0.0114722 -0.005428572 -0.02195482 0.011231 -0.005428572 -0.02211374 0.0110239 -0.005428572 -0.02232085 0.010865 -0.005428572 -0.02256203 0.0107651 -0.005428572 -0.02282085 0.010731 -0.005428572 -0.02806509 0.010731 -0.005428572 -0.02706509 -0.01942782 -0.002894498 -0.02706509 -0.01957232 -0.002843633 -0.02730015 -0.01955249 -0.002843633 -0.02706509 -0.019669 -0.002794597 -0.02706509 -0.01978368 -0.00271735 -0.02733556 -0.01976086 -0.00271735 -0.02706509 -0.01987611 -0.002635679 -0.02706509 -0.01995778 -0.002543251 -0.02736472 -0.0199325 -0.002543251 -0.02706509 -0.02003502 -0.002428572 -0.02706509 -0.02008406 -0.002331889 -0.02738587 -0.020057 -0.002331889 -0.02706509 -0.02013493 -0.002187391 -0.02706509 -0.02015487 -0.002096078 -0.02739774 -0.02012681 -0.002096078 -0.02879714 -0.019169 -0.001928572 -0.02889521 -0.01897563 -0.001928572 -0.02888228 -0.01896994 -0.002096078 -0.02903102 -0.018169 -0.002187391 -0.02898015 -0.018169 -0.002331889 -0.02895309 -0.01848978 -0.002331889 -0.02893112 -0.018169 -0.002428572 -0.02885387 -0.018169 -0.002543251 -0.02882859 -0.01846863 -0.002543251 -0.0287722 -0.018169 -0.002635679 -0.02867977 -0.018169 -0.00271735 -0.02865696 -0.01843947 -0.00271735 -0.02856509 -0.018169 -0.002794597 -0.02846841 -0.018169 -0.002843633 -0.02844858 -0.01840406 -0.002843633 -0.02832391 -0.018169 -0.002894498 -0.0282326 -0.018169 -0.002914443 -0.0282161 -0.01836456 -0.002914443 -0.02706509 -0.01933651 -0.002914443 -0.02726065 -0.01932001 -0.002914443 -0.02753597 -0.01923734 -0.002914443 -0.02778273 -0.0190899 -0.002914443 -0.02798599 -0.01888664 -0.002914443 -0.02813343 -0.01863988 -0.002914443 -0.0290229 -0.01850165 -0.002096078 -0.02903683 -0.01850401 -0.001928572 -0.02905096 -0.018169 -0.002096078 -0.02899694 -0.01868664 -0.001928572 -0.02864265 -0.01939836 -0.001928572 -0.0286315 -0.01938967 -0.002096078 -0.0284793 -0.01958321 -0.001928572 -0.02828576 -0.01973541 -0.002096078 -0.02829445 -0.01974655 -0.001928572 -0.02806509 -0.01990105 -0.001928572 -0.02786603 -0.01998619 -0.002096078 -0.02787172 -0.01999912 -0.001928572 -0.02758273 -0.02010085 -0.001928572 -0.0274001 -0.02014074 -0.001928572 -0.02706509 -0.020169 -0.001928572 -0.02881749 -0.01894138 -0.002331889 -0.02857565 -0.01934615 -0.002331889 -0.02824224 -0.01967956 -0.002331889 -0.02783747 -0.0199214 -0.002331889 -0.02870193 -0.01889044 -0.002543251 -0.02847604 -0.01926852 -0.002543251 -0.02816461 -0.01957995 -0.002543251 -0.02778653 -0.01980584 -0.002543251 -0.02854262 -0.01882023 -0.00271735 -0.02833871 -0.01916151 -0.00271735 -0.0280576 -0.01944262 -0.00271735 -0.02771632 -0.01964653 -0.00271735 -0.02834921 -0.01873498 -0.002843633 -0.028172 -0.01903159 -0.002843633 -0.02792768 -0.0192759 -0.002843633 -0.02763107 -0.01945312 -0.002843633 0.02413491 -0.014169 -0.002928572 0.02413491 -0.014169 0.001071428 0.02409401 -0.01385842 -0.002928572 0.02409401 -0.01385842 0.001071428 0.02397411 -0.013569 -0.002928572 0.02397411 -0.013569 0.001071428 0.02378341 -0.01332047 -0.002928572 0.02378341 -0.01332047 0.001071428 0.02353491 -0.01312977 -0.002928572 0.02353491 -0.01312977 0.001071428 0.02324551 -0.01300989 -0.002928572 0.02324551 -0.01300989 0.001071428 0.02293491 -0.012969 -0.002928572 0.02293491 -0.012969 0.001071428 0.02262431 -0.01300989 -0.002928572 0.02262431 -0.01300989 0.001071428 0.02233491 -0.01312977 -0.002928572 0.02233491 -0.01312977 0.001071428 0.02208641 -0.01332047 -0.002928572 0.02208641 -0.01332047 0.001071428 0.02189571 -0.013569 -0.002928572 0.02189571 -0.013569 0.001071428 0.02177581 -0.01385842 -0.002928572 0.02177581 -0.01385842 0.001071428 0.02173491 -0.014169 -0.002928572 0.02173491 -0.014169 0.001071428 0.02177581 -0.01447958 -0.002928572 0.02177581 -0.01447958 0.001071428 0.02189571 -0.014769 -0.002928572 0.02189571 -0.014769 0.001071428 0.02208641 -0.01501753 -0.002928572 0.02208641 -0.01501753 0.001071428 0.02233491 -0.01520823 -0.002928572 0.02233491 -0.01520823 0.001071428 0.02262431 -0.01532811 -0.002928572 0.02262431 -0.01532811 0.001071428 0.02293491 -0.015369 -0.002928572 0.02293491 -0.015369 0.001071428 0.02324551 -0.01532811 -0.002928572 0.02324551 -0.01532811 0.001071428 0.02353491 -0.01520823 -0.002928572 0.02353491 -0.01520823 0.001071428 0.02378341 -0.01501753 -0.002928572 0.02378341 -0.01501753 0.001071428 0.02397411 -0.014769 -0.002928572 0.02397411 -0.014769 0.001071428 0.02409401 -0.01447958 -0.002928572 0.02409401 -0.01447958 0.001071428 0.02914231 0.0171545 0.001071428 0.02918491 0.016831 0.001071428 0.03093491 0.017831 0.001071428 0.02761141 0.0180384 0.001071428 0.02893491 0.019831 0.001071428 0.02730991 0.0179135 0.001071428 0.03066691 0.018831 0.001071428 0.02881881 0.0177149 0.001071428 0.02901741 0.017456 0.001071428 0.03086681 0.0183486 0.001071428 0.02397411 -0.013569 0.001071428 0.02409401 -0.01385842 0.001071428 0.03093491 -0.018169 0.001071428 0.02672751 0.0171545 0.001071428 0.02685241 0.017456 0.001071428 0.02705101 0.0177149 0.001071428 0.02914231 0.0165075 0.001071428 0.02901741 0.016206 0.001071428 0.02881881 0.0159471 0.001071428 0.02262431 0.0029901 0.001071428 0.02293491 0.003031 0.001071428 0.02378341 0.0026795 0.001071428 0.02397411 0.002431 0.001071428 0.02825841 0.0156236 0.001071428 0.02793491 0.015581 0.001071428 0.02761141 0.0156236 0.001071428 0.02730991 0.0157485 0.001071428 0.02705101 0.0159471 0.001071428 0.02793491 0.018081 0.001071428 0.02825841 0.0180384 0.001071428 0.02945251 0.0197629 0.001071428 0.02855991 0.0179135 0.001071428 0.02993491 0.0195631 0.001071428 0.03034911 0.0192452 0.001071428 0.02685241 0.016206 0.001071428 0.02672751 0.0165075 0.001071428 0.02668491 0.016831 0.001071428 0.02855991 0.0157485 0.001071428 0.02189571 0.002431 0.001071428 0.02208641 0.0026795 0.001071428 0.02233491 0.0028702 0.001071428 0.02324551 0.0029901 0.001071428 0.02353491 0.0028702 0.001071428 0.02189571 -0.013569 0.001071428 0.02208641 -0.01332047 0.001071428 0.02378341 0.0009825004 0.001071428 0.02233491 -0.01312977 0.001071428 0.02378341 -0.01332047 0.001071428 0.02409401 0.0015204 0.001071428 0.02413491 0.001831 0.001071428 0.02409401 0.0021416 0.001071428 0.02397411 -0.014769 0.001071428 0.02993491 -0.01990105 0.001071428 0.03034911 -0.01958321 0.001071428 0.02893491 -0.020169 0.001071428 0.02378341 -0.01501753 0.001071428 0.02353491 -0.01520823 0.001071428 0.02233491 -0.01520823 0.001071428 0.02208641 -0.01501753 0.001071428 0.02177581 -0.01385842 0.001071428 0.02353491 0.0007918004 0.001071428 0.02324551 0.0006719004 0.001071428 0.02262431 -0.01300989 0.001071428 0.02293491 -0.012969 0.001071428 0.02397411 0.001231 0.001071428 0.02324551 -0.01300989 0.001071428 0.02353491 -0.01312977 0.001071428 0.02945251 -0.02010085 0.001071428 0.02413491 -0.014169 0.001071428 0.02409401 -0.01447958 0.001071428 0.03086681 -0.01868664 0.001071428 0.03066691 -0.019169 0.001071428 0.02324551 -0.01532811 0.001071428 0.02293491 -0.015369 0.001071428 0.02262431 -0.01532811 0.001071428 0.02293491 0.0006310004 0.001071428 0.02262431 0.0006719004 0.001071428 0.02173491 -0.014169 0.001071428 0.02177581 -0.01447958 0.001071428 0.02177581 0.0021416 0.001071428 0.02173491 0.001831 0.001071428 0.02177581 0.0015204 0.001071428 0.02189571 0.001231 0.001071428 0.02189571 -0.014769 0.001071428 0.02208641 0.0009825004 0.001071428 0.02233491 0.0007918004 0.001071428 0.02668491 0.016831 0.001071428 0.02668491 0.016831 -0.002928572 0.02672751 0.0171545 0.001071428 0.02672751 0.0171545 -0.002928572 0.02685241 0.017456 0.001071428 0.02685241 0.017456 -0.002928572 0.02705101 0.0177149 0.001071428 0.02705101 0.0177149 -0.002928572 0.02730991 0.0179135 0.001071428 0.02730991 0.0179135 -0.002928572 0.02761141 0.0180384 0.001071428 0.02761141 0.0180384 -0.002928572 0.02793491 0.018081 0.001071428 0.02793491 0.018081 -0.002928572 0.02825841 0.0180384 0.001071428 0.02825841 0.0180384 -0.002928572 0.02855991 0.0179135 0.001071428 0.02855991 0.0179135 -0.002928572 0.02881881 0.0177149 0.001071428 0.02881881 0.0177149 -0.002928572 0.02901741 0.017456 0.001071428 0.02901741 0.017456 -0.002928572 0.02914231 0.0171545 0.001071428 0.02914231 0.0171545 -0.002928572 0.02918491 0.016831 0.001071428 0.02918491 0.016831 -0.002928572 0.02914231 0.0165075 0.001071428 0.02914231 0.0165075 -0.002928572 0.02901741 0.016206 0.001071428 0.02901741 0.016206 -0.002928572 0.02881881 0.0159471 0.001071428 0.02881881 0.0159471 -0.002928572 0.02855991 0.0157485 0.001071428 0.02855991 0.0157485 -0.002928572 0.02825841 0.0156236 0.001071428 0.02825841 0.0156236 -0.002928572 0.02793491 0.015581 0.001071428 0.02793491 0.015581 -0.002928572 0.02761141 0.0156236 0.001071428 0.02761141 0.0156236 -0.002928572 0.02730991 0.0157485 0.001071428 0.02730991 0.0157485 -0.002928572 0.02705101 0.0159471 0.001071428 0.02705101 0.0159471 -0.002928572 0.02685241 0.016206 0.001071428 0.02685241 0.016206 -0.002928572 0.02672751 0.0165075 0.001071428 0.02672751 0.0165075 -0.002928572 -0.02731509 -0.017169 0.001071428 -0.02731509 -0.017169 -0.002928572 -0.0272725 -0.01684548 0.001071428 -0.0272725 -0.01684548 -0.002928572 -0.02714762 -0.016544 0.001071428 -0.02714762 -0.016544 -0.002928572 -0.02694897 -0.01628512 0.001071428 -0.02694897 -0.01628512 -0.002928572 -0.02669009 -0.01608647 0.001071428 -0.02669009 -0.01608647 -0.002928572 -0.02638861 -0.01596159 0.001071428 -0.02638861 -0.01596159 -0.002928572 -0.02606509 -0.015919 0.001071428 -0.02606509 -0.015919 -0.002928572 -0.02574157 -0.01596159 0.001071428 -0.02574157 -0.01596159 -0.002928572 -0.02544009 -0.01608647 0.001071428 -0.02544009 -0.01608647 -0.002928572 -0.02518121 -0.01628512 0.001071428 -0.02518121 -0.01628512 -0.002928572 -0.02498256 -0.016544 0.001071428 -0.02498256 -0.016544 -0.002928572 -0.02485768 -0.01684548 0.001071428 -0.02485768 -0.01684548 -0.002928572 -0.02481509 -0.017169 0.001071428 -0.02481509 -0.017169 -0.002928572 -0.02485768 -0.01749252 0.001071428 -0.02485768 -0.01749252 -0.002928572 -0.02498256 -0.017794 0.001071428 -0.02498256 -0.017794 -0.002928572 -0.02518121 -0.01805288 0.001071428 -0.02518121 -0.01805288 -0.002928572 -0.02544009 -0.01825153 0.001071428 -0.02544009 -0.01825153 -0.002928572 -0.02574157 -0.01837641 0.001071428 -0.02574157 -0.01837641 -0.002928572 -0.02606509 -0.018419 0.001071428 -0.02606509 -0.018419 -0.002928572 -0.02638861 -0.01837641 0.001071428 -0.02638861 -0.01837641 -0.002928572 -0.02669009 -0.01825153 0.001071428 -0.02669009 -0.01825153 -0.002928572 -0.02694897 -0.01805288 0.001071428 -0.02694897 -0.01805288 -0.002928572 -0.02714762 -0.017794 0.001071428 -0.02714762 -0.017794 -0.002928572 -0.0272725 -0.01749252 0.001071428 -0.0272725 -0.01749252 -0.002928572 0.01536541 0.0075357 -0.002945267 -0.004857291 0.0015059 -0.003928572 -0.005298291 0.0012957 -0.003091576 -0.005138791 0.0013075 -0.003221465 -0.004599191 0.0050044 -0.003091576 -0.004761391 0.0050804 -0.002998784 -0.004456991 0.0056679 -0.002998784 -0.002615591 0.0076978 -0.003091576 -0.002506191 0.0075812 -0.003221465 -0.003427291 0.0065842 -0.003221465 0.01715491 0.003658 -0.003091576 0.01700001 0.0036181 -0.003221465 0.01523011 0.0074078 -0.002998784 0.01588141 0.0069444 -0.002945267 0.01573631 0.0068279 -0.002998784 0.01632461 0.0063446 -0.002945267 0.01617051 0.0062402 -0.002998784 0.01671691 0.0057098 -0.002945267 0.01655451 0.0056188 -0.002998784 0.01704191 0.0050679 -0.002945267 0.01687241 0.004991 -0.002998784 0.01730931 0.0044036 -0.002945267 0.01713371 0.0043418 -0.002998784 0.01750861 0.0037491 -0.002945267 0.01732831 0.0037027 -0.002998784 0.01681391 0.0042293 -0.003221465 0.01696481 0.0042824 -0.003091576 0.01656371 0.0048509 -0.003221465 0.01670931 0.004917 -0.003091576 0.01625881 0.005453 -0.003221465 0.01639831 0.0055312 -0.003091576 0.01588981 0.0060501 -0.003221465 0.01602221 0.0061397 -0.003091576 0.01547191 0.0066157 -0.003221465 0.01559661 0.0067158 -0.003091576 0.01498381 0.0071749 -0.003221465 0.01510001 0.0072847 -0.003091576 0.01417511 0.0086122 -0.002945267 0.01480331 0.0080858 -0.002945267 0.01406111 0.0084651 -0.002998784 0.01467831 0.0079478 -0.002998784 0.01395141 0.0083235 -0.003091576 0.01455801 0.0078151 -0.003091576 0.01385341 0.0081972 -0.003221465 0.01445071 0.0076966 -0.003221465 0.01280551 0.0095228 -0.002945267 0.01351071 0.0090894 -0.002945267 0.01271361 0.009361 -0.002998784 0.01340761 0.0089344 -0.002998784 0.01262511 0.0092052 -0.003091576 0.01330851 0.0087852 -0.003091576 0.01254621 0.0090662 -0.003221465 0.01322001 0.008652 -0.003221465 0.009522909 0.0106317 -0.002998784 0.01042601 0.0105651 -0.002945267 0.01036871 0.0103881 -0.002998784 0.01125521 0.010266 -0.002945267 0.01118621 0.0100931 -0.002998784 0.01206701 0.0099095 -0.002945267 0.01198621 0.0097417 -0.002998784 0.007732809 0.0106211 -0.003221465 0.008627609 0.0106451 -0.003091576 0.008598209 0.0104879 -0.003221465 0.009478909 0.0104581 -0.003091576 0.009439609 0.0103031 -0.003221465 0.01031351 0.0102176 -0.003091576 0.01026421 0.0100655 -0.003221465 0.01111991 0.0099268 -0.003091576 0.01106061 0.0097782 -0.003221465 0.01190851 0.0095804 -0.003091576 0.01183921 0.0094363 -0.003221465 0.009568609 0.0108122 -0.002945267 0.008694609 0.0110041 -0.002945267 0.004234009 0.01095 -0.002998784 0.005099909 0.0112191 -0.002945267 0.005111809 0.0110334 -0.002998784 0.005992709 0.011249 -0.002945267 0.005993209 0.0110629 -0.002998784 0.006887809 0.0112241 -0.002945267 0.006877009 0.0110383 -0.002998784 0.007796209 0.0111424 -0.002945267 0.007773709 0.0109577 -0.002998784 0.008660509 0.0108211 -0.002998784 0.007752109 0.0107799 -0.003091576 0.006866509 0.0108595 -0.003091576 0.005993809 0.0108838 -0.003091576 0.005123309 0.0108546 -0.003091576 0.004256409 0.0107723 -0.003091576 0.003392109 0.0106356 -0.003091576 0.004210709 0.0111346 -0.002945267 0.003358609 0.0108115 -0.002998784 0.003323809 0.0109944 -0.002945267 0.002529809 0.0106274 -0.002998784 0.002483909 0.0108077 -0.002945267 0.001718509 0.0103937 -0.002998784 0.001661409 0.0105709 -0.002945267 0.0002062092 0.0098 -0.002998784 0.0001273092 0.0099685 -0.002945267 0.006857209 0.0106999 -0.003221465 0.005994209 0.0107239 -0.003221465 0.005133509 0.0106951 -0.003221465 0.004276409 0.0106136 -0.003221465 0.003422109 0.0104785 -0.003221465 0.001822509 0.010071 -0.003221465 0.001773509 0.0102232 -0.003091576 0.0003499092 0.0094929 -0.003221465 0.0002821092 0.0096377 -0.003091576 -0.0009804908 0.0087625 -0.003221465 -0.001066591 0.0088973 -0.003091576 -0.002498791 0.0082922 -0.002945267 -0.001896591 0.0087702 -0.002945267 -0.002377991 0.0081506 -0.002998784 -0.001786091 0.0086204 -0.002998784 -0.002261691 0.0080144 -0.003091576 -0.002157891 0.0078927 -0.003221465 -0.002738091 0.0078284 -0.002998784 -0.004454391 0.0049366 -0.003221465 -0.004301291 0.0055793 -0.003091576 -0.004162291 0.0055002 -0.003221465 -0.003552391 0.0066838 -0.003091576 -0.004095791 0.0062474 -0.002998784 -0.004249791 0.006352 -0.002945267 -0.003838291 0.0069111 -0.002945267 -0.005015591 0.0044748 -0.002998784 -0.004847791 0.0044123 -0.003091576 -0.004697891 0.0043565 -0.003221465 -0.005190091 0.0045397 -0.002945267 -0.004929991 0.0051594 -0.002945267 -0.004618691 0.00576 -0.002945267 -0.005682691 0.0019309 -0.002945267 -0.005645091 0.0025914 -0.002945267 -0.005496591 0.0019284 -0.002998784 -0.005459891 0.0025728 -0.002998784 -0.005317491 0.0019261 -0.003091576 -0.005281591 0.0025549 -0.003091576 -0.005157591 0.001924 -0.003221465 -0.005122491 0.002539 -0.003221465 -0.005662491 0.0012687 -0.002945267 -0.005476891 0.0012825 -0.002998784 0.01673261 0.0035491 -0.003746609 0.01687431 0.0035856 -0.003381362 0.01631221 0.0047368 -0.003746609 0.01655341 0.0041376 -0.003746609 0.01426531 0.0074919 -0.003746609 0.01478311 0.0069851 -0.003746609 0.01525651 0.0064428 -0.003746609 0.01566121 0.0058951 -0.003746609 0.01601791 0.0053179 -0.003746609 0.01368421 0.0079789 -0.003746609 0.01306711 0.008422 -0.003746609 0.01240981 0.008826 -0.003746609 0.01171941 0.0091874 -0.003746609 0.01095831 0.0095217 -0.003746609 0.01017911 0.0098028 -0.003746609 0.009371809 0.0100354 -0.003746609 0.008547609 0.0102164 -0.003746609 0.006844209 0.0104776 -0.003560477 0.006849609 0.0105702 -0.003381362 0.007717109 0.0104922 -0.003381362 0.007705909 0.0104001 -0.003560477 0.008574409 0.0103602 -0.003381362 0.008557409 0.010269 -0.003560477 0.009407709 0.0101772 -0.003381362 0.009384909 0.0100873 -0.003560477 0.01022421 0.009942 -0.003381362 0.01019561 0.0098537 -0.003560477 0.01101251 0.0096576 -0.003381362 0.01097811 0.0095714 -0.003560477 0.01178281 0.0093192 -0.003381362 0.01174261 0.0092356 -0.003560477 0.01248211 0.0089532 -0.003381362 0.01243621 0.0088725 -0.003560477 0.01314811 0.0085439 -0.003381362 0.01309671 0.0084666 -0.003560477 0.01377381 0.0080945 -0.003381362 0.01371701 0.0080212 -0.003560477 0.01436351 0.0076003 -0.003381362 0.01430121 0.0075315 -0.003560477 0.01488941 0.0070856 -0.003381362 0.01482201 0.0070219 -0.003560477 0.01537061 0.0065344 -0.003381362 0.01529821 0.0064763 -0.003560477 0.01578231 0.0059772 -0.003381362 0.01570551 0.0059251 -0.003560477 0.01614551 0.0053895 -0.003381362 0.01606461 0.0053441 -0.003560477 0.01644541 0.0047972 -0.003381362 0.01636091 0.0047589 -0.003560477 0.01669141 0.0041862 -0.003381362 0.01660391 0.0041554 -0.003560477 0.01678441 0.0035625 -0.003560477 0.007699409 0.010347 -0.003746609 0.006841109 0.0104242 -0.003746609 0.005151209 0.0104194 -0.003746609 0.003473709 0.0102072 -0.003746609 0.001907309 0.0098082 -0.003746609 0.0004670092 0.0092428 -0.003746609 -0.0008317908 0.0085297 -0.003746609 -0.001978691 0.0076826 -0.003746609 -0.002317291 0.0073797 -0.003746609 -0.003211091 0.0064123 -0.003746609 -0.003922291 0.0053635 -0.003746609 -0.004439091 0.0042602 -0.003746609 0.005147709 0.0104728 -0.003560477 0.005141809 0.0105654 -0.003381362 0.004304309 0.0103927 -0.003560477 0.004292709 0.0104848 -0.003381362 0.003463709 0.0102598 -0.003560477 0.003446409 0.0103509 -0.003381362 0.001890909 0.0098591 -0.003560477 0.001862409 0.0099474 -0.003381362 0.0004443092 0.0092912 -0.003560477 0.0004049092 0.0093753 -0.003381362 -0.0008605908 0.0085748 -0.003560477 -0.0009105908 0.008653 -0.003381362 -0.002013391 0.0077233 -0.003560477 -0.002073591 0.0077939 -0.003381362 -0.002353891 0.0074187 -0.003560477 -0.002417391 0.0074864 -0.003381362 -0.003252991 0.0064456 -0.003560477 -0.003325591 0.0065034 -0.003381362 -0.003968791 0.00539 -0.003560477 -0.004049491 0.0054359 -0.003381362 -0.004489191 0.0042788 -0.003560477 -0.004576191 0.0043112 -0.003381362 -0.004762191 0.0031027 -0.003746609 -0.004881391 0.0019204 -0.003746609 -0.004934891 0.0019211 -0.003560477 -0.004900991 0.0025167 -0.003560477 -0.004905991 0.0031298 -0.003381362 -0.004814791 0.0031126 -0.003560477 -0.004993291 0.002526 -0.003381362 -0.005027691 0.0019223 -0.003381362 -0.004916691 0.001324 -0.003560477 -0.005009291 0.0013171 -0.003381362 -0.001263191 0.0092051 -0.002945267 -0.001162991 0.0090482 -0.002998784 -0.003692591 0.0067952 -0.002998784 -0.003235891 0.0073274 -0.002998784 -0.003372491 0.0074537 -0.002945267 -0.002865491 0.0079642 -0.002945267 -0.005396691 0.0039051 -0.002945267 -0.005217391 0.0038549 -0.002998784 -0.005044891 0.0038067 -0.003091576 -0.004890991 0.0037636 -0.003221465 -0.005549591 0.0032515 -0.002945267 -0.005366691 0.0032169 -0.002998784 -0.005190691 0.0031837 -0.003091576 -0.005033591 0.003154 -0.003221465 0.03010241 -0.018169 -0.002914443 0.03019371 -0.018169 -0.002894498 0.03092081 0.017831 -0.002096078 0.03092081 -0.018169 -0.002096078 0.03090081 0.017831 -0.002187391 0.03090081 -0.018169 -0.002187391 0.03085001 0.017831 -0.002331889 0.03085001 -0.018169 -0.002331889 0.03080091 0.017831 -0.002428572 0.03080091 -0.018169 -0.002428572 0.03072371 0.017831 -0.002543251 0.03072371 -0.018169 -0.002543251 0.03064201 0.017831 -0.002635679 0.03064201 -0.018169 -0.002635679 0.03054961 0.017831 -0.00271735 0.03054961 -0.018169 -0.00271735 0.03043491 0.017831 -0.002794597 0.03043491 -0.018169 -0.002794597 0.03033821 0.017831 -0.002843633 0.03033821 -0.018169 -0.002843633 0.03019371 0.017831 -0.002894498 0.03010241 0.017831 -0.002914443 0.02893491 -0.02015487 -0.002096078 0.02893491 -0.02013493 -0.002187391 0.02893491 -0.02008406 -0.002331889 0.02893491 -0.02003502 -0.002428572 0.02893491 -0.01995778 -0.002543251 0.02893491 -0.01987611 -0.002635679 0.02893491 -0.01978368 -0.00271735 0.02893491 -0.019669 -0.002794597 0.02893491 -0.01957232 -0.002843633 0.02893491 -0.01942782 -0.002894498 0.02893491 -0.01933651 -0.002914443 -0.02905096 0.014831 -0.002096078 -0.02903102 0.014831 -0.002187391 -0.02898015 0.014831 -0.002331889 -0.02893112 0.014831 -0.002428572 -0.02885387 0.014831 -0.002543251 -0.0287722 0.014831 -0.002635679 -0.02867977 0.014831 -0.00271735 -0.02856509 0.014831 -0.002794597 -0.02846841 0.014831 -0.002843633 -0.02832391 0.014831 -0.002894498 -0.0282326 0.014831 -0.002914443 -0.02806509 0.0158169 -0.003761066 -0.02806509 0.0157969 -0.003669753 -0.02806509 0.0157461 -0.003525255 -0.02806509 0.015697 -0.003428572 -0.02806509 0.0156198 -0.003313893 -0.02806509 0.0155381 -0.003221465 -0.02806509 0.0154457 -0.003139794 -0.02806509 0.015331 -0.003062547 -0.02806509 0.0152343 -0.003013512 -0.02806509 0.0150898 -0.002962647 -0.02806509 0.0149985 -0.002942701 -0.02706509 0.019013 -0.002911878 -0.02706509 0.0198143 -0.002110535 0.02893491 0.0198169 -0.002096078 -0.02706509 0.0197969 -0.002187391 0.02893491 0.0197969 -0.002187391 -0.02706509 0.0197608 -0.002296667 0.02893491 0.0197461 -0.002331889 -0.02706509 0.019697 -0.002428572 0.02893491 0.019697 -0.002428572 -0.02706509 0.019668 -0.002475782 0.02893491 0.0196198 -0.002543251 -0.02706509 0.0195381 -0.002635679 0.02893491 0.0195381 -0.002635679 -0.02706509 0.0193782 -0.002765568 0.02893491 0.0194457 -0.00271735 -0.02706509 0.019331 -0.002794597 0.02893491 0.019331 -0.002794597 -0.02706509 0.0191991 -0.002858361 0.02893491 0.0192343 -0.002843633 -0.02706509 0.0190898 -0.002894498 0.02893491 0.0190898 -0.002894498 0.02893491 0.0189985 -0.002914443 -0.01598509 0.019831 0.001071428 -0.01654969 0.019831 0.001071428 -0.01711199 0.019831 0.001071428 -0.01484719 0.019831 0.001071428 -0.01369709 0.019831 0.001071428 -0.01254119 0.019831 0.001071428 -0.01138539 0.019831 0.001071428 -0.01022739 0.019831 0.001071428 -0.007902791 0.019831 0.001071428 -0.006744791 0.019831 0.001071428 -0.005588991 0.019831 0.001071428 -0.004433091 0.019831 0.001071428 -0.003856491 0.019831 0.001071428 -0.003282991 0.019831 0.001071428 -0.01823029 0.019831 0.001071428 -0.01767239 0.019831 0.001071428 -0.001018191 0.019831 0.001071428 -0.0004577908 0.019831 0.001071428 0.0001000092 0.019831 0.001071428 -0.002712491 0.019831 0.001071428 -0.002145091 0.019831 0.001071428 -0.001580491 0.019831 0.001071428 -0.01254119 -0.020169 0.001071428 -0.01369709 -0.020169 0.001071428 -0.01138539 -0.020169 0.001071428 -0.01427369 -0.020169 0.001071428 -0.01484719 -0.020169 0.001071428 -0.01541769 -0.020169 0.001071428 -0.01598509 -0.020169 0.001071428 -0.01654969 -0.020169 0.001071428 -0.01711199 -0.020169 0.001071428 -0.01767239 -0.020169 0.001071428 -0.01823029 -0.020169 0.001071428 -0.02706509 -0.020169 0.001071428 -0.001580491 -0.020169 0.001071428 -0.001018191 -0.020169 0.001071428 -0.0004577908 -0.020169 0.001071428 0.0001000092 -0.020169 0.001071428 -0.002145091 -0.020169 0.001071428 -0.003282991 -0.020169 0.001071428 -0.004433091 -0.020169 0.001071428 -0.005588991 -0.020169 0.001071428 -0.006744791 -0.020169 0.001071428 -0.007902791 -0.020169 0.001071428 -0.01022739 -0.020169 0.001071428 -0.004857291 0.0015059 -0.005428572 0.01678971 0.0004320004 -0.005428572 0.01650391 -0.0005632996 -0.003928572 0.01640811 -0.0008102996 -0.005428572 0.01578141 -0.0020195 -0.005428572 0.01490661 -0.0031654 -0.005428572 0.01425911 -0.003813 -0.005428572 0.01284271 -0.0048854 -0.005428572 0.01118091 -0.0057502 -0.005428572 0.009335609 -0.0063652 -0.005428572 0.007373509 -0.0067039 -0.005428572 0.005378709 -0.0067534 -0.005428572 0.003414809 -0.0065168 -0.005428572 0.001576109 -0.0060165 -0.005428572 -7.649075e-05 -0.0052901 -0.005428572 -0.001502191 -0.0043816 -0.005428572 -0.002677491 -0.003337 -0.005428572 -0.002707791 -0.003305 -0.005428572 -0.003650591 -0.0021141 -0.005428572 -0.004291591 -0.0009217996 -0.005428572 -0.004689691 0.0002942004 -0.005428572 -0.01466079 0.0194548 0.001469238 -0.01469799 0.0195214 0.001379058 -0.01579449 0.0194021 0.001368578 -0.01733369 0.0190704 0.001361708 -0.01784759 0.0189959 0.001294858 -0.01777429 0.0188361 0.001397438 -0.01481019 0.0197481 0.001139848 -0.01484719 0.019831 0.001071428 -0.01598509 0.019831 0.001071428 -0.01809069 0.0195264 0.001099688 -0.01807859 0.0195002 0.001104818 -0.01753799 0.0195233 0.001139188 -0.01352649 0.0195462 0.001514138 -0.01347109 0.0194802 0.001680838 -0.01237699 0.0196323 0.001558648 -0.01241769 0.0196689 0.001430808 -0.01245869 0.0197146 0.001306438 -0.01358309 0.0196277 0.001355788 -0.01341769 0.0194305 0.001853758 -0.01336699 0.0193977 0.002030578 -0.01229849 0.0195871 0.001821018 -0.01746779 0.0181673 0.002264798 -0.01745559 0.0181405 0.002335238 -0.01704639 0.0184778 0.002031698 -0.01740879 0.0180385 0.002736418 -0.01641629 0.0184585 0.002696638 -0.01254119 0.019831 0.001071428 -0.01369709 0.019831 0.001071428 -0.01366869 0.0197757 0.001138008 -0.01022739 0.019831 0.001071428 -0.01138539 0.019831 0.001071428 -0.01135849 0.0198028 0.001154128 -0.01249999 0.0197688 0.001186388 -0.01364019 0.0197232 0.001207698 -0.01133159 0.0197786 0.001238368 -0.01020079 0.0198177 0.001158038 -0.01017429 0.0198086 0.001245298 -0.01127809 0.0197422 0.001410408 -0.01815539 0.0196676 0.001079518 -0.01760589 0.0196779 0.001097628 -0.01705279 0.0196903 0.001112298 -0.01699249 0.0195501 0.001166498 -0.01649689 0.0197041 0.001123648 -0.01644329 0.0195791 0.001187138 -0.01593799 0.0197187 0.001131878 -0.01589029 0.0196091 0.001201628 -0.01477289 0.0196685 0.001214068 -0.01767239 0.019831 0.001071428 -0.01711199 0.019831 0.001071428 -0.01654969 0.019831 0.001071428 -0.01789419 0.0190977 0.001241308 -0.01740099 0.0192174 0.001271018 -0.01792359 0.0191617 0.001211848 -0.01669699 0.018914 0.001639788 -0.01675299 0.019027 0.001519448 -0.01681119 0.0191488 0.001411238 -0.01687099 0.0192776 0.001316038 -0.01771809 0.0187134 0.001493868 -0.01764109 0.0185454 0.001657218 -0.01714799 0.0186788 0.001726128 -0.01757299 0.0183969 0.001842068 -0.01753289 0.0183092 0.001977008 -0.01664389 0.0188112 0.001771078 -0.01654919 0.018641 0.002060548 -0.01647259 0.0185228 0.002374078 -0.01546019 0.0188626 0.002322118 -0.01442409 0.019155 0.002202308 -0.01553079 0.0189437 0.002054268 -0.01448559 0.0192084 0.001980078 -0.01561169 0.0190632 0.001800748 -0.01455279 0.0192884 0.001765778 -0.01565529 0.0191364 0.001682018 -0.01462399 0.0193936 0.001564058 -0.01570059 0.0192178 0.001569888 -0.01574709 0.0193066 0.001465188 -0.01800099 0.0193307 0.001148628 -0.01746939 0.0193691 0.001196848 -0.01693169 0.019412 0.001234378 -0.01584229 0.0195032 0.001280608 -0.01473539 0.0195928 0.001293888 -0.01540159 0.0188205 0.002595448 -0.01436909 0.0191284 0.002427638 -0.01122549 0.0197225 0.001585418 -0.01014789 0.0198038 0.001332928 -0.0009821908 0.0186788 0.001726128 -0.001486291 0.0188112 0.001771078 -0.001535691 0.0187199 0.001911888 -0.007929391 0.0198177 0.001158038 -0.007955891 0.0198086 0.001245298 -0.003506091 0.0193936 0.001564058 -0.003432191 0.0195214 0.001379058 -0.004547091 0.0196277 0.001355788 -0.0006607908 0.0193691 0.001196848 -0.0005921908 0.0195233 0.001139188 -0.001137691 0.0195501 0.001166498 -0.0005242908 0.0196779 0.001097628 -0.0009238908 0.018799 0.001590388 -0.0008616908 0.0189302 0.001468468 -0.0007964908 0.0190704 0.001361708 -0.0007291908 0.0192174 0.001271018 -0.001259191 0.0192776 0.001316038 -0.001377191 0.019027 0.001519448 -0.001998691 0.0189399 0.001795078 -0.001900091 0.0191235 0.001552568 -0.001794791 0.0193398 0.001348138 -0.001686891 0.0195791 0.001187138 -0.001198491 0.019412 0.001234378 -0.001580491 0.019831 0.001071428 -0.001077391 0.0196903 0.001112298 -0.001018191 0.019831 0.001071428 -0.0004577908 0.019831 0.001071428 -0.002518491 0.0190632 0.001800748 -0.002429591 0.0192178 0.001569888 -0.002965091 0.0193081 0.001573188 -0.002335691 0.0194021 0.001368578 -0.002881591 0.0194629 0.001378528 -0.002239891 0.0196091 0.001201628 -0.002796691 0.0196391 0.001210438 -0.006852091 0.0197422 0.001410408 -0.005753191 0.0196323 0.001558648 -0.006798591 0.0197786 0.001238368 -0.005712491 0.0196689 0.001430808 -0.003357291 0.0196685 0.001214068 -0.003921791 0.0196967 0.001213008 -0.004489991 0.0197232 0.001207698 -0.005630191 0.0197688 0.001186388 -0.005588991 0.019831 0.001071428 -0.006744791 0.019831 0.001071428 -0.003577391 0.0192884 0.001765778 -0.004603691 0.0195462 0.001514138 -0.005671391 0.0197146 0.001306438 -0.006771691 0.0198028 0.001154128 -0.004763191 0.0193977 0.002030578 -0.004712491 0.0194305 0.001853758 -0.004659091 0.0194802 0.001680838 -0.006904691 0.0197225 0.001585418 -0.005831691 0.0195871 0.001821018 -0.004810591 0.0193818 0.002208928 -0.002728591 0.0188205 0.002595448 -0.001713891 0.0184585 0.002696638 -0.001657591 0.0185228 0.002374078 -0.001580991 0.018641 0.002060548 -0.003644591 0.0192084 0.001980078 -0.002599391 0.0189437 0.002054268 -0.003706091 0.019155 0.002202308 -0.002669991 0.0188626 0.002322118 -0.003761091 0.0191284 0.002427638 -0.002145091 0.019831 0.001071428 -0.002712491 0.019831 0.001071428 -0.003282991 0.019831 0.001071428 -0.003856491 0.019831 0.001071428 -0.004433091 0.019831 0.001071428 -0.007902791 0.019831 0.001071428 -0.02806509 0.017831 -0.005428572 -0.0282326 0.0158451 -0.003928572 -0.02832391 0.0158651 -0.005428572 -0.02832391 0.0158651 -0.003928572 -0.02846841 0.0159159 -0.003928572 -0.02856509 0.015965 -0.005428572 -0.02856509 0.015965 -0.003928572 -0.02867977 0.0160422 -0.003928572 -0.0287722 0.0161239 -0.005428572 -0.0287722 0.0161239 -0.003928572 -0.02885387 0.0162163 -0.003928572 -0.02893112 0.016331 -0.005428572 -0.02893112 0.016331 -0.003928572 -0.02898015 0.0164277 -0.003928572 -0.02903102 0.0165722 -0.005428572 -0.02903102 0.0165722 -0.003928572 -0.02905096 0.0166635 -0.003928572 -0.02906509 0.016831 -0.005428572 -0.02903102 0.0170898 -0.005428572 -0.02893112 0.017331 -0.005428572 -0.0287722 0.0175381 -0.005428572 -0.02856509 0.017697 -0.005428572 -0.02832391 0.0177969 -0.005428572 -0.02232085 0.015965 -0.005428572 -0.02256203 0.0158651 -0.005428572 -0.02232085 0.017697 -0.005428572 -0.02282085 0.015831 -0.005428572 -0.02256203 0.0177969 -0.005428572 -0.02856509 0.017697 -0.005428572 -0.02832391 0.0177969 -0.005428572 -0.02806509 0.015831 -0.005428572 -0.02806509 0.017831 -0.005428572 -0.02282085 0.017831 -0.005428572 -0.02832391 0.0158651 -0.005428572 -0.02856509 0.015965 -0.005428572 -0.0287722 0.0161239 -0.005428572 -0.02195482 0.017331 -0.005428572 -0.02185492 0.0170898 -0.005428572 -0.02211374 0.0161239 -0.005428572 -0.02182085 0.016831 -0.005428572 -0.02185492 0.0165722 -0.005428572 -0.02195482 0.016331 -0.005428572 -0.02906509 0.016831 -0.005428572 -0.0287722 0.0175381 -0.005428572 -0.02903102 0.0170898 -0.005428572 -0.02893112 0.017331 -0.005428572 -0.02211374 0.0175381 -0.005428572 -0.02893112 0.016331 -0.005428572 -0.02903102 0.0165722 -0.005428572 -0.02282085 0.012731 -0.005428572 -0.02282085 0.010731 -0.005428572 -0.02806509 0.012731 -0.005428572 -0.02806509 0.010731 -0.005428572 -0.02832391 0.0126969 -0.005428572 -0.02856509 0.012597 -0.005428572 -0.02893112 0.011231 -0.005428572 -0.02903102 0.0114722 -0.005428572 -0.02906509 0.011731 -0.005428572 -0.02903102 0.0119898 -0.005428572 -0.02832391 0.0107651 -0.005428572 -0.02856509 0.010865 -0.005428572 -0.0287722 0.0110239 -0.005428572 -0.02893112 0.012231 -0.005428572 -0.0287722 0.0124381 -0.005428572 -0.02256203 0.0126969 -0.005428572 -0.02232085 0.012597 -0.005428572 -0.02256203 0.0107651 -0.005428572 -0.02211374 0.0124381 -0.005428572 -0.02195482 0.012231 -0.005428572 -0.02195482 0.011231 -0.005428572 -0.02211374 0.0110239 -0.005428572 -0.02185492 0.0114722 -0.005428572 -0.02182085 0.011731 -0.005428572 -0.02185492 0.0119898 -0.005428572 -0.02232085 0.010865 -0.005428572 -0.02832391 0.0107651 -0.005428572 -0.02856509 0.010865 -0.005428572 -0.0287722 0.0110239 -0.005428572 -0.02893112 0.011231 -0.005428572 -0.02903102 0.0114722 -0.005428572 -0.02906509 0.011731 -0.005428572 -0.02903102 0.0119898 -0.005428572 -0.02893112 0.012231 -0.005428572 -0.0287722 0.0124381 -0.005428572 -0.02856509 0.012597 -0.005428572 -0.02832391 0.0126969 -0.005428572 -0.02899694 -0.01868664 0.001071428 -0.02879714 -0.019169 0.001071428 -0.0284793 -0.01958321 0.001071428 -0.02806509 -0.01990105 0.001071428 -0.02758273 -0.02010085 0.001071428 -0.02868893 -0.0057647 0.001469238 -0.02875548 -0.0058019 0.001379058 -0.02863616 -0.0068984 0.001368578 -0.02838284 -0.0079151 0.001411238 -0.0282611 -0.0078569 0.001519448 -0.02845186 -0.0068045 0.001569888 -0.02837048 -0.0067592 0.001682018 -0.02830445 -0.0084376 0.001361708 -0.02823001 -0.0089515 0.001294858 -0.02807016 -0.0088782 0.001397438 -0.02833179 -0.0089981 0.001241308 -0.02898219 -0.0059141 0.001139848 -0.02906509 -0.0059511 0.001071428 -0.02906509 -0.007089 0.001071428 -0.02876053 -0.0091946 0.001099688 -0.02873425 -0.0091825 0.001104818 -0.02875736 -0.0086419 0.001139188 -0.02878033 -0.0046304 0.001514138 -0.02871426 -0.004575 0.001680838 -0.02886641 -0.0034809 0.001558648 -0.02890303 -0.0035216 0.001430808 -0.02894865 -0.0035626 0.001306438 -0.02886178 -0.004687 0.001355788 -0.02844253 -0.0055895 0.001980078 -0.02838911 -0.005528 0.002202308 -0.02863174 -0.0044709 0.002030578 -0.02763095 -0.0086769 0.001842068 -0.02754328 -0.0086368 0.001977008 -0.02771187 -0.0081503 0.002031698 -0.02737457 -0.0085595 0.002335238 -0.02769259 -0.0075202 0.002696638 -0.02775693 -0.0075765 0.002374078 -0.02805462 -0.0065055 0.002595448 -0.0272726 -0.0085127 0.002736418 -0.02740134 -0.0085717 0.002264798 -0.02787508 -0.0076531 0.002060548 -0.0280967 -0.0065641 0.002322118 -0.02836254 -0.005473 0.002427638 -0.02906509 -0.0036451 0.001071428 -0.02906509 -0.004801 0.001071428 -0.02900974 -0.0047726 0.001138008 -0.02906509 -0.0013313 0.001071428 -0.02906509 -0.0024893 0.001071428 -0.02903693 -0.0024624 0.001154128 -0.02900285 -0.0036039 0.001186388 -0.02895726 -0.0047441 0.001207698 -0.02901268 -0.0024355 0.001238368 -0.02905182 -0.0013047 0.001158038 -0.02904273 -0.0012782 0.001245298 -0.02897631 -0.002382 0.001410408 -0.02890172 -0.0092593 0.001079518 -0.02891195 -0.0087098 0.001097628 -0.02892439 -0.0081567 0.001112298 -0.0287842 -0.0080964 0.001166498 -0.02893819 -0.0076008 0.001123648 -0.02881317 -0.0075472 0.001187138 -0.02895276 -0.0070419 0.001131878 -0.02884317 -0.0069942 0.001201628 -0.0289026 -0.0058768 0.001214068 -0.02906509 -0.0087763 0.001071428 -0.02906509 -0.0082159 0.001071428 -0.02906509 -0.0076536 0.001071428 -0.02839583 -0.0090275 0.001211848 -0.02845149 -0.0085049 0.001271018 -0.02851174 -0.0079749 0.001316038 -0.02794749 -0.008822 0.001493868 -0.02814811 -0.0078009 0.001639788 -0.02817783 -0.0066347 0.002054268 -0.02829728 -0.0067156 0.001800748 -0.02804533 -0.0077478 0.001771078 -0.02791288 -0.0082519 0.001726128 -0.02777944 -0.008745 0.001657218 -0.0285407 -0.006851 0.001465188 -0.02862767 -0.0057279 0.001564058 -0.02852253 -0.0056567 0.001765778 -0.02866455 -0.0045216 0.001853758 -0.02882124 -0.0034024 0.001821018 -0.0285648 -0.0091049 0.001148628 -0.02860318 -0.0085733 0.001196848 -0.02864609 -0.0080356 0.001234378 -0.0287373 -0.0069462 0.001280608 -0.02882686 -0.0058393 0.001293888 -0.02895655 -0.0023294 0.001585418 -0.02903785 -0.0012518 0.001332928 -0.02769259 0.0071822 0.002696638 -0.02727726 0.0081769 0.002707498 -0.02740134 0.0082337 0.002264798 -0.0272726 0.0081747 0.002736418 -0.02886641 0.0031429 0.001558648 -0.02897631 0.002044 0.001410408 -0.02895655 0.0019914 0.001585418 -0.02852253 0.0053187 0.001765778 -0.02871426 0.004237 0.001680838 -0.02866455 0.0041836 0.001853758 -0.02876053 0.0088566 0.001099688 -0.02890172 0.0089213 0.001079518 -0.02891195 0.0083718 0.001097628 -0.02817401 0.0068974 0.001795078 -0.02804533 0.0074098 0.001771078 -0.0282611 0.0075189 0.001519448 -0.02794749 0.008484 0.001493868 -0.02807016 0.0085402 0.001397438 -0.02816427 0.0080344 0.001468468 -0.02851174 0.0076369 0.001316038 -0.02830445 0.0080996 0.001361708 -0.02845149 0.0081669 0.001271018 -0.02833179 0.0086601 0.001241308 -0.02839583 0.0086895 0.001211848 -0.0287842 0.0077584 0.001166498 -0.02860318 0.0082353 0.001196848 -0.02875736 0.0083039 0.001139188 -0.0285648 0.0087669 0.001148628 -0.02873425 0.0088445 0.001104818 -0.02906509 0.0073156 0.001071428 -0.02892439 0.0078187 0.001112298 -0.02906509 0.0078779 0.001071428 -0.02906509 0.0084383 0.001071428 -0.02857388 0.0071013 0.001348138 -0.02835761 0.006996 0.001552568 -0.02845186 0.0064665 0.001569888 -0.02829728 0.0063776 0.001800748 -0.0288732 0.0060994 0.001210438 -0.0289026 0.0055388 0.001214068 -0.02875548 0.0054639 0.001379058 -0.02893081 0.0049743 0.001213008 -0.02886178 0.004349 0.001355788 -0.02901268 0.0020975 0.001238368 -0.02890303 0.0031836 0.001430808 -0.02894865 0.0032247 0.001306438 -0.02878033 0.0042924 0.001514138 -0.02862767 0.00539 0.001564058 -0.02869703 0.0060145 0.001378528 -0.02884317 0.0066562 0.001201628 -0.02905182 0.0009667004 0.001158038 -0.02904273 0.0009402004 0.001245298 -0.02906509 0.0009933004 0.001071428 -0.02903693 0.0021244 0.001154128 -0.02906509 0.0021513 0.001071428 -0.02900285 0.0032659 0.001186388 -0.02906509 0.0033071 0.001071428 -0.02895726 0.0044061 0.001207698 -0.02906509 0.004463 0.001071428 -0.02882124 0.0030644 0.001821018 -0.02881317 0.0072092 0.001187138 -0.02863616 0.0065604 0.001368578 -0.02854223 0.005931 0.001573188 -0.02805462 0.0061675 0.002595448 -0.02775693 0.0072385 0.002374078 -0.02754328 0.0082988 0.001977008 -0.02791909 0.008471 0.001518718 -0.02803309 0.0079722 0.001590388 -0.02777944 0.008407 0.001657218 -0.02791288 0.0079139 0.001726128 -0.02765354 0.0083493 0.001810828 -0.027954 0.0073604 0.001911888 -0.02836254 0.005135 0.002427638 -0.0280967 0.0062261 0.002322118 -0.02787508 0.0073151 0.002060548 -0.02763095 0.0083389 0.001842068 -0.02861593 0.0040855 0.002208928 -0.02863174 0.0041329 0.002030578 -0.02838911 0.00519 0.002202308 -0.02844253 0.0052515 0.001980078 -0.02817783 0.0062967 0.002054268 -0.02906509 0.0050396 0.001071428 -0.02906509 0.0056131 0.001071428 -0.02906509 0.0061836 0.001071428 -0.02906509 0.006751 0.001071428 -0.02864609 0.0076976 0.001234378 -0.0282326 0.0154544 -0.00312865 -0.0282326 0.01524 -0.003000583 -0.0282326 0.0150009 -0.002928772 -0.0282326 0.015759 -0.003519556 -0.0282326 0.0158308 -0.003758699 -0.02846841 0.0159006 -0.003746838 -0.02867977 0.0160251 -0.003725685 -0.02885387 0.0161967 -0.003696522 -0.02898015 0.0164051 -0.003661118 -0.02905096 0.0166376 -0.003621618 -0.02905096 0.0165078 -0.003189496 -0.02905096 0.0162764 -0.002802177 -0.02905096 0.0159574 -0.002483142 -0.02905096 0.0155701 -0.00225173 -0.02905096 0.015138 -0.002121969 -0.02898015 0.0150985 -0.002354449 -0.02885387 0.015063 -0.002562824 -0.02867977 0.0150339 -0.002734463 -0.02846841 0.0150127 -0.002858962 -0.02898015 0.015475 -0.002467511 -0.02885387 0.0153897 -0.002660919 -0.02867977 0.0153195 -0.002820231 -0.02846841 0.0152686 -0.002935787 -0.02898015 0.0158124 -0.002669144 -0.02885387 0.0156825 -0.002835862 -0.02867977 0.0155755 -0.002973187 -0.02846841 0.0154979 -0.003072796 -0.02898015 0.0160904 -0.002947126 -0.02885387 0.0159237 -0.003077045 -0.02867977 0.0157864 -0.00318406 -0.02846841 0.0156868 -0.003261683 -0.0282326 0.0156309 -0.003305209 -0.02898015 0.0162921 -0.003284602 -0.02885387 0.0160987 -0.003369848 -0.02867977 0.0159393 -0.003440065 -0.02846841 0.0158238 -0.003490997 -0.007982291 -0.02014176 0.001332928 -0.003469391 -0.01979284 0.001469238 -0.003432191 -0.01985939 0.001379058 -0.002335691 -0.01974007 0.001368578 -0.001318991 -0.01948675 0.001411238 -0.001377191 -0.01936501 0.001519448 -0.002429591 -0.01955577 0.001569888 -0.002474891 -0.01947438 0.001682018 -0.0007964908 -0.01940836 0.001361708 -0.003319991 -0.0200861 0.001139848 -0.003282991 -0.020169 0.001071428 -0.002145091 -0.020169 0.001071428 -0.0005921908 -0.01986127 0.001139188 -0.004603691 -0.01988424 0.001514138 -0.004659091 -0.01981817 0.001680838 -0.005753191 -0.01997032 0.001558648 -0.005712491 -0.02000693 0.001430808 -0.005671391 -0.02005256 0.001306438 -0.004547091 -0.01996569 0.001355788 -0.006904691 -0.02006046 0.001585418 -0.005831691 -0.01992515 0.001821018 -0.003644591 -0.01954644 0.001980078 -0.003706091 -0.01949302 0.002202308 -0.004763191 -0.01973565 0.002030578 -0.002728591 -0.01915853 0.002595448 -0.001713891 -0.0187965 0.002696638 -0.001657591 -0.01886084 0.002374078 -0.005588991 -0.020169 0.001071428 -0.004433091 -0.020169 0.001071428 -0.004461491 -0.02011365 0.001138008 -0.007902791 -0.020169 0.001071428 -0.006744791 -0.020169 0.001071428 -0.006771691 -0.02014084 0.001154128 -0.005630191 -0.02010676 0.001186388 -0.004489991 -0.02006117 0.001207698 -0.006798591 -0.02011659 0.001238368 -0.007929391 -0.02015573 0.001158038 -0.007955891 -0.02014664 0.001245298 -0.006852091 -0.02008022 0.001410408 -0.0005242908 -0.02001586 0.001097628 -0.001077391 -0.0200283 0.001112298 -0.001137691 -0.01988811 0.001166498 -0.001633291 -0.0200421 0.001123648 -0.001686891 -0.01991708 0.001187138 -0.002192191 -0.02005667 0.001131878 -0.002239891 -0.01994707 0.001201628 -0.003357291 -0.02000651 0.001214068 -0.0004577908 -0.020169 0.001071428 -0.001018191 -0.020169 0.001071428 -0.001580491 -0.020169 0.001071428 -0.0007291908 -0.0195554 0.001271018 -0.001259191 -0.01961564 0.001316038 -0.001433191 -0.01925202 0.001639788 -0.002599391 -0.01928174 0.002054268 -0.002518491 -0.01940119 0.001800748 -0.001486291 -0.01914924 0.001771078 -0.0009821908 -0.01901679 0.001726128 -0.002383091 -0.01964461 0.001465188 -0.003506091 -0.01973158 0.001564058 -0.003577391 -0.01962644 0.001765778 -0.004712491 -0.01976846 0.001853758 -0.0006607908 -0.01970709 0.001196848 -0.001198491 -0.01975 0.001234378 -0.002287891 -0.01984121 0.001280608 -0.003394791 -0.01993077 0.001293888 -0.001083791 -0.01881578 0.002031698 -0.001580991 -0.01897899 0.002060548 -0.002669991 -0.01920061 0.002322118 -0.003761091 -0.01946645 0.002427638 -0.01641629 -0.0187965 0.002696638 -0.01741099 -0.01838117 0.002707498 -0.01746779 -0.01850525 0.002264798 -0.01740879 -0.01837651 0.002736418 -0.01237699 -0.01997032 0.001558648 -0.01127809 -0.02008022 0.001410408 -0.01122549 -0.02006046 0.001585418 -0.01455279 -0.01962644 0.001765778 -0.01347109 -0.01981817 0.001680838 -0.01341769 -0.01976846 0.001853758 -0.01809069 -0.01986444 0.001099688 -0.01815539 -0.02000563 0.001079518 -0.01760589 -0.02001586 0.001097628 -0.01613149 -0.01927792 0.001795078 -0.01664389 -0.01914924 0.001771078 -0.01675299 -0.01936501 0.001519448 -0.01771809 -0.0190514 0.001493868 -0.01777429 -0.01917407 0.001397438 -0.01726849 -0.01926818 0.001468468 -0.01687099 -0.01961564 0.001316038 -0.01733369 -0.01940836 0.001361708 -0.01740099 -0.0195554 0.001271018 -0.01789419 -0.0194357 0.001241308 -0.01792359 -0.01949974 0.001211848 -0.01699249 -0.01988811 0.001166498 -0.01746939 -0.01970709 0.001196848 -0.01753799 -0.01986127 0.001139188 -0.01800099 -0.01966871 0.001148628 -0.01807859 -0.01983816 0.001104818 -0.01654969 -0.020169 0.001071428 -0.01705279 -0.0200283 0.001112298 -0.01711199 -0.020169 0.001071428 -0.01767239 -0.020169 0.001071428 -0.01633539 -0.01967779 0.001348138 -0.01623009 -0.01946151 0.001552568 -0.01570059 -0.01955577 0.001569888 -0.01561169 -0.01940119 0.001800748 -0.01533349 -0.01997711 0.001210438 -0.01477289 -0.02000651 0.001214068 -0.01469799 -0.01985939 0.001379058 -0.01420839 -0.02003472 0.001213008 -0.01358309 -0.01996569 0.001355788 -0.01133159 -0.02011659 0.001238368 -0.01241769 -0.02000693 0.001430808 -0.01245869 -0.02005256 0.001306438 -0.01352649 -0.01988424 0.001514138 -0.01462399 -0.01973158 0.001564058 -0.01524859 -0.01980094 0.001378528 -0.01589029 -0.01994707 0.001201628 -0.01020079 -0.02015573 0.001158038 -0.01017429 -0.02014664 0.001245298 -0.01022739 -0.020169 0.001071428 -0.01135849 -0.02014084 0.001154128 -0.01138539 -0.020169 0.001071428 -0.01249999 -0.02010676 0.001186388 -0.01254119 -0.020169 0.001071428 -0.01364019 -0.02006117 0.001207698 -0.01369709 -0.020169 0.001071428 -0.01644329 -0.01991708 0.001187138 -0.01579449 -0.01974007 0.001368578 -0.01516509 -0.01964614 0.001573188 -0.01436909 -0.01946645 0.002427638 -0.01540159 -0.01915853 0.002595448 -0.01647259 -0.01886084 0.002374078 -0.01753289 -0.01864719 0.001977008 -0.01770509 -0.019023 0.001518718 -0.01720629 -0.019137 0.001590388 -0.01764109 -0.01888335 0.001657218 -0.01714799 -0.01901679 0.001726128 -0.01758339 -0.01875745 0.001810828 -0.01659449 -0.01905791 0.001911888 -0.01546019 -0.01920061 0.002322118 -0.01654919 -0.01897899 0.002060548 -0.01757299 -0.01873486 0.001842068 -0.01229849 -0.01992515 0.001821018 -0.01331959 -0.01971984 0.002208928 -0.01336699 -0.01973565 0.002030578 -0.01442409 -0.01949302 0.002202308 -0.01448559 -0.01954644 0.001980078 -0.01553079 -0.01928174 0.002054268 -0.01427369 -0.020169 0.001071428 -0.01484719 -0.020169 0.001071428 -0.01541769 -0.020169 0.001071428 -0.01598509 -0.020169 0.001071428 -0.01693169 -0.01975 0.001234378 -0.02684312 -0.0096961 0.002264798 -0.02706574 -0.0098154 0.001842068 -0.01907562 -0.01884915 0.001241308 -0.01852529 -0.01782221 0.002736418 -0.01871149 -0.01816965 0.001842068 -0.01887599 -0.01847655 0.001493868 -0.01929839 -0.01926484 0.001099688 -0.0211144 -0.01817416 0.001099688 -0.0228152 -0.01691134 0.001099688 -0.02438455 -0.01548846 0.001099688 -0.02580743 -0.01391911 0.001099688 -0.02707025 -0.01221831 0.001099688 -0.02816093 -0.0104023 0.001099688 -0.02774524 -0.01017953 0.001241308 -0.02737264 -0.0099799 0.001493868 -0.0245426 -0.01288033 0.002736418 -0.02571001 -0.01130801 0.002736418 -0.0267183 -0.0096292 0.002736418 -0.02322721 -0.01433112 0.002736418 -0.02177642 -0.01564651 0.002736418 -0.0202041 -0.01681392 0.002736418 -0.02582771 -0.01138678 0.002264798 -0.02465204 -0.01297021 0.002264798 -0.02332735 -0.01443126 0.002264798 -0.0218663 -0.01575595 0.002264798 -0.02028287 -0.01693162 0.002264798 -0.01859219 -0.01794703 0.002264798 -0.02603761 -0.01152725 0.001842068 -0.02484722 -0.01313051 0.001842068 -0.02350594 -0.01460985 0.001842068 -0.0220266 -0.01595113 0.001842068 -0.02042334 -0.01714152 0.001842068 -0.02632699 -0.0117209 0.001493868 -0.0251163 -0.0133515 0.001493868 -0.02375215 -0.01485606 0.001493868 -0.02224759 -0.01622021 0.001493868 -0.02061699 -0.0174309 0.001493868 -0.0266783 -0.01195601 0.001241308 -0.02544297 -0.01361979 0.001241308 -0.02405106 -0.01515497 0.001241308 -0.02251588 -0.01654688 0.001241308 -0.0208521 -0.01778221 0.001241308 0.03031841 -0.01840406 -0.002843633 0.03052681 -0.01843947 -0.00271735 0.03069841 -0.01846863 -0.002543251 0.03082291 -0.01848978 -0.002331889 0.03089271 -0.01850165 -0.002096078 0.03015561 -0.01973541 -0.002096078 0.02925571 -0.020057 -0.002331889 0.02923451 -0.0199325 -0.002543251 0.02920541 -0.01976086 -0.00271735 0.02917001 -0.01955249 -0.002843633 0.02913051 -0.01932001 -0.002914443 0.03008591 -0.01836456 -0.002914443 0.03000321 -0.01863988 -0.002914443 0.02985581 -0.01888664 -0.002914443 0.02965251 -0.0190899 -0.002914443 0.02940581 -0.01923734 -0.002914443 0.02926751 -0.02012681 -0.002096078 0.02973581 -0.01998619 -0.002096078 0.03050131 -0.01938967 -0.002096078 0.03075211 -0.01896994 -0.002096078 0.02970731 -0.0199214 -0.002331889 0.03011201 -0.01967956 -0.002331889 0.03044551 -0.01934615 -0.002331889 0.03068731 -0.01894138 -0.002331889 0.02965631 -0.01980584 -0.002543251 0.03003441 -0.01957995 -0.002543251 0.03034581 -0.01926852 -0.002543251 0.03057171 -0.01889044 -0.002543251 0.02958611 -0.01964653 -0.00271735 0.02992741 -0.01944262 -0.00271735 0.03020851 -0.01916151 -0.00271735 0.03041241 -0.01882023 -0.00271735 0.02950091 -0.01945312 -0.002843633 0.02979751 -0.0192759 -0.002843633 0.03004181 -0.01903159 -0.002843633 0.03021901 -0.01873498 -0.002843633 0.02917001 0.0192145 -0.002843633 0.02920541 0.0194229 -0.00271735 0.02923451 0.0195945 -0.002543251 0.02925571 0.019719 -0.002331889 0.02926751 0.0197888 -0.002096078 0.03075211 0.0186319 -0.002096078 0.03082291 0.0181518 -0.002331889 0.03069841 0.0181306 -0.002543251 0.03052681 0.0181015 -0.00271735 0.03031841 0.0180661 -0.002843633 0.03008591 0.0180266 -0.002914443 0.02913051 0.018982 -0.002914443 0.02940581 0.0188993 -0.002914443 0.02965251 0.0187519 -0.002914443 0.02985581 0.0185486 -0.002914443 0.03000321 0.0183019 -0.002914443 0.03089271 0.0181636 -0.002096078 0.03050131 0.0190517 -0.002096078 0.03015561 0.0193974 -0.002096078 0.02973581 0.0196482 -0.002096078 0.03068731 0.0186034 -0.002331889 0.03044551 0.0190081 -0.002331889 0.03011201 0.0193416 -0.002331889 0.02970731 0.0195834 -0.002331889 0.03057171 0.0185524 -0.002543251 0.03034581 0.0189305 -0.002543251 0.03003441 0.0192419 -0.002543251 0.02965631 0.0194678 -0.002543251 0.03041241 0.0184822 -0.00271735 0.03020851 0.0188235 -0.00271735 0.02992741 0.0191046 -0.00271735 0.02958611 0.0193085 -0.00271735 0.03021901 0.018397 -0.002843633 0.03004181 0.0186936 -0.002843633 0.02979751 0.0189379 -0.002843633 0.02950091 0.0191151 -0.002843633 -0.02834342 0.0188259 -0.002758367 -0.02820109 0.018759 -0.002855659 -0.02832087 0.0186041 -0.002885266 -0.02850035 0.0192187 -0.002036698 -0.02725954 0.019751 -0.002296063 -0.0272502 0.019659 -0.002474934 -0.02726493 0.0198041 -0.002110216 -0.02740696 0.0195069 -0.002632089 -0.02743301 0.0196325 -0.002472759 -0.02745174 0.0197223 -0.002294591 -0.02746269 0.019774 -0.002109541 -0.02802003 0.0195704 -0.002108957 -0.02834323 0.0193497 -0.002115342 -0.02829446 0.0194085 -0.001939763 -0.02827275 0.0190912 -0.002616623 -0.02836652 0.0191572 -0.002464181 -0.02809643 0.0193682 -0.002461038 -0.02830166 0.0193221 -0.002291176 -0.02815177 0.0194329 -0.002289072 -0.02818709 0.019468 -0.002110986 -0.02773137 0.0194168 -0.002623997 -0.02778245 0.0195299 -0.002466264 -0.02761116 0.0195892 -0.002469717 -0.02781986 0.0196103 -0.002290658 -0.02763927 0.0196751 -0.002292655 -0.02784266 0.0196562 -0.002108494 -0.02765602 0.0197245 -0.002108853 -0.02862218 0.0186474 -0.002667901 -0.02872011 0.0184125 -0.002727392 -0.02884786 0.0183717 -0.002585193 -0.02889527 0.0186373 -0.002019723 -0.02874251 0.0189131 -0.002065724 -0.0287242 0.0189215 -0.002149689 -0.02848556 0.019218 -0.00212274 -0.02869913 0.0189259 -0.002234469 -0.02846486 0.0192117 -0.002209643 -0.02866715 0.0189259 -0.002319024 -0.0284381 0.0191996 -0.002296314 -0.02902245 0.0182229 -0.002183999 -0.02891791 0.018575 -0.002113897 -0.02900461 0.018256 -0.00226477 -0.02889826 0.0185951 -0.002196056 -0.0289784 0.018288 -0.00234639 -0.02887106 0.0186125 -0.002279026 -0.02894353 0.0183183 -0.002427786 -0.02883612 0.0186269 -0.002361775 -0.02889996 0.0183464 -0.002507793 -0.02879344 0.0186379 -0.00244319 -0.02874324 0.0186451 -0.002522109 -0.02803862 0.0189023 -0.002842833 -0.02816133 0.0190045 -0.002744898 -0.02822105 0.0184404 -0.002991075 -0.0286123 0.0182495 -0.002921381 -0.02856671 0.0184379 -0.002845798 -0.02847868 0.0186334 -0.002790905 -0.02791175 0.0187909 -0.002907761 -0.02805404 0.0186816 -0.00292134 -0.02815776 0.0185623 -0.0029484 -0.02847301 0.0188778 -0.002632139 -0.02858264 0.0189115 -0.002482917 -0.0277338 0.0188837 -0.002904455 -0.02737499 0.0193522 -0.002761989 -0.02733922 0.0191786 -0.002855448 -0.0275285 0.0189539 -0.002906766 -0.02783554 0.0190252 -0.002842629 -0.02760019 0.0191192 -0.002848845 -0.02793378 0.0191586 -0.002745753 -0.0276693 0.0192769 -0.002753788 -0.02802253 0.0192753 -0.002616393 -0.0279445 0.0194558 -0.00246306 -0.02799102 0.0195292 -0.00228918 -0.01859219 0.017609 0.002264798 -0.01871149 0.0178316 0.001842068 -0.02774524 0.0098415 0.001241308 -0.0267183 0.0092912 0.002736418 -0.02706574 0.0094774 0.001842068 -0.02737264 0.0096419 0.001493868 -0.02816093 0.0100643 0.001099688 -0.02707025 0.0118803 0.001099688 -0.02580743 0.0135811 0.001099688 -0.02438455 0.0151505 0.001099688 -0.0228152 0.0165733 0.001099688 -0.0211144 0.0178362 0.001099688 -0.01929839 0.0189268 0.001099688 -0.01907562 0.0185111 0.001241308 -0.01887599 0.0181386 0.001493868 -0.02177642 0.0153085 0.002736418 -0.0202041 0.0164759 0.002736418 -0.01852529 0.0174842 0.002736418 -0.02322721 0.0139931 0.002736418 -0.0245426 0.0125423 0.002736418 -0.02571001 0.01097 0.002736418 -0.02028287 0.0165936 0.002264798 -0.0218663 0.0154179 0.002264798 -0.02332735 0.0140933 0.002264798 -0.02465204 0.0126322 0.002264798 -0.02582771 0.0110488 0.002264798 -0.02684312 0.0093581 0.002264798 -0.02042334 0.0168035 0.001842068 -0.0220266 0.0156131 0.001842068 -0.02350594 0.0142718 0.001842068 -0.02484722 0.0127925 0.001842068 -0.02603761 0.0111892 0.001842068 -0.02061699 0.0170929 0.001493868 -0.02224759 0.0158822 0.001493868 -0.02375215 0.0145181 0.001493868 -0.0251163 0.0130135 0.001493868 -0.02632699 0.0113829 0.001493868 -0.0208521 0.0174442 0.001241308 -0.02251588 0.0162089 0.001241308 -0.02405106 0.014817 0.001241308 -0.02544297 0.0132818 0.001241308 -0.0266783 0.011618 0.001241308 0.001035409 0.0096387 0.005071428 0.0008697092 0.0097658 0.005071428 -0.01876559 0.0103315 0.005071428 0.0007426092 0.0099315 0.005071428 0.006764809 0.0120545 0.005071428 0.004816409 0.0142291 0.005071428 0.002001109 0.0108972 0.005071428 0.0006627092 0.0105386 0.005071428 0.0007426092 0.0107315 0.005071428 -0.01412379 0.0191807 0.005071428 0.0008697092 0.0108972 0.005071428 0.001035409 0.0110244 0.005071428 -0.002607491 0.0187598 0.005071428 7.970925e-05 0.0176178 0.005071428 0.004816409 -0.01456707 0.005071428 0.006764809 -0.01239247 0.005071428 0.002128309 -0.01106954 0.005071428 0.001835409 -0.0099767 0.005071428 0.002001109 -0.0101039 0.005071428 0.009615209 -0.0073136 0.005071428 -0.01916563 0.0110244 0.005071428 -0.01899999 0.0108972 0.005071428 -0.01935857 0.0111043 0.005071428 -0.0194839 0.0169029 0.005071428 -0.01688719 0.0182379 0.005071428 -0.005432391 0.0194983 0.005071428 -0.008334691 0.0198177 0.005071428 -0.01125249 0.019711 0.005071428 0.001228409 0.0111043 0.005071428 0.001435409 0.0111315 0.005071428 0.002572109 0.0160968 0.005071428 0.001642509 0.0111043 0.005071428 0.001835409 0.0110244 0.005071428 0.0007426092 -0.01106954 0.005071428 -0.01412379 -0.01951867 0.005071428 -0.01125249 -0.02004902 0.005071428 -0.01887279 -0.01106954 0.005071428 -0.01899999 -0.01123522 0.005071428 0.0006627092 -0.01087659 0.005071428 0.002128309 -0.01026954 0.005071428 0.002208209 -0.01046248 0.005071428 0.008375909 -0.0099574 0.005071428 0.002235409 -0.01066954 0.005071428 0.002208209 -0.01087659 0.005071428 -0.01887279 0.0107315 0.005071428 -0.01879289 0.0105386 0.005071428 0.0006354092 0.0103315 0.005071428 0.0006627092 0.0101245 0.005071428 0.0008697092 -0.01123522 0.005071428 -0.01688719 -0.01857592 0.005071428 -0.0194839 -0.01724086 0.005071428 -0.01916563 -0.01136236 0.005071428 -0.01935857 -0.01144228 0.005071428 -0.01956563 -0.01146954 0.005071428 -0.02185855 -0.01554194 0.005071428 -0.01996563 -0.0099767 0.005071428 -0.01977268 -0.0098968 0.005071428 -0.02885196 -0.003081 0.005071428 -0.02185855 0.0152039 0.005071428 -0.02396053 0.0131774 0.005071428 -0.02013131 0.0108972 0.005071428 7.970925e-05 -0.01795584 0.005071428 0.001228409 -0.01144228 0.005071428 -0.002607491 -0.0190978 0.005071428 0.001035409 -0.01136236 0.005071428 -0.005432391 -0.01983631 0.005071428 -0.008334691 -0.02015566 0.005071428 -0.02574505 -0.01120436 0.005071428 -0.02396053 -0.01351538 0.005071428 -0.02025845 -0.01106954 0.005071428 0.002128309 0.0107315 0.005071428 0.002208209 0.0105386 0.005071428 0.008375909 0.0096194 0.005071428 0.002235409 0.0103315 0.005071428 0.009615209 0.0069756 0.005071428 0.002208209 0.0101245 0.005071428 0.01045641 0.0041796 0.005071428 0.002128309 0.0099315 0.005071428 0.01088151 0.0012909 0.005071428 0.002001109 0.0097658 0.005071428 0.01088151 -0.0016289 0.005071428 0.001835409 0.0096387 0.005071428 0.01045641 -0.0045176 0.005071428 -0.01879289 0.0101245 0.005071428 0.001435409 0.0095315 0.005071428 0.001228409 0.0095588 0.005071428 0.002001109 -0.01123522 0.005071428 0.001835409 -0.01136236 0.005071428 0.002572109 -0.01643479 0.005071428 0.001642509 -0.01144228 0.005071428 0.001435409 -0.01146954 0.005071428 -0.01977268 -0.01144228 0.005071428 -0.01996563 -0.01136236 0.005071428 -0.02013131 -0.01123522 0.005071428 -0.01899999 -0.0101039 0.005071428 -0.01887279 -0.01026954 0.005071428 0.0006627092 -0.01046248 0.005071428 -0.01879289 -0.01046248 0.005071428 0.0006354092 -0.01066954 0.005071428 -0.01876559 -0.01066954 0.005071428 -0.01879289 -0.01087659 0.005071428 -0.01996563 0.0110244 0.005071428 -0.01977268 0.0111043 0.005071428 -0.01956563 0.0111315 0.005071428 -0.02033837 -0.01087659 0.005071428 -0.02036563 -0.01066954 0.005071428 -0.02717405 -0.0086581 0.005071428 -0.02033837 -0.01046248 0.005071428 -0.0282171 -0.005931 0.005071428 -0.02025845 -0.01026954 0.005071428 -0.02013131 -0.0101039 0.005071428 -0.01956563 -0.0098695 0.005071428 -0.01935857 -0.0098968 0.005071428 -0.01916563 -0.0099767 0.005071428 -0.01887279 0.0099315 0.005071428 0.001642509 0.0095588 0.005071428 -0.01956563 0.0095315 0.005071428 -0.01935857 0.0095588 0.005071428 -0.01916563 0.0096387 0.005071428 0.0007426092 -0.01026954 0.005071428 -0.01899999 0.0097658 0.005071428 0.0008697092 -0.0101039 0.005071428 0.001035409 -0.0099767 0.005071428 -0.01977268 0.0095588 0.005071428 -0.01996563 0.0096387 0.005071428 -0.02906509 -0.0001689996 0.005071428 -0.02013131 0.0097658 0.005071428 -0.02885196 0.002743 0.005071428 -0.0282171 0.005593 0.005071428 -0.02025845 0.0099315 0.005071428 -0.02717405 0.0083201 0.005071428 -0.02033837 0.0101245 0.005071428 -0.02574505 0.0108664 0.005071428 0.001228409 -0.0098968 0.005071428 0.001435409 -0.0098695 0.005071428 0.001642509 -0.0098968 0.005071428 -0.02036563 0.0103315 0.005071428 -0.02033837 0.0105386 0.005071428 -0.02025845 0.0107315 0.005071428 -0.01876559 0.0103315 -0.0009285724 -0.01876559 0.0103315 0.005071428 -0.01879289 0.0105386 -0.0009285724 -0.01879289 0.0105386 0.005071428 -0.01887279 0.0107315 -0.0009285724 -0.01887279 0.0107315 0.005071428 -0.01899999 0.0108972 -0.0009285724 -0.01899999 0.0108972 0.005071428 -0.01916563 0.0110244 -0.0009285724 -0.01916563 0.0110244 0.005071428 -0.01935857 0.0111043 -0.0009285724 -0.01935857 0.0111043 0.005071428 -0.01956563 0.0111315 -0.0009285724 -0.01956563 0.0111315 0.005071428 -0.01977268 0.0111043 -0.0009285724 -0.01977268 0.0111043 0.005071428 -0.01996563 0.0110244 -0.0009285724 -0.01996563 0.0110244 0.005071428 -0.02013131 0.0108972 -0.0009285724 -0.02013131 0.0108972 0.005071428 -0.02025845 0.0107315 -0.0009285724 -0.02025845 0.0107315 0.005071428 -0.02033837 0.0105386 -0.0009285724 -0.02033837 0.0105386 0.005071428 -0.02036563 0.0103315 -0.0009285724 -0.02036563 0.0103315 0.005071428 -0.02033837 0.0101245 -0.0009285724 -0.02033837 0.0101245 0.005071428 -0.02025845 0.0099315 -0.0009285724 -0.02025845 0.0099315 0.005071428 -0.02013131 0.0097658 -0.0009285724 -0.02013131 0.0097658 0.005071428 -0.01996563 0.0096387 -0.0009285724 -0.01996563 0.0096387 0.005071428 -0.01977268 0.0095588 -0.0009285724 -0.01977268 0.0095588 0.005071428 -0.01956563 0.0095315 -0.0009285724 -0.01956563 0.0095315 0.005071428 -0.01935857 0.0095588 -0.0009285724 -0.01935857 0.0095588 0.005071428 -0.01916563 0.0096387 -0.0009285724 -0.01916563 0.0096387 0.005071428 -0.01899999 0.0097658 -0.0009285724 -0.01899999 0.0097658 0.005071428 -0.01887279 0.0099315 -0.0009285724 -0.01887279 0.0099315 0.005071428 -0.01879289 0.0101245 -0.0009285724 -0.01879289 0.0101245 0.005071428 0.002235409 0.0103315 -0.0009285724 0.002235409 0.0103315 0.005071428 0.002208209 0.0105386 -0.0009285724 0.002208209 0.0105386 0.005071428 0.002128309 0.0107315 -0.0009285724 0.002128309 0.0107315 0.005071428 0.002001109 0.0108972 -0.0009285724 0.002001109 0.0108972 0.005071428 0.001835409 0.0110244 -0.0009285724 0.001835409 0.0110244 0.005071428 0.001642509 0.0111043 -0.0009285724 0.001642509 0.0111043 0.005071428 0.001435409 0.0111315 -0.0009285724 0.001435409 0.0111315 0.005071428 0.001228409 0.0111043 -0.0009285724 0.001228409 0.0111043 0.005071428 0.001035409 0.0110244 -0.0009285724 0.001035409 0.0110244 0.005071428 0.0008697092 0.0108972 -0.0009285724 0.0008697092 0.0108972 0.005071428 0.0007426092 0.0107315 -0.0009285724 0.0007426092 0.0107315 0.005071428 0.0006627092 0.0105386 -0.0009285724 0.0006627092 0.0105386 0.005071428 0.0006354092 0.0103315 -0.0009285724 0.0006354092 0.0103315 0.005071428 0.0006627092 0.0101245 -0.0009285724 0.0006627092 0.0101245 0.005071428 0.0007426092 0.0099315 -0.0009285724 0.0007426092 0.0099315 0.005071428 0.0008697092 0.0097658 -0.0009285724 0.0008697092 0.0097658 0.005071428 0.001035409 0.0096387 -0.0009285724 0.001035409 0.0096387 0.005071428 0.001228409 0.0095588 -0.0009285724 0.001228409 0.0095588 0.005071428 0.001435409 0.0095315 -0.0009285724 0.001435409 0.0095315 0.005071428 0.001642509 0.0095588 -0.0009285724 0.001642509 0.0095588 0.005071428 0.001835409 0.0096387 -0.0009285724 0.001835409 0.0096387 0.005071428 0.002001109 0.0097658 -0.0009285724 0.002001109 0.0097658 0.005071428 0.002128309 0.0099315 -0.0009285724 0.002128309 0.0099315 0.005071428 0.002208209 0.0101245 -0.0009285724 0.002208209 0.0101245 0.005071428 0.002235409 -0.01066954 -0.0009285724 0.002235409 -0.01066954 0.005071428 0.002208209 -0.01046248 -0.0009285724 0.002208209 -0.01046248 0.005071428 0.002128309 -0.01026954 -0.0009285724 0.002128309 -0.01026954 0.005071428 0.002001109 -0.0101039 -0.0009285724 0.002001109 -0.0101039 0.005071428 0.001835409 -0.0099767 -0.0009285724 0.001835409 -0.0099767 0.005071428 0.001642509 -0.0098968 -0.0009285724 0.001642509 -0.0098968 0.005071428 0.001435409 -0.0098695 -0.0009285724 0.001435409 -0.0098695 0.005071428 0.001228409 -0.0098968 -0.0009285724 0.001228409 -0.0098968 0.005071428 0.001035409 -0.0099767 -0.0009285724 0.001035409 -0.0099767 0.005071428 0.0008697092 -0.0101039 -0.0009285724 0.0008697092 -0.0101039 0.005071428 0.0007426092 -0.01026954 -0.0009285724 0.0007426092 -0.01026954 0.005071428 0.0006627092 -0.01046248 -0.0009285724 0.0006627092 -0.01046248 0.005071428 0.0006354092 -0.01066954 -0.0009285724 0.0006354092 -0.01066954 0.005071428 0.0006627092 -0.01087659 -0.0009285724 0.0006627092 -0.01087659 0.005071428 0.0007426092 -0.01106954 -0.0009285724 0.0007426092 -0.01106954 0.005071428 0.0008697092 -0.01123522 -0.0009285724 0.0008697092 -0.01123522 0.005071428 0.001035409 -0.01136236 -0.0009285724 0.001035409 -0.01136236 0.005071428 0.001228409 -0.01144228 -0.0009285724 0.001228409 -0.01144228 0.005071428 0.001435409 -0.01146954 -0.0009285724 0.001435409 -0.01146954 0.005071428 0.001642509 -0.01144228 -0.0009285724 0.001642509 -0.01144228 0.005071428 0.001835409 -0.01136236 -0.0009285724 0.001835409 -0.01136236 0.005071428 0.002001109 -0.01123522 -0.0009285724 0.002001109 -0.01123522 0.005071428 0.002128309 -0.01106954 -0.0009285724 0.002128309 -0.01106954 0.005071428 0.002208209 -0.01087659 -0.0009285724 0.002208209 -0.01087659 0.005071428 -0.01876559 -0.01066954 -0.0009285724 -0.01876559 -0.01066954 0.005071428 -0.01879289 -0.01046248 -0.0009285724 -0.01879289 -0.01046248 0.005071428 -0.01887279 -0.01026954 -0.0009285724 -0.01887279 -0.01026954 0.005071428 -0.01899999 -0.0101039 -0.0009285724 -0.01899999 -0.0101039 0.005071428 -0.01916563 -0.0099767 -0.0009285724 -0.01916563 -0.0099767 0.005071428 -0.01935857 -0.0098968 -0.0009285724 -0.01935857 -0.0098968 0.005071428 -0.01956563 -0.0098695 -0.0009285724 -0.01956563 -0.0098695 0.005071428 -0.01977268 -0.0098968 -0.0009285724 -0.01977268 -0.0098968 0.005071428 -0.01996563 -0.0099767 -0.0009285724 -0.01996563 -0.0099767 0.005071428 -0.02013131 -0.0101039 -0.0009285724 -0.02013131 -0.0101039 0.005071428 -0.02025845 -0.01026954 -0.0009285724 -0.02025845 -0.01026954 0.005071428 -0.02033837 -0.01046248 -0.0009285724 -0.02033837 -0.01046248 0.005071428 -0.02036563 -0.01066954 -0.0009285724 -0.02036563 -0.01066954 0.005071428 -0.02033837 -0.01087659 -0.0009285724 -0.02033837 -0.01087659 0.005071428 -0.02025845 -0.01106954 -0.0009285724 -0.02025845 -0.01106954 0.005071428 -0.02013131 -0.01123522 -0.0009285724 -0.02013131 -0.01123522 0.005071428 -0.01996563 -0.01136236 -0.0009285724 -0.01996563 -0.01136236 0.005071428 -0.01977268 -0.01144228 -0.0009285724 -0.01977268 -0.01144228 0.005071428 -0.01956563 -0.01146954 -0.0009285724 -0.01956563 -0.01146954 0.005071428 -0.01935857 -0.01144228 -0.0009285724 -0.01935857 -0.01144228 0.005071428 -0.01916563 -0.01136236 -0.0009285724 -0.01916563 -0.01136236 0.005071428 -0.01899999 -0.01123522 -0.0009285724 -0.01899999 -0.01123522 0.005071428 -0.01887279 -0.01106954 -0.0009285724 -0.01887279 -0.01106954 0.005071428 -0.01879289 -0.01087659 -0.0009285724 -0.01879289 -0.01087659 0.005071428 -0.01887279 0.0099315 -0.0009285724 -0.01879289 0.0101245 -0.0009285724 -0.01956563 0.0103315 -0.0009285724 -0.01876559 0.0103315 -0.0009285724 -0.01879289 0.0105386 -0.0009285724 -0.01935857 0.0095588 -0.0009285724 -0.01916563 0.0096387 -0.0009285724 -0.01899999 0.0097658 -0.0009285724 -0.01996563 0.0096387 -0.0009285724 -0.01977268 0.0095588 -0.0009285724 -0.01956563 0.0095315 -0.0009285724 -0.02033837 0.0101245 -0.0009285724 -0.02025845 0.0099315 -0.0009285724 -0.02013131 0.0097658 -0.0009285724 -0.02025845 0.0107315 -0.0009285724 -0.02033837 0.0105386 -0.0009285724 -0.02036563 0.0103315 -0.0009285724 -0.01977268 0.0111043 -0.0009285724 -0.01996563 0.0110244 -0.0009285724 -0.02013131 0.0108972 -0.0009285724 -0.01916563 0.0110244 -0.0009285724 -0.01935857 0.0111043 -0.0009285724 -0.01956563 0.0111315 -0.0009285724 -0.01887279 0.0107315 -0.0009285724 -0.01899999 0.0108972 -0.0009285724 0.002128309 0.0099315 -0.0009285724 0.002208209 0.0101245 -0.0009285724 0.001435409 0.0103315 -0.0009285724 0.002235409 0.0103315 -0.0009285724 0.002208209 0.0105386 -0.0009285724 0.001642509 0.0095588 -0.0009285724 0.001835409 0.0096387 -0.0009285724 0.002001109 0.0097658 -0.0009285724 0.001035409 0.0096387 -0.0009285724 0.001228409 0.0095588 -0.0009285724 0.001435409 0.0095315 -0.0009285724 0.0006627092 0.0101245 -0.0009285724 0.0007426092 0.0099315 -0.0009285724 0.0008697092 0.0097658 -0.0009285724 0.0007426092 0.0107315 -0.0009285724 0.0006627092 0.0105386 -0.0009285724 0.0006354092 0.0103315 -0.0009285724 0.001228409 0.0111043 -0.0009285724 0.001035409 0.0110244 -0.0009285724 0.0008697092 0.0108972 -0.0009285724 0.001835409 0.0110244 -0.0009285724 0.001642509 0.0111043 -0.0009285724 0.001435409 0.0111315 -0.0009285724 0.002128309 0.0107315 -0.0009285724 0.002001109 0.0108972 -0.0009285724 0.002128309 -0.01106954 -0.0009285724 0.002208209 -0.01087659 -0.0009285724 0.001435409 -0.01066954 -0.0009285724 0.002235409 -0.01066954 -0.0009285724 0.002208209 -0.01046248 -0.0009285724 0.001642509 -0.01144228 -0.0009285724 0.001835409 -0.01136236 -0.0009285724 0.002001109 -0.01123522 -0.0009285724 0.001035409 -0.01136236 -0.0009285724 0.001228409 -0.01144228 -0.0009285724 0.001435409 -0.01146954 -0.0009285724 0.0006627092 -0.01087659 -0.0009285724 0.0007426092 -0.01106954 -0.0009285724 0.0008697092 -0.01123522 -0.0009285724 0.0007426092 -0.01026954 -0.0009285724 0.0006627092 -0.01046248 -0.0009285724 0.0006354092 -0.01066954 -0.0009285724 0.001228409 -0.0098968 -0.0009285724 0.001035409 -0.0099767 -0.0009285724 0.0008697092 -0.0101039 -0.0009285724 0.001835409 -0.0099767 -0.0009285724 0.001642509 -0.0098968 -0.0009285724 0.001435409 -0.0098695 -0.0009285724 0.002128309 -0.01026954 -0.0009285724 0.002001109 -0.0101039 -0.0009285724 -0.01887279 -0.01106954 -0.0009285724 -0.01879289 -0.01087659 -0.0009285724 -0.01956563 -0.01066954 -0.0009285724 -0.01876559 -0.01066954 -0.0009285724 -0.01879289 -0.01046248 -0.0009285724 -0.01935857 -0.01144228 -0.0009285724 -0.01916563 -0.01136236 -0.0009285724 -0.01899999 -0.01123522 -0.0009285724 -0.01996563 -0.01136236 -0.0009285724 -0.01977268 -0.01144228 -0.0009285724 -0.01956563 -0.01146954 -0.0009285724 -0.02033837 -0.01087659 -0.0009285724 -0.02025845 -0.01106954 -0.0009285724 -0.02013131 -0.01123522 -0.0009285724 -0.02025845 -0.01026954 -0.0009285724 -0.02033837 -0.01046248 -0.0009285724 -0.02036563 -0.01066954 -0.0009285724 -0.01977268 -0.0098968 -0.0009285724 -0.01996563 -0.0099767 -0.0009285724 -0.02013131 -0.0101039 -0.0009285724 -0.01916563 -0.0099767 -0.0009285724 -0.01935857 -0.0098968 -0.0009285724 -0.01956563 -0.0098695 -0.0009285724 -0.01887279 -0.01026954 -0.0009285724 -0.01899999 -0.0101039 -0.0009285724</float_array>
          <technique_common>
            <accessor count="3688" source="#verts-array-array" stride="3">
              <param type="float" name="X"/>
              <param type="float" name="Y"/>
              <param type="float" name="Z"/>
            </accessor>
          </technique_common>
        </source>
        <source id="normals-array">
          <float_array count="11064" id="normals-array-array">-0.9992273 0.03862103 -0.007298268 -0.9999943 -3.661087e-15 -0.003371635 -0.9992273 -0.03861921 -0.007299693 -0.9992485 0.03546876 -0.01563167 -0.9992276 0.007295915 -0.03861363 -0.9992482 0.01563508 -0.03547521 -1 7.171137e-15 1.75669e-15 -0.9992487 0.02382208 -0.03056969 -0.9992486 -0.02382372 -0.03057087 -0.999249 0.03056501 -0.02381676 -0.999249 -0.03056593 -0.02381494 -0.9992486 -0.03546652 -0.01563015 -0.9989792 0.04328134 -0.01293474 -0.999249 -0.03056593 -0.02381494 -0.9991135 0.04209679 -7.945655e-06 -0.9992486 -0.02382372 -0.03057087 -0.9992482 -0.0156344 -0.0354769 -0.9992482 -0.0156344 -0.0354769 -0.9992276 -0.007295633 -0.03861353 -0.9991603 -0.001679218 -0.04093759 -0.9992856 0.02329504 -0.02975835 -0.9992393 0.03130749 -0.02325072 -0.9992486 -0.03546652 -0.01563015 -0.9992397 0.03578052 -0.01548322 -0.9992273 -0.03861921 -0.007299693 -0.9992264 0.03861657 -0.007442306 -0.999994 -6.308856e-05 -0.003460749 -0.9992276 -0.007295633 -0.03861353 -0.9991603 -0.001679218 -0.04093759 -0.9991603 0.001679008 -0.04093779 -0.9979632 -0.0637459 0.002437624 -1 -2.22831e-14 6.562224e-14 -0.9982362 -0.04197881 -0.04197856 -1 1.987922e-14 -6.686578e-14 -1 4.706872e-14 -1.561599e-13 -1 -2.551765e-15 1.154889e-14 -1 -2.253675e-14 1.004237e-13 -1 1.29609e-16 5.80494e-15 -1 2.217402e-14 9.03244e-14 -1 -2.516205e-16 -9.278338e-16 -0.9999659 -4.804711e-05 0.008254611 -1 -4.044436e-14 1.510147e-13 -1 -1.345257e-15 4.968483e-15 -1 -4.395256e-15 -1.627092e-14 -1 8.630155e-15 2.180466e-14 -1 4.333772e-15 1.159287e-14 -1 -4.022345e-15 -7.063238e-15 -1 8.214108e-15 1.40017e-14 -1 1.451155e-14 2.454497e-14 -1 -5.465247e-15 -1.836543e-15 -1 -1.831788e-14 -1.819576e-14 -1 0 0 -1 -4.010155e-15 -2.477073e-15 -1 -3.185731e-15 -3.685696e-15 -0.02266819 -0.0338728 0.999169 -0.02586742 -0.03149669 0.9991691 0 0 1 -0.03603158 -0.01949094 0.9991606 -0.03772118 -0.009806662 0.9992402 0 0 1 0 0 1 -0.009806662 -0.03772118 0.9992402 -0.01828787 -0.0357846 0.9991922 0 0 1 0 0 1 0 0 1 0 0 1 0 0 1 0 0 1 0 0 1 0 0 1 0 0 1 -0.02882015 -0.0288201 0.9991691 0 0 1 -0.03149665 -0.02586749 0.9991691 0 0 1 0 0 1 0 0 1 0 0 1 0 0 1 0 0 1 0 0 1 0 0 1 0 0 1 0 0 1 -0.03387286 -0.02266817 0.999169 0 0 1 0 0 1 0 0 1 0 0 1 0 0 1 0 0 1 0 0 1 0 0 1 0.9990512 0.01100497 -0.04213667 0.9993101 -0.03696995 -0.003548559 0.997106 0.07580941 -0.005702489 -0.988073 0.1464001 -0.04773613 -0.9801427 0.1981764 -0.006807591 -0.9973059 0.05532178 -0.04817071 -0.9992775 0.0379036 -0.002799219 -0.9990923 -0.01053224 -0.04127543 -0.9691677 0.2452587 -0.02371106 -0.9468023 0.3185284 -0.04588167 -0.9259116 0.3775996 -0.0103029 -0.911132 0.4120893 -0.004568745 -0.8796737 0.4734009 -0.04544982 -0.8447545 0.5349923 -0.01315426 -0.8282945 0.5597703 0.02419633 -0.791596 0.6093944 -0.04488082 -0.7487758 0.6627813 -0.00746563 -0.5658742 0.8231774 -0.04653373 -0.5352673 0.8446338 -0.009095917 -0.6277823 0.7769552 -0.04722324 -0.6603535 0.7509281 -0.006348612 -0.6782677 0.7335407 -0.04325483 -0.7353446 0.677667 0.005970106 -0.5051082 0.8621641 -0.03922745 -0.4435792 0.8949198 -0.04853902 -0.3910425 0.9202514 -0.01493381 -0.3662904 0.9302096 0.02326849 -0.3156363 0.9476861 -0.04758942 -0.2435449 0.9697505 -0.01642939 -0.2457345 0.9692551 0.0126124 -0.1781924 0.98272 -0.05008776 -0.09678486 0.995214 -0.01348416 -0.1161766 0.9932274 0.001541266 -0.04386971 0.9978563 -0.04856108 0.04963468 0.9987406 -0.007326294 0.01750619 0.9993877 -0.0302952 0.07647398 0.9957336 -0.05163739 0.1920937 0.9813302 -0.009536817 0.1150005 0.9914857 -0.06108185 0.1696862 0.9844024 -0.04645952 0.213837 0.9757913 -0.0458819 0.2945418 0.9543472 -0.04966505 0.3329884 0.9428695 -0.0107642 0.340825 0.9400562 -0.01152006 0.419938 0.9063498 -0.04671365 0.4710673 0.881994 -0.01349903 0.4735939 0.8802927 -0.02817016 0.5460423 0.8363556 -0.04844751 0.6028525 0.7977175 -0.01468406 0.6025064 0.797068 -0.04084998 0.667225 0.7432403 -0.04903733 0.7003405 0.7137682 -0.007630571 0.7109855 0.7018668 -0.04338973 0.739541 0.6716294 -0.04464391 0.7514428 0.6597494 -0.008024567 0.7802116 0.6234964 -0.05021954 0.8379597 0.5456397 -0.01004033 0.8422084 0.5369068 -0.04915325 0.8983612 0.4372667 -0.04177281 0.9191703 0.3938034 -0.006695465 0.9257701 0.3780852 -0.001141763 0.9587411 0.2803244 -0.04726204 0.9738175 0.2270577 -0.01114915 0.9772566 0.2099866 -0.02958199 0.9872482 0.1524274 -0.04590077 0.9976387 0.0684553 0.005565593 -0.806294 -0.119865 -0.5792429 -0.8681994 -0.1290343 -0.479145 -0.8137384 -0.1829338 -0.5516928 0.9768377 0.1485422 -0.1540239 0.9688339 -0.172278 -0.1779923 0.988323 -0.1445822 -0.04810085 0.9975374 -0.05212458 -0.04692783 0.5452243 0.04377217 -0.8371466 0.3654547 0.02955996 -0.9303596 0.3675752 -0.003823672 -0.929986 0.5435111 -0.05317449 -0.837716 0.6496786 -0.05275 -0.7583767 0.7017652 -0.01435957 -0.7122636 0.1432088 -0.1131085 -0.9832079 0.0349714 -0.02774242 -0.9990032 0.03273429 -0.03027166 -0.9990056 0.01213518 -0.04249289 -0.9990231 0.01061145 -0.04371055 -0.9989879 0.04414755 -0.1772736 -0.9831709 0.03246179 -0.5457453 -0.8373221 0.04193735 -0.7048119 -0.7081536 0.08559343 -0.7007992 -0.708205 -0.001289973 -0.5467388 -0.8373022 -0.001642606 -0.7061758 -0.7080347 -0.5330961 -0.1204409 -0.837438 -0.6878171 -0.1578413 -0.7085151 -0.6658399 -0.2322466 -0.7090266 -0.698517 -0.1038021 -0.7080248 -0.5713901 -0.08493324 -0.8162718 -0.4720652 -0.06343195 -0.8792786 -0.3715649 -0.05451278 -0.9268052 -0.2242938 -0.03961284 -0.9737161 -0.3613524 -0.07923725 -0.9290565 -0.5148497 -0.1796007 -0.8382561 -0.6386261 -0.3005076 -0.708415 -0.4941903 -0.2325406 -0.8376758 -0.6108106 -0.3534776 -0.7084942 -0.472756 -0.2735813 -0.8376485 -0.579132 -0.4033179 -0.7084778 -0.4481814 -0.3121032 -0.8376903 -0.5443889 -0.4492534 -0.708387 -0.4213016 -0.3476986 -0.837622 -0.5070404 -0.4910962 -0.7083322 -0.3924201 -0.3800759 -0.8375851 -0.4592074 -0.5355193 -0.7087649 -0.3552456 -0.4142245 -0.8379849 -0.401237 -0.580334 -0.7086757 -0.3104047 -0.4489959 -0.8378852 -0.3510306 -0.6125859 -0.708178 -0.2717424 -0.4742619 -0.8373958 -0.1740477 -0.04063657 -0.9838984 -0.3461258 -0.12078 -0.9303812 -0.1705691 -0.05985668 -0.983526 -0.3326145 -0.1565241 -0.9299827 -0.1648796 -0.07758962 -0.9832571 -0.3182393 -0.184156 -0.9299518 -0.157743 -0.09122903 -0.983257 -0.3017675 -0.2101506 -0.9299318 -0.1495756 -0.1041712 -0.9832474 -0.2836175 -0.2340507 -0.9299362 -0.1408301 -0.1158657 -0.9832304 -0.2641781 -0.2558643 -0.9299158 -0.130933 -0.1268852 -0.9832379 -0.2389776 -0.2786289 -0.9301912 -0.1186275 -0.1374256 -0.9833828 -0.2088163 -0.3020824 -0.9301301 -0.1032051 -0.1494723 -0.983365 -0.1830302 -0.3194211 -0.9297689 -0.092568 -0.1623447 -0.9823825 -0.04630796 -0.3653105 -0.9297332 -0.03471027 -0.179533 -0.9831394 -0.06918112 -0.3616767 -0.9297333 -0.04547203 -0.1798526 -0.982642 -0.0922699 -0.3564671 -0.9297406 -0.05769434 -0.1736478 -0.9831164 -0.1154596 -0.3495925 -0.9297603 -0.06921965 -0.1738318 -0.9823396 -0.1384546 -0.3410926 -0.9297775 -0.07994459 -0.1643051 -0.9831646 -0.1610498 -0.3309663 -0.929798 -0.03497658 -0.5456315 -0.837295 -0.0451802 -0.7047497 -0.708016 -0.06875056 -0.542386 -0.8373116 -0.08879332 -0.7004651 -0.7081415 -0.1027094 -0.5370354 -0.8372835 -0.132664 -0.6935304 -0.7081072 -0.1369742 -0.5290824 -0.8374425 -0.176952 -0.6834853 -0.708192 -0.1714062 -0.5190141 -0.8374033 -0.221388 -0.6703621 -0.7082386 -0.2055712 -0.506403 -0.8374345 -0.2655524 -0.6542194 -0.7081517 -0.2391282 -0.4914733 -0.8374196 -0.3089249 -0.6349664 -0.7080841 0.02188053 -0.3676435 -0.9297094 0.0108858 -0.1825513 -0.9831361 -0.0005053184 -0.1827894 -0.983152 0.04466016 -0.3655965 -0.9297014 0.06628912 -0.5426693 -0.8373266 0.1044498 -0.5340038 -0.8390054 0.02172466 -0.1829587 -0.9828805 0.2962174 -0.6396813 -0.7092694 0.163842 -0.5161486 -0.8406821 0.2133812 -0.6719853 -0.7091574 0.1395023 -0.6916986 -0.7085846 0.1113513 -0.3510992 -0.9296936 0.08447063 -0.3375048 -0.9375261 0.03453517 -0.1840988 -0.9823008 0.06724405 -0.3620791 -0.9297188 0.5531919 -0.4364895 -0.709546 0.3793957 -0.3894542 -0.8392761 0.495404 -0.5023391 -0.7086821 0.3512955 -0.4188673 -0.837342 0.4537342 -0.5410305 -0.708104 0.3228067 -0.4408939 -0.8375013 0.4017276 -0.5487202 -0.7331583 0.2841496 -0.4660869 -0.8378676 0.3672264 -0.6023755 -0.7087232 0.2312916 -0.4916323 -0.8395248 0.0554997 -0.1739564 -0.9831882 0.1258353 -0.3246742 -0.9374178 0.06606979 -0.1704556 -0.9831478 0.1596409 -0.3309635 -0.9300419 0.07875457 -0.1637012 -0.9833614 0.191198 -0.3135961 -0.930108 0.09467184 -0.1551728 -0.9833405 0.2174508 -0.2969744 -0.9297964 0.1120344 -0.1507541 -0.9822024 0.2366685 -0.2821777 -0.9297117 0.117358 -0.1405381 -0.9830952 0.2537941 -0.2669816 -0.9296824 0.1270486 -0.1328029 -0.9829659 0.1344181 -0.1236687 -0.9831774 0.2457162 -0.2184218 -0.9444128 0.2844797 -0.229411 -0.9308286 0.4233763 -0.3389797 -0.840146 0.6070078 -0.359069 -0.7089506 0.4693433 -0.2731204 -0.8397155 0.2890425 -0.1947883 -0.9372897 0.5370046 -0.09962404 -0.837676 0.3614873 -0.06706043 -0.9299623 0.3544843 -0.09751047 -0.9299638 0.177652 -0.04780858 -0.9829314 0.1712254 -0.06351938 -0.9831821 0.3682359 0.06201292 -0.927662 0.4716769 0.07620904 -0.878472 0.5693346 0.09452036 -0.8166542 0.6962384 0.1155956 -0.7084418 0.18124 0.01338053 -0.9833479 0.1821415 -0.001892931 -0.9832705 0.1812706 -0.01773327 -0.9832734 0.2223817 0.03953595 -0.9741577 0.05949972 0.009869355 -0.9981795 0.04363821 0.005209531 -0.9990338 0.803888 0.1334526 -0.5796159 0.7035841 0.05440604 -0.7085262 0.5460788 -0.005677531 -0.8377145 0.3658966 -0.03579198 -0.929967 0.1792572 -0.03351175 -0.9832313 -0.9618687 -0.2092957 -0.176079 -0.9530621 -0.1209491 -0.2775678 -0.9792985 -0.132409 -0.1531089 -0.9231239 -0.3839556 -0.02050071 -0.8850472 -0.4265924 -0.1863072 -0.9423387 -0.3315963 -0.045184 -0.927097 -0.3271355 -0.1829575 -0.9673696 -0.2528425 -0.01633 -0.9804155 -0.1912129 -0.04715037 -0.9888105 -0.1409339 -0.04890218 -0.8920621 -0.4494252 -0.04735264 -0.8433646 -0.537305 -0.006282865 -0.8446687 -0.471917 -0.2526442 -0.8090631 -0.5857214 -0.04844889 -0.8064377 -0.5616153 -0.1850579 -0.7511824 -0.6171328 -0.2342481 -0.7459272 -0.6645013 -0.04506255 -0.7024149 -0.6869004 -0.1864972 -0.6044116 -0.7049092 -0.3712003 -0.6002855 -0.5814177 -0.549191 -0.6670915 -0.6461016 -0.3708661 -0.6444969 -0.5318405 -0.5493355 -0.7162842 -0.5910977 -0.3708645 -0.6857088 -0.4775534 -0.5493142 -0.7620822 -0.5307558 -0.370849 -0.7232135 -0.4185566 -0.5493383 -0.8037601 -0.4651583 -0.3709412 -0.7560544 -0.3557606 -0.5493779 -0.8402757 -0.3953969 -0.370942 -0.7886472 -0.2750606 -0.5498885 -0.8767177 -0.3058 -0.3712847 -0.906707 -0.2050448 -0.3685634 -0.9181787 -0.1335575 -0.3729749 -0.5445764 -0.8181185 -0.1847122 -0.6449125 -0.7425546 -0.1808327 -0.7113306 -0.7012054 -0.04816441 -0.6622549 -0.7476222 -0.04979416 -0.6074668 -0.7943177 0.006595185 -0.5423094 -0.8389207 -0.04596292 -0.4265511 -0.8849463 -0.1868801 -0.4951856 -0.8684721 0.02339739 -0.419639 -0.906392 -0.04854642 -0.3502712 -0.9358142 -0.03951931 -0.3753272 -0.8903748 -0.2576088 -0.3051084 -0.934786 -0.1818899 -0.2939309 -0.9543987 -0.0522283 -0.2439342 -0.9389361 -0.242683 -0.2159688 -0.9751917 -0.04856512 -0.1833775 -0.9658265 -0.1831717 -0.1167533 -0.9214376 -0.3705691 -0.1570479 -0.8208434 -0.5491376 -0.174538 -0.9122234 -0.3706547 -0.2094614 -0.8090815 -0.549102 -0.2327816 -0.8990885 -0.370746 -0.2620713 -0.793572 -0.5491467 -0.2912138 -0.8819385 -0.3706467 -0.3143115 -0.7744473 -0.5490353 -0.3492934 -0.8605433 -0.3707551 -0.3656402 -0.7514598 -0.5491953 -0.4063369 -0.8350846 -0.3708423 -0.4154934 -0.7251055 -0.5491697 -0.4516987 -0.7883372 -0.4177232 -0.4751178 -0.6872483 -0.5495024 -0.5280608 -0.7638092 -0.3711433 -0.5438045 -0.6341844 -0.5496243 -0.06166956 -0.9812502 -0.1826061 -0.1235869 -0.9748728 -0.1853355 -0.1735474 -0.9837469 -0.04607897 -0.1202339 -0.9909697 -0.0593539 -0.08004957 -0.9954565 -0.05155949 -0.01914545 -0.9995985 -0.02088985 0.05155805 -0.9807168 -0.1885107 0.04416336 -0.9979059 -0.04725798 0.1218207 -0.9756379 -0.1824566 0.08842518 -0.9958352 -0.02220919 0.1395315 -0.9888044 -0.05288514 0.1855986 -0.9532325 -0.2385393 0.2342626 -0.9721428 0.007704311 0.3039643 -0.9354319 -0.1804795 0.313124 -0.9485252 -0.04746887 0.4203013 -0.8896007 -0.1787664 0.3646582 -0.9310167 0.01524239 0.4411596 -0.8961066 -0.04869428 0.533819 -0.8443589 -0.0457747 0.5264728 -0.8297658 -0.1852434 0.6258266 -0.7785562 -0.04681136 0.6182775 -0.7638605 -0.1850679 0.6874685 -0.7005882 -0.1912154 0.6769781 -0.7348758 -0.04072034 0.7363523 -0.676563 0.006913167 0.7773135 -0.6030429 -0.1792287 0.792715 -0.6079627 -0.04454438 0.8610316 -0.4761723 -0.1785622 0.8715217 -0.3196315 -0.3718677 0.7218327 -0.4141487 -0.5544713 0.8084408 -0.4562239 -0.3718645 0.6554955 -0.5172349 -0.5502669 0.7288107 -0.5751022 -0.3716079 0.5866818 -0.5948572 -0.5494992 0.6520591 -0.6611482 -0.3710822 0.528684 -0.6439443 -0.5530181 0.5842172 -0.7218524 -0.3709708 0.4407501 -0.706548 -0.5536508 0.4969356 -0.7842983 -0.3713908 0.3509119 -0.757804 -0.5500853 0.3901164 -0.8425151 -0.3714533 0.2527411 -0.7959539 -0.550072 0.2809961 -0.8849158 -0.3714367 0.165204 -0.8190582 -0.5494099 0.1836085 -0.9103518 -0.3708741 0.1013021 -0.8295764 -0.5491274 0.112602 -0.9219531 -0.3705715 0.04968053 -0.8343188 -0.5490391 0.05521029 -0.9271738 -0.3705408 -0.001940222 -0.8357849 -0.5490536 -0.002110619 -0.9076674 -0.4196849 -0.05350018 -0.8340025 -0.5491608 -0.05944978 -0.9268107 -0.3707933 -0.1050832 -0.8291762 -0.5490212 0.8289378 -0.5586496 0.0277997 0.8805353 -0.4717772 -0.04564946 0.9268526 -0.3309143 -0.1773131 0.9115083 -0.4112735 0.002590784 0.9456093 -0.3131396 -0.08812887 0.9695033 -0.2442505 -0.02012521 0.9257627 -0.01999238 -0.377576 0.8347205 -0.02672235 -0.5500251 0.8153372 -0.150108 -0.5591894 0.9842289 -0.02122097 -0.1756224 0.9144499 0.1512597 -0.375369 0.8651803 0.1456746 -0.4798353 0.8330171 0.06473875 -0.5494465 0.9505848 0.1442109 -0.2749396 0.8422528 0.05049631 -0.5367125 -0.05908798 -0.01335766 -0.9981634 -0.01967936 -0.04017157 -0.998999 -0.02232269 -0.03483527 -0.9991437 -0.02518499 -0.03646055 -0.9990177 -0.02807039 -0.03363125 -0.99904 -0.03201914 -0.03110685 -0.9990031 -0.03413591 -0.02861922 -0.9990073 -0.03652551 -0.02545455 -0.9990085 -0.03849091 -0.02234184 -0.9990092 -0.04025586 -0.01894669 -0.9990098 -0.04194013 -0.01642882 -0.998985 -0.04214649 -0.01337617 -0.9990219 -0.04330005 -0.009831929 -0.9990137 -0.01746315 -0.03878088 -0.9990951 -0.01430911 -0.04218942 -0.9990072 -0.01211008 -0.0415171 -0.9990644 -0.008763053 -0.04387626 -0.9989985 -0.0008719907 -0.3682319 -0.9297336 -0.02356168 -0.3675145 -0.9297193 -0.01169971 -0.1825427 -0.9831283 -0.02267329 -0.181142 -0.9831955 -0.005114901 -0.04491239 -0.9989778 -0.006702988 -0.04412667 -0.9990035 -0.002868496 -0.04474205 -0.9989945 0.006419291 -0.04372004 -0.9990232 0.00271517 -0.0447716 -0.9989936 0.0007081278 -0.04518961 -0.9989782 -0.0007461743 -0.04523523 -0.9989761 0.01404684 -0.04284938 -0.9989828 0.01619303 -0.04177294 -0.9989959 0.01839158 -0.04129119 -0.9989779 0.02018301 -0.03976587 -0.9990052 0.02306155 -0.0378447 -0.9990175 0.02366956 -0.03525367 -0.9990981 0.02832252 -0.03442053 -0.999006 0.03007636 -0.03279734 -0.9990094 0.0369771 -0.01954254 -0.999125 0.04124737 -0.01578217 -0.9990243 0.04163514 -0.01282786 -0.9990505 0.04352681 -0.008337425 -0.9990175 0.04427407 -0.004332872 -0.99901 0.04446596 -0.000464396 -0.9990108 0.044865 0.0027352 -0.9989893 0.59621 -0.2652994 -0.7577268 0.1512981 -0.1019642 -0.9832152 0.3201141 -0.1811157 -0.9299054 0.495426 -0.2298854 -0.8376788 0.6567554 -0.2485534 -0.7119646 0.7787004 -0.2929475 -0.554804 0.9128504 -0.1688836 -0.3717291 0.6938965 -0.1286792 -0.7084838 0.6562819 -0.1805433 -0.7325969 0.526716 -0.1448607 -0.8376071 0.5127151 -0.1884162 -0.8376291 0.3452057 -0.1268406 -0.9299164 0.3336285 -0.1547896 -0.9299098 0.1726103 -0.07822908 -0.9818788 0.1587063 -0.08979206 -0.9832343 0.03875595 -0.02203267 -0.9990058 0.03698123 -0.02493649 -0.9990048 0 0 -1 0 0 -1 0 0 -1 0 0 -1 0 0 -1 0 0 -1 0 0 -1 0 0 -1 0 0 -1 0 0 -1 0 0 -1 0 0 -1 0 0 -1 0 0 -1 0 0 -1 0 0 -1 0 0 -1 0 0 -1 0 0 -1 0 0 -1 0 0 -1 0 0 -1 0 0 -1 0 0 -1 0 0 -1 0 0 -1 0 0 -1 0 0 -1 0 0 -1 0 0 -1 0 0 -1 0 0 -1 0 0 -1 0 0 -1 0 0 -1 0 0 -1 0 0 -1 0 0 -1 0 0 -1 0 0 -1 0 0 -1 0 0 -1 -0.1606246 -0.9863853 0.03526754 -0.1139992 -0.9932219 0.02267946 -0.1075489 -0.9941836 0.005671798 -0.08052013 -0.9963894 0.02692121 0.03314274 -0.9994092 0.009095556 -0.001297131 -0.9994266 0.03383551 0.02834807 -0.9991291 -0.03061744 -0.03003786 -0.9991407 0.02855693 -0.06469845 -0.9974616 0.02973896 -0.3299548 -0.9427526 0.04845073 -0.2479688 -0.9687462 0.006500108 -0.3576193 -0.93272 0.04627893 -0.3889704 -0.921125 0.01519072 -0.3856204 -0.9224043 0.0216158 -0.2699197 -0.9623569 0.03181938 -0.2283339 -0.9733022 0.02337579 -0.20498 -0.9779306 0.04043405 -0.5215087 -0.8530825 0.01669948 -0.4728189 -0.8799871 0.0454417 -0.4251745 -0.9039744 0.0453539 -0.6568657 -0.7530919 0.03714949 -0.6158548 -0.7866871 0.04296877 -0.6389711 -0.7691252 0.01274244 -0.567977 -0.8217206 0.04666309 -0.5099426 -0.8601314 -0.01151446 -0.7030673 -0.7097824 0.04365051 -0.7450809 -0.6667634 0.01676363 -0.7364613 -0.6763496 -0.01326341 -0.781139 -0.6226089 0.04668978 -0.8335481 -0.5523029 0.01261284 -0.8169667 -0.5750964 0.04277331 -0.9120394 -0.4081715 0.03975231 -0.898951 -0.4364962 0.03685319 -0.9051829 -0.424653 0.01771526 -0.8760557 -0.4799835 0.04628426 -0.8460989 -0.5316599 0.03813801 -0.9588049 -0.2833505 0.02014153 -0.948196 -0.3155608 0.03668309 -0.9578118 -0.2869281 0.01639297 -0.9340463 -0.3540115 0.04725799 -0.9197834 -0.3915662 0.02596769 -0.9896739 -0.142912 0.01103484 -0.9896842 -0.1408144 0.02639079 -0.9767403 -0.2096986 0.04477669 -0.9676569 -0.2505184 0.02967635 -0.994201 -0.1057301 0.0196366 -0.9999623 0.001698196 0.008512473 -0.9985649 -0.05141437 0.01499306 -0.9975437 0.06648858 0.02204307 -0.999153 0.03470133 0.02211564 -0.942186 0.3331303 0.03618978 -0.9583789 0.2853274 0.009911096 -0.9576346 0.2877126 0.01254432 -0.9685513 0.2467886 0.03168345 -0.9899711 0.14112 0.006504 -0.9776971 0.2076351 0.03155971 -0.9853754 0.1677046 0.03017535 -0.9922416 0.121031 0.0284259 -0.994705 0.09619861 0.03616286 -0.9076509 0.4195721 0.01135867 -0.8994251 0.4353988 0.03823961 -0.9159663 0.3983794 0.04795516 -0.9266195 0.371018 0.06100681 -0.8753329 0.4812765 0.04653302 -0.8310951 0.5560682 0.008313213 -0.8464521 0.5311464 0.03744834 -0.8150613 0.5775752 0.04562988 -0.7472875 0.6643417 0.01454067 -0.7832018 0.6196242 0.0515817 -0.6357978 0.7718053 0.00881478 -0.6990294 0.7135769 0.04653989 -0.7421426 0.6700874 0.01439596 -0.5169808 0.8558726 0.01459452 -0.5706407 0.8196013 0.05121441 -0.5241759 0.8514853 0.01457531 -0.6136915 0.7882245 0.04566062 -0.6577097 0.7523986 0.03625323 -0.4686169 0.8820574 0.04871234 -0.3908405 0.9203003 0.01705923 -0.4224166 0.9053857 0.04290586 -0.2503344 0.9680627 0.01368586 -0.306453 0.9510882 0.03895831 -0.3524157 0.9348845 0.04235715 -0.3853118 0.9223103 0.02963806 -0.3991831 0.9166832 0.01856787 -0.109585 0.9939198 0.01070648 -0.09106526 0.995595 0.02230898 -0.1261032 0.9917845 0.02148239 -0.1823818 0.9815561 0.05731068 -0.2152109 0.9754785 0.04610847 -0.2496099 0.968084 0.02254495 -0.04571235 0.9988506 0.01441894 0.03807071 0.9992218 0.01031822 -0.00218771 0.9999591 0.008779524 0.1809886 0.9834565 0.00751832 0.1809637 0.9828837 0.03452284 0.1432499 0.9889465 0.03826709 0.100351 0.9944762 0.03076855 0.06722254 0.9975917 0.01708627 0.04364512 0.9988162 0.02147639 0.02610147 0.9996581 -0.001566738 0.3704836 0.9276482 0.04701758 0.316407 0.9485842 0.0086349 0.4129889 0.9095714 0.04604412 0.4580619 0.8887784 0.0158848 0.4484729 0.8937579 0.008293829 0.3365165 0.9413925 0.02316915 0.3050756 0.9516138 0.03688024 0.2552093 0.9658741 0.04421982 0.501571 0.863855 0.04670282 0.5802944 0.8142892 0.01384149 0.5505338 0.8336263 0.04449362 0.6953622 0.7184904 0.01558894 0.6445115 0.7632757 0.04489102 0.5972929 0.801489 0.02926729 0.8021633 0.5964816 0.02727317 0.765911 0.6413633 0.04509419 0.7901319 0.6127764 0.01402628 0.7280502 0.6839432 0.04652512 0.6818595 0.731472 0.004032906 0.8362393 0.5464953 0.04524185 0.8730308 0.4874294 0.0151598 0.8631657 0.5048614 0.007736759 0.8934534 0.4467313 0.04660692 0.9330813 0.3593849 0.01420881 0.9173295 0.3955061 0.04562387 0.9765137 0.2149521 0.01471395 0.9577919 0.2838491 0.04543496 0.9395904 0.341365 0.02529331 0.9980622 0.05761158 0.02350928 0.9920991 0.1166322 0.04622046 0.9973591 0.07160274 0.01215917 0.983967 0.1722054 0.04641275 0.9717465 0.2357511 0.01140458 0.9727119 -0.230994 0.02175483 0.983993 -0.17198 0.04669772 0.9757363 -0.2186073 0.0122286 0.9920603 -0.1168528 0.0464954 0.9976322 -0.06849829 0.006156021 0.9986582 -0.04769729 0.02016774 0.9982099 -0.009925965 0.05897926 0.8657416 -0.5000827 0.02022032 0.8937316 -0.4460872 0.04743583 0.8714584 -0.4903164 0.01225213 0.9170305 -0.3961126 0.04636568 0.9354628 -0.3533793 0.005696747 0.9427288 -0.3327348 0.02345033 0.9535863 -0.2954114 0.05835442 0.6860951 -0.7272675 0.01885292 0.7287915 -0.6830513 0.04799851 0.6933561 -0.7204903 0.01228947 0.7651729 -0.6421597 0.04627568 0.7937313 -0.6082463 0.005191549 0.8071854 -0.589693 0.02671714 0.8290556 -0.5561736 0.0577729 0.4539232 -0.8906823 0.02527171 0.5030076 -0.8629052 0.04876408 0.4603394 -0.8876107 0.01532808 0.5491744 -0.8344325 0.04615073 0.5844802 -0.8113948 0.004631949 0.6034092 -0.7968721 0.0298702 0.6350873 -0.7703268 0.05710243 0.3292498 -0.9437953 0.02906837 0.3574548 -0.9329591 0.0425826 0.3216428 -0.9467108 0.01686992 0.3930726 -0.9189523 0.03194788 0.4141322 -0.9091128 0.04481463 0.1944697 -0.9798798 0.04491289 0.2219559 -0.9740284 0.04476866 0.180153 -0.9835363 0.01418608 0.2573494 -0.965646 0.0360418 0.2968585 -0.9543386 0.03336 0.05987623 -0.9981199 0.01309755 0.1096875 -0.9936683 0.02432861 0.1641171 -0.9858839 0.03314223 -0.7251361 0.6883224 -0.01974432 -0.7809901 0.6217423 -0.05908448 -0.7893986 0.6138792 0.001476733 -0.8580256 0.5131746 -0.02106764 -0.9082839 0.4182827 0.00773628 -0.9150743 0.4032853 0.0002128855 -0.9823995 0.1867918 8.300721e-05 -0.9442649 0.3286581 -0.01864748 -0.9799408 0.1988055 -0.01387452 -0.9909275 0.1152726 -0.06910117 -0.8151898 0.5785937 -0.02636019 -0.55833 0.8284901 -0.04326444 -0.612609 0.7903861 -2.441729e-05 -0.6150624 0.7884696 0.003730863 -0.6476486 0.7606365 -0.04453647 -0.6661067 0.7441535 -0.05037394 -0.4986026 0.8657476 -0.04331902 -0.4018776 0.9156905 0.002285705 -0.4492177 0.8922229 -0.04627983 -0.3784444 0.9247962 -0.03913787 -0.1868629 0.982386 0.0002324575 -0.2361559 0.9709845 -0.03767586 -0.04212503 0.9991123 0 -0.02608349 0.9986538 -0.04483588 -0.1067595 0.9932637 -0.04505097 0 0 1 -0.03772797 0.009805599 0.9992399 -0.0357866 0.01828887 0.9991921 -0.02586798 0.0314973 0.999169 -0.02266875 0.033874 0.999169 0 0 1 -0.01948996 0.03603058 0.9991606 -0.009805134 0.03771514 0.9992404 -0.03387396 0.02266883 0.999169 -0.03149829 0.02586823 0.999169 0 0 1 -0.02881893 0.0288191 0.9991691 0 0 1 0 0 1 0 0 1 0 0 1 0 0 1 -0.01445938 -0.516148 -0.8563774 -0.03555357 -0.3859856 -0.9218194 -0.1834179 -0.3938701 -0.9006799 -0.01903134 -0.2829244 -0.9589534 -0.04214376 -0.1488894 -0.9879554 -0.1771187 -0.1742033 -0.9686497 -0.04207481 -0.04207215 -0.9982283 -0.1755514 -0.7766955 -0.604918 -0.04202996 -0.7904118 -0.6111323 -0.03277275 -0.7067432 -0.7067107 -0.1758535 -0.9011163 -0.3963143 -0.04205597 -0.9186967 -0.3927182 -0.03291949 -0.8615328 -0.5066336 -0.1785542 -0.9685874 -0.1730802 -0.04204396 -0.9879315 -0.1490761 -0.03344512 -0.9611869 -0.2738633 -0.04198679 -0.9982356 -0.04198679 -0.1493678 -0.9879009 -0.04172508 -0.2830164 -0.9589489 -0.01785419 -0.3870676 -0.9214725 -0.03266731 -0.4009878 -0.9012304 -0.164294 -0.5069822 -0.8614605 -0.02923857 -0.6186869 -0.7739217 -0.1351727 -0.6121907 -0.7900031 -0.03343158 -0.7074443 -0.7063587 -0.02408263 -0.7929782 -0.6004782 -0.1030117 -0.7916394 -0.6104394 -0.02590188 -0.8626493 -0.5055161 -0.01702097 -0.9183043 -0.3906123 -0.0643376 -0.9200494 -0.3914491 -0.01663605 -0.9622195 -0.2721476 -0.008330993 -0.9842837 -0.1742479 -0.02869179 -0.9890661 -0.1473386 -0.00629159 -0.9838523 -0.1637817 -0.07218215 -0.9838589 -0.1411491 -0.1099935 -0.9838617 -0.1099871 -0.1411347 -0.9838573 -0.07218046 -0.1637525 -0.9838146 -0.03110311 -0.1764696 -0.9186297 -0.0709169 -0.3887033 -0.9221532 -0.01039006 -0.3866854 -0.9890691 -0.006141716 -0.1473251 -0.9607606 -0.001175612 -0.2773763 -0.7939007 -0.1102256 -0.5979732 -0.6204547 -0.1428726 -0.7711183 -0.6189205 -0.02469289 -0.7850654 -0.7009322 -0.009362873 -0.7131664 -0.795858 -0.01836769 -0.6052046 -0.8590375 -0.006774492 -0.5118679 -0.1493417 -0.0419321 -0.9878961 -0.2737455 -0.03293837 -0.961238 -0.4111698 -0.1652269 -0.8964594 -0.4026377 -0.02896593 -0.914901 -0.4967972 -0.008243015 -0.8678275 -0.9186193 -0.1593863 -0.3615723 -0.7934928 -0.2454431 -0.5568903 -0.6193755 -0.3166482 -0.7184065 -0.4069249 -0.3684049 -0.8358767 -0.918613 -0.2428994 -0.3116891 -0.7934675 -0.3741 -0.4800609 -0.6193738 -0.4825662 -0.6192785 -0.4068903 -0.5615085 -0.7205196 -0.1817039 -0.5996638 -0.7793504 -0.03451963 -0.6046313 -0.7957571 -0.9186073 -0.3116836 -0.2429279 -0.7934702 -0.4800393 -0.3741221 -0.6193647 -0.6192905 -0.4825627 -0.4069558 -0.720496 -0.5614913 -0.9186018 -0.3616258 -0.1593659 -0.7935303 -0.5568459 -0.2454225 -0.6194181 -0.7183773 -0.3166312 -0.4068535 -0.8359302 -0.3683625 -0.4974271 0.8674178 -0.01235252 -0.6186449 0.7852109 -0.02687686 -0.6202201 0.7708154 -0.1455014 -0.9837654 0.1440786 -0.1069905 -0.983776 0.1765384 -0.03192029 -0.9185207 0.3886848 -0.07241413 -0.9221153 0.3867399 -0.0116478 -0.9890794 0.1472342 -0.006641836 -0.9608656 0.2770035 -0.002545917 -0.7936998 0.5978395 -0.1123767 -0.7013066 0.7127493 -0.01255097 -0.7957048 0.6053491 -0.02015717 -0.8593005 0.5113908 -0.009055521 -0.4023627 0.91494 -0.0314481 -0.4109471 0.8960152 -0.1681645 -0.2739418 0.9610828 -0.03571732 -0.1823895 0.9666232 -0.179927 -0.1493839 0.9877927 -0.04415911 -0.03776928 0.7578774 -0.6513028 -0.04218511 0.8322183 -0.552841 -0.1862314 0.7892528 -0.5851477 -0.04209232 0.9169811 -0.3967038 -0.131386 0.5160141 -0.8464438 -0.0381461 0.518838 -0.8540211 -0.1832867 0.6421567 -0.7443392 -0.03595515 0.591775 -0.8053009 -0.04046757 0.677559 -0.7343542 -0.4051367 0.5921195 -0.6966052 -0.4316133 0.4793651 -0.764146 -0.3339805 0.4923278 -0.803785 -0.2309276 0.5112801 -0.8278074 -0.5291439 0.4788736 -0.7004904 -0.6185166 0.5058701 -0.6012758 -0.6216637 0.4280376 -0.6559863 -0.7109961 0.3863224 -0.5875708 -0.7950147 0.3914722 -0.4633585 -0.781653 0.3510237 -0.5155588 -0.9164692 0.2579254 -0.3058736 -0.901093 0.2504606 -0.3539787 -0.8519356 0.2864444 -0.4383553 -0.9954971 0.08213216 -0.04732698 -0.9840508 0.123742 -0.1277962 -0.9839549 0.1117318 -0.1390999 -0.9617434 0.1694275 -0.2152763 -0.9352115 0.2124482 -0.2832759 -0.04194571 0.9981299 -0.04446707 -0.04211984 0.9809183 -0.1898031 -0.1881122 0.9014122 -0.3899612 -0.4066843 0.8384296 -0.3628274 -0.6190954 0.7207285 -0.3118833 -0.7931935 0.5589112 -0.2417898 -0.9183823 0.3631572 -0.1571331 -0.983761 0.1647233 -0.07127829 -0.9183631 0.317696 -0.2359631 -0.7931544 0.4889317 -0.3631141 -0.6191261 0.630461 -0.4681899 -0.4066446 0.7334558 -0.5446859 -0.9622214 0.008317242 -0.2721411 -0.9200359 0.01645264 -0.3914884 -0.9183045 0.06433652 -0.3906119 -0.8626118 0.01699013 -0.505581 -0.7916604 0.02571365 -0.61042 -0.7930076 0.1030152 -0.6004388 -0.7074484 0.02405767 -0.7063554 -0.6122334 0.03329566 -0.7899758 -0.6187023 0.1351581 -0.773912 -0.01455721 0.8563094 -0.5162581 -0.03551631 0.9217636 -0.3861223 -0.1833461 0.900657 -0.3939559 -0.9890691 0.006141435 -0.1473249 -0.9842834 0.02868142 -0.1742513 -0.9838565 0.07218093 -0.1637569 -0.9838614 0.1099926 -0.1411326 -0.9838608 0.1411411 -0.1099871 -0.9838523 0.1637748 -0.07219706 -0.9838132 0.1764766 -0.03110546 -0.9890661 0.1473386 -0.00629159 -0.9607576 0.2773867 -0.001184876 -0.9221692 0.3866424 -0.01056796 -0.7958359 0.6052278 -0.01856009 -0.8590776 0.5118 -0.006811176 -0.9186322 0.3887006 -0.07089981 -0.6188475 0.7851173 -0.02486901 -0.7009601 0.7131377 -0.00946195 -0.7938982 0.5979772 -0.1102222 -0.402624 0.9149022 -0.02911747 -0.4969694 0.8677274 -0.00840394 -0.6204039 0.7711574 -0.1428817 -0.1771099 0.9686613 -0.1741474 -0.04204396 0.9879315 -0.1490761 -0.1493678 0.9879009 -0.04172508 -0.04198679 0.9982356 -0.04198679 -0.01908443 0.9589527 -0.2829233 -0.03444529 0.7957724 -0.6046154 -0.1816754 0.7793882 -0.5996233 -0.03277275 0.7067432 -0.7067107 -0.1755464 0.6049268 -0.7766898 -0.04216237 0.6111981 -0.7903539 -0.03296491 0.5064472 -0.8616406 -0.1758456 0.3962847 -0.9011308 -0.04213523 0.3926244 -0.9187332 -0.03348173 0.2738058 -0.961202 -0.1785854 0.1731202 -0.9685745 -0.04214169 0.1488874 -0.9879558 -0.04207273 0.04207423 -0.9982283 -0.1491738 0.04165947 -0.987933 -0.2830113 0.01775692 -0.9589522 -0.3869566 0.0325459 -0.9215234 -0.2739912 0.9611778 -0.03264951 -0.4111141 0.8964919 -0.1651893 -0.4068812 0.8358969 -0.3684076 -0.4069382 0.7205396 -0.5614481 -0.4068885 0.5614778 -0.7205445 -0.4069202 0.3684189 -0.8358729 -0.4009642 0.1643048 -0.9012389 -0.5068917 0.02924515 -0.8615135 -0.6194076 0.7184051 -0.3165887 -0.619396 0.6192557 -0.4825672 -0.6193675 0.4825716 -0.6192807 -0.6193847 0.3166403 -0.718402 -0.7935394 0.5568542 -0.2453746 -0.7934549 0.4800371 -0.3741573 -0.7934646 0.3740973 -0.4800679 -0.7934842 0.2454563 -0.5568968 -0.9185999 0.361617 -0.1593969 -0.9186028 0.3116948 -0.2429305 -0.9186153 0.2428991 -0.3116825 -0.918624 0.1593808 -0.3615628 0.4060747 -0.8829497 0.235591 0.3795 -0.8389537 0.3900466 0.4484605 -0.7968318 0.4048978 0.3541254 -0.7697546 0.5311055 0.3261744 -0.7110332 0.6229302 0.3861841 -0.6862374 0.6163928 0.411698 0.894027 0.1766929 0.4844654 0.8553367 0.1835548 0.4463214 0.7984594 0.4040542 0.371468 0.8227885 0.4301518 0.3920013 0.8594427 0.3281665 0.3133619 0.6942816 0.6479023 0.3251167 0.728832 0.6025804 0.3829806 0.6882173 0.6161841 0.344256 0.774437 0.5307873 0.2917389 0.6437965 0.7073998 0.2973622 0.5351759 0.7906721 0.2669019 0.5880584 0.7635121 0.2377553 0.5328648 0.812113 0.1418396 0.3250619 0.9349954 0.1659125 0.3717869 0.9133715 0.1934333 0.3509674 0.9161907 0.1936308 0.4432738 0.8752231 0.02754467 0.08236348 0.9962216 0.05499462 0.1406145 0.9885359 0.08736805 0.1611501 0.9830552 0.07523911 0.1874359 0.9793911 0.1057593 0.254147 0.9613658 0.01896314 0.03550517 0.9991896 0.009917796 0.03753826 0.999246 0.104545 0.1511094 0.9829732 0.02319984 0.03353196 0.9991683 0.1186351 0.1403316 0.9829714 0.02631922 0.03113441 0.9991686 0.1315969 0.1282298 0.9829748 0.02920603 0.02845826 0.9991682 0.1433433 0.1149441 0.9829754 0.03181407 0.02551087 0.9991682 0.1537707 0.1005959 0.9829726 0.03412608 0.02232516 0.9991682 0.1627473 0.08530446 0.9829733 0.03610842 0.01892653 0.9991686 0.170224 0.0692194 0.9829713 0.03777512 0.01536007 0.9991682 0.1761102 0.05248684 0.9829702 0.03907437 0.01164575 0.9991684 0.1803271 0.03526525 0.9829743 0.04001499 0.007824977 0.9991684 0.1829113 0.01771579 0.9829698 0.0405914 0.003931 0.9991681 0.1837637 4.319616e-07 0.9829704 0.04077619 3.292681e-07 0.9991683 0.1829099 -0.01771851 0.98297 0.04059115 -0.003931865 0.9991681 0.1803291 -0.03526064 0.9829741 0.04001465 -0.007824391 0.9991685 0.1761101 -0.05249009 0.98297 0.03907472 -0.01164542 0.9991684 0.170223 -0.06921991 0.9829714 0.03777429 -0.0153611 0.9991682 0.162751 -0.08530404 0.9829727 0.03610791 -0.0189244 0.9991687 0.153769 -0.1005958 0.9829728 0.03412532 -0.02232579 0.9991682 0.1433538 -0.1149499 0.9829731 0.03181524 -0.02551211 0.9991681 0.1316086 -0.12824 0.9829719 0.02920568 -0.02845815 0.9991682 0.1186298 -0.1403272 0.9829727 0.02632267 -0.03113696 0.9991685 0.1045537 -0.1511198 0.9829707 0.02319993 -0.03353266 0.9991683 0.08890376 -0.1602664 0.983062 0.01995267 -0.03567255 0.9991643 0.1390017 -0.3246143 0.9355769 0.1042223 -0.2566152 0.9608779 0.08042889 -0.1811657 0.9801582 0.05718 -0.1414564 0.9882917 0.02621635 -0.08448959 0.9960794 0.009919323 -0.0375443 0.9992457 0.2192203 -0.4967415 0.8397561 0.1932728 -0.4228867 0.8853319 0.1936453 -0.3499367 0.9165401 0.1702212 -0.3730888 0.9120469 0.2933861 -0.6419839 0.7083652 0.2990115 -0.5357188 0.7896819 0.2597391 -0.566327 0.7821824 0.4855009 -0.8546981 0.1837933 0.4126625 -0.9020027 0.1268893 0.5560645 -0.8107649 0.1829004 0.7643148 -0.6183898 0.1828031 0.708029 -0.6821452 0.1826823 0.6319671 -0.7525828 0.1850318 0.8206881 -0.5405062 0.1852678 0.8734003 -0.4514414 0.1826818 0.909029 -0.3745255 0.1827481 0.9781221 -0.09941246 0.1827413 0.9659806 -0.183229 0.1825064 0.9409281 -0.2833219 0.1854263 0.9826121 -0.002489274 0.1856536 0.9780776 0.1002475 0.1825233 0.9657854 0.1840347 0.1827289 0.8729917 0.4521518 0.1828779 0.9087515 0.3753174 0.1825035 0.9422862 0.2785116 0.1858174 0.8233017 0.5362398 0.1860677 0.7638102 0.6190815 0.1825707 0.7074627 0.6826773 0.1828886 0.5554505 0.8112531 0.182601 0.6356046 0.7492092 0.1862588 0.5202901 -0.7519956 0.404723 0.5903707 -0.6983248 0.4047283 0.6549368 -0.6381771 0.4047069 0.7134062 -0.5720714 0.4047047 0.7652315 -0.5006105 0.4047343 0.8099406 -0.4245247 0.4046913 0.8470974 -0.3444619 0.4046874 0.8763481 -0.2611885 0.4047154 0.8974616 -0.1754903 0.40468 0.9102028 -0.08816007 0.4046711 0.9144726 -3.276466e-06 0.4046478 0.9102033 0.08816318 0.4046692 0.8974621 0.1754853 0.404681 0.8763441 0.2611972 0.4047185 0.8471021 0.3444583 0.4046808 0.8099409 0.4245183 0.4046974 0.7652311 0.5006134 0.4047314 0.7134088 0.5720716 0.4046998 0.6549334 0.6381832 0.404703 0.5903789 0.6983267 0.404713 0.5202803 0.7519872 0.4047513 0.4479823 -0.6474791 0.6165085 0.5083236 -0.6012885 0.6164895 0.5639015 -0.5494666 0.6165238 0.6142459 -0.4925565 0.6165145 0.6588828 -0.4310413 0.6165037 0.6973633 -0.365504 0.6165154 0.7293558 -0.2965915 0.6165011 0.7545513 -0.2248896 0.6165038 0.7727093 -0.151096 0.6165146 0.783665 -0.07589061 0.6165304 0.7873732 -8.443158e-06 0.6164767 0.7836619 0.07590173 0.6165331 0.7727145 0.1510961 0.6165081 0.7545549 0.2248875 0.6165002 0.7293498 0.2965893 0.6165092 0.6973691 0.3655079 0.6165065 0.6588847 0.4310359 0.6165055 0.6142429 0.4925642 0.6165113 0.5639104 0.5494852 0.616499 0.5083354 0.6012797 0.6164883 0.447987 0.6474955 0.6164878 0.3483926 -0.5035414 0.7906128 0.3953096 -0.4676052 0.7906173 0.4385353 -0.4273115 0.7906274 0.4777007 -0.3830544 0.7906146 0.5124166 -0.3352273 0.7906023 0.5423313 -0.2842601 0.7906156 0.5671842 -0.2306302 0.7906401 0.5868136 -0.1749039 0.7906063 0.6009229 -0.1175096 0.790622 0.609425 -0.05902153 0.7906438 0.6122791 3.239081e-07 0.7906417 0.6094319 0.05902498 0.7906382 0.6009175 0.1175076 0.7906264 0.5868104 0.1748953 0.7906106 0.5671878 0.2306415 0.7906343 0.5423282 0.2842575 0.7906186 0.5124322 0.3352316 0.7905903 0.4777209 0.3830712 0.7905942 0.4385344 0.4273151 0.790626 0.3952909 0.4675864 0.7906378 0.3484073 0.5035665 0.7905903 0.2276699 -0.3290629 0.9164519 0.2583251 -0.3055731 0.9164569 0.2865718 -0.2792326 0.9164637 0.3121779 -0.2503328 0.9164488 0.3348294 -0.2190404 0.9164663 0.3544148 -0.1857685 0.9164498 0.3706467 -0.1507212 0.9164628 0.3834454 -0.1142754 0.9164664 0.3927144 -0.07679951 0.9164482 0.39826 -0.03857366 0.9164612 0.4001062 1.795113e-06 0.9164688 0.3982536 0.0385746 0.9164639 0.3927178 0.07679226 0.9164473 0.3834489 0.1142815 0.9164642 0.3706414 0.1507219 0.9164649 0.3544134 0.1857595 0.9164521 0.3348239 0.2190488 0.9164664 0.312186 0.2503278 0.9164474 0.2865663 0.2792336 0.9164652 0.25834 0.3055846 0.9164488 0.2276647 0.3290646 0.9164525 0.04198006 -0.9982362 -0.04197856 0.1489629 -0.9879568 -0.04185018 0.06375067 -0.9979629 0.002437949 0.2587195 -0.9659388 0.005144815 0.2873064 -0.9533524 -0.09259702 0.3841503 -0.9219726 -0.04894015 0.4999445 -0.8660408 0.005364327 0.5184958 -0.848949 -0.1022139 0.6026061 -0.7964645 -0.05010142 0.7071197 -0.7070729 0.005446706 0.7154468 -0.6896761 -0.111726 0.7826877 -0.6202956 -0.05131516 0.8660095 -0.4999987 0.005368205 0.8596713 -0.5062222 -0.06858736 0.9186534 -0.3928526 -0.04174527 0.9659274 -0.2587623 0.00513206 0.9982372 -0.04204105 -0.04189277 0.9979657 -0.06370769 0.002426365 0.9879905 -0.1487676 -0.04174943 0.9592059 -0.274617 -0.06715273 0.9982372 0.0420423 -0.04189277 0.9879861 0.1487921 -0.04176553 0.9979653 0.06371246 0.002426689 0.9659297 0.2587537 0.005131581 0.9533483 0.2872594 -0.09278528 0.9219282 0.384262 -0.04889984 0.8660147 0.4999898 0.005372211 0.8490417 0.5183944 -0.1019579 0.7964593 0.6026061 -0.05018477 0.7071472 0.7070453 0.005455256 0.7054123 0.7054123 -0.06918749 0.6112882 0.7902935 -0.04198735 0.4999774 0.8660219 0.005357726 0.506113 0.8597222 -0.06875644 0.3926311 0.9187476 -0.04175756 0.2586738 0.9659512 0.005123017 0.04203616 0.9982373 -0.0418967 0.06371246 0.9979653 0.002426689 0.1487921 0.9879861 -0.04176553 0.2746241 0.9592031 -0.0671636 0.03414148 0.01837347 -0.9992481 0.02861529 0.0261528 -0.9992483 -1.170405e-05 0.04270067 -0.9990879 0.01280416 -0.03658916 -0.9992484 0.02136883 -0.03236279 -0.9992477 0.005052642 -0.03953022 -0.9992056 0.0127999 -0.03658783 -0.9992485 -0.04448247 0.0005155378 -0.99901 0.02136529 0.03236485 -0.9992477 0.01280192 0.03658551 -0.9992485 0.005052191 0.03953071 -0.9992056 0.0009222123 0.08709828 -0.9961993 0.0009229976 -0.04146055 -0.9991397 0.03414287 -0.01837207 -0.9992481 -0.04427263 0.004293654 -0.9990103 0.02861271 -0.02615474 -0.9992483 0.02136883 -0.03236279 -0.9992477 0.02861271 -0.02615474 -0.9992483 0.03414287 -0.01837207 -0.9992481 -0.04227565 0.01340543 -0.999016 -0.04350723 0.01140968 -0.998988 -0.04370338 0.008253824 -0.9990105 0.03777738 0.02264062 -0.9990297 0.03485326 0.02774611 -0.9990072 0.0311212 0.02606178 -0.9991758 0.02136529 0.03236485 -0.9992477 0.01280192 0.03658551 -0.9992485 0.005044593 -0.03950535 -0.9992066 0.005052191 0.03953071 -0.9992056 0.0009119344 -0.04146799 -0.9991394 0.0009229976 0.04146055 -0.9991397 -0.04207481 -0.04207215 -0.9982283 0.03758819 -0.009471444 -0.9992484 0.03876211 -1.972677e-07 -0.9992485 0.03758903 0.009471207 -0.9992484 0.03414148 0.01837347 -0.9992481 0.02861529 0.0261528 -0.9992483 -0.03291567 0.02514893 -0.9991417 -0.03863897 0.0222266 -0.999006 0.03758819 -0.009471444 -0.9992484 -0.03716496 0.01968284 -0.9991153 -0.04130627 0.01614072 -0.9990162 0.03876211 -1.972677e-07 -0.9992485 -0.0328074 0.0303036 -0.9990022 -0.03488307 0.02787278 -0.9990026 -0.006620624 0.04367583 -0.9990238 -0.01081132 0.04364937 -0.9989884 -0.01234861 0.04247568 -0.9990212 -0.01476703 0.04216481 -0.9990015 -0.0177519 0.04110638 -0.9989971 -0.02033513 0.0395114 -0.9990122 -0.02325324 0.03775342 -0.9990165 -0.02395237 0.03525305 -0.9990913 -0.02842531 0.03449541 -0.9990005 -0.05093263 -0.001095537 -0.9987015 -0.06540309 4.566758e-06 -0.9978589 -0.03023502 0.03347936 -0.998982 -0.03136779 0.03247838 -0.9989801 0 0 -1 0.04304202 0.01110455 -0.9990115 0.04144948 0.01548237 -0.9990206 0.04052013 0.01858562 -0.9990059 0.03009116 0.0329563 -0.9990037 0.02677685 0.03078622 -0.9991673 0.02488078 0.03713126 -0.9990006 0.02220551 0.03495609 -0.9991421 0.01948834 0.04027814 -0.9989984 0.01723302 0.03877496 -0.9990994 0.01408647 0.04227352 -0.9990068 0.01192032 0.04141624 -0.9990709 0.008600086 0.04389522 -0.9989991 0.002629437 0.04474077 -0.9989952 -0.0002280715 0.04484093 -0.9989941 0.006520252 0.04400334 -0.9990101 0.004909772 0.04489304 -0.9989797 0.03758903 0.009471207 -0.9992484 -0.002913794 0.04474923 -0.998994 0 0 -1 0 0 -1 -0.04318701 -0.001868813 -0.9990653 0 0 -1 0 0 -1 -0.001868738 -0.04318695 -0.9990653 0 0 -1 0 0 -1 -3.804313e-06 -0.06540313 -0.9978589 0 0 -1 0 0 -1 0 0 -1 0 0 -1 0 0 -1 0 0 -1 -0.04404433 -0.008441662 -0.9989939 0 0 -1 -0.04150757 -0.01829427 -0.9989707 0 0 -1 -0.0357803 -0.02788321 -0.9989706 -0.008441585 -0.04404418 -0.9989939 -0.01829489 -0.04150756 -0.9989707 -0.02788306 -0.03578084 -0.9989706 0 0 -1 0 0 -1 0 0 -1 0 0 -1 0 0 -1 0 0 -1 0 0 -1 0 0 -1 0 0 -1 0 0 -1 0 0 -1 0 0 -1 0.00186893 -0.04318708 -0.9990653 0.008440412 -0.04404235 -0.998994 0 0 -1 0.06188266 -0.0001116196 -0.9980834 0 0 -1 0.04318848 -0.001867333 -0.9990652 0 0 -1 0 0 -1 0 0 -1 0 0 -1 0 0 -1 0 0 -1 0 0 -1 0 0 -1 0 0 -1 0 0 -1 0 0 -1 0.0415258 -0.01829946 -0.9989698 0.03578254 -0.02788833 -0.9989704 0 0 -1 0 0 -1 0 0 -1 0 0 -1 0 0 -1 0 0 -1 0.04405872 -0.00844123 -0.9989933 0 0 -1 0 0 -1 0 0 -1 0.02789032 -0.03578566 -0.9989702 0.01828968 -0.04150334 -0.998971 0 0 -1 0 0 -1 0 0 -1 0 0 -1 0 0 -1 0.001867157 0.04318829 -0.9990652 0 0 -1 0 0 -1 0 0 -1 0 0 -1 0 0 -1 0 0 -1 0 0 -1 0 0 -1 0 0 -1 0 0 -1 0 0 -1 0.04318624 0.001864829 -0.9990653 0 0 -1 0 0 -1 0 0 -1 0 0 -1 0 0 -1 0 0 -1 0.04405281 0.008439816 -0.9989936 0 0 -1 0.04152002 0.01829949 -0.9989701 0 0 -1 0.03579123 0.02789246 -0.99897 0.008440382 0.04405652 -0.9989934 0.01829873 0.04152266 -0.99897 0.02789229 0.03579186 -0.99897 0 0 -1 0 0 -1 0 0 -1 0 0 -1 0 0 -1 0 0 -1 0 0 -1 0 0 -1 0 0 -1 0 0 -1 0 0 -1 0 0 -1 0 0 -1 0 0 -1 0 0 -1 0 0 -1 0 0 -1 0 0 -1 0 0 -1 0 0 -1 0 0 -1 0 0 -1 0 0 -1 0 0 -1 -1 7.089928e-16 0 -1 7.128914e-16 0 -0.9659121 -0.2588703 0 -0.9659121 -0.2588703 0 -0.8659936 -0.5000551 0 -0.8659936 -0.5000551 0 -0.7071068 -0.7071068 0 -0.7071068 -0.7071068 0 -0.5000551 -0.8659936 0 -0.5000551 -0.8659936 0 -0.2588703 -0.9659121 0 -0.2588703 -0.9659121 0 -1.434694e-15 -1 0 -1.443605e-15 -1 0 0.2588703 -0.9659121 0 0.2588703 -0.9659121 0 0.5000551 -0.8659936 0 0.5000551 -0.8659936 0 0.7071068 -0.7071068 0 0.7071068 -0.7071068 0 0.8659936 -0.5000551 0 0.8659936 -0.5000551 0 0.9659121 -0.2588703 0 0.9659121 -0.2588703 0 1 7.128914e-16 0 1 7.128914e-16 0 0.9659121 0.2588703 0 0.9659121 0.2588703 0 0.8659936 0.5000551 0 0.8659936 0.5000551 0 0.7071068 0.7071068 0 0.7071068 0.7071068 0 0.5000551 0.8659936 0 0.5000551 0.8659936 0 0.2588703 0.9659121 0 0.2588703 0.9659121 0 -1.443605e-15 1 0 -1.434694e-15 1 0 -0.2588703 0.9659121 0 -0.2588703 0.9659121 0 -0.5000551 0.8659936 0 -0.5000551 0.8659936 0 -0.7071068 0.7071068 0 -0.7071068 0.7071068 0 -0.8659936 0.5000551 0 -0.8659936 0.5000551 0 -0.9659121 0.2588703 0 -0.9659121 0.2588703 0 -0.0009312748 -0.7071794 -0.7070335 0.00994853 -0.7968664 -0.6040736 0.09354212 -0.785922 -0.611209 -0.03372315 -0.8532562 -0.5204004 0.01346514 -0.9227153 -0.3852468 0.1100584 -0.9096941 -0.4004295 -0.02594903 -0.9572171 -0.2882049 0.02230049 -0.988534 -0.1493429 0.1183469 -0.9762566 -0.1814306 -0.00170125 -0.5067841 -0.8620713 0.01377107 -0.611101 -0.7914328 0.06382823 -0.6065816 -0.7924549 0.03733464 -0.3947071 -0.9180482 0.008753219 -0.3921893 -0.9198429 0.01562262 -0.1744393 -0.984544 0.003311634 -0.1481357 -0.9889615 -0.003482006 -0.2737273 -0.961801 0.05909398 -0.1688898 -0.9838619 0.09857416 -0.1493258 -0.9838622 0.1320942 -0.1207347 -0.9838568 0.1575706 -0.08480295 -0.9838597 0.1735205 -0.0437268 -0.983859 0.1789524 3.353048e-07 -0.9838577 0.1735195 0.04372518 -0.9838593 0.1575733 0.08480472 -0.9838591 0.1320884 0.1207349 -0.9838576 0.09857989 0.1493228 -0.9838621 0.05910103 0.1689065 -0.9838586 0.02321826 0.1801504 -0.983365 0.1221221 0.9754932 -0.1830277 0.02209171 0.982133 -0.1868869 0.02012675 0.9145848 -0.4038929 0.02228843 0.9988693 -0.04199131 0.1100873 0.9930298 -0.04210239 0.2339637 0.9716349 -0.03444848 0.3265552 0.9283225 -0.1777051 0.3561948 0.9334604 -0.04215287 0.4706237 0.8816098 -0.03574091 0.5435298 0.8200614 -0.1790938 0.5794715 0.8138973 -0.0422361 0.6773633 0.7347132 -0.03708617 0.7273139 0.6620504 -0.1808417 0.7656669 0.6418562 -0.04212821 0.8404384 0.5405255 -0.03867195 0.8665711 0.464249 -0.1831052 0.9025344 0.4285501 -0.04214778 0.9496141 0.3108122 -0.0403584 0.9531681 0.2384994 -0.1859802 0.9814207 0.1871878 -0.04211987 0.982103 5.56187e-06 -0.1883446 0.9991089 2.652341e-06 -0.0422072 0.9527551 -0.2394746 -0.1868412 0.9814201 -0.1871904 -0.04212226 0.8658269 -0.4646469 -0.1855989 0.7264937 -0.6618843 -0.1847056 0.7672221 -0.6401307 -0.04003731 0.8391182 -0.5427633 -0.03589712 0.9030749 -0.4275126 -0.04109427 0.9492736 -0.3120059 -0.03914131 0.5431759 -0.8191865 -0.1841014 0.3267914 -0.9270812 -0.1836515 0.3605756 -0.9319562 -0.03798638 0.4657657 -0.8844456 -0.02860664 0.5824074 -0.8119576 -0.03906955 0.6744457 -0.7376178 -0.03229469 0.02232605 -0.9988703 -0.04194726 0.1158355 -0.992585 -0.03683999 0.2269757 -0.9735943 -0.02441595 0.003831045 0.1852198 -0.9826897 0.05109455 0.394649 -0.9174102 0.1305161 0.3729421 -0.9186293 0.217725 0.3297917 -0.918604 0.2916795 0.2666055 -0.9186101 0.347973 0.1872589 -0.9186125 0.3831829 0.0965407 -0.9186135 0.39516 1.108332e-06 -0.9186123 0.3831792 -0.09654363 -0.9186147 0.3479823 -0.1872571 -0.9186093 0.291667 -0.2666046 -0.9186144 0.2177338 -0.3297877 -0.9186033 0.1305302 -0.3729842 -0.9186102 0.2009637 -0.5744645 -0.793476 0.3353374 -0.5079447 -0.7934362 0.4492664 -0.4106355 -0.7934344 0.5359308 -0.2884273 -0.7934657 0.5901697 -0.1486978 -0.7934663 0.6085943 1.475178e-06 -0.7934816 0.5901488 0.1486938 -0.7934825 0.5359381 0.2884329 -0.7934588 0.4492673 0.4106223 -0.7934408 0.3352821 0.5079519 -0.7934549 0.2009511 0.5744137 -0.7935159 0.07864066 0.6057114 -0.7917887 0.008401736 0.4018141 -0.9156827 0.259196 -0.7410605 -0.6193922 0.4324998 -0.655195 -0.6194057 0.5795203 -0.5296567 -0.6193707 0.691294 -0.3720444 -0.6194316 0.7612806 -0.1918211 -0.6194001 0.7850797 9.718437e-06 -0.6193948 0.7612855 0.1917863 -0.6194049 0.6913216 0.3719765 -0.6194417 0.5794958 0.5296986 -0.6193578 0.4324618 0.6552423 -0.6193822 0.2592278 0.7410883 -0.6193456 0.1014218 0.7799941 -0.6175134 0.01336553 0.613517 -0.7895684 0.3016129 -0.8622047 -0.4069801 0.5032405 -0.7623274 -0.4069472 0.6742695 -0.616249 -0.406937 0.8044087 -0.4328336 -0.4069174 0.8857634 -0.2231997 -0.4069461 0.913464 3.680201e-06 -0.4069195 0.8857837 0.2232164 -0.4068928 0.8044093 0.4328264 -0.4069239 0.6742675 0.6162329 -0.4069648 0.5032149 0.7623377 -0.4069594 0.3016265 0.8622318 -0.4069124 0.1175508 0.9064702 -0.405578 0.01742496 0.7880323 -0.6153873 -0.02884936 0.7172586 -0.6962096 0.005434677 0.6037841 -0.7971294 0.07200574 0.6024039 -0.7949369 -0.02074733 0.516746 -0.8558873 0.001725618 0.3852847 -0.9227961 0.0447889 0.391386 -0.919136 -0.01632929 0.2822971 -0.959188 0.003318204 0.1481418 -0.9889606 0.01763788 0.1774025 -0.9839803 -0.0009312748 -0.7071794 -0.7070335 0.00994853 -0.7968664 -0.6040736 0.09354212 -0.785922 -0.611209 -0.03372315 -0.8532562 -0.5204004 0.01346514 -0.9227153 -0.3852468 0.1100584 -0.9096941 -0.4004295 -0.02594903 -0.9572171 -0.2882049 0.02230049 -0.988534 -0.1493429 0.1183469 -0.9762566 -0.1814306 -0.00170125 -0.5067841 -0.8620713 0.01377107 -0.611101 -0.7914328 0.06382823 -0.6065816 -0.7924549 -0.003482006 -0.2737273 -0.961801 0.008753219 -0.3921893 -0.9198429 0.03733464 -0.3947071 -0.9180482 0.01562587 -0.1744649 -0.9845394 0.003318204 -0.1481418 -0.9889606 0.05908563 -0.1689047 -0.9838598 0.09860251 -0.1493514 -0.9838555 0.1320942 -0.1207347 -0.9838568 0.1575706 -0.08480295 -0.9838597 0.1735205 -0.0437268 -0.983859 0.1789524 3.353048e-07 -0.9838577 0.1735195 0.04372518 -0.9838593 0.1575733 0.08480472 -0.9838591 0.1320884 0.1207349 -0.9838576 0.09857989 0.1493228 -0.9838621 0.05910103 0.1689065 -0.9838586 0.1020515 0.9089205 -0.4042882 0.02032671 0.9191684 -0.39334 -0.0009934768 0.8619033 -0.5070717 0.1126213 0.9783529 -0.1736149 0.02226376 0.9885413 -0.1493 -0.0003832703 0.9614083 -0.2751254 0.02228843 0.9988693 -0.04199131 0.1100873 0.9930298 -0.04210239 0.2339637 0.9716349 -0.03444848 0.3265552 0.9283225 -0.1777051 0.3561948 0.9334604 -0.04215287 0.4706237 0.8816098 -0.03574091 0.5435298 0.8200614 -0.1790938 0.5794715 0.8138973 -0.0422361 0.6773633 0.7347132 -0.03708617 0.7273139 0.6620504 -0.1808417 0.7656669 0.6418562 -0.04212821 0.8404384 0.5405255 -0.03867195 0.8665711 0.464249 -0.1831052 0.9025344 0.4285501 -0.04214778 0.9496141 0.3108122 -0.0403584 0.9531681 0.2384994 -0.1859802 0.9814207 0.1871878 -0.04211987 0.982103 5.56187e-06 -0.1883446 0.9991089 2.652341e-06 -0.0422072 0.9527551 -0.2394746 -0.1868412 0.9814201 -0.1871904 -0.04212226 0.8658269 -0.4646469 -0.1855989 0.7264937 -0.6618843 -0.1847056 0.7672221 -0.6401307 -0.04003731 0.8391182 -0.5427633 -0.03589712 0.9030749 -0.4275126 -0.04109427 0.9492736 -0.3120059 -0.03914131 0.5431759 -0.8191865 -0.1841014 0.3267914 -0.9270812 -0.1836515 0.3605756 -0.9319562 -0.03798638 0.4657657 -0.8844456 -0.02860664 0.5824074 -0.8119576 -0.03906955 0.6744457 -0.7376178 -0.03229469 0.02232605 -0.9988703 -0.04194726 0.1158355 -0.992585 -0.03683999 0.2269757 -0.9735943 -0.02441595 0.1304998 -0.372988 -0.918613 0.2177024 -0.3297633 -0.9186195 0.2916955 -0.2665947 -0.9186082 0.3479823 -0.1872571 -0.9186093 0.3831792 -0.09654363 -0.9186147 0.39516 1.108332e-06 -0.9186123 0.3831829 0.0965407 -0.9186135 0.347973 0.1872589 -0.9186125 0.2916795 0.2666055 -0.9186101 0.217725 0.3297917 -0.918604 0.1305161 0.3729421 -0.9186293 0.2009637 -0.5744645 -0.793476 0.3352903 -0.5079043 -0.7934819 0.4492704 -0.4106134 -0.7934436 0.5359308 -0.2884273 -0.7934657 0.5901697 -0.1486978 -0.7934663 0.6085972 -2.085476e-06 -0.7934793 0.5901656 0.148699 -0.7934691 0.5359381 0.2884329 -0.7934588 0.4492673 0.4106223 -0.7934408 0.3353156 0.5079556 -0.7934384 0.2009532 0.5744956 -0.7934561 0.259196 -0.7410605 -0.6193922 0.4324998 -0.655195 -0.6194057 0.5795203 -0.5296567 -0.6193707 0.691294 -0.3720444 -0.6194316 0.7612806 -0.1918211 -0.6194001 0.7850775 -2.424029e-06 -0.6193975 0.7612741 0.1918339 -0.6194042 0.6913144 0.3720102 -0.6194295 0.5794958 0.5296986 -0.6193578 0.4325271 0.6551808 -0.6194017 0.2592011 0.7410807 -0.619366 0.09375588 0.7759088 -0.6238392 0.008306855 0.7839126 -0.6208157 0.3016129 -0.8622047 -0.4069801 0.5032405 -0.7623274 -0.4069472 0.6742695 -0.616249 -0.406937 0.8044087 -0.4328336 -0.4069174 0.8857634 -0.2231997 -0.4069461 0.913464 3.680201e-06 -0.4069195 0.885773 0.2231929 -0.4069288 0.8043964 0.4328378 -0.4069372 0.6742675 0.6162329 -0.4069648 0.5032149 0.7623377 -0.4069594 0.3016508 0.862165 -0.407036 -0.002354741 0.08603456 -0.9962894 -0.0436319 0.4260886 -0.9036287 -0.04473255 0.3954627 -0.9173921 -0.02389399 0.13627 -0.9903835 -0.03242451 0.1985732 -0.9795496 -0.03723449 0.2836448 -0.9582062 -0.0430848 0.3496277 -0.9358975 -0.03833058 0.4625515 -0.8857634 0.06381359 0.9979587 -0.002488334 0.2590056 0.9658644 -0.004698591 0.5001365 0.8659365 -0.004162583 0.7072467 0.7069583 -0.003475174 0.8661701 0.4997423 -0.002642708 0.9660176 0.2584711 -0.001667018 0.9999994 -1.550374e-15 -0.001106181 0.9660176 -0.2584711 -0.001667018 0.8661701 -0.4997423 -0.002642708 0.7072467 -0.7069583 -0.003475174 0.5001365 -0.8659365 -0.004162583 0.2590056 -0.9658644 -0.004698591 0.06381359 -0.9979587 -0.002488334 -0.06378546 -0.9979606 -0.002451727 -0.04198679 -0.9982356 -0.04198679 0.06381359 0.9979587 -0.002488334 -0.06378546 0.9979606 -0.002451727 0.2590056 0.9658644 -0.004698591 0.5001365 0.8659365 -0.004162583 0.7072467 0.7069583 -0.003475174 0.8661701 0.4997423 -0.002642708 0.9660176 0.2584711 -0.001667018 0.9999994 -1.701848e-15 -0.001106181 0.9660176 -0.2584711 -0.001667018 0.8661701 -0.4997423 -0.002642708 0.7072467 -0.7069583 -0.003475174 0.5001365 -0.8659365 -0.004162583 0.2590056 -0.9658644 -0.004698591 0.06381359 -0.9979587 -0.002488334 -0.06378546 -0.9979606 -0.002451727 -0.01706844 -0.2745351 -0.9614256 -0.01668168 -0.3944475 -0.918767 -0.08732664 -0.4009264 -0.9119386 -0.02569298 -0.5073365 -0.861365 -0.02583754 -0.6126079 -0.7899645 -0.1257502 -0.6071336 -0.7845863 -0.03323429 -0.7073774 -0.7060543 -0.0333167 -0.7912832 -0.6105414 -0.1571114 -0.7763725 -0.6103784 -0.03912481 -0.8619141 -0.5055426 -0.03865494 -0.9191078 -0.3921054 -0.1795769 -0.8987976 -0.3998937 -0.04286757 -0.9611308 -0.2727452 -0.04152632 -0.9880164 -0.1486579 -0.1772459 -0.9652445 -0.1920599 -0.8489105 -0.5185615 -0.1022006 -0.9219599 -0.384182 -0.04892993 -0.9006784 -0.3889459 -0.1936478 -0.9611308 -0.04286757 -0.2727452 -0.9191078 -0.03865494 -0.3921054 -0.8987985 -0.1795769 -0.3998918 -0.8619141 -0.03912481 -0.5055426 -0.7912832 -0.0333167 -0.6105414 -0.7763718 -0.1571099 -0.6103796 -0.7073774 -0.03323429 -0.7060543 -0.6126079 -0.02583754 -0.7899645 -0.6071337 -0.1257507 -0.7845862 -0.5073365 -0.02569298 -0.861365 -0.3944475 -0.01668168 -0.918767 -0.4009263 -0.08732706 -0.9119387 -0.2741787 -0.01649547 -0.9615373 -0.1511933 -0.005713329 -0.9884877 -0.1837686 -0.04242021 -0.9820538 -0.006310439 -0.1508236 -0.9885405 -0.04241976 -0.1837685 -0.9820538 -0.07851287 -0.178128 -0.9808701 -0.1196541 -0.1535435 -0.9808707 -0.1535421 -0.1196549 -0.9808708 -0.1781283 -0.07851086 -0.9808702 -0.9648898 -0.1802977 -0.1909986 -0.9879612 -0.1489383 -0.04183405 -0.9880164 -0.04152632 -0.1486579 -0.9533551 -0.2873005 -0.09258778 -0.7964883 -0.6025766 -0.05007799 -0.779788 -0.5952811 -0.1938324 -0.7054123 -0.7054123 -0.06918716 -0.6015094 -0.7730544 -0.2014284 -0.6111928 -0.7903756 -0.04183028 -0.5062563 -0.8596458 -0.06865587 -0.3931245 -0.8971962 -0.2012264 -0.3926955 -0.918717 -0.04182375 -0.2747295 -0.9591776 -0.06709666 -0.1489383 -0.9879612 -0.04183405 -0.04197881 -0.9982362 -0.04197856 -0.8387452 -0.3696819 -0.3998023 -0.7229958 -0.5634168 -0.3997982 -0.5634182 -0.7229952 -0.3997973 -0.3696802 -0.8387455 -0.3998032 -0.7250681 -0.3195754 -0.6100392 -0.6250075 -0.4870534 -0.6100366 -0.4870533 -0.625006 -0.6100381 -0.3195733 -0.7250687 -0.6100395 -0.5679067 -0.2503081 -0.7841096 -0.4895317 -0.3814828 -0.7841107 -0.3814828 -0.4895328 -0.78411 -0.2503095 -0.5679069 -0.784109 -0.3764109 -0.1659033 -0.9114774 -0.3244629 -0.2528475 -0.9114779 -0.2528466 -0.3244623 -0.9114784 -0.1659036 -0.3764097 -0.9114778 -1 -2.227788e-18 0 -1 0 0 -0.9659142 -0.2588625 0 -0.9659142 -0.2588625 0 -0.8660143 -0.5000192 0 -0.8660143 -0.5000192 0 -0.7071274 -0.7070862 0 -0.7071274 -0.7070862 0 -0.5000295 -0.8660084 0 -0.5000295 -0.8660084 0 -0.2588265 -0.9659238 0 -0.2588265 -0.9659238 0 -1.443599e-15 -1 0 -1.45251e-15 -1 0 0.2588265 -0.9659238 0 0.2588265 -0.9659238 0 0.5000295 -0.8660084 0 0.5000295 -0.8660084 0 0.7071274 -0.7070862 0 0.7071274 -0.7070862 0 0.8660143 -0.5000192 0 0.8660143 -0.5000192 0 0.9659142 -0.2588625 0 0.9659142 -0.2588625 0 1 0 0 1 0 0 0.9659142 0.2588625 0 0.9659142 0.2588625 0 0.8660143 0.5000192 0 0.8660143 0.5000192 0 0.7071274 0.7070862 0 0.7071274 0.7070862 0 0.5000295 0.8660084 0 0.5000295 0.8660084 0 0.2588265 0.9659238 0 0.2588265 0.9659238 0 -1.45251e-15 1 0 -1.443599e-15 1 0 -0.2588265 0.9659238 0 -0.2588265 0.9659238 0 -0.5000295 0.8660084 0 -0.5000295 0.8660084 0 -0.7071274 0.7070862 0 -0.7071274 0.7070862 0 -0.8660143 0.5000192 0 -0.8660143 0.5000192 0 -0.9659142 0.2588625 0 -0.9659142 0.2588625 0 0 0 1 0 0 1 0 0 1 0 0 1 0 0 1 0 0 1 0 0 1 0 0 1 0 0 1 0 0 1 0 0 1 0 0 1 0 0 1 0 0 1 0 0 1 0 0 1 0 0 1 0 0 1 0 0 1 0 0 1 0 0 1 0 0 1 0 0 1 0 0 1 0 0 1 0 0 1 0 0 1 0 0 1 0 0 1 0 0 1 0 0 1 0 0 1 0 0 1 0 0 1 0 0 1 0 0 1 0 0 1 0 0 1 0 0 1 0 0 1 0 0 1 0 0 1 0 0 1 0 0 1 0 0 1 0 0 1 0 0 1 0 0 1 0 0 1 0 0 1 0 0 1 0 0 1 0 0 1 0 0 1 0 0 1 0 0 1 0 0 1 0 0 1 0 0 1 0 0 1 0 0 1 0 0 1 0 0 1 0 0 1 0 0 1 0 0 1 0 0 1 0 0 1 0 0 1 0 0 1 0 0 1 0 0 1 0 0 1 0 0 1 0 0 1 0 0 1 0 0 1 0 0 1 0 0 1 0 0 1 0 0 1 0 0 1 0 0 1 0 0 1 0 0 1 0 0 1 1 1.409075e-15 0 1 1.39905e-15 0 0.9659164 -0.2588543 0 0.9659164 -0.2588543 0 0.8660521 -0.4999537 0 0.8660521 -0.4999537 0 0.7071068 -0.7071068 0 0.7071068 -0.7071068 0 0.4999537 -0.8660521 0 0.4999537 -0.8660521 0 0.2588543 -0.9659164 0 0.2588543 -0.9659164 0 0 -1 0 0 -1 0 -0.2588543 -0.9659164 0 -0.2588543 -0.9659164 0 -0.4999537 -0.8660521 0 -0.4999537 -0.8660521 0 -0.7071068 -0.7071068 0 -0.7071068 -0.7071068 0 -0.8660521 -0.4999537 0 -0.8660521 -0.4999537 0 -0.9659164 -0.2588543 0 -0.9659164 -0.2588543 0 -1 1.39905e-15 0 -1 1.407961e-15 0 -0.9659164 0.2588543 0 -0.9659164 0.2588543 0 -0.8660521 0.4999537 0 -0.8660521 0.4999537 0 -0.7071068 0.7071068 0 -0.7071068 0.7071068 0 -0.4999537 0.8660521 0 -0.4999537 0.8660521 0 -0.2588543 0.9659164 0 -0.2588543 0.9659164 0 0 1 0 0 1 0 0.2588543 0.9659164 0 0.2588543 0.9659164 0 0.4999537 0.8660521 0 0.4999537 0.8660521 0 0.7071068 0.7071068 0 0.7071068 0.7071068 0 0.8660521 0.4999537 0 0.8660521 0.4999537 0 0.9659164 0.2588543 0 0.9659164 0.2588543 0 1 6.889396e-16 0 1 7.039771e-16 0 0.9659256 -0.2588198 0 0.9659256 -0.2588198 0 0.8660207 -0.5000082 0 0.8660207 -0.5000082 0 0.7071068 -0.7071068 0 0.7071068 -0.7071068 0 0.5000082 -0.8660207 0 0.5000082 -0.8660207 0 0.2588198 -0.9659256 0 0.2588198 -0.9659256 0 -8.911102e-18 -1 0 8.911102e-18 -1 0 -0.2588198 -0.9659256 0 -0.2588198 -0.9659256 0 -0.5000082 -0.8660207 0 -0.5000082 -0.8660207 0 -0.7071068 -0.7071068 0 -0.7071068 -0.7071068 0 -0.8660207 -0.5000082 0 -0.8660207 -0.5000082 0 -0.9659256 -0.2588198 0 -0.9659256 -0.2588198 0 -1 7.039771e-16 0 -1 6.861549e-16 0 -0.9659256 0.2588198 0 -0.9659256 0.2588198 0 -0.8660207 0.5000082 0 -0.8660207 0.5000082 0 -0.7071068 0.7071068 0 -0.7071068 0.7071068 0 -0.5000082 0.8660207 0 -0.5000082 0.8660207 0 -0.2588198 0.9659256 0 -0.2588198 0.9659256 0 8.911102e-18 1 0 -8.911102e-18 1 0 0.2588198 0.9659256 0 0.2588198 0.9659256 0 0.5000082 0.8660207 0 0.5000082 0.8660207 0 0.7071068 0.7071068 0 0.7071068 0.7071068 0 0.8660207 0.5000082 0 0.8660207 0.5000082 0 0.9659256 0.2588198 0 0.9659256 0.2588198 0 0.1360605 0.1290838 -0.982255 -0.9977199 -0.06719271 0.006338226 -0.5453218 -0.04213695 -0.837167 -0.7037253 -0.05232238 -0.7085429 -0.494758 0.2315743 -0.8376084 -0.3330648 0.1558974 -0.9299268 -0.3155199 0.1839894 -0.9309109 -0.3788588 0.3901835 -0.8391798 -0.4949305 0.5029584 -0.7085737 -0.5519337 0.4380229 -0.7095809 0.5289541 0.1357837 -0.8377173 0.6834172 0.1758655 -0.7085282 0.2673863 0.2525699 -0.9298995 0.142133 0.1142278 -0.9832346 0.2866818 0.2303998 -0.9299083 0.1553022 0.105597 -0.982207 0.3045196 0.2060658 -0.9299488 0.1601521 0.08899443 -0.9830724 0.3206804 0.1798567 -0.9299546 0.1657644 0.07531819 -0.983285 0.3348352 0.1518214 -0.9299654 0.1723523 0.06018777 -0.9831949 0.3467156 0.1223089 -0.9299617 0.1755546 0.04429978 -0.9834725 0.3573745 0.09030995 -0.9295846 0.665434 0.2347383 -0.708587 0.5150054 0.1816755 -0.8377133 0.6426621 0.2914118 -0.7085651 0.4974111 0.2255567 -0.8376791 0.6154975 0.3452058 -0.7085166 0.4763657 0.2671766 -0.8376708 0.5845011 0.3955688 -0.7084375 0.4523842 0.3061369 -0.8376328 0.550114 0.4421144 -0.7084557 0.4257883 0.3421814 -0.8376254 0.5130678 0.4846379 -0.7084402 0.3971804 0.3751802 -0.8375485 0.114555 0.1482731 -0.9822893 0.1224682 0.1351891 -0.983222 0.2256417 0.2906404 -0.9298462 0.2469623 0.2726051 -0.9298903 0.3351055 0.4316271 -0.8374977 0.3668417 0.40495 -0.8375217 0.4328688 0.5575574 -0.7083462 0.4738851 0.5231142 -0.7083675 0.09190075 0.162657 -0.9823935 0.1011266 0.1520214 -0.9831902 0.18183 0.3200243 -0.9297969 0.2038129 0.3064138 -0.929823 0.2700073 0.4752119 -0.8374185 0.3026459 0.4549964 -0.8374865 0.3487565 0.6138415 -0.7082143 0.3909856 0.5878261 -0.7082307 0.09050915 0.3569234 -0.9297385 0.05673981 0.174022 -0.9831058 0.1134899 0.3502136 -0.929769 0.06829473 0.1744029 -0.9823031 0.1365762 0.3419213 -0.9297509 0.07912505 0.1645924 -0.9831829 0.1594821 0.3317916 -0.9297741 0.08538316 0.7008557 -0.7081744 0.1002822 0.5374112 -0.8373366 0.1295054 0.6940461 -0.7081867 0.1343763 0.5298773 -0.8373608 0.1735641 0.6843885 -0.7081581 0.1684801 0.5199266 -0.837431 0.2176497 0.6717349 -0.7080966 0.2027328 0.5075447 -0.8374352 0.261871 0.6555991 -0.7082467 0.236793 0.4926527 -0.8373902 0.305808 0.6362055 -0.7083248 0.04463318 0.1803696 -0.9825857 0.03393099 0.1797129 -0.9831337 -0.04621766 0.3654286 -0.9296913 -0.01173067 0.18254 -0.9831284 -0.02358315 0.3675335 -0.9297112 -0.0004377122 0.1829129 -0.983129 -0.001047317 0.3683357 -0.9296923 0.01073712 0.1825578 -0.9831365 0.02162664 0.3676796 -0.929701 0.02177086 0.181275 -0.9831914 0.04453645 0.3656016 -0.9297053 0.06756343 0.362051 -0.9297065 0.06611076 0.5425914 -0.8373912 0.03209048 0.5457983 -0.8373019 -0.001543117 0.5467268 -0.8373097 -0.03502843 0.5456251 -0.837297 -0.06856602 0.5423093 -0.8373764 -0.1066605 0.5335758 -0.8389997 -0.02251573 0.1829395 -0.9828663 -0.06873882 0.3618533 -0.9296974 -0.03529192 0.1838737 -0.9823161 -0.08589129 0.337026 -0.9375693 -0.04494389 0.1771556 -0.9831561 -0.1180799 0.3479103 -0.9300621 -0.05866514 0.1719502 -0.9833573 -0.1554686 0.3318727 -0.9304247 -0.07642765 0.163716 -0.9835425 0.04146343 0.7048469 -0.7081466 -0.001910703 0.6785496 -0.7345521 -0.04523294 0.7046339 -0.7081279 -0.0886039 0.7005272 -0.7081038 -0.1423555 0.6910583 -0.7086419 -0.216278 0.6710783 -0.7091387 -0.1697479 0.5161615 -0.8395016 -0.2991056 0.6384991 -0.7091225 -0.2312573 0.4936661 -0.8383399 -0.3798382 0.5937047 -0.7093925 -0.2896022 0.4592442 -0.839777 -0.1176683 0.1403157 -0.9830899 -0.1123396 0.1498999 -0.9822982 -0.2374454 0.2816707 -0.9296673 -0.2068613 0.2800004 -0.9374477 -0.3459935 0.4196388 -0.8391613 -0.4453053 0.5473503 -0.7085978 -0.2535862 0.2672266 -0.9296687 -0.6169547 0.2888148 -0.7320881 -0.4686717 0.2790088 -0.8381533 -0.6059775 0.3608088 -0.7089487 -0.4232576 0.335626 -0.8415511 -0.2748565 0.1796806 -0.9445469 -0.1548917 0.104613 -0.982377 -0.1427995 0.1135835 -0.9832126 -0.3446775 0.1281864 -0.9299278 -0.5119519 0.1904274 -0.8376411 -0.6614499 0.246071 -0.7084724 -0.1707455 0.06426455 -0.9832172 -0.1714125 0.07848751 -0.982068 -0.1584964 0.09026183 -0.9832251 -0.1821232 0.002375754 -0.9832728 -0.1812296 0.01835328 -0.9832695 -0.3675763 0.004851702 -0.9299807 -0.3656879 0.03681088 -0.9300093 -0.5460376 0.007241559 -0.8377294 -0.543327 0.05468643 -0.8377382 -0.7055661 0.009374405 -0.7085821 -0.7021835 0.07064782 -0.7084823 -0.1822398 -0.01090282 -0.9831937 -0.3656113 -0.02848189 -0.9303318 0.9488087 0.2543856 -0.1872163 0.8090365 0.2066199 -0.5502437 0.8908011 0.4125464 -0.1904702 0.9136662 0.3058771 -0.2676812 0.6583049 0.7295027 -0.1856355 0.7153313 0.6745525 -0.1824283 0.7661288 0.6155473 -0.1847925 0.8098185 0.5549676 -0.1902759 0.845156 0.4558544 -0.2791203 0.6068264 0.7710436 -0.1930114 0.5416037 0.8194822 -0.187388 0.4915809 0.844565 -0.2122689 0.4213724 0.8871729 -0.1880678 0.3710048 0.8958852 -0.2444283 0.302931 0.9348159 -0.1853431 0.2403577 0.941311 -0.2369846 0.1780543 0.9669722 -0.182377 0.04028105 0.9278334 -0.3708135 0.04141724 0.832425 -0.5525878 0.1010695 0.8297093 -0.5489694 0.1123288 0.9219833 -0.3705794 0.1533142 0.8216209 -0.5490299 0.1703598 0.9130416 -0.370584 0.2054401 0.8102063 -0.5489628 0.2282855 0.9002976 -0.3706074 0.2576516 0.795112 -0.5490106 0.2863171 0.8835115 -0.3707155 0.3100436 0.7761286 -0.5490877 0.3445464 0.8624798 -0.370697 0.3620269 0.7531973 -0.5492089 0.4023597 0.8371099 -0.3706127 0.4128065 0.7265839 -0.5492419 0.4587728 0.8075258 -0.370715 0.4628225 0.6958539 -0.5491654 0.5143176 0.7732819 -0.3708268 0.512487 0.6601039 -0.5491993 0.5695511 0.7336178 -0.3706972 0.5610215 0.6192643 -0.5493329 0.6235524 0.6883028 -0.3707042 0.6074663 0.5738298 -0.5492759 0.6751355 0.637739 -0.3707845 0.6512954 0.5234481 -0.5493782 0.7238695 0.5817767 -0.3708758 0.6920082 0.4683176 -0.5493662 0.7691087 0.5205183 -0.3708538 0.7288004 0.4087622 -0.54933 0.809977 0.4542747 -0.3709067 0.7609866 0.3450577 -0.5493948 0.845804 0.3835709 -0.3707949 0.7880108 0.2780256 -0.5493093 0.8757642 0.308958 -0.3709205 0.9000828 0.2301073 -0.3700021 0.1188464 0.9755203 -0.1850288 0.04871577 0.9826609 -0.1788973 -0.04942967 0.9820098 -0.1822457 -0.186751 0.9653192 -0.1824362 -0.3075962 0.9341382 -0.1810259 -0.4242145 0.8877273 -0.1788358 -0.5322414 0.8268904 -0.1815802 -0.6201579 0.7623125 -0.1851592 -0.6867886 0.7015722 -0.1900472 -0.775729 0.6050834 -0.1792164 -0.8596397 0.4789454 -0.177851 -0.9255638 0.3345534 -0.1772162 -0.04523068 0.927565 -0.3709143 -0.04581868 0.8321101 -0.5527146 -0.113863 0.9005575 -0.419561 -0.1048553 0.8292144 -0.5490071 -0.1874009 0.9095785 -0.3708745 -0.1686232 0.8184134 -0.5493321 -0.2848174 0.8837864 -0.3712151 -0.2561746 0.7949391 -0.5499513 -0.3938635 0.8407956 -0.371395 -0.35427 0.7562566 -0.5500625 -0.5003434 0.7820889 -0.3714746 -0.4500323 0.7033997 -0.5501816 -0.5860888 0.720415 -0.370813 -0.5273157 0.6481706 -0.549375 -0.651406 0.6618996 -0.3708897 -0.5860356 0.5955217 -0.5494691 -0.7271851 0.5771427 -0.3716292 -0.6539728 0.5190514 -0.5503682 -0.8070125 0.4588088 -0.3717866 -0.7201463 0.4169909 -0.554534 -0.8704333 0.3227675 -0.3717083 -0.777665 0.2878319 -0.5589185 -0.9654645 0.184309 -0.1841425 -0.9830887 0.015615 -0.1824629 -0.9261487 0.002451802 -0.3771507 -0.9049887 0.09108672 -0.4155703 -0.8172033 0.1724559 -0.5499434 -0.908475 0.1917666 -0.3713472 -0.8314252 0.08361942 -0.5493086 -0.8354367 0.01108211 -0.549475 -0.8419162 -0.04793657 -0.5374748 -0.8331543 -0.06226493 -0.5495244 -0.09537076 0.1547407 -0.9833411 -0.1926156 0.31279 -0.9300869 -0.2879912 0.2290426 -0.929839 -0.2562212 0.2366474 -0.9372026 -0.1341537 0.1238895 -0.9831857 -0.1259185 0.1324658 -0.9831568 -0.1752202 0.04854974 -0.9833315 -0.3540867 0.09887329 -0.9299713 -0.5261556 0.1469033 -0.8376035 -0.6305191 0.1649861 -0.7584361 -0.1789959 0.03382298 -0.9832683 -0.3612294 0.06825019 -0.9299759 -0.5366771 0.1013943 -0.8376735 -0.6885354 0.137171 -0.7121117 0.1512104 -0.005715858 -0.9884851 0.2741846 -0.01648788 -0.9615357 0.9879841 0.0415904 -0.1488548 0.9879845 -0.04158599 -0.1488534 0.9611061 0.04291088 -0.2728253 0.9611055 -0.04290824 -0.2728279 0.9190829 0.03871044 -0.3921582 0.9190828 -0.03871284 -0.3921582 0.8618504 0.03915179 -0.5056491 0.8618513 -0.03915143 -0.5056476 0.7913174 0.03335558 -0.610495 0.7913175 -0.03335225 -0.6104951 0.7073784 0.0332342 -0.7060533 0.707377 -0.03323398 -0.7060547 0.6126352 0.02582001 -0.7899439 0.6126353 -0.02582288 -0.7899438 0.5072729 0.02566636 -0.8614032 0.5072726 -0.02567041 -0.8614032 0.3944102 0.01665448 -0.9187836 0.3944104 -0.01665733 -0.9187834 0.2746121 0.01717244 -0.9614017 0.1507683 0.006427317 -0.9885482 0.04153072 -0.988016 -0.1486593 0.0428702 -0.9611314 -0.2727426 0.03865254 -0.9191079 -0.3921055 0.03912516 -0.8619132 -0.5055442 0.03332003 -0.7912832 -0.6105413 0.03323451 -0.7073787 -0.706053 0.02583468 -0.6126079 -0.7899647 0.02568892 -0.5073368 -0.8613649 0.01667883 -0.3944473 -0.9187672 0.01658791 -0.2742396 -0.9615183 0.005815265 -0.1511295 -0.9884969 -0.9890691 -0.006141716 -0.1473251 -0.9607606 -0.001175612 -0.2773763 -0.9221532 -0.01039006 -0.3866854 -0.8590375 -0.006774492 -0.5118679 -0.795858 -0.01836769 -0.6052046 -0.7009322 -0.009362873 -0.7131664 -0.6189205 -0.02469289 -0.7850654 -0.4967972 -0.008243015 -0.8678275 -0.4026377 -0.02896593 -0.914901 -0.2739148 -0.03266742 -0.961199 -0.1491718 -0.04165744 -0.9879334 -0.04204396 -0.9879315 -0.1490761 -0.03344512 -0.9611869 -0.2738633 -0.04205597 -0.9186967 -0.3927182 -0.03291949 -0.8615328 -0.5066336 -0.03339309 -0.784755 -0.6189059 -0.009891002 -0.7158845 -0.6981487 -0.03451963 -0.6046313 -0.7957571 -0.01445938 -0.516148 -0.8563774 -0.03555357 -0.3859856 -0.9218194 -0.01903134 -0.2829244 -0.9589534 -0.04214376 -0.1488894 -0.9879554 -0.01340008 0.1609959 -0.9868641 -0.02527126 0.9873919 -0.1562643 0.04158424 0.9879849 -0.1488509 -0.02799947 0.9631633 -0.2674555 0.04292063 0.9611074 -0.2728192 -0.02390992 0.9267403 -0.3749411 0.0387202 0.9190801 -0.3921638 -0.02579754 0.8773357 -0.4791832 0.03916209 0.8618534 -0.5056433 -0.02116068 0.8159951 -0.5776714 0.03336583 0.7913132 -0.6105 -0.03133331 0.704859 -0.7086551 0.03319596 0.7073621 -0.7060715 -0.02964622 0.5796533 -0.8143238 0.02578164 0.6126551 -0.7899297 -0.02571311 0.4813854 -0.8761318 0.02565393 0.5072663 -0.8614075 -0.01900948 0.3765564 -0.9261986 0.01664203 0.3944175 -0.9187806 -0.02121947 0.2668774 -0.9634968 0.01717507 0.2746137 -0.9614012 0.006431815 0.1507649 -0.9885487 0 1 0 0 1 0 0 1 0 0 1 0 0 1 0 0 1 0 0 1 0 0 1 0 0 1 0 0 1 0 0 1 0 0 1 0 0 1 0 0 1 0 0 1 0 0 1 0 0 1 0 0 1 0 0 1 0 0 1 0 0 1 0 0 1 0 1.828775e-14 -1 -9.663188e-14 -2.460799e-14 -1 1.096532e-13 -1.551358e-15 -1 8.108275e-15 -6.868467e-14 -1 3.067355e-13 -2.047943e-14 -1 1.019089e-13 2.826155e-14 -1 -9.584674e-14 6.823428e-14 -1 -2.520119e-13 1.011109e-14 -1 -3.775368e-14 -1.003643e-14 -1 3.329785e-14 9.93961e-15 -1 -3.343289e-14 -1.114155e-14 -1 3.281112e-14 -0.0637459 -0.9979632 0.002437624 1.142152e-14 -1 -9.933721e-14 -1.147965e-14 -1 9.966976e-14 1.155265e-14 -1 -1.047746e-13 4.355274e-16 -1 -3.943715e-15 -1.275145e-14 -1 1.059221e-13 -2.245372e-14 -1 1.872508e-13 2.312082e-14 -1 -1.744234e-13 0 -1 0 0 -1 0 1.475553e-16 -1 -9.424993e-16 -1.681538e-16 -1 -2.127078e-16 -0.9971134 -0.07569553 -0.00592708 0.9799977 -0.1988337 -0.008349972 0.9478545 -0.3186878 -0.003150017 0.9258378 -0.377762 -0.01096148 0.844737 -0.5350109 -0.0135149 0.7487209 -0.6628429 -0.00750211 0.6606743 -0.7506414 -0.006852313 0.534737 -0.8449767 -0.008410128 0.3912309 -0.9201834 -0.01417376 0.240138 -0.9706706 -0.01150429 0.09913353 -0.9949868 -0.01317999 -0.04912457 -0.9987513 -0.009086636 -0.1931698 -0.981124 -0.009002205 -0.3326617 -0.9429997 -0.009367372 -0.4708406 -0.8821232 -0.01295611 -0.6026143 -0.797889 -0.01513803 -0.7003095 -0.7138018 -0.007322889 -0.7537142 -0.6571938 -0.003362075 -0.8358358 -0.5489011 -0.00927602 -0.9187292 -0.3946981 -0.01225164 -0.9741184 -0.2257052 -0.01227099 -0.089326 0.8028129 0.5895018 -0.07103361 0.7670451 0.6376489 -0.0937242 0.6558356 0.7490631 -0.1492727 0.4474469 0.8817647 -0.1912419 0.4241708 0.8851585 -0.2166212 0.4977852 0.8398126 -0.01697488 0.6541011 0.7562167 -0.005220743 0.6384965 0.769607 -0.019961 0.4647767 0.8852029 -0.05615473 0.1418092 0.9883 -0.07969778 0.1818736 0.9800869 -0.06765803 0.2760675 0.958754 -0.09065755 0.8933525 0.4401166 -0.1133584 0.9289248 0.3524891 -0.08534236 0.9639676 0.2519585 -0.05739277 0.9433788 0.3267148 -0.03677431 0.9192355 0.3919869 -0.06164353 0.8529579 0.5183271 -0.1363688 0.9544421 0.2654126 -0.1687579 0.973252 0.1558888 -0.1134787 0.9802327 0.1620693 -0.3860112 0.8174825 0.4274549 -0.3929108 0.8567099 0.3341696 -0.3008837 0.7867305 0.5390028 -0.4064682 0.8961911 0.1778343 -0.3453829 0.9250364 0.1581719 -0.01320017 0.8770356 0.4802441 0 0.769262 0.6389335 -0.009869212 0.782447 0.6226389 -0.007541153 0.9873637 0.158291 0 0.9464864 0.3227438 -0.009093347 0.9528858 0.303193 -0.02052753 0.8929689 0.4496501 -0.03383299 0.8116283 0.5831937 -0.03026877 0.9665972 0.2545066 -0.01116521 0.991098 0.1326654 -0.02496379 0.9955573 0.09078777 -0.05469353 0.9823091 0.179102 -0.0254799 0.08534243 0.9960258 -0.03377448 0.1999544 0.9792229 -0.03057615 0.3074941 0.9510586 -0.06070427 0.3776152 0.9239706 -0.02727678 0.4067301 0.9131411 -0.05638149 0.4609717 0.8856219 -0.03195926 0.4941157 0.8688085 -0.04840148 0.5547155 0.8306311 -0.03320634 0.6933044 0.7198794 -0.01861643 0.1484881 0.988739 -0.01657765 0.2619099 0.9649499 -0.01484168 0.3662102 0.9304138 -0.1687222 0.3739125 0.9119881 -0.1338879 0.4331678 0.8913134 -0.1368423 0.3251824 0.9356979 -0.2072352 0.694986 0.6885115 -0.1834883 0.6406757 0.7455647 -0.1584667 0.5729802 0.8041032 -0.1258844 0.5114404 0.8500481 -0.2573884 0.5674988 0.7821102 -0.2895597 0.6444549 0.7076956 -0.2648255 0.7173351 0.6444361 -0.3223442 0.7123006 0.6234758 -0.3501663 0.7719163 0.5305929 -0.2383703 0.7597349 0.6049649 -0.2844187 0.8295571 0.4805632 -0.3223449 0.8913851 0.3186319 -0.2608107 0.9259565 0.2730976 -0.2092355 0.9514767 0.2256383 -0.225066 0.8852259 0.4070877 -0.1789574 0.9245242 0.3364956 -0.1894757 0.8351148 0.5164129 -0.1448731 0.8868306 0.4387974 -0.1611398 0.7908556 0.5904079 -0.1146331 0.836771 0.535419 -0.1384898 0.7476593 0.6494815 -0.1175541 0.7036255 0.7007797 -0.1024107 0.2580719 0.9606825 -0.1025658 0.3534478 0.9298145 -0.09315697 0.4476441 0.8893461 -0.06940394 0.6050337 0.7931692 -0.05115726 0.7342998 0.6768949 -0.2890785 0.9474863 0.1367601 -0.2428256 0.9623126 0.1224347 -0.07452962 0.9934617 0.08648173 -0.04051135 0.998212 0.04394932 0.2641548 0.6821211 0.68186 0.2318804 0.7340571 0.6382724 0.2660157 0.7885972 0.5543917 0.01323377 0.9911968 0.1317337 0.02884496 0.99675 0.07521609 0.09714671 0.8355235 0.5407985 0.06131636 0.7710556 0.6338087 0.05330215 0.8526604 0.5197395 0.1025658 0.3534478 0.9298145 0.06830231 0.2763233 0.9586346 0.0607089 0.3785835 0.923574 0.03449119 0.1990151 0.9793893 0.2365966 0.6390315 0.7318886 0.2035949 0.5714655 0.7949694 0.1691927 0.5050399 0.8463501 0.1370084 0.4293667 0.8926774 0.1338272 0.5299993 0.8373715 0.1933896 0.6330401 0.7495737 0.2108885 0.7788922 0.5906377 0.1581337 0.6975022 0.6989166 0.1125548 0.5924785 0.7976846 0.07050908 0.4618121 0.8841708 0.09070518 0.446591 0.8901287 0.03815896 0.3968531 0.9170886 0.02930587 0.3071064 0.9512239 0.01657765 0.2619099 0.9649499 0.01861643 0.1484881 0.988739 0.1767116 0.8291745 0.5303232 0.1364199 0.7471384 0.6505181 0.1275287 0.7823462 0.6096482 0.09358778 0.6561833 0.7487755 0.08287659 0.7153013 0.6938844 0.04579237 0.5528992 0.8319889 0.04050882 0.6272901 0.7777314 0.05378475 0.9830568 0.175233 0.08868731 0.9648183 0.247508 0.03292351 0.9670331 0.2525133 0.06246022 0.9421296 0.3293791 0.03133765 0.6925989 0.7206419 0.0369779 0.7438364 0.667338 0.01654348 0.8094303 0.5869828 0.02308863 0.8918053 0.4518299 0.01423795 0.8731196 0.4872981 0.01052941 0.9433482 0.3316373 0.1404036 0.886236 0.4414437 0.08688939 0.8951361 0.4372433 0.0432349 0.9190617 0.3917349 0.01511891 0.9518411 0.3062188 0.1699197 0.9698419 0.1747397 0.1356942 0.9544676 0.2656664 0.1107927 0.9301651 0.3500254 0.07755043 0.9931391 0.08752504 0.1167678 0.9838875 0.1353909 0.1905304 0.9722585 0.1356892 0.2860825 0.9481141 0.1386957 0.3494225 0.9234434 0.1586072 0.3226625 0.8913378 0.3184429 0.2958611 0.836056 0.4620352 0.1789574 0.9245242 0.3364956 0.2236945 0.8850159 0.4082986 0.2101394 0.951375 0.2252267 0.2608107 0.9259565 0.2730976 0.2379056 0.9647786 0.1122635 0.01117399 0.5116814 0.8591026 0.01025412 0.5914377 0.8062855 0.009356637 0.6637063 0.7479347 0.008448124 0.7287894 0.6846858 0 0.784271 0.6204184 0.01254026 0.9865499 0.1629785 -0.06378546 0.9979606 -0.002451727 -0.1493678 -0.9879009 -0.04172508 -0.2587712 -0.9659248 -0.005179126 -0.2830164 -0.9589489 -0.01785419 -0.3870676 -0.9214725 -0.03266731 -0.4999335 -0.866047 -0.005389575 -0.5069822 -0.8614605 -0.02923857 -0.6121907 -0.7900031 -0.03343158 -0.7070734 -0.7071192 -0.005446989 -0.7074443 -0.7063587 -0.02408263 -0.7916394 -0.6104394 -0.02590188 -0.8660408 -0.4999445 -0.005364539 -0.8626493 -0.5055161 -0.01702097 -0.9200494 -0.3914491 -0.01663605 -0.9659386 -0.2587203 -0.005144843 -0.9622195 -0.2721476 -0.008330993 -0.9890661 -0.1473386 -0.00629159 -0.999988 -1.852704e-15 -0.004905828 -0.9659386 0.2587203 -0.005144843 -0.8660408 0.4999445 -0.005364539 -0.7070734 0.7071192 -0.005446989 -0.4999335 0.866047 -0.005389575 -0.2587712 0.9659248 -0.005179126 0 0 -1 0 0 -1 0 0 -1 0 0 -1 0 0 -1 0 0 -1 0 0 -1 0 0 -1 0 0 -1 0 0 -1 0 0 -1 0 0 -1 0 0 -1 0 0 -1 0 0 -1 0 0 -1 0 0 -1 0 0 -1 0 0 -1 0 0 -1 0 0 -1 0 0 -1 0 0 -1 0 0 -1 0 0 -1 0 0 -1 0 0 -1 0 0 -1 0 0 -1 0 0 -1 0 0 -1 0 0 -1 0 0 -1 0 0 -1 0 0 -1 0 0 -1 0 0 -1 0 0 -1 0 0 -1 0 0 -1 0 0 -1 0 0 -1 0 0 -1 0 0 -1 0 0 -1 0 0 -1 0 0 -1 0 0 -1 0 0 -1 0 0 -1 0 0 -1 0 0 -1 -0.2587712 -0.9659248 -0.005179126 -0.4999335 -0.866047 -0.005389575 -0.7070734 -0.7071192 -0.005446989 -0.8660408 -0.4999445 -0.005364539 -0.9659386 -0.2587203 -0.005144843 -0.999988 -2.004127e-15 -0.004905828 -0.9659386 0.2587203 -0.005144843 -0.8660408 0.4999445 -0.005364539 -0.7070734 0.7071192 -0.005446989 -0.4999335 0.866047 -0.005389575 -0.2587712 0.9659248 -0.005179126 -0.9659365 -0.2587281 0.005145294 -0.8660357 -0.4999534 0.00536032 -0.7070963 -0.7070963 0.005432148 -0.4999534 -0.8660357 0.00536032 -0.2587281 -0.9659365 0.005145294 -0.802789 -0.0893338 0.5895332 -0.7671926 -0.07104957 0.6374696 -0.6558567 -0.09372087 0.7490449 -0.5729269 -0.1584754 0.8041395 -0.6407738 -0.1834986 0.7454778 -0.7476195 -0.138487 0.6495279 -0.7908953 -0.1611411 0.5903542 -0.4473957 -0.1492702 0.8817911 -0.4241754 -0.1912104 0.8851632 -0.4977777 -0.216614 0.8398188 -0.3738521 -0.1686877 0.9120192 -0.6541292 -0.01696833 0.7561925 -0.6384834 -0.005211229 0.7696179 -0.4646898 -0.01994769 0.8852488 -0.1416298 -0.0560959 0.988329 -0.1816443 -0.07965068 0.9801332 -0.2760935 -0.06766242 0.9587462 -0.8933384 -0.09063635 0.4401494 -0.9288622 -0.1133231 0.3526653 -0.9639597 -0.08536129 0.2519823 -0.9434415 -0.05740448 0.3265314 -0.9193397 -0.036798 0.3917401 -0.8530523 -0.06164679 0.5181713 -0.9245212 -0.1789276 0.3365195 -0.9514847 -0.2092133 0.2256249 -0.9729127 -0.1634786 0.1634494 -0.712346 -0.3223576 0.623417 -0.7719375 -0.350144 0.5305767 -0.7867154 -0.30091 0.5390102 -0.8567523 -0.392948 0.3340169 -0.9250103 -0.3454241 0.1582347 -0.891381 -0.322366 0.3186222 -0.9465744 -0.293105 0.1344855 -0.8971298 -0.4053081 0.1757371 -0.8175194 -0.3860823 0.4273202 -0.8295444 -0.2844414 0.4805717 -0.9259544 -0.2608168 0.273099 -0.9653328 -0.2374698 0.1083543 -0.8769008 -0.0132284 0.4804894 -0.7689917 -8.763522e-15 0.6392587 -0.7823587 -0.009860352 0.6227501 -0.9874154 -0.007535514 0.1579688 -0.9466254 1.352782e-14 0.3223357 -0.9528628 -0.009106116 0.3032649 -0.8929002 -0.02054914 0.4497855 -0.8116925 -0.03382602 0.5831046 -0.9665526 -0.03028518 0.2546741 -0.9911236 -0.01117081 0.1324733 -0.9955274 -0.02488062 0.09113774 -0.9823013 -0.05466058 0.1791547 -0.08535089 -0.02547717 0.9960252 -0.1999474 -0.03376758 0.9792246 -0.3074984 -0.03058796 0.9510568 -0.3776135 -0.06070734 0.9239711 -0.4067102 -0.02726466 0.9131503 -0.4609811 -0.05637199 0.8856176 -0.4940755 -0.03195685 0.8688315 -0.5547887 -0.04840224 0.8305821 -0.6932426 -0.03319962 0.7199392 -0.148459 -0.01860576 0.9887435 -0.2618997 -0.01658701 0.9649526 -0.3662189 -0.01484324 0.9304104 -0.3251316 -0.1368095 0.9357204 -0.433127 -0.1338873 0.8913334 -0.5113781 -0.1258775 0.8500866 -0.5674876 -0.2574044 0.7821131 -0.6950189 -0.2072483 0.6884743 -0.8852263 -0.2250733 0.4070828 -0.8351628 -0.1894816 0.516333 -0.7597253 -0.2383878 0.60497 -0.7172942 -0.2648613 0.6444668 -0.6444102 -0.289578 0.7077288 -0.7036138 -0.1175611 0.7007902 -0.836703 -0.1146561 0.5355203 -0.8868701 -0.1448909 0.4387117 -0.9544337 -0.1363602 0.2654474 -0.9820954 -0.1238517 0.1419488 -0.2581216 -0.1024132 0.9606689 -0.3534782 -0.1025656 0.9298029 -0.4476857 -0.09316126 0.8893247 -0.6050166 -0.06939782 0.7931828 -0.7342606 -0.05114548 0.6769383 -0.9925706 -0.06804943 0.1008602 -0.9981179 -0.04142975 0.04521285 -0.9236867 0.3481223 0.1600431 -0.8848216 0.4017482 0.2359856 -0.8386068 0.3812621 0.389073 -0.9031943 0.4099975 0.127052 -0.9648124 0.08869211 0.2475294 -0.9830438 0.05378224 0.1753063 -0.9931276 0.07751519 0.08768709 -0.8862735 0.1404024 0.4413688 -0.9301055 0.1107519 0.3501967 -0.9544595 0.1356759 0.2657048 -0.1407403 0.05434611 0.9885538 -0.08265395 0.02719447 0.9962072 -0.1989983 0.0344919 0.9793927 -0.7788957 0.2108845 0.5906346 -0.7340238 0.2318964 0.6383049 -0.6330262 0.1934092 0.7495804 -0.5496881 0.2463544 0.7982183 -0.4852483 0.2090653 0.8490146 -0.5716506 0.204938 0.7944911 -0.5300198 0.1338434 0.8373559 -0.5025763 0.1677379 0.8481044 -0.433127 0.1338873 0.8913334 -0.3962155 0.170755 0.9021397 -0.3256761 0.140243 0.9350224 -0.3785815 0.06071167 0.9235746 -0.3534782 0.1025656 0.9298029 -0.276352 0.06831338 0.9586255 -0.2550515 0.1043886 0.9612761 -0.187719 0.07437643 0.9794027 -0.3968396 0.0381492 0.9170949 -0.3071109 0.02931832 0.951222 -0.2618997 0.01658701 0.9649526 -0.148459 0.01860576 0.9887435 -0.5925185 0.1125125 0.7976608 -0.697528 0.1581067 0.698897 -0.7471594 0.1364444 0.6504889 -0.8292167 0.1767227 0.5302535 -0.6273164 0.04051662 0.7777098 -0.6925818 0.03134118 0.7206581 -0.7710322 0.06129253 0.6338396 -0.7438323 0.03695355 0.6673439 -0.8527386 0.05330624 0.5196108 -0.9669898 0.0329184 0.2526799 -0.9421895 0.06247761 0.3292043 -0.9191559 0.04327664 0.3915093 -0.8951274 0.08687035 0.4372648 -0.8355866 0.09712618 0.5407046 -0.7153218 0.08288293 0.6938625 -0.5528722 0.0458112 0.8320058 -0.9912229 0.01325384 0.1315351 -0.9967145 0.02551624 0.0768707 -0.9865973 0.01256976 0.1626894 -0.9518233 0.01511679 0.3062742 -0.9434768 0.01057566 0.3312698 -0.8917448 0.02309316 0.451949 -0.8729863 0.01422865 0.4875371 -0.8094282 0.01651896 0.5869864 -0.7841758 9.556585e-16 0.6205387 -0.9837304 0.1241229 0.1298767 -0.4618192 0.07049061 0.8841686 -0.6561766 0.09361631 0.7487778 -0.782338 0.1275359 0.6096571 -0.946609 0.2886436 0.1435835 -0.8934026 0.315695 0.3196381 -0.7761203 0.3457206 0.5273657 -0.5892701 0.2643564 0.7634634 -0.6390265 0.2366152 0.7318869 -0.6453073 0.2887147 0.707264 -0.6821614 0.2641773 0.681811 -0.6952823 0.3102128 0.6483445 -0.7885407 0.2660076 0.554476 -0.9647802 0.2378989 0.1122646 -0.9259544 0.2608168 0.273099 -0.8401497 0.2907382 0.4578426 -0.7297745 0.3219329 0.6031487 -0.9778508 0.1899735 0.08785148 -0.9704344 0.162603 0.1783742 -0.9513814 0.2101315 0.2252069 -0.9245212 0.1789276 0.3365195 -0.8850159 0.2237036 0.4082935 -0.7288276 0.008428165 0.6846454 -0.6637347 0.009359166 0.7479095 -0.591458 0.010255 0.8062706 -0.5116434 0.01118246 0.8591251 -0.4466361 0.09072023 0.8901045 -0.183563 -0.6020324 -0.7770854 -0.1834179 -0.3938701 -0.9006799 -0.1771187 -0.1742033 -0.9686497 -0.1758535 -0.9011163 -0.3963143 -0.1785542 -0.9685874 -0.1730802 -0.4009878 -0.9012304 -0.164294 -0.6186869 -0.7739217 -0.1351727 -0.7929782 -0.6004782 -0.1030117 -0.9183043 -0.3906123 -0.0643376 -0.9842837 -0.1742479 -0.02869179 -0.9838523 -0.1637817 -0.07218215 -0.9838589 -0.1411491 -0.1099935 -0.9838617 -0.1099871 -0.1411347 -0.9838573 -0.07218046 -0.1637525 -0.9838146 -0.03110311 -0.1764696 -0.9186297 -0.0709169 -0.3887033 -0.7939007 -0.1102256 -0.5979732 -0.6204547 -0.1428726 -0.7711183 -0.4111698 -0.1652269 -0.8964594 -0.9186193 -0.1593863 -0.3615723 -0.7934928 -0.2454431 -0.5568903 -0.6193755 -0.3166482 -0.7184065 -0.4069249 -0.3684049 -0.8358767 -0.918613 -0.2428994 -0.3116891 -0.7934675 -0.3741 -0.4800609 -0.6193738 -0.4825662 -0.6192785 -0.4068903 -0.5615085 -0.7205196 -0.9186073 -0.3116836 -0.2429279 -0.7934702 -0.4800393 -0.3741221 -0.6193647 -0.6192905 -0.4825627 -0.4069558 -0.720496 -0.5614913 -0.1821637 -0.7720031 -0.6089562 -0.9186018 -0.3616258 -0.1593659 -0.7935303 -0.5568459 -0.2454225 -0.6194181 -0.7183773 -0.3166312 -0.4068535 -0.8359302 -0.3683625 0.04560458 -0.9980058 0.04364121 0.08933308 -0.8028157 0.5894969 0.07104957 -0.7671926 0.6374696 0.09372087 -0.6558567 0.7490449 0.1584754 -0.5729269 0.8041395 0.1834986 -0.6407738 0.7454778 0.1384923 -0.7476178 0.6495286 0.1611441 -0.7908933 0.5903562 0.1492702 -0.4473957 0.8817911 0.01696833 -0.6541292 0.7561925 0.005211229 -0.6384834 0.7696179 0.01994769 -0.4646898 0.8852488 0.06766242 -0.2760935 0.9587462 0.09063592 -0.8933385 0.4401493 0.1133231 -0.9288622 0.3526653 0.08536129 -0.9639597 0.2519823 0.05740102 -0.9434373 0.3265443 0.03680049 -0.9193362 0.3917482 0.06164783 -0.8530518 0.518172 0.06778724 -0.9926042 0.1007065 0.1153153 -0.9834621 0.1396589 0.1789276 -0.9245212 0.3365195 0.2092133 -0.9514847 0.2256249 0.1711264 -0.9731313 0.1540495 0.2895052 -0.947753 0.1339812 0.3435042 -0.9254606 0.1597737 0.3199655 -0.8929899 0.3165298 0.0132284 -0.8769008 0.4804894 1.115147e-14 -0.7689917 0.6392587 0.009860352 -0.7823587 0.6227501 0.007535514 -0.9874154 0.1579688 0 -0.9466254 0.3223357 0.009106116 -0.9528628 0.3032649 0.02054897 -0.8929048 0.4497763 0.03382667 -0.8116927 0.5831044 0.03028508 -0.9665526 0.2546741 0.01117081 -0.9911236 0.1324733 0.02488062 -0.9955274 0.09113774 0.05466058 -0.9823013 0.1791547 0.03376758 -0.1999474 0.9792246 0.03058796 -0.3074984 0.9510568 0.06070734 -0.3776135 0.9239711 0.02726466 -0.4067102 0.9131503 0.05637199 -0.4609811 0.8856176 0.03195685 -0.4940755 0.8688315 0.04840224 -0.5547887 0.8305821 0.03319962 -0.6932426 0.7199392 0.01860576 -0.148459 0.9887435 0.01658701 -0.2618997 0.9649526 0.01484324 -0.3662189 0.9304104 0.1338873 -0.433127 0.8913334 0.1258775 -0.5113781 0.8500866 0.2072483 -0.6950189 0.6884743 0.2250733 -0.8852263 0.4070828 0.1894816 -0.8351628 0.516333 0.2383878 -0.7597253 0.60497 0.2648613 -0.7172942 0.6444668 0.1175633 -0.7036143 0.7007894 0.1146616 -0.8367087 0.5355103 0.1448842 -0.8868611 0.4387322 0.1363602 -0.9544337 0.2654474 0.1025656 -0.3534782 0.9298029 0.09316126 -0.4476857 0.8893247 0.06939782 -0.6050166 0.7931828 0.05114548 -0.7342606 0.6769383 0.2972432 -0.7788899 0.5522472 0.2851611 -0.8291202 0.4808772 0.2608168 -0.9259544 0.273099 0.2418941 -0.9640494 0.1099818 -0.3480299 -0.9237369 0.1599543 -0.4017482 -0.8848216 0.2359856 -0.3812621 -0.8386068 0.389073 -0.4137814 -0.9014413 0.1272344 -0.08869211 -0.9648124 0.2475294 -0.05378224 -0.9830438 0.1753063 -0.07657129 -0.9933848 0.08557685 -0.1404046 -0.8862816 0.4413519 -0.1107519 -0.9301055 0.3501967 -0.1356759 -0.9544595 0.2657048 -0.05434611 -0.1407403 0.9885538 -0.02719183 -0.0826522 0.9962074 -0.0344919 -0.1989983 0.9793927 -0.2108845 -0.7788957 0.5906346 -0.2318964 -0.7340238 0.6383049 -0.1934092 -0.6330262 0.7495804 -0.2463544 -0.5496881 0.7982183 -0.2090653 -0.4852483 0.8490146 -0.204938 -0.5716506 0.7944911 -0.1338434 -0.5300198 0.8373559 -0.1677379 -0.5025763 0.8481044 -0.1338873 -0.433127 0.8913334 -0.1707536 -0.3962155 0.9021399 -0.1402414 -0.325677 0.9350224 -0.06071167 -0.3785815 0.9235746 -0.1025656 -0.3534782 0.9298029 -0.06831338 -0.276352 0.9586255 -0.1043882 -0.2550522 0.961276 -0.07437643 -0.187719 0.9794027 -0.0381492 -0.3968396 0.9170949 -0.02931832 -0.3071109 0.951222 -0.01658701 -0.2618997 0.9649526 -0.01860576 -0.148459 0.9887435 -0.1125125 -0.5925185 0.7976608 -0.1581067 -0.697528 0.698897 -0.1364444 -0.7471594 0.6504889 -0.1767227 -0.8292167 0.5302535 -0.04051662 -0.6273164 0.7777098 -0.03134118 -0.6925818 0.7206581 -0.0612927 -0.7710212 0.6338529 -0.03695355 -0.7438323 0.6673439 -0.05330724 -0.8527372 0.5196129 -0.03291918 -0.9669898 0.2526796 -0.06248487 -0.9421945 0.3291885 -0.04326896 -0.9191607 0.3914989 -0.08687164 -0.8951281 0.4372631 -0.09711924 -0.835596 0.5406915 -0.08288002 -0.7153208 0.6938638 -0.0458112 -0.5528722 0.8320058 -0.01325384 -0.9912229 0.1315351 -0.02551624 -0.9967145 0.0768707 -0.01256976 -0.9865973 0.1626894 -0.01511761 -0.951823 0.306275 -0.01057566 -0.9434768 0.3312698 -0.02309506 -0.8917387 0.4519609 -0.01422865 -0.8729863 0.4875371 -0.01651896 -0.8094282 0.5869864 -4.059726e-14 -0.7841758 0.6205387 -0.07049061 -0.4618192 0.8841686 -0.09361631 -0.6561766 0.7487778 -0.1275294 -0.7823417 0.6096538 -0.2406065 -0.964348 0.1101883 -0.2814752 -0.9464879 0.1578995 -0.315695 -0.8934026 0.3196381 -0.3457206 -0.7761203 0.5273657 -0.2643564 -0.5892701 0.7634634 -0.2366152 -0.6390265 0.7318869 -0.2887147 -0.6453073 0.707264 -0.2641773 -0.6821614 0.681811 -0.3102128 -0.6952823 0.6483445 -0.2660076 -0.7885407 0.554476 -0.2608168 -0.9259544 0.273099 -0.2907382 -0.8401497 0.4578426 -0.3219329 -0.7297745 0.6031487 -0.1191168 -0.9835442 0.1358379 -0.1899735 -0.9778508 0.08785148 -0.162603 -0.9704344 0.1783742 -0.2101315 -0.9513814 0.2252069 -0.1789276 -0.9245212 0.3365195 -0.2237036 -0.8850159 0.4082935 -0.008428165 -0.7288276 0.6846454 -0.009359166 -0.6637347 0.7479095 -0.010255 -0.591458 0.8062706 -0.01118246 -0.5116434 0.8591251 -0.09072023 -0.4466361 0.8901045 -0.8023784 -0.4388084 0.4045197 -0.6910923 -0.3776 0.616287 -0.1908077 -0.3541974 0.915498 -0.4715434 -0.8617321 0.1872557 -0.3736861 -0.6934156 0.6160629 -0.2907414 -0.537744 0.7913917 -0.08475379 -0.1625989 0.9830455 -0.1021763 -0.1526808 0.9829794 -0.1165989 -0.1419723 0.9829794 -0.1299052 -0.1299055 0.9829798 -0.1419726 -0.1165988 0.9829794 -0.1526807 -0.1021762 0.9829795 -0.1615459 -0.08662834 0.9830557 -0.352747 -0.1887163 0.916491 -0.5400373 -0.2919861 0.7893693 -0.7625183 -0.6204048 0.183477 -0.8155547 -0.5484631 0.1845505 -0.8619981 -0.4712095 0.1868713 -0.6951472 -0.694141 0.1869189 -0.6217579 -0.7612581 0.1841282 -0.5505202 -0.8144285 0.1833952 -0.7599583 -0.5085754 0.4047401 -0.7066601 -0.5803626 0.4047354 -0.6466034 -0.6466029 0.4047329 -0.580363 -0.70666 0.4047351 -0.5085745 -0.7599588 0.4047401 -0.4374392 -0.8039217 0.4029353 -0.6543227 -0.4378821 0.6165396 -0.6084299 -0.4996904 0.6165408 -0.5567243 -0.5567234 0.6165364 -0.4996897 -0.6084305 0.6165408 -0.4378832 -0.6543217 0.61654 -0.5088485 -0.34053 0.7906406 -0.4731614 -0.3885972 0.7906393 -0.4329497 -0.4329495 0.7906385 -0.3885974 -0.4731614 0.7906392 -0.3405301 -0.5088495 0.7906399 -0.3325056 -0.2225186 0.9164745 -0.3091863 -0.2539279 0.9164739 -0.2829075 -0.282908 0.916475 -0.2539284 -0.309186 0.9164739 -0.2225175 -0.3325057 0.9164747 0.4008972 -0.08732 -0.9119521 0.6071643 -0.1257763 -0.7845584 0.7763944 -0.1571421 -0.6103426 0.8987995 -0.1795773 -0.3998892 0.9652566 -0.1772007 -0.1920407 0.5975355 -0.778238 -0.1931242 0.1795902 -0.8987994 -0.3998837 0.1571025 -0.776372 -0.6103813 0.1257644 -0.6071444 -0.7845757 0.08733085 -0.4009304 -0.9119365 0.04242023 -0.1837684 -0.9820538 0.183769 -0.04242424 -0.9820535 0.1781275 -0.07850896 -0.9808705 0.1535499 -0.1196647 -0.9808684 0.1196517 -0.1535284 -0.9808733 0.07851588 -0.1781232 -0.9808707 0.1802926 -0.9648932 -0.1909862 0.3889056 -0.9007034 -0.1936127 0.7683634 -0.6102186 -0.193005 0.8971936 -0.3931617 -0.2011654 0.369702 -0.8387314 -0.3998125 0.5633892 -0.72299 -0.3998476 0.7229794 -0.5634214 -0.3998212 0.8387293 -0.3696368 -0.3998772 0.3195738 -0.7250532 -0.6100577 0.4870436 -0.6250273 -0.6100241 0.624968 -0.4870089 -0.6101125 0.7250347 -0.3195829 -0.6100749 0.2503175 -0.5679218 -0.7840956 0.3815007 -0.4895478 -0.7840919 0.4895636 -0.3814959 -0.7840844 0.5679137 -0.2503466 -0.7840922 0.1659169 -0.3764241 -0.9114694 0.2528593 -0.3244539 -0.9114778 0.3244753 -0.2528459 -0.9114739 0.3763976 -0.1659128 -0.9114811 0.08732095 0.4008998 -0.9119509 0.125794 0.6071788 -0.7845443 0.1571391 0.776392 -0.6103464 0.1795926 0.8988002 -0.399881 0.177197 0.9652596 -0.1920289 0.9007208 0.3889061 -0.1935305 0.8988072 0.1795745 -0.3998734 0.7763956 0.1571107 -0.6103491 0.6071663 0.1257829 -0.7845557 0.4009051 0.08733148 -0.9119475 0.1837719 0.04242513 -0.9820529 0.04242478 0.183769 -0.9820535 0.07852084 0.1781213 -0.9808707 0.1196481 0.1535434 -0.9808714 0.1535411 0.1196492 -0.9808717 0.1781215 0.07852039 -0.9808707 0.964905 0.18026 -0.1909572 0.7797349 0.5953138 -0.1939458 0.6015312 0.7730082 -0.2015404 0.3930817 0.8972199 -0.2012042 0.8387174 0.3696858 -0.3998569 0.7229782 0.5633724 -0.3998926 0.5633701 0.7229836 -0.399886 0.3696728 0.8387225 -0.3998582 0.7250046 0.3195887 -0.6101077 0.6249702 0.4870338 -0.6100905 0.4870383 0.6249675 -0.6100897 0.3195588 0.7250204 -0.6101047 0.567916 0.2503619 -0.7840857 0.4895828 0.3815071 -0.784067 0.3815078 0.4895784 -0.7840694 0.2503554 0.5679311 -0.7840768 0.3764165 0.1659266 -0.9114708 0.3244753 0.2528544 -0.9114716 0.2528523 0.3244765 -0.9114717 0.1659345 0.376405 -0.9114741 -0.4357772 0.4666599 -0.7696277 -0.2882883 0.394189 -0.8726425 -0.3223372 0.4225573 -0.8470797 -0.7164593 0.690931 -0.09643851 -0.1010835 0.9239854 -0.3688266 -0.08874977 0.8277158 -0.5540848 -0.1058984 0.9781511 -0.1789023 -0.140129 0.6927682 -0.7074151 -0.1675605 0.8225145 -0.543501 -0.1856489 0.9115339 -0.3669338 -0.1922988 0.9646744 -0.1800679 -0.4724233 0.8626407 -0.1807406 -0.6259121 0.7603019 -0.1737095 -0.6058583 0.7903472 -0.09103289 -0.4856718 0.5743402 -0.6589812 -0.5838179 0.6287896 -0.5135955 -0.4714058 0.7094315 -0.5239118 -0.5799006 0.7322836 -0.3570378 -0.5174262 0.7795168 -0.3530209 -0.5506172 0.8155336 -0.1781168 -0.2701637 0.6631522 -0.6980263 -0.3242246 0.7803034 -0.5347945 -0.2447566 0.8020236 -0.5448415 -0.3605119 0.8600229 -0.3610981 -0.2747533 0.8897418 -0.3645137 -0.3808791 0.9068786 -0.1802842 -0.2953934 0.9399243 -0.1711288 -0.6309601 0.4575761 -0.626509 -0.6752944 0.4158429 -0.6091405 -0.7849132 0.37342 -0.4944378 -0.889915 0.4492212 -0.07906671 -0.8352375 0.5415665 -0.09531049 -0.8132361 0.5582696 -0.1642624 -0.7104023 0.6837141 -0.166924 -0.7882443 0.563026 -0.2483396 -0.68824 0.6776042 -0.2591875 -0.7456022 0.565113 -0.3531638 -0.6571493 0.6586233 -0.3665653 -0.9729269 0.2201186 -0.07043422 -0.9210948 0.378443 -0.09146197 -0.9557813 0.249241 -0.15608 -0.8994005 0.4067716 -0.1600484 -0.9296522 0.2816834 -0.2374895 -0.8723262 0.4244697 -0.2426366 -0.8947778 0.3108068 -0.3205805 -0.8376736 0.4390581 -0.3248552 -0.8528428 0.3373597 -0.398557 -0.7931172 0.4531043 -0.4070155 -0.7300834 0.4586765 -0.5065511 -0.2461154 0.3889416 -0.887779 -0.3684723 0.4959137 -0.7863191 -0.1725639 0.4306232 -0.8858811 -0.5387995 0.4227286 -0.7286945 -0.5377263 0.4356653 -0.7218353 -0.4900276 0.4454113 -0.7493209 -0.1307757 0.2787211 -0.9514264 -0.1476886 0.3259338 -0.9337854 -0.1613222 0.3818558 -0.9100337 -0.5684064 0.5206631 -0.6370432 -0.6693646 0.5520643 -0.497168 -0.09883451 0.248288 -0.9636311 -0.1127772 0.5484688 -0.8285308 -0.08178698 0.3464567 -0.9344938 -0.06791732 0.2174964 -0.9736953 -0.20149 0.3795984 -0.9029434 -0.1386809 0.3754038 -0.9164276 -0.2992516 0.5115101 -0.8054849 -0.2100303 0.5323161 -0.8200773 -0.3872843 0.6192986 -0.6829935 -0.392898 0.7489567 -0.5335682 -0.4417714 0.8229203 -0.3572676 -0.4388231 0.8023813 0.4044979 -0.3776082 0.6910567 0.6163218 -0.3542 0.1908098 0.9154966 -0.8614262 0.4723594 0.1866052 -0.6934159 0.3736884 0.6160612 -0.5377463 0.2907464 0.7913883 -0.1625975 0.08475377 0.9830457 -0.1526824 0.1021772 0.9829791 -0.141977 0.1166015 0.9829784 -0.1299036 0.1299027 0.9829803 -0.1166055 0.1419838 0.982977 -0.1021704 0.1526715 0.9829815 -0.08662597 0.1615452 0.983056 -0.1887335 0.3527826 0.9164737 -0.2919891 0.5400245 0.7893769 -0.6221484 0.7608833 0.1843581 -0.5511304 0.8140438 0.1832702 -0.4682476 0.8642101 0.1840789 -0.6919342 0.6980637 0.1842122 -0.7629764 0.6198863 0.183325 -0.8157687 0.5480634 0.1847915 -0.5085785 0.7599561 0.4047402 -0.5803645 0.706669 0.4047171 -0.6466012 0.6466144 0.4047181 -0.7066594 0.5803567 0.4047451 -0.7599603 0.508584 0.4047253 -0.8039217 0.4374383 0.4029363 -0.4378767 0.6543178 0.6165486 -0.4996815 0.6084161 0.6165616 -0.5567244 0.5567284 0.6165318 -0.6084312 0.4996864 0.6165428 -0.6543282 0.4378869 0.6165303 -0.3405254 0.5088405 0.7906477 -0.3885845 0.47315 0.7906523 -0.4329273 0.4329276 0.7906628 -0.4731559 0.3885918 0.7906453 -0.5088405 0.3405226 0.790649 -0.222518 0.3325021 0.9164759 -0.2539262 0.3091901 0.9164731 -0.2829081 0.2829078 0.9164749 -0.3091883 0.2539271 0.9164735 -0.3325079 0.2225175 0.9164739 0 0 1 0 0 1 0 0 1 0 0 1 0 0 1 0 0 1 0 0 1 0 0 1 0 0 1 0 0 1 0 0 1 0 0 1 0 0 1 0 0 1 0 0 1 0 0 1 0 0 1 0 0 1 0 0 1 0 0 1 0 0 1 0 0 1 0 0 1 0 0 1 0 0 1 0 0 1 0 0 1 0 0 1 0 0 1 0 0 1 0 0 1 0 0 1 0 0 1 0 0 1 0 0 1 0 0 1 0 0 1 0 0 1 0 0 1 0 0 1 0 0 1 0 0 1 0 0 1 0 0 1 0 0 1 0 0 1 0 0 1 0 0 1 0 0 1 0 0 1 0 0 1 0 0 1 0 0 1 0 0 1 0 0 1 0 0 1 0 0 1 0 0 1 0 0 1 0 0 1 0 0 1 0 0 1 0 0 1 0 0 1 0 0 1 0 0 1 0 0 1 0 0 1 0 0 1 0 0 1 0 0 1 0 0 1 0 0 1 0 0 1 0 0 1 0 0 1 0 0 1 0 0 1 0 0 1 0 0 1 0 0 1 0 0 1 0 0 1 0 0 1 0 0 1 0 0 1 0 0 1 0 0 1 0 0 1 0 0 1 0 0 1 0 0 1 0 0 1 0 0 1 0 0 1 0 0 1 0 0 1 0 0 1 0 0 1 0 0 1 0 0 1 0 0 1 0 0 1 0 0 1 0 0 1 0 0 1 0 0 1 0 0 1 0 0 1 0 0 1 0 0 1 0 0 1 0 0 1 0 0 1 0 0 1 0 0 1 0 0 1 0 0 1 0 0 1 0 0 1 0 0 1 0 0 1 0 0 1 0 0 1 0 0 1 0 0 1 0 0 1 0 0 1 0 0 1 0 0 1 0 0 1 0 0 1 0 0 1 0 0 1 0 0 1 0 0 1 0 0 1 0 0 1 0 0 1 -1 3.129658e-05 0 -1 3.129658e-05 0 -0.9659055 -0.2588949 0 -0.9659055 -0.2588949 0 -0.8659762 -0.5000852 0 -0.8659762 -0.5000852 0 -0.7071686 -0.7070449 0 -0.7071686 -0.7070449 0 -0.5001292 -0.8659508 0 -0.5001292 -0.8659508 0 -0.2586423 -0.9659732 0 -0.2586423 -0.9659732 0 3.118435e-06 -1 0 3.118435e-06 -1 0 0.2586365 -0.9659747 0 0.2586365 -0.9659747 0 0.5000708 -0.8659845 0 0.5000708 -0.8659845 0 0.707208 -0.7070056 0 0.707208 -0.7070056 0 0.866011 -0.5000249 0 0.866011 -0.5000249 0 0.9659186 -0.258846 0 0.9659186 -0.258846 0 1 3.125229e-05 0 1 3.125229e-05 0 0.9659342 0.2587876 0 0.9659342 0.2587876 0 0.8660568 0.4999455 0 0.8660568 0.4999455 0 0.7070737 0.7071399 0 0.7070737 0.7071399 0 0.4999063 0.8660795 0 0.4999063 0.8660795 0 0.2588658 0.9659133 0 0.2588658 0.9659133 0 3.129509e-06 1 0 3.129509e-06 1 0 -0.2588716 0.9659117 0 -0.2588716 0.9659117 0 -0.4999647 0.8660458 0 -0.4999647 0.8660458 0 -0.7070343 0.7071792 0 -0.7070343 0.7071792 0 -0.866022 0.5000059 0 -0.866022 0.5000059 0 -0.9659211 0.2588367 0 -0.9659211 0.2588367 0 -1 3.118584e-05 0 -1 3.118584e-05 0 -0.9659669 -0.2586657 0 -0.9659669 -0.2586657 0 -0.8659762 -0.5000852 0 -0.8659762 -0.5000852 0 -0.7071068 -0.7071068 0 -0.7071068 -0.7071068 0 -0.5000852 -0.8659762 0 -0.5000852 -0.8659762 0 -0.2586657 -0.9659669 0 -0.2586657 -0.9659669 0 3.118584e-05 -1 0 3.118584e-05 -1 0 0.2586073 -0.9659825 0 0.2586073 -0.9659825 0 0.5000059 -0.866022 0 0.5000059 -0.866022 0 0.7072411 -0.7069725 0 0.7072411 -0.7069725 0 0.8660712 -0.4999208 0 0.8660712 -0.4999208 0 0.9659055 -0.2588949 0 0.9659055 -0.2588949 0 1 3.129658e-05 0 1 3.129658e-05 0 0.9659211 0.2588367 0 0.9659211 0.2588367 0 0.8661169 0.4998414 0 0.8661169 0.4998414 0 0.7071068 0.7071068 0 0.7071068 0.7071068 0 0.4998414 0.8661169 0 0.4998414 0.8661169 0 0.2588367 0.9659211 0 0.2588367 0.9659211 0 3.129658e-05 1 0 3.129658e-05 1 0 -0.2588949 0.9659055 0 -0.2588949 0.9659055 0 -0.4999208 0.8660712 0 -0.4999208 0.8660712 0 -0.7069725 0.7072411 0 -0.7069725 0.7072411 0 -0.866022 0.5000059 0 -0.866022 0.5000059 0 -0.9659825 0.2586073 0 -0.9659825 0.2586073 0 -1 3.118435e-06 0 -1 3.118435e-06 0 -0.9659732 -0.2586423 0 -0.9659732 -0.2586423 0 -0.8659508 -0.5001292 0 -0.8659508 -0.5001292 0 -0.7070449 -0.7071686 0 -0.7070449 -0.7071686 0 -0.5000852 -0.8659762 0 -0.5000852 -0.8659762 0 -0.2588949 -0.9659055 0 -0.2588949 -0.9659055 0 3.129658e-05 -1 0 3.129658e-05 -1 0 0.2588367 -0.9659211 0 0.2588367 -0.9659211 0 0.5000059 -0.866022 0 0.5000059 -0.866022 0 0.7071792 -0.7070343 0 0.7071792 -0.7070343 0 0.8660458 -0.4999647 0 0.8660458 -0.4999647 0 0.9659117 -0.2588716 0 0.9659117 -0.2588716 0 1 3.129509e-06 0 1 3.129509e-06 0 0.9659133 0.2588658 0 0.9659133 0.2588658 0 0.8660795 0.4999063 0 0.8660795 0.4999063 0 0.7071399 0.7070737 0 0.7071399 0.7070737 0 0.4999455 0.8660568 0 0.4999455 0.8660568 0 0.2587876 0.9659342 0 0.2587876 0.9659342 0 3.125229e-05 1 0 3.125229e-05 1 0 -0.258846 0.9659186 0 -0.258846 0.9659186 0 -0.5000249 0.866011 0 -0.5000249 0.866011 0 -0.7070056 0.707208 0 -0.7070056 0.707208 0 -0.8659845 0.5000708 0 -0.8659845 0.5000708 0 -0.9659747 0.2586365 0 -0.9659747 0.2586365 0 -1 3.129509e-06 0 -1 3.129509e-06 0 -0.9659117 -0.2588716 0 -0.9659117 -0.2588716 0 -0.8659508 -0.5001292 0 -0.8659508 -0.5001292 0 -0.7071068 -0.7071068 0 -0.7071068 -0.7071068 0 -0.5001292 -0.8659508 0 -0.5001292 -0.8659508 0 -0.2588716 -0.9659117 0 -0.2588716 -0.9659117 0 3.129509e-06 -1 0 3.129509e-06 -1 0 0.2588658 -0.9659133 0 0.2588658 -0.9659133 0 0.5000708 -0.8659845 0 0.5000708 -0.8659845 0 0.7071461 -0.7070674 0 0.7071461 -0.7070674 0 0.8659856 -0.5000689 0 0.8659856 -0.5000689 0 0.9659249 -0.2588226 0 0.9659249 -0.2588226 0 1 3.12508e-06 0 1 3.12508e-06 0 0.9659264 0.2588168 0 0.9659264 0.2588168 0 0.8660194 0.5000104 0 0.8660194 0.5000104 0 0.7071068 0.7071068 0 0.7071068 0.7071068 0 0.5000104 0.8660194 0 0.5000104 0.8660194 0 0.2588168 0.9659264 0 0.2588168 0.9659264 0 3.12508e-06 1 0 3.12508e-06 1 0 -0.2588226 0.9659249 0 -0.2588226 0.9659249 0 -0.5000689 0.8659856 0 -0.5000689 0.8659856 0 -0.7070674 0.7071461 0 -0.7070674 0.7071461 0 -0.8659845 0.5000708 0 -0.8659845 0.5000708 0 -0.9659133 0.2588658 0 -0.9659133 0.2588658 0 0 0 1 0 0 1 0 0 1 0 0 1 0 0 1 0 0 1 0 0 1 0 0 1 0 0 1 0 0 1 0 0 1 0 0 1 0 0 1 0 0 1 0 0 1 0 0 1 0 0 1 0 0 1 0 0 1 0 0 1 0 0 1 0 0 1 0 0 1 0 0 1 0 0 1 0 0 1 0 0 1 0 0 1 0 0 1 0 0 1 0 0 1 0 0 1 0 0 1 0 0 1 0 0 1 0 0 1 0 0 1 0 0 1 0 0 1 0 0 1 0 0 1 0 0 1 0 0 1 0 0 1 0 0 1 0 0 1 0 0 1 0 0 1 0 0 1 0 0 1 0 0 1 0 0 1 0 0 1 0 0 1 0 0 1 0 0 1 0 0 1 0 0 1 0 0 1 0 0 1 0 0 1 0 0 1 0 0 1 0 0 1 0 0 1 0 0 1 0 0 1 0 0 1 0 0 1 0 0 1 0 0 1 0 0 1 0 0 1 0 0 1 0 0 1 0 0 1 0 0 1 0 0 1 0 0 1 0 0 1 0 0 1 0 0 1 0 0 1 0 0 1 0 0 1 0 0 1 0 0 1 0 0 1 0 0 1 0 0 1 0 0 1 0 0 1 0 0 1 0 0 1 0 0 1 0 0 1 0 0 1 0 0 1 0 0 1 0 0 1</float_array>
          <technique_common>
            <accessor count="3688" source="#normals-array-array" stride="3">
              <param type="float" name="X"/>
              <param type="float" name="Y"/>
              <param type="float" name="Z"/>
            </accessor>
          </technique_common>
        </source>
        <vertices id="verts-array-vertices">
          <input semantic="POSITION" source="#verts-array"/>
        </vertices>
        <triangles count="6148" material="material0">
          <input offset="0" semantic="VERTEX" source="#verts-array-vertices"/>
          <input offset="1" semantic="NORMAL" source="#normals-array"/>
          <p>0 0 1 1 2 2 0 0 2 2 3 3 4 4 5 5 6 6 7 7 6 6 5 5 6 6 7 7 8 8 9 9 8 8 7 7 8 8 9 9 10 10 3 3 10 10 9 9 10 10 3 3 11 11 2 2 11 11 3 3 12 12 13 13 14 14 15 15 14 14 13 13 14 14 15 15 16 16 8 8 17 17 6 6 18 18 6 6 17 17 6 6 18 18 19 19 12 12 20 20 13 13 21 21 13 13 20 20 13 13 21 21 22 22 23 23 22 22 21 21 22 22 23 23 24 24 25 25 24 24 23 23 24 24 25 25 26 26 16 16 27 27 14 14 28 28 14 14 27 27 14 14 28 28 6 6 29 29 6 6 28 28 6 6 29 29 4 4 30 30 31 31 32 32 33 33 32 32 31 31 32 32 33 33 34 34 35 35 36 36 32 32 37 37 32 32 36 36 32 32 37 37 19 19 37 37 38 38 19 19 39 39 19 19 38 38 19 19 39 39 40 40 34 34 41 41 32 32 42 42 32 32 41 41 32 32 42 42 35 35 40 40 43 43 19 19 44 44 19 19 43 43 19 19 44 44 45 45 45 45 46 46 19 19 47 47 19 19 46 46 19 19 47 47 48 48 48 48 49 49 19 19 50 50 19 19 49 49 19 19 50 50 51 51 51 51 52 52 19 19 53 53 19 19 52 52 19 19 53 53 6 6 54 54 55 55 56 56 57 57 58 58 59 59 60 60 59 59 58 58 61 61 62 62 63 63 54 54 63 63 62 62 63 63 54 54 64 64 56 56 64 64 54 54 65 65 66 66 67 67 68 68 69 69 67 67 70 70 67 67 69 69 67 67 70 70 65 65 71 71 72 72 73 73 74 74 73 73 72 72 71 71 75 75 72 72 76 76 72 72 75 75 72 72 76 76 55 55 77 77 55 55 76 76 55 55 77 77 56 56 78 78 79 79 80 80 61 61 80 80 79 79 80 80 61 61 81 81 63 63 81 81 61 61 68 68 82 82 69 69 83 83 69 69 82 82 69 69 83 83 58 58 84 84 58 58 83 83 58 58 84 84 60 60 57 57 59 59 85 85 86 86 85 85 59 59 85 85 86 86 74 74 87 87 74 74 86 86 74 74 87 87 73 73 78 78 88 88 79 79 89 89 79 79 88 88 79 79 89 89 90 90 91 91 90 90 89 89 90 90 91 91 92 92 66 66 92 92 91 91 92 92 66 66 93 93 65 65 93 93 66 66 94 94 95 95 96 96 97 97 98 98 99 99 100 100 99 99 98 98 99 99 100 100 101 101 97 97 102 102 98 98 103 103 98 98 102 102 98 98 103 103 104 104 103 103 105 105 104 104 106 106 104 104 105 105 104 104 106 106 107 107 106 106 108 108 107 107 109 109 107 107 108 108 107 107 109 109 110 110 111 111 112 112 113 113 114 114 113 113 112 112 113 113 114 114 115 115 110 110 115 115 114 114 115 115 110 110 116 116 109 109 116 116 110 110 111 111 117 117 112 112 118 118 112 112 117 117 112 112 118 118 119 119 118 118 120 120 119 119 121 121 119 119 120 120 119 119 121 121 122 122 121 121 123 123 122 122 124 124 122 122 123 123 122 122 124 124 125 125 124 124 126 126 125 125 127 127 125 125 126 126 125 125 127 127 128 128 127 127 129 129 128 128 130 130 128 128 129 129 128 128 130 130 131 131 132 132 131 131 130 130 131 131 132 132 133 133 133 133 134 134 131 131 135 135 131 131 134 134 131 131 135 135 136 136 135 135 137 137 136 136 138 138 136 136 137 137 136 136 138 138 139 139 138 138 140 140 139 139 141 141 139 139 140 140 139 139 141 141 142 142 141 141 143 143 142 142 144 144 142 142 143 143 142 142 144 144 145 145 144 144 146 146 145 145 147 147 145 145 146 146 145 145 147 147 148 148 149 149 148 148 147 147 148 148 149 149 150 150 149 149 151 151 150 150 152 152 150 150 151 151 150 150 152 152 153 153 152 152 154 154 153 153 155 155 153 153 154 154 153 153 155 155 156 156 155 155 157 157 156 156 158 158 156 156 157 157 156 156 158 158 96 96 159 159 96 96 158 158 96 96 159 159 94 94 160 160 161 161 162 162 159 159 158 158 163 163 164 164 165 165 166 166 167 167 168 168 169 169 170 170 171 171 172 172 173 173 174 174 175 175 176 176 177 177 178 178 179 179 180 180 181 181 182 182 183 183 180 180 184 184 185 185 186 186 187 187 185 185 188 188 184 184 188 188 185 185 188 188 184 184 189 189 190 190 189 189 184 184 191 191 190 190 192 192 184 184 192 192 190 190 192 192 184 184 193 193 186 186 193 193 184 184 193 193 186 186 194 194 195 195 196 196 197 197 198 198 197 197 196 196 197 197 198 198 199 199 200 200 199 199 198 198 199 199 200 200 201 201 202 202 201 201 200 200 201 201 202 202 203 203 204 204 203 203 202 202 203 203 204 204 205 205 206 206 205 205 204 204 205 205 206 206 207 207 208 208 207 207 206 206 207 207 208 208 209 209 210 210 211 211 212 212 213 213 212 212 211 211 212 212 213 213 214 214 215 215 214 214 213 213 214 214 215 215 216 216 217 217 216 216 215 215 216 216 217 217 218 218 219 219 218 218 217 217 218 218 219 219 220 220 221 221 220 220 219 219 220 220 221 221 222 222 223 223 222 222 221 221 222 222 223 223 224 224 225 225 224 224 223 223 224 224 225 225 226 226 227 227 226 226 225 225 226 226 227 227 228 228 211 211 195 195 213 213 197 197 213 213 195 195 213 213 197 197 215 215 199 199 215 215 197 197 215 215 199 199 217 217 201 201 217 217 199 199 217 217 201 201 219 219 203 203 219 219 201 201 219 219 203 203 221 221 205 205 221 221 203 203 221 221 205 205 223 223 207 207 223 223 205 205 223 223 207 207 225 225 209 209 225 225 207 207 225 225 209 209 227 227 229 229 230 230 231 231 232 232 231 231 230 230 231 231 232 232 233 233 234 234 233 233 232 232 233 233 234 234 235 235 236 236 235 235 234 234 235 235 236 236 237 237 238 238 237 237 236 236 237 237 238 238 239 239 183 183 240 240 241 241 242 242 241 241 240 240 241 241 242 242 243 243 244 244 243 243 242 242 243 243 244 244 245 245 246 246 245 245 244 244 245 245 246 246 247 247 248 248 247 247 246 246 247 247 248 248 249 249 250 250 249 249 248 248 249 249 250 250 251 251 252 252 251 251 250 250 251 251 252 252 253 253 240 240 229 229 242 242 231 231 242 242 229 229 242 242 231 231 244 244 233 233 244 244 231 231 244 244 233 233 246 246 235 235 246 246 233 233 246 246 235 235 248 248 237 237 248 248 235 235 248 248 237 237 250 250 239 239 250 250 237 237 250 250 239 239 252 252 254 254 255 255 256 256 257 257 258 258 259 259 260 260 255 255 257 257 254 254 257 257 255 255 257 257 254 254 258 258 261 261 262 262 263 263 259 259 263 263 262 262 263 263 259 259 264 264 258 258 264 264 259 259 264 264 258 258 181 181 265 265 178 178 266 266 267 267 266 266 178 178 266 266 267 267 268 268 260 260 268 268 267 267 260 260 257 257 268 268 259 259 268 268 257 257 268 268 259 259 266 266 262 262 266 266 259 259 266 266 262 262 265 265 269 269 270 270 271 271 272 272 271 271 270 270 271 271 272 272 273 273 274 274 273 273 272 272 273 273 274 274 275 275 276 276 275 275 274 274 275 275 276 276 277 277 278 278 277 277 276 276 279 279 280 280 281 281 282 282 281 281 280 280 281 281 282 282 283 283 284 284 283 283 282 282 283 283 284 284 285 285 286 286 285 285 284 284 285 285 286 286 287 287 288 288 287 287 286 286 287 287 288 288 289 289 290 290 289 289 288 288 289 289 290 290 291 291 292 292 293 293 294 294 270 270 294 294 293 293 294 294 270 270 295 295 269 269 295 295 270 270 295 295 269 269 296 296 296 296 297 297 295 295 298 298 295 295 297 297 295 295 298 298 294 294 173 173 294 294 298 298 294 294 173 173 292 292 175 175 292 292 173 173 171 171 170 170 299 299 300 300 299 299 170 170 299 299 300 300 301 301 302 302 301 301 300 300 301 301 302 302 303 303 304 304 168 168 305 305 167 167 305 305 168 168 305 305 167 167 306 306 307 307 306 306 167 167 304 304 308 308 168 168 309 309 168 168 308 308 168 168 309 309 169 169 310 310 169 169 309 309 304 304 311 311 308 308 312 312 308 308 311 311 308 308 312 312 313 313 314 314 307 307 315 315 167 167 315 315 307 307 315 315 167 167 316 316 169 169 316 316 167 167 316 316 169 169 317 317 310 310 317 317 169 169 317 317 310 310 318 318 319 319 320 320 321 321 322 322 323 323 324 324 325 325 324 324 323 323 324 324 325 325 326 326 319 319 326 326 325 325 326 326 319 319 327 327 321 321 327 327 319 319 327 327 321 321 328 328 322 322 329 329 323 323 330 330 323 323 329 329 323 323 330 330 331 331 332 332 331 331 330 330 331 331 332 332 333 333 333 333 332 332 334 334 335 335 334 334 332 332 334 334 335 335 336 336 337 337 338 338 339 339 340 340 339 339 338 338 339 339 340 340 341 341 342 342 341 341 340 340 341 341 342 342 343 343 344 344 343 343 342 342 343 343 344 344 345 345 346 346 345 345 344 344 345 345 346 346 347 347 348 348 347 347 346 346 347 347 348 348 349 349 162 162 349 349 348 348 349 349 162 162 350 350 161 161 350 350 162 162 350 350 161 161 351 351 352 352 337 337 353 353 339 339 353 353 337 337 353 353 339 339 336 336 341 341 336 336 339 339 336 336 341 341 334 334 343 343 334 334 341 341 334 334 343 343 333 333 345 345 333 333 343 343 333 333 345 345 331 331 347 347 331 331 345 345 331 331 347 347 323 323 349 349 323 323 347 347 323 323 349 349 325 325 350 350 325 325 349 349 325 325 350 350 319 319 351 351 319 319 350 350 319 319 351 351 320 320 335 335 354 354 336 336 355 355 336 336 354 354 336 336 355 355 353 353 356 356 353 353 355 355 353 353 356 356 352 352 357 357 352 352 356 356 352 352 357 357 358 358 359 359 358 358 357 357 359 359 360 360 358 358 361 361 358 358 360 360 358 358 361 361 362 362 362 362 361 361 363 363 364 364 363 363 361 361 363 363 364 364 365 365 366 366 365 365 364 364 365 365 366 366 367 367 368 368 369 369 370 370 371 371 370 370 369 369 370 370 371 371 372 372 373 373 372 372 371 371 372 372 373 373 374 374 375 375 374 374 373 373 374 374 375 375 376 376 377 377 376 376 375 375 376 376 377 377 378 378 379 379 378 378 377 377 378 378 379 379 380 380 381 381 380 380 379 379 380 380 381 381 382 382 383 383 382 382 381 381 384 384 368 368 385 385 370 370 385 385 368 368 385 385 370 370 367 367 372 372 367 367 370 370 367 367 372 372 365 365 374 374 365 365 372 372 365 365 374 374 363 363 376 376 363 363 374 374 363 363 376 376 362 362 378 378 362 362 376 376 362 362 378 378 358 358 380 380 358 358 378 378 358 358 380 380 352 352 382 382 352 352 380 380 352 352 382 382 337 337 383 383 337 337 382 382 337 337 383 383 338 338 366 366 386 386 367 367 387 387 367 367 386 386 367 367 387 387 385 385 388 388 385 385 387 387 385 385 388 388 384 384 389 389 384 384 388 388 384 384 389 389 390 390 391 391 390 390 389 389 390 390 391 391 392 392 391 391 393 393 392 392 394 394 392 392 393 393 392 392 394 394 395 395 396 396 395 395 394 394 395 395 396 396 397 397 398 398 397 397 396 396 397 397 398 398 399 399 400 400 399 399 398 398 400 400 401 401 399 399 402 402 399 399 401 401 399 399 402 402 403 403 404 404 403 403 402 402 403 403 404 404 405 405 406 406 405 405 404 404 404 404 407 407 406 406 408 408 406 406 407 407 406 406 408 408 409 409 410 410 409 409 408 408 409 409 410 410 411 411 412 412 413 413 414 414 415 415 414 414 413 413 414 414 415 415 416 416 417 417 416 416 415 415 416 416 417 417 418 418 419 419 418 418 417 417 418 418 419 419 420 420 421 421 420 420 419 419 420 420 421 421 422 422 423 423 422 422 421 421 422 422 423 423 424 424 425 425 424 424 423 423 424 424 425 425 426 426 427 427 426 426 425 425 426 426 427 427 428 428 429 429 428 428 427 427 428 428 429 429 430 430 431 431 430 430 429 429 430 430 431 431 432 432 433 433 432 432 431 431 432 432 433 433 434 434 435 435 434 434 433 433 434 434 435 435 436 436 437 437 436 436 435 435 410 410 438 438 411 411 439 439 411 411 438 438 411 411 439 439 440 440 439 439 441 441 440 440 442 442 440 440 441 441 440 440 442 442 164 164 443 443 164 164 442 442 164 164 443 443 165 165 164 164 412 412 440 440 414 414 440 440 412 412 440 440 414 414 411 411 416 416 411 411 414 414 411 411 416 416 409 409 418 418 409 409 416 416 409 409 418 418 406 406 420 420 406 406 418 418 406 406 420 420 405 405 422 422 405 405 420 420 405 405 422 422 403 403 424 424 403 403 422 422 403 403 424 424 399 399 426 426 399 399 424 424 399 399 426 426 397 397 428 428 397 397 426 426 397 397 428 428 395 395 430 430 395 395 428 428 395 395 430 430 392 392 432 432 392 392 430 430 392 392 432 432 390 390 434 434 390 390 432 432 390 390 434 434 384 384 436 436 384 384 434 434 384 384 436 436 368 368 437 437 368 368 436 436 368 368 437 437 369 369 444 444 445 445 446 446 94 94 159 159 447 447 448 448 449 449 450 450 449 449 314 314 450 450 315 315 450 450 314 314 450 450 315 315 172 172 316 316 172 172 315 315 172 172 316 316 170 170 317 317 170 170 316 316 170 170 317 317 300 300 318 318 300 300 317 317 300 300 318 318 302 302 163 163 451 451 444 444 452 452 444 444 451 451 444 444 452 452 445 445 453 453 191 191 210 210 192 192 210 210 191 191 210 210 192 192 211 211 193 193 211 211 192 192 211 211 193 193 195 195 194 194 195 195 193 193 195 195 194 194 196 196 454 454 455 455 228 228 456 456 228 228 455 455 228 228 456 456 226 226 457 457 226 226 456 456 226 226 457 457 224 224 458 458 224 224 457 457 224 224 458 458 222 222 459 459 222 222 458 458 222 222 459 459 220 220 460 460 220 220 459 459 220 220 460 460 218 218 461 461 218 218 460 460 218 218 461 461 216 216 462 462 216 216 461 461 216 216 462 462 214 214 463 463 214 214 462 462 214 214 463 463 212 212 464 464 212 212 463 463 212 212 464 464 210 210 465 465 210 210 464 464 210 210 465 465 453 453 208 208 253 253 209 209 252 252 209 209 253 253 209 209 252 252 227 227 239 239 227 227 252 252 227 227 239 239 228 228 238 238 228 228 239 239 228 228 238 238 454 454 236 236 454 454 238 238 454 454 236 236 466 466 234 234 466 466 236 236 466 466 234 234 467 467 232 232 467 467 234 234 467 467 232 232 468 468 230 230 468 468 232 232 468 468 230 230 469 469 180 180 179 179 182 182 470 470 182 182 179 179 182 182 470 470 471 471 472 472 471 471 470 470 471 471 472 472 473 473 474 474 473 473 472 472 473 473 474 474 475 475 183 183 182 182 240 240 471 471 240 240 182 182 240 240 471 471 229 229 473 473 229 229 471 471 229 229 473 473 230 230 475 475 230 230 473 473 230 230 475 475 469 469 181 181 258 258 179 179 254 254 179 179 258 258 179 179 254 254 470 470 256 256 470 470 254 254 470 470 256 256 472 472 476 476 472 472 256 256 472 472 476 476 474 474 178 178 177 177 267 267 477 477 267 267 177 177 267 267 477 477 260 260 478 478 260 260 477 477 260 260 478 478 255 255 479 479 255 255 478 478 255 255 479 479 256 256 480 480 256 256 479 479 256 256 480 480 476 476 176 176 279 279 481 481 281 281 481 481 279 279 481 481 281 281 482 482 283 283 482 482 281 281 482 482 283 283 483 483 483 483 283 283 484 484 285 285 484 484 283 283 484 484 285 285 485 485 287 287 485 485 285 285 485 485 287 287 486 486 289 289 486 486 287 287 486 486 289 289 487 487 291 291 487 487 289 289 487 487 291 291 488 488 175 175 488 488 292 292 291 291 292 292 488 488 292 292 291 291 293 293 290 290 293 293 291 291 293 293 290 290 270 270 288 288 270 270 290 290 270 270 288 288 272 272 286 286 272 272 288 288 272 272 286 286 274 274 284 284 274 274 286 286 274 274 284 284 276 276 282 282 276 276 284 284 276 276 282 282 278 278 280 280 278 278 282 282 489 489 303 303 490 490 302 302 490 490 303 303 490 490 302 302 491 491 318 318 491 491 302 302 491 491 318 318 492 492 310 310 492 492 318 318 492 492 310 310 493 493 309 309 493 493 310 310 493 493 309 309 494 494 308 308 494 494 309 309 494 494 308 308 495 495 313 313 495 495 308 308 421 421 261 261 423 423 263 263 423 423 261 261 423 423 263 263 425 425 264 264 425 425 263 263 425 425 264 264 427 427 181 181 427 427 264 264 427 427 181 181 429 429 180 180 429 429 181 181 429 429 180 180 431 431 183 183 431 431 180 180 431 431 183 183 433 433 241 241 433 433 183 183 433 433 241 241 435 435 243 243 435 435 241 241 435 435 243 243 437 437 245 245 437 437 243 243 437 437 245 245 369 369 247 247 369 369 245 245 369 369 247 247 371 371 249 249 371 371 247 247 371 371 249 249 373 373 251 251 373 373 249 249 373 373 251 251 375 375 253 253 375 375 251 251 375 375 253 253 377 377 208 208 377 377 253 253 377 377 208 208 379 379 206 206 379 379 208 208 379 379 206 206 381 381 204 204 381 381 206 206 381 381 204 204 383 383 202 202 383 383 204 204 383 383 202 202 338 338 200 200 338 338 202 202 338 338 200 200 340 340 198 198 340 340 200 200 340 340 198 198 342 342 196 196 342 342 198 198 342 342 196 196 344 344 194 194 344 344 196 196 344 344 194 194 346 346 186 186 346 346 194 194 346 346 186 186 348 348 185 185 348 348 186 186 348 348 185 185 162 162 187 187 162 162 185 185 162 162 187 187 160 160 176 176 178 178 279 279 265 265 279 279 178 178 279 279 265 265 280 280 262 262 280 280 265 265 280 280 262 262 278 278 261 261 278 278 262 262 278 278 261 261 277 277 421 421 277 277 261 261 277 277 421 421 275 275 419 419 275 275 421 421 275 275 419 419 273 273 417 417 273 273 419 419 273 273 417 417 271 271 415 415 271 271 417 417 271 271 415 415 269 269 413 413 269 269 415 415 269 269 413 413 296 296 496 496 296 296 413 413 296 296 496 496 297 297 174 174 173 173 497 497 298 298 497 497 173 173 497 497 298 298 498 498 297 297 498 498 298 298 498 498 297 297 499 499 496 496 499 499 297 297 499 499 496 496 500 500 413 413 500 500 496 496 500 500 413 413 501 501 412 412 501 501 413 413 501 501 412 412 502 502 164 164 502 502 412 412 502 502 164 164 447 447 166 166 447 447 164 164 447 447 166 166 94 94 446 446 503 503 504 504 505 505 504 504 503 503 504 504 505 505 506 506 507 507 506 506 505 505 506 506 507 507 508 508 509 509 508 508 507 507 508 508 509 509 510 510 511 511 510 510 509 509 510 510 511 511 512 512 159 159 163 163 447 447 444 444 447 447 163 163 447 447 444 444 502 502 446 446 502 502 444 444 502 502 446 446 501 501 504 504 501 501 446 446 501 501 504 504 500 500 506 506 500 500 504 504 500 500 506 506 499 499 508 508 499 499 506 506 499 499 508 508 498 498 510 510 498 498 508 508 498 498 510 510 497 497 512 512 497 497 510 510 497 497 512 512 174 174 451 451 448 448 452 452 450 450 452 452 448 448 452 452 450 450 445 445 172 172 445 445 450 450 445 445 172 172 446 446 171 171 446 446 172 172 446 446 171 171 503 503 299 299 503 503 171 171 503 503 299 299 505 505 301 301 505 505 299 299 505 505 301 301 507 507 303 303 507 507 301 301 507 507 303 303 509 509 489 489 509 509 303 303 509 509 489 489 511 511 513 513 514 514 515 515 516 516 517 517 518 518 519 519 518 518 517 517 519 519 517 517 515 515 520 520 515 515 517 517 515 515 520 520 513 513 514 514 521 521 515 515 522 522 515 515 521 521 515 515 522 522 523 523 516 516 524 524 517 517 525 525 517 517 524 524 517 517 525 525 526 526 523 523 527 527 515 515 528 528 515 515 527 527 515 515 528 528 529 529 526 526 530 530 517 517 531 531 517 517 530 530 517 517 531 531 532 532 533 533 534 534 535 535 536 536 537 537 538 538 529 529 539 539 515 515 540 540 515 515 539 539 515 515 540 540 541 541 541 541 542 542 515 515 535 535 515 515 542 542 515 515 535 535 543 543 534 534 543 543 535 535 532 532 544 544 517 517 545 545 517 517 544 544 517 517 545 545 546 546 546 546 547 547 517 517 538 538 517 517 547 547 517 517 538 538 548 548 537 537 548 548 538 538 549 549 550 550 535 535 551 551 535 535 550 550 535 535 551 551 533 533 552 552 553 553 538 538 554 554 538 538 553 553 538 538 554 554 536 536 555 555 556 556 557 557 558 558 557 557 556 556 557 557 558 558 559 559 560 560 561 561 562 562 559 559 562 562 561 561 562 562 559 559 563 563 558 558 563 563 559 559 564 564 565 565 566 566 567 567 566 566 565 565 566 566 567 567 568 568 564 564 569 569 565 565 570 570 565 565 569 569 565 565 570 570 557 557 571 571 557 557 570 570 557 557 571 571 555 555 572 572 573 573 567 567 574 574 567 567 573 573 567 567 574 574 568 568 575 575 576 576 577 577 578 578 577 577 576 576 577 577 578 578 572 572 579 579 572 572 578 578 572 572 579 579 573 573 575 575 577 577 580 580 581 581 580 580 577 577 580 580 581 581 582 582 582 582 581 581 583 583 584 584 583 583 581 581 583 583 584 584 585 585 586 586 587 587 588 588 589 589 588 588 587 587 588 588 589 589 584 584 590 590 584 584 589 589 584 584 590 590 585 585 591 591 592 592 593 593 594 594 593 593 592 592 593 593 594 594 588 588 595 595 588 588 594 594 588 588 595 595 586 586 596 596 597 597 598 598 596 596 598 598 593 593 599 599 593 593 598 598 593 593 599 599 591 591 597 597 596 596 600 600 601 601 600 600 596 596 600 600 601 601 602 602 603 603 604 604 601 601 40 40 601 601 604 604 601 601 40 40 602 602 605 605 606 606 607 607 608 608 607 607 606 606 607 607 608 608 609 609 610 610 609 609 608 608 610 610 611 611 609 609 612 612 609 609 611 611 609 609 612 612 601 601 613 613 601 601 612 612 601 601 613 613 603 603 614 614 615 615 616 616 614 614 616 616 607 607 617 617 607 607 616 616 607 607 617 617 605 605 615 615 614 614 618 618 619 619 618 618 614 614 618 618 619 619 620 620 620 620 619 619 621 621 622 622 621 621 619 619 621 621 622 622 623 623 624 624 625 625 622 622 626 626 622 622 625 625 622 622 626 626 623 623 627 627 628 628 629 629 630 630 629 629 628 628 629 629 630 630 624 624 631 631 624 624 630 630 624 624 631 631 625 625 627 627 629 629 632 632 633 633 632 632 629 629 632 632 633 633 634 634 635 635 636 636 633 633 637 637 633 633 636 636 637 637 638 638 633 633 639 639 633 633 638 638 633 633 639 639 634 634 640 640 641 641 642 642 642 642 643 643 640 640 644 644 640 640 643 643 640 640 644 644 635 635 645 645 635 635 644 644 635 635 645 645 636 636 641 641 640 640 646 646 647 647 646 646 640 640 646 646 647 647 648 648 649 649 650 650 651 651 649 649 651 651 647 647 652 652 647 647 651 651 647 647 652 652 653 653 653 653 654 654 647 647 655 655 647 647 654 654 647 647 655 655 648 648 656 656 657 657 658 658 659 659 658 658 657 657 658 658 659 659 660 660 656 656 661 661 657 657 662 662 657 657 661 661 657 657 662 662 649 649 663 663 649 649 662 662 649 649 663 663 650 650 660 660 659 659 664 664 665 665 664 664 659 659 664 664 665 665 666 666 667 667 668 668 665 665 669 669 665 665 668 668 665 665 669 669 666 666 670 670 671 671 672 672 673 673 672 672 671 671 672 672 673 673 667 667 674 674 667 667 673 673 667 667 674 674 668 668 670 670 672 672 675 675 676 676 675 675 672 672 675 675 676 676 677 677 677 677 676 676 678 678 679 679 678 678 676 676 678 678 679 679 680 680 681 681 682 682 679 679 683 683 679 679 682 682 679 679 683 683 680 680 684 684 685 685 686 686 687 687 686 686 685 685 686 686 687 687 681 681 688 688 681 681 687 687 681 681 688 688 682 682 689 689 690 690 691 691 692 692 691 691 690 690 691 691 692 692 693 693 694 694 693 693 692 692 693 693 694 694 686 686 695 695 686 686 694 694 686 686 695 695 684 684 696 696 697 697 698 698 699 699 698 698 697 697 698 698 699 699 700 700 701 701 700 700 699 699 700 700 701 701 691 691 702 702 691 691 701 701 691 691 702 702 689 689 703 703 704 704 705 705 706 706 705 705 704 704 705 705 706 706 707 707 708 708 707 707 706 706 707 707 708 708 698 698 709 709 698 698 708 708 698 698 709 709 696 696 710 710 711 711 712 712 713 713 712 712 711 711 712 712 713 713 714 714 715 715 714 714 713 713 714 714 715 715 705 705 716 716 705 705 715 715 705 705 716 716 703 703 717 717 718 718 719 719 720 720 719 719 718 718 719 719 720 720 712 712 721 721 712 712 720 720 712 712 721 721 710 710 722 722 723 723 724 724 725 725 724 724 723 723 724 724 725 725 719 719 726 726 719 719 725 725 719 719 726 726 717 717 561 561 727 727 559 559 728 728 559 559 727 727 559 559 728 728 724 724 729 729 724 724 728 728 724 724 729 729 722 722 730 730 731 731 732 732 733 733 734 734 735 735 735 735 734 734 736 736 734 734 737 737 736 736 738 738 736 736 737 737 736 736 738 738 14 14 739 739 14 14 738 738 14 14 739 739 12 12 732 732 731 731 735 735 740 740 735 735 731 731 735 735 740 740 733 733 741 741 742 742 743 743 744 744 743 743 742 742 743 743 744 744 732 732 745 745 732 732 744 744 732 732 745 745 730 730 741 741 743 743 746 746 747 747 746 746 743 743 746 746 747 747 748 748 748 748 747 747 749 749 750 750 749 749 747 747 749 749 750 750 751 751 752 752 753 753 750 750 754 754 750 750 753 753 750 750 754 754 751 751 755 755 756 756 757 757 758 758 759 759 760 760 761 761 760 760 759 759 760 760 761 761 762 762 757 757 763 763 755 755 764 764 755 755 763 763 755 755 764 764 765 765 766 766 765 765 764 764 765 765 766 766 767 767 768 768 769 769 766 766 770 770 766 766 769 769 766 766 770 770 767 767 758 758 760 760 766 766 771 771 766 766 760 760 766 766 771 771 768 768 772 772 773 773 774 774 775 775 776 776 777 777 778 778 777 777 776 776 779 779 780 780 781 781 782 782 783 783 784 784 785 785 786 786 787 787 788 788 786 786 789 789 785 785 789 789 786 786 789 789 785 785 790 790 790 790 785 785 791 791 792 792 791 791 785 785 791 791 792 792 793 793 794 794 793 793 792 792 793 793 794 794 795 795 795 795 794 794 796 796 797 797 796 796 794 794 796 796 797 797 798 798 798 798 797 797 799 799 800 800 799 799 797 797 799 799 800 800 801 801 801 801 800 800 802 802 803 803 802 802 800 800 802 802 803 803 804 804 805 805 11 11 2 2 806 806 10 10 11 11 807 807 8 8 10 10 808 808 17 17 8 8 809 809 18 18 17 17 809 809 810 810 811 811 19 19 18 18 812 812 809 809 812 812 18 18 812 812 809 809 813 813 811 811 813 813 809 809 814 814 815 815 816 816 816 816 817 817 814 814 818 818 814 814 817 817 814 814 818 818 810 810 819 819 810 810 818 818 810 810 819 819 811 811 778 778 820 820 777 777 821 821 777 777 820 820 777 777 821 821 822 822 823 823 822 822 821 821 822 822 823 823 815 815 824 824 815 815 823 823 815 815 824 824 816 816 17 17 808 808 809 809 825 825 809 809 808 808 809 809 825 825 810 810 826 826 810 810 825 825 810 810 826 826 814 814 827 827 814 814 826 826 814 814 827 827 815 815 828 828 815 815 827 827 815 815 828 828 822 822 774 774 822 822 828 828 822 822 774 774 777 777 773 773 777 777 774 774 777 777 773 773 775 775 8 8 807 807 808 808 829 829 808 808 807 807 808 808 829 829 825 825 830 830 825 825 829 829 825 825 830 830 826 826 831 831 826 826 830 830 826 826 831 831 827 827 832 832 827 827 831 831 827 827 832 832 828 828 833 833 828 828 832 832 828 828 833 833 774 774 834 834 774 774 833 833 774 774 834 834 772 772 10 10 806 806 807 807 835 835 807 807 806 806 807 807 835 835 829 829 836 836 829 829 835 835 829 829 836 836 830 830 837 837 830 830 836 836 830 830 837 837 831 831 838 838 831 831 837 837 831 831 838 838 832 832 779 779 832 832 838 838 832 832 779 779 833 833 781 781 833 833 779 779 833 833 781 781 834 834 11 11 805 805 806 806 839 839 806 806 805 805 806 806 839 839 835 835 840 840 835 835 839 839 835 835 840 840 836 836 841 841 836 836 840 840 836 836 841 841 837 837 842 842 837 837 841 841 837 837 842 842 838 838 782 782 838 838 842 842 838 838 782 782 779 779 784 784 779 779 782 782 779 779 784 784 780 780 1 1 804 804 2 2 803 803 2 2 804 804 2 2 803 803 805 805 800 800 805 805 803 803 805 805 800 800 839 839 797 797 839 839 800 800 839 839 797 797 840 840 794 794 840 840 797 797 840 840 794 794 841 841 792 792 841 841 794 794 841 841 792 792 842 842 785 785 842 842 792 792 842 842 785 785 782 782 787 787 782 782 785 785 782 782 787 787 783 783 843 843 844 844 845 845 846 846 21 21 20 20 847 847 25 25 23 23 847 847 848 848 849 849 26 26 25 25 850 850 847 847 850 850 25 25 850 850 847 847 851 851 849 849 851 851 847 847 845 845 844 844 852 852 844 844 853 853 852 852 854 854 852 852 853 853 852 852 854 854 848 848 855 855 848 848 854 854 848 848 855 855 849 849 843 843 845 845 856 856 857 857 856 856 845 845 856 856 857 857 858 858 859 859 858 858 857 857 858 858 859 859 860 860 861 861 862 862 863 863 864 864 863 863 862 862 865 865 866 866 867 867 868 868 867 867 866 866 867 867 868 868 869 869 870 870 871 871 872 872 870 870 872 872 867 867 873 873 867 867 872 872 867 867 873 873 865 865 871 871 870 870 874 874 875 875 874 874 870 870 874 874 875 875 876 876 876 876 875 875 877 877 878 878 877 877 875 875 877 877 878 878 879 879 880 880 881 881 878 878 882 882 878 878 881 881 878 878 882 882 879 879 883 883 884 884 885 885 886 886 885 885 884 884 885 885 886 886 880 880 887 887 880 880 886 886 880 880 887 887 881 881 888 888 860 860 889 889 859 859 889 889 860 860 889 889 859 859 890 890 857 857 890 890 859 859 890 890 857 857 891 891 845 845 891 891 857 857 891 891 845 845 892 892 852 852 892 892 845 845 892 892 852 852 893 893 848 848 893 893 852 852 893 893 848 848 894 894 847 847 894 894 848 848 894 894 847 847 895 895 23 23 895 895 847 847 895 895 23 23 21 21 21 21 846 846 895 895 896 896 895 895 846 846 895 895 896 896 894 894 897 897 894 894 896 896 894 894 897 897 893 893 898 898 893 893 897 897 893 893 898 898 892 892 899 899 892 892 898 898 892 892 899 899 891 891 863 863 891 891 899 899 891 891 863 863 890 890 864 864 890 890 863 863 890 890 864 864 889 889 12 12 883 883 20 20 885 885 20 20 883 883 20 20 885 885 846 846 880 880 846 846 885 885 846 846 880 880 896 896 878 878 896 896 880 880 896 896 878 878 897 897 875 875 897 897 878 878 897 897 875 875 898 898 870 870 898 898 875 875 898 898 870 870 899 899 867 867 899 899 870 870 899 899 867 867 863 863 869 869 863 863 867 867 863 863 869 869 861 861 900 900 901 901 902 902 903 903 904 904 905 905 906 906 907 907 908 908 909 909 910 910 911 911 29 29 912 912 913 913 29 29 913 913 4 4 914 914 4 4 913 913 4 4 914 914 5 5 915 915 5 5 914 914 5 5 915 915 7 7 916 916 7 7 915 915 7 7 916 916 9 9 917 917 9 9 916 916 9 9 917 917 3 3 918 918 3 3 917 917 3 3 918 918 0 0 1 1 0 0 919 919 918 918 919 919 0 0 919 919 918 918 920 920 921 921 920 920 918 918 922 922 923 923 924 924 925 925 926 926 927 927 928 928 929 929 930 930 931 931 932 932 933 933 934 934 933 933 932 932 911 911 910 910 931 931 935 935 931 931 910 910 931 931 935 935 932 932 909 909 911 911 936 936 937 937 936 936 911 911 936 936 937 937 938 938 939 939 938 938 937 937 938 938 939 939 940 940 940 940 939 939 941 941 942 942 941 941 939 939 941 941 942 942 943 943 943 943 942 942 944 944 945 945 944 944 942 942 944 944 945 945 946 946 947 947 946 946 948 948 945 945 948 948 946 946 948 948 945 945 949 949 950 950 949 949 945 945 933 933 951 951 931 931 952 952 931 931 951 951 931 931 952 952 911 911 953 953 911 911 952 952 911 911 953 953 937 937 954 954 937 937 953 953 937 937 954 954 939 939 955 955 939 939 954 954 939 939 955 955 942 942 956 956 942 942 955 955 942 942 956 956 945 945 957 957 945 945 956 956 945 945 957 957 950 950 958 958 950 950 957 957 951 951 928 928 952 952 930 930 952 952 928 928 952 952 930 930 953 953 959 959 953 953 930 930 953 953 959 959 954 954 960 960 954 954 959 959 954 954 960 960 955 955 961 961 955 955 960 960 955 955 961 961 956 956 962 962 956 956 961 961 956 956 962 962 957 957 908 908 957 957 962 962 957 957 908 908 958 958 907 907 958 958 908 908 929 929 925 925 930 930 927 927 930 930 925 925 930 930 927 927 959 959 963 963 959 959 927 927 959 959 963 963 960 960 964 964 960 960 963 963 960 960 964 964 961 961 965 965 961 961 964 964 961 961 965 965 962 962 966 966 962 962 965 965 962 962 966 966 908 908 905 905 908 908 966 966 908 908 905 905 906 906 904 904 906 906 905 905 926 926 922 922 927 927 924 924 927 927 922 922 927 927 924 924 963 963 967 967 963 963 924 924 963 963 967 967 964 964 968 968 964 964 967 967 964 964 968 968 965 965 969 969 965 965 968 968 965 965 969 969 966 966 970 970 966 966 969 969 966 966 970 970 905 905 902 902 905 905 970 970 905 905 902 902 903 903 901 901 903 903 902 902 923 923 921 921 924 924 918 918 924 924 921 921 924 924 918 918 967 967 917 917 967 967 918 918 967 967 917 917 968 968 916 916 968 968 917 917 968 968 916 916 969 969 915 915 969 969 916 916 969 969 915 915 970 970 914 914 970 970 915 915 970 970 914 914 902 902 913 913 902 902 914 914 902 902 913 913 900 900 912 912 900 900 913 913 971 971 972 972 973 973 974 974 975 975 976 976 977 977 658 658 978 978 660 660 978 978 658 658 979 979 980 980 981 981 982 982 983 983 984 984 985 985 984 984 983 983 986 986 987 987 988 988 989 989 988 988 987 987 990 990 991 991 992 992 993 993 992 992 991 991 994 994 995 995 996 996 997 997 996 996 995 995 996 996 997 997 998 998 999 999 1000 1000 994 994 994 994 996 996 999 999 1001 1001 999 999 996 996 999 999 1001 1001 1002 1002 1003 1003 1002 1002 1001 1001 1002 1002 1003 1003 1004 1004 1005 1005 1004 1004 1003 1003 1004 1004 1005 1005 1006 1006 1007 1007 1006 1006 1005 1005 1006 1006 1007 1007 1008 1008 1009 1009 1008 1008 1007 1007 1008 1008 1009 1009 1010 1010 1011 1011 1010 1010 1009 1009 1010 1010 1011 1011 1012 1012 1013 1013 1012 1012 1011 1011 1012 1012 1013 1013 1014 1014 1015 1015 1014 1014 1013 1013 1014 1014 1015 1015 1016 1016 1017 1017 1016 1016 1015 1015 1016 1016 1017 1017 1018 1018 1019 1019 1018 1018 1017 1017 1018 1018 1019 1019 1020 1020 1021 1021 1020 1020 1019 1019 1020 1020 1021 1021 1022 1022 1023 1023 1022 1022 1021 1021 1022 1022 1023 1023 1024 1024 1025 1025 1024 1024 1023 1023 1024 1024 1025 1025 1026 1026 1027 1027 1026 1026 1025 1025 1026 1026 1027 1027 1028 1028 1029 1029 1028 1028 1027 1027 1028 1028 1029 1029 1030 1030 1031 1031 1030 1030 1029 1029 1030 1030 1031 1031 1032 1032 1033 1033 1032 1032 1031 1031 1032 1032 1033 1033 1034 1034 1035 1035 1034 1034 1033 1033 1034 1034 1035 1035 1036 1036 1037 1037 1036 1036 1035 1035 1036 1036 1037 1037 1038 1038 1039 1039 1038 1038 1037 1037 1038 1038 1039 1039 1040 1040 1041 1041 1040 1040 1039 1039 1040 1040 1041 1041 1042 1042 1043 1043 1042 1042 1041 1041 1042 1042 1043 1043 1044 1044 1045 1045 1046 1046 1043 1043 1046 1046 1047 1047 1043 1043 1048 1048 1043 1043 1047 1047 1043 1043 1048 1048 1044 1044 1049 1049 1044 1044 1048 1048 1044 1044 1049 1049 1050 1050 1051 1051 1052 1052 1053 1053 1054 1054 1053 1053 1052 1052 1053 1053 1054 1054 1045 1045 975 975 1055 1055 1056 1056 1057 1057 1056 1056 1055 1055 1056 1056 1057 1057 1051 1051 974 974 976 976 972 972 1058 1058 1059 1059 971 971 721 721 1059 1059 710 710 1058 1058 710 710 1059 1059 710 710 1058 1058 711 711 1060 1060 711 711 1058 1058 711 711 1060 1060 713 713 708 708 706 706 1061 1061 704 704 1061 1061 706 706 1061 1061 704 704 1062 1062 703 703 1062 1062 704 704 1062 1062 703 703 1063 1063 716 716 1063 1063 703 703 1063 1063 716 716 1060 1060 715 715 1060 1060 716 716 1060 1060 715 715 713 713 708 708 1061 1061 709 709 1064 1064 709 709 1061 1061 709 709 1064 1064 696 696 1065 1065 696 696 1064 1064 696 696 1065 1065 697 697 1066 1066 697 697 1065 1065 697 697 1066 1066 699 699 694 694 692 692 1067 1067 690 690 1067 1067 692 692 1067 1067 690 690 1068 1068 689 689 1068 1068 690 690 1068 1068 689 689 1069 1069 702 702 1069 1069 689 689 1069 1069 702 702 1066 1066 701 701 1066 1066 702 702 1066 1066 701 701 699 699 694 694 1067 1067 695 695 1070 1070 695 695 1067 1067 695 695 1070 1070 684 684 1071 1071 684 684 1070 1070 684 684 1071 1071 685 685 1072 1072 685 685 1071 1071 685 685 1072 1072 687 687 677 677 678 678 1073 1073 680 680 1073 1073 678 678 1073 1073 680 680 1074 1074 683 683 1074 1074 680 680 1074 1074 683 683 1075 1075 682 682 1075 1075 683 683 1075 1075 682 682 1072 1072 688 688 1072 1072 682 682 1072 1072 688 688 687 687 677 677 1073 1073 675 675 1076 1076 675 675 1073 1073 675 675 1076 1076 670 670 1077 1077 670 670 1076 1076 670 670 1077 1077 671 671 1078 1078 671 671 1077 1077 671 671 1078 1078 673 673 660 660 664 664 978 978 666 666 978 978 664 664 978 978 666 666 1079 1079 669 669 1079 1079 666 666 1079 1079 669 669 1080 1080 668 668 1080 1080 669 669 1080 1080 668 668 1078 1078 674 674 1078 1078 668 668 1078 1078 674 674 673 673 971 971 973 973 1058 1058 1081 1081 1058 1058 973 973 1058 1058 1081 1081 1060 1060 1082 1082 1060 1060 1081 1081 1060 1060 1082 1082 1063 1063 1083 1083 1063 1063 1082 1082 1063 1063 1083 1083 1062 1062 1084 1084 1062 1062 1083 1083 1062 1062 1084 1084 1061 1061 1085 1085 1061 1061 1084 1084 1061 1061 1085 1085 1064 1064 1086 1086 1064 1064 1085 1085 1064 1064 1086 1086 1065 1065 1087 1087 1065 1065 1086 1086 1065 1065 1087 1087 1066 1066 1088 1088 1066 1066 1087 1087 1066 1066 1088 1088 1069 1069 1089 1089 1069 1069 1088 1088 1069 1069 1089 1089 1068 1068 1090 1090 1068 1068 1089 1089 1068 1068 1090 1090 1067 1067 1091 1091 1067 1067 1090 1090 1067 1067 1091 1091 1070 1070 1092 1092 1070 1070 1091 1091 1070 1070 1092 1092 1071 1071 1093 1093 1071 1071 1092 1092 1071 1071 1093 1093 1072 1072 1094 1094 1072 1072 1093 1093 1072 1072 1094 1094 1075 1075 1095 1095 1075 1075 1094 1094 1075 1075 1095 1095 1074 1074 1096 1096 1074 1074 1095 1095 1074 1074 1096 1096 1073 1073 1097 1097 1073 1073 1096 1096 1073 1073 1097 1097 1076 1076 1098 1098 1076 1076 1097 1097 1076 1076 1098 1098 1077 1077 1099 1099 1077 1077 1098 1098 1077 1077 1099 1099 1078 1078 1100 1100 1078 1078 1099 1099 1078 1078 1100 1100 1080 1080 1101 1101 1080 1080 1100 1100 1080 1080 1101 1101 1079 1079 979 979 1079 1079 1101 1101 1079 1079 979 979 978 978 981 981 978 978 979 979 978 978 981 981 977 977 972 972 976 976 973 973 1102 1102 973 973 976 976 973 973 1102 1102 1081 1081 1103 1103 1081 1081 1102 1102 1081 1081 1103 1103 1082 1082 1104 1104 1082 1082 1103 1103 1082 1082 1104 1104 1083 1083 1105 1105 1083 1083 1104 1104 1083 1083 1105 1105 1084 1084 1106 1106 1084 1084 1105 1105 1084 1084 1106 1106 1085 1085 1107 1107 1085 1085 1106 1106 1085 1085 1107 1107 1086 1086 1108 1108 1086 1086 1107 1107 1086 1086 1108 1108 1087 1087 1109 1109 1087 1087 1108 1108 1087 1087 1109 1109 1088 1088 1110 1110 1088 1088 1109 1109 1088 1088 1110 1110 1089 1089 1111 1111 1089 1089 1110 1110 1089 1089 1111 1111 1090 1090 1112 1112 1090 1090 1111 1111 1090 1090 1112 1112 1091 1091 1113 1113 1091 1091 1112 1112 1091 1091 1113 1113 1092 1092 1114 1114 1092 1092 1113 1113 1092 1092 1114 1114 1093 1093 1115 1115 1093 1093 1114 1114 1093 1093 1115 1115 1094 1094 1116 1116 1094 1094 1115 1115 1094 1094 1116 1116 1095 1095 1117 1117 1095 1095 1116 1116 1095 1095 1117 1117 1096 1096 1118 1118 1096 1096 1117 1117 1096 1096 1118 1118 1097 1097 1119 1119 1097 1097 1118 1118 1097 1097 1119 1119 1098 1098 1120 1120 1098 1098 1119 1119 1098 1098 1120 1120 1099 1099 1121 1121 1099 1099 1120 1120 1099 1099 1121 1121 1100 1100 1122 1122 1100 1100 1121 1121 1100 1100 1122 1122 1101 1101 984 984 1101 1101 1122 1122 1101 1101 984 984 979 979 985 985 979 979 984 984 979 979 985 985 980 980 975 975 1056 1056 976 976 1123 1123 976 976 1056 1056 976 976 1123 1123 1102 1102 1124 1124 1102 1102 1123 1123 1102 1102 1124 1124 1103 1103 1125 1125 1103 1103 1124 1124 1103 1103 1125 1125 1104 1104 1126 1126 1104 1104 1125 1125 1104 1104 1126 1126 1105 1105 1127 1127 1105 1105 1126 1126 1105 1105 1127 1127 1106 1106 1128 1128 1106 1106 1127 1127 1106 1106 1128 1128 1107 1107 1129 1129 1107 1107 1128 1128 1107 1107 1129 1129 1108 1108 1130 1130 1108 1108 1129 1129 1108 1108 1130 1130 1109 1109 1131 1131 1109 1109 1130 1130 1109 1109 1131 1131 1110 1110 1132 1132 1110 1110 1131 1131 1110 1110 1132 1132 1111 1111 1133 1133 1111 1111 1132 1132 1111 1111 1133 1133 1112 1112 1134 1134 1112 1112 1133 1133 1112 1112 1134 1134 1113 1113 1135 1135 1113 1113 1134 1134 1113 1113 1135 1135 1114 1114 1136 1136 1114 1114 1135 1135 1114 1114 1136 1136 1115 1115 1137 1137 1115 1115 1136 1136 1115 1115 1137 1137 1116 1116 1138 1138 1116 1116 1137 1137 1116 1116 1138 1138 1117 1117 1139 1139 1117 1117 1138 1138 1117 1117 1139 1139 1118 1118 1140 1140 1118 1118 1139 1139 1118 1118 1140 1140 1119 1119 1141 1141 1119 1119 1140 1140 1119 1119 1141 1141 1120 1120 1142 1142 1120 1120 1141 1141 1120 1120 1142 1142 1121 1121 1143 1143 1121 1121 1142 1142 1121 1121 1143 1143 1122 1122 987 987 1122 1122 1143 1143 1122 1122 987 987 984 984 986 986 984 984 987 987 984 984 986 986 982 982 1051 1051 1053 1053 1056 1056 1144 1144 1056 1056 1053 1053 1056 1056 1144 1144 1123 1123 1145 1145 1123 1123 1144 1144 1123 1123 1145 1145 1124 1124 1146 1146 1124 1124 1145 1145 1124 1124 1146 1146 1125 1125 1147 1147 1125 1125 1146 1146 1125 1125 1147 1147 1126 1126 1148 1148 1126 1126 1147 1147 1126 1126 1148 1148 1127 1127 1149 1149 1127 1127 1148 1148 1127 1127 1149 1149 1128 1128 1150 1150 1128 1128 1149 1149 1128 1128 1150 1150 1129 1129 1151 1151 1129 1129 1150 1150 1129 1129 1151 1151 1130 1130 1152 1152 1130 1130 1151 1151 1130 1130 1152 1152 1131 1131 1153 1153 1131 1131 1152 1152 1131 1131 1153 1153 1132 1132 1154 1154 1132 1132 1153 1153 1132 1132 1154 1154 1133 1133 1155 1155 1133 1133 1154 1154 1133 1133 1155 1155 1134 1134 1156 1156 1134 1134 1155 1155 1134 1134 1156 1156 1135 1135 1157 1157 1135 1135 1156 1156 1135 1135 1157 1157 1136 1136 1158 1158 1136 1136 1157 1157 1136 1136 1158 1158 1137 1137 1159 1159 1137 1137 1158 1158 1137 1137 1159 1159 1138 1138 1160 1160 1138 1138 1159 1159 1138 1138 1160 1160 1139 1139 1161 1161 1139 1139 1160 1160 1139 1139 1161 1161 1140 1140 1162 1162 1140 1140 1161 1161 1140 1140 1162 1162 1141 1141 1163 1163 1141 1141 1162 1162 1141 1141 1163 1163 1142 1142 1164 1164 1142 1142 1163 1163 1142 1142 1164 1164 1143 1143 992 992 1143 1143 1164 1164 1143 1143 992 992 987 987 993 993 987 987 992 992 987 987 993 993 989 989 1045 1045 1043 1043 1053 1053 1041 1041 1053 1053 1043 1043 1053 1053 1041 1041 1144 1144 1039 1039 1144 1144 1041 1041 1144 1144 1039 1039 1145 1145 1037 1037 1145 1145 1039 1039 1145 1145 1037 1037 1146 1146 1035 1035 1146 1146 1037 1037 1146 1146 1035 1035 1147 1147 1033 1033 1147 1147 1035 1035 1147 1147 1033 1033 1148 1148 1031 1031 1148 1148 1033 1033 1148 1148 1031 1031 1149 1149 1029 1029 1149 1149 1031 1031 1149 1149 1029 1029 1150 1150 1027 1027 1150 1150 1029 1029 1150 1150 1027 1027 1151 1151 1025 1025 1151 1151 1027 1027 1151 1151 1025 1025 1152 1152 1023 1023 1152 1152 1025 1025 1152 1152 1023 1023 1153 1153 1021 1021 1153 1153 1023 1023 1153 1153 1021 1021 1154 1154 1019 1019 1154 1154 1021 1021 1154 1154 1019 1019 1155 1155 1017 1017 1155 1155 1019 1019 1155 1155 1017 1017 1156 1156 1015 1015 1156 1156 1017 1017 1156 1156 1015 1015 1157 1157 1013 1013 1157 1157 1015 1015 1157 1157 1013 1013 1158 1158 1011 1011 1158 1158 1013 1013 1158 1158 1011 1011 1159 1159 1009 1009 1159 1159 1011 1011 1159 1159 1009 1009 1160 1160 1007 1007 1160 1160 1009 1009 1160 1160 1007 1007 1161 1161 1005 1005 1161 1161 1007 1007 1161 1161 1005 1005 1162 1162 1003 1003 1162 1162 1005 1005 1162 1162 1003 1003 1163 1163 1001 1001 1163 1163 1003 1003 1163 1163 1001 1001 1164 1164 996 996 1164 1164 1001 1001 1164 1164 996 996 992 992 998 998 992 992 996 996 992 992 998 998 990 990 1165 1165 1166 1166 1167 1167 1168 1168 1167 1167 1166 1166 1166 1166 1169 1169 1168 1168 1170 1170 1168 1168 1169 1169 1168 1168 1170 1170 1171 1171 1170 1170 1172 1172 1171 1171 1173 1173 1171 1171 1172 1172 1171 1171 1173 1173 1174 1174 1173 1173 1175 1175 1174 1174 1176 1176 1174 1174 1175 1175 1174 1174 1176 1176 1177 1177 1176 1176 1178 1178 1177 1177 1179 1179 1177 1177 1178 1178 1177 1177 1179 1179 1180 1180 1181 1181 1182 1182 1183 1183 1180 1180 1183 1183 1182 1182 1183 1183 1180 1180 1184 1184 1179 1179 1184 1184 1180 1180 1185 1185 1186 1186 1187 1187 1188 1188 1187 1187 1186 1186 1186 1186 1189 1189 1188 1188 1190 1190 1188 1188 1189 1189 1188 1188 1190 1190 1191 1191 1190 1190 1192 1192 1191 1191 1193 1193 1191 1191 1192 1192 1191 1191 1193 1193 1194 1194 1193 1193 1195 1195 1194 1194 1196 1196 1194 1194 1195 1195 1194 1194 1196 1196 1197 1197 1196 1196 1198 1198 1197 1197 1199 1199 1197 1197 1198 1198 1197 1197 1199 1199 1200 1200 1201 1201 1202 1202 1203 1203 1200 1200 1203 1203 1202 1202 1203 1203 1200 1200 1204 1204 1199 1199 1204 1204 1200 1200 1205 1205 1206 1206 1207 1207 1208 1208 1209 1209 1206 1206 1210 1210 1211 1211 1212 1212 1213 1213 1214 1214 1207 1207 1215 1215 1207 1207 1214 1214 1207 1207 1215 1215 1216 1216 1210 1210 1212 1212 1217 1217 1218 1218 1219 1219 1220 1220 1212 1212 1220 1220 1219 1219 1220 1220 1212 1212 1221 1221 1211 1211 1221 1221 1212 1212 1206 1206 1209 1209 1207 1207 1222 1222 1207 1207 1209 1209 1207 1207 1222 1222 1223 1223 1224 1224 1225 1225 1218 1218 1226 1226 1218 1218 1225 1225 1218 1218 1226 1226 1219 1219 1227 1227 1228 1228 1207 1207 1229 1229 1207 1207 1228 1228 1206 1206 1230 1230 1208 1208 1231 1231 1208 1208 1230 1230 1208 1208 1231 1231 1232 1232 1233 1233 1232 1232 1231 1231 1232 1232 1233 1233 1234 1234 1235 1235 1234 1234 1233 1233 1234 1234 1235 1235 1236 1236 947 947 1236 1236 1235 1235 1223 1223 1237 1237 1207 1207 1238 1238 1207 1207 1237 1237 1207 1207 1238 1238 1239 1239 1239 1239 1240 1240 1207 1207 1241 1241 1207 1207 1240 1240 1207 1207 1241 1241 1213 1213 1242 1242 1243 1243 1244 1244 1245 1245 1244 1244 1243 1243 1244 1244 1245 1245 1218 1218 1246 1246 1218 1218 1245 1245 1218 1218 1246 1246 1224 1224 1247 1247 1248 1248 1244 1244 1249 1249 1244 1244 1248 1248 1244 1244 1249 1249 1242 1242 1250 1250 1251 1251 1247 1247 1252 1252 1247 1247 1251 1251 1252 1252 1253 1253 1247 1247 1254 1254 1247 1247 1253 1253 1247 1247 1254 1254 1255 1255 1255 1255 1256 1256 1247 1247 1257 1257 1247 1247 1256 1256 1247 1247 1257 1257 1258 1258 1259 1259 1260 1260 1212 1212 778 778 1212 1212 1260 1260 1212 1212 778 778 1217 1217 1259 1259 453 453 1260 1260 465 465 1260 1260 453 453 1260 1260 465 465 464 464 1258 1258 1261 1261 1247 1247 1262 1262 1247 1247 1261 1261 1247 1247 1262 1262 1248 1248 464 464 463 463 1260 1260 462 462 1260 1260 463 463 1260 1260 462 462 461 461 490 490 491 491 1263 1263 492 492 1263 1263 491 491 1263 1263 492 492 493 493 1264 1264 1265 1265 1207 1207 1266 1266 1207 1207 1265 1265 1207 1207 1266 1266 1227 1227 461 461 460 460 1260 1260 459 459 1260 1260 460 460 1260 1260 459 459 458 458 494 494 495 495 1207 1207 1229 1229 1267 1267 1207 1207 1268 1268 1207 1207 1267 1267 1207 1207 1268 1268 1269 1269 458 458 457 457 1260 1260 456 456 1260 1260 457 457 1260 1260 456 456 455 455 495 495 313 313 1207 1207 312 312 1207 1207 313 313 1207 1207 312 312 1264 1264 1269 1269 1270 1270 1207 1207 1271 1271 1207 1207 1270 1270 1207 1207 1271 1271 1272 1272 455 455 454 454 1260 1260 466 466 1260 1260 454 454 1260 1260 466 466 467 467 479 479 478 478 1263 1263 477 477 1263 1263 478 478 1263 1263 477 477 177 177 1272 1272 1273 1273 1207 1207 1274 1274 1207 1207 1273 1273 1207 1207 1274 1274 1275 1275 485 485 486 486 1263 1263 487 487 1263 1263 486 486 1263 1263 487 487 488 488 488 488 175 175 1263 1263 174 174 1263 1263 175 175 1263 1263 174 174 512 512 512 512 511 511 1263 1263 489 489 1263 1263 511 511 1263 1263 489 489 490 490 1207 1207 1276 1276 1277 1277 482 482 483 483 1263 1263 484 484 1263 1263 483 483 1263 1263 484 484 485 485 1275 1275 1278 1278 1207 1207 1279 1279 1207 1207 1278 1278 1207 1207 1279 1279 1276 1276 1205 1205 1207 1207 1280 1280 1277 1277 1280 1280 1207 1207 1280 1280 1277 1277 1247 1247 1281 1281 1247 1247 1277 1277 1247 1247 1281 1281 1250 1250 177 177 176 176 1263 1263 481 481 1263 1263 176 176 1263 1263 481 481 482 482 467 467 468 468 1260 1260 469 469 1260 1260 468 468 1260 1260 469 469 475 475 475 475 474 474 1260 1260 476 476 1260 1260 474 474 1260 1260 476 476 1263 1263 480 480 1263 1263 476 476 1263 1263 480 480 479 479 1282 1282 1283 1283 1260 1260 1260 1260 1283 1283 1284 1284 1285 1285 1286 1286 1287 1287 1288 1288 1289 1289 1290 1290 1291 1291 1292 1292 1260 1260 1292 1292 1293 1293 1260 1260 1294 1294 1260 1260 1293 1293 1260 1260 1294 1294 1282 1282 1283 1283 1295 1295 1284 1284 1296 1296 1284 1284 1295 1295 1284 1284 1296 1296 1297 1297 1298 1298 1297 1297 1296 1296 1297 1297 1298 1298 1299 1299 1300 1300 1299 1299 1298 1298 1299 1299 1300 1300 1301 1301 1287 1287 1302 1302 1285 1285 1303 1303 1285 1285 1302 1302 1285 1285 1303 1303 1300 1300 1304 1304 1300 1300 1303 1303 1300 1300 1304 1304 1301 1301 1286 1286 1305 1305 1287 1287 1306 1306 1287 1287 1305 1305 1287 1287 1306 1306 1290 1290 1307 1307 1290 1290 1306 1306 1290 1290 1307 1307 1288 1288 1289 1289 1308 1308 1290 1290 1309 1309 1290 1290 1308 1308 1290 1290 1309 1309 1263 1263 1310 1310 1263 1263 1309 1309 1263 1263 1310 1310 1311 1311 1311 1311 1312 1312 1263 1263 1313 1313 1263 1263 1312 1312 1263 1263 1313 1313 1260 1260 1314 1314 1260 1260 1313 1313 1260 1260 1314 1314 1291 1291 1315 1315 1316 1316 1317 1317 1317 1317 1316 1316 1318 1318 1319 1319 1320 1320 1321 1321 1322 1322 1321 1321 1320 1320 1321 1321 1322 1322 1323 1323 1324 1324 1325 1325 1290 1290 1324 1324 1290 1290 1326 1326 1325 1325 1327 1327 1290 1290 1328 1328 1290 1290 1327 1327 1290 1290 1328 1328 1317 1317 1329 1329 1317 1317 1328 1328 1317 1317 1329 1329 1315 1315 1330 1330 1331 1331 1263 1263 1332 1332 1263 1263 1331 1331 1263 1263 1332 1332 1290 1290 1333 1333 1290 1290 1332 1332 1290 1290 1333 1333 1326 1326 1334 1334 1335 1335 1316 1316 1319 1319 1336 1336 1320 1320 1337 1337 1320 1320 1336 1336 1320 1320 1337 1337 1338 1338 1339 1339 1340 1340 1263 1263 1341 1341 1263 1263 1340 1340 1263 1263 1341 1341 1330 1330 1323 1323 1322 1322 1316 1316 1342 1342 1316 1316 1322 1322 1316 1316 1342 1342 1334 1334 1338 1338 1343 1343 1320 1320 1344 1344 1320 1320 1343 1343 1320 1320 1344 1344 1263 1263 1345 1345 1263 1263 1344 1344 1263 1263 1345 1345 1339 1339 1335 1335 1346 1346 1316 1316 1347 1347 1316 1316 1346 1346 1316 1316 1347 1347 1318 1318 1348 1348 1320 1320 1349 1349 1350 1350 1349 1349 1320 1320 1351 1351 1352 1352 1353 1353 1354 1354 1355 1355 1207 1207 1356 1356 1207 1207 1355 1355 1207 1207 1356 1356 1357 1357 1263 1263 1358 1358 1359 1359 1360 1360 1361 1361 1362 1362 1348 1348 1363 1363 1320 1320 1364 1364 1320 1320 1363 1363 1320 1320 1364 1364 1365 1365 493 493 494 494 1263 1263 1207 1207 1263 1263 494 494 1263 1263 1207 1207 1358 1358 1366 1366 1358 1358 1207 1207 1357 1357 1367 1367 1207 1207 1368 1368 1207 1207 1367 1367 1207 1207 1368 1368 1366 1366 1362 1362 1366 1366 1368 1368 1366 1366 1362 1362 1369 1369 1361 1361 1369 1369 1362 1362 1364 1364 1370 1370 1365 1365 1371 1371 1365 1365 1370 1370 1365 1365 1371 1371 1372 1372 1373 1373 1372 1372 1371 1371 1372 1372 1373 1373 1374 1374 1375 1375 1374 1374 1373 1373 1374 1374 1375 1375 1376 1376 1353 1353 1377 1377 1351 1351 1378 1378 1351 1351 1377 1377 1351 1351 1378 1378 1375 1375 1379 1379 1375 1375 1378 1378 1375 1375 1379 1379 1376 1376 1352 1352 1380 1380 1353 1353 1381 1381 1353 1353 1380 1380 1353 1353 1381 1381 1207 1207 1382 1382 1207 1207 1381 1381 1207 1207 1382 1382 1354 1354 1359 1359 1383 1383 1263 1263 1384 1384 1263 1263 1383 1383 1263 1263 1384 1384 1385 1385 1386 1386 1387 1387 1320 1320 1388 1388 1320 1320 1387 1387 1389 1389 1350 1350 1390 1390 1320 1320 1390 1390 1350 1350 1390 1390 1320 1320 1391 1391 1388 1388 1391 1391 1320 1320 1389 1389 1392 1392 1350 1350 1393 1393 1350 1350 1392 1392 1350 1350 1393 1393 1394 1394 1385 1385 1395 1395 1263 1263 1396 1396 1263 1263 1395 1395 1263 1263 1396 1396 1320 1320 1397 1397 1320 1320 1396 1396 1320 1320 1397 1397 1386 1386 1398 1398 1399 1399 1394 1394 1400 1400 1394 1394 1399 1399 1394 1394 1400 1400 1350 1350 1394 1394 1401 1401 1398 1398 1402 1402 1398 1398 1401 1401 1398 1398 1402 1402 1362 1362 1403 1403 1362 1362 1402 1402 1362 1362 1403 1403 1360 1360 1404 1404 1405 1405 1406 1406 1407 1407 1406 1406 1405 1405 1406 1406 1407 1407 1408 1408 1409 1409 1408 1408 1407 1407 1408 1408 1409 1409 1410 1410 1411 1411 1410 1410 1409 1409 1410 1410 1411 1411 1412 1412 1413 1413 1412 1412 1411 1411 1412 1412 1413 1413 1414 1414 1415 1415 1414 1414 1413 1413 1414 1414 1415 1415 1416 1416 1417 1417 1416 1416 1415 1415 1416 1416 1417 1417 1418 1418 1419 1419 1418 1418 1417 1417 1418 1418 1419 1419 1420 1420 1421 1421 1420 1420 1419 1419 1420 1420 1421 1421 1422 1422 1423 1423 1422 1422 1421 1421 1422 1422 1423 1423 1424 1424 1425 1425 1424 1424 1423 1423 1424 1424 1425 1425 1426 1426 1427 1427 1426 1426 1425 1425 1426 1426 1427 1427 1428 1428 1429 1429 1428 1428 1427 1427 1428 1428 1429 1429 1430 1430 1431 1431 1430 1430 1429 1429 1430 1430 1431 1431 1432 1432 1433 1433 1432 1432 1431 1431 1432 1432 1433 1433 1434 1434 1435 1435 1434 1434 1433 1433 1434 1434 1435 1435 1436 1436 1437 1437 1436 1436 1435 1435 1436 1436 1437 1437 1438 1438 1439 1439 1438 1438 1437 1437 1438 1438 1439 1439 1440 1440 1441 1441 1440 1440 1439 1439 1440 1440 1441 1441 1442 1442 1443 1443 1442 1442 1441 1441 1442 1442 1443 1443 1444 1444 1445 1445 1444 1444 1443 1443 1444 1444 1445 1445 1446 1446 1447 1447 1446 1446 1445 1445 1446 1446 1447 1447 1448 1448 1449 1449 1448 1448 1447 1447 1448 1448 1449 1449 1450 1450 1451 1451 1450 1450 1449 1449 1450 1450 1451 1451 1404 1404 1405 1405 1404 1404 1451 1451 1452 1452 1453 1453 1454 1454 1455 1455 1456 1456 1457 1457 1458 1458 1459 1459 1460 1460 1458 1458 1460 1460 1456 1456 1455 1455 1457 1457 1453 1453 1461 1461 1462 1462 1463 1463 1452 1452 1463 1463 1462 1462 1464 1464 1465 1465 1461 1461 1466 1466 1467 1467 1468 1468 1232 1232 1234 1234 1467 1467 1467 1467 1466 1466 1232 1232 1469 1469 1232 1232 1466 1466 1232 1232 1469 1469 1208 1208 1470 1470 1208 1208 1469 1469 1208 1208 1470 1470 1209 1209 1471 1471 1209 1209 1470 1470 1209 1209 1471 1471 1222 1222 1472 1472 1222 1222 1471 1471 1222 1222 1472 1472 1223 1223 1473 1473 1223 1223 1472 1472 1223 1223 1473 1473 1237 1237 1474 1474 1237 1237 1473 1473 1237 1237 1474 1474 1238 1238 1475 1475 1238 1238 1474 1474 1238 1238 1475 1475 1239 1239 1476 1476 1239 1239 1475 1475 1239 1239 1476 1476 1240 1240 1477 1477 1240 1240 1476 1476 1240 1240 1477 1477 1241 1241 1478 1478 1241 1241 1477 1477 1241 1241 1478 1478 1213 1213 1479 1479 1213 1213 1478 1478 1213 1213 1479 1479 1214 1214 1480 1480 1214 1214 1479 1479 1214 1214 1480 1480 1215 1215 1481 1481 1482 1482 1483 1483 1484 1484 1482 1482 1485 1485 1481 1481 1485 1485 1482 1482 1485 1485 1481 1481 1486 1486 1487 1487 1486 1486 1481 1481 1486 1486 1487 1487 1488 1488 1488 1488 1487 1487 1489 1489 1490 1490 1489 1489 1487 1487 1489 1489 1490 1490 1491 1491 1491 1491 1490 1490 1492 1492 1493 1493 1492 1492 1490 1490 1492 1492 1493 1493 1494 1494 1494 1494 1493 1493 1495 1495 1496 1496 1495 1495 1493 1493 1495 1495 1496 1496 1497 1497 1497 1497 1496 1496 1498 1498 1499 1499 1498 1498 1496 1496 1498 1498 1499 1499 1500 1500 1501 1501 1500 1500 1499 1499 1500 1500 1501 1501 1502 1502 1503 1503 1502 1502 1501 1501 1502 1502 1503 1503 1504 1504 1505 1505 1506 1506 1507 1507 1507 1507 1508 1508 1505 1505 1509 1509 1505 1505 1508 1508 1505 1505 1509 1509 1503 1503 1510 1510 1503 1503 1509 1509 1503 1503 1510 1510 1504 1504 1511 1511 1512 1512 1513 1513 1513 1513 1514 1514 1511 1511 1515 1515 1511 1511 1514 1514 1511 1511 1515 1515 1506 1506 1516 1516 1506 1506 1515 1515 1506 1506 1516 1516 1507 1507 1459 1459 1517 1517 1460 1460 1518 1518 1460 1460 1517 1517 1460 1460 1518 1518 1512 1512 1519 1519 1512 1512 1518 1518 1512 1512 1519 1519 1513 1513 1216 1216 1215 1215 1520 1520 1480 1480 1520 1520 1215 1215 1520 1520 1480 1480 1521 1521 1479 1479 1521 1521 1480 1480 1521 1521 1479 1479 1522 1522 1478 1478 1522 1522 1479 1479 1522 1522 1478 1478 1523 1523 1477 1477 1523 1523 1478 1478 1523 1523 1477 1477 1524 1524 1476 1476 1524 1524 1477 1477 1524 1524 1476 1476 1525 1525 1475 1475 1525 1525 1476 1476 1525 1525 1475 1475 1526 1526 1474 1474 1526 1526 1475 1475 1526 1526 1474 1474 1527 1527 1473 1473 1527 1527 1474 1474 1527 1527 1473 1473 1528 1528 1472 1472 1528 1528 1473 1473 1528 1528 1472 1472 1529 1529 1471 1471 1529 1529 1472 1472 1529 1529 1471 1471 1530 1530 1470 1470 1530 1530 1471 1471 1530 1530 1470 1470 1531 1531 1469 1469 1531 1531 1470 1470 1531 1531 1469 1469 1532 1532 1466 1466 1532 1532 1469 1469 1532 1532 1466 1466 1464 1464 1468 1468 1464 1464 1466 1466 1464 1464 1468 1468 1465 1465 1461 1461 1463 1463 1464 1464 1533 1533 1464 1464 1463 1463 1464 1464 1533 1533 1532 1532 1534 1534 1532 1532 1533 1533 1532 1532 1534 1534 1531 1531 1535 1535 1531 1531 1534 1534 1531 1531 1535 1535 1530 1530 1536 1536 1530 1530 1535 1535 1530 1530 1536 1536 1529 1529 1537 1537 1529 1529 1536 1536 1529 1529 1537 1537 1528 1528 1538 1538 1528 1528 1537 1537 1528 1528 1538 1538 1527 1527 1539 1539 1527 1527 1538 1538 1527 1527 1539 1539 1526 1526 1540 1540 1526 1526 1539 1539 1526 1526 1540 1540 1525 1525 1541 1541 1525 1525 1540 1540 1525 1525 1541 1541 1524 1524 1542 1542 1524 1524 1541 1541 1524 1524 1542 1542 1523 1523 1543 1543 1523 1523 1542 1542 1523 1523 1543 1543 1522 1522 1544 1544 1522 1522 1543 1543 1522 1522 1544 1544 1521 1521 1545 1545 1521 1521 1544 1544 1521 1521 1545 1545 1520 1520 1452 1452 1454 1454 1463 1463 1546 1546 1463 1463 1454 1454 1463 1463 1546 1546 1533 1533 1547 1547 1533 1533 1546 1546 1533 1533 1547 1547 1534 1534 1548 1548 1534 1534 1547 1547 1534 1534 1548 1548 1535 1535 1549 1549 1535 1535 1548 1548 1535 1535 1549 1549 1536 1536 1550 1550 1536 1536 1549 1549 1536 1536 1550 1550 1537 1537 1551 1551 1537 1537 1550 1550 1537 1537 1551 1551 1538 1538 1552 1552 1538 1538 1551 1551 1538 1538 1552 1552 1539 1539 1553 1553 1539 1539 1552 1552 1539 1539 1553 1553 1540 1540 1554 1554 1540 1540 1553 1553 1540 1540 1554 1554 1541 1541 1555 1555 1541 1541 1554 1554 1541 1541 1555 1555 1542 1542 1556 1556 1542 1542 1555 1555 1542 1542 1556 1556 1543 1543 1557 1557 1543 1543 1556 1556 1543 1543 1557 1557 1544 1544 1558 1558 1544 1544 1557 1557 1544 1544 1558 1558 1545 1545 1453 1453 1457 1457 1454 1454 1559 1559 1454 1454 1457 1457 1454 1454 1559 1559 1546 1546 1560 1560 1546 1546 1559 1559 1546 1546 1560 1560 1547 1547 1561 1561 1547 1547 1560 1560 1547 1547 1561 1561 1548 1548 1562 1562 1548 1548 1561 1561 1548 1548 1562 1562 1549 1549 1563 1563 1549 1549 1562 1562 1549 1549 1563 1563 1550 1550 1564 1564 1550 1550 1563 1563 1550 1550 1564 1564 1551 1551 1565 1565 1551 1551 1564 1564 1551 1551 1565 1565 1552 1552 1566 1566 1552 1552 1565 1565 1552 1552 1566 1566 1553 1553 1567 1567 1553 1553 1566 1566 1553 1553 1567 1567 1554 1554 1568 1568 1554 1554 1567 1567 1554 1554 1568 1568 1555 1555 1569 1569 1555 1555 1568 1568 1555 1555 1569 1569 1556 1556 1570 1570 1556 1556 1569 1569 1556 1556 1570 1570 1557 1557 1571 1571 1557 1557 1570 1570 1557 1557 1571 1571 1558 1558 1456 1456 1460 1460 1457 1457 1512 1512 1457 1457 1460 1460 1457 1457 1512 1512 1559 1559 1511 1511 1559 1559 1512 1512 1559 1559 1511 1511 1560 1560 1506 1506 1560 1560 1511 1511 1560 1560 1506 1506 1561 1561 1505 1505 1561 1561 1506 1506 1561 1561 1505 1505 1562 1562 1503 1503 1562 1562 1505 1505 1562 1562 1503 1503 1563 1563 1501 1501 1563 1563 1503 1503 1563 1563 1501 1501 1564 1564 1499 1499 1564 1564 1501 1501 1564 1564 1499 1499 1565 1565 1496 1496 1565 1565 1499 1499 1565 1565 1496 1496 1566 1566 1493 1493 1566 1566 1496 1496 1566 1566 1493 1493 1567 1567 1490 1490 1567 1567 1493 1493 1567 1567 1490 1490 1568 1568 1487 1487 1568 1568 1490 1490 1568 1568 1487 1487 1569 1569 1481 1481 1569 1569 1487 1487 1569 1569 1481 1481 1570 1570 1483 1483 1570 1570 1481 1481 1570 1570 1483 1483 1571 1571 1572 1572 1573 1573 1574 1574 1575 1575 1576 1576 1577 1577 1578 1578 1579 1579 1580 1580 1581 1581 1582 1582 1583 1583 1584 1584 1585 1585 1586 1586 1587 1587 1588 1588 1589 1589 1587 1587 1589 1589 1585 1585 1584 1584 1586 1586 1582 1582 1590 1590 1591 1591 1592 1592 1581 1581 1592 1592 1591 1591 1593 1593 1594 1594 1595 1595 1590 1590 1595 1595 1594 1594 1596 1596 1597 1597 1593 1593 1210 1210 1217 1217 1597 1597 1597 1597 1596 1596 1210 1210 1598 1598 1210 1210 1596 1596 1210 1210 1598 1598 1211 1211 1599 1599 1211 1211 1598 1598 1211 1211 1599 1599 1221 1221 1600 1600 1221 1221 1599 1599 1221 1221 1600 1600 1220 1220 1601 1601 1220 1220 1600 1600 1220 1220 1601 1601 1218 1218 1602 1602 1218 1218 1601 1601 1218 1218 1602 1602 1244 1244 1603 1603 1244 1244 1602 1602 1244 1244 1603 1603 1247 1247 1604 1604 1247 1247 1603 1603 1247 1247 1604 1604 1280 1280 1605 1605 1280 1280 1604 1604 1280 1280 1605 1605 1205 1205 1606 1606 1205 1205 1605 1605 1205 1205 1606 1606 1206 1206 1607 1607 1206 1206 1606 1606 1206 1206 1607 1607 1230 1230 1608 1608 1230 1230 1607 1607 1230 1230 1608 1608 1231 1231 1580 1580 1231 1231 1608 1608 1231 1231 1580 1580 1233 1233 1579 1579 1233 1233 1580 1580 1233 1233 1579 1579 1235 1235 1609 1609 1610 1610 1611 1611 1612 1612 1613 1613 1614 1614 1615 1615 1613 1613 1616 1616 1612 1612 1616 1616 1613 1613 1616 1616 1612 1612 1617 1617 1618 1618 1617 1617 1612 1612 1617 1617 1618 1618 1619 1619 1619 1619 1618 1618 1620 1620 1621 1621 1620 1620 1618 1618 1620 1620 1621 1621 1622 1622 1622 1622 1621 1621 1623 1623 1624 1624 1623 1623 1621 1621 1623 1623 1624 1624 1625 1625 1625 1625 1624 1624 1626 1626 1627 1627 1626 1626 1624 1624 1626 1626 1627 1627 1628 1628 1628 1628 1627 1627 1629 1629 1630 1630 1629 1629 1627 1627 1629 1629 1630 1630 1631 1631 1632 1632 1631 1631 1630 1630 1631 1631 1632 1632 1633 1633 1634 1634 1633 1633 1632 1632 1633 1633 1634 1634 1635 1635 1636 1636 1637 1637 1638 1638 1638 1638 1639 1639 1636 1636 1640 1640 1636 1636 1639 1639 1636 1636 1640 1640 1634 1634 1641 1641 1634 1634 1640 1640 1634 1634 1641 1641 1635 1635 1642 1642 1643 1643 1644 1644 1644 1644 1645 1645 1642 1642 1646 1646 1642 1642 1645 1645 1642 1642 1646 1646 1637 1637 1647 1647 1637 1637 1646 1646 1637 1637 1647 1647 1638 1638 1588 1588 1648 1648 1589 1589 1649 1649 1589 1589 1648 1648 1589 1589 1649 1649 1643 1643 1650 1650 1643 1643 1649 1649 1643 1643 1650 1650 1644 1644 1593 1593 1595 1595 1596 1596 1651 1651 1596 1596 1595 1595 1596 1596 1651 1651 1598 1598 1652 1652 1598 1598 1651 1651 1598 1598 1652 1652 1599 1599 1653 1653 1599 1599 1652 1652 1599 1599 1653 1653 1600 1600 1654 1654 1600 1600 1653 1653 1600 1600 1654 1654 1601 1601 1655 1655 1601 1601 1654 1654 1601 1601 1655 1655 1602 1602 1656 1656 1602 1602 1655 1655 1602 1602 1656 1656 1603 1603 1657 1657 1603 1603 1656 1656 1603 1603 1657 1657 1604 1604 1658 1658 1604 1604 1657 1657 1604 1604 1658 1658 1605 1605 1659 1659 1605 1605 1658 1658 1605 1605 1659 1659 1606 1606 1660 1660 1606 1606 1659 1659 1606 1606 1660 1660 1607 1607 1661 1661 1607 1607 1660 1660 1607 1607 1661 1661 1608 1608 1577 1577 1608 1608 1661 1661 1608 1608 1577 1577 1580 1580 1576 1576 1580 1580 1577 1577 1580 1580 1576 1576 1578 1578 1590 1590 1592 1592 1595 1595 1662 1662 1595 1595 1592 1592 1595 1595 1662 1662 1651 1651 1663 1663 1651 1651 1662 1662 1651 1651 1663 1663 1652 1652 1664 1664 1652 1652 1663 1663 1652 1652 1664 1664 1653 1653 1665 1665 1653 1653 1664 1664 1653 1653 1665 1665 1654 1654 1666 1666 1654 1654 1665 1665 1654 1654 1666 1666 1655 1655 1667 1667 1655 1655 1666 1666 1655 1655 1667 1667 1656 1656 1668 1668 1656 1656 1667 1667 1656 1656 1668 1668 1657 1657 1669 1669 1657 1657 1668 1668 1657 1657 1669 1669 1658 1658 1670 1670 1658 1658 1669 1669 1658 1658 1670 1670 1659 1659 1671 1671 1659 1659 1670 1670 1659 1659 1671 1671 1660 1660 1672 1672 1660 1660 1671 1671 1660 1660 1672 1672 1661 1661 1574 1574 1661 1661 1672 1672 1661 1661 1574 1574 1577 1577 1573 1573 1577 1577 1574 1574 1577 1577 1573 1573 1575 1575 1581 1581 1583 1583 1592 1592 1673 1673 1592 1592 1583 1583 1592 1592 1673 1673 1662 1662 1674 1674 1662 1662 1673 1673 1662 1662 1674 1674 1663 1663 1675 1675 1663 1663 1674 1674 1663 1663 1675 1675 1664 1664 1676 1676 1664 1664 1675 1675 1664 1664 1676 1676 1665 1665 1677 1677 1665 1665 1676 1676 1665 1665 1677 1677 1666 1666 1678 1678 1666 1666 1677 1677 1666 1666 1678 1678 1667 1667 1679 1679 1667 1667 1678 1678 1667 1667 1679 1679 1668 1668 1680 1680 1668 1668 1679 1679 1668 1668 1680 1680 1669 1669 1681 1681 1669 1669 1680 1680 1669 1669 1681 1681 1670 1670 1682 1682 1670 1670 1681 1681 1670 1670 1682 1682 1671 1671 1683 1683 1671 1671 1682 1682 1671 1671 1683 1683 1672 1672 1684 1684 1672 1672 1683 1683 1672 1672 1684 1684 1574 1574 1685 1685 1574 1574 1684 1684 1574 1574 1685 1685 1572 1572 1582 1582 1586 1586 1583 1583 1686 1686 1583 1583 1586 1586 1583 1583 1686 1686 1673 1673 1687 1687 1673 1673 1686 1686 1673 1673 1687 1687 1674 1674 1688 1688 1674 1674 1687 1687 1674 1674 1688 1688 1675 1675 1689 1689 1675 1675 1688 1688 1675 1675 1689 1689 1676 1676 1690 1690 1676 1676 1689 1689 1676 1676 1690 1690 1677 1677 1691 1691 1677 1677 1690 1690 1677 1677 1691 1691 1678 1678 1692 1692 1678 1678 1691 1691 1678 1678 1692 1692 1679 1679 1693 1693 1679 1679 1692 1692 1679 1679 1693 1693 1680 1680 1694 1694 1680 1680 1693 1693 1680 1680 1694 1694 1681 1681 1695 1695 1681 1681 1694 1694 1681 1681 1695 1695 1682 1682 1696 1696 1682 1682 1695 1695 1682 1682 1696 1696 1683 1683 1609 1609 1683 1683 1696 1696 1683 1683 1609 1609 1684 1684 1611 1611 1684 1684 1609 1609 1684 1684 1611 1611 1685 1685 1585 1585 1589 1589 1586 1586 1643 1643 1586 1586 1589 1589 1586 1586 1643 1643 1686 1686 1642 1642 1686 1686 1643 1643 1686 1686 1642 1642 1687 1687 1637 1637 1687 1687 1642 1642 1687 1687 1637 1637 1688 1688 1636 1636 1688 1688 1637 1637 1688 1688 1636 1636 1689 1689 1634 1634 1689 1689 1636 1636 1689 1689 1634 1634 1690 1690 1632 1632 1690 1690 1634 1634 1690 1690 1632 1632 1691 1691 1630 1630 1691 1691 1632 1632 1691 1691 1630 1630 1692 1692 1627 1627 1692 1692 1630 1630 1692 1692 1627 1627 1693 1693 1624 1624 1693 1693 1627 1627 1693 1693 1624 1624 1694 1694 1621 1621 1694 1694 1624 1624 1694 1694 1621 1621 1695 1695 1618 1618 1695 1695 1621 1621 1695 1695 1618 1618 1696 1696 1612 1612 1696 1696 1618 1618 1696 1696 1612 1612 1609 1609 1614 1614 1609 1609 1612 1612 1609 1609 1614 1614 1610 1610 1697 1697 1216 1216 1520 1520 1482 1482 1484 1484 888 888 1545 1545 1698 1698 1699 1699 1700 1700 1697 1697 1701 1701 1520 1520 1701 1701 1697 1697 1701 1701 1520 1520 1702 1702 1545 1545 1702 1702 1520 1520 1702 1702 1545 1545 1703 1703 1699 1699 1703 1703 1545 1545 1698 1698 1545 1545 1704 1704 1558 1558 1704 1704 1545 1545 1704 1704 1558 1558 866 866 1571 1571 869 869 1558 1558 868 868 1558 1558 869 869 1558 1558 868 868 866 866 888 888 889 889 1482 1482 864 864 1482 1482 889 889 1482 1482 864 864 1483 1483 862 862 1483 1483 864 864 1483 1483 862 862 1571 1571 861 861 1571 1571 862 862 1571 1571 861 861 869 869 1705 1705 1484 1484 1485 1485 1705 1705 1485 1485 1706 1706 1485 1485 1486 1486 1706 1706 1488 1488 1706 1706 1486 1486 1706 1706 1488 1488 1707 1707 1488 1488 1489 1489 1707 1707 1491 1491 1707 1707 1489 1489 1707 1707 1491 1491 1708 1708 1491 1491 1492 1492 1708 1708 1494 1494 1708 1708 1492 1492 1708 1708 1494 1494 1709 1709 1494 1494 1495 1495 1709 1709 1497 1497 1709 1709 1495 1495 1709 1709 1497 1497 1710 1710 1497 1497 1498 1498 1710 1710 1500 1500 1710 1710 1498 1498 1710 1710 1500 1500 1711 1711 1500 1500 1502 1502 1711 1711 1504 1504 1711 1711 1502 1502 1711 1711 1504 1504 1712 1712 1504 1504 1510 1510 1712 1712 1509 1509 1712 1712 1510 1510 1712 1712 1509 1509 1713 1713 1509 1509 1508 1508 1713 1713 1507 1507 1713 1713 1508 1508 1713 1713 1507 1507 1714 1714 1507 1507 1516 1516 1714 1714 1515 1515 1714 1714 1516 1516 1714 1714 1515 1515 1715 1715 1515 1515 1514 1514 1715 1715 1513 1513 1715 1715 1514 1514 1715 1715 1513 1513 1716 1716 1517 1517 1717 1717 1518 1518 1716 1716 1518 1518 1717 1717 1518 1518 1716 1716 1519 1519 1513 1513 1519 1519 1716 1716 1717 1717 1517 1517 1718 1718 1719 1719 1718 1718 1517 1517 1615 1615 1720 1720 934 934 1721 1721 934 934 1720 1720 1720 1720 1615 1615 1616 1616 1720 1720 1616 1616 1722 1722 1616 1616 1617 1617 1722 1722 1619 1619 1722 1722 1617 1617 1722 1722 1619 1619 1723 1723 1619 1619 1620 1620 1723 1723 1622 1622 1723 1723 1620 1620 1723 1723 1622 1622 1724 1724 1622 1622 1623 1623 1724 1724 1625 1625 1724 1724 1623 1623 1724 1724 1625 1625 1725 1725 1625 1625 1626 1626 1725 1725 1628 1628 1725 1725 1626 1626 1725 1725 1628 1628 1726 1726 1628 1628 1629 1629 1726 1726 1631 1631 1726 1726 1629 1629 1726 1726 1631 1631 1727 1727 1631 1631 1633 1633 1727 1727 1635 1635 1727 1727 1633 1633 1727 1727 1635 1635 1728 1728 1635 1635 1641 1641 1728 1728 1640 1640 1728 1728 1641 1641 1728 1728 1640 1640 1729 1729 1640 1640 1639 1639 1729 1729 1638 1638 1729 1729 1639 1639 1729 1729 1638 1638 1730 1730 1638 1638 1647 1647 1730 1730 1646 1646 1730 1730 1647 1647 1730 1730 1646 1646 1731 1731 1646 1646 1645 1645 1731 1731 1644 1644 1731 1731 1645 1645 1731 1731 1644 1644 1732 1732 1648 1648 1733 1733 1649 1649 1732 1732 1649 1649 1733 1733 1649 1649 1732 1732 1650 1650 1644 1644 1650 1650 1732 1732 788 788 1734 1734 1648 1648 1733 1733 1648 1648 1734 1734 1735 1735 1736 1736 1737 1737 1738 1738 1739 1739 1740 1740 1741 1741 1742 1742 1743 1743 1744 1744 1745 1745 1746 1746 1747 1747 1748 1748 1749 1749 1750 1750 1751 1751 1752 1752 1753 1753 1754 1754 1755 1755 1756 1756 1757 1757 1758 1758 1759 1759 1760 1760 1761 1761 1762 1762 1763 1763 1764 1764 1765 1765 1766 1766 1767 1767 1287 1287 1768 1768 1769 1769 1287 1287 1769 1769 1302 1302 1770 1770 1302 1302 1769 1769 1302 1302 1770 1770 1303 1303 1771 1771 1303 1303 1770 1770 1303 1303 1771 1771 1304 1304 1772 1772 1304 1304 1771 1771 1304 1304 1772 1772 1301 1301 1773 1773 1301 1301 1772 1772 1301 1301 1773 1773 1299 1299 1767 1767 1299 1299 1773 1773 1299 1299 1767 1767 1297 1297 1766 1766 1297 1297 1767 1767 1297 1297 1766 1766 1284 1284 1774 1774 1775 1775 1776 1776 32 32 1776 1776 1775 1775 1752 1752 1751 1751 1774 1774 1777 1777 1774 1774 1751 1751 1774 1774 1777 1777 1775 1775 1750 1750 1752 1752 1778 1778 1779 1779 1778 1778 1752 1752 1778 1778 1779 1779 1780 1780 1781 1781 1780 1780 1779 1779 1780 1780 1781 1781 1782 1782 1782 1782 1781 1781 1783 1783 1784 1784 1783 1783 1781 1781 1783 1783 1784 1784 1785 1785 1785 1785 1784 1784 1786 1786 1749 1749 1786 1786 1784 1784 1786 1786 1749 1749 1787 1787 1748 1748 1787 1787 1749 1749 1787 1787 1748 1748 1788 1788 1776 1776 1753 1753 1774 1774 1755 1755 1774 1774 1753 1753 1774 1774 1755 1755 1752 1752 1789 1789 1752 1752 1755 1755 1752 1752 1789 1789 1779 1779 1790 1790 1779 1779 1789 1789 1779 1779 1790 1790 1781 1781 1791 1791 1781 1781 1790 1790 1781 1781 1791 1791 1784 1784 1792 1792 1784 1784 1791 1791 1784 1784 1792 1792 1749 1749 1746 1746 1749 1749 1792 1792 1749 1749 1746 1746 1747 1747 1745 1745 1747 1747 1746 1746 1754 1754 1756 1756 1755 1755 1758 1758 1755 1755 1756 1756 1755 1755 1758 1758 1789 1789 1793 1793 1789 1789 1758 1758 1789 1789 1793 1793 1790 1790 1794 1794 1790 1790 1793 1793 1790 1790 1794 1794 1791 1791 1795 1795 1791 1791 1794 1794 1791 1791 1795 1795 1792 1792 1796 1796 1792 1792 1795 1795 1792 1792 1796 1796 1746 1746 1743 1743 1746 1746 1796 1796 1746 1746 1743 1743 1744 1744 1742 1742 1744 1744 1743 1743 1757 1757 1759 1759 1758 1758 1761 1761 1758 1758 1759 1759 1758 1758 1761 1761 1793 1793 1797 1797 1793 1793 1761 1761 1793 1793 1797 1797 1794 1794 1798 1798 1794 1794 1797 1797 1794 1794 1798 1798 1795 1795 1799 1799 1795 1795 1798 1798 1795 1795 1799 1799 1796 1796 1800 1800 1796 1796 1799 1799 1796 1796 1800 1800 1743 1743 1740 1740 1743 1743 1800 1800 1743 1743 1740 1740 1741 1741 1739 1739 1741 1741 1740 1740 1760 1760 1762 1762 1761 1761 1764 1764 1761 1761 1762 1762 1761 1761 1764 1764 1797 1797 1801 1801 1797 1797 1764 1764 1797 1797 1801 1801 1798 1798 1802 1802 1798 1798 1801 1801 1798 1798 1802 1802 1799 1799 1803 1803 1799 1799 1802 1802 1799 1799 1803 1803 1800 1800 1804 1804 1800 1800 1803 1803 1800 1800 1804 1804 1740 1740 1737 1737 1740 1740 1804 1804 1740 1740 1737 1737 1738 1738 1736 1736 1738 1738 1737 1737 1763 1763 1765 1765 1764 1764 1767 1767 1764 1764 1765 1765 1764 1764 1767 1767 1801 1801 1773 1773 1801 1801 1767 1767 1801 1801 1773 1773 1802 1802 1772 1772 1802 1802 1773 1773 1802 1802 1772 1772 1803 1803 1771 1771 1803 1803 1772 1772 1803 1803 1771 1771 1804 1804 1770 1770 1804 1804 1771 1771 1804 1804 1770 1770 1737 1737 1769 1769 1737 1737 1770 1770 1737 1737 1769 1769 1735 1735 1768 1768 1735 1735 1769 1769 1805 1805 1806 1806 1807 1807 1808 1808 1807 1807 1806 1806 1807 1807 1808 1808 1809 1809 1810 1810 1809 1809 1808 1808 1809 1809 1810 1810 1811 1811 1812 1812 1811 1811 1810 1810 1811 1811 1812 1812 1813 1813 1814 1814 1813 1813 1812 1812 1813 1813 1814 1814 1815 1815 1816 1816 1815 1815 1814 1814 1815 1815 1816 1816 1817 1817 1818 1818 1817 1817 1816 1816 1817 1817 1818 1818 1819 1819 1820 1820 1819 1819 1818 1818 1819 1819 1820 1820 1821 1821 1822 1822 1821 1821 1820 1820 1821 1821 1822 1822 1823 1823 1824 1824 1823 1823 1822 1822 1823 1823 1824 1824 1825 1825 1826 1826 1825 1825 1824 1824 1825 1825 1826 1826 1827 1827 1828 1828 1827 1827 1826 1826 1827 1827 1828 1828 1829 1829 1830 1830 1829 1829 1828 1828 1829 1829 1830 1830 1831 1831 1832 1832 1831 1831 1830 1830 1831 1831 1832 1832 1833 1833 1834 1834 1833 1833 1832 1832 1833 1833 1834 1834 1835 1835 1836 1836 1835 1835 1834 1834 1835 1835 1836 1836 1837 1837 1838 1838 1837 1837 1836 1836 1837 1837 1838 1838 1839 1839 1840 1840 1839 1839 1838 1838 1839 1839 1840 1840 1841 1841 1842 1842 1841 1841 1840 1840 1841 1841 1842 1842 1843 1843 1844 1844 1843 1843 1842 1842 1843 1843 1844 1844 1845 1845 1846 1846 1845 1845 1844 1844 1845 1845 1846 1846 1847 1847 1848 1848 1847 1847 1846 1846 1847 1847 1848 1848 1849 1849 1850 1850 1849 1849 1848 1848 1849 1849 1850 1850 1851 1851 1852 1852 1851 1851 1850 1850 1851 1851 1852 1852 1805 1805 1806 1806 1805 1805 1852 1852 1853 1853 1854 1854 1855 1855 1856 1856 1857 1857 1858 1858 1000 1000 1858 1858 1857 1857 1859 1859 1860 1860 1861 1861 1853 1853 1855 1855 1861 1861 1862 1862 1861 1861 1855 1855 1861 1861 1862 1862 1859 1859 1863 1863 1864 1864 1865 1865 1866 1866 1867 1867 1000 1000 1868 1868 1000 1000 1867 1867 1000 1000 1868 1868 1858 1858 1854 1854 1869 1869 1855 1855 1870 1870 1855 1855 1869 1869 1855 1855 1870 1870 1871 1871 1872 1872 1873 1873 1855 1855 1855 1855 1874 1874 1875 1875 1010 1010 1876 1876 1877 1877 1877 1877 1878 1878 1010 1010 1879 1879 1010 1010 1878 1878 1010 1010 1879 1879 1880 1880 1856 1856 1881 1881 1857 1857 1882 1882 1857 1857 1881 1881 1857 1857 1882 1882 1883 1883 1884 1884 1883 1883 1882 1882 1883 1883 1884 1884 1885 1885 1860 1860 1885 1885 1884 1884 1885 1885 1860 1860 1886 1886 1859 1859 1886 1886 1860 1860 1880 1880 1887 1887 1010 1010 1888 1888 1010 1010 1887 1887 1010 1010 1888 1888 1008 1008 1889 1889 1008 1008 1888 1888 1008 1008 1889 1889 1006 1006 1000 1000 999 999 1866 1866 1002 1002 1866 1866 999 999 1866 1866 1002 1002 1889 1889 1004 1004 1889 1889 1002 1002 1889 1889 1004 1004 1006 1006 1890 1890 1891 1891 1871 1871 1892 1892 1871 1871 1891 1891 1871 1871 1892 1892 1855 1855 1893 1893 1855 1855 1892 1892 1855 1855 1893 1893 1872 1872 1873 1873 1894 1894 1855 1855 1895 1895 1855 1855 1894 1894 1855 1855 1895 1895 1874 1874 1896 1896 1897 1897 1898 1898 1899 1899 1898 1898 1897 1897 1010 1010 1012 1012 1876 1876 1014 1014 1876 1876 1012 1012 1876 1876 1014 1014 1016 1016 1900 1900 1863 1863 1901 1901 1865 1865 1901 1901 1863 1863 1901 1901 1865 1865 1902 1902 1855 1855 1902 1902 1865 1865 1902 1902 1855 1855 1903 1903 1875 1875 1903 1903 1855 1855 1904 1904 1905 1905 1906 1906 1907 1907 1908 1908 1909 1909 1050 1050 1910 1910 1911 1911 1896 1896 1898 1898 1912 1912 1913 1913 1912 1912 1898 1898 1912 1912 1913 1913 1914 1914 1899 1899 1915 1915 1898 1898 1916 1916 1898 1898 1915 1915 1898 1898 1916 1916 1917 1917 1918 1918 1917 1917 1916 1916 1917 1917 1918 1918 1901 1901 1919 1919 1901 1901 1918 1918 1901 1901 1919 1919 1900 1900 1908 1908 1907 1907 1904 1904 1920 1920 1904 1904 1907 1907 1904 1904 1920 1920 1905 1905 1864 1864 1921 1921 1865 1865 1922 1922 1865 1865 1921 1921 1865 1865 1922 1922 1923 1923 1904 1904 1923 1923 1922 1922 1923 1923 1904 1904 1924 1924 1906 1906 1924 1924 1904 1904 1909 1909 1925 1925 1907 1907 1926 1926 1907 1907 1925 1925 1907 1907 1926 1926 1050 1050 1927 1927 1050 1050 1926 1926 1050 1050 1927 1927 1910 1910 1914 1914 1928 1928 1912 1912 1929 1929 1912 1912 1928 1928 1912 1912 1929 1929 1930 1930 1930 1930 1038 1038 1931 1931 1040 1040 1931 1931 1038 1038 1931 1931 1040 1040 1042 1042 1890 1890 1876 1876 1891 1891 1016 1016 1891 1891 1876 1876 1891 1891 1016 1016 1932 1932 1018 1018 1932 1932 1016 1016 1932 1932 1018 1018 1933 1933 1020 1020 1933 1933 1018 1018 1933 1933 1020 1020 1934 1934 1022 1022 1934 1934 1020 1020 1934 1934 1022 1022 1935 1935 1911 1911 1936 1936 1050 1050 1931 1931 1050 1050 1936 1936 1050 1050 1931 1931 1044 1044 1042 1042 1044 1044 1931 1931 1032 1032 1034 1034 1930 1930 1036 1036 1930 1930 1034 1034 1930 1930 1036 1036 1038 1038 1026 1026 1028 1028 1930 1930 1030 1030 1930 1930 1028 1028 1930 1930 1030 1030 1032 1032 1022 1022 1024 1024 1935 1935 1026 1026 1935 1935 1024 1024 1935 1935 1026 1026 1937 1937 1930 1930 1937 1937 1026 1026 1937 1937 1930 1930 1938 1938 1929 1929 1938 1938 1930 1930 1939 1939 1940 1940 1941 1941 1942 1942 1941 1941 1940 1940 1941 1941 1942 1942 1943 1943 1944 1944 1943 1943 1942 1942 1943 1943 1944 1944 1945 1945 1946 1946 1945 1945 1944 1944 1945 1945 1946 1946 1947 1947 1948 1948 1947 1947 1946 1946 1947 1947 1948 1948 1949 1949 1950 1950 1949 1949 1948 1948 1949 1949 1950 1950 1951 1951 1952 1952 1951 1951 1950 1950 1951 1951 1952 1952 1953 1953 1954 1954 1953 1953 1952 1952 1953 1953 1954 1954 1955 1955 1956 1956 1955 1955 1954 1954 1955 1955 1956 1956 1957 1957 1958 1958 1957 1957 1956 1956 1957 1957 1958 1958 1959 1959 1960 1960 1959 1959 1958 1958 1959 1959 1960 1960 1961 1961 1962 1962 1961 1961 1960 1960 1961 1961 1962 1962 1963 1963 1964 1964 1963 1963 1962 1962 1963 1963 1964 1964 1965 1965 1966 1966 1965 1965 1964 1964 1965 1965 1966 1966 1967 1967 1968 1968 1967 1967 1966 1966 1967 1967 1968 1968 1969 1969 1970 1970 1969 1969 1968 1968 1969 1969 1970 1970 1971 1971 1972 1972 1971 1971 1970 1970 1971 1971 1972 1972 1973 1973 1974 1974 1973 1973 1972 1972 1973 1973 1974 1974 1975 1975 1976 1976 1975 1975 1974 1974 1975 1975 1976 1976 1977 1977 1978 1978 1977 1977 1976 1976 1977 1977 1978 1978 1979 1979 1980 1980 1979 1979 1978 1978 1979 1979 1980 1980 1981 1981 1982 1982 1981 1981 1980 1980 1981 1981 1982 1982 1983 1983 1984 1984 1983 1983 1982 1982 1983 1983 1984 1984 1985 1985 1986 1986 1985 1985 1984 1984 1985 1985 1986 1986 1939 1939 1940 1940 1939 1939 1986 1986 1987 1987 1988 1988 1989 1989 1990 1990 1989 1989 1988 1988 1989 1989 1990 1990 1991 1991 1992 1992 1991 1991 1990 1990 1991 1991 1992 1992 1993 1993 1994 1994 1993 1993 1992 1992 1993 1993 1994 1994 1995 1995 1996 1996 1995 1995 1994 1994 1995 1995 1996 1996 1997 1997 1998 1998 1997 1997 1996 1996 1997 1997 1998 1998 1999 1999 2000 2000 1999 1999 1998 1998 1999 1999 2000 2000 2001 2001 2002 2002 2001 2001 2000 2000 2001 2001 2002 2002 2003 2003 2004 2004 2003 2003 2002 2002 2003 2003 2004 2004 2005 2005 2006 2006 2005 2005 2004 2004 2005 2005 2006 2006 2007 2007 2008 2008 2007 2007 2006 2006 2007 2007 2008 2008 2009 2009 2010 2010 2009 2009 2008 2008 2009 2009 2010 2010 2011 2011 2012 2012 2011 2011 2010 2010 2011 2011 2012 2012 2013 2013 2014 2014 2013 2013 2012 2012 2013 2013 2014 2014 2015 2015 2016 2016 2015 2015 2014 2014 2015 2015 2016 2016 2017 2017 2018 2018 2017 2017 2016 2016 2017 2017 2018 2018 2019 2019 2020 2020 2019 2019 2018 2018 2019 2019 2020 2020 2021 2021 2022 2022 2021 2021 2020 2020 2021 2021 2022 2022 2023 2023 2024 2024 2023 2023 2022 2022 2023 2023 2024 2024 2025 2025 2026 2026 2025 2025 2024 2024 2025 2025 2026 2026 2027 2027 2028 2028 2027 2027 2026 2026 2027 2027 2028 2028 2029 2029 2030 2030 2029 2029 2028 2028 2029 2029 2030 2030 2031 2031 2032 2032 2031 2031 2030 2030 2031 2031 2032 2032 2033 2033 2034 2034 2033 2033 2032 2032 2033 2033 2034 2034 1987 1987 1988 1988 1987 1987 2034 2034 2035 2035 1229 1229 1228 1228 2036 2036 328 328 321 321 2037 2037 2038 2038 187 187 2039 2039 2040 2040 2041 2041 2042 2042 2043 2043 2044 2044 305 305 306 306 2045 2045 306 306 307 307 2046 2046 305 305 2045 2045 304 304 2047 2047 2048 2048 2049 2049 2050 2050 2049 2049 2048 2048 2049 2049 2050 2050 2051 2051 2052 2052 2051 2051 2050 2050 2051 2051 2052 2052 2053 2053 2054 2054 2053 2053 2052 2052 2053 2053 2054 2054 2055 2055 2056 2056 2055 2055 2054 2054 2055 2055 2056 2056 2057 2057 2058 2058 2057 2057 2056 2056 2057 2057 2058 2058 2059 2059 311 311 2059 2059 2058 2058 2059 2059 311 311 304 304 306 306 2046 2046 2045 2045 2060 2060 2045 2045 2046 2046 2045 2045 2060 2060 2061 2061 2062 2062 2061 2061 2060 2060 2061 2061 2062 2062 2063 2063 2064 2064 2063 2063 2062 2062 2063 2063 2064 2064 2065 2065 2066 2066 2065 2065 2064 2064 2065 2065 2066 2066 2067 2067 2068 2068 2067 2067 2066 2066 2067 2067 2068 2068 2069 2069 2070 2070 2069 2069 2068 2068 2069 2069 2070 2070 2071 2071 1229 1229 2035 2035 1267 1267 304 304 2045 2045 2059 2059 2061 2061 2059 2059 2045 2045 2059 2059 2061 2061 2057 2057 2063 2063 2057 2057 2061 2061 2057 2057 2063 2063 2055 2055 2065 2065 2055 2055 2063 2063 2055 2055 2065 2065 2053 2053 2067 2067 2053 2053 2065 2065 2053 2053 2067 2067 2051 2051 2069 2069 2051 2051 2067 2067 2051 2051 2069 2069 2049 2049 2071 2071 2049 2049 2069 2069 2049 2049 2071 2071 2047 2047 2072 2072 2073 2073 2074 2074 2075 2075 2074 2074 2073 2073 2074 2074 2075 2075 2076 2076 2077 2077 2076 2076 2075 2075 2076 2076 2077 2077 2078 2078 2079 2079 2078 2078 2077 2077 2080 2080 2081 2081 2082 2082 2083 2083 2082 2082 2081 2081 2082 2082 2083 2083 2084 2084 2085 2085 2084 2084 2083 2083 2084 2084 2085 2085 2086 2086 2087 2087 2086 2086 2085 2085 2088 2088 2089 2089 2090 2090 2091 2091 2090 2090 2089 2089 2090 2090 2091 2091 2092 2092 2093 2093 2092 2092 2091 2091 2092 2092 2093 2093 2094 2094 2095 2095 2096 2096 2097 2097 2098 2098 2097 2097 2096 2096 2097 2097 2098 2098 2099 2099 2100 2100 2099 2099 2098 2098 2099 2099 2100 2100 2101 2101 2102 2102 2101 2101 2100 2100 2101 2101 2102 2102 2103 2103 2104 2104 2103 2103 2102 2102 2103 2103 2104 2104 2105 2105 1273 1273 2106 2106 1274 1274 2107 2107 1274 1274 2106 2106 2096 2096 2088 2088 2098 2098 2090 2090 2098 2098 2088 2088 2098 2098 2090 2090 2100 2100 2092 2092 2100 2100 2090 2090 2100 2100 2092 2092 2102 2102 2094 2094 2102 2102 2092 2092 2102 2102 2094 2094 2104 2104 2108 2108 2109 2109 2110 2110 2111 2111 2110 2110 2109 2109 2110 2110 2111 2111 2112 2112 2113 2113 2112 2112 2111 2111 2112 2112 2113 2113 2114 2114 2115 2115 2114 2114 2113 2113 2114 2114 2115 2115 2116 2116 2107 2107 2116 2116 2115 2115 2116 2116 2107 2107 2117 2117 2106 2106 2117 2117 2107 2107 2117 2117 2118 2118 2116 2116 2119 2119 2116 2116 2118 2118 2116 2116 2119 2119 2114 2114 2120 2120 2114 2114 2119 2119 2114 2114 2120 2120 2112 2112 2121 2121 2112 2112 2120 2120 2112 2112 2121 2121 2110 2110 2122 2122 2110 2110 2121 2121 2110 2110 2122 2122 2108 2108 2123 2123 2108 2108 2122 2122 2124 2124 2125 2125 2126 2126 2127 2127 2126 2126 2125 2125 2126 2126 2127 2127 2128 2128 2129 2129 2128 2128 2127 2127 2128 2128 2129 2129 2130 2130 2131 2131 2130 2130 2129 2129 2130 2130 2131 2131 2132 2132 2118 2118 2133 2133 2119 2119 2134 2134 2119 2119 2133 2133 2119 2119 2134 2134 2120 2120 2135 2135 2120 2120 2134 2134 2120 2120 2135 2135 2121 2121 2136 2136 2121 2121 2135 2135 2121 2121 2136 2136 2122 2122 2137 2137 2122 2122 2136 2136 2122 2122 2137 2137 2123 2123 2138 2138 2123 2123 2137 2137 2123 2123 2138 2138 2139 2139 2140 2140 2139 2139 2138 2138 2139 2139 2140 2140 2141 2141 2142 2142 2141 2141 2140 2140 2141 2141 2142 2142 2143 2143 1258 1258 1257 1257 2144 2144 2145 2145 2144 2144 1257 1257 2144 2144 2145 2145 2146 2146 2147 2147 2146 2146 2145 2145 2146 2146 2147 2147 2148 2148 2143 2143 2148 2148 2147 2147 2148 2148 2143 2143 2149 2149 2142 2142 2149 2149 2143 2143 2149 2149 2043 2043 2148 2148 2042 2042 2148 2148 2043 2043 2148 2148 2042 2042 2146 2146 2150 2150 2146 2146 2042 2042 2146 2146 2150 2150 2144 2144 2151 2151 2152 2152 2153 2153 2154 2154 2153 2153 2152 2152 2155 2155 2156 2156 2157 2157 2158 2158 2040 2040 2159 2159 2039 2039 2159 2159 2040 2040 2159 2159 2039 2039 2160 2160 2158 2158 2161 2161 2162 2162 2158 2158 2162 2162 2040 2040 2163 2163 2040 2040 2162 2162 2040 2040 2163 2163 2041 2041 1212 1212 1219 1219 2164 2164 2165 2165 2164 2164 1219 1219 2164 2164 2165 2165 2166 2166 2167 2167 2166 2166 2165 2165 2166 2166 2167 2167 2168 2168 2169 2169 2168 2168 2167 2167 2168 2168 2169 2169 2170 2170 2171 2171 2170 2170 2169 2169 453 453 1259 1259 191 191 2172 2172 191 191 1259 1259 191 191 2172 2172 190 190 2173 2173 190 190 2172 2172 190 190 2173 2173 189 189 2037 2037 189 189 2173 2173 189 189 2037 2037 188 188 187 187 188 188 2037 2037 451 451 163 163 2174 2174 158 158 2174 2174 163 163 2174 2174 158 158 157 157 2175 2175 314 314 449 449 151 151 2176 2176 152 152 2177 2177 152 152 2176 2176 152 152 2177 2177 154 154 2174 2174 154 154 2177 2177 154 154 2174 2174 155 155 157 157 155 155 2174 2174 2178 2178 2179 2179 146 146 146 146 2179 2179 147 147 2180 2180 147 147 2179 2179 147 147 2180 2180 149 149 2181 2181 149 149 2180 2180 149 149 2181 2181 151 151 2182 2182 151 151 2181 2181 151 151 2182 2182 2176 2176 146 146 144 144 2178 2178 143 143 2178 2178 144 144 2178 2178 143 143 2183 2183 141 141 2183 2183 143 143 2183 2183 141 141 2184 2184 140 140 2184 2184 141 141 2184 2184 140 140 2185 2185 138 138 2185 2185 140 140 2185 2185 138 138 2186 2186 137 137 2186 2186 138 138 2186 2186 137 137 2187 2187 135 135 2187 2187 137 137 2187 2187 135 135 2188 2188 2188 2188 135 135 2189 2189 134 134 2189 2189 135 135 2189 2189 134 134 2190 2190 2191 2191 2192 2192 2193 2193 2191 2191 2193 2193 2194 2194 2195 2195 2194 2194 2193 2193 2194 2194 2195 2195 2196 2196 2197 2197 2196 2196 2195 2195 2196 2196 2197 2197 2198 2198 2199 2199 2198 2198 2197 2197 2198 2198 2199 2199 2200 2200 2201 2201 2200 2200 2199 2199 2200 2200 2201 2201 2202 2202 2203 2203 2202 2202 2201 2201 2202 2202 2203 2203 2204 2204 2205 2205 2204 2204 2203 2203 2204 2204 2205 2205 2206 2206 2207 2207 2206 2206 2205 2205 2206 2206 2207 2207 2208 2208 2209 2209 2208 2208 2207 2207 2208 2208 2209 2209 2210 2210 2211 2211 2210 2210 2209 2209 2210 2210 2211 2211 2212 2212 2213 2213 2212 2212 2211 2211 2212 2212 2213 2213 2214 2214 2215 2215 2214 2214 2213 2213 2214 2214 2215 2215 2216 2216 2217 2217 2216 2216 2215 2215 2216 2216 2217 2217 2218 2218 2219 2219 2218 2218 2217 2217 2218 2218 2219 2219 2220 2220 2221 2221 2220 2220 2219 2219 2220 2220 2221 2221 2222 2222 2223 2223 2222 2222 2221 2221 2222 2222 2223 2223 2224 2224 2175 2175 2224 2224 2223 2223 2224 2224 2175 2175 2225 2225 449 449 2225 2225 2175 2175 2225 2225 449 449 448 448 134 134 133 133 2190 2190 132 132 2190 2190 133 133 2190 2190 132 132 2226 2226 130 130 2226 2226 132 132 2226 2226 130 130 2227 2227 129 129 2227 2227 130 130 2227 2227 129 129 2228 2228 2228 2228 2191 2191 2227 2227 2194 2194 2227 2227 2191 2191 2227 2227 2194 2194 2226 2226 2196 2196 2226 2226 2194 2194 2226 2226 2196 2196 2190 2190 2198 2198 2190 2190 2196 2196 2190 2190 2198 2198 2189 2189 2200 2200 2189 2189 2198 2198 2189 2189 2200 2200 2188 2188 2202 2202 2188 2188 2200 2200 2188 2188 2202 2202 2187 2187 2204 2204 2187 2187 2202 2202 2187 2187 2204 2204 2186 2186 2206 2206 2186 2186 2204 2204 2186 2186 2206 2206 2185 2185 2208 2208 2185 2185 2206 2206 2185 2185 2208 2208 2184 2184 2210 2210 2184 2184 2208 2208 2184 2184 2210 2210 2183 2183 2212 2212 2183 2183 2210 2210 2183 2183 2212 2212 2178 2178 2214 2214 2178 2178 2212 2212 2178 2178 2214 2214 2179 2179 2216 2216 2179 2179 2214 2214 2179 2179 2216 2216 2180 2180 2218 2218 2180 2180 2216 2216 2180 2180 2218 2218 2181 2181 2220 2220 2181 2181 2218 2218 2181 2181 2220 2220 2182 2182 2222 2222 2182 2182 2220 2220 2182 2182 2222 2222 2176 2176 2224 2224 2176 2176 2222 2222 2176 2176 2224 2224 2177 2177 2225 2225 2177 2177 2224 2224 2177 2177 2225 2225 2174 2174 448 448 2174 2174 2225 2225 2174 2174 448 448 451 451 129 129 127 127 2228 2228 126 126 2228 2228 127 127 2228 2228 126 126 2229 2229 126 126 124 124 2229 2229 123 123 2229 2229 124 124 2229 2229 123 123 2230 2230 121 121 2230 2230 123 123 2230 2230 121 121 2231 2231 121 121 120 120 2231 2231 118 118 2231 2231 120 120 2231 2231 118 118 2232 2232 117 117 2232 2232 118 118 117 117 111 111 2232 2232 113 113 2232 2232 111 111 2232 2232 113 113 2233 2233 2234 2234 2233 2233 113 113 113 113 115 115 2234 2234 116 116 2234 2234 115 115 2234 2234 116 116 2235 2235 109 109 2235 2235 116 116 2235 2235 109 109 2236 2236 109 109 108 108 2236 2236 106 106 2236 2236 108 108 2236 2236 106 106 2237 2237 105 105 2237 2237 106 106 2192 2192 2238 2238 2239 2239 2240 2240 2239 2239 2238 2238 2239 2239 2240 2240 2241 2241 2242 2242 2241 2241 2240 2240 2241 2241 2242 2242 2243 2243 2244 2244 2243 2243 2242 2242 2243 2243 2244 2244 2245 2245 2246 2246 2245 2245 2244 2244 2245 2245 2246 2246 2247 2247 2248 2248 2247 2247 2246 2246 2247 2247 2248 2248 2249 2249 2250 2250 2249 2249 2248 2248 2249 2249 2250 2250 2251 2251 2252 2252 2251 2251 2250 2250 2251 2251 2252 2252 2253 2253 2254 2254 2253 2253 2252 2252 2253 2253 2254 2254 2255 2255 2256 2256 2255 2255 2254 2254 2255 2255 2256 2256 2257 2257 2258 2258 2257 2257 2256 2256 2257 2257 2258 2258 2259 2259 2192 2192 2191 2191 2238 2238 2228 2228 2238 2238 2191 2191 2238 2238 2228 2228 2240 2240 2229 2229 2240 2240 2228 2228 2240 2240 2229 2229 2242 2242 2230 2230 2242 2242 2229 2229 2242 2242 2230 2230 2244 2244 2231 2231 2244 2244 2230 2230 2244 2244 2231 2231 2246 2246 2232 2232 2246 2246 2231 2231 2246 2246 2232 2232 2248 2248 2233 2233 2248 2248 2232 2232 2248 2248 2233 2233 2250 2250 2234 2234 2250 2250 2233 2233 2250 2250 2234 2234 2252 2252 2235 2235 2252 2252 2234 2234 2252 2252 2235 2235 2254 2254 2236 2236 2254 2254 2235 2235 2254 2254 2236 2236 2256 2256 2237 2237 2256 2256 2236 2236 2256 2256 2237 2237 2258 2258 103 103 102 102 2260 2260 97 97 2260 2260 102 102 2260 2260 97 97 99 99 2261 2261 2262 2262 2263 2263 2264 2264 2265 2265 2263 2263 2260 2260 2263 2263 2265 2265 2263 2263 2260 2260 2261 2261 99 99 2261 2261 2260 2260 2261 2261 99 99 101 101 2264 2264 2263 2263 2266 2266 2262 2262 2266 2266 2263 2263 2266 2266 2262 2262 2267 2267 2268 2268 2267 2267 2262 2262 2267 2267 2268 2268 2269 2269 101 101 2036 2036 2261 2261 321 321 2261 2261 2036 2036 2261 2261 321 321 2262 2262 320 320 2262 2262 321 321 2262 2262 320 320 2268 2268 351 351 2268 2268 320 320 2268 2268 351 351 2269 2269 161 161 2269 2269 351 351 2269 2269 161 161 160 160 2047 2047 2035 2035 2048 2048 1228 1228 2048 2048 2035 2035 2048 2048 1228 1228 2050 2050 1227 1227 2050 2050 1228 1228 2050 2050 1227 1227 2052 2052 1266 1266 2052 2052 1227 1227 2052 2052 1266 1266 2054 2054 1265 1265 2054 2054 1266 1266 2054 2054 1265 1265 2056 2056 1264 1264 2056 2056 1265 1265 2056 2056 1264 1264 2058 2058 312 312 2058 2058 1264 1264 2058 2058 312 312 311 311 2070 2070 2079 2079 2071 2071 2077 2077 2071 2071 2079 2079 2071 2071 2077 2077 2047 2047 2075 2075 2047 2047 2077 2077 2047 2047 2075 2075 2035 2035 2073 2073 2035 2035 2075 2075 2035 2035 2073 2073 1267 1267 2072 2072 1267 1267 2073 2073 1267 1267 2072 2072 1268 1268 1269 1269 1268 1268 2072 2072 2078 2078 2087 2087 2076 2076 2085 2085 2076 2076 2087 2087 2076 2076 2085 2085 2074 2074 2083 2083 2074 2074 2085 2085 2074 2074 2083 2083 2072 2072 2081 2081 2072 2072 2083 2083 2072 2072 2081 2081 1269 1269 2080 2080 1269 1269 2081 2081 1269 1269 2080 2080 1270 1270 1271 1271 1270 1270 2080 2080 2086 2086 2105 2105 2084 2084 2104 2104 2084 2084 2105 2105 2084 2084 2104 2104 2082 2082 2094 2094 2082 2082 2104 2104 2082 2082 2094 2094 2080 2080 2093 2093 2080 2080 2094 2094 2080 2080 2093 2093 1271 1271 2091 2091 1271 1271 2093 2093 1271 1271 2091 2091 1272 1272 2089 2089 1272 1272 2091 2091 2109 2109 1277 1277 2111 2111 1276 1276 2111 2111 1277 1277 2111 2111 1276 1276 2113 2113 1279 1279 2113 2113 1276 1276 2113 2113 1279 1279 2115 2115 1278 1278 2115 2115 1279 1279 2115 2115 1278 1278 2107 2107 1275 1275 2107 2107 1278 1278 2107 2107 1275 1275 1274 1274 1281 1281 2124 2124 1250 1250 2126 2126 1250 1250 2124 2124 1250 1250 2126 2126 1251 1251 2128 2128 1251 1251 2126 2126 1251 1251 2128 2128 1252 1252 2130 2130 1252 1252 2128 2128 1252 1252 2130 2130 1253 1253 2132 2132 1253 1253 2130 2130 1253 1253 2132 2132 1254 1254 1255 1255 1254 1254 2132 2132 1256 1256 1255 1255 2270 2270 2132 2132 2270 2270 1255 1255 2270 2270 2132 2132 2271 2271 2131 2131 2271 2271 2132 2132 1257 1257 1256 1256 2145 2145 2270 2270 2145 2145 1256 1256 2145 2145 2270 2270 2147 2147 2271 2271 2147 2147 2270 2270 2147 2147 2271 2271 2143 2143 2131 2131 2143 2143 2271 2271 2143 2143 2131 2131 2141 2141 2129 2129 2141 2141 2131 2131 2141 2141 2129 2129 2139 2139 2127 2127 2139 2139 2129 2129 2139 2139 2127 2127 2123 2123 2125 2125 2123 2123 2127 2127 2123 2123 2125 2125 2108 2108 2124 2124 2108 2108 2125 2125 2108 2108 2124 2124 2109 2109 1281 1281 2109 2109 2124 2124 2109 2109 1281 1281 1277 1277 2154 2154 2272 2272 2273 2273 2274 2274 2273 2273 2272 2272 2273 2273 2274 2274 2275 2275 1262 1262 2275 2275 2274 2274 2275 2275 1262 1262 1261 1261 1248 1248 2157 2157 1249 1249 2156 2156 1249 1249 2157 2157 1249 1249 2156 2156 1242 1242 1243 1243 1242 1242 2156 2156 2155 2155 2041 2041 2156 2156 2163 2163 2156 2156 2041 2041 2156 2156 2163 2163 1243 1243 2162 2162 1243 1243 2163 2163 1243 1243 2162 2162 1245 1245 2161 2161 1245 1245 2162 2162 1245 1245 2161 2161 1246 1246 1224 1224 1246 1246 2161 2161 1225 1225 1224 1224 2276 2276 2161 2161 2276 2276 1224 1224 2276 2276 2161 2161 2277 2277 2158 2158 2277 2277 2161 2161 2277 2277 2158 2158 2278 2278 2159 2159 2278 2278 2158 2158 2278 2278 2159 2159 2279 2279 2160 2160 2279 2279 2159 2159 1219 1219 1226 1226 2165 2165 2280 2280 2165 2165 1226 1226 2165 2165 2280 2280 2167 2167 2281 2281 2167 2167 2280 2280 2167 2167 2281 2281 2169 2169 2282 2282 2169 2169 2281 2281 2169 2169 2282 2282 2171 2171 2283 2283 2171 2171 2282 2282 1259 1259 1212 1212 2172 2172 2164 2164 2172 2172 1212 1212 2172 2172 2164 2164 2173 2173 2166 2166 2173 2173 2164 2164 2173 2173 2166 2166 2037 2037 2168 2168 2037 2037 2166 2166 2037 2037 2168 2168 2038 2038 2170 2170 2038 2038 2168 2168 2192 2192 2095 2095 2193 2193 2097 2097 2193 2193 2095 2095 2193 2193 2097 2097 2195 2195 2099 2099 2195 2195 2097 2097 2195 2195 2099 2099 2197 2197 2101 2101 2197 2197 2099 2099 2197 2197 2101 2101 2199 2199 2103 2103 2199 2199 2101 2101 2199 2199 2103 2103 2201 2201 2105 2105 2201 2201 2103 2103 2201 2201 2105 2105 2203 2203 2086 2086 2203 2203 2105 2105 2203 2203 2086 2086 2205 2205 2087 2087 2205 2205 2086 2086 2205 2205 2087 2087 2207 2207 2078 2078 2207 2207 2087 2087 2207 2207 2078 2078 2209 2209 2079 2079 2209 2209 2078 2078 2209 2209 2079 2079 2211 2211 2070 2070 2211 2211 2079 2079 2211 2211 2070 2070 2213 2213 2068 2068 2213 2213 2070 2070 2213 2213 2068 2068 2215 2215 2066 2066 2215 2215 2068 2068 2215 2215 2066 2066 2217 2217 2064 2064 2217 2217 2066 2066 2217 2217 2064 2064 2219 2219 2062 2062 2219 2219 2064 2064 2219 2219 2062 2062 2221 2221 2060 2060 2221 2221 2062 2062 2221 2221 2060 2060 2223 2223 2046 2046 2223 2223 2060 2060 2223 2223 2046 2046 2175 2175 307 307 2175 2175 2046 2046 2175 2175 307 307 314 314 2257 2257 2044 2044 2255 2255 2043 2043 2255 2255 2044 2044 2255 2255 2043 2043 2253 2253 2149 2149 2253 2253 2043 2043 2253 2253 2149 2149 2251 2251 2142 2142 2251 2251 2149 2149 2251 2251 2142 2142 2249 2249 2140 2140 2249 2249 2142 2142 2249 2249 2140 2140 2247 2247 2138 2138 2247 2247 2140 2140 2247 2247 2138 2138 2245 2245 2137 2137 2245 2245 2138 2138 2245 2245 2137 2137 2243 2243 2136 2136 2243 2243 2137 2137 2243 2243 2136 2136 2241 2241 2135 2135 2241 2241 2136 2136 2241 2241 2135 2135 2239 2239 2134 2134 2239 2239 2135 2135 2239 2239 2134 2134 2192 2192 2133 2133 2192 2192 2134 2134 2192 2192 2133 2133 2095 2095 2118 2118 2095 2095 2133 2133 2095 2095 2118 2118 2096 2096 2117 2117 2096 2096 2118 2118 2096 2096 2117 2117 2088 2088 2106 2106 2088 2088 2117 2117 2088 2088 2106 2106 2089 2089 1273 1273 2089 2089 2106 2106 2089 2089 1273 1273 1272 1272 2259 2259 2151 2151 2257 2257 2153 2153 2257 2257 2151 2151 2257 2257 2153 2153 2044 2044 2154 2154 2044 2044 2153 2153 2044 2044 2154 2154 2042 2042 2273 2273 2042 2042 2154 2154 2042 2042 2273 2273 2150 2150 2275 2275 2150 2150 2273 2273 2150 2150 2275 2275 2144 2144 1261 1261 2144 2144 2275 2275 2144 2144 1261 1261 1258 1258 1226 1226 1225 1225 2280 2280 2276 2276 2280 2280 1225 1225 2280 2280 2276 2276 2281 2281 2277 2277 2281 2281 2276 2276 2281 2281 2277 2277 2282 2282 2278 2278 2282 2282 2277 2277 2282 2282 2278 2278 2283 2283 2279 2279 2283 2283 2278 2278 2283 2283 2279 2279 2259 2259 2160 2160 2259 2259 2279 2279 2259 2259 2160 2160 2151 2151 2039 2039 2151 2151 2160 2160 2151 2151 2039 2039 2152 2152 2041 2041 2152 2152 2039 2039 2152 2152 2041 2041 2154 2154 2155 2155 2154 2154 2041 2041 2154 2154 2155 2155 2272 2272 2157 2157 2272 2272 2155 2155 2272 2272 2157 2157 2274 2274 1248 1248 2274 2274 2157 2157 2274 2274 1248 1248 1262 1262 105 105 103 103 2237 2237 2260 2260 2237 2237 103 103 2237 2237 2260 2260 2258 2258 2265 2265 2258 2258 2260 2260 2258 2258 2265 2265 2259 2259 2264 2264 2259 2259 2265 2265 2259 2259 2264 2264 2283 2283 2266 2266 2283 2283 2264 2264 2283 2283 2266 2266 2171 2171 2267 2267 2171 2171 2266 2266 2171 2171 2267 2267 2170 2170 2269 2269 2170 2170 2267 2267 2170 2170 2269 2269 2038 2038 160 160 2038 2038 2269 2269 2038 2038 160 160 187 187 1322 1322 1320 1320 2284 2284 2285 2285 2284 2284 1320 1320 1185 1185 1181 1181 2286 2286 2287 2287 2286 2286 1181 1181 2286 2286 2287 2287 2288 2288 2289 2289 2288 2288 2287 2287 2288 2288 2289 2289 2290 2290 2291 2291 2290 2290 2289 2289 2290 2290 2291 2291 2292 2292 2293 2293 2292 2292 2291 2291 2292 2292 2293 2293 2294 2294 2295 2295 2294 2294 2293 2293 2294 2294 2295 2295 2296 2296 2297 2297 2296 2296 2295 2295 2296 2296 2297 2297 2298 2298 2299 2299 2298 2298 2297 2297 2298 2298 2299 2299 2300 2300 2301 2301 2300 2300 2299 2299 2300 2300 2301 2301 2302 2302 2303 2303 2302 2302 2301 2301 2302 2302 2303 2303 2304 2304 2285 2285 2304 2304 2303 2303 2304 2304 2285 2285 2305 2305 1320 1320 2305 2305 2285 2285 2305 2305 1320 1320 1365 1365 1165 1165 1788 1788 2306 2306 1748 1748 2306 2306 1788 1788 2306 2306 1748 1748 2307 2307 1747 1747 2307 2307 1748 1748 2307 2307 1747 1747 2308 2308 1745 1745 2308 2308 1747 1747 2308 2308 1745 1745 2309 2309 1744 1744 2309 2309 1745 1745 2309 2309 1744 1744 2310 2310 1742 1742 2310 2310 1744 1744 2310 2310 1742 1742 2311 2311 1741 1741 2311 2311 1742 1742 2311 2311 1741 1741 2312 2312 1739 1739 2312 2312 1741 1741 2312 2312 1739 1739 2313 2313 1738 1738 2313 2313 1739 1739 2313 2313 1738 1738 2314 2314 1736 1736 2314 2314 1738 1738 2314 2314 1736 1736 2315 2315 1768 1768 1287 1287 1290 1290 1768 1768 1290 1290 1735 1735 1736 1736 1735 1735 2315 2315 1290 1290 2315 2315 1735 1735 2315 2315 1290 1290 2316 2316 1317 1317 2316 2316 1290 1290 32 32 19 19 1776 1776 812 812 1776 1776 19 19 1776 1776 812 812 1753 1753 813 813 1753 1753 812 812 1753 1753 813 813 1754 1754 811 811 1754 1754 813 813 1754 1754 811 811 1756 1756 819 819 1756 1756 811 811 1756 1756 819 819 1757 1757 818 818 1757 1757 819 819 1757 1757 818 818 1759 1759 817 817 1759 1759 818 818 1759 1759 817 817 1760 1760 816 816 1760 1760 817 817 1760 1760 816 816 1762 1762 824 824 1762 1762 816 816 1762 1762 824 824 1763 1763 823 823 1763 1763 824 824 1763 1763 823 823 1765 1765 820 820 778 778 1260 1260 820 820 1260 1260 821 821 823 823 821 821 1765 1765 1260 1260 1765 1765 821 821 1765 1765 1260 1260 1766 1766 1284 1284 1766 1766 1260 1260 788 788 1648 1648 786 786 1588 1588 786 786 1648 1648 786 786 1588 1588 787 787 1587 1587 787 787 1588 1588 787 787 1587 1587 783 783 1585 1585 783 783 1587 1587 783 783 1585 1585 784 784 1584 1584 784 784 1585 1585 784 784 1584 1584 780 780 1582 1582 780 780 1584 1584 780 780 1582 1582 781 781 1581 1581 781 781 1582 1582 781 781 1581 1581 834 834 1591 1591 834 834 1581 1581 834 834 1591 1591 772 772 1590 1590 772 772 1591 1591 772 772 1590 1590 773 773 1594 1594 773 773 1590 1590 773 773 1594 1594 775 775 1593 1593 775 775 1594 1594 775 775 1593 1593 776 776 1597 1597 776 776 1593 1593 776 776 1597 1597 778 778 1217 1217 778 778 1597 1597 947 947 1235 1235 946 946 1579 1579 946 946 1235 1235 946 946 1579 1579 944 944 1578 1578 944 944 1579 1579 944 944 1578 1578 943 943 1576 1576 943 943 1578 1578 943 943 1576 1576 941 941 1575 1575 941 941 1576 1576 941 941 1575 1575 940 940 1573 1573 940 940 1575 1575 940 940 1573 1573 938 938 1572 1572 938 938 1573 1573 938 938 1572 1572 936 936 1685 1685 936 936 1572 1572 936 936 1685 1685 909 909 1611 1611 909 909 1685 1685 909 909 1611 1611 910 910 1610 1610 910 910 1611 1611 910 910 1610 1610 935 935 1614 1614 935 935 1610 1610 935 935 1614 1614 932 932 1613 1613 932 932 1614 1614 932 932 1613 1613 934 934 1615 1615 934 934 1613 1613 29 29 28 28 912 912 2317 2317 912 912 28 28 912 912 2317 2317 900 900 2318 2318 900 900 2317 2317 900 900 2318 2318 901 901 2319 2319 901 901 2318 2318 901 901 2319 2319 903 903 2320 2320 903 903 2319 2319 903 903 2320 2320 904 904 2321 2321 904 904 2320 2320 904 904 2321 2321 906 906 2322 2322 906 906 2321 2321 906 906 2322 2322 907 907 2323 2323 907 907 2322 2322 907 907 2323 2323 958 958 2324 2324 958 958 2323 2323 958 958 2324 2324 950 950 2325 2325 950 950 2324 2324 950 950 2325 2325 949 949 2326 2326 949 949 2325 2325 949 949 2326 2326 948 948 2327 2327 948 948 2326 2326 948 948 2327 2327 947 947 1236 1236 947 947 2327 2327 1719 1719 1517 1517 2328 2328 1459 1459 2328 2328 1517 1517 2328 2328 1459 1459 2329 2329 1458 1458 2329 2329 1459 1459 2329 2329 1458 1458 2330 2330 1456 1456 2330 2330 1458 1458 2330 2330 1456 1456 2331 2331 1455 1455 2331 2331 1456 1456 2331 2331 1455 1455 2332 2332 1453 1453 2332 2332 1455 1455 2332 2332 1453 1453 2333 2333 1452 1452 2333 2333 1453 1453 2333 2333 1452 1452 2334 2334 1462 1462 2334 2334 1452 1452 2334 2334 1462 1462 2335 2335 1461 1461 2335 2335 1462 1462 2335 2335 1461 1461 2336 2336 1465 1465 2336 2336 1461 1461 2336 2336 1465 1465 2337 2337 1468 1468 2337 2337 1465 1465 2337 2337 1468 1468 2338 2338 1467 1467 2338 2338 1468 1468 2338 2338 1467 1467 1236 1236 1234 1234 1236 1236 1467 1467 1216 1216 1697 1697 2339 2339 1216 1216 2339 2339 1207 1207 753 753 1201 1201 2340 2340 2341 2341 2340 2340 1201 1201 2340 2340 2341 2341 2342 2342 2343 2343 2342 2342 2341 2341 2342 2342 2343 2343 2344 2344 2345 2345 2344 2344 2343 2343 2344 2344 2345 2345 2346 2346 2347 2347 2346 2346 2345 2345 2346 2346 2347 2347 2348 2348 2349 2349 2348 2348 2347 2347 2348 2348 2349 2349 2350 2350 2351 2351 2350 2350 2349 2349 2350 2350 2351 2351 2352 2352 2353 2353 2352 2352 2351 2351 2352 2352 2353 2353 2354 2354 2355 2355 2354 2354 2353 2353 2354 2354 2355 2355 2356 2356 2357 2357 2356 2356 2355 2355 2356 2356 2357 2357 2358 2358 2359 2359 2358 2358 2357 2357 2358 2358 2359 2359 2339 2339 2360 2360 2339 2339 2359 2359 2339 2339 2360 2360 1207 1207 1353 1353 1207 1207 2360 2360 2361 2361 753 753 2362 2362 2363 2363 2362 2362 753 753 2361 2361 2364 2364 753 753 2365 2365 753 753 2364 2364 753 753 2365 2365 2366 2366 2366 2366 2367 2367 753 753 2368 2368 753 753 2367 2367 753 753 2368 2368 648 648 648 648 2369 2369 753 753 2370 2370 753 753 2369 2369 753 753 2370 2370 2371 2371 2371 2371 2372 2372 753 753 2373 2373 753 753 2372 2372 753 753 2373 2373 2374 2374 752 752 2375 2375 753 753 2376 2376 753 753 2375 2375 753 753 2376 2376 2363 2363 2377 2377 2378 2378 1201 1201 2379 2379 1201 1201 2378 2378 1201 1201 2379 2379 1202 1202 2374 2374 2380 2380 753 753 2381 2381 753 753 2380 2380 753 753 2381 2381 1201 1201 2382 2382 1201 1201 2381 2381 1201 1201 2382 2382 2377 2377 2383 2383 2384 2384 1788 1788 2383 2383 1788 1788 2385 2385 2384 2384 2386 2386 1788 1788 2387 2387 1788 1788 2386 2386 1788 1788 2387 2387 2388 2388 2388 2388 2389 2389 1788 1788 2390 2390 1788 1788 2389 2389 1788 1788 2390 2390 2391 2391 2391 2391 2392 2392 1788 1788 2393 2393 1788 1788 2392 2392 1788 1788 2393 2393 2394 2394 2395 2395 1788 1788 2396 2396 2397 2397 2396 2396 1788 1788 2397 2397 1788 1788 2398 2398 1165 1165 2398 2398 1788 1788 2398 2398 1165 1165 1167 1167 2395 2395 2399 2399 1788 1788 2400 2400 1788 1788 2399 2399 1788 1788 2400 2400 2401 2401 2401 2401 2402 2402 1788 1788 2403 2403 1788 1788 2402 2402 1788 1788 2403 2403 2404 2404 2404 2404 560 560 1788 1788 2405 2405 1788 1788 560 560 1788 1788 2405 2405 2385 2385 1187 1187 1182 1182 1185 1185 1181 1181 1185 1185 1182 1182 101 101 100 100 2406 2406 94 94 166 166 95 95 165 165 95 95 166 166 95 95 165 165 2407 2407 165 165 443 443 2407 2407 2408 2408 2407 2407 443 443 2407 2407 2408 2408 2409 2409 2408 2408 441 441 2409 2409 439 439 2409 2409 441 441 2409 2409 439 439 2410 2410 439 439 438 438 2410 2410 410 410 2410 2410 438 438 2410 2410 410 410 2411 2411 410 410 408 408 2411 2411 407 407 2411 2411 408 408 2411 2411 407 407 2412 2412 404 404 2412 2412 407 407 2412 2412 404 404 2413 2413 404 404 402 402 2413 2413 401 401 2413 2413 402 402 2413 2413 401 401 2414 2414 401 401 400 400 2414 2414 398 398 2414 2414 400 400 2414 2414 398 398 2415 2415 398 398 396 396 2415 2415 394 394 2415 2415 396 396 2415 2415 394 394 2416 2416 394 394 393 393 2416 2416 391 391 2416 2416 393 393 2416 2416 391 391 2417 2417 391 391 389 389 2417 2417 388 388 2417 2417 389 389 2417 2417 388 388 2418 2418 387 387 2418 2418 388 388 2418 2418 387 387 386 386 386 386 366 366 2418 2418 364 364 2418 2418 366 366 2418 2418 364 364 2419 2419 364 364 361 361 2419 2419 360 360 2419 2419 361 361 2419 2419 360 360 2420 2420 360 360 359 359 2420 2420 357 357 2420 2420 359 359 2420 2420 357 357 2421 2421 357 357 356 356 2421 2421 355 355 2421 2421 356 356 2421 2421 355 355 2422 2422 355 355 354 354 2422 2422 335 335 2422 2422 354 354 2422 2422 335 335 2423 2423 332 332 2423 2423 335 335 2423 2423 332 332 2424 2424 332 332 330 330 2424 2424 329 329 2424 2424 330 330 2424 2424 329 329 2425 2425 326 326 2426 2426 324 324 2425 2425 324 324 2426 2426 324 324 2425 2425 322 322 329 329 322 322 2425 2425 326 326 327 327 2426 2426 328 328 2426 2426 327 327 2426 2426 328 328 2406 2406 2036 2036 2406 2406 328 328 2406 2406 2036 2036 101 101 2427 2427 2428 2428 2429 2429 2430 2430 2431 2431 2432 2432 2433 2433 2434 2434 2435 2435 2436 2436 2437 2437 2438 2438 2439 2439 2440 2440 2441 2441 2442 2442 2443 2443 2444 2444 2445 2445 2446 2446 2447 2447 2448 2448 2449 2449 2450 2450 2449 2449 2451 2451 2452 2452 2451 2451 634 634 2452 2452 639 639 2452 2452 634 634 2452 2452 639 639 638 638 2453 2453 2454 2454 2455 2455 2456 2456 2457 2457 2458 2458 2453 2453 2458 2458 2457 2457 2458 2458 2453 2453 2459 2459 2455 2455 2459 2459 2453 2453 2459 2459 2455 2455 2460 2460 2443 2443 2442 2442 2461 2461 648 648 2462 2462 2463 2463 2461 2461 2463 2463 2462 2462 2463 2463 2461 2461 2464 2464 2442 2442 2464 2464 2461 2461 2465 2465 2436 2436 2466 2466 2438 2438 2466 2466 2436 2436 2466 2466 2438 2438 2467 2467 2468 2468 2467 2467 2438 2438 2467 2467 2468 2468 2469 2469 2470 2470 2469 2469 2468 2468 2469 2469 2470 2470 2471 2471 2472 2472 2471 2471 2470 2470 2471 2471 2472 2472 2473 2473 762 762 2465 2465 2474 2474 2466 2466 2474 2474 2465 2465 2474 2474 2466 2466 2475 2475 2467 2467 2475 2475 2466 2466 2475 2475 2467 2467 2476 2476 2469 2469 2476 2476 2467 2467 2476 2476 2469 2469 2435 2435 2471 2471 2435 2435 2469 2469 2435 2435 2471 2471 2433 2433 2473 2473 2433 2433 2471 2471 2431 2431 2430 2430 2477 2477 2478 2478 2477 2477 2430 2430 2477 2477 2478 2478 2479 2479 2480 2480 2481 2481 2432 2432 2482 2482 2432 2432 2481 2481 2432 2432 2482 2482 2430 2430 2483 2483 2430 2430 2482 2482 2430 2430 2483 2483 2478 2478 2484 2484 2485 2485 2486 2486 2487 2487 2486 2486 2485 2485 2486 2486 2487 2487 2450 2450 2488 2488 2450 2450 2487 2487 2450 2450 2488 2488 2448 2448 2432 2432 2484 2484 2480 2480 2486 2486 2480 2480 2484 2484 2480 2480 2486 2486 2489 2489 2450 2450 2489 2489 2486 2486 2489 2489 2450 2450 2490 2490 2449 2449 2490 2490 2450 2450 2490 2490 2449 2449 2491 2491 2492 2492 2493 2493 2494 2494 2495 2495 2494 2494 2493 2493 2494 2494 2495 2495 2496 2496 2497 2497 2496 2496 2495 2495 2496 2496 2497 2497 2498 2498 2499 2499 2498 2498 2497 2497 2498 2498 2499 2499 2500 2500 2501 2501 2500 2500 2499 2499 2428 2428 2427 2427 2444 2444 2439 2439 2444 2444 2427 2427 2444 2444 2439 2439 2442 2442 2441 2441 2442 2442 2439 2439 2442 2442 2441 2441 2464 2464 2491 2491 2492 2492 2490 2490 2494 2494 2490 2490 2492 2492 2490 2490 2494 2494 2489 2489 2496 2496 2489 2489 2494 2494 2489 2489 2496 2496 2480 2480 2498 2498 2480 2480 2496 2496 2480 2480 2498 2498 2481 2481 2500 2500 2481 2481 2498 2498 2481 2481 2500 2500 2482 2482 2501 2501 2482 2482 2500 2500 2482 2482 2501 2501 2483 2483 2437 2437 2502 2502 2438 2438 2503 2503 2438 2438 2502 2502 2438 2438 2503 2503 2468 2468 2504 2504 2468 2468 2503 2503 2468 2468 2504 2504 2470 2470 2505 2505 2470 2470 2504 2504 2470 2470 2505 2505 2472 2472 2506 2506 2472 2472 2505 2505 2472 2472 2506 2506 2473 2473 2460 2460 2473 2473 2506 2506 2473 2473 2460 2460 2433 2433 2455 2455 2433 2433 2460 2460 2433 2433 2455 2455 2434 2434 2454 2454 2434 2434 2455 2455 2449 2449 2452 2452 2491 2491 2507 2507 2491 2491 2452 2452 2491 2491 2507 2507 2492 2492 2508 2508 2492 2492 2507 2507 2492 2492 2508 2508 2493 2493 2446 2446 2493 2493 2508 2508 2493 2493 2446 2446 2495 2495 2445 2445 2495 2495 2446 2446 2495 2495 2445 2445 2497 2497 638 638 637 637 2452 2452 636 636 2452 2452 637 637 2452 2452 636 636 2507 2507 645 645 2507 2507 636 636 2507 2507 645 645 2508 2508 644 644 2508 2508 645 645 2508 2508 644 644 2446 2446 643 643 2446 2446 644 644 2446 2446 643 643 2447 2447 642 642 2447 2447 643 643 2447 2447 642 642 2509 2509 641 641 2509 2509 642 642 2509 2509 641 641 2510 2510 646 646 2510 2510 641 641 2510 2510 646 646 648 648 2504 2504 2429 2429 2505 2505 2428 2428 2505 2505 2429 2429 2505 2505 2428 2428 2506 2506 2444 2444 2506 2506 2428 2428 2506 2506 2444 2444 2460 2460 2443 2443 2460 2460 2444 2444 2460 2460 2443 2443 2459 2459 2461 2461 2459 2459 2443 2443 2459 2459 2461 2461 2458 2458 2462 2462 2458 2458 2461 2461 2458 2458 2462 2462 2456 2456 648 648 2456 2456 2462 2462 2502 2502 2479 2479 2503 2503 2478 2478 2503 2503 2479 2479 2503 2503 2478 2478 2504 2504 2483 2483 2504 2504 2478 2478 2504 2504 2483 2483 2429 2429 2501 2501 2429 2429 2483 2483 2429 2429 2501 2501 2427 2427 2499 2499 2427 2427 2501 2501 2427 2427 2499 2499 2439 2439 2497 2497 2439 2439 2499 2499 2439 2439 2497 2497 2440 2440 2445 2445 2440 2440 2497 2497 2440 2440 2445 2445 2441 2441 2447 2447 2441 2441 2445 2445 2441 2441 2447 2447 2464 2464 2509 2509 2464 2464 2447 2447 2464 2464 2509 2509 2463 2463 2510 2510 2463 2463 2509 2509 2463 2463 2510 2510 648 648 2511 2511 2512 2512 2513 2513 656 656 658 658 977 977 2514 2514 648 648 2515 2515 2516 2516 2517 2517 2518 2518 2519 2519 2520 2520 2521 2521 995 995 994 994 2522 2522 2523 2523 988 988 2524 2524 989 989 2524 2524 988 988 2524 2524 989 989 2525 2525 993 993 991 991 2526 2526 2525 2525 2527 2527 2524 2524 2528 2528 2524 2524 2527 2527 2524 2524 2528 2528 2523 2523 997 997 2520 2520 998 998 2519 2519 998 998 2520 2520 998 998 2519 2519 990 990 2529 2529 2528 2528 2530 2530 2527 2527 2530 2530 2528 2528 2530 2530 2527 2527 2531 2531 2532 2532 2531 2531 2527 2527 989 989 993 993 2525 2525 2526 2526 2525 2525 993 993 2525 2525 2526 2526 2527 2527 2533 2533 2527 2527 2526 2526 2527 2527 2533 2533 2532 2532 2534 2534 2521 2521 2535 2535 2520 2520 2535 2535 2521 2521 2535 2535 2520 2520 2522 2522 997 997 2522 2522 2520 2520 2522 2522 997 997 995 995 2534 2534 2535 2535 2536 2536 2522 2522 2536 2536 2535 2535 2536 2536 2522 2522 2537 2537 994 994 2537 2537 2522 2522 2537 2537 994 994 1000 1000 2538 2538 2539 2539 2540 2540 2541 2541 2540 2540 2539 2539 2540 2540 2541 2541 2542 2542 2543 2543 2542 2542 2541 2541 2542 2542 2543 2543 2544 2544 2545 2545 2546 2546 2547 2547 2548 2548 2547 2547 2546 2546 2544 2544 2549 2549 2517 2517 2550 2550 2517 2517 2549 2549 2517 2517 2550 2550 2518 2518 2551 2551 2518 2518 2550 2550 2518 2518 2551 2551 2552 2552 2553 2553 2552 2552 2551 2551 2552 2552 2553 2553 2554 2554 2555 2555 2516 2516 2556 2556 2518 2518 2556 2556 2516 2516 2556 2556 2518 2518 2557 2557 2552 2552 2557 2557 2518 2518 2557 2557 2552 2552 2558 2558 2554 2554 2558 2558 2552 2552 2559 2559 2560 2560 2546 2546 2561 2561 2546 2546 2560 2560 2546 2546 2561 2561 2548 2548 2515 2515 653 653 2562 2562 652 652 2562 2562 653 653 2562 2562 652 652 2563 2563 651 651 2563 2563 652 652 2563 2563 651 651 650 650 663 663 2564 2564 650 650 2559 2559 650 650 2564 2564 650 650 2559 2559 2563 2563 2546 2546 2563 2563 2559 2559 2563 2563 2546 2546 2562 2562 2545 2545 2562 2562 2546 2546 2562 2562 2545 2545 2515 2515 2547 2547 2515 2515 2545 2545 2515 2515 2547 2547 2514 2514 2565 2565 2566 2566 2567 2567 656 656 977 977 2566 2566 981 981 2566 2566 977 977 2566 2566 981 981 2567 2567 980 980 2567 2567 981 981 2567 2567 980 980 2568 2568 986 986 2511 2511 982 982 2513 2513 982 982 2511 2511 982 982 2513 2513 983 983 985 985 983 983 2513 2513 2544 2544 2517 2517 2542 2542 2516 2516 2542 2542 2517 2517 2542 2542 2516 2516 2540 2540 2555 2555 2540 2540 2516 2516 2540 2540 2555 2555 2538 2538 2569 2569 2538 2538 2555 2555 2538 2538 2569 2569 2570 2570 2571 2571 2570 2570 2569 2569 2570 2570 2571 2571 2572 2572 2573 2573 2572 2572 2571 2571 2572 2572 2573 2573 2565 2565 980 980 985 985 2568 2568 2513 2513 2568 2568 985 985 2568 2568 2513 2513 2529 2529 2512 2512 2529 2529 2513 2513 2529 2529 2512 2512 2528 2528 2511 2511 2528 2528 2512 2512 2528 2528 2511 2511 2523 2523 986 986 2523 2523 2511 2511 2523 2523 986 986 988 988 2565 2565 2567 2567 2572 2572 2568 2568 2572 2572 2567 2567 2572 2572 2568 2568 2570 2570 2529 2529 2570 2570 2568 2568 2570 2570 2529 2529 2538 2538 2530 2530 2538 2538 2529 2529 2538 2538 2530 2530 2539 2539 2531 2531 2539 2539 2530 2530 2539 2539 2531 2531 2541 2541 2532 2532 2541 2541 2531 2531 2541 2541 2532 2532 2543 2543 991 991 990 990 2526 2526 2519 2519 2526 2526 990 990 2526 2526 2519 2519 2533 2533 2521 2521 2533 2533 2519 2519 2533 2533 2521 2521 2532 2532 2534 2534 2532 2532 2521 2521 2532 2532 2534 2534 2543 2543 2574 2574 2543 2543 2534 2534 2543 2543 2574 2574 2544 2544 2575 2575 2544 2544 2574 2574 2544 2544 2575 2575 2549 2549 2576 2576 2549 2549 2575 2575 2549 2549 2576 2576 2550 2550 2577 2577 2550 2550 2576 2576 2550 2550 2577 2577 2551 2551 2578 2578 2551 2551 2577 2577 2551 2551 2578 2578 2553 2553 648 648 655 655 2515 2515 654 654 2515 2515 655 655 2515 2515 654 654 653 653 2547 2547 2579 2579 2514 2514 648 648 2514 2514 2579 2579 2554 2554 2579 2579 2558 2558 2547 2547 2558 2558 2579 2579 2558 2558 2547 2547 2557 2557 2548 2548 2557 2557 2547 2547 2557 2557 2548 2548 2556 2556 2561 2561 2556 2556 2548 2548 2556 2556 2561 2561 2555 2555 2560 2560 2555 2555 2561 2561 2555 2555 2560 2560 2569 2569 2559 2559 2569 2569 2560 2560 2569 2569 2559 2559 2571 2571 2564 2564 2571 2571 2559 2559 2571 2571 2564 2564 2573 2573 663 663 2573 2573 2564 2564 2573 2573 663 663 2565 2565 662 662 2565 2565 663 663 2565 2565 662 662 2566 2566 661 661 2566 2566 662 662 2566 2566 661 661 656 656 1484 1484 1705 1705 888 888 2580 2580 888 888 1705 1705 1719 1719 2581 2581 1718 1718 2582 2582 1718 1718 2581 2581 2581 2581 2583 2583 2582 2582 2584 2584 2582 2582 2583 2583 2582 2582 2584 2584 2585 2585 2584 2584 2586 2586 2585 2585 2587 2587 2585 2585 2586 2586 2585 2585 2587 2587 2588 2588 2587 2587 2589 2589 2588 2588 2590 2590 2588 2588 2589 2589 2588 2588 2590 2590 2591 2591 2590 2590 2592 2592 2591 2591 2593 2593 2591 2591 2592 2592 2591 2591 2593 2593 2594 2594 2593 2593 2595 2595 2594 2594 2596 2596 2594 2594 2595 2595 2594 2594 2596 2596 2597 2597 2596 2596 26 26 2597 2597 850 850 2597 2597 26 26 2597 2597 850 850 2598 2598 850 850 851 851 2598 2598 849 849 2598 2598 851 851 2598 2598 849 849 2599 2599 849 849 855 855 2599 2599 854 854 2599 2599 855 855 2599 2599 854 854 2600 2600 854 854 853 853 2600 2600 844 844 2600 2600 853 853 2600 2600 844 844 2601 2601 844 844 843 843 2601 2601 856 856 2601 2601 843 843 2601 2601 856 856 2602 2602 888 888 2580 2580 860 860 2602 2602 860 860 2580 2580 860 860 2602 2602 858 858 856 856 858 858 2602 2602 2603 2603 2604 2604 2605 2605 2606 2606 2605 2605 2604 2604 2605 2605 2606 2606 2607 2607 2608 2608 2609 2609 2610 2610 2611 2611 2610 2610 2609 2609 2610 2610 2611 2611 2606 2606 2612 2612 2606 2606 2611 2611 2606 2606 2612 2612 2607 2607 2610 2610 2613 2613 2608 2608 2614 2614 2608 2608 2613 2613 2608 2608 2614 2614 2615 2615 2616 2616 2617 2617 2618 2618 2617 2617 2619 2619 2618 2618 2620 2620 2618 2618 2619 2619 2618 2618 2620 2620 2621 2621 2608 2608 2622 2622 2623 2623 2624 2624 2623 2623 2622 2622 2623 2623 2624 2624 2625 2625 2603 2603 2605 2605 2618 2618 2626 2626 2618 2618 2605 2605 2618 2618 2626 2626 2616 2616 2615 2615 2627 2627 2608 2608 2628 2628 2608 2608 2627 2627 2608 2608 2628 2628 2622 2622 2629 2629 2630 2630 2631 2631 2632 2632 2631 2631 2630 2630 2631 2631 2632 2632 2633 2633 2634 2634 2633 2633 2632 2632 2635 2635 2636 2636 2632 2632 2637 2637 2632 2632 2636 2636 2632 2632 2637 2637 2638 2638 2639 2639 2640 2640 2632 2632 2641 2641 2632 2632 2640 2640 2632 2632 2641 2641 2635 2635 2638 2638 2642 2642 2632 2632 2643 2643 2632 2632 2642 2642 2632 2632 2643 2643 2634 2634 2629 2629 2644 2644 2630 2630 2645 2645 2630 2630 2644 2644 2630 2630 2645 2645 2646 2646 2647 2647 2646 2646 2645 2645 2646 2646 2647 2647 2648 2648 2649 2649 2650 2650 2651 2651 2652 2652 2651 2651 2650 2650 2648 2648 2653 2653 2646 2646 2652 2652 2646 2646 2653 2653 2646 2646 2652 2652 2654 2654 2650 2650 2654 2654 2652 2652 788 788 789 789 1734 1734 2655 2655 1734 1734 789 789 789 789 790 790 2655 2655 791 791 2655 2655 790 790 2655 2655 791 791 2656 2656 791 791 793 793 2656 2656 795 795 2656 2656 793 793 2656 2656 795 795 2657 2657 795 795 796 796 2657 2657 798 798 2657 2657 796 796 2657 2657 798 798 2658 2658 798 798 799 799 2658 2658 801 801 2658 2658 799 799 2658 2658 801 801 2659 2659 801 801 802 802 2659 2659 804 804 2659 2659 802 802 2659 2659 804 804 2660 2660 804 804 1 1 2660 2660 919 919 2660 2660 1 1 2660 2660 919 919 2661 2661 919 919 920 920 2661 2661 921 921 2661 2661 920 920 2661 2661 921 921 2662 2662 921 921 923 923 2662 2662 922 922 2662 2662 923 923 2662 2662 922 922 2663 2663 922 922 926 926 2663 2663 925 925 2663 2663 926 926 2663 2663 925 925 2664 2664 925 925 929 929 2664 2664 928 928 2664 2664 929 929 2664 2664 928 928 2665 2665 934 934 1721 1721 933 933 2665 2665 933 933 1721 1721 933 933 2665 2665 951 951 928 928 951 951 2665 2665 32 32 1775 1775 30 30 2666 2666 30 30 1775 1775 1775 1775 1777 1777 2666 2666 1751 1751 2666 2666 1777 1777 2666 2666 1751 1751 2667 2667 1751 1751 1750 1750 2667 2667 1778 1778 2667 2667 1750 1750 2667 2667 1778 1778 2668 2668 1778 1778 1780 1780 2668 2668 1782 1782 2668 2668 1780 1780 2668 2668 1782 1782 2669 2669 1782 1782 1783 1783 2669 2669 1785 1785 2669 2669 1783 1783 2669 2669 1785 1785 2670 2670 1788 1788 2394 2394 1787 1787 2670 2670 1787 1787 2394 2394 1787 1787 2670 2670 1786 1786 1785 1785 1786 1786 2670 2670 2671 2671 2672 2672 2673 2673 2674 2674 2675 2675 2676 2676 2676 2676 2675 2675 2677 2677 2678 2678 2679 2679 2680 2680 2679 2679 2678 2678 2681 2681 2682 2682 2683 2683 2684 2684 2685 2685 2686 2686 2687 2687 2688 2688 2689 2689 2690 2690 2691 2691 2692 2692 2693 2693 2694 2694 2695 2695 2696 2696 2697 2697 2698 2698 2699 2699 2700 2700 2701 2701 2702 2702 2703 2703 2702 2702 2701 2701 2700 2700 2704 2704 2701 2701 586 586 2701 2701 2704 2704 2701 2701 586 586 595 595 2698 2698 2705 2705 2699 2699 2700 2700 2699 2699 2705 2705 2699 2699 2700 2700 2706 2706 2702 2702 2706 2706 2700 2700 2706 2706 2702 2702 2707 2707 2703 2703 2707 2707 2702 2702 2707 2707 2703 2703 2708 2708 595 595 594 594 2701 2701 592 592 2701 2701 594 594 2701 2701 592 592 2703 2703 591 591 2703 2703 592 592 2703 2703 591 591 2708 2708 599 599 2708 2708 591 591 2708 2708 599 599 598 598 2709 2709 2710 2710 2711 2711 2712 2712 2713 2713 2714 2714 2709 2709 2714 2714 2713 2713 2714 2714 2709 2709 2715 2715 2711 2711 2715 2715 2709 2709 2715 2715 2711 2711 2716 2716 2692 2692 2691 2691 2717 2717 40 40 2718 2718 2719 2719 2717 2717 2719 2719 2718 2718 2719 2719 2717 2717 2720 2720 2691 2691 2720 2720 2717 2717 2721 2721 2685 2685 2722 2722 2687 2687 2722 2722 2685 2685 2722 2722 2687 2687 2723 2723 2724 2724 2723 2723 2687 2687 2723 2723 2724 2724 2725 2725 2726 2726 2725 2725 2724 2724 2725 2725 2726 2726 2727 2727 2728 2728 2727 2727 2726 2726 2727 2727 2728 2728 2729 2729 58 58 2721 2721 2730 2730 2722 2722 2730 2730 2721 2721 2730 2730 2722 2722 2731 2731 2723 2723 2731 2731 2722 2722 2731 2731 2723 2723 2732 2732 2725 2725 2732 2732 2723 2723 2732 2732 2725 2725 2684 2684 2727 2727 2684 2684 2725 2725 2684 2684 2727 2727 2682 2682 2729 2729 2682 2682 2727 2727 2733 2733 2681 2681 2734 2734 2678 2678 2734 2734 2681 2681 2734 2734 2678 2678 2735 2735 2680 2680 2736 2736 2737 2737 2695 2695 2694 2694 2738 2738 2739 2739 2738 2738 2694 2694 2738 2738 2739 2739 2740 2740 2737 2737 2740 2740 2739 2739 2740 2740 2737 2737 2741 2741 2736 2736 2741 2741 2737 2737 2741 2741 2736 2736 2742 2742 2735 2735 2674 2674 2743 2743 2676 2676 2743 2743 2674 2674 2743 2743 2676 2676 2744 2744 2677 2677 2744 2744 2676 2676 2744 2744 2677 2677 2745 2745 2672 2672 2671 2671 2693 2693 2688 2688 2693 2693 2671 2671 2693 2693 2688 2688 2691 2691 2690 2690 2691 2691 2688 2688 2691 2691 2690 2690 2720 2720 2735 2735 2678 2678 2674 2674 2680 2680 2674 2674 2678 2678 2674 2674 2680 2680 2675 2675 2737 2737 2675 2675 2680 2680 2675 2675 2737 2737 2677 2677 2739 2739 2677 2677 2737 2737 2677 2677 2739 2739 2745 2745 2694 2694 2745 2745 2739 2739 2745 2745 2694 2694 2746 2746 2696 2696 2746 2746 2694 2694 2746 2746 2696 2696 2747 2747 2686 2686 2748 2748 2687 2687 2749 2749 2687 2687 2748 2748 2687 2687 2749 2749 2724 2724 2750 2750 2724 2724 2749 2749 2724 2724 2750 2750 2726 2726 2751 2751 2726 2726 2750 2750 2726 2726 2751 2751 2728 2728 2752 2752 2728 2728 2751 2751 2728 2728 2752 2752 2729 2729 2716 2716 2729 2729 2752 2752 2729 2729 2716 2716 2682 2682 2711 2711 2682 2682 2716 2716 2682 2682 2711 2711 2683 2683 2710 2710 2683 2683 2711 2711 2742 2742 2697 2697 2741 2741 2699 2699 2741 2741 2697 2697 2741 2741 2699 2699 2740 2740 2706 2706 2740 2740 2699 2699 2740 2740 2706 2706 2738 2738 2707 2707 2738 2738 2706 2706 2738 2738 2707 2707 2695 2695 2708 2708 2695 2695 2707 2707 2695 2695 2708 2708 2696 2696 598 598 2696 2696 2708 2708 2696 2696 598 598 2747 2747 597 597 2747 2747 598 598 2747 2747 597 597 2753 2753 600 600 2753 2753 597 597 2753 2753 600 600 2754 2754 602 602 2754 2754 600 600 2754 2754 602 602 40 40 2750 2750 2673 2673 2751 2751 2672 2672 2751 2751 2673 2673 2751 2751 2672 2672 2752 2752 2693 2693 2752 2752 2672 2672 2752 2752 2693 2693 2716 2716 2692 2692 2716 2716 2693 2693 2716 2716 2692 2692 2715 2715 2717 2717 2715 2715 2692 2692 2715 2715 2717 2717 2714 2714 2718 2718 2714 2714 2717 2717 2714 2714 2718 2718 2712 2712 40 40 2712 2712 2718 2718 2748 2748 2733 2733 2749 2749 2734 2734 2749 2749 2733 2733 2749 2749 2734 2734 2750 2750 2735 2735 2750 2750 2734 2734 2750 2750 2735 2735 2673 2673 2743 2743 2673 2673 2735 2735 2673 2673 2743 2743 2671 2671 2744 2744 2671 2671 2743 2743 2671 2671 2744 2744 2688 2688 2745 2745 2688 2688 2744 2744 2688 2688 2745 2745 2689 2689 2746 2746 2689 2689 2745 2745 2689 2689 2746 2746 2690 2690 2747 2747 2690 2690 2746 2746 2690 2690 2747 2747 2720 2720 2753 2753 2720 2720 2747 2747 2720 2720 2753 2753 2719 2719 2754 2754 2719 2719 2753 2753 2719 2719 2754 2754 40 40 2755 2755 2756 2756 2757 2757 2756 2756 2755 2755 2758 2758 2759 2759 2760 2760 2761 2761 2762 2762 2763 2763 2764 2764 2759 2759 2764 2764 2763 2763 2765 2765 2766 2766 2767 2767 2768 2768 2769 2769 2770 2770 2771 2771 2772 2772 2773 2773 2774 2774 2775 2775 2776 2776 2777 2777 2776 2776 2775 2775 2776 2776 2777 2777 2778 2778 2779 2779 2780 2780 2781 2781 2782 2782 2781 2781 2780 2780 2781 2781 2782 2782 2783 2783 2784 2784 2779 2779 2785 2785 2781 2781 2785 2785 2779 2779 2785 2785 2781 2781 2767 2767 2783 2783 2767 2767 2781 2781 2767 2767 2783 2783 2765 2765 2784 2784 2785 2785 2786 2786 2767 2767 2786 2786 2785 2785 2786 2786 2767 2767 2787 2787 2766 2766 2787 2787 2767 2767 2787 2787 2766 2766 756 756 2774 2774 2788 2788 2789 2789 2790 2790 2789 2789 2788 2788 2789 2789 2790 2790 2791 2791 2792 2792 2793 2793 2794 2794 2795 2795 2794 2794 2793 2793 2794 2794 2795 2795 2796 2796 2797 2797 2798 2798 2799 2799 2800 2800 2799 2799 2798 2798 2799 2799 2800 2800 2796 2796 2801 2801 2796 2796 2800 2800 2796 2796 2801 2801 2794 2794 2802 2802 2794 2794 2801 2801 2794 2794 2802 2802 2792 2792 2803 2803 2792 2792 2802 2802 2797 2797 2804 2804 2805 2805 2806 2806 2807 2807 2808 2808 2809 2809 2808 2808 2807 2807 2808 2808 2809 2809 2810 2810 2811 2811 2810 2810 2809 2809 2810 2810 2811 2811 2812 2812 613 613 612 612 2813 2813 40 40 604 604 2805 2805 603 603 2805 2805 604 604 2804 2804 40 40 2805 2805 2795 2795 2811 2811 2796 2796 2809 2809 2796 2796 2811 2811 2796 2796 2809 2809 2799 2799 2807 2807 2799 2799 2809 2809 2799 2799 2807 2807 2797 2797 2806 2806 2797 2797 2807 2807 2797 2797 2806 2806 2804 2804 40 40 2804 2804 2806 2806 2814 2814 2803 2803 2815 2815 2802 2802 2815 2815 2803 2803 2815 2815 2802 2802 2816 2816 2801 2801 2816 2816 2802 2802 2816 2816 2801 2801 2762 2762 2800 2800 2762 2762 2801 2801 2762 2762 2800 2800 2763 2763 2798 2798 2763 2763 2800 2800 2763 2763 2798 2798 2759 2759 2797 2797 2759 2759 2798 2798 2759 2759 2797 2797 2760 2760 2805 2805 2760 2760 2797 2797 2760 2760 2805 2805 2761 2761 603 603 2761 2761 2805 2805 605 605 617 617 2755 2755 616 616 2755 2755 617 617 2755 2755 616 616 2758 2758 608 608 606 606 2817 2817 606 606 605 605 2817 2817 2755 2755 2817 2817 605 605 2817 2817 2755 2755 2818 2818 2757 2757 2818 2818 2755 2755 2818 2818 2757 2757 2819 2819 2820 2820 2821 2821 2822 2822 2823 2823 2822 2822 2821 2821 2822 2822 2823 2823 2824 2824 2825 2825 2824 2824 2823 2823 610 610 608 608 2826 2826 2817 2817 2826 2826 608 608 2826 2826 2817 2817 2827 2827 2818 2818 2827 2827 2817 2817 2827 2827 2818 2818 2828 2828 2819 2819 2828 2828 2818 2818 2828 2828 2819 2819 2825 2825 2829 2829 2825 2825 2819 2819 2825 2825 2829 2829 2824 2824 2813 2813 2830 2830 2831 2831 2832 2832 2831 2831 2830 2830 2831 2831 2832 2832 2833 2833 2834 2834 2833 2833 2832 2832 2833 2833 2834 2834 2791 2791 2768 2768 2791 2791 2834 2834 2791 2791 2768 2768 2789 2789 2770 2770 2789 2789 2768 2768 2789 2789 2770 2770 2774 2774 2773 2773 2774 2774 2770 2770 2774 2774 2773 2773 2775 2775 2772 2772 2775 2775 2773 2773 2775 2775 2772 2772 2777 2777 612 612 611 611 2813 2813 610 610 2813 2813 611 611 2813 2813 610 610 2830 2830 2826 2826 2830 2830 610 610 2830 2830 2826 2826 2832 2832 2827 2827 2832 2832 2826 2826 2832 2832 2827 2827 2834 2834 2828 2828 2834 2834 2827 2827 2834 2834 2828 2828 2768 2768 2825 2825 2768 2768 2828 2828 2768 2768 2825 2825 2769 2769 2823 2823 2769 2769 2825 2825 2769 2769 2823 2823 2770 2770 2821 2821 2770 2770 2823 2823 2770 2770 2821 2821 2773 2773 2820 2820 2773 2773 2821 2821 2773 2773 2820 2820 2771 2771 2812 2812 2811 2811 2835 2835 2795 2795 2835 2835 2811 2811 2835 2835 2795 2795 2836 2836 2793 2793 2836 2836 2795 2795 2836 2836 2793 2793 2837 2837 2792 2792 2837 2837 2793 2793 2837 2837 2792 2792 2838 2838 2803 2803 2838 2838 2792 2792 2838 2838 2803 2803 2784 2784 2814 2814 2784 2784 2803 2803 2784 2784 2814 2814 2779 2779 2839 2839 2779 2779 2814 2814 2779 2779 2839 2839 2780 2780 603 603 613 613 2761 2761 2813 2813 2761 2761 613 613 2761 2761 2813 2813 2759 2759 2831 2831 2759 2759 2813 2813 2759 2759 2831 2831 2764 2764 2833 2833 2764 2764 2831 2831 2764 2764 2833 2833 2762 2762 2791 2791 2762 2762 2833 2833 2762 2762 2791 2791 2816 2816 2790 2790 2816 2816 2791 2791 2816 2816 2790 2790 2815 2815 2788 2788 2815 2815 2790 2790 2815 2815 2788 2788 2814 2814 2774 2774 2814 2814 2788 2788 2814 2814 2774 2774 2839 2839 2776 2776 2839 2839 2774 2774 2839 2839 2776 2776 2780 2780 2778 2778 2780 2780 2776 2776 2780 2780 2778 2778 2782 2782 2333 2333 2334 2334 2840 2840 2335 2335 2336 2336 2841 2841 2337 2337 2338 2338 2842 2842 1236 1236 2842 2842 2338 2338 2843 2843 2330 2330 2331 2331 2844 2844 2328 2328 2329 2329 1719 1719 2328 2328 2581 2581 2844 2844 2581 2581 2328 2328 2581 2581 2844 2844 2583 2583 2583 2583 2844 2844 2584 2584 2845 2845 2584 2584 2844 2844 2584 2584 2845 2845 2586 2586 2846 2846 2586 2586 2845 2845 2586 2586 2846 2846 2587 2587 2587 2587 2846 2846 2589 2589 2847 2847 2589 2589 2846 2846 2589 2589 2847 2847 2590 2590 2590 2590 2847 2847 2592 2592 2848 2848 2592 2592 2847 2847 2592 2592 2848 2848 2593 2593 2593 2593 2848 2848 2595 2595 2849 2849 2595 2595 2848 2848 2595 2595 2849 2849 2596 2596 2850 2850 22 22 24 24 2851 2851 13 13 22 22 2852 2852 15 15 13 13 2853 2853 16 16 15 15 2854 2854 27 27 16 16 2854 2854 2855 2855 2319 2319 28 28 27 27 2317 2317 2854 2854 2317 2317 27 27 2317 2317 2854 2854 2318 2318 2319 2319 2318 2318 2854 2854 2856 2856 2857 2857 2323 2323 2323 2323 2322 2322 2856 2856 2321 2321 2856 2856 2322 2322 2856 2856 2321 2321 2855 2855 2320 2320 2855 2855 2321 2321 2855 2855 2320 2320 2319 2319 1236 1236 2327 2327 2842 2842 2326 2326 2842 2842 2327 2327 2842 2842 2326 2326 2858 2858 2325 2325 2858 2858 2326 2326 2858 2858 2325 2325 2857 2857 2324 2324 2857 2857 2325 2325 2857 2857 2324 2324 2323 2323 16 16 2853 2853 2854 2854 2859 2859 2854 2854 2853 2853 2854 2854 2859 2859 2855 2855 2860 2860 2855 2855 2859 2859 2855 2855 2860 2860 2856 2856 2861 2861 2856 2856 2860 2860 2856 2856 2861 2861 2857 2857 2862 2862 2857 2857 2861 2861 2857 2857 2862 2862 2858 2858 2841 2841 2858 2858 2862 2862 2858 2858 2841 2841 2842 2842 2336 2336 2842 2842 2841 2841 2842 2842 2336 2336 2337 2337 15 15 2852 2852 2853 2853 2863 2863 2853 2853 2852 2852 2853 2853 2863 2863 2859 2859 2864 2864 2859 2859 2863 2863 2859 2859 2864 2864 2860 2860 2865 2865 2860 2860 2864 2864 2860 2860 2865 2865 2861 2861 2866 2866 2861 2861 2865 2865 2861 2861 2866 2866 2862 2862 2840 2840 2862 2862 2866 2866 2862 2862 2840 2840 2841 2841 2334 2334 2841 2841 2840 2840 2841 2841 2334 2334 2335 2335 13 13 2851 2851 2852 2852 2867 2867 2852 2852 2851 2851 2852 2852 2867 2867 2863 2863 2868 2868 2863 2863 2867 2867 2863 2863 2868 2868 2864 2864 2869 2869 2864 2864 2868 2868 2864 2864 2869 2869 2865 2865 2870 2870 2865 2865 2869 2869 2865 2865 2870 2870 2866 2866 2871 2871 2866 2866 2870 2870 2866 2866 2871 2871 2840 2840 2332 2332 2840 2840 2871 2871 2840 2840 2332 2332 2333 2333 22 22 2850 2850 2851 2851 2872 2872 2851 2851 2850 2850 2851 2851 2872 2872 2867 2867 2873 2873 2867 2867 2872 2872 2867 2867 2873 2873 2868 2868 2874 2874 2868 2868 2873 2873 2868 2868 2874 2874 2869 2869 2875 2875 2869 2869 2874 2874 2869 2869 2875 2875 2870 2870 2843 2843 2870 2870 2875 2875 2870 2870 2843 2843 2871 2871 2331 2331 2871 2871 2843 2843 2871 2871 2331 2331 2332 2332 26 26 2596 2596 24 24 2849 2849 24 24 2596 2596 24 24 2849 2849 2850 2850 2848 2848 2850 2850 2849 2849 2850 2850 2848 2848 2872 2872 2847 2847 2872 2872 2848 2848 2872 2872 2847 2847 2873 2873 2846 2846 2873 2873 2847 2847 2873 2873 2846 2846 2874 2874 2845 2845 2874 2874 2846 2846 2874 2874 2845 2845 2875 2875 2844 2844 2875 2875 2845 2845 2875 2875 2844 2844 2843 2843 2329 2329 2843 2843 2844 2844 2843 2843 2329 2329 2330 2330 561 561 560 560 2876 2876 2877 2877 2878 2878 2879 2879 2880 2880 2881 2881 2882 2882 2882 2882 2881 2881 2883 2883 2884 2884 1052 1052 1051 1051 1052 1052 2884 2884 1054 1054 2885 2885 2886 2886 2887 2887 1048 1048 1047 1047 2888 2888 2889 2889 2890 2890 2891 2891 2892 2892 2893 2893 2894 2894 728 728 2895 2895 2896 2896 2897 2897 2898 2898 2899 2899 2900 2900 726 726 725 725 972 972 2901 2901 2902 2902 2900 2900 2902 2902 2901 2901 972 972 971 971 2901 2901 1059 1059 2901 2901 971 971 2901 2901 1059 1059 721 721 721 721 720 720 2901 2901 718 718 2901 2901 720 720 2901 2901 718 718 2900 2900 717 717 2900 2900 718 718 2900 2900 717 717 726 726 2899 2899 722 722 729 729 2903 2903 2904 2904 2905 2905 2906 2906 2907 2907 2908 2908 2903 2903 2908 2908 2907 2907 2908 2908 2903 2903 2909 2909 2905 2905 2909 2909 2903 2903 2909 2909 2905 2905 2910 2910 2893 2893 2892 2892 2911 2911 560 560 2912 2912 2913 2913 2911 2911 2913 2913 2912 2912 2913 2913 2911 2911 2914 2914 2892 2892 2914 2914 2911 2911 1049 1049 1048 1048 2915 2915 2888 2888 2915 2915 1048 1048 2915 2915 2888 2888 2916 2916 2917 2917 2916 2916 2888 2888 2916 2916 2917 2917 2918 2918 2919 2919 2918 2918 2917 2917 2918 2918 2919 2919 2920 2920 2921 2921 2920 2920 2919 2919 2920 2920 2921 2921 2922 2922 1050 1050 1049 1049 2923 2923 2915 2915 2923 2923 1049 1049 2923 2923 2915 2915 2924 2924 2916 2916 2924 2924 2915 2915 2924 2924 2916 2916 2925 2925 2918 2918 2925 2925 2916 2916 2925 2925 2918 2918 2887 2887 2920 2920 2887 2887 2918 2918 2887 2887 2920 2920 2885 2885 2922 2922 2885 2885 2920 2920 1045 1045 1054 1054 2926 2926 2884 2884 2926 2926 1054 1054 2926 2926 2884 2884 2927 2927 1051 1051 1057 1057 2928 2928 2898 2898 2897 2897 2929 2929 2930 2930 2929 2929 2897 2897 2929 2929 2930 2930 2931 2931 2928 2928 2931 2931 2930 2930 2931 2931 2928 2928 2932 2932 1057 1057 2932 2932 2928 2928 2932 2932 1057 1057 1055 1055 2927 2927 2880 2880 2933 2933 2882 2882 2933 2933 2880 2880 2933 2933 2882 2882 2934 2934 2883 2883 2934 2934 2882 2882 2934 2934 2883 2883 2935 2935 2878 2878 2877 2877 2894 2894 2889 2889 2894 2894 2877 2877 2894 2894 2889 2889 2892 2892 2891 2891 2892 2892 2889 2889 2892 2892 2891 2891 2914 2914 2927 2927 2884 2884 2880 2880 1051 1051 2880 2880 2884 2884 2880 2880 1051 1051 2881 2881 2928 2928 2881 2881 1051 1051 2881 2881 2928 2928 2883 2883 2930 2930 2883 2883 2928 2928 2883 2883 2930 2930 2935 2935 2897 2897 2935 2935 2930 2930 2935 2935 2897 2897 2936 2936 2899 2899 2936 2936 2897 2897 2936 2936 2899 2899 2896 2896 729 729 2896 2896 2899 2899 2896 2896 729 729 728 728 1047 1047 1046 1046 2888 2888 2937 2937 2888 2888 1046 1046 2888 2888 2937 2937 2917 2917 2938 2938 2917 2917 2937 2937 2917 2917 2938 2938 2919 2919 2939 2939 2919 2919 2938 2938 2919 2919 2939 2939 2921 2921 2940 2940 2921 2921 2939 2939 2921 2921 2940 2940 2922 2922 2910 2910 2922 2922 2940 2940 2922 2922 2910 2910 2885 2885 2905 2905 2885 2885 2910 2910 2885 2885 2905 2905 2886 2886 2904 2904 2886 2886 2905 2905 2895 2895 728 728 2876 2876 727 727 2876 2876 728 728 2876 2876 727 727 561 561 1055 1055 975 975 2932 2932 2941 2941 2932 2932 975 975 2932 2932 2941 2941 2931 2931 2942 2942 2931 2931 2941 2941 2931 2931 2942 2942 2929 2929 2943 2943 2929 2929 2942 2942 2929 2929 2943 2943 2898 2898 2944 2944 2898 2898 2943 2943 2898 2898 2944 2944 2899 2899 975 975 974 974 2941 2941 972 972 2941 2941 974 974 2941 2941 972 972 2942 2942 2902 2902 2942 2942 972 972 2942 2942 2902 2902 2943 2943 2900 2900 2943 2943 2902 2902 2943 2943 2900 2900 2944 2944 725 725 2944 2944 2900 2900 2944 2944 725 725 2899 2899 723 723 2899 2899 725 725 2899 2899 723 723 722 722 2938 2938 2879 2879 2939 2939 2878 2878 2939 2939 2879 2879 2939 2939 2878 2878 2940 2940 2894 2894 2940 2940 2878 2878 2940 2940 2894 2894 2910 2910 2893 2893 2910 2910 2894 2894 2910 2910 2893 2893 2909 2909 2911 2911 2909 2909 2893 2893 2909 2909 2911 2911 2908 2908 2912 2912 2908 2908 2911 2911 2908 2908 2912 2912 2906 2906 560 560 2906 2906 2912 2912 1046 1046 1045 1045 2937 2937 2926 2926 2937 2937 1045 1045 2937 2937 2926 2926 2938 2938 2927 2927 2938 2938 2926 2926 2938 2938 2927 2927 2879 2879 2933 2933 2879 2879 2927 2927 2879 2879 2933 2933 2877 2877 2934 2934 2877 2877 2933 2933 2877 2877 2934 2934 2889 2889 2935 2935 2889 2889 2934 2934 2889 2889 2935 2935 2890 2890 2936 2936 2890 2890 2935 2935 2890 2890 2936 2936 2891 2891 2896 2896 2891 2891 2936 2936 2891 2891 2896 2896 2914 2914 2895 2895 2914 2914 2896 2896 2914 2914 2895 2895 2913 2913 2876 2876 2913 2913 2895 2895 2913 2913 2876 2876 560 560 2945 2945 2946 2946 2947 2947 2946 2946 2945 2945 2948 2948 2949 2949 2950 2950 2951 2951 2952 2952 2953 2953 2954 2954 2949 2949 2954 2954 2953 2953 2955 2955 2956 2956 2957 2957 2958 2958 2959 2959 2960 2960 2961 2961 2962 2962 2963 2963 2964 2964 2965 2965 2966 2966 2967 2967 2966 2966 2965 2965 2966 2966 2967 2967 2968 2968 2969 2969 2970 2970 2971 2971 2972 2972 2971 2971 2970 2970 2971 2971 2972 2972 2973 2973 2974 2974 2969 2969 2975 2975 2971 2971 2975 2975 2969 2969 2975 2975 2971 2971 2957 2957 2973 2973 2957 2957 2971 2971 2957 2957 2973 2973 2955 2955 2974 2974 2975 2975 2976 2976 2957 2957 2976 2976 2975 2975 2976 2976 2957 2957 2977 2977 2956 2956 2977 2977 2957 2957 2977 2977 2956 2956 61 61 2964 2964 2978 2978 2979 2979 2980 2980 2979 2979 2978 2978 2979 2979 2980 2980 2981 2981 2982 2982 2983 2983 2984 2984 2985 2985 2984 2984 2983 2983 2984 2984 2985 2985 2986 2986 2987 2987 2988 2988 2989 2989 2990 2990 2989 2989 2988 2988 2989 2989 2990 2990 2986 2986 2991 2991 2986 2986 2990 2990 2986 2986 2991 2991 2984 2984 2992 2992 2984 2984 2991 2991 2984 2984 2992 2992 2982 2982 2993 2993 2982 2982 2992 2992 2987 2987 2994 2994 2995 2995 2996 2996 2997 2997 2998 2998 2999 2999 2998 2998 2997 2997 2998 2998 2999 2999 3000 3000 3001 3001 3000 3000 2999 2999 3000 3000 3001 3001 3002 3002 560 560 562 562 2995 2995 563 563 2995 2995 562 562 2994 2994 560 560 2995 2995 2985 2985 3001 3001 2986 2986 2999 2999 2986 2986 3001 3001 2986 2986 2999 2999 2989 2989 2997 2997 2989 2989 2999 2999 2989 2989 2997 2997 2987 2987 2996 2996 2987 2987 2997 2997 2987 2987 2996 2996 2994 2994 560 560 2994 2994 2996 2996 3003 3003 2993 2993 3004 3004 2992 2992 3004 3004 2993 2993 3004 3004 2992 2992 3005 3005 2991 2991 3005 3005 2992 2992 3005 3005 2991 2991 2952 2952 2990 2990 2952 2952 2991 2991 2952 2952 2990 2990 2953 2953 2988 2988 2953 2953 2990 2990 2953 2953 2988 2988 2949 2949 2987 2987 2949 2949 2988 2988 2949 2949 2987 2987 2950 2950 2995 2995 2950 2950 2987 2987 2950 2950 2995 2995 2951 2951 563 563 2951 2951 2995 2995 2951 2951 563 563 558 558 568 568 574 574 2948 2948 568 568 2948 2948 566 566 2945 2945 566 566 2948 2948 566 566 2945 2945 564 564 571 571 570 570 3006 3006 569 569 564 564 3007 3007 2945 2945 3007 3007 564 564 3007 3007 2945 2945 3008 3008 2947 2947 3008 3008 2945 2945 3008 3008 2947 2947 3009 3009 3010 3010 3011 3011 3012 3012 3013 3013 3012 3012 3011 3011 3012 3012 3013 3013 3014 3014 3015 3015 3014 3014 3013 3013 570 570 569 569 3006 3006 3007 3007 3006 3006 569 569 3006 3006 3007 3007 3016 3016 3008 3008 3016 3016 3007 3007 3016 3016 3008 3008 3017 3017 3009 3009 3017 3017 3008 3008 3017 3017 3009 3009 3015 3015 3018 3018 3015 3015 3009 3009 3015 3015 3018 3018 3014 3014 3019 3019 3020 3020 3021 3021 3022 3022 3021 3021 3020 3020 3021 3021 3022 3022 3023 3023 3024 3024 3023 3023 3022 3022 3023 3023 3024 3024 2981 2981 2958 2958 2981 2981 3024 3024 2981 2981 2958 2958 2979 2979 2960 2960 2979 2979 2958 2958 2979 2979 2960 2960 2964 2964 2963 2963 2964 2964 2960 2960 2964 2964 2963 2963 2965 2965 2962 2962 2965 2965 2963 2963 2965 2965 2962 2962 2967 2967 556 556 555 555 3019 3019 571 571 3019 3019 555 555 3019 3019 571 571 3020 3020 3006 3006 3020 3020 571 571 3020 3020 3006 3006 3022 3022 3016 3016 3022 3022 3006 3006 3022 3022 3016 3016 3024 3024 3017 3017 3024 3024 3016 3016 3024 3024 3017 3017 2958 2958 3015 3015 2958 2958 3017 3017 2958 2958 3015 3015 2959 2959 3013 3013 2959 2959 3015 3015 2959 2959 3013 3013 2960 2960 3011 3011 2960 2960 3013 3013 2960 2960 3011 3011 2963 2963 3010 3010 2963 2963 3011 3011 2963 2963 3010 3010 2961 2961 3002 3002 3001 3001 3025 3025 2985 2985 3025 3025 3001 3001 3025 3025 2985 2985 3026 3026 2983 2983 3026 3026 2985 2985 3026 3026 2983 2983 3027 3027 2982 2982 3027 3027 2983 2983 3027 3027 2982 2982 3028 3028 2993 2993 3028 3028 2982 2982 3028 3028 2993 2993 2974 2974 3003 3003 2974 2974 2993 2993 2974 2974 3003 3003 2969 2969 3029 3029 2969 2969 3003 3003 2969 2969 3029 3029 2970 2970 558 558 556 556 2951 2951 3019 3019 2951 2951 556 556 2951 2951 3019 3019 2949 2949 3021 3021 2949 2949 3019 3019 2949 2949 3021 3021 2954 2954 3023 3023 2954 2954 3021 3021 2954 2954 3023 3023 2952 2952 2981 2981 2952 2952 3023 3023 2952 2952 2981 2981 3005 3005 2980 2980 3005 3005 2981 2981 3005 3005 2980 2980 3004 3004 2978 2978 3004 3004 2980 2980 3004 3004 2978 2978 3003 3003 2964 2964 3003 3003 2978 2978 3003 3003 2964 2964 3029 3029 2966 2966 3029 3029 2964 2964 3029 3029 2966 2966 2970 2970 2968 2968 2970 2970 2966 2966 2970 2970 2968 2968 2972 2972 2700 2700 2705 2705 3030 3030 2698 2698 2697 2697 3031 3031 2968 2968 2967 2967 3032 3032 2946 2946 2948 2948 3033 3033 3014 3014 3018 3018 3034 3034 3009 3009 3034 3034 3018 3018 2962 2962 2961 2961 3035 3035 3010 3010 3035 3035 2961 2961 3035 3035 3010 3010 3012 3012 2956 2956 2955 2955 3036 3036 2973 2973 3036 3036 2955 2955 3036 3036 2973 2973 2972 2972 62 62 61 61 2956 2956 2956 2956 3036 3036 62 62 3037 3037 62 62 3036 3036 62 62 3037 3037 54 54 3038 3038 54 54 3037 3037 54 54 3038 3038 55 55 3039 3039 55 55 3038 3038 55 55 3039 3039 72 72 3040 3040 72 72 3039 3039 72 72 3040 3040 74 74 3041 3041 74 74 3040 3040 74 74 3041 3041 85 85 3042 3042 85 85 3041 3041 85 85 3042 3042 57 57 2733 2733 2748 2748 3042 3042 2748 2748 2686 2686 3042 3042 2685 2685 3042 3042 2686 2686 3042 3042 2685 2685 57 57 2721 2721 57 57 2685 2685 57 57 2721 2721 58 58 2680 2680 2679 2679 3043 3043 2681 2681 3043 3043 2679 2679 3043 3043 2681 2681 2733 2733 2697 2697 2742 2742 3044 3044 2736 2736 3044 3044 2742 2742 3044 3044 2736 2736 2680 2680 2698 2698 3031 3031 2705 2705 2700 2700 3030 3030 2704 2704 582 582 583 583 3045 3045 585 585 3045 3045 583 583 3045 3045 585 585 3046 3046 590 590 3046 3046 585 585 3046 3046 590 590 3047 3047 589 589 3047 3047 590 590 3047 3047 589 589 2704 2704 587 587 2704 2704 589 589 2704 2704 587 587 586 586 582 582 3045 3045 580 580 3048 3048 580 580 3045 3045 580 580 3048 3048 575 575 3049 3049 575 575 3048 3048 575 575 3049 3049 576 576 3050 3050 576 576 3049 3049 576 576 3050 3050 578 578 2948 2948 574 574 3033 3033 573 573 3033 3033 574 574 3033 3033 573 573 3050 3050 579 579 3050 3050 573 573 3050 3050 579 579 578 578 2704 2704 3030 3030 3047 3047 3051 3051 3047 3047 3030 3030 3047 3047 3051 3051 3046 3046 3052 3052 3046 3046 3051 3051 3046 3046 3052 3052 3045 3045 3053 3053 3045 3045 3052 3052 3045 3045 3053 3053 3048 3048 3054 3054 3048 3048 3053 3053 3048 3048 3054 3054 3049 3049 3055 3055 3049 3049 3054 3054 3049 3049 3055 3055 3050 3050 3056 3056 3050 3050 3055 3055 3050 3050 3056 3056 3033 3033 2947 2947 3033 3033 3056 3056 3033 3033 2947 2947 2946 2946 2705 2705 3031 3031 3030 3030 3057 3057 3030 3030 3031 3031 3030 3030 3057 3057 3051 3051 3058 3058 3051 3051 3057 3057 3051 3051 3058 3058 3052 3052 3059 3059 3052 3052 3058 3058 3052 3052 3059 3059 3053 3053 3060 3060 3053 3053 3059 3059 3053 3053 3060 3060 3054 3054 3061 3061 3054 3054 3060 3060 3054 3054 3061 3061 3055 3055 3034 3034 3055 3055 3061 3061 3055 3055 3034 3034 3056 3056 3009 3009 3056 3056 3034 3034 3056 3056 3009 3009 2947 2947 2697 2697 3044 3044 3031 3031 3062 3062 3031 3031 3044 3044 3031 3031 3062 3062 3057 3057 3063 3063 3057 3057 3062 3062 3057 3057 3063 3063 3058 3058 3064 3064 3058 3058 3063 3063 3058 3058 3064 3064 3059 3059 3065 3065 3059 3059 3064 3064 3059 3059 3065 3065 3060 3060 3066 3066 3060 3060 3065 3065 3060 3060 3066 3066 3061 3061 3035 3035 3061 3061 3066 3066 3061 3061 3035 3035 3034 3034 3012 3012 3034 3034 3035 3035 3034 3034 3012 3012 3014 3014 2680 2680 3043 3043 3044 3044 3067 3067 3044 3044 3043 3043 3044 3044 3067 3067 3062 3062 3068 3068 3062 3062 3067 3067 3062 3062 3068 3068 3063 3063 3069 3069 3063 3063 3068 3068 3063 3063 3069 3069 3064 3064 3070 3070 3064 3064 3069 3069 3064 3064 3070 3070 3065 3065 3071 3071 3065 3065 3070 3070 3065 3065 3071 3071 3066 3066 3032 3032 3066 3066 3071 3071 3066 3066 3032 3032 3035 3035 2967 2967 3035 3035 3032 3032 3035 3035 2967 2967 2962 2962 2733 2733 3042 3042 3043 3043 3041 3041 3043 3043 3042 3042 3043 3043 3041 3041 3067 3067 3040 3040 3067 3067 3041 3041 3067 3067 3040 3040 3068 3068 3039 3039 3068 3068 3040 3040 3068 3068 3039 3039 3069 3069 3038 3038 3069 3069 3039 3039 3069 3069 3038 3038 3070 3070 3037 3037 3070 3070 3038 3038 3070 3070 3037 3037 3071 3071 3036 3036 3071 3071 3037 3037 3071 3071 3036 3036 3032 3032 2972 2972 3032 3032 3036 3036 3032 3032 2972 2972 2968 2968 2285 2285 2303 2303 3072 3072 2301 2301 2299 2299 3073 3073 2297 2297 2295 2295 3074 3074 2293 2293 2291 2291 3075 3075 2289 2289 2287 2287 3076 3076 1175 1175 1173 1173 3077 3077 2307 2307 2308 2308 3078 3078 2309 2309 2310 2310 3079 3079 2311 2311 2312 2312 3080 3080 2313 2313 2314 2314 3081 3081 2315 2315 2316 2316 3082 3082 1322 1322 2284 2284 3083 3083 1322 1322 3083 3083 1342 1342 3084 3084 1342 1342 3083 3083 1342 1342 3084 3084 1334 1334 3085 3085 1334 1334 3084 3084 1334 1334 3085 3085 1335 1335 3086 3086 1335 1335 3085 3085 1335 1335 3086 3086 1346 1346 3087 3087 1346 1346 3086 3086 1346 1346 3087 3087 1347 1347 3082 3082 1347 1347 3087 3087 1347 1347 3082 3082 1318 1318 2316 2316 1318 1318 3082 3082 1318 1318 2316 2316 1317 1317 3088 3088 1166 1166 2306 2306 1165 1165 2306 2306 1166 1166 3077 3077 1173 1173 3089 3089 1173 1173 1172 1172 3089 3089 1170 1170 3089 3089 1172 1172 3089 3089 1170 1170 3088 3088 1169 1169 3088 3088 1170 1170 3088 3088 1169 1169 1166 1166 1175 1175 3077 3077 1176 1176 3090 3090 1176 1176 3077 3077 1176 1176 3090 3090 1178 1178 3091 3091 1178 1178 3090 3090 1178 1178 3091 3091 1179 1179 1179 1179 3091 3091 1184 1184 3076 3076 1184 1184 3091 3091 1184 1184 3076 3076 1183 1183 2287 2287 1183 1183 3076 3076 1183 1183 2287 2287 1181 1181 2306 2306 2307 2307 3088 3088 3078 3078 3088 3088 2307 2307 3088 3088 3078 3078 3089 3089 3092 3092 3089 3089 3078 3078 3089 3089 3092 3092 3077 3077 3093 3093 3077 3077 3092 3092 3077 3077 3093 3093 3090 3090 3094 3094 3090 3090 3093 3093 3090 3090 3094 3094 3091 3091 3095 3095 3091 3091 3094 3094 3091 3091 3095 3095 3076 3076 3075 3075 3076 3076 3095 3095 3076 3076 3075 3075 2289 2289 2291 2291 2289 2289 3075 3075 2308 2308 2309 2309 3078 3078 3079 3079 3078 3078 2309 2309 3078 3078 3079 3079 3092 3092 3096 3096 3092 3092 3079 3079 3092 3092 3096 3096 3093 3093 3097 3097 3093 3093 3096 3096 3093 3093 3097 3097 3094 3094 3098 3098 3094 3094 3097 3097 3094 3094 3098 3098 3095 3095 3099 3099 3095 3095 3098 3098 3095 3095 3099 3099 3075 3075 3074 3074 3075 3075 3099 3099 3075 3075 3074 3074 2293 2293 2295 2295 2293 2293 3074 3074 2310 2310 2311 2311 3079 3079 3080 3080 3079 3079 2311 2311 3079 3079 3080 3080 3096 3096 3100 3100 3096 3096 3080 3080 3096 3096 3100 3100 3097 3097 3101 3101 3097 3097 3100 3100 3097 3097 3101 3101 3098 3098 3102 3102 3098 3098 3101 3101 3098 3098 3102 3102 3099 3099 3103 3103 3099 3099 3102 3102 3099 3099 3103 3103 3074 3074 3073 3073 3074 3074 3103 3103 3074 3074 3073 3073 2297 2297 2299 2299 2297 2297 3073 3073 2312 2312 2313 2313 3080 3080 3081 3081 3080 3080 2313 2313 3080 3080 3081 3081 3100 3100 3104 3104 3100 3100 3081 3081 3100 3100 3104 3104 3101 3101 3105 3105 3101 3101 3104 3104 3101 3101 3105 3105 3102 3102 3106 3106 3102 3102 3105 3105 3102 3102 3106 3106 3103 3103 3107 3107 3103 3103 3106 3106 3103 3103 3107 3107 3073 3073 3072 3072 3073 3073 3107 3107 3073 3073 3072 3072 2301 2301 2303 2303 2301 2301 3072 3072 2314 2314 2315 2315 3081 3081 3082 3082 3081 3081 2315 2315 3081 3081 3082 3082 3104 3104 3087 3087 3104 3104 3082 3082 3104 3104 3087 3087 3105 3105 3086 3086 3105 3105 3087 3087 3105 3105 3086 3086 3106 3106 3085 3085 3106 3106 3086 3086 3106 3106 3085 3085 3107 3107 3084 3084 3107 3107 3085 3085 3107 3107 3084 3084 3072 3072 3083 3083 3072 3072 3084 3084 3072 3072 3083 3083 2285 2285 2284 2284 2285 2285 3083 3083 2359 2359 2357 2357 3108 3108 2355 2355 2353 2353 3109 3109 2351 2351 2349 2349 3110 3110 2347 2347 2345 2345 3111 3111 2343 2343 2341 2341 3112 3112 1192 1192 1190 1190 3113 3113 2288 2288 2290 2290 3114 3114 2292 2292 2294 2294 3115 3115 2296 2296 2298 2298 3116 3116 2300 2300 2302 2302 3117 3117 2304 2304 2305 2305 3118 3118 1353 1353 2360 2360 3119 3119 1353 1353 3119 3119 1377 1377 3120 3120 1377 1377 3119 3119 1377 1377 3120 3120 1378 1378 3121 3121 1378 1378 3120 3120 1378 1378 3121 3121 1379 1379 3122 3122 1379 1379 3121 3121 1379 1379 3122 3122 1376 1376 3123 3123 1376 1376 3122 3122 1376 1376 3123 3123 1374 1374 3118 3118 1374 1374 3123 3123 1374 1374 3118 3118 1372 1372 2305 2305 1372 1372 3118 3118 1372 1372 2305 2305 1365 1365 3124 3124 1186 1186 2286 2286 1185 1185 2286 2286 1186 1186 3113 3113 1190 1190 3124 3124 1189 1189 3124 3124 1190 1190 3124 3124 1189 1189 1186 1186 1192 1192 3113 3113 1193 1193 3125 3125 1193 1193 3113 3113 1193 1193 3125 3125 1195 1195 3126 3126 1195 1195 3125 3125 1195 1195 3126 3126 1196 1196 1196 1196 3126 3126 1198 1198 3127 3127 1198 1198 3126 3126 1198 1198 3127 3127 1199 1199 1199 1199 3127 3127 1204 1204 3112 3112 1204 1204 3127 3127 1204 1204 3112 3112 1203 1203 2341 2341 1203 1203 3112 3112 1203 1203 2341 2341 1201 1201 2286 2286 2288 2288 3124 3124 3114 3114 3124 3124 2288 2288 3124 3124 3114 3114 3113 3113 3128 3128 3113 3113 3114 3114 3113 3113 3128 3128 3125 3125 3129 3129 3125 3125 3128 3128 3125 3125 3129 3129 3126 3126 3130 3130 3126 3126 3129 3129 3126 3126 3130 3130 3127 3127 3131 3131 3127 3127 3130 3130 3127 3127 3131 3131 3112 3112 3111 3111 3112 3112 3131 3131 3112 3112 3111 3111 2343 2343 2345 2345 2343 2343 3111 3111 2290 2290 2292 2292 3114 3114 3115 3115 3114 3114 2292 2292 3114 3114 3115 3115 3128 3128 3132 3132 3128 3128 3115 3115 3128 3128 3132 3132 3129 3129 3133 3133 3129 3129 3132 3132 3129 3129 3133 3133 3130 3130 3134 3134 3130 3130 3133 3133 3130 3130 3134 3134 3131 3131 3135 3135 3131 3131 3134 3134 3131 3131 3135 3135 3111 3111 3110 3110 3111 3111 3135 3135 3111 3111 3110 3110 2347 2347 2349 2349 2347 2347 3110 3110 2294 2294 2296 2296 3115 3115 3116 3116 3115 3115 2296 2296 3115 3115 3116 3116 3132 3132 3136 3136 3132 3132 3116 3116 3132 3132 3136 3136 3133 3133 3137 3137 3133 3133 3136 3136 3133 3133 3137 3137 3134 3134 3138 3138 3134 3134 3137 3137 3134 3134 3138 3138 3135 3135 3139 3139 3135 3135 3138 3138 3135 3135 3139 3139 3110 3110 3109 3109 3110 3110 3139 3139 3110 3110 3109 3109 2351 2351 2353 2353 2351 2351 3109 3109 2298 2298 2300 2300 3116 3116 3117 3117 3116 3116 2300 2300 3116 3116 3117 3117 3136 3136 3140 3140 3136 3136 3117 3117 3136 3136 3140 3140 3137 3137 3141 3141 3137 3137 3140 3140 3137 3137 3141 3141 3138 3138 3142 3142 3138 3138 3141 3141 3138 3138 3142 3142 3139 3139 3143 3143 3139 3139 3142 3142 3139 3139 3143 3143 3109 3109 3108 3108 3109 3109 3143 3143 3109 3109 3108 3108 2355 2355 2357 2357 2355 2355 3108 3108 2302 2302 2304 2304 3117 3117 3118 3118 3117 3117 2304 2304 3117 3117 3118 3118 3140 3140 3123 3123 3140 3140 3118 3118 3140 3140 3123 3123 3141 3141 3122 3122 3141 3141 3123 3123 3141 3141 3122 3122 3142 3142 3121 3121 3142 3142 3122 3122 3142 3142 3121 3121 3143 3143 3120 3120 3143 3143 3121 3121 3143 3143 3120 3120 3108 3108 3119 3119 3108 3108 3120 3120 3108 3108 3119 3119 2359 2359 2360 2360 2359 2359 3119 3119 3144 3144 3145 3145 3146 3146 731 731 730 730 3147 3147 2344 2344 2346 2346 3148 3148 3149 3149 3148 3148 2346 2346 2344 2344 3148 3148 2342 2342 3150 3150 2342 2342 3148 3148 2342 2342 3150 3150 2340 2340 3151 3151 3152 3152 3149 3149 3153 3153 3149 3149 3152 3152 3149 3149 3153 3153 3148 3148 3154 3154 3148 3148 3153 3153 3148 3148 3154 3154 3150 3150 3155 3155 746 746 748 748 3156 3156 744 744 3157 3157 746 746 3155 3155 741 741 3158 3158 3159 3159 3160 3160 3161 3161 3160 3160 3159 3159 3160 3160 3161 3161 3162 3162 3156 3156 3162 3162 3161 3161 3162 3162 3156 3156 3163 3163 3157 3157 3163 3163 3156 3156 3163 3163 3157 3157 741 741 3164 3164 3165 3165 3166 3166 3167 3167 3166 3166 3165 3165 3166 3166 3167 3167 3168 3168 3169 3169 3168 3168 3167 3167 3168 3168 3169 3169 3170 3170 749 749 3170 3170 3169 3169 3170 3170 749 749 751 751 3171 3171 3172 3172 3173 3173 3174 3174 733 733 3175 3175 740 740 3175 3175 733 733 740 740 731 731 3175 3175 3147 3147 3175 3175 731 731 3175 3175 3147 3147 3176 3176 3177 3177 3176 3176 3147 3147 3176 3176 3177 3177 3178 3178 3179 3179 3178 3178 3177 3177 3178 3178 3179 3179 3180 3180 3181 3181 3180 3180 3179 3179 738 738 737 737 3182 3182 3183 3183 3182 3182 737 737 3182 3182 3183 3183 3184 3184 3185 3185 3184 3184 3183 3183 3184 3184 3185 3185 3186 3186 3187 3187 3186 3186 3185 3185 3186 3186 3187 3187 3188 3188 3189 3189 3188 3188 3187 3187 3188 3188 3189 3189 3190 3190 3191 3191 3190 3190 3189 3189 3190 3190 3191 3191 3173 3173 3192 3192 3173 3173 3191 3191 3173 3173 3192 3192 3171 3171 883 883 3182 3182 884 884 3184 3184 884 884 3182 3182 884 884 3184 3184 886 886 3186 3186 886 886 3184 3184 886 886 3186 3186 887 887 3188 3188 887 887 3186 3186 887 887 3188 3188 881 881 3190 3190 881 881 3188 3188 881 881 3190 3190 882 882 3173 3173 882 882 3190 3190 882 882 3173 3173 879 879 3172 3172 879 879 3173 3173 879 879 3172 3172 877 877 876 876 877 877 3172 3172 3193 3193 3145 3145 3194 3194 3144 3144 3194 3194 3145 3145 3194 3194 3144 3144 3158 3158 1698 1698 1704 1704 3195 3195 866 866 3195 3195 1704 1704 3195 3195 866 866 865 865 3196 3196 3197 3197 871 871 3198 3198 871 871 3197 3197 871 871 3198 3198 872 872 3193 3193 3199 3199 3145 3145 3200 3200 3145 3145 3199 3199 3145 3145 3200 3200 3146 3146 3201 3201 3146 3146 3200 3200 3146 3146 3201 3201 3195 3195 865 865 873 873 3195 3195 872 872 3195 3195 873 873 3195 3195 872 872 3146 3146 3198 3198 3146 3146 872 872 3146 3146 3198 3198 3144 3144 3202 3202 3144 3144 3198 3198 3144 3144 3202 3202 3158 3158 3203 3203 3158 3158 3202 3202 3158 3158 3203 3203 3159 3159 1700 1700 1701 1701 3204 3204 2346 2346 2348 2348 3149 3149 2350 2350 3149 3149 2348 2348 3149 3149 2350 2350 3151 3151 2352 2352 3151 3151 2350 2350 3151 3151 2352 2352 3205 3205 2354 2354 3205 3205 2352 2352 3205 3205 2354 2354 3206 3206 2356 2356 3206 3206 2354 2354 3206 3206 2356 2356 2358 2358 1700 1700 3204 3204 3207 3207 3208 3208 3207 3207 3204 3204 3207 3207 3208 3208 3209 3209 3210 3210 3209 3209 3208 3208 3209 3209 3210 3210 3211 3211 3212 3212 3211 3211 3210 3210 3211 3211 3212 3212 3164 3164 3213 3213 3164 3164 3212 3212 3164 3164 3213 3213 3165 3165 3214 3214 3165 3165 3213 3213 3165 3165 3214 3214 3167 3167 3155 3155 3167 3167 3214 3214 3167 3167 3155 3155 3169 3169 748 748 3169 3169 3155 3155 3169 3169 748 748 749 749 753 753 2340 2340 754 754 3150 3150 754 754 2340 2340 754 754 3150 3150 751 751 3154 3154 751 751 3150 3150 751 751 3154 3154 3170 3170 3153 3153 3170 3170 3154 3154 3170 3170 3153 3153 3168 3168 3152 3152 3168 3168 3153 3153 3168 3168 3152 3152 3166 3166 3151 3151 3166 3166 3152 3152 3166 3166 3151 3151 3164 3164 3205 3205 3164 3164 3151 3151 3164 3164 3205 3205 3211 3211 3206 3206 3211 3211 3205 3205 3211 3211 3206 3206 3209 3209 2358 2358 3209 3209 3206 3206 3209 3209 2358 2358 3207 3207 2339 2339 3207 3207 2358 2358 3207 3207 2339 2339 1700 1700 1697 1697 1700 1700 2339 2339 883 883 12 12 3182 3182 739 739 3182 3182 12 12 3182 3182 739 739 738 738 3203 3203 3180 3180 3159 3159 3181 3181 3159 3159 3180 3180 3159 3159 3181 3181 3161 3161 3179 3179 3161 3161 3181 3181 3161 3161 3179 3179 3156 3156 3177 3177 3156 3156 3179 3179 3156 3156 3177 3177 744 744 3147 3147 744 744 3177 3177 744 744 3147 3147 745 745 730 730 745 745 3147 3147 3196 3196 876 876 3197 3197 3172 3172 3197 3197 876 876 3197 3197 3172 3172 3198 3198 3171 3171 3198 3198 3172 3172 3198 3198 3171 3171 3202 3202 3192 3192 3202 3202 3171 3171 3202 3202 3192 3192 3203 3203 3191 3191 3203 3203 3192 3192 3203 3203 3191 3191 3180 3180 3189 3189 3180 3180 3191 3191 3180 3180 3189 3189 3178 3178 3187 3187 3178 3178 3189 3189 3178 3178 3187 3187 3176 3176 3185 3185 3176 3176 3187 3187 3176 3176 3185 3185 3175 3175 3183 3183 3175 3175 3185 3185 3175 3175 3183 3183 3174 3174 737 737 3174 3174 3183 3183 741 741 3155 3155 3163 3163 3214 3214 3163 3163 3155 3155 3163 3163 3214 3214 3162 3162 3213 3213 3162 3162 3214 3214 3162 3162 3213 3213 3160 3160 3212 3212 3160 3160 3213 3213 3160 3160 3212 3212 3158 3158 3210 3210 3158 3158 3212 3212 3158 3158 3210 3210 3194 3194 3208 3208 3194 3194 3210 3210 3194 3194 3208 3208 3193 3193 3204 3204 3193 3193 3208 3208 3193 3193 3204 3204 3199 3199 1701 1701 3199 3199 3204 3204 3199 3199 1701 1701 3200 3200 1702 1702 3200 3200 1701 1701 3200 3200 1702 1702 3201 3201 1703 1703 3201 3201 1702 1702 3201 3201 1703 1703 3195 3195 1699 1699 3195 3195 1703 1703 3195 3195 1699 1699 1698 1698 2449 2449 2448 2448 3215 3215 2488 2488 2487 2487 3216 3216 2778 2778 2777 2777 3217 3217 2756 2756 2758 2758 3218 3218 2758 2758 616 616 615 615 2824 2824 2829 2829 3219 3219 2819 2819 3219 3219 2829 2829 2772 2772 2771 2771 3220 3220 2820 2820 3220 3220 2771 2771 3220 3220 2820 2820 2822 2822 2766 2766 2765 2765 3221 3221 2783 2783 3221 3221 2765 2765 3221 3221 2783 2783 2782 2782 757 757 756 756 2766 2766 2766 2766 3221 3221 757 757 3222 3222 757 757 3221 3221 757 757 3222 3222 763 763 3223 3223 763 763 3222 3222 763 763 3223 3223 764 764 3224 3224 764 764 3223 3223 764 764 3224 3224 766 766 3225 3225 766 766 3224 3224 766 766 3225 3225 758 758 3226 3226 758 758 3225 3225 758 758 3226 3226 759 759 3227 3227 759 759 3226 3226 759 759 3227 3227 761 761 2479 2479 2502 2502 3227 3227 2502 2502 2437 2437 3227 3227 2436 2436 3227 3227 2437 2437 3227 3227 2436 2436 761 761 2465 2465 761 761 2436 2436 761 761 2465 2465 762 762 2432 2432 2431 2431 3228 3228 2477 2477 3228 3228 2431 2431 3228 3228 2477 2477 2479 2479 2487 2487 2485 2485 3229 3229 2484 2484 3229 3229 2485 2485 3229 3229 2484 2484 2432 2432 2488 2488 3216 3216 2448 2448 2449 2449 3215 3215 2451 2451 631 631 630 630 3230 3230 628 628 3230 3230 630 630 3230 3230 628 628 3231 3231 627 627 3231 3231 628 628 3231 3231 627 627 3232 3232 632 632 3232 3232 627 627 3232 3232 632 632 2451 2451 634 634 2451 2451 632 632 631 631 3230 3230 625 625 3233 3233 625 625 3230 3230 625 625 3233 3233 626 626 3234 3234 626 626 3233 3233 626 626 3234 3234 623 623 3235 3235 623 623 3234 3234 623 623 3235 3235 621 621 2758 2758 615 615 3218 3218 618 618 3218 3218 615 615 3218 3218 618 618 3235 3235 620 620 3235 3235 618 618 3235 3235 620 620 621 621 2451 2451 3215 3215 3232 3232 3236 3236 3232 3232 3215 3215 3232 3232 3236 3236 3231 3231 3237 3237 3231 3231 3236 3236 3231 3231 3237 3237 3230 3230 3238 3238 3230 3230 3237 3237 3230 3230 3238 3238 3233 3233 3239 3239 3233 3233 3238 3238 3233 3233 3239 3239 3234 3234 3240 3240 3234 3234 3239 3239 3234 3234 3240 3240 3235 3235 3241 3241 3235 3235 3240 3240 3235 3235 3241 3241 3218 3218 2757 2757 3218 3218 3241 3241 3218 3218 2757 2757 2756 2756 2448 2448 3216 3216 3215 3215 3242 3242 3215 3215 3216 3216 3215 3215 3242 3242 3236 3236 3243 3243 3236 3236 3242 3242 3236 3236 3243 3243 3237 3237 3244 3244 3237 3237 3243 3243 3237 3237 3244 3244 3238 3238 3245 3245 3238 3238 3244 3244 3238 3238 3245 3245 3239 3239 3246 3246 3239 3239 3245 3245 3239 3239 3246 3246 3240 3240 3219 3219 3240 3240 3246 3246 3240 3240 3219 3219 3241 3241 2819 2819 3241 3241 3219 3219 3241 3241 2819 2819 2757 2757 2487 2487 3229 3229 3216 3216 3247 3247 3216 3216 3229 3229 3216 3216 3247 3247 3242 3242 3248 3248 3242 3242 3247 3247 3242 3242 3248 3248 3243 3243 3249 3249 3243 3243 3248 3248 3243 3243 3249 3249 3244 3244 3250 3250 3244 3244 3249 3249 3244 3244 3250 3250 3245 3245 3251 3251 3245 3245 3250 3250 3245 3245 3251 3251 3246 3246 3220 3220 3246 3246 3251 3251 3246 3246 3220 3220 3219 3219 2822 2822 3219 3219 3220 3220 3219 3219 2822 2822 2824 2824 2432 2432 3228 3228 3229 3229 3252 3252 3229 3229 3228 3228 3229 3229 3252 3252 3247 3247 3253 3253 3247 3247 3252 3252 3247 3247 3253 3253 3248 3248 3254 3254 3248 3248 3253 3253 3248 3248 3254 3254 3249 3249 3255 3255 3249 3249 3254 3254 3249 3249 3255 3255 3250 3250 3256 3256 3250 3250 3255 3255 3250 3250 3256 3256 3251 3251 3217 3217 3251 3251 3256 3256 3251 3251 3217 3217 3220 3220 2777 2777 3220 3220 3217 3217 3220 3220 2777 2777 2772 2772 2479 2479 3227 3227 3228 3228 3226 3226 3228 3228 3227 3227 3228 3228 3226 3226 3252 3252 3225 3225 3252 3252 3226 3226 3252 3252 3225 3225 3253 3253 3224 3224 3253 3253 3225 3225 3253 3253 3224 3224 3254 3254 3223 3223 3254 3254 3224 3224 3254 3254 3223 3223 3255 3255 3222 3222 3255 3255 3223 3223 3255 3255 3222 3222 3256 3256 3221 3221 3256 3256 3222 3222 3256 3256 3221 3221 3217 3217 2782 2782 3217 3217 3221 3221 3217 3217 2782 2782 2778 2778 3257 3257 3258 3258 3259 3259 3260 3260 3259 3259 3258 3258 3261 3261 3262 3262 3263 3263 3264 3264 3265 3265 3266 3266 3267 3267 3268 3268 3269 3269 3269 3269 3268 3268 3270 3270 3271 3271 3272 3272 3273 3273 3274 3274 3275 3275 3276 3276 3277 3277 3278 3278 3264 3264 3279 3279 3277 3277 3280 3280 3264 3264 3280 3280 3277 3277 3280 3280 3264 3264 3281 3281 3266 3266 3281 3281 3264 3264 3269 3269 3282 3282 3267 3267 3283 3283 3267 3267 3282 3282 3267 3267 3283 3283 3265 3265 3284 3284 3265 3265 3283 3283 3265 3265 3284 3284 3266 3266 3268 3268 3285 3285 3270 3270 3286 3286 3270 3270 3285 3285 3270 3270 3286 3286 3287 3287 3288 3288 3287 3287 3286 3286 3287 3287 3288 3288 3262 3262 3289 3289 3262 3262 3288 3288 3262 3262 3289 3289 3263 3263 3290 3290 3291 3291 3292 3292 3293 3293 3294 3294 3295 3295 3275 3275 3296 3296 3276 3276 3297 3297 3276 3276 3296 3296 3276 3276 3297 3297 3298 3298 3299 3299 3298 3298 3297 3297 3298 3298 3299 3299 3272 3272 3300 3300 3272 3272 3299 3299 3272 3272 3300 3300 3273 3273 3278 3278 3301 3301 3264 3264 3302 3302 3264 3264 3301 3301 3264 3264 3302 3302 3303 3303 3259 3259 3303 3303 3302 3302 3303 3303 3259 3259 3304 3304 3260 3260 3304 3304 3259 3259 3290 3290 3292 3292 3305 3305 3291 3291 3290 3290 3306 3306 3295 3295 3306 3306 3290 3290 3306 3306 3295 3295 3307 3307 3294 3294 3307 3307 3295 3295 3307 3307 3294 3294 3308 3308 3308 3308 3309 3309 3307 3307 3310 3310 3307 3307 3309 3309 3307 3307 3310 3310 3311 3311 3312 3312 3313 3313 3314 3314 3315 3315 3316 3316 3317 3317 3318 3318 3319 3319 3320 3320 3321 3321 3320 3320 3319 3319 3320 3320 3321 3321 3322 3322 3305 3305 3322 3322 3321 3321 3322 3322 3305 3305 3323 3323 3292 3292 3323 3323 3305 3305 3324 3324 3325 3325 3326 3326 3263 3263 3327 3327 3261 3261 3328 3328 3261 3261 3327 3327 3261 3261 3328 3328 3329 3329 3330 3330 3329 3329 3328 3328 3329 3329 3330 3330 3331 3331 3332 3332 3331 3331 3330 3330 3331 3331 3332 3332 3333 3333 3334 3334 3333 3333 3332 3332 3333 3333 3334 3334 3335 3335 3336 3336 3335 3335 3334 3334 3335 3335 3336 3336 3337 3337 3338 3338 3337 3337 3336 3336 3337 3337 3338 3338 3339 3339 3276 3276 3339 3339 3338 3338 3340 3340 3341 3341 3259 3259 3342 3342 3259 3259 3341 3341 3259 3259 3342 3342 3257 3257 3273 3273 3343 3343 3271 3271 3344 3344 3271 3271 3343 3343 3271 3271 3344 3344 3345 3345 3346 3346 3345 3345 3344 3344 3345 3345 3346 3346 3318 3318 3347 3347 3318 3318 3346 3346 3318 3318 3347 3347 3319 3319 3310 3310 3348 3348 3311 3311 3349 3349 3311 3311 3348 3348 3311 3311 3349 3349 3325 3325 3350 3350 3325 3325 3349 3349 3325 3325 3350 3350 3326 3326 3351 3351 3352 3352 3353 3353 3354 3354 3353 3353 3352 3352 3353 3353 3354 3354 3355 3355 3356 3356 3355 3355 3354 3354 3355 3355 3356 3356 3295 3295 3357 3357 3295 3295 3356 3356 3295 3295 3357 3357 3293 3293 3317 3317 3358 3358 3315 3315 3359 3359 3315 3315 3358 3358 3315 3315 3359 3359 3280 3280 3360 3360 3280 3280 3359 3359 3280 3280 3360 3360 3279 3279 3326 3326 3361 3361 3324 3324 3362 3362 3324 3324 3361 3361 3324 3324 3362 3362 3363 3363 3364 3364 3363 3363 3362 3362 3363 3363 3364 3364 3365 3365 3366 3366 3365 3365 3364 3364 3365 3365 3366 3366 3314 3314 3367 3367 3314 3314 3366 3366 3314 3314 3367 3367 3312 3312 3313 3313 3368 3368 3314 3314 3369 3369 3314 3314 3368 3368 3314 3314 3369 3369 3353 3353 3370 3370 3353 3353 3369 3369 3353 3353 3370 3370 3351 3351 3340 3340 3371 3371 3341 3341 3276 3276 3341 3341 3371 3371 3341 3341 3276 3276 3372 3372 3338 3338 3372 3372 3276 3276 3373 3373 3314 3314 3374 3374 3353 3353 3374 3374 3314 3314 3374 3374 3353 3353 3375 3375 3376 3376 3375 3375 3353 3353 3375 3375 3376 3376 3377 3377 3378 3378 3377 3377 3376 3376 3377 3377 3378 3378 3371 3371 3379 3379 3371 3371 3378 3378 3373 3373 3380 3380 3314 3314 3381 3381 3314 3314 3380 3380 3314 3314 3381 3381 3382 3382 3383 3383 3382 3382 3381 3381 3382 3382 3383 3383 3384 3384 3384 3384 3383 3383 3385 3385 3386 3386 3385 3385 3383 3383 3385 3385 3386 3386 3387 3387 3388 3388 3387 3387 3386 3386 3387 3387 3388 3388 3389 3389 3379 3379 3390 3390 3371 3371 3391 3391 3371 3371 3390 3390 3371 3371 3391 3391 3276 3276 3392 3392 3276 3276 3391 3391 3276 3276 3392 3392 3274 3274 3388 3388 3393 3393 3389 3389 3394 3394 3389 3389 3393 3393 3389 3389 3394 3394 3316 3316 3395 3395 3316 3316 3394 3394 3316 3316 3395 3395 3317 3317 3396 3396 3397 3397 3398 3398 3399 3399 3398 3398 3397 3397 3398 3398 3399 3399 3400 3400 3401 3401 3400 3400 3399 3399 3400 3400 3401 3401 3402 3402 3403 3403 3402 3402 3401 3401 3402 3402 3403 3403 3404 3404 3405 3405 3404 3404 3403 3403 3404 3404 3405 3405 3406 3406 3407 3407 3406 3406 3405 3405 3406 3406 3407 3407 3408 3408 3409 3409 3408 3408 3407 3407 3408 3408 3409 3409 3410 3410 3411 3411 3410 3410 3409 3409 3410 3410 3411 3411 3412 3412 3413 3413 3412 3412 3411 3411 3412 3412 3413 3413 3414 3414 3415 3415 3414 3414 3413 3413 3414 3414 3415 3415 3416 3416 3417 3417 3416 3416 3415 3415 3416 3416 3417 3417 3418 3418 3419 3419 3418 3418 3417 3417 3418 3418 3419 3419 3420 3420 3421 3421 3420 3420 3419 3419 3420 3420 3421 3421 3422 3422 3423 3423 3422 3422 3421 3421 3422 3422 3423 3423 3424 3424 3425 3425 3424 3424 3423 3423 3424 3424 3425 3425 3426 3426 3427 3427 3426 3426 3425 3425 3426 3426 3427 3427 3428 3428 3429 3429 3428 3428 3427 3427 3428 3428 3429 3429 3430 3430 3431 3431 3430 3430 3429 3429 3430 3430 3431 3431 3432 3432 3433 3433 3432 3432 3431 3431 3432 3432 3433 3433 3434 3434 3435 3435 3434 3434 3433 3433 3434 3434 3435 3435 3436 3436 3437 3437 3436 3436 3435 3435 3436 3436 3437 3437 3438 3438 3439 3439 3438 3438 3437 3437 3438 3438 3439 3439 3440 3440 3441 3441 3440 3440 3439 3439 3440 3440 3441 3441 3442 3442 3443 3443 3442 3442 3441 3441 3442 3442 3443 3443 3396 3396 3397 3397 3396 3396 3443 3443 3444 3444 3445 3445 3446 3446 3447 3447 3446 3446 3445 3445 3446 3446 3447 3447 3448 3448 3449 3449 3448 3448 3447 3447 3448 3448 3449 3449 3450 3450 3451 3451 3450 3450 3449 3449 3450 3450 3451 3451 3452 3452 3453 3453 3452 3452 3451 3451 3452 3452 3453 3453 3454 3454 3455 3455 3454 3454 3453 3453 3454 3454 3455 3455 3456 3456 3457 3457 3456 3456 3455 3455 3456 3456 3457 3457 3458 3458 3459 3459 3458 3458 3457 3457 3458 3458 3459 3459 3460 3460 3461 3461 3460 3460 3459 3459 3460 3460 3461 3461 3462 3462 3463 3463 3462 3462 3461 3461 3462 3462 3463 3463 3464 3464 3465 3465 3464 3464 3463 3463 3464 3464 3465 3465 3466 3466 3467 3467 3466 3466 3465 3465 3466 3466 3467 3467 3468 3468 3469 3469 3468 3468 3467 3467 3468 3468 3469 3469 3470 3470 3471 3471 3470 3470 3469 3469 3470 3470 3471 3471 3472 3472 3473 3473 3472 3472 3471 3471 3472 3472 3473 3473 3474 3474 3475 3475 3474 3474 3473 3473 3474 3474 3475 3475 3476 3476 3477 3477 3476 3476 3475 3475 3476 3476 3477 3477 3478 3478 3479 3479 3478 3478 3477 3477 3478 3478 3479 3479 3480 3480 3481 3481 3480 3480 3479 3479 3480 3480 3481 3481 3482 3482 3483 3483 3482 3482 3481 3481 3482 3482 3483 3483 3484 3484 3485 3485 3484 3484 3483 3483 3484 3484 3485 3485 3486 3486 3487 3487 3486 3486 3485 3485 3486 3486 3487 3487 3488 3488 3489 3489 3488 3488 3487 3487 3488 3488 3489 3489 3490 3490 3491 3491 3490 3490 3489 3489 3490 3490 3491 3491 3444 3444 3445 3445 3444 3444 3491 3491 3492 3492 3493 3493 3494 3494 3495 3495 3494 3494 3493 3493 3494 3494 3495 3495 3496 3496 3497 3497 3496 3496 3495 3495 3496 3496 3497 3497 3498 3498 3499 3499 3498 3498 3497 3497 3498 3498 3499 3499 3500 3500 3501 3501 3500 3500 3499 3499 3500 3500 3501 3501 3502 3502 3503 3503 3502 3502 3501 3501 3502 3502 3503 3503 3504 3504 3505 3505 3504 3504 3503 3503 3504 3504 3505 3505 3506 3506 3507 3507 3506 3506 3505 3505 3506 3506 3507 3507 3508 3508 3509 3509 3508 3508 3507 3507 3508 3508 3509 3509 3510 3510 3511 3511 3510 3510 3509 3509 3510 3510 3511 3511 3512 3512 3513 3513 3512 3512 3511 3511 3512 3512 3513 3513 3514 3514 3515 3515 3514 3514 3513 3513 3514 3514 3515 3515 3516 3516 3517 3517 3516 3516 3515 3515 3516 3516 3517 3517 3518 3518 3519 3519 3518 3518 3517 3517 3518 3518 3519 3519 3520 3520 3521 3521 3520 3520 3519 3519 3520 3520 3521 3521 3522 3522 3523 3523 3522 3522 3521 3521 3522 3522 3523 3523 3524 3524 3525 3525 3524 3524 3523 3523 3524 3524 3525 3525 3526 3526 3527 3527 3526 3526 3525 3525 3526 3526 3527 3527 3528 3528 3529 3529 3528 3528 3527 3527 3528 3528 3529 3529 3530 3530 3531 3531 3530 3530 3529 3529 3530 3530 3531 3531 3532 3532 3533 3533 3532 3532 3531 3531 3532 3532 3533 3533 3534 3534 3535 3535 3534 3534 3533 3533 3534 3534 3535 3535 3536 3536 3537 3537 3536 3536 3535 3535 3536 3536 3537 3537 3538 3538 3539 3539 3538 3538 3537 3537 3538 3538 3539 3539 3492 3492 3493 3493 3492 3492 3539 3539 3540 3540 3541 3541 3542 3542 3543 3543 3542 3542 3541 3541 3542 3542 3543 3543 3544 3544 3545 3545 3544 3544 3543 3543 3544 3544 3545 3545 3546 3546 3547 3547 3546 3546 3545 3545 3546 3546 3547 3547 3548 3548 3549 3549 3548 3548 3547 3547 3548 3548 3549 3549 3550 3550 3551 3551 3550 3550 3549 3549 3550 3550 3551 3551 3552 3552 3553 3553 3552 3552 3551 3551 3552 3552 3553 3553 3554 3554 3555 3555 3554 3554 3553 3553 3554 3554 3555 3555 3556 3556 3557 3557 3556 3556 3555 3555 3556 3556 3557 3557 3558 3558 3559 3559 3558 3558 3557 3557 3558 3558 3559 3559 3560 3560 3561 3561 3560 3560 3559 3559 3560 3560 3561 3561 3562 3562 3563 3563 3562 3562 3561 3561 3562 3562 3563 3563 3564 3564 3565 3565 3564 3564 3563 3563 3564 3564 3565 3565 3566 3566 3567 3567 3566 3566 3565 3565 3566 3566 3567 3567 3568 3568 3569 3569 3568 3568 3567 3567 3568 3568 3569 3569 3570 3570 3571 3571 3570 3570 3569 3569 3570 3570 3571 3571 3572 3572 3573 3573 3572 3572 3571 3571 3572 3572 3573 3573 3574 3574 3575 3575 3574 3574 3573 3573 3574 3574 3575 3575 3576 3576 3577 3577 3576 3576 3575 3575 3576 3576 3577 3577 3578 3578 3579 3579 3578 3578 3577 3577 3578 3578 3579 3579 3580 3580 3581 3581 3580 3580 3579 3579 3580 3580 3581 3581 3582 3582 3583 3583 3582 3582 3581 3581 3582 3582 3583 3583 3584 3584 3585 3585 3584 3584 3583 3583 3584 3584 3585 3585 3586 3586 3587 3587 3586 3586 3585 3585 3586 3586 3587 3587 3540 3540 3541 3541 3540 3540 3587 3587 3588 3588 3589 3589 3590 3590 3591 3591 3590 3590 3589 3589 3590 3590 3591 3591 3592 3592 3593 3593 3594 3594 3590 3590 3595 3595 3590 3590 3594 3594 3590 3590 3595 3595 3588 3588 3596 3596 3597 3597 3590 3590 3598 3598 3590 3590 3597 3597 3590 3590 3598 3598 3593 3593 3599 3599 3600 3600 3590 3590 3601 3601 3590 3590 3600 3600 3590 3590 3601 3601 3596 3596 3602 3602 3603 3603 3590 3590 3604 3604 3590 3590 3603 3603 3590 3590 3604 3604 3599 3599 3605 3605 3606 3606 3590 3590 3607 3607 3590 3590 3606 3606 3590 3590 3607 3607 3602 3602 3608 3608 3609 3609 3590 3590 3610 3610 3590 3590 3609 3609 3590 3590 3610 3610 3605 3605 3592 3592 3611 3611 3590 3590 3612 3612 3590 3590 3611 3611 3590 3590 3612 3612 3608 3608 3613 3613 3614 3614 3615 3615 3616 3616 3615 3615 3614 3614 3615 3615 3616 3616 3617 3617 3618 3618 3619 3619 3615 3615 3620 3620 3615 3615 3619 3619 3615 3615 3620 3620 3613 3613 3621 3621 3622 3622 3615 3615 3623 3623 3615 3615 3622 3622 3615 3615 3623 3623 3618 3618 3624 3624 3625 3625 3615 3615 3626 3626 3615 3615 3625 3625 3615 3615 3626 3626 3621 3621 3627 3627 3628 3628 3615 3615 3629 3629 3615 3615 3628 3628 3615 3615 3629 3629 3624 3624 3630 3630 3631 3631 3615 3615 3632 3632 3615 3615 3631 3631 3615 3615 3632 3632 3627 3627 3633 3633 3634 3634 3615 3615 3635 3635 3615 3615 3634 3634 3615 3615 3635 3635 3630 3630 3617 3617 3636 3636 3615 3615 3637 3637 3615 3615 3636 3636 3615 3615 3637 3637 3633 3633 3638 3638 3639 3639 3640 3640 3641 3641 3640 3640 3639 3639 3640 3640 3641 3641 3642 3642 3643 3643 3644 3644 3640 3640 3645 3645 3640 3640 3644 3644 3640 3640 3645 3645 3638 3638 3646 3646 3647 3647 3640 3640 3648 3648 3640 3640 3647 3647 3640 3640 3648 3648 3643 3643 3649 3649 3650 3650 3640 3640 3651 3651 3640 3640 3650 3650 3640 3640 3651 3651 3646 3646 3652 3652 3653 3653 3640 3640 3654 3654 3640 3640 3653 3653 3640 3640 3654 3654 3649 3649 3655 3655 3656 3656 3640 3640 3657 3657 3640 3640 3656 3656 3640 3640 3657 3657 3652 3652 3658 3658 3659 3659 3640 3640 3660 3660 3640 3640 3659 3659 3640 3640 3660 3660 3655 3655 3642 3642 3661 3661 3640 3640 3662 3662 3640 3640 3661 3661 3640 3640 3662 3662 3658 3658 3663 3663 3664 3664 3665 3665 3666 3666 3665 3665 3664 3664 3665 3665 3666 3666 3667 3667 3668 3668 3669 3669 3665 3665 3670 3670 3665 3665 3669 3669 3665 3665 3670 3670 3663 3663 3671 3671 3672 3672 3665 3665 3673 3673 3665 3665 3672 3672 3665 3665 3673 3673 3668 3668 3674 3674 3675 3675 3665 3665 3676 3676 3665 3665 3675 3675 3665 3665 3676 3676 3671 3671 3677 3677 3678 3678 3665 3665 3679 3679 3665 3665 3678 3678 3665 3665 3679 3679 3674 3674 3680 3680 3681 3681 3665 3665 3682 3682 3665 3665 3681 3681 3665 3665 3682 3682 3677 3677 3683 3683 3684 3684 3665 3665 3685 3685 3665 3665 3684 3684 3665 3665 3685 3685 3680 3680 3667 3667 3686 3686 3665 3665 3687 3687 3665 3665 3686 3686 3665 3665 3687 3687 3683 3683</p>
        </triangles>
      </mesh>
    </geometry>
  </library_geometries>
  <library_materials>
    <material id="9cb5817bf9524483823dc3ee1eaad5b9" name="defaultmaterial">
      <instance_effect url="#b2786050a8df4c73ac8f46f69c61e1f2"/>
    </material>
  </library_materials>
  <library_visual_scenes>
    <visual_scene id="scene">
      <node id="node0" name="node0">
        <instance_geometry url="#6e67e7c064324796979d9db3a18b77d7">
          <bind_material>
            <technique_common>
              <instance_material symbol="material0" target="#9cb5817bf9524483823dc3ee1eaad5b9"/>
            </technique_common>
          </bind_material>
        </instance_geometry>
      </node>
    </visual_scene>
  </library_visual_scenes>
  <scene>
    <instance_visual_scene url="#scene"/>
  </scene>
</COLLADA>
