<COLLADA xmlns="http://www.collada.org/2005/11/COLLADASchema" version="1.4.1">
  <asset>
    <created>2026-06-26T22:42:00.591710</created>
    <modified>2026-06-26T22:42:00.591710</modified>
    <up_axis>Y_UP</up_axis>
  </asset>
  <library_effects>
    <effect id="67f84244552c424fb3fbd8f669932504" name="67f84244552c424fb3fbd8f669932504">
      <profile_COMMON>
        <technique sid="common">
          <phong>
            <emission>
              <color>0.0 0.0 0.0 1.0</color>
            </emission>
            <ambient>
              <color>0.0 0.0 0.0 1.0</color>
            </ambient>
            <diffuse>
              <color>0.792156862745098 0.8196078431372549 0.9333333333333333 1.0</color>
            </diffuse>
            <specular>
              <color>0.0 0.0 0.0 1.0</color>
            </specular>
            <shininess>
              <float>0.0</float>
            </shininess>
            <reflective>
              <color>0.0 0.0 0.0 1.0</color>
            </reflective>
            <reflectivity>
              <float>0.0</float>
            </reflectivity>
            <transparent>
              <color>0.0 0.0 0.0 1.0</color>
            </transparent>
            <transparency>
              <float>1.0</float>
            </transparency>
          </phong>
        </technique>
        <extra>
          <technique profile="GOOGLEEARTH">
            <double_sided>0</double_sided>
          </technique>
        </extra>
      </profile_COMMON>
    </effect>
  </library_effects>
  <library_geometries>
    <geometry id="07fa90a33871414f9dbdc78b3e5ad66d" name="d399ee553a374bc4a6f31a3738b0c51c">
      <mesh>
        <source id="verts-array">
          <float_array count="24093" id="verts-array-array">0.08253272 0.04881923 -0.000291489 0.08253272 0.04881923 -0.000404889 0.08209547 0.04905165 -0.000291489 0.08209547 0.04905165 -0.000404889 0.08321774 0.04836454 -0.000291489 0.08375886 0.04794289 -0.000404889 0.08376151 0.04793325 -0.000291489 0.08482492 0.04685661 -0.000291489 0.08472996 0.0469757 -0.000291489 0.08482492 0.04685661 -0.000404889 0.08417536 0.04755958 -0.000291489 0.0838678 0.04784839 -0.000291489 0.08522502 0.04634433 -0.000291489 0.0856333 0.04568912 -0.000404889 0.0856333 0.04568912 -0.000291489 0.08621651 0.04439751 -0.000291489 0.08618206 0.04452286 -0.000291489 0.08622616 0.04440016 -0.000404889 0.08587189 0.04523616 -0.000291489 0.08564559 0.04568213 -0.000291489 0.08640279 0.04379534 -0.000291489 0.08654181 0.04313871 -0.000404889 0.08653217 0.04313605 -0.000291489 0.08664145 0.04156897 -0.000404889 0.08664122 0.04168299 -0.000291489 0.08661937 0.04251703 -0.000291489 0.08656132 0.04302999 -0.000291489 0.08645617 0.03994165 -0.000291489 0.08646051 0.03996358 -0.000291489 0.08645617 0.03994165 -0.000404889 0.08659823 0.04082075 -0.000291489 0.0866388 0.04157861 -0.000291489 0.08624565 0.03908521 -0.000291489 0.08600332 0.03834449 -0.000404889 0.08600332 0.03834449 -0.000291489 0.06662546 0.03360875 -0.000291489 0.06662546 0.03360875 -0.000404889 0.06638298 0.03381174 -0.000291489 0.06623186 0.0339465 -0.000404889 0.0662415 0.03394915 -0.000291489 0.06585224 0.03430884 -0.000291489 0.06533355 0.03491297 -0.000404889 0.06539598 0.03483679 -0.000291489 0.06468764 0.03597992 -0.000291489 0.06471318 0.03592472 -0.000291489 0.064678 0.03597727 -0.000404889 0.06511013 0.03523527 -0.000291489 0.06534054 0.03492526 -0.000291489 0.06437048 0.03668093 -0.000291489 0.06416227 0.03728744 -0.000404889 0.06416227 0.03728744 -0.000291489 0.0638165 0.03869617 -0.000404889 0.06391312 0.03819381 -0.000291489 0.06408902 0.0375162 -0.000291489 0.06370288 0.04024132 -0.000291489 0.06369392 0.03989662 -0.000291489 0.06369058 0.04024832 -0.000404889 0.06377194 0.03904691 -0.000291489 0.06382614 0.03869882 -0.000291489 0.06383899 0.04189661 -0.000291489 0.0638156 0.04175536 -0.000291489 0.06381294 0.041765 -0.000404889 0.06372923 0.04108862 -0.000291489 0.06369835 0.04074826 -0.000291489 0.06401455 0.04269158 -0.000291489 0.06417056 0.04318042 -0.000404889 0.06417056 0.04318042 -0.000291489 0.06466724 0.04435405 -0.000404889 0.064579 0.0441846 -0.000291489 0.06426387 0.0434446 -0.000291489 0.06543848 0.04550981 -0.000291489 0.06540786 0.04547028 -0.000291489 0.06543848 0.04550981 -0.000404889 0.06496619 0.04485107 -0.000291489 0.06467953 0.04434706 -0.000291489 0.05801238 0.02291318 -0.000218589 0.04991083 0.01993939 -0.000218589 0.06913978 0.02284002 -0.000218589 0.06429085 0.02093667 -0.000218589 0.06467531 0.02078308 -0.000218589 0.06494841 0.02061962 -0.000218589 0.06523571 0.02036673 -0.000218589 0.06544853 0.02008299 -0.000218589 0.0656599 0.01965366 -0.000218589 0.06585316 0.01906379 -0.000218589 0.009884258 0.002641111 -0.000218589 0.006573468 0.005630471 -0.000218589 0.009440442 0.00221835 -0.000218589 0.009376556 0.002148934 -0.000218589 0.06601186 0.02735232 -0.000218589 0.06591443 0.02695219 -0.000218589 0.06577387 0.02663353 -0.000218589 0.04215449 0.01714347 -0.000218589 0.06257337 0.02103494 -0.000218589 0.06314949 0.02108961 -0.000218589 0.06638502 0.04976283 -0.000218589 0.06714994 0.04796114 -0.000218589 0.06684232 0.05002336 -0.000218589 0.06866628 0.04931136 -0.000218589 0.06789022 0.05054996 -0.000218589 0.07229814 0.05107719 -0.000218589 0.07129953 0.05176718 -0.000218589 0.0703981 0.0503682 -0.000218589 0.07011882 0.05142187 -0.000218589 0.0689856 0.05101701 -0.000218589 0.01111152 0.003382948 -0.000218589 0.0119616 0.00719461 -0.000218589 0.01052887 0.003087958 -0.000218589 0.01036856 0.002992035 -0.000218589 0.06328544 0.0210855 -0.000218589 0.06379333 0.02104881 -0.000218589 0.06589027 0.0189288 -0.000218589 0.06589292 0.01891915 -0.000218589 0.0718485 0.01570271 -0.000218589 0.06786185 0.01417122 -0.000218589 0.0861009 0.03300953 -0.000218589 0.08451109 0.0346052 -0.000218589 0.08538226 0.0323038 -0.000218589 0.08327506 0.0329898 -0.000218589 0.08461349 0.03166726 -0.000218589 0.08085048 0.02969944 -0.000218589 0.0817952 0.03007322 -0.000218589 0.0800269 0.03058273 -0.000218589 0.08175871 0.03163958 -0.000218589 0.07632228 0.05141596 -0.000218589 0.0754264 0.0524868 -0.000218589 0.07429359 0.05143906 -0.000218589 0.07402081 0.0523182 -0.000218589 0.07250843 0.05204764 -0.000218589 0.07831574 0.05103056 -0.000218589 0.07804953 0.05256488 -0.000218589 0.07676111 0.05257369 -0.000218589 0.08020382 0.05027396 -0.000218589 0.07968818 0.05241382 -0.000218589 0.07929165 0.05246039 -0.000218589 0.08268809 0.03048461 -0.000218589 0.08352917 0.0309336 -0.000218589 0.08432011 0.03145179 -0.000218589 0.07410272 0.02953498 -0.000218589 0.0746348 0.02793893 -0.000218589 0.0761314 0.02951188 -0.000218589 0.07628026 0.02832903 -0.000218589 0.07812951 0.0298641 -0.000218589 0.07797296 0.0287736 -0.000218589 0.07956298 0.02925218 -0.000218589 0.06920064 0.02397681 -0.000218589 0.07022118 0.03067698 -0.000218589 0.06918327 0.02388907 -0.000218589 0.06850259 0.03176019 -0.000218589 0.06911766 0.02337323 -0.000218589 0.0655282 0.0262445 -0.000218589 0.06532955 0.02602396 -0.000218589 0.06496095 0.02570484 -0.000218589 0.03387386 0.01425528 -0.000218589 0.03678413 0.01242108 -0.000218589 0.0287366 0.009628076 -0.000218589 0.02754581 0.01211126 -0.000218589 0.01823869 0.005902204 -0.000218589 0.06794283 0.01402754 -0.000218589 0.06806937 0.01390676 -0.000218589 0.06820724 0.01382021 -0.000218589 0.06837573 0.01377319 -0.000218589 0.06462635 0.02548841 -0.000218589 0.0640384 0.0252127 -0.000218589 0.0633644 0.02498594 -0.000218589 0.02133854 0.01009378 -0.000218589 0.01762744 0.008918057 -0.000218589 0.01207744 0.003679588 -0.000218589 0.01174696 0.003599109 -0.000218589 0.0714678 0.01486172 -0.000218589 0.06869754 0.0138098 -0.000218589 0.06854326 0.01376739 -0.000218589 0.0715085 0.02686173 -0.000218589 0.07216564 0.02718757 -0.000218589 0.07210926 0.02992037 -0.000218589 0.0725188 0.0273365 -0.000218589 0.07338299 0.02762592 -0.000218589 0.06936798 0.02449988 -0.000218589 0.06960378 0.02500028 -0.000218589 0.06968068 0.0251355 -0.000218589 0.07004978 0.02564143 -0.000218589 0.070483 0.02610276 -0.000218589 0.07093042 0.02647466 -0.000218589 0.06568541 0.02918121 -0.000218589 0.06589362 0.02857471 -0.000218589 0.06598927 0.02811357 -0.000218589 0.06602876 0.0276681 -0.000218589 0.0473218 0.01600231 -0.000218589 0.04919218 0.01663055 -0.000218589 0.05976334 0.02012766 -0.000218589 0.0718311 0.01520012 -0.000218589 0.07173491 0.01505959 -0.000218589 0.07161148 0.0149427 -0.000218589 0.07187812 0.01536861 -0.000218589 0.07188392 0.01553614 -0.000218589 0.0862469 0.04455105 -0.000218589 0.08647028 0.0438139 -0.000218589 0.08944112 0.04500392 -0.000218589 0.06452019 0.04420991 -0.000218589 0.06490208 0.04489567 -0.000218589 0.06258309 0.04665388 -0.000218589 0.06162938 0.02073396 -0.000218589 0.06203774 0.02090844 -0.000218589 0.06306091 0.04717933 -0.000218589 0.06276224 0.02479967 -0.000218589 0.06220828 0.02462665 -0.000218589 0.06170085 0.0244353 -0.000218589 0.08667103 0.04082002 -0.000218589 0.08971289 0.04114804 -0.000218589 0.08671667 0.04167261 -0.000218589 0.08977059 0.04210766 -0.000218589 0.08668952 0.04252594 -0.000218589 0.08974851 0.04305571 -0.000218589 0.08663147 0.0430389 -0.000218589 0.08972588 0.04340211 -0.000218589 0.08961725 0.04421229 -0.000218589 0.06124524 0.02420635 -0.000218589 0.06092993 0.02399522 -0.000218589 0.08920544 0.04574807 -0.000218589 0.08904325 0.04614943 -0.000218589 0.08594373 0.04527665 -0.000218589 0.08867958 0.04686877 -0.000218589 0.08570778 0.04571996 -0.000218589 0.08823876 0.04756689 -0.000218589 0.08527757 0.04637952 -0.000218589 0.08632374 0.0390652 -0.000218589 0.08935665 0.03904851 -0.000218589 0.08653596 0.03995321 -0.000218589 0.08938969 0.03919242 -0.000218589 0.08958769 0.04016986 -0.000218589 0.06473148 0.03076501 -0.000218589 0.06505951 0.03032627 -0.000218589 0.06540271 0.02975687 -0.000218589 0.06547403 0.04919091 -0.000218589 0.06460787 0.04856908 -0.000218589 0.06591391 0.04634573 -0.000218589 0.06380848 0.04789301 -0.000218589 0.06560098 0.04582413 -0.000218589 0.06534375 0.04551489 -0.000218589 0.08771117 0.04824117 -0.000218589 0.08754414 0.04843378 -0.000218589 0.0847895 0.04702318 -0.000218589 0.08685865 0.04911651 -0.000218589 0.08423225 0.0476167 -0.000218589 0.08611362 0.04975175 -0.000218589 0.08391506 0.04790286 -0.000218589 0.08528977 0.05033421 -0.000218589 0.08326234 0.04842866 -0.000218589 0.08439937 0.0508569 -0.000218589 0.08256767 0.04888069 -0.000218589 0.08377074 0.05118189 -0.000218589 0.0818407 0.04926163 -0.000218589 0.0827832 0.05160528 -0.000218589 0.08181877 0.04926597 -0.000218589 0.08177564 0.05195056 -0.000218589 0.08074806 0.05221775 -0.000218589 0.08676242 0.03377215 -0.000218589 0.08737646 0.03459432 -0.000218589 0.08543449 0.03641469 -0.000218589 0.08773231 0.03514846 -0.000218589 0.08590685 0.03790313 -0.000218589 0.08825403 0.03608007 -0.000218589 0.08602379 0.03819455 -0.000218589 0.08869766 0.0370317 -0.000218589 0.08905789 0.03802263 -0.000218589 0.06430564 0.03665273 -0.000218589 0.06117176 0.03454673 -0.000218589 0.06465099 0.03588688 -0.000218589 0.06163959 0.033939 -0.000218589 0.06505058 0.03518779 -0.000218589 0.06230675 0.03320975 -0.000218589 0.06533378 0.03479895 -0.000218589 0.06292715 0.03261285 -0.000218589 0.06580498 0.03425437 -0.000218589 0.06359938 0.03197833 -0.000218589 0.06633573 0.03375727 -0.000218589 0.06420051 0.03137613 -0.000218589 0.06684792 0.03332766 -0.000218589 0.06701495 0.03313505 -0.000218589 0.06363519 0.04075164 -0.000218589 0.05985064 0.04033354 -0.000218589 0.06362113 0.03989735 -0.000218589 0.0598156 0.03944238 -0.000218589 0.06369215 0.03903535 -0.000218589 0.06402417 0.037488 -0.000218589 0.0606013 0.03560332 -0.000218589 0.06075458 0.0352721 -0.000218589 0.05984806 0.03856977 -0.000218589 0.05996031 0.03770872 -0.000218589 0.06384297 0.0381849 -0.000218589 0.06007547 0.03713886 -0.000218589 0.06030247 0.03635085 -0.000218589 0.06198642 0.04591946 -0.000218589 0.06146351 0.04514308 -0.000218589 0.06419542 0.04346727 -0.000218589 0.06100905 0.04434404 -0.000218589 0.06394875 0.0427046 -0.000218589 0.06064836 0.04358115 -0.000218589 0.06376089 0.04191663 -0.000218589 0.06032912 0.0427052 -0.000218589 0.06365644 0.04108935 -0.000218589 0.06007834 0.04180658 -0.000218589 0.05991265 0.04090025 -0.000218589 0.01157929 0.00715174 -0.002331989 0.006554914 0.005697967 -0.002331989 0.01157929 0.00715174 -0.000291489 0.006554914 0.005697967 -0.001785489 0.006554914 0.005697967 -0.000291489 0.006554914 0.005697967 -0.000838089 0.002151028 0.004476989 -0.000838089 0.002151028 0.004476989 -0.001785489 0.00124465 0.00422783 -0.000838089 0.00124465 0.00422783 -0.001785489 -0.00397111 0.002866639 -0.000838089 -0.00397111 0.002866639 -0.001785489 0.05798418 0.02297802 -0.000291489 0.06088245 0.02405476 -0.000291489 0.06088245 0.02405476 -0.002331989 0.04988264 0.02000424 -0.000291489 0.04995712 0.02003509 -0.002331989 0.04503516 0.01824648 -0.000291489 0.04503516 0.01824648 -0.002331989 0.04213594 0.01721097 -0.000291489 0.04163285 0.01704156 -0.002331989 0.03384566 0.01432012 -0.000291489 0.03384566 0.01432012 -0.002331989 0.03271678 0.0139372 -0.000291489 0.03271678 0.0139372 -0.002331989 0.03060365 0.01321112 -0.002331989 0.0275246 0.0121884 -0.000291489 0.02168109 0.01028129 -0.000291489 0.0239591 0.01101121 -0.002331989 0.02168109 0.01028129 -0.002331989 0.02131998 0.01016128 -0.000291489 0.01759924 0.008982903 -0.002331989 0.01223931 0.007353918 -0.002331989 0.01194305 0.007262106 -0.000291489 0.01760888 0.008985553 -0.000291489 -0.02828815 -0.00729227 -0.002404889 -0.02872816 -0.005691646 -0.002404889 -0.02840731 -0.005613818 -0.002404889 -0.02871152 -0.005676703 -0.002404889 -0.02216224 -0.004073385 -0.002404889 -0.02214296 -0.004068084 -0.002404889 -0.02250503 -0.004146873 -0.002404889 -0.02863485 -0.005427463 -0.002404889 -0.02860592 -0.005419511 -0.002404889 -0.02870453 -0.00566441 -0.002404889 -0.02843455 -0.005590192 -0.002404889 -0.0284196 -0.005606826 -0.002404889 -0.02838538 -0.005618159 -0.002404889 -0.02836609 -0.005612858 -0.002404889 -0.02834681 -0.005607557 -0.002404889 -0.02833982 -0.005595264 -0.002404889 -0.02803126 -0.005510444 -0.002404889 -0.02801897 -0.005517435 -0.002404889 -0.02136627 -0.003875319 -0.002404889 -0.02101915 -0.003779896 -0.002404889 -0.02134699 -0.003870017 -0.002404889 -0.02133035 -0.003855074 -0.002404889 -0.02103144 -0.003772904 -0.002404889 -0.0206431 -0.003676522 -0.002404889 -0.02062116 -0.003680863 -0.002404889 -0.02094201 -0.003758691 -0.002404889 -0.02060887 -0.003687854 -0.002404889 -0.02058959 -0.003682553 -0.002404889 -0.02258482 -0.004158435 -0.002404889 -0.02257252 -0.004165427 -0.002404889 -0.02212368 -0.004062783 -0.002404889 -0.02210704 -0.004047839 -0.002404889 -0.02176426 -0.003974352 -0.002404889 -0.02210005 -0.004035546 -0.002404889 -0.02178354 -0.003979653 -0.002404889 -0.0205703 -0.003677252 -0.002404889 -0.02055367 -0.003662308 -0.002404889 -0.02021089 -0.003588821 -0.002404889 -0.02054668 -0.003650015 -0.002404889 -0.02022053 -0.003591472 -0.002404889 -0.0163371 -0.002627645 -0.002404889 -0.01631781 -0.002622344 -0.002404889 -0.0166536 -0.002683538 -0.002404889 -0.01665794 -0.002705473 -0.002404889 -0.01590054 -0.002518009 -0.002404889 -0.01588126 -0.002512708 -0.002404889 -0.01554113 -0.002429578 -0.002404889 -0.01587692 -0.002490772 -0.002404889 -0.01555077 -0.002432229 -0.002404889 -0.02831619 -0.005568027 -0.002404889 -0.0282465 -0.00533108 -0.002404889 -0.02821758 -0.005323129 -0.002404889 -0.02799703 -0.005521776 -0.002404889 -0.02797775 -0.005516475 -0.002404889 -0.02795846 -0.005511174 -0.002404889 -0.02485172 -0.004740112 -0.002404889 -0.02483509 -0.004725169 -0.002404889 -0.02448266 -0.004649031 -0.002404889 -0.02481845 -0.004710225 -0.002404889 -0.02450195 -0.004654332 -0.002404889 -0.02407503 -0.004547347 -0.002404889 -0.0240584 -0.004532403 -0.002404889 -0.02370597 -0.004456265 -0.002404889 -0.02404177 -0.00451746 -0.002404889 -0.02372526 -0.004461567 -0.002404889 -0.02141979 -0.003869287 -0.002404889 -0.02140749 -0.003876279 -0.002404889 -0.02138556 -0.00388062 -0.002404889 -0.02131637 -0.003830488 -0.002404889 -0.02124668 -0.003593541 -0.002404889 -0.02121511 -0.003595232 -0.002404889 -0.01986641 -0.003483756 -0.002404889 -0.01984448 -0.003488097 -0.002404889 -0.01983219 -0.003495089 -0.002404889 -0.0198129 -0.003489788 -0.002404889 -0.01947807 -0.003387374 -0.002404889 -0.01945614 -0.003391715 -0.002404889 -0.01977698 -0.003469543 -0.002404889 -0.01944384 -0.003398706 -0.002404889 -0.01979362 -0.003484487 -0.002404889 -0.01940527 -0.003388104 -0.002404889 -0.01938864 -0.00337316 -0.002404889 -0.01904586 -0.003299673 -0.002404889 -0.01937201 -0.003358217 -0.002404889 -0.01906779 -0.003295332 -0.002404889 -0.02092803 -0.003734105 -0.002404889 -0.02085834 -0.003497159 -0.002404889 -0.02081712 -0.003496198 -0.002404889 -0.01784226 -0.002999922 -0.002404889 -0.01783262 -0.002997272 -0.002404889 -0.01748284 -0.002911492 -0.002404889 -0.01781863 -0.002972686 -0.002404889 -0.01750213 -0.002916793 -0.002404889 -0.01705593 -0.002804506 -0.002404889 -0.01675003 -0.002710044 -0.002404889 -0.01706557 -0.002807157 -0.002404889 -0.01708486 -0.002812458 -0.002404889 -0.01512386 -0.002325244 -0.002404889 -0.01510457 -0.002319942 -0.002404889 -0.01476444 -0.002236813 -0.002404889 -0.01509758 -0.002307649 -0.002404889 -0.01477408 -0.002239463 -0.002404889 -0.01167698 -0.001471052 -0.002404889 -0.0120241 -0.001566475 -0.002404889 -0.01169192 -0.001454418 -0.002404889 -0.01200747 -0.001551531 -0.002404889 -0.01199783 -0.001548881 -0.002404889 -0.02832318 -0.00558032 -0.002404889 -0.02804621 -0.00549381 -0.002404889 -0.0229828 -0.004257469 -0.002404889 -0.02330799 -0.004357232 -0.002404889 -0.0229881 -0.004238184 -0.002404889 -0.0232887 -0.004351931 -0.002404889 -0.02328171 -0.004339638 -0.002404889 -0.02132336 -0.003842781 -0.002404889 -0.02104639 -0.00375627 -0.002404889 -0.01942456 -0.003393405 -0.002404889 -0.01901693 -0.003291721 -0.002404889 -0.0190003 -0.003276778 -0.002404889 -0.01865751 -0.00320329 -0.002404889 -0.01898366 -0.003261834 -0.002404889 -0.01867945 -0.003198949 -0.002404889 -0.01862859 -0.003195338 -0.002404889 -0.0186093 -0.003190037 -0.002404889 -0.01825953 -0.003104257 -0.002404889 -0.01859532 -0.003165451 -0.002404889 -0.01827881 -0.003109558 -0.002404889 -0.02093502 -0.003746398 -0.002404889 -0.02065539 -0.00366953 -0.002404889 -0.01713837 -0.002806427 -0.002404889 -0.01712608 -0.002813418 -0.002404889 -0.01710414 -0.00281776 -0.002404889 -0.01245367 -0.001663818 -0.002404889 -0.01243438 -0.001658517 -0.002404889 -0.01275788 -0.001726703 -0.002404889 -0.01277451 -0.001741646 -0.002404889 -0.0116577 -0.001465751 -0.002404889 -0.01163576 -0.001470092 -0.002404889 -0.007276068 -0.003559227 -0.002404889 -0.01161913 -0.001455149 -0.002404889 -0.01160948 -0.001452498 -0.002404889 -0.0104541 -0.001166001 -0.002404889 -0.01043481 -0.001160699 -0.002404889 -0.00967476 -0.0009828774 -0.002404889 -0.009658126 -0.0009679339 -0.002404889 -0.0272107 -0.00532636 -0.002404889 -0.02719142 -0.005321059 -0.002404889 -0.02608955 -0.00502853 -0.002404889 -0.02606761 -0.005032871 -0.002404889 -0.02296087 -0.00426181 -0.002404889 -0.02294857 -0.004268801 -0.002404889 -0.02209306 -0.004023253 -0.002404889 -0.02202337 -0.003786307 -0.002404889 -0.02199179 -0.003787997 -0.002404889 -0.01975336 -0.003442307 -0.002404889 -0.01969066 -0.003217653 -0.002404889 -0.01965209 -0.00320705 -0.002404889 -0.01903621 -0.003297022 -0.002404889 -0.01703495 -0.002767628 -0.002404889 -0.01696262 -0.002540323 -0.002404889 -0.01693369 -0.002532371 -0.002404889 -0.01664661 -0.002671245 -0.002404889 -0.01657427 -0.002443941 -0.002404889 -0.01654535 -0.002435989 -0.002404889 -0.01597334 -0.002517279 -0.002404889 -0.01596105 -0.00252427 -0.002404889 -0.01593911 -0.002528611 -0.002404889 -0.01591983 -0.00252331 -0.002404889 -0.01474516 -0.002231511 -0.002404889 -0.01440768 -0.00213874 -0.002404889 -0.01438574 -0.002143081 -0.002404889 -0.01395883 -0.002036095 -0.002404889 -0.01393954 -0.002030794 -0.002404889 -0.01358977 -0.001945014 -0.002404889 -0.01392291 -0.002015851 -0.002404889 -0.01360905 -0.001950315 -0.002404889 -0.01241245 -0.001662858 -0.002404889 -0.01240545 -0.001650565 -0.002404889 -0.01206532 -0.001567435 -0.002404889 -0.01197685 -0.001512002 -0.002404889 -0.01191416 -0.001287348 -0.002404889 -0.01187559 -0.001276746 -0.002404889 -0.01204604 -0.001562134 -0.002404889 -0.01052689 -0.00116527 -0.002404889 -0.01084943 -0.001274676 -0.002404889 -0.01084244 -0.001262383 -0.002404889 -0.009651135 -0.0009556409 -0.002404889 -0.009646793 -0.0009337057 -0.002404889 -0.009574456 -0.0007064013 -0.002404889 -0.02759905 -0.005422743 -0.002404889 -0.02757976 -0.005417442 -0.002404889 -0.02792785 -0.005471644 -0.002404889 -0.02785816 -0.005234698 -0.002404889 -0.02782923 -0.005226746 -0.002404889 -0.02679343 -0.005222026 -0.002404889 -0.0267768 -0.005207082 -0.002404889 -0.02643402 -0.005133595 -0.002404889 -0.02676981 -0.005194789 -0.002404889 -0.02644366 -0.005136246 -0.002404889 -0.02676282 -0.005182496 -0.002404889 -0.02669313 -0.00494555 -0.002404889 -0.02665456 -0.004934947 -0.002404889 -0.02481146 -0.004697932 -0.002404889 -0.02475141 -0.004463636 -0.002404889 -0.02471285 -0.004453034 -0.002404889 -0.02414783 -0.004546617 -0.002404889 -0.0241259 -0.004550958 -0.002404889 -0.02410396 -0.004555299 -0.002404889 -0.02408468 -0.004549998 -0.002404889 -0.0231884 -0.004075455 -0.002404889 -0.02315947 -0.004067503 -0.002404889 -0.02325809 -0.004312401 -0.002404889 -0.02326508 -0.004324694 -0.002404889 -0.02182307 -0.003949036 -0.002404889 -0.02180813 -0.00396567 -0.002404889 -0.02179584 -0.003972662 -0.002404889 -0.02241171 -0.003882689 -0.002404889 -0.02238014 -0.00388438 -0.002404889 -0.0224814 -0.004119636 -0.002404889 -0.02221142 -0.004045419 -0.002404889 -0.02248839 -0.004131929 -0.002404889 -0.02219647 -0.004062053 -0.002404889 -0.02218418 -0.004069044 -0.002404889 -0.02099722 -0.003784237 -0.002404889 -0.02097793 -0.003778936 -0.002404889 -0.02095865 -0.003773635 -0.002404889 -0.02053004 -0.003635072 -0.002404889 -0.02046735 -0.003410418 -0.002404889 -0.02042878 -0.003399816 -0.002404889 -0.01976999 -0.00345725 -0.002404889 -0.01949036 -0.003380382 -0.002404889 -0.01791506 -0.002999192 -0.002404889 -0.01790276 -0.003006184 -0.002404889 -0.01788083 -0.003010525 -0.002404889 -0.01786154 -0.003005224 -0.002404889 -0.01704195 -0.002779921 -0.002404889 -0.01676232 -0.002703052 -0.002404889 -0.01637398 -0.00260667 -0.002404889 -0.01636168 -0.002613661 -0.002404889 -0.01634939 -0.002620653 -0.002404889 -0.01586993 -0.00247848 -0.002404889 -0.01579759 -0.002251175 -0.002404889 -0.01576866 -0.002243223 -0.002404889 -0.0150836 -0.002283063 -0.002404889 -0.0150209 -0.00205841 -0.002404889 -0.01498233 -0.002047807 -0.002404889 -0.01356084 -0.001937062 -0.002404889 -0.01325494 -0.0018426 -0.002404889 -0.01357748 -0.001952006 -0.002404889 -0.01323035 -0.001856583 -0.002404889 -0.01316286 -0.001838029 -0.002404889 -0.0128666 -0.001746217 -0.002404889 -0.01318214 -0.00184333 -0.002404889 -0.01319878 -0.001858274 -0.002404889 -0.01391857 -0.001993915 -0.002404889 -0.01385587 -0.001769262 -0.002404889 -0.0138173 -0.001758659 -0.002404889 -0.01198119 -0.001533937 -0.002404889 -0.01170422 -0.001447427 -0.002404889 -0.009750208 -0.0009725049 -0.002404889 -0.01007275 -0.001081911 -0.002404889 -0.01005611 -0.001066967 -0.002404889 -0.02765786 -0.005397427 -0.002404889 -0.02764292 -0.005414061 -0.002404889 -0.02793484 -0.005483937 -0.002404889 -0.02763063 -0.005421053 -0.002404889 -0.02761833 -0.005428044 -0.002404889 -0.02649283 -0.005108279 -0.002404889 -0.02647789 -0.005124913 -0.002404889 -0.0264656 -0.005131905 -0.002404889 -0.02490258 -0.004743723 -0.002404889 -0.02488065 -0.004748064 -0.002404889 -0.024871 -0.004745414 -0.002404889 -0.02455112 -0.004626365 -0.002404889 -0.02453617 -0.004642999 -0.002404889 -0.02452388 -0.004649991 -0.002404889 -0.02369633 -0.004453615 -0.002404889 -0.02334921 -0.004358192 -0.002404889 -0.0233615 -0.004351201 -0.002404889 -0.02338609 -0.004337217 -0.002404889 -0.02367705 -0.004448314 -0.002404889 -0.02366041 -0.00443337 -0.002404889 -0.02403477 -0.004505167 -0.002404889 -0.02397473 -0.004270871 -0.002404889 -0.02393616 -0.004260268 -0.002404889 -0.02290036 -0.004255548 -0.002404889 -0.02291 -0.004258199 -0.002404889 -0.02292929 -0.0042635 -0.002404889 -0.02255059 -0.004169768 -0.002404889 -0.0225313 -0.004164467 -0.002404889 -0.02251202 -0.004159165 -0.002404889 -0.02026705 -0.003573147 -0.002404889 -0.02025476 -0.003580139 -0.002404889 -0.02024246 -0.003587131 -0.002404889 -0.01930232 -0.00312127 -0.002404889 -0.01926375 -0.003110668 -0.002404889 -0.01936501 -0.003345924 -0.002404889 -0.01910202 -0.003283999 -0.002404889 -0.01908973 -0.003290991 -0.002404889 -0.01858833 -0.003153158 -0.002404889 -0.01852563 -0.002928505 -0.002404889 -0.01848706 -0.002917902 -0.002404889 -0.01745392 -0.00290354 -0.002404889 -0.01746356 -0.00290619 -0.002404889 -0.01781164 -0.002960393 -0.002404889 -0.01774895 -0.002735739 -0.002404889 -0.01771038 -0.002725137 -0.002404889 -0.01628889 -0.002614392 -0.002404889 -0.01629853 -0.002617042 -0.002404889 -0.01550256 -0.002418976 -0.002404889 -0.01519665 -0.002324513 -0.002404889 -0.01552184 -0.002424277 -0.002404889 -0.01559729 -0.002413904 -0.002404889 -0.015585 -0.002420896 -0.002404889 -0.0155727 -0.002427888 -0.002404889 -0.01472587 -0.00222621 -0.002404889 -0.01471888 -0.002213917 -0.002404889 -0.01470225 -0.002198974 -0.002404889 -0.0148206 -0.002221139 -0.002404889 -0.01480831 -0.002228131 -0.002404889 -0.01479602 -0.002235122 -0.002404889 -0.01321107 -0.001851282 -0.002404889 -0.01365557 -0.001931991 -0.002404889 -0.01364328 -0.001938983 -0.002404889 -0.01363099 -0.001945974 -0.002404889 -0.01284201 -0.0017602 -0.002404889 -0.01282273 -0.001754899 -0.002404889 -0.01280079 -0.00175924 -0.002404889 -0.0123652 -0.001608385 -0.002404889 -0.0123025 -0.001383731 -0.002404889 -0.01226393 -0.001373128 -0.002404889 -0.01131587 -0.001351044 -0.002404889 -0.01130358 -0.001358036 -0.002404889 -0.01151617 -0.001188315 -0.002404889 -0.01148724 -0.001180363 -0.002404889 -0.01158851 -0.001415619 -0.002404889 -0.01159285 -0.001437554 -0.002404889 -0.02794183 -0.00549623 -0.002404889 -0.02718178 -0.005318409 -0.002404889 -0.02686623 -0.005221296 -0.002404889 -0.02685394 -0.005228287 -0.002404889 -0.0257012 -0.004932147 -0.002404889 -0.02603603 -0.005034562 -0.002404889 -0.02571615 -0.004915513 -0.002404889 -0.02601675 -0.00502926 -0.002404889 -0.02600011 -0.005014317 -0.002404889 -0.02529092 -0.004840106 -0.002404889 -0.02527863 -0.004847098 -0.002404889 -0.02525935 -0.004841796 -0.002404889 -0.02492452 -0.004739382 -0.002404889 -0.02493946 -0.004722748 -0.002404889 -0.02524006 -0.004836495 -0.002404889 -0.02522343 -0.004821551 -0.002404889 -0.02445373 -0.004641079 -0.002404889 -0.02447302 -0.00464638 -0.002404889 -0.02377443 -0.0044336 -0.002404889 -0.02375949 -0.004450234 -0.002404889 -0.02373755 -0.004454575 -0.002404889 -0.02332727 -0.004362533 -0.002404889 -0.02280006 -0.003979072 -0.002404889 -0.02276848 -0.003980762 -0.002404889 -0.02286974 -0.004216019 -0.002404889 -0.02259976 -0.004141801 -0.002404889 -0.02287674 -0.004228312 -0.002404889 -0.02288373 -0.004240605 -0.002404889 -0.02173533 -0.0039664 -0.002404889 -0.02174497 -0.003969051 -0.002404889 -0.02017232 -0.003578219 -0.002404889 -0.0201916 -0.00358352 -0.002404889 -0.01891398 -0.003024887 -0.002404889 -0.01887541 -0.003014285 -0.002404889 -0.01897667 -0.003249541 -0.002404889 -0.01871368 -0.003187617 -0.002404889 -0.01870138 -0.003194608 -0.002404889 -0.01832533 -0.003091234 -0.002404889 -0.01831304 -0.003098226 -0.002404889 -0.01829111 -0.003102567 -0.002404889 -0.01754865 -0.002898468 -0.002404889 -0.01753636 -0.00290546 -0.002404889 -0.01751442 -0.002909801 -0.002404889 -0.01673773 -0.002717036 -0.002404889 -0.0167158 -0.002721377 -0.002404889 -0.01669651 -0.002716076 -0.002404889 -0.01667723 -0.002710774 -0.002404889 -0.01618593 -0.002347558 -0.002404889 -0.016157 -0.002339606 -0.002404889 -0.01625827 -0.002574862 -0.002404889 -0.01598563 -0.002510287 -0.002404889 -0.01626526 -0.002587155 -0.002404889 -0.01627225 -0.002599448 -0.002404889 -0.01346753 -0.001672879 -0.002404889 -0.01342896 -0.001662276 -0.002404889 -0.01353022 -0.001897533 -0.002404889 -0.01326723 -0.001835608 -0.002404889 -0.01353722 -0.001909826 -0.002404889 -0.01355385 -0.001924769 -0.002404889 -0.01400969 -0.002039706 -0.002404889 -0.0139974 -0.002046698 -0.002404889 -0.01397546 -0.002051039 -0.002404889 -0.01314188 -0.00180115 -0.002404889 -0.01307919 -0.001576496 -0.002404889 -0.01304062 -0.001565894 -0.002404889 -0.01269084 -0.001480114 -0.002404889 -0.01265227 -0.001469511 -0.002404889 -0.01275354 -0.001704767 -0.002404889 -0.01249055 -0.001642843 -0.002404889 -0.01247825 -0.001649834 -0.002404889 -0.0127938 -0.001746947 -0.002404889 -0.01238617 -0.001645263 -0.002404889 -0.01236954 -0.00163032 -0.002404889 -0.01208027 -0.001550801 -0.002404889 -0.0121022 -0.00154646 -0.002404889 -0.01073949 -0.0009955494 -0.002404889 -0.01071056 -0.0009875975 -0.002404889 -0.01081182 -0.001222854 -0.002404889 -0.01053919 -0.001158279 -0.002404889 -0.01081616 -0.001244789 -0.002404889 -0.01082316 -0.001257082 -0.002404889 -0.009962799 -0.000802784 -0.002404889 -0.009933872 -0.0007948321 -0.002404889 -0.01003514 -0.001030088 -0.002404889 -0.009762501 -0.0009655132 -0.002404889 -0.01003948 -0.001052024 -0.002404889 -0.01004647 -0.001064317 -0.002404889 -0.01009203 -0.001087212 -0.002404889 -0.02722035 -0.005329011 -0.002404889 -0.02755349 -0.005399848 -0.002404889 -0.02757012 -0.005414791 -0.002404889 -0.02639545 -0.005122992 -0.002404889 -0.02436307 -0.004367253 -0.002404889 -0.0243245 -0.004356651 -0.002404889 -0.02442312 -0.00460155 -0.002404889 -0.02416277 -0.004529983 -0.002404889 -0.02443011 -0.004613842 -0.002404889 -0.02444674 -0.004628786 -0.002404889 -0.02358639 -0.004174488 -0.002404889 -0.02354782 -0.004163886 -0.002404889 -0.02364643 -0.004408784 -0.002404889 -0.02365342 -0.004421077 -0.002404889 -0.02163503 -0.003689924 -0.002404889 -0.02160345 -0.003691614 -0.002404889 -0.02170471 -0.003926871 -0.002404889 -0.02143473 -0.003852653 -0.002404889 -0.02171171 -0.003939164 -0.002404889 -0.0217187 -0.003951457 -0.002404889 -0.020079 -0.003314035 -0.002404889 -0.02004044 -0.003303433 -0.002404889 -0.0201417 -0.003538689 -0.002404889 -0.01987871 -0.003476765 -0.002404889 -0.02014869 -0.003550982 -0.002404889 -0.02016533 -0.003565926 -0.002404889 -0.01864787 -0.00320064 -0.002404889 -0.0182306 -0.003096305 -0.002404889 -0.01824989 -0.003101606 -0.002404889 -0.01540924 -0.002154792 -0.002404889 -0.01537068 -0.00214419 -0.002404889 -0.01548158 -0.002382097 -0.002404889 -0.01520895 -0.002317522 -0.002404889 -0.01548857 -0.00239439 -0.002404889 -0.01549557 -0.002406683 -0.002404889 -0.01518436 -0.002331505 -0.002404889 -0.01516243 -0.002335846 -0.002404889 -0.01514049 -0.002340187 -0.002404889 -0.0143761 -0.00214043 -0.002404889 -0.01435416 -0.002144771 -0.002404889 -0.01463256 -0.001962027 -0.002404889 -0.01459399 -0.001951425 -0.002404889 -0.01469525 -0.002186681 -0.002404889 -0.01443226 -0.002124756 -0.002404889 -0.01441997 -0.002131748 -0.002404889 -0.01314622 -0.001823085 -0.002404889 -0.01287889 -0.001739225 -0.002404889 -0.01086872 -0.001279977 -0.002404889 -0.01035114 -0.0008991667 -0.002404889 -0.01032222 -0.0008912148 -0.002404889 -0.01042348 -0.001126471 -0.002404889 -0.01015084 -0.001061896 -0.002404889 -0.01042782 -0.001148406 -0.002404889 -0.009735265 -0.0009891389 -0.002404889 -0.00971598 -0.0009838376 -0.002404889 -0.009694045 -0.0009881787 -0.002404889 -0.02708147 -0.005041932 -0.002404889 -0.02705255 -0.005033981 -0.002404889 -0.02715116 -0.005278879 -0.002404889 -0.02688118 -0.005204662 -0.002404889 -0.02715815 -0.005291172 -0.002404889 -0.02716514 -0.005303465 -0.002404889 -0.02746982 -0.005138315 -0.002404889 -0.02744089 -0.005130363 -0.002404889 -0.0275395 -0.005375262 -0.002404889 -0.02726952 -0.005301044 -0.002404889 -0.0275465 -0.005387555 -0.002404889 -0.02725458 -0.005317678 -0.002404889 -0.02724228 -0.00532467 -0.002404889 -0.026832 -0.005232628 -0.002404889 -0.02681272 -0.005227327 -0.002404889 -0.02641473 -0.005128294 -0.002404889 -0.02591644 -0.004752784 -0.002404889 -0.02587788 -0.004742182 -0.002404889 -0.02597649 -0.00498708 -0.002404889 -0.02599312 -0.005002024 -0.002404889 -0.02513976 -0.004560019 -0.002404889 -0.02510119 -0.004549416 -0.002404889 -0.0251998 -0.004794315 -0.002404889 -0.02520679 -0.004806608 -0.002404889 -0.01813729 -0.002832122 -0.002404889 -0.01809872 -0.002821519 -0.002404889 -0.01819998 -0.003056776 -0.002404889 -0.01793699 -0.002994851 -0.002404889 -0.01820698 -0.003069069 -0.002404889 -0.01821397 -0.003081362 -0.002404889 -0.01735096 -0.002636706 -0.002404889 -0.01732203 -0.002628754 -0.002404889 -0.0174233 -0.00286401 -0.002404889 -0.01715066 -0.002799435 -0.002404889 -0.01743029 -0.002876303 -0.002404889 -0.01743728 -0.002888596 -0.002404889 -0.01403162 -0.002035365 -0.002404889 -0.01433753 -0.002129828 -0.002404889 -0.01129129 -0.001365027 -0.002404889 -0.01127899 -0.001372019 -0.002404889 -0.01125706 -0.00137636 -0.002404889 -0.01123777 -0.001371059 -0.002404889 -0.01051195 -0.001181904 -0.002404889 -0.01049267 -0.001176603 -0.002404889 -0.01047073 -0.001180944 -0.002404889 -0.01013855 -0.001068888 -0.002404889 -0.01012626 -0.001075879 -0.002404889 -0.01010432 -0.00108022 -0.002404889 -0.02630479 -0.004849167 -0.002404889 -0.02626622 -0.004838564 -0.002404889 -0.02636483 -0.005083463 -0.002404889 -0.02610449 -0.005011896 -0.002404889 -0.02638147 -0.005098407 -0.002404889 -0.02638846 -0.0051107 -0.002404889 -0.02568891 -0.004939139 -0.002404889 -0.02566697 -0.00494348 -0.002404889 -0.02565733 -0.00494083 -0.002404889 -0.02563805 -0.004935528 -0.002404889 -0.02561876 -0.004930227 -0.002404889 -0.02531286 -0.004835765 -0.002404889 -0.0255281 -0.004656402 -0.002404889 -0.02548953 -0.004645799 -0.002404889 -0.02558815 -0.004890698 -0.002404889 -0.0253278 -0.004819131 -0.002404889 -0.02559514 -0.004902991 -0.002404889 -0.02561177 -0.004917934 -0.002404889 -0.01123078 -0.001358766 -0.002404889 -0.0112115 -0.001353465 -0.002404889 -0.01120451 -0.001341172 -0.002404889 -0.01090294 -0.001268645 -0.002404889 -0.01089065 -0.001275636 -0.002404889 -0.02605532 -0.005039863 -0.002404889 -0.01424422 -0.001865644 -0.002404889 -0.01420565 -0.001855042 -0.002404889 -0.01430691 -0.002090298 -0.002404889 -0.01404392 -0.002028374 -0.002404889 -0.0143139 -0.002102591 -0.002404889 -0.01433054 -0.002117535 -0.002404889 -0.01112783 -0.001091932 -0.002404889 -0.0110989 -0.00108398 -0.002404889 -0.01120017 -0.001319236 -0.002404889 -0.01092753 -0.001254661 -0.002404889 -0.01091524 -0.001261653 -0.002404889 0.0639435 0.02095526 -0.002331989 0.06407776 0.02091958 -0.002331989 0.06407776 0.02091958 -0.000291489 0.06562325 0.01956062 -0.001572689 0.0656312 0.01953169 -0.001589989 0.06576711 0.01911273 -0.000291489 0.06549021 0.01985592 -0.001575389 0.06552106 0.01978143 -0.001546289 0.06546467 0.01991112 -0.000291489 0.06552106 0.01978143 -0.001544889 0.06553866 0.01975516 -0.001539889 0.0655924 0.01963511 -0.000291489 0.06556685 0.01969031 -0.001537289 0.06557215 0.01967102 -0.001539089 0.0655924 0.01963511 -0.001544989 0.06560035 0.01960618 -0.001553189 0.06564975 0.0194642 -0.001643189 0.06565939 0.01946685 -0.001649589 0.0656647 0.01944756 -0.001669889 0.0656753 0.01940899 -0.001723889 0.06567795 0.01939935 -0.001742489 0.0656806 0.01938971 -0.001775989 0.06568855 0.01936078 -0.002203289 0.06568855 0.01936078 -0.002205689 0.06572735 0.01925737 -0.002300589 0.06568855 0.01936078 -0.002217289 0.0656912 0.01935114 -0.002240089 0.06569385 0.0193415 -0.002248189 0.06569385 0.0193415 -0.002260089 0.0656965 0.01933185 -0.002269789 0.0657018 0.01931257 -0.002284289 0.0657141 0.01930558 -0.002292589 0.06572205 0.01927665 -0.002308289 0.06568325 0.01938007 -0.001809689 0.0656859 0.01937042 -0.001859989 0.06576711 0.01911273 -0.002204389 0.0656859 0.01937042 -0.001901389 0.0656859 0.01937042 -0.002169089 0.06546467 0.01991112 -0.001606989 0.06538899 0.02003551 -0.000291489 0.06528343 0.02019317 -0.001770289 0.06517352 0.02032889 -0.000291489 0.0650048 0.02048993 -0.000291489 0.0650048 0.02048993 -0.001958089 0.0649108 0.0205678 -0.000291489 0.0646377 0.02073126 -0.002133089 0.06410933 0.02091789 -0.002331989 0.06412163 0.02091089 -0.002319889 0.06412163 0.02091089 -0.002318289 0.06414356 0.02090655 -0.002309989 0.0641655 0.02090221 -0.002299889 0.06426818 0.02086821 -0.000291489 0.06464035 0.02072162 -0.000291489 0.06582012 0.01891988 -0.002030289 0.06582012 0.01891988 -0.000291489 0.06581482 0.01893917 -0.002066389 0.06578036 0.01906452 -0.000291489 0.06580952 0.01895845 -0.002081189 0.06579627 0.01900667 -0.002124989 0.06578301 0.01905488 -0.002162189 0.06165758 0.02066912 -0.000291489 0.06165758 0.02066912 -0.002331989 0.06205894 0.02083131 -0.000291489 0.06208787 0.02083926 -0.002331989 0.06227807 0.02090191 -0.000291489 0.06227807 0.02090191 -0.002331989 0.06260421 0.02096046 -0.002331989 0.06258228 0.0209648 -0.000291489 0.06278308 0.02098888 -0.002331989 0.06313911 0.02101416 -0.000291489 0.06328471 0.0210127 -0.002331989 0.06383647 0.02096733 -0.002331989 0.06378031 0.020983 -0.000291489 0.06332593 0.02101366 -0.002331989 0.06328471 0.0210127 -0.000291489 0.06920993 0.02284893 -0.002192889 0.06921258 0.02283929 -0.002200689 0.06919572 0.02293836 -0.002331989 0.06920993 0.02284893 -0.002187389 0.06920463 0.02286822 -0.002163789 0.06920463 0.02286822 -0.002170089 0.06919745 0.02338479 -0.002331989 0.06920463 0.02286822 -0.002157389 0.06919745 0.02338479 -0.000291489 0.06919572 0.02293836 -0.000291489 0.06920463 0.02286822 -0.002150389 0.06920463 0.02286822 -0.000291489 0.06920728 0.02285857 -0.002175789 0.06920728 0.02285857 -0.002181089 0.06920728 0.02285857 -0.002182489 0.06920824 0.02281736 -0.002207689 0.06920559 0.022827 -0.002215689 0.06921523 0.02282965 -0.002219489 0.06920993 0.02284893 -0.002260889 0.06920728 0.02285857 -0.002272789 0.06920993 0.02284893 -0.002256789 0.06921258 0.02283929 -0.002230189 0.06921258 0.02283929 -0.002234889 0.06920993 0.02284893 -0.002250789 0.06920728 0.02285857 -0.002278989 0.06920728 0.02285857 -0.002300889 0.06920728 0.02285857 -0.002331989 0.06919818 0.02345759 -0.000291489 0.06919818 0.02345759 -0.002331989 0.06927609 0.02396644 -0.000291489 0.06927609 0.02396644 -0.002331989 0.06932046 0.02414457 -0.000291489 0.06932046 0.02414457 -0.002331989 0.06933878 0.02419109 -0.000291489 0.06933878 0.02419109 -0.002331989 0.0694984 0.02462907 -0.000291489 0.0694984 0.02462907 -0.002331989 0.06966524 0.02496532 -0.000291489 0.06966524 0.02496532 -0.002331989 0.06974215 0.02510054 -0.000291489 0.06974215 0.02510054 -0.002331989 0.07010426 0.02559418 -0.000291489 0.07010426 0.02559418 -0.002331989 0.07020575 0.02571542 -0.000291489 0.07020575 0.02571542 -0.002331989 0.0705042 0.02602562 -0.000291489 0.0705042 0.02602562 -0.002331989 0.07096826 0.02641246 -0.000291489 0.07096826 0.02641246 -0.002331989 0.07106373 0.02648019 -0.000291489 0.07106373 0.02648019 -0.002331989 0.07132384 0.02666577 -0.000291489 0.07132384 0.02666577 -0.002331989 0.07190818 0.02699234 -0.000291489 0.07190818 0.02699234 -0.002331989 0.07206415 0.02706633 -0.000291489 0.07206415 0.02706633 -0.002331989 0.07254699 0.02727166 -0.000291489 0.07254699 0.02727166 -0.002331989 0.07321135 0.02749577 -0.000291489 0.07321135 0.02749577 -0.002331989 0.07347869 0.02757963 -0.000291489 0.07347869 0.02757963 -0.002331989 0.07412737 0.02774758 -0.000291489 0.07412737 0.02774758 -0.002331989 0.07514077 0.02798468 -0.000291489 0.07514077 0.02798468 -0.002331989 0.07572726 0.02811479 -0.000291489 0.07572726 0.02811479 -0.002331989 0.07629881 0.02826153 -0.000291489 0.07629881 0.02826153 -0.002331989 0.07736477 0.02853382 -0.000291489 0.07736477 0.02853382 -0.002331989 0.07922742 0.02907696 -0.000291489 0.07922742 0.02907696 -0.002331989 0.07925635 0.02908492 -0.000291489 0.07925635 0.02908492 -0.002331989 0.08087868 0.0296346 -0.000291489 0.08087868 0.0296346 -0.002331989 0.0814606 0.02985679 -0.000291489 0.0814606 0.02985679 -0.002331989 0.08185232 0.03001633 -0.000291489 0.08185232 0.03001633 -0.002331989 0.08289154 0.03049905 -0.000291489 0.08289154 0.03049905 -0.002331989 0.08316226 0.03064607 -0.000291489 0.08316226 0.03064607 -0.002331989 0.08381579 0.03102277 -0.000291489 0.08381579 0.03102277 -0.002331989 0.08455586 0.03153734 -0.000291489 0.08455586 0.03153734 -0.002331989 0.08465133 0.03160506 -0.000291489 0.08465133 0.03160506 -0.002331989 0.08527039 0.03210711 -0.000291489 0.08527039 0.03210711 -0.002331989 0.08588055 0.03267931 -0.000291489 0.08588055 0.03267931 -0.002331989 0.08598036 0.03276897 -0.000291489 0.08598036 0.03276897 -0.002331989 0.08663054 0.03349737 -0.000291489 0.08663054 0.03349737 -0.002331989 0.08705749 0.0340192 -0.000291489 0.08705749 0.0340192 -0.002331989 0.08724554 0.03427831 -0.000291489 0.08724554 0.03427831 -0.002331989 0.08779377 0.0351135 -0.000291489 0.08779377 0.0351135 -0.002331989 0.08789865 0.0352979 -0.000291489 0.08789865 0.0352979 -0.002331989 0.08806211 0.03557099 -0.000291489 0.08806211 0.03557099 -0.002331989 0.08826222 0.03593713 -0.002331989 0.06112186 0.0345019 -0.002331989 0.06112186 0.0345019 -0.000291489 0.06087723 0.03490135 -0.002331989 0.06087723 0.03490135 -0.000291489 0.06077336 0.03509058 -0.002331989 0.06077336 0.03509058 -0.000291489 0.06051091 0.03563032 -0.002331989 0.06051091 0.03563032 -0.000291489 0.06020678 0.03639714 -0.002331989 0.06020678 0.03639714 -0.000291489 0.06017232 0.03652249 -0.002331989 0.06017232 0.03652249 -0.000291489 0.06000798 0.03712031 -0.002331989 0.06000798 0.03712031 -0.000291489 0.05983957 0.03799703 -0.002331989 0.05983957 0.03799703 -0.000291489 0.05982005 0.03810575 -0.002331989 0.05982005 0.03810575 -0.000291489 0.0597483 0.03889496 -0.002331989 0.0597483 0.03889496 -0.000291489 0.05974742 0.03976587 -0.002331989 0.05974742 0.03976587 -0.000291489 0.05974646 0.03980709 -0.002331989 0.05974646 0.03980709 -0.000291489 0.05977785 0.04033427 -0.002331989 0.05977785 0.04033427 -0.000291489 0.05989437 0.04126857 -0.002331989 0.05989437 0.04126857 -0.000291489 0.05993609 0.04145635 -0.002331989 0.05993609 0.04145635 -0.000291489 0.06009163 0.04217322 -0.002331989 0.06009163 0.04217322 -0.000291489 0.060367 0.04305785 -0.002331989 0.060367 0.04305785 -0.000291489 0.06037833 0.04309208 -0.002331989 0.06037833 0.04309208 -0.000291489 0.06057725 0.04361345 -0.002331989 0.06057725 0.04361345 -0.000291489 0.06095891 0.04441323 -0.002331989 0.06095891 0.04441323 -0.000291489 0.06098423 0.04447204 -0.002331989 0.06098423 0.04447204 -0.000291489 0.06147196 0.04530097 -0.002331989 0.06147196 0.04530097 -0.000291489 0.06181213 0.04579895 -0.002331989 0.06181213 0.04579895 -0.000291489 0.06204043 0.04610024 -0.002331989 0.06204043 0.04610024 -0.000291489 0.06252862 0.04670113 -0.002331989 0.06252862 0.04670113 -0.000291489 0.06290928 0.04712727 -0.002331989 0.06290928 0.04712727 -0.000291489 0.06326463 0.0474946 -0.002331989 0.06326463 0.0474946 -0.000291489 0.06407704 0.04823648 -0.002331989 0.06407704 0.04823648 -0.000291489 0.06425568 0.04837892 -0.002331989 0.06425568 0.04837892 -0.000291489 0.06496587 0.04892676 -0.002331989 0.06496587 0.04892676 -0.000291489 0.06582334 0.04950472 -0.002331989 0.06582334 0.04950472 -0.000291489 0.06591182 0.04956015 -0.002331989 0.06591182 0.04956015 -0.000291489 0.06634718 0.04982503 -0.002331989 0.06634718 0.04982503 -0.000291489 0.06744932 0.05041839 -0.002331989 0.06744932 0.05041839 -0.000291489 0.06758601 0.05048707 -0.002331989 0.06758601 0.05048707 -0.000291489 0.06861124 0.05094521 -0.002331989 0.06861124 0.05094521 -0.000291489 0.0696936 0.05134646 -0.002331989 0.0696936 0.05134646 -0.000291489 0.06982594 0.05139321 -0.002331989 0.06982594 0.05139321 -0.000291489 0.07109777 0.05178431 -0.002331989 0.07109777 0.05178431 -0.000291489 0.0718841 0.05197973 -0.002331989 0.0718841 0.05197973 -0.000291489 0.07248987 0.05211514 -0.002331989 0.07248987 0.05211514 -0.000291489 0.07371203 0.05234739 -0.002331989 0.07371203 0.05234739 -0.000291489 0.07427055 0.05242833 -0.002331989 0.07427055 0.05242833 -0.000291489 0.07492116 0.05251384 -0.002331989 0.07492116 0.05251384 -0.000291489 0.07609798 0.05260918 -0.002331989 0.07609798 0.05260918 -0.000291489 0.07644437 0.05263181 -0.002331989 0.07644437 0.05263181 -0.000291489 0.07725913 0.05264836 -0.002331989 0.07725913 0.05264836 -0.000291489 0.07840725 0.05262173 -0.002331989 0.07840725 0.05262173 -0.000291489 0.07845112 0.05261305 -0.002331989 0.07845112 0.05261305 -0.000291489 0.07930203 0.05253583 -0.002331989 0.07930203 0.05253583 -0.000291489 0.08032937 0.05238267 -0.002331989 0.08032937 0.05238267 -0.000291489 0.0803636 0.05237133 -0.002331989 0.0803636 0.05237133 -0.000291489 0.08139287 0.05213573 -0.002331989 0.08139287 0.05213573 -0.000291489 0.08215987 0.05191099 -0.002331989 0.08215987 0.05191099 -0.000291489 0.08240212 0.05182202 -0.002331989 0.08240212 0.05182202 -0.000291489 0.08339135 0.05143021 -0.002331989 0.08339135 0.05143021 -0.000291489 0.08379606 0.05124071 -0.002331989 0.08379606 0.05124071 -0.000291489 0.08394792 0.05117874 -0.002331989 0.08394792 0.05117874 -0.000291489 0.08465296 0.05080215 -0.002331989 0.08465296 0.05080215 -0.000291489 0.08546525 0.05029948 -0.002331989 0.08546525 0.05029948 -0.000291489 0.08549249 0.05027586 -0.002331989 0.08549249 0.05027586 -0.000291489 0.08621535 0.04975897 -0.002331989 0.08621535 0.04975897 -0.000291489 0.08683384 0.04924451 -0.002331989 0.08683384 0.04924451 -0.000291489 0.0869182 0.04916399 -0.002331989 0.0869182 0.04916399 -0.000291489 0.08754656 0.04853816 -0.002331989 0.08754656 0.04853816 -0.000291489 0.08759404 0.04847861 -0.002331989 0.08759404 0.04847861 -0.000291489 0.08811802 0.0478552 -0.002331989 0.08811802 0.0478552 -0.000291489 0.08845665 0.04737789 -0.002331989 0.08845665 0.04737789 -0.000291489 0.08857017 0.0471913 -0.002331989 0.08857017 0.0471913 -0.000291489 0.08895482 0.04650885 -0.002331989 0.08895482 0.04650885 -0.000291489 0.0891081 0.04617763 -0.002331989 0.0891081 0.04617763 -0.000291489 0.08915124 0.04609615 -0.002331989 0.08915124 0.04609615 -0.000291489 0.08940524 0.04539852 -0.002331989 0.08940524 0.04539852 -0.000291489 0.08957488 0.04478142 -0.002331989 0.08957488 0.04478142 -0.000291489 0.08961825 0.04458592 -0.002331989 0.08961825 0.04458592 -0.000291489 0.08976472 0.04371354 -0.002331989 0.08976472 0.04371354 -0.000291489 0.08979603 0.04341102 -0.002331989 0.08979603 0.04341102 -0.000291489 0.08982108 0.043169 -0.002331989 0.08982108 0.043169 -0.000291489 0.08984366 0.04240776 -0.002331989 0.08984366 0.04240776 -0.000291489 0.08981392 0.04149731 -0.002331989 0.08981392 0.04149731 -0.000291489 0.08980716 0.041371 -0.002331989 0.08980716 0.041371 -0.000291489 0.08968123 0.04032003 -0.002331989 0.08968123 0.04032003 -0.000291489 0.08954858 0.03955759 -0.002331989 0.08954858 0.03955759 -0.000291489 0.08946779 0.0391724 -0.002331989 0.08946779 0.0391724 -0.000291489 0.08917867 0.03814917 -0.002331989 0.08917867 0.03814917 -0.000291489 0.08902435 0.03769191 -0.002331989 0.08902435 0.03769191 -0.000291489 0.08882543 0.03717053 -0.002331989 0.08882543 0.03717053 -0.000291489 0.08840374 0.03621456 -0.002331989 0.08840374 0.03621456 -0.000291489 0.08826222 0.03593713 -0.000291489 0.007937838 -0.001596382 -0.000947389 -0.02816216 -0.008014713 -0.000947389 0.007937838 -0.001596382 -0.001676189 -0.02816216 -0.008014713 -0.001676189 0.008001723 -0.001526965 -0.001758189 0.007999073 -0.001517323 -0.001785489 0.00810906 -0.0008233469 -0.001785489 0.009494915 0.002171099 -0.000291489 0.009431029 0.002101682 -0.000291489 0.009431029 0.002101682 -0.000838089 0.009922097 0.002578916 -0.000291489 0.009431029 0.002101682 -0.001785489 0.0102461 0.002833917 -0.000291489 0.009431029 0.002101682 -0.002331989 0.009622685 0.002309932 -0.002331989 0.009424038 0.002089389 -0.001785489 0.009424038 0.002089389 -0.000838089 0.009329535 0.001980443 -0.001785489 0.009329535 0.001980443 -0.000838089 0.009039995 0.001600093 -0.001785489 0.009039995 0.001600093 -0.000838089 0.00877166 0.001142603 -0.001785489 0.00877166 0.001142603 -0.000838089 0.00872971 0.001068846 -0.001785489 0.00872971 0.001068846 -0.000838089 0.008473898 0.0004903474 -0.001785489 0.008473898 0.0004903474 -0.000838089 0.008305598 8.502164e-06 -0.001785489 0.008305598 8.502164e-06 -0.000838089 0.008281242 -9.153177e-05 -0.001785489 0.008281242 -9.153177e-05 -0.000838089 0.00810906 -0.0008233469 -0.000838089 0.007999073 -0.001517323 -0.000838089 0.008001723 -0.001526965 -0.000865289 0.008001723 -0.001526965 -0.000947389 0.008001723 -0.001526965 -0.001676189 0.01006481 0.002701115 -0.002331989 0.0102461 0.002833917 -0.002331989 0.01039676 0.002927189 -0.000291489 0.01056671 0.003025763 -0.000291489 0.01056671 0.003025763 -0.002331989 0.01090926 0.003213267 -0.002331989 0.01113273 0.003305809 -0.000291489 0.01124313 0.003356901 -0.002331989 0.01175587 0.003528962 -0.000291489 0.01148853 0.003445102 -0.002331989 0.012096 0.003612092 -0.000291489 0.012096 0.003612092 -0.002331989 -0.02940189 -0.005617578 -0.002040489 -0.02949831 -0.005644084 -0.001676189 -0.02938261 -0.005612277 -0.002077989 -0.02949831 -0.005644084 -0.000947389 -0.02938261 -0.005612277 -0.000545589 -0.02940189 -0.005617578 -0.000582989 -0.02948867 -0.005641434 -0.000852289 -0.02947903 -0.005638783 -0.000758789 -0.02944046 -0.00562818 -0.000668489 -0.02944046 -0.00562818 -0.001954989 -0.02947903 -0.005638783 -0.001864789 -0.02948867 -0.005641434 -0.001771289 -0.02801897 -0.005517435 -0.000218589 -0.02803126 -0.005510444 -0.000218589 -0.02828815 -0.00729227 -0.000218589 -0.01516243 -0.002335846 -0.000218589 -0.01518436 -0.002331505 -0.000218589 -0.02870453 -0.00566441 -0.000218589 -0.02871152 -0.005676703 -0.000218589 -0.02872816 -0.005691646 -0.000218589 -0.009651135 -0.0009556409 -0.000218589 -0.007276068 -0.003559227 -0.000218589 -0.009646793 -0.0009337057 -0.000218589 -0.009574456 -0.0007064013 -0.000218589 -0.009658126 -0.0009679339 -0.000218589 -0.00967476 -0.0009828774 -0.000218589 -0.009694045 -0.0009881787 -0.000218589 -0.01280079 -0.00175924 -0.000218589 -0.01282273 -0.001754899 -0.000218589 -0.01591983 -0.00252331 -0.000218589 -0.01593911 -0.002528611 -0.000218589 -0.01226393 -0.001373128 -0.000218589 -0.0123025 -0.001383731 -0.000218589 -0.0121022 -0.00154646 -0.000218589 -0.0123652 -0.001608385 -0.000218589 -0.01208027 -0.001550801 -0.000218589 -0.02133035 -0.003855074 -0.000218589 -0.02101915 -0.003779896 -0.000218589 -0.02103144 -0.003772904 -0.000218589 -0.01042782 -0.001148406 -0.000218589 -0.01043481 -0.001160699 -0.000218589 -0.0104541 -0.001166001 -0.000218589 -0.01047073 -0.001180944 -0.000218589 -0.0116577 -0.001465751 -0.000218589 -0.01167698 -0.001471052 -0.000218589 -0.01169192 -0.001454418 -0.000218589 -0.01864787 -0.00320064 -0.000218589 -0.01865751 -0.00320329 -0.000218589 -0.024871 -0.004745414 -0.000218589 -0.02488065 -0.004748064 -0.000218589 -0.02490258 -0.004743723 -0.000218589 -0.02492452 -0.004739382 -0.000218589 -0.02834681 -0.005607557 -0.000218589 -0.02836609 -0.005612858 -0.000218589 -0.02838538 -0.005618159 -0.000218589 -0.02860592 -0.005419511 -0.000218589 -0.02863485 -0.005427463 -0.000218589 -0.02843455 -0.005590192 -0.000218589 -0.0284196 -0.005606826 -0.000218589 -0.02840731 -0.005613818 -0.000218589 -0.01159285 -0.001437554 -0.000218589 -0.01160948 -0.001452498 -0.000218589 -0.01161913 -0.001455149 -0.000218589 -0.01163576 -0.001470092 -0.000218589 -0.01265227 -0.001469511 -0.000218589 -0.01269084 -0.001480114 -0.000218589 -0.01249055 -0.001642843 -0.000218589 -0.01275354 -0.001704767 -0.000218589 -0.01247825 -0.001649834 -0.000218589 -0.01245367 -0.001663818 -0.000218589 -0.02134699 -0.003870017 -0.000218589 -0.02136627 -0.003875319 -0.000218589 -0.02138556 -0.00388062 -0.000218589 -0.02140749 -0.003876279 -0.000218589 -0.02410396 -0.004555299 -0.000218589 -0.0241259 -0.004550958 -0.000218589 -0.02685394 -0.005228287 -0.000218589 -0.02686623 -0.005221296 -0.000218589 -0.02795846 -0.005511174 -0.000218589 -0.02797775 -0.005516475 -0.000218589 -0.02799703 -0.005521776 -0.000218589 -0.009762501 -0.0009655132 -0.000218589 -0.009933872 -0.0007948321 -0.000218589 -0.009962799 -0.000802784 -0.000218589 -0.01555077 -0.002432229 -0.000218589 -0.01587692 -0.002490772 -0.000218589 -0.01554113 -0.002429578 -0.000218589 -0.01588126 -0.002512708 -0.000218589 -0.01590054 -0.002518009 -0.000218589 -0.02058959 -0.003682553 -0.000218589 -0.02060887 -0.003687854 -0.000218589 -0.02094201 -0.003758691 -0.000218589 -0.02062116 -0.003680863 -0.000218589 -0.0206431 -0.003676522 -0.000218589 -0.0267768 -0.005207082 -0.000218589 -0.02643402 -0.005133595 -0.000218589 -0.02676981 -0.005194789 -0.000218589 -0.02644366 -0.005136246 -0.000218589 -0.02821758 -0.005323129 -0.000218589 -0.0282465 -0.00533108 -0.000218589 -0.02804621 -0.00549381 -0.000218589 -0.02831619 -0.005568027 -0.000218589 -0.02832318 -0.00558032 -0.000218589 -0.02833982 -0.005595264 -0.000218589 -0.01007275 -0.001081911 -0.000218589 -0.01009203 -0.001087212 -0.000218589 -0.01010432 -0.00108022 -0.000218589 -0.01004647 -0.001064317 -0.000218589 -0.009750208 -0.0009725049 -0.000218589 -0.01003948 -0.001052024 -0.000218589 -0.01003514 -0.001030088 -0.000218589 -0.01397546 -0.002051039 -0.000218589 -0.0139974 -0.002046698 -0.000218589 -0.0198129 -0.003489788 -0.000218589 -0.01983219 -0.003495089 -0.000218589 -0.02121511 -0.003595232 -0.000218589 -0.02124668 -0.003593541 -0.000218589 -0.02104639 -0.00375627 -0.000218589 -0.02131637 -0.003830488 -0.000218589 -0.02132336 -0.003842781 -0.000218589 -0.02214296 -0.004068084 -0.000218589 -0.02216224 -0.004073385 -0.000218589 -0.02250503 -0.004146873 -0.000218589 -0.02218418 -0.004069044 -0.000218589 -0.02219647 -0.004062053 -0.000218589 -0.02354782 -0.004163886 -0.000218589 -0.02358639 -0.004174488 -0.000218589 -0.02338609 -0.004337217 -0.000218589 -0.02364643 -0.004408784 -0.000218589 -0.02450195 -0.004654332 -0.000218589 -0.02481845 -0.004710225 -0.000218589 -0.02448266 -0.004649031 -0.000218589 -0.02483509 -0.004725169 -0.000218589 -0.02485172 -0.004740112 -0.000218589 -0.02525935 -0.004841796 -0.000218589 -0.02527863 -0.004847098 -0.000218589 -0.02529092 -0.004840106 -0.000218589 -0.02531286 -0.004835765 -0.000218589 -0.02679343 -0.005222026 -0.000218589 -0.02681272 -0.005227327 -0.000218589 -0.026832 -0.005232628 -0.000218589 -0.0275465 -0.005387555 -0.000218589 -0.02755349 -0.005399848 -0.000218589 -0.02724228 -0.00532467 -0.000218589 -0.01053919 -0.001158279 -0.000218589 -0.01071056 -0.0009875975 -0.000218589 -0.01073949 -0.0009955494 -0.000218589 -0.01509758 -0.002307649 -0.000218589 -0.01476444 -0.002236813 -0.000218589 -0.01477408 -0.002239463 -0.000218589 -0.01665794 -0.002705473 -0.000218589 -0.01631781 -0.002622344 -0.000218589 -0.0166536 -0.002683538 -0.000218589 -0.0163371 -0.002627645 -0.000218589 -0.01693369 -0.002532371 -0.000218589 -0.01696262 -0.002540323 -0.000218589 -0.01676232 -0.002703052 -0.000218589 -0.01703495 -0.002767628 -0.000218589 -0.01675003 -0.002710044 -0.000218589 -0.01732203 -0.002628754 -0.000218589 -0.01735096 -0.002636706 -0.000218589 -0.01715066 -0.002799435 -0.000218589 -0.0174233 -0.00286401 -0.000218589 -0.01713837 -0.002806427 -0.000218589 -0.01827881 -0.003109558 -0.000218589 -0.01859532 -0.003165451 -0.000218589 -0.01825953 -0.003104257 -0.000218589 -0.0186093 -0.003190037 -0.000218589 -0.01862859 -0.003195338 -0.000218589 -0.01870138 -0.003194608 -0.000218589 -0.0190003 -0.003276778 -0.000218589 -0.01867945 -0.003198949 -0.000218589 -0.01937201 -0.003358217 -0.000218589 -0.01938864 -0.00337316 -0.000218589 -0.01906779 -0.003295332 -0.000218589 -0.01904586 -0.003299673 -0.000218589 -0.02178354 -0.003979653 -0.000218589 -0.02210005 -0.004035546 -0.000218589 -0.02176426 -0.003974352 -0.000218589 -0.02210704 -0.004047839 -0.000218589 -0.02212368 -0.004062783 -0.000218589 -0.02328171 -0.004339638 -0.000218589 -0.02292929 -0.0042635 -0.000218589 -0.02326508 -0.004324694 -0.000218589 -0.02294857 -0.004268801 -0.000218589 -0.02404177 -0.00451746 -0.000218589 -0.02370597 -0.004456265 -0.000218589 -0.02372526 -0.004461567 -0.000218589 -0.02665456 -0.004934947 -0.000218589 -0.02669313 -0.00494555 -0.000218589 -0.02649283 -0.005108279 -0.000218589 -0.02676282 -0.005182496 -0.000218589 -0.02647789 -0.005124913 -0.000218589 -0.0264656 -0.005131905 -0.000218589 -0.02524006 -0.004836495 -0.000218589 -0.02522343 -0.004821551 -0.000218589 -0.01005611 -0.001066967 -0.000218589 -0.009735265 -0.0009891389 -0.000218589 -0.00971598 -0.0009838376 -0.000218589 -0.01086872 -0.001279977 -0.000218589 -0.01089065 -0.001275636 -0.000218589 -0.01082316 -0.001257082 -0.000218589 -0.01052689 -0.00116527 -0.000218589 -0.01081616 -0.001244789 -0.000218589 -0.01081182 -0.001222854 -0.000218589 -0.01314622 -0.001823085 -0.000218589 -0.01316286 -0.001838029 -0.000218589 -0.01284201 -0.0017602 -0.000218589 -0.01360905 -0.001950315 -0.000218589 -0.01392291 -0.002015851 -0.000218589 -0.01358977 -0.001945014 -0.000218589 -0.01393954 -0.002030794 -0.000218589 -0.01395883 -0.002036095 -0.000218589 -0.01342896 -0.001662276 -0.000218589 -0.01346753 -0.001672879 -0.000218589 -0.01326723 -0.001835608 -0.000218589 -0.01353022 -0.001897533 -0.000218589 -0.01325494 -0.0018426 -0.000218589 -0.01537068 -0.00214419 -0.000218589 -0.01540924 -0.002154792 -0.000218589 -0.01520895 -0.002317522 -0.000218589 -0.01548158 -0.002382097 -0.000218589 -0.01519665 -0.002324513 -0.000218589 -0.01673773 -0.002717036 -0.000218589 -0.01705593 -0.002804506 -0.000218589 -0.0167158 -0.002721377 -0.000218589 -0.01706557 -0.002807157 -0.000218589 -0.02081712 -0.003496198 -0.000218589 -0.02085834 -0.003497159 -0.000218589 -0.02065539 -0.00366953 -0.000218589 -0.02092803 -0.003734105 -0.000218589 -0.02093502 -0.003746398 -0.000218589 -0.01901693 -0.003291721 -0.000218589 -0.01903621 -0.003297022 -0.000218589 -0.02471285 -0.004453034 -0.000218589 -0.02475141 -0.004463636 -0.000218589 -0.02455112 -0.004626365 -0.000218589 -0.02481146 -0.004697932 -0.000218589 -0.02453617 -0.004642999 -0.000218589 -0.02452388 -0.004649991 -0.000218589 -0.0243245 -0.004356651 -0.000218589 -0.02436307 -0.004367253 -0.000218589 -0.02416277 -0.004529983 -0.000218589 -0.02442312 -0.00460155 -0.000218589 -0.02414783 -0.004546617 -0.000218589 -0.02757976 -0.005417442 -0.000218589 -0.02759905 -0.005422743 -0.000218589 -0.01084943 -0.001274676 -0.000218589 -0.01148724 -0.001180363 -0.000218589 -0.01151617 -0.001188315 -0.000218589 -0.01131587 -0.001351044 -0.000218589 -0.01158851 -0.001415619 -0.000218589 -0.01130358 -0.001358036 -0.000218589 -0.01129129 -0.001365027 -0.000218589 -0.01187559 -0.001276746 -0.000218589 -0.01191416 -0.001287348 -0.000218589 -0.01170422 -0.001447427 -0.000218589 -0.01197685 -0.001512002 -0.000218589 -0.01198119 -0.001533937 -0.000218589 -0.01199783 -0.001548881 -0.000218589 -0.01243438 -0.001658517 -0.000218589 -0.01275788 -0.001726703 -0.000218589 -0.01241245 -0.001662858 -0.000218589 -0.01277451 -0.001741646 -0.000218589 -0.0127938 -0.001746947 -0.000218589 -0.0138173 -0.001758659 -0.000218589 -0.01385587 -0.001769262 -0.000218589 -0.01365557 -0.001931991 -0.000218589 -0.01391857 -0.001993915 -0.000218589 -0.01364328 -0.001938983 -0.000218589 -0.01363099 -0.001945974 -0.000218589 -0.01498233 -0.002047807 -0.000218589 -0.0150209 -0.00205841 -0.000218589 -0.0148206 -0.002221139 -0.000218589 -0.0150836 -0.002283063 -0.000218589 -0.01480831 -0.002228131 -0.000218589 -0.01479602 -0.002235122 -0.000218589 -0.01576866 -0.002243223 -0.000218589 -0.01579759 -0.002251175 -0.000218589 -0.01559729 -0.002413904 -0.000218589 -0.01586993 -0.00247848 -0.000218589 -0.015585 -0.002420896 -0.000218589 -0.0155727 -0.002427888 -0.000218589 -0.01654535 -0.002435989 -0.000218589 -0.01657427 -0.002443941 -0.000218589 -0.01637398 -0.00260667 -0.000218589 -0.01664661 -0.002671245 -0.000218589 -0.01636168 -0.002613661 -0.000218589 -0.01634939 -0.002620653 -0.000218589 -0.01750213 -0.002916793 -0.000218589 -0.01781863 -0.002972686 -0.000218589 -0.01748284 -0.002911492 -0.000218589 -0.01783262 -0.002997272 -0.000218589 -0.01784226 -0.002999922 -0.000218589 -0.01790276 -0.003006184 -0.000218589 -0.01788083 -0.003010525 -0.000218589 -0.01786154 -0.003005224 -0.000218589 -0.01848706 -0.002917902 -0.000218589 -0.01852563 -0.002928505 -0.000218589 -0.01832533 -0.003091234 -0.000218589 -0.01858833 -0.003153158 -0.000218589 -0.01831304 -0.003098226 -0.000218589 -0.01829111 -0.003102567 -0.000218589 -0.01809872 -0.002821519 -0.000218589 -0.01813729 -0.002832122 -0.000218589 -0.01793699 -0.002994851 -0.000218589 -0.01819998 -0.003056776 -0.000218589 -0.01791506 -0.002999192 -0.000218589 -0.01979362 -0.003484487 -0.000218589 -0.01944384 -0.003398706 -0.000218589 -0.01977698 -0.003469543 -0.000218589 -0.01945614 -0.003391715 -0.000218589 -0.01947807 -0.003387374 -0.000218589 -0.02238014 -0.00388438 -0.000218589 -0.02241171 -0.003882689 -0.000218589 -0.02221142 -0.004045419 -0.000218589 -0.0224814 -0.004119636 -0.000218589 -0.02248839 -0.004131929 -0.000218589 -0.02199179 -0.003787997 -0.000218589 -0.02202337 -0.003786307 -0.000218589 -0.02182307 -0.003949036 -0.000218589 -0.02209306 -0.004023253 -0.000218589 -0.02180813 -0.00396567 -0.000218589 -0.02179584 -0.003972662 -0.000218589 -0.02276848 -0.003980762 -0.000218589 -0.02280006 -0.003979072 -0.000218589 -0.02259976 -0.004141801 -0.000218589 -0.02286974 -0.004216019 -0.000218589 -0.02258482 -0.004158435 -0.000218589 -0.02510119 -0.004549416 -0.000218589 -0.02513976 -0.004560019 -0.000218589 -0.02493946 -0.004722748 -0.000218589 -0.0251998 -0.004794315 -0.000218589 -0.02520679 -0.004806608 -0.000218589 -0.02599312 -0.005002024 -0.000218589 -0.02565733 -0.00494083 -0.000218589 -0.02566697 -0.00494348 -0.000218589 -0.02782923 -0.005226746 -0.000218589 -0.02785816 -0.005234698 -0.000218589 -0.02765786 -0.005397427 -0.000218589 -0.02792785 -0.005471644 -0.000218589 -0.02764292 -0.005414061 -0.000218589 -0.02793484 -0.005483937 -0.000218589 -0.02763063 -0.005421053 -0.000218589 -0.02794183 -0.00549623 -0.000218589 -0.02761833 -0.005428044 -0.000218589 -0.01032222 -0.0008912148 -0.000218589 -0.01035114 -0.0008991667 -0.000218589 -0.01015084 -0.001061896 -0.000218589 -0.01042348 -0.001126471 -0.000218589 -0.01013855 -0.001068888 -0.000218589 -0.01012626 -0.001075879 -0.000218589 -0.01123078 -0.001358766 -0.000218589 -0.01123777 -0.001371059 -0.000218589 -0.01125706 -0.00137636 -0.000218589 -0.01127899 -0.001372019 -0.000218589 -0.01206532 -0.001567435 -0.000218589 -0.01236954 -0.00163032 -0.000218589 -0.01204604 -0.001562134 -0.000218589 -0.01238617 -0.001645263 -0.000218589 -0.0120241 -0.001566475 -0.000218589 -0.01240545 -0.001650565 -0.000218589 -0.01510457 -0.002319942 -0.000218589 -0.01512386 -0.002325244 -0.000218589 -0.01514049 -0.002340187 -0.000218589 -0.01420565 -0.001855042 -0.000218589 -0.01424422 -0.001865644 -0.000218589 -0.01404392 -0.002028374 -0.000218589 -0.01430691 -0.002090298 -0.000218589 -0.01548857 -0.00239439 -0.000218589 -0.01549557 -0.002406683 -0.000218589 -0.01550256 -0.002418976 -0.000218589 -0.01552184 -0.002424277 -0.000218589 -0.01627225 -0.002599448 -0.000218589 -0.01626526 -0.002587155 -0.000218589 -0.01596105 -0.00252427 -0.000218589 -0.01625827 -0.002574862 -0.000218589 -0.016157 -0.002339606 -0.000218589 -0.01618593 -0.002347558 -0.000218589 -0.01598563 -0.002510287 -0.000218589 -0.01597334 -0.002517279 -0.000218589 -0.01704195 -0.002779921 -0.000218589 -0.01820698 -0.003069069 -0.000218589 -0.01821397 -0.003081362 -0.000218589 -0.01887541 -0.003014285 -0.000218589 -0.01891398 -0.003024887 -0.000218589 -0.01871368 -0.003187617 -0.000218589 -0.01897667 -0.003249541 -0.000218589 -0.01898366 -0.003261834 -0.000218589 -0.01940527 -0.003388104 -0.000218589 -0.01942456 -0.003393405 -0.000218589 -0.02004044 -0.003303433 -0.000218589 -0.020079 -0.003314035 -0.000218589 -0.01987871 -0.003476765 -0.000218589 -0.0201417 -0.003538689 -0.000218589 -0.02160345 -0.003691614 -0.000218589 -0.02163503 -0.003689924 -0.000218589 -0.02143473 -0.003852653 -0.000218589 -0.02170471 -0.003926871 -0.000218589 -0.02141979 -0.003869287 -0.000218589 -0.0240584 -0.004532403 -0.000218589 -0.02407503 -0.004547347 -0.000218589 -0.02408468 -0.004549998 -0.000218589 -0.02443011 -0.004613842 -0.000218589 -0.02444674 -0.004628786 -0.000218589 -0.02445373 -0.004641079 -0.000218589 -0.02447302 -0.00464638 -0.000218589 -0.02600011 -0.005014317 -0.000218589 -0.02601675 -0.00502926 -0.000218589 -0.02603603 -0.005034562 -0.000218589 -0.02605532 -0.005039863 -0.000218589 -0.02719142 -0.005321059 -0.000218589 -0.0272107 -0.00532636 -0.000218589 -0.01084244 -0.001262383 -0.000218589 -0.01051195 -0.001181904 -0.000218589 -0.01049267 -0.001176603 -0.000218589 -0.01090294 -0.001268645 -0.000218589 -0.01120451 -0.001341172 -0.000218589 -0.0112115 -0.001353465 -0.000218589 -0.01318214 -0.00184333 -0.000218589 -0.01319878 -0.001858274 -0.000218589 -0.01433054 -0.002117535 -0.000218589 -0.0143139 -0.002102591 -0.000218589 -0.01400969 -0.002039706 -0.000218589 -0.01403162 -0.002035365 -0.000218589 -0.01910202 -0.003283999 -0.000218589 -0.01926375 -0.003110668 -0.000218589 -0.01930232 -0.00312127 -0.000218589 -0.02022053 -0.003591472 -0.000218589 -0.02054668 -0.003650015 -0.000218589 -0.02021089 -0.003588821 -0.000218589 -0.02055367 -0.003662308 -0.000218589 -0.0205703 -0.003677252 -0.000218589 -0.02291 -0.004258199 -0.000218589 -0.02332727 -0.004362533 -0.000218589 -0.02366041 -0.00443337 -0.000218589 -0.02367705 -0.004448314 -0.000218589 -0.02369633 -0.004453615 -0.000218589 -0.02610449 -0.005011896 -0.000218589 -0.02626622 -0.004838564 -0.000218589 -0.02630479 -0.004849167 -0.000218589 -0.02606761 -0.005032871 -0.000218589 -0.02608955 -0.00502853 -0.000218589 -0.02639545 -0.005122992 -0.000218589 -0.02641473 -0.005128294 -0.000218589 -0.02757012 -0.005414791 -0.000218589 -0.02722035 -0.005329011 -0.000218589 -0.01287889 -0.001739225 -0.000218589 -0.01304062 -0.001565894 -0.000218589 -0.01307919 -0.001576496 -0.000218589 -0.01355385 -0.001924769 -0.000218589 -0.01353722 -0.001909826 -0.000218589 -0.01321107 -0.001851282 -0.000218589 -0.01323035 -0.001856583 -0.000218589 -0.01471888 -0.002213917 -0.000218589 -0.01472587 -0.00222621 -0.000218589 -0.01441997 -0.002131748 -0.000218589 -0.01474516 -0.002231511 -0.000218589 -0.01440768 -0.00213874 -0.000218589 -0.01628889 -0.002614392 -0.000218589 -0.01629853 -0.002617042 -0.000218589 -0.01708486 -0.002812458 -0.000218589 -0.01669651 -0.002716076 -0.000218589 -0.01667723 -0.002710774 -0.000218589 -0.0182306 -0.003096305 -0.000218589 -0.01824989 -0.003101606 -0.000218589 -0.01908973 -0.003290991 -0.000218589 -0.01936501 -0.003345924 -0.000218589 -0.01965209 -0.00320705 -0.000218589 -0.01969066 -0.003217653 -0.000218589 -0.01949036 -0.003380382 -0.000218589 -0.01975336 -0.003442307 -0.000218589 -0.01976999 -0.00345725 -0.000218589 -0.02171171 -0.003939164 -0.000218589 -0.0217187 -0.003951457 -0.000218589 -0.02173533 -0.0039664 -0.000218589 -0.02174497 -0.003969051 -0.000218589 -0.02315947 -0.004067503 -0.000218589 -0.0231884 -0.004075455 -0.000218589 -0.0229881 -0.004238184 -0.000218589 -0.02325809 -0.004312401 -0.000218589 -0.0229828 -0.004257469 -0.000218589 -0.02296087 -0.00426181 -0.000218589 -0.02257252 -0.004165427 -0.000218589 -0.02287674 -0.004228312 -0.000218589 -0.02255059 -0.004169768 -0.000218589 -0.02288373 -0.004240605 -0.000218589 -0.02290036 -0.004255548 -0.000218589 -0.02251202 -0.004159165 -0.000218589 -0.0225313 -0.004164467 -0.000218589 -0.02393616 -0.004260268 -0.000218589 -0.02397473 -0.004270871 -0.000218589 -0.02377443 -0.0044336 -0.000218589 -0.02403477 -0.004505167 -0.000218589 -0.02375949 -0.004450234 -0.000218589 -0.02373755 -0.004454575 -0.000218589 -0.02365342 -0.004421077 -0.000218589 -0.02334921 -0.004358192 -0.000218589 -0.0233615 -0.004351201 -0.000218589 -0.0232887 -0.004351931 -0.000218589 -0.02330799 -0.004357232 -0.000218589 -0.0253278 -0.004819131 -0.000218589 -0.02548953 -0.004645799 -0.000218589 -0.0255281 -0.004656402 -0.000218589 -0.02561876 -0.004930227 -0.000218589 -0.02563805 -0.004935528 -0.000218589 -0.02636483 -0.005083463 -0.000218589 -0.02638147 -0.005098407 -0.000218589 -0.02638846 -0.0051107 -0.000218589 -0.02726952 -0.005301044 -0.000218589 -0.02744089 -0.005130363 -0.000218589 -0.02746982 -0.005138315 -0.000218589 -0.02688118 -0.005204662 -0.000218589 -0.02705255 -0.005033981 -0.000218589 -0.02708147 -0.005041932 -0.000218589 -0.01092753 -0.001254661 -0.000218589 -0.0110989 -0.00108398 -0.000218589 -0.01112783 -0.001091932 -0.000218589 -0.01200747 -0.001551531 -0.000218589 -0.0128666 -0.001746217 -0.000218589 -0.01314188 -0.00180115 -0.000218589 -0.01356084 -0.001937062 -0.000218589 -0.01357748 -0.001952006 -0.000218589 -0.01433753 -0.002129828 -0.000218589 -0.01435416 -0.002144771 -0.000218589 -0.0143761 -0.00214043 -0.000218589 -0.01438574 -0.002143081 -0.000218589 -0.01743728 -0.002888596 -0.000218589 -0.01743029 -0.002876303 -0.000218589 -0.01710414 -0.00281776 -0.000218589 -0.01712608 -0.002813418 -0.000218589 -0.01745392 -0.00290354 -0.000218589 -0.01746356 -0.00290619 -0.000218589 -0.02587788 -0.004742182 -0.000218589 -0.02591644 -0.004752784 -0.000218589 -0.02571615 -0.004915513 -0.000218589 -0.02597649 -0.00498708 -0.000218589 -0.0257012 -0.004932147 -0.000218589 -0.02568891 -0.004939139 -0.000218589 -0.02558815 -0.004890698 -0.000218589 -0.02559514 -0.004902991 -0.000218589 -0.02561177 -0.004917934 -0.000218589 -0.02725458 -0.005317678 -0.000218589 -0.0275395 -0.005375262 -0.000218589 -0.02715116 -0.005278879 -0.000218589 -0.02715815 -0.005291172 -0.000218589 -0.02716514 -0.005303465 -0.000218589 -0.02718178 -0.005318409 -0.000218589 -0.01091524 -0.001261653 -0.000218589 -0.01120017 -0.001319236 -0.000218589 -0.01459399 -0.001951425 -0.000218589 -0.01463256 -0.001962027 -0.000218589 -0.01443226 -0.002124756 -0.000218589 -0.01469525 -0.002186681 -0.000218589 -0.01470225 -0.002198974 -0.000218589 -0.01771038 -0.002725137 -0.000218589 -0.01774895 -0.002735739 -0.000218589 -0.01754865 -0.002898468 -0.000218589 -0.01781164 -0.002960393 -0.000218589 -0.01753636 -0.00290546 -0.000218589 -0.01751442 -0.002909801 -0.000218589 -0.02042878 -0.003399816 -0.000218589 -0.02046735 -0.003410418 -0.000218589 -0.02026705 -0.003573147 -0.000218589 -0.02053004 -0.003635072 -0.000218589 -0.02025476 -0.003580139 -0.000218589 -0.02024246 -0.003587131 -0.000218589 -0.02095865 -0.003773635 -0.000218589 -0.02097793 -0.003778936 -0.000218589 -0.02099722 -0.003784237 -0.000218589 -0.02016533 -0.003565926 -0.000218589 -0.02014869 -0.003550982 -0.000218589 -0.01984448 -0.003488097 -0.000218589 -0.01986641 -0.003483756 -0.000218589 -0.02017232 -0.003578219 -0.000218589 -0.0201916 -0.00358352 -0.000218589 0.01210564 0.003614742 -0.000291489 0.01210564 0.003614742 -0.002331989 0.01825725 0.005834708 -0.000291489 0.01394348 0.004285891 -0.002331989 0.02875781 0.009550938 -0.000291489 0.06165758 0.02066912 -0.002331989 0.06165758 0.02066912 -0.000291489 0.05543633 0.01862706 -0.002331989 0.05979154 0.02006281 -0.000291489 0.05056838 0.01701923 -0.002331989 0.04921073 0.01656306 -0.000291489 0.04486347 0.01509837 -0.002331989 0.04735 0.01593747 -0.000291489 0.03680269 0.01235358 -0.002331989 0.03680269 0.01235358 -0.000291489 0.03129158 0.01044451 -0.002331989 0.03129158 0.01044451 -0.000291489 0.02628887 0.008685563 -0.002331989 0.02443609 0.008031048 -0.002331989 0.06090173 0.02406006 -0.002331989 0.06090173 0.02406006 -0.000291489 0.06105674 0.02417527 -0.000291489 0.06112186 0.0345019 -0.000291489 0.06112186 0.0345019 -0.002331989 0.0615475 0.03393443 -0.000291489 0.0615475 0.03393443 -0.002331989 0.06198617 0.03343275 -0.000291489 0.06198617 0.03343275 -0.002331989 0.06220237 0.03321217 -0.000291489 0.06220237 0.03321217 -0.002331989 0.0628799 0.03255837 -0.000291489 0.0628799 0.03255837 -0.002331989 0.06355213 0.03192386 -0.000291489 0.06355213 0.03192386 -0.002331989 0.06356708 0.03190723 -0.000291489 0.06356708 0.03190723 -0.002331989 0.06415326 0.03132166 -0.000291489 0.06415326 0.03132166 -0.002331989 0.06454179 0.03088917 -0.000291489 0.06454179 0.03088917 -0.002331989 0.06467194 0.03071753 -0.000291489 0.06467194 0.03071753 -0.002331989 0.06499732 0.03028843 -0.000291489 0.06499732 0.03028843 -0.002331989 0.06525689 0.02987235 -0.000291489 0.06525689 0.02987235 -0.002331989 0.06533787 0.02972867 -0.000291489 0.06533787 0.02972867 -0.002331989 0.06562057 0.02915302 -0.000291489 0.06562057 0.02915302 -0.002331989 0.06573431 0.02885241 -0.000291489 0.06573431 0.02885241 -0.002331989 0.06582612 0.02855615 -0.000291489 0.06582612 0.02855615 -0.002331989 0.06591913 0.02810465 -0.000291489 0.06591913 0.02810465 -0.002331989 0.0659396 0.02795472 -0.000291489 0.0659396 0.02795472 -0.002331989 0.06595596 0.02766883 -0.000291489 0.06595596 0.02766883 -0.002331989 0.06594509 0.02740657 -0.000291489 0.06594509 0.02740657 -0.002331989 0.06593641 0.0273627 -0.000291489 0.06593641 0.0273627 -0.002331989 0.06584598 0.02697485 -0.000291489 0.06584598 0.02697485 -0.002331989 0.06583464 0.02694063 -0.000291489 0.06583464 0.02694063 -0.002331989 0.0657124 0.02666849 -0.000291489 0.0657124 0.02666849 -0.002331989 0.06557691 0.02644457 -0.000291489 0.06557691 0.02644457 -0.002331989 0.06547108 0.02630139 -0.000291489 0.06547108 0.02630139 -0.002331989 0.06528472 0.02607386 -0.000291489 0.06528472 0.02607386 -0.002331989 0.06520854 0.02601143 -0.000291489 0.06520854 0.02601143 -0.002331989 0.06492311 0.02576704 -0.000291489 0.06492311 0.02576704 -0.002331989 0.06469627 0.02561134 -0.000291489 0.06469627 0.02561134 -0.002331989 0.06458851 0.0255506 -0.000291489 0.06458851 0.0255506 -0.002331989 0.06401985 0.0252802 -0.000291489 0.06401985 0.0252802 -0.002331989 0.06375516 0.0251867 -0.000291489 0.06375516 0.0251867 -0.002331989 0.06334585 0.02505344 -0.000291489 0.06334585 0.02505344 -0.002331989 0.06272175 0.0248715 -0.000291489 0.06272175 0.0248715 -0.002331989 0.06215116 0.02468354 -0.000291489 0.06215116 0.02468354 -0.002331989 0.06186719 0.02458474 -0.000291489 0.06186719 0.02458474 -0.002331989 0.06161745 0.0244746 -0.000291489 0.06161745 0.0244746 -0.002331989 0.06112857 0.02421576 -0.000291489 0.06112857 0.02421576 -0.002331989 0.06105674 0.02417527 -0.002331989 -0.00680595 0.002087355 -0.001785489 -0.00680595 0.002087355 -0.000838089 -0.003980753 0.002863988 -0.001785489 -0.003980753 0.002863988 -0.000838089 -0.00684886 0.002054817 -0.000838089 -0.00684886 0.002054817 -0.001785489 -0.008322646 -0.0003933976 -0.000838089 -0.008322646 -0.0003933976 -0.001785489 -0.02899204 -0.007485766 -0.001676189 -0.02899204 -0.007485766 -0.000947389 -0.02949831 -0.005644084 -0.001676189 -0.02949831 -0.005644084 -0.000947389 0.01052887 0.003087958 -0.002404889 0.01001998 0.002751017 -0.002404889 0.006573468 0.005630471 -0.002404889 0.009568212 0.002357183 -0.002404889 0.009376556 0.002148934 -0.002404889 0.07128865 0.02671833 -0.002404889 0.07093042 0.02647466 -0.002404889 0.06601186 0.02735232 -0.002404889 0.07045937 0.02607552 -0.002404889 0.06593011 0.02700835 -0.002404889 0.06396616 0.02102372 -0.002404889 0.06341874 0.02109103 -0.002404889 0.06092993 0.02399522 -0.002404889 0.06277417 0.02105903 -0.002404889 0.06229808 0.02098001 -0.002404889 0.0122675 0.007289072 -0.002404889 0.01145069 0.003507297 -0.002404889 0.01087143 0.003275462 -0.002404889 0.0656174 0.02637273 -0.002404889 0.06920064 0.02397681 -0.002404889 0.06532955 0.02602396 -0.002404889 0.06912538 0.02345832 -0.002404889 0.06503014 0.02575497 -0.002404889 0.06913087 0.02291017 -0.002404889 0.06409777 0.02099767 -0.002404889 0.08657607 0.03354462 -0.002404889 0.08591624 0.03281357 -0.002404889 0.08451109 0.0346052 -0.002404889 0.08521592 0.03215437 -0.002404889 0.08327506 0.0329898 -0.002404889 0.08239174 0.05174657 -0.002404889 0.08192241 0.04919075 -0.002404889 0.08020382 0.05027396 -0.002404889 0.0725188 0.0273365 -0.002404889 0.07187998 0.02705719 -0.002404889 0.07210926 0.02992037 -0.002404889 0.07022118 0.03067698 -0.002404889 0.06189539 0.02451989 -0.002404889 0.06270438 0.02478376 -0.002404889 0.0633644 0.02498594 -0.002404889 0.06397356 0.02518451 -0.002404889 0.0645186 0.02542767 -0.002404889 0.06462635 0.02548841 -0.002404889 0.07004014 0.02563878 -0.002404889 0.06968068 0.0251355 -0.002404889 0.06577387 0.02663353 -0.002404889 0.06942994 0.02465173 -0.002404889 0.06924501 0.02415495 -0.002404889 0.07734621 0.02860131 -0.002404889 0.0761314 0.02951188 -0.002404889 0.07919923 0.02914181 -0.002404889 0.07812951 0.0298641 -0.002404889 0.08085048 0.02969944 -0.002404889 0.0800269 0.03058273 -0.002404889 0.08181448 0.03007852 -0.002404889 0.08175871 0.03163958 -0.002404889 0.08461349 0.03166726 -0.002404889 0.08377795 0.03108496 -0.002404889 0.0828537 0.03056125 -0.002404889 0.08972588 0.04340211 -0.002404889 0.08977351 0.04239884 -0.002404889 0.08603987 0.04239921 -0.002404889 0.08973436 0.04137173 -0.002404889 0.08621323 0.04037267 -0.002404889 0.07840917 0.0525393 -0.002404889 0.07929165 0.05246039 -0.002404889 0.07831574 0.05103056 -0.002404889 0.08035323 0.05229588 -0.002404889 0.08138249 0.05206028 -0.002404889 0.07429359 0.05143906 -0.002404889 0.07493007 0.0524437 -0.002404889 0.07632228 0.05141596 -0.002404889 0.07610689 0.05253904 -0.002404889 0.07726804 0.05257822 -0.002404889 0.0703981 0.0503682 -0.002404889 0.07112597 0.05171947 -0.002404889 0.07229814 0.05107719 -0.002404889 0.07250843 0.05204764 -0.002404889 0.07373323 0.05227026 -0.002404889 0.06413417 0.04817959 -0.002404889 0.06501335 0.04886722 -0.002404889 0.06591391 0.04634573 -0.002404889 0.06185019 0.02083615 -0.002404889 0.06162938 0.02073396 -0.002404889 0.04998797 0.0199606 -0.002404889 0.05540548 0.01870154 -0.002404889 0.04166369 0.01696707 -0.002404889 0.04484491 0.01516587 -0.002404889 0.03387386 0.01425528 -0.002404889 0.03678413 0.01242108 -0.002404889 0.03062221 0.01314363 -0.002404889 0.02625803 0.008760051 -0.002404889 0.02397765 0.01094372 -0.002404889 0.02440524 0.008105536 -0.002404889 0.0176178 0.008915406 -0.002404889 0.01391529 0.004350737 -0.002404889 0.01207744 0.003679588 -0.002404889 0.08911021 0.03817183 -0.002404889 0.08601031 0.03835678 -0.002404889 0.08938969 0.03919242 -0.002404889 0.08960843 0.04032076 -0.002404889 0.08904325 0.04614943 -0.002404889 0.08933774 0.04537997 -0.002404889 0.08550179 0.0443566 -0.002404889 0.0895534 0.04455772 -0.002404889 0.08969723 0.04369499 -0.002404889 0.08754414 0.04843378 -0.002404889 0.08805848 0.04780772 -0.002404889 0.0846149 0.04618699 -0.002404889 0.08851762 0.04715612 -0.002404889 0.08889263 0.04647101 -0.002404889 0.06714994 0.04796114 -0.002404889 0.061353 0.02426708 -0.002404889 0.06866628 0.04931136 -0.002404889 0.06863944 0.05088037 -0.002404889 0.06985414 0.05132836 -0.002404889 0.06595665 0.04951025 -0.002404889 0.06638502 0.04976283 -0.002404889 0.06748716 0.05035619 -0.002404889 0.06292715 0.03261285 -0.002404889 0.06265913 0.03287104 -0.002404889 0.0658101 0.03476395 -0.002404889 0.07628026 0.02832903 -0.002404889 0.07513186 0.02805482 -0.002404889 0.07410272 0.02953498 -0.002404889 0.07410882 0.02781508 -0.002404889 0.0731928 0.02756327 -0.002404889 0.08718142 0.03432291 -0.002404889 0.08543449 0.03641469 -0.002404889 0.08773231 0.03514846 -0.002404889 0.08875697 0.0371932 -0.002404889 0.08833528 0.03623723 -0.002404889 0.08783983 0.03532321 -0.002404889 0.08336869 0.05136176 -0.002404889 0.08377074 0.05118189 -0.002404889 0.08341004 0.04781589 -0.002404889 0.08462065 0.05073105 -0.002404889 0.08543029 0.05023802 -0.002404889 0.08618039 0.04969751 -0.002404889 0.08687095 0.04910952 -0.002404889 0.06007547 0.03713886 -0.002404889 0.05990707 0.03801558 -0.002404889 0.06438513 0.03855173 -0.002404889 0.05982809 0.03890652 -0.002404889 0.06421177 0.04057826 -0.002404889 0.05981661 0.03981601 -0.002404889 0.05985064 0.04033354 -0.002404889 0.06492321 0.03659434 -0.002404889 0.06043477 0.03598275 -0.002404889 0.0601762 0.03677246 -0.002404889 0.06198859 0.03353713 -0.002404889 0.06162729 0.03394599 -0.002404889 0.06589362 0.02857471 -0.002404889 0.06568011 0.0292005 -0.002404889 0.06850259 0.03176019 -0.002404889 0.06499051 0.04453625 -0.002404889 0.06258309 0.04665388 -0.002404889 0.06332175 0.04743771 -0.002404889 0.06064836 0.04358115 -0.002404889 0.06105534 0.04443973 -0.002404889 0.06441469 0.04259416 -0.002404889 0.06153342 0.04526601 -0.002404889 0.0621019 0.04606528 -0.002404889 0.05996981 0.0412582 -0.002404889 0.06016708 0.04216285 -0.002404889 0.06043546 0.04303519 -0.002404889 0.06117176 0.03454673 -0.002404889 0.06077217 0.03524582 -0.002404889 0.06602757 0.02782334 -0.002404889 0.06595024 0.028331 -0.002404889 0.06537452 0.02982172 -0.002404889 0.06505951 0.03032627 -0.002404889 0.06701495 0.03313505 -0.002404889 0.0645741 0.03096028 -0.002404889 0.06395177 0.03163962 -0.002404889 0.07148901 0.01478458 -0.001330989 0.07148901 0.01478458 -0.000291489 0.06872573 0.01374495 -0.001330989 0.06872573 0.01374495 -0.000291489 -0.008293719 -0.0003854457 -0.000781089 -0.008303361 -0.0003880963 -0.000792589 -0.009574456 -0.0007064013 -0.000765189 -0.009574456 -0.0007064013 -0.001858289 -0.008303361 -0.0003880963 -0.001830889 -0.008293719 -0.0003854457 -0.001842389 -0.008226223 -0.0003668913 -0.000765189 -0.008245507 -0.0003721926 -0.000766989 -0.008274434 -0.0003801445 -0.000772389 -0.008274434 -0.0003801445 -0.001851089 -0.008245507 -0.0003721926 -0.001856489 -0.008226223 -0.0003668913 -0.001858289 -0.008313003 -0.000390747 -0.000806489 -0.008322646 -0.0003933976 -0.000813989 -0.008322646 -0.0003933976 -0.000821889 -0.008322646 -0.0003933976 -0.001793589 -0.008322646 -0.0003933976 -0.001801689 -0.008322646 -0.0003933976 -0.001809489 -0.008313003 -0.000390747 -0.001817089 -0.008322646 -0.0003933976 -0.000829889 -0.008322646 -0.0003933976 -0.000838089 -0.008322646 -0.0003933976 -0.001785489 -0.009933872 -0.0007948321 -0.002404889 -0.009962799 -0.000802784 -0.002404889 -0.009933872 -0.0007948321 -0.000218589 -0.009962799 -0.000802784 -0.000218589 -0.01032222 -0.0008912148 -0.002404889 -0.01035114 -0.0008991667 -0.002404889 -0.01032222 -0.0008912148 -0.000218589 -0.01035114 -0.0008991667 -0.000218589 -0.01071056 -0.0009875975 -0.002404889 -0.01073949 -0.0009955494 -0.002404889 -0.01071056 -0.0009875975 -0.000218589 -0.01073949 -0.0009955494 -0.000218589 -0.0110989 -0.00108398 -0.002404889 -0.01112783 -0.001091932 -0.002404889 -0.0110989 -0.00108398 -0.000218589 -0.01112783 -0.001091932 -0.000218589 -0.01148724 -0.001180363 -0.002404889 -0.01151617 -0.001188315 -0.002404889 -0.01148724 -0.001180363 -0.000218589 -0.01151617 -0.001188315 -0.000218589 -0.01187559 -0.001276746 -0.002404889 -0.01191416 -0.001287348 -0.002404889 -0.01187559 -0.001276746 -0.000218589 -0.01191416 -0.001287348 -0.000218589 -0.01226393 -0.001373128 -0.002404889 -0.0123025 -0.001383731 -0.002404889 -0.01226393 -0.001373128 -0.000218589 -0.0123025 -0.001383731 -0.000218589 -0.01265227 -0.001469511 -0.002404889 -0.01269084 -0.001480114 -0.002404889 -0.01265227 -0.001469511 -0.000218589 -0.01269084 -0.001480114 -0.000218589 -0.01304062 -0.001565894 -0.002404889 -0.01307919 -0.001576496 -0.002404889 -0.01304062 -0.001565894 -0.000218589 -0.01307919 -0.001576496 -0.000218589 -0.01342896 -0.001662276 -0.002404889 -0.01346753 -0.001672879 -0.002404889 -0.01342896 -0.001662276 -0.000218589 -0.01346753 -0.001672879 -0.000218589 -0.0138173 -0.001758659 -0.002404889 -0.01385587 -0.001769262 -0.002404889 -0.0138173 -0.001758659 -0.000218589 -0.01385587 -0.001769262 -0.000218589 -0.01420565 -0.001855042 -0.002404889 -0.01424422 -0.001865644 -0.002404889 -0.01420565 -0.001855042 -0.000218589 -0.01424422 -0.001865644 -0.000218589 -0.01459399 -0.001951425 -0.002404889 -0.01463256 -0.001962027 -0.002404889 -0.01459399 -0.001951425 -0.000218589 -0.01463256 -0.001962027 -0.000218589 -0.01498233 -0.002047807 -0.002404889 -0.0150209 -0.00205841 -0.002404889 -0.01498233 -0.002047807 -0.000218589 -0.0150209 -0.00205841 -0.000218589 -0.01537068 -0.00214419 -0.002404889 -0.01540924 -0.002154792 -0.002404889 -0.01537068 -0.00214419 -0.000218589 -0.01540924 -0.002154792 -0.000218589 -0.01576866 -0.002243223 -0.002404889 -0.01579759 -0.002251175 -0.002404889 -0.01576866 -0.002243223 -0.000218589 -0.01579759 -0.002251175 -0.000218589 -0.016157 -0.002339606 -0.002404889 -0.01618593 -0.002347558 -0.002404889 -0.016157 -0.002339606 -0.000218589 -0.01618593 -0.002347558 -0.000218589 -0.01654535 -0.002435989 -0.002404889 -0.01657427 -0.002443941 -0.002404889 -0.01654535 -0.002435989 -0.000218589 -0.01657427 -0.002443941 -0.000218589 -0.01693369 -0.002532371 -0.002404889 -0.01696262 -0.002540323 -0.002404889 -0.01693369 -0.002532371 -0.000218589 -0.01696262 -0.002540323 -0.000218589 -0.01732203 -0.002628754 -0.002404889 -0.01735096 -0.002636706 -0.002404889 -0.01732203 -0.002628754 -0.000218589 -0.01735096 -0.002636706 -0.000218589 -0.01771038 -0.002725137 -0.002404889 -0.01774895 -0.002735739 -0.002404889 -0.01771038 -0.002725137 -0.000218589 -0.01774895 -0.002735739 -0.000218589 -0.01809872 -0.002821519 -0.002404889 -0.01813729 -0.002832122 -0.002404889 -0.01809872 -0.002821519 -0.000218589 -0.01813729 -0.002832122 -0.000218589 -0.01848706 -0.002917902 -0.002404889 -0.01852563 -0.002928505 -0.002404889 -0.01848706 -0.002917902 -0.000218589 -0.01852563 -0.002928505 -0.000218589 -0.01887541 -0.003014285 -0.002404889 -0.01891398 -0.003024887 -0.002404889 -0.01887541 -0.003014285 -0.000218589 -0.01891398 -0.003024887 -0.000218589 -0.01926375 -0.003110668 -0.002404889 -0.01930232 -0.00312127 -0.002404889 -0.01926375 -0.003110668 -0.000218589 -0.01930232 -0.00312127 -0.000218589 -0.01965209 -0.00320705 -0.002404889 -0.01969066 -0.003217653 -0.002404889 -0.01965209 -0.00320705 -0.000218589 -0.01969066 -0.003217653 -0.000218589 -0.02004044 -0.003303433 -0.002404889 -0.020079 -0.003314035 -0.002404889 -0.02004044 -0.003303433 -0.000218589 -0.020079 -0.003314035 -0.000218589 -0.02042878 -0.003399816 -0.002404889 -0.02046735 -0.003410418 -0.002404889 -0.02042878 -0.003399816 -0.000218589 -0.02046735 -0.003410418 -0.000218589 -0.02081712 -0.003496198 -0.002404889 -0.02085834 -0.003497159 -0.002404889 -0.02081712 -0.003496198 -0.000218589 -0.02085834 -0.003497159 -0.000218589 -0.02121511 -0.003595232 -0.002404889 -0.02124668 -0.003593541 -0.002404889 -0.02121511 -0.003595232 -0.000218589 -0.02124668 -0.003593541 -0.000218589 -0.02160345 -0.003691614 -0.002404889 -0.02163503 -0.003689924 -0.002404889 -0.02160345 -0.003691614 -0.000218589 -0.02163503 -0.003689924 -0.000218589 -0.02199179 -0.003787997 -0.002404889 -0.02202337 -0.003786307 -0.002404889 -0.02199179 -0.003787997 -0.000218589 -0.02202337 -0.003786307 -0.000218589 -0.02238014 -0.00388438 -0.002404889 -0.02241171 -0.003882689 -0.002404889 -0.02238014 -0.00388438 -0.000218589 -0.02241171 -0.003882689 -0.000218589 -0.02276848 -0.003980762 -0.002404889 -0.02280006 -0.003979072 -0.002404889 -0.02276848 -0.003980762 -0.000218589 -0.02280006 -0.003979072 -0.000218589 -0.02315947 -0.004067503 -0.002404889 -0.0231884 -0.004075455 -0.002404889 -0.02315947 -0.004067503 -0.000218589 -0.0231884 -0.004075455 -0.000218589 -0.02354782 -0.004163886 -0.002404889 -0.02358639 -0.004174488 -0.002404889 -0.02354782 -0.004163886 -0.000218589 -0.02358639 -0.004174488 -0.000218589 -0.02393616 -0.004260268 -0.002404889 -0.02397473 -0.004270871 -0.002404889 -0.02393616 -0.004260268 -0.000218589 -0.02397473 -0.004270871 -0.000218589 -0.0243245 -0.004356651 -0.002404889 -0.02436307 -0.004367253 -0.002404889 -0.0243245 -0.004356651 -0.000218589 -0.02436307 -0.004367253 -0.000218589 -0.02471285 -0.004453034 -0.002404889 -0.02475141 -0.004463636 -0.002404889 -0.02471285 -0.004453034 -0.000218589 -0.02475141 -0.004463636 -0.000218589 -0.02510119 -0.004549416 -0.002404889 -0.02513976 -0.004560019 -0.002404889 -0.02510119 -0.004549416 -0.000218589 -0.02513976 -0.004560019 -0.000218589 -0.02548953 -0.004645799 -0.002404889 -0.0255281 -0.004656402 -0.002404889 -0.02548953 -0.004645799 -0.000218589 -0.0255281 -0.004656402 -0.000218589 -0.02587788 -0.004742182 -0.002404889 -0.02591644 -0.004752784 -0.002404889 -0.02587788 -0.004742182 -0.000218589 -0.02591644 -0.004752784 -0.000218589 -0.02626622 -0.004838564 -0.002404889 -0.02630479 -0.004849167 -0.002404889 -0.02626622 -0.004838564 -0.000218589 -0.02630479 -0.004849167 -0.000218589 -0.02665456 -0.004934947 -0.002404889 -0.02669313 -0.00494555 -0.002404889 -0.02665456 -0.004934947 -0.000218589 -0.02669313 -0.00494555 -0.000218589 -0.02705255 -0.005033981 -0.002404889 -0.02708147 -0.005041932 -0.002404889 -0.02705255 -0.005033981 -0.000218589 -0.02708147 -0.005041932 -0.000218589 -0.02744089 -0.005130363 -0.002404889 -0.02746982 -0.005138315 -0.002404889 -0.02744089 -0.005130363 -0.000218589 -0.02746982 -0.005138315 -0.000218589 -0.02782923 -0.005226746 -0.002404889 -0.02785816 -0.005234698 -0.002404889 -0.02782923 -0.005226746 -0.000218589 -0.02785816 -0.005234698 -0.000218589 -0.02821758 -0.005323129 -0.002404889 -0.0282465 -0.00533108 -0.002404889 -0.02821758 -0.005323129 -0.000218589 -0.0282465 -0.00533108 -0.000218589 -0.02860592 -0.005419511 -0.002404889 -0.02863485 -0.005427463 -0.002404889 -0.02860592 -0.005419511 -0.000218589 -0.02863485 -0.005427463 -0.000218589 -0.02903283 -0.005526497 -0.002362989 -0.02903283 -0.005526497 -0.000260589 -0.02899426 -0.005515894 -0.002374789 -0.02899426 -0.005515894 -0.000248689 0.06737044 0.01516656 -0.001901389 0.06737044 0.01516656 -0.002169089 0.067797 0.01414302 -0.001613789 0.06644502 0.0174012 -0.001475689 0.06648117 0.01730743 -0.001562989 0.067797 0.01414302 -0.000291489 0.06728055 0.01538039 -0.001475689 0.06732634 0.01528926 -0.001562989 0.06735454 0.01522442 -0.001673389 0.06736779 0.01517621 -0.001799189 0.06582542 0.0189006 -0.000291489 0.06582542 0.0189006 -0.001998689 0.06625199 0.01787705 -0.001445089 0.06708751 0.01585624 -0.001445089 0.06714126 0.01573619 -0.001401589 0.06718536 0.01561349 -0.001392089 0.0672391 0.01549344 -0.001417389 0.06629609 0.01775436 -0.001401589 0.06634983 0.01763431 -0.001392089 0.06640357 0.01751426 -0.001417389 0.06650937 0.01724258 -0.001673389 0.06653226 0.01719702 -0.001799189 0.06653491 0.01718738 -0.001901389 0.06653491 0.01718738 -0.002169089 0.07150246 0.01681061 -0.001652889 0.07191335 0.0157309 -0.000291489 0.07151571 0.0167624 -0.001772989 0.07191335 0.0157309 -0.001622489 0.07152801 0.01675541 -0.001901389 0.07152801 0.01675541 -0.002169089 0.07147161 0.0168851 -0.001548789 0.07143547 0.01697887 -0.001467389 0.07139402 0.01709193 -0.001413889 0.07074503 0.01881141 -0.001772989 0.07072214 0.01885697 -0.001652889 0.07070358 0.01892447 -0.001548789 0.07066743 0.01901824 -0.001467389 0.07062598 0.0191313 -0.001413889 0.06992326 0.02097083 -0.001548789 0.0699541 0.02089634 -0.001652889 0.06996471 0.02085777 -0.001772989 0.06988711 0.0210646 -0.001467389 0.06984566 0.02117766 -0.001413889 0.06920993 0.02284893 -0.000291489 0.06980421 0.02129072 -0.001391689 0.06975047 0.02141077 -0.001402389 0.06970902 0.02152382 -0.001445089 0.06920993 0.02284893 -0.002150389 0.07135257 0.01720499 -0.001391689 0.07130847 0.01732769 -0.001402389 0.07126702 0.01744075 -0.001445089 0.07075033 0.01879213 -0.001901389 0.07075033 0.01879213 -0.002169089 0.07057224 0.01925135 -0.001391689 0.07052814 0.01937405 -0.001402389 0.07048669 0.01948711 -0.001445089 0.06997001 0.02083849 -0.001901389 0.06997001 0.02083849 -0.002169089 0.06585224 0.03430884 -0.000272689 0.06511013 0.03523527 -0.000272689 0.06437048 0.03668093 -0.000272689 0.06408902 0.0375162 -0.000272689 0.0637623 0.03904426 -0.000272689 0.06369835 0.04074826 -0.000272689 0.06383634 0.04190625 -0.000272689 0.06426387 0.0434446 -0.000272689 0.06496354 0.04486071 -0.000272689 0.06543583 0.04551946 -0.000277289 0.06544547 0.04552211 -0.000272689 0.06539557 0.04547728 -0.000272689 0.06556867 0.04575302 -0.000226289 0.06535604 0.04550789 -0.000221089 0.06552672 0.04567926 -0.000233889 0.06537098 0.04549126 -0.000228389 0.06547778 0.04559321 -0.000243289 0.06544981 0.04554404 -0.000259889 0.0654568 0.04555634 -0.000255389 0.06539557 0.04547728 -0.000255089 0.06538327 0.04548427 -0.000239989 0.06544282 0.04553175 -0.000269789 0.06543848 0.04550981 -0.000288689 0.06543848 0.04550981 -0.000287389 0.06543583 0.04551946 -0.000283489 0.06543583 0.04551946 -0.000282489 0.06662811 0.03359911 -0.000272889 0.06662811 0.03359911 -0.000280089 0.06638298 0.03381174 -0.000272689 0.06662811 0.03359911 -0.000281489 0.06662546 0.03360875 -0.000287789 0.06662546 0.03360875 -0.000286189 0.066658 0.03356584 -0.000255089 0.06664571 0.03357283 -0.000256789 0.06637599 0.03379945 -0.000255089 0.06662811 0.03359911 -0.000271489 0.06662811 0.03359911 -0.000272689 0.066658 0.03356584 -0.000254289 0.06636635 0.0337968 -0.000239989 0.06669319 0.03351329 -0.000242689 0.06635936 0.0337845 -0.000228389 0.06673802 0.03346339 -0.000230389 0.06634272 0.03376956 -0.000221089 0.0667679 0.03343012 -0.000223989 0.06679779 0.03339685 -0.000222289 0.0649539 0.04485806 -0.000255089 0.06494161 0.04486505 -0.000239989 0.06492932 0.04487204 -0.000228389 0.06491702 0.04487903 -0.000221089 0.064579 0.0441846 -0.000272689 0.064579 0.0441846 -0.000255089 0.06456671 0.04419159 -0.000239989 0.06455441 0.04419858 -0.000228389 0.06453248 0.04420292 -0.000221089 0.06425158 0.04345159 -0.000255089 0.06424194 0.04344894 -0.000239989 0.06422965 0.04345593 -0.000228389 0.06420771 0.04346027 -0.000221089 0.06396104 0.04269761 -0.000221089 0.06398298 0.04269327 -0.000228389 0.06399262 0.04269592 -0.000239989 0.06400491 0.04268893 -0.000255089 0.06401455 0.04269158 -0.000272689 0.0638267 0.0419036 -0.000255089 0.06381706 0.04190095 -0.000239989 0.06380476 0.04190794 -0.000228389 0.06378283 0.04191228 -0.000221089 0.06367572 0.04109465 -0.000221089 0.06368801 0.04108766 -0.000228389 0.0637073 0.04109296 -0.000239989 0.06371959 0.04108597 -0.000255089 0.06371959 0.04108597 -0.000272689 0.0636957 0.0407579 -0.000255089 0.06367641 0.0407526 -0.000239989 0.06366677 0.04074995 -0.000228389 0.06364483 0.04075429 -0.000221089 0.06369392 0.03989662 -0.000272689 0.06368428 0.03989397 -0.000255089 0.06367199 0.03990096 -0.000239989 0.06366235 0.03989831 -0.000228389 0.06364306 0.03989301 -0.000221089 0.0637623 0.03904426 -0.000255089 0.06374302 0.03903896 -0.000239989 0.06373072 0.03904595 -0.000228389 0.06371144 0.03904065 -0.000221089 0.0638649 0.03818056 -0.000221089 0.06388419 0.03818586 -0.000228389 0.06389383 0.03818851 -0.000239989 0.06390347 0.03819116 -0.000255089 0.06391312 0.03819381 -0.000272689 0.06408202 0.03750391 -0.000255089 0.06407238 0.03750126 -0.000239989 0.0640531 0.03749596 -0.000228389 0.06404346 0.03749331 -0.000221089 0.06432227 0.03666768 -0.000221089 0.06433191 0.03667033 -0.000228389 0.0643512 0.03667563 -0.000239989 0.06436084 0.03667828 -0.000255089 0.06470354 0.03592207 -0.000272689 0.06470354 0.03592207 -0.000255089 0.06469655 0.03590978 -0.000239989 0.06467727 0.03590447 -0.000228389 0.06465798 0.03589917 -0.000221089 0.06510314 0.03522298 -0.000255089 0.06509349 0.03522033 -0.000239989 0.06508385 0.03521768 -0.000228389 0.06506722 0.03520274 -0.000221089 0.06539598 0.03483679 -0.000272689 0.06538633 0.03483414 -0.000255089 0.06537669 0.03483149 -0.000239989 0.0653697 0.03481919 -0.000228389 0.06535307 0.03480425 -0.000221089 0.06585224 0.03430884 -0.000255089 0.06584524 0.03429655 -0.000239989 0.06582861 0.0342816 -0.000228389 0.06582162 0.03426931 -0.000221089 0.0838678 0.04784839 -0.000272689 0.08522502 0.04634433 -0.000272689 0.08600597 0.03833485 -0.000277989 0.08599898 0.03832255 -0.000272689 0.08625529 0.03908787 -0.000272689 0.08599898 0.03832255 -0.000269389 0.08599029 0.03827868 -0.000255489 0.08625794 0.03907822 -0.000255089 0.08597028 0.03820058 -0.000243589 0.08597727 0.03821288 -0.000241889 0.08597727 0.03821288 -0.000244889 0.08595556 0.0381032 -0.000235289 0.08599921 0.03820853 -0.000228389 0.08593121 0.03800317 -0.000226989 0.0860115 0.03820154 -0.000221089 0.08598595 0.03825675 -0.000248389 0.08626758 0.03908087 -0.000239989 0.08600332 0.03834449 -0.000288489 0.08600332 0.03834449 -0.000285989 0.08600332 0.03834449 -0.000282589 0.08209282 0.04906129 -0.000279989 0.08253272 0.04881923 -0.000272689 0.08209282 0.04906129 -0.000272789 0.08209282 0.04906129 -0.000272689 0.08209282 0.04906129 -0.000281489 0.08209547 0.04905165 -0.000286189 0.08209547 0.04905165 -0.000287789 0.08208318 0.04905864 -0.000271389 0.08254236 0.04882188 -0.000255089 0.08206558 0.04908491 -0.000256589 0.08255634 0.04884647 -0.000228389 0.08200147 0.04912951 -0.000242789 0.08254935 0.04883417 -0.000239989 0.08205594 0.04908226 -0.000253989 0.08205594 0.04908226 -0.000255089 0.08189517 0.04921438 -0.000222089 0.08191976 0.04920039 -0.000223389 0.08256333 0.04885876 -0.000221089 0.08192241 0.04919075 -0.000223889 0.08194965 0.04916712 -0.000230789 0.08184335 0.04925198 -0.000219489 0.08647015 0.03996624 -0.000272689 0.08659823 0.04082075 -0.000272689 0.08665352 0.04167599 -0.000272689 0.08661937 0.04251703 -0.000272689 0.08656132 0.04302999 -0.000272689 0.08640279 0.04379534 -0.000272689 0.0861794 0.0445325 -0.000272689 0.08588153 0.04523881 -0.000272689 0.08564559 0.04568213 -0.000272689 0.08630181 0.03906954 -0.000221089 0.08651667 0.03994791 -0.000221089 0.08664909 0.04082436 -0.000221089 0.08670438 0.04167961 -0.000221089 0.08667023 0.04252064 -0.000221089 0.08661219 0.0430336 -0.000221089 0.08646064 0.04381125 -0.000221089 0.08622762 0.04454575 -0.000221089 0.0859271 0.0452617 -0.000221089 0.08569115 0.04570502 -0.000221089 0.08526793 0.04637687 -0.000221089 0.08628952 0.03907653 -0.000228389 0.08650438 0.0399549 -0.000228389 0.08662981 0.04081906 -0.000228389 0.08668509 0.0416743 -0.000228389 0.0866483 0.04252498 -0.000228389 0.08659025 0.04303794 -0.000228389 0.08644136 0.04380595 -0.000228389 0.08620833 0.04454045 -0.000228389 0.08590781 0.0452564 -0.000228389 0.08567186 0.04569972 -0.000228389 0.08525129 0.04636193 -0.000228389 0.08648244 0.03995924 -0.000239989 0.08661752 0.04082605 -0.000239989 0.08666316 0.04167865 -0.000239989 0.08663865 0.04252233 -0.000239989 0.08658061 0.04303529 -0.000239989 0.08642207 0.04380064 -0.000239989 0.08619869 0.0445378 -0.000239989 0.08588853 0.0452511 -0.000239989 0.08566487 0.04568743 -0.000239989 0.08524165 0.04635928 -0.000239989 0.0864728 0.03995659 -0.000255089 0.08660787 0.0408234 -0.000255089 0.08665352 0.04167599 -0.000255089 0.08662901 0.04251968 -0.000255089 0.08657097 0.04303264 -0.000255089 0.08641243 0.04379799 -0.000255089 0.08618905 0.04453515 -0.000255089 0.08588153 0.04523881 -0.000255089 0.08565523 0.04568478 -0.000255089 0.08522502 0.04634433 -0.000255089 0.08472996 0.0469757 -0.000272689 0.0847396 0.04697835 -0.000255089 0.08474924 0.046981 -0.000239989 0.08475624 0.04699329 -0.000228389 0.08477287 0.04700823 -0.000221089 0.084185 0.04756223 -0.000272689 0.084185 0.04756223 -0.000255089 0.08419199 0.04757452 -0.000239989 0.08419898 0.04758681 -0.000228389 0.08421562 0.04760176 -0.000221089 0.0838748 0.04786068 -0.000255089 0.08388444 0.04786333 -0.000239989 0.08389143 0.04787562 -0.000228389 0.08389842 0.04788792 -0.000221089 0.083258 0.04840672 -0.000221089 0.08324136 0.04839178 -0.000228389 0.08323437 0.04837948 -0.000239989 0.08322473 0.04837683 -0.000255089 0.08322738 0.04836719 -0.000272689 0.01039676 0.002927189 -0.000272689 0.01175587 0.003528962 -0.000272689 0.012096 0.003612092 -0.000272689 0.01175322 0.003538604 -0.000255089 0.01209335 0.003621734 -0.000255089 0.01175057 0.003548247 -0.000239989 0.0120907 0.003631376 -0.000239989 0.01174792 0.003557889 -0.000228389 0.0120854 0.003650661 -0.000228389 0.01174261 0.003577174 -0.000221089 0.01208275 0.003660303 -0.000221089 0.01173731 0.003596458 -0.000218589 0.01113008 0.003315451 -0.000272689 0.01113008 0.003315451 -0.000255089 0.01112743 0.003325094 -0.000239989 0.01112213 0.003344378 -0.000228389 0.01111682 0.003363663 -0.000221089 0.01110188 0.003380297 -0.000218589 0.01056406 0.003035405 -0.000272689 0.01056406 0.003035405 -0.000255089 0.01055177 0.003042397 -0.000239989 0.01054647 0.003061681 -0.000228389 0.01053152 0.003078315 -0.000221089 0.01039411 0.002936832 -0.000255089 0.01039146 0.002946474 -0.000239989 0.01037652 0.002963108 -0.000228389 0.01037387 0.00297275 -0.000221089 0.01035892 0.002989384 -0.000218589 0.009874616 0.002638461 -0.000218589 0.00988956 0.002621827 -0.000221089 0.009901853 0.002614835 -0.000228389 0.009907154 0.00259555 -0.000239989 0.009919447 0.002588559 -0.000255089 0.009922097 0.002578916 -0.000272689 0.009494915 0.002171099 -0.000272689 0.009482622 0.002178091 -0.000255089 0.009479971 0.002187733 -0.000239989 0.009467678 0.002194725 -0.000228389 0.009452735 0.002211359 -0.000221089 0.009431029 0.002101682 -0.000272689 0.009428379 0.002111325 -0.000255089 0.009416086 0.002118316 -0.000239989 0.009403793 0.002125308 -0.000228389 0.009388849 0.002141942 -0.000221089 0.06855217 0.01369724 -0.000275289 0.06855217 0.01369724 -0.000291489 0.06789292 0.01398271 -0.000291489 0.067797 0.01414302 -0.000275289 0.06789292 0.01398271 -0.000275289 0.067797 0.01414302 -0.000272689 0.06789292 0.01398271 -0.000259889 0.06872573 0.01374495 -0.000275289 0.06872573 0.01374495 -0.000272689 0.06854952 0.01370688 -0.000259889 0.06789992 0.013995 -0.000246089 0.06780664 0.01414567 -0.000255089 0.06780664 0.01414567 -0.000259889 0.06872573 0.01374495 -0.000259889 0.06872308 0.01375459 -0.000255089 0.06854687 0.01371653 -0.000246089 0.06790956 0.01399765 -0.000234489 0.06781629 0.01414832 -0.000239989 0.06781629 0.01414832 -0.000246089 0.06872308 0.01375459 -0.000246089 0.06872043 0.01376424 -0.000239989 0.06854422 0.01372617 -0.000234489 0.06784256 0.01416591 -0.000221089 0.06783292 0.01416326 -0.000225889 0.06791655 0.01400995 -0.000225889 0.06783292 0.01416326 -0.000228389 0.06782593 0.01415097 -0.000234489 0.06802212 0.01385229 -0.000291489 0.06802212 0.01385229 -0.000275289 0.06802212 0.01385229 -0.000259889 0.06802911 0.01386458 -0.000246089 0.06803875 0.01386723 -0.000234489 0.06804574 0.01387953 -0.000225889 0.06818457 0.01375175 -0.000291489 0.06818457 0.01375175 -0.000275289 0.06818192 0.0137614 -0.000259889 0.06819157 0.01376405 -0.000246089 0.06818892 0.01377369 -0.000234489 0.06819591 0.01378598 -0.000225889 0.06836271 0.01370738 -0.000291489 0.06836271 0.01370738 -0.000275289 0.06836271 0.01370738 -0.000259889 0.06836006 0.01371703 -0.000246089 0.06836705 0.01372932 -0.000234489 0.0683644 0.01373896 -0.000225889 0.06854157 0.01373581 -0.000225889 0.0678522 0.01416856 -0.000220489 0.06793583 0.01401525 -0.000220489 0.06872043 0.01376424 -0.000234489 0.06871778 0.01377388 -0.000228389 0.06871513 0.01378352 -0.000225889 0.06871248 0.01379316 -0.000221089 0.06805273 0.01389182 -0.000220489 0.06820025 0.01380792 -0.000220489 0.06836874 0.0137609 -0.000220489 0.06853627 0.0137551 -0.000220489 0.06871248 0.01379316 -0.000220489 0.006556834 0.005615527 -0.000221089 0.009366914 0.002146283 -0.000221089 0.006549843 0.005603234 -0.000228389 0.00935028 0.00213134 -0.000228389 0.006530558 0.005597933 -0.000239989 0.009343288 0.002119047 -0.000239989 0.006523566 0.00558564 -0.000255089 0.009333646 0.002116396 -0.000255089 0.006513924 0.005582989 -0.000272689 0.009324004 0.002113745 -0.000272689 0.006513924 0.005582989 -0.000291489 0.009326654 0.002104103 -0.000291489 0.07148636 0.01479422 -0.000272689 0.07148636 0.01479422 -0.000255089 0.07148105 0.01481351 -0.000239989 0.0714784 0.01482315 -0.000228389 0.0714731 0.01484243 -0.000221089 0.06427517 0.02088051 -0.000272689 0.06517352 0.02032889 -0.000272689 0.0655924 0.01963511 -0.000272689 0.06164263 0.02068575 -0.000239989 0.06205099 0.02086023 -0.000239989 0.06204834 0.02086988 -0.000228389 0.06165758 0.02066912 -0.000284189 0.06205629 0.02084095 -0.000272689 0.06164794 0.02066647 -0.000272689 0.06205629 0.02084095 -0.000255089 0.06164528 0.02067611 -0.000260689 0.06164528 0.02067611 -0.000267489 0.06164263 0.02068575 -0.000240689 0.06164263 0.02068575 -0.000246089 0.06164528 0.02067611 -0.000255089 0.06204304 0.02088916 -0.000221089 0.06163733 0.02070504 -0.000226289 0.06163733 0.02070504 -0.000229789 0.06162938 0.02073396 -0.000218589 0.06163203 0.02072432 -0.000220489 0.06163203 0.02072432 -0.000221089 0.06578036 0.01906452 -0.000272689 0.06582012 0.01891988 -0.000272689 0.06579001 0.01906717 -0.000255089 0.06583242 0.01891289 -0.000255089 0.06579965 0.01906982 -0.000239989 0.06584206 0.01891554 -0.000239989 0.06581893 0.01907512 -0.000228389 0.06586134 0.01892085 -0.000228389 0.06582857 0.01907777 -0.000221089 0.06587098 0.0189235 -0.000221089 0.06584786 0.01908307 -0.000218589 0.06565724 0.0196633 -0.000218589 0.06563796 0.019658 -0.000221089 0.06561868 0.0196527 -0.000228389 0.06560903 0.01965005 -0.000239989 0.06559939 0.0196474 -0.000255089 0.06538634 0.02004515 -0.000272689 0.06539598 0.02004781 -0.000255089 0.06540562 0.02005046 -0.000239989 0.06541527 0.02005311 -0.000228389 0.0654319 0.02006805 -0.000221089 0.06518316 0.02033154 -0.000255089 0.0651928 0.02033419 -0.000239989 0.0651998 0.02034649 -0.000228389 0.06521643 0.02036143 -0.000221089 0.06523306 0.02037637 -0.000218589 0.0649108 0.0205678 -0.000272689 0.0649108 0.0205678 -0.000255089 0.06491779 0.02058009 -0.000239989 0.06493442 0.02059504 -0.000228389 0.06494141 0.02060733 -0.000221089 0.06464035 0.02072162 -0.000272689 0.06464734 0.02073391 -0.000255089 0.06465434 0.0207462 -0.000239989 0.06466133 0.0207585 -0.000228389 0.06466832 0.02077079 -0.000221089 0.06467266 0.02079272 -0.000218589 0.06427517 0.02088051 -0.000255089 0.06428217 0.0208928 -0.000239989 0.06427952 0.02090244 -0.000228389 0.06428386 0.02092438 -0.000221089 0.06378634 0.02103651 -0.000221089 0.063782 0.02101458 -0.000228389 0.06378465 0.02100494 -0.000239989 0.06377766 0.02099264 -0.000255089 0.06378031 0.020983 -0.000272689 0.0632811 0.02106356 -0.000221089 0.06328375 0.02105392 -0.000228389 0.06328905 0.02103463 -0.000239989 0.06328206 0.02102234 -0.000255089 0.06328471 0.0210127 -0.000272689 0.06313984 0.02108696 -0.000218589 0.06314514 0.02106767 -0.000221089 0.06256903 0.02101301 -0.000221089 0.0631408 0.02104574 -0.000228389 0.06257433 0.02099372 -0.000228389 0.06314345 0.02103609 -0.000239989 0.06257698 0.02098408 -0.000239989 0.0631461 0.02102645 -0.000255089 0.06257963 0.02097444 -0.000255089 0.06313911 0.02101416 -0.000272689 0.06258228 0.0209648 -0.000272689 0.009326654 0.002104103 -0.002331989 0.006513924 0.005582989 -0.002331989 0.006513924 0.005582989 -0.002350889 0.009324004 0.002113745 -0.002350889 0.006523566 0.00558564 -0.002368489 0.009333646 0.002116396 -0.002368489 0.006530558 0.005597933 -0.002383589 0.009343288 0.002119047 -0.002383589 0.006549843 0.005603234 -0.002395089 0.00935028 0.00213134 -0.002395089 0.006556834 0.005615527 -0.002402389 0.009366914 0.002146283 -0.002402389 0.06162938 0.02073396 -0.002404889 0.06206667 0.0209164 -0.002404889 0.06409608 0.0209661 -0.002397689 0.06409873 0.02095645 -0.002395189 0.06395483 0.02098949 -0.002395089 0.06409704 0.02092488 -0.002355289 0.06409704 0.02092488 -0.002350889 0.06395314 0.02095791 -0.002350889 0.06409969 0.02091523 -0.002343289 0.06409704 0.02092488 -0.002348589 0.06409969 0.02091523 -0.002339989 0.06410933 0.02091789 -0.002333389 0.06395314 0.02095791 -0.002368489 0.06410668 0.02092753 -0.002370589 0.06409704 0.02092488 -0.002363689 0.06409873 0.02095645 -0.002392189 0.06410138 0.02094681 -0.002388489 0.06395049 0.02096756 -0.002383589 0.06410138 0.02094681 -0.002383589 0.06410403 0.02093717 -0.002375989 0.06409777 0.02099767 -0.002404889 0.06409343 0.02097574 -0.002402389 0.06396182 0.02100179 -0.002402389 0.06409608 0.0209661 -0.002400389 0.06163468 0.02071468 -0.002401089 0.06163203 0.02072432 -0.002402389 0.06207197 0.02089711 -0.002402389 0.06163203 0.02072432 -0.002403089 0.06163998 0.02069539 -0.002389589 0.06163733 0.02070504 -0.002393689 0.06207727 0.02087783 -0.002395089 0.06164263 0.02068575 -0.002377389 0.06164263 0.02068575 -0.002383589 0.06207992 0.02086819 -0.002383589 0.06164528 0.02067611 -0.002356089 0.06164528 0.02067611 -0.002371589 0.06208522 0.0208489 -0.002368489 0.06164794 0.02066647 -0.002349089 0.06164794 0.02066647 -0.002350889 0.06208522 0.0208489 -0.002350889 0.06383382 0.02097697 -0.002350889 0.06332593 0.02101366 -0.002350889 0.06278308 0.02098888 -0.002350889 0.06260156 0.0209701 -0.002350889 0.06260156 0.0209701 -0.002368489 0.06278043 0.02099853 -0.002368489 0.06332328 0.0210233 -0.002368489 0.06384346 0.02097962 -0.002368489 0.06259891 0.02097974 -0.002383589 0.06277778 0.02100817 -0.002383589 0.06332063 0.02103294 -0.002383589 0.06384081 0.02098926 -0.002383589 0.06259361 0.02099903 -0.002395089 0.06278477 0.02102046 -0.002395089 0.06332497 0.02105488 -0.002395089 0.06384515 0.0210112 -0.002395089 0.06258831 0.02101831 -0.002402389 0.06277947 0.02103975 -0.002402389 0.06332232 0.02106452 -0.002402389 0.06385214 0.02102349 -0.002402389 0.06384684 0.02104278 -0.002404889 0.06332666 0.02108646 -0.002404889 0.06258301 0.0210376 -0.002404889 0.04486347 0.01509837 -0.002350889 0.06164794 0.02066647 -0.002349089 0.05543367 0.0186367 -0.002350889 0.05543367 0.0186367 -0.002368489 0.06164528 0.02067611 -0.002356089 0.06164794 0.02066647 -0.002350889 0.05541873 0.01865333 -0.002383589 0.06164263 0.02068575 -0.002377389 0.06164528 0.02067611 -0.002371589 0.05541608 0.01866297 -0.002395089 0.06163998 0.02069539 -0.002389589 0.06164263 0.02068575 -0.002383589 0.05541078 0.01868226 -0.002402389 0.06163468 0.02071468 -0.002401089 0.06163733 0.02070504 -0.002393689 0.06163203 0.02072432 -0.002403089 0.06163203 0.02072432 -0.002402389 0.01394348 0.004285891 -0.002350889 0.01210564 0.003614742 -0.002350889 0.01394083 0.004295533 -0.002368489 0.01210299 0.003624384 -0.002368489 0.01393818 0.004305176 -0.002383589 0.01210034 0.003634027 -0.002383589 0.01393553 0.004314818 -0.002395089 0.01209504 0.003653311 -0.002395089 0.01393023 0.004334103 -0.002402389 0.01209239 0.003662954 -0.002402389 0.02441054 0.008086251 -0.002402389 0.02441584 0.008066966 -0.002395089 0.02443079 0.008050332 -0.002383589 0.02443344 0.00804069 -0.002368489 0.02443344 0.00804069 -0.002350889 0.02628622 0.008695205 -0.002350889 0.02628622 0.008695205 -0.002368489 0.02628357 0.008704847 -0.002383589 0.02627827 0.008724132 -0.002395089 0.02627297 0.008743417 -0.002402389 0.03680269 0.01235358 -0.002350889 0.03680004 0.01236322 -0.002368489 0.03679738 0.01237287 -0.002383589 0.03679473 0.01238251 -0.002395089 0.03678943 0.01240179 -0.002402389 0.04486082 0.01510801 -0.002368489 0.04485817 0.01511765 -0.002383589 0.04485287 0.01513694 -0.002395089 0.04484757 0.01515622 -0.002402389 0.01090926 0.003213267 -0.002350889 0.01006481 0.002701115 -0.002350889 0.009622685 0.002309932 -0.002350889 0.009431029 0.002101682 -0.002350889 0.009620035 0.002319574 -0.002368489 0.009428379 0.002111325 -0.002368489 0.009607742 0.002326566 -0.002383589 0.009416086 0.002118316 -0.002383589 0.009605091 0.002336208 -0.002395089 0.009403793 0.002125308 -0.002395089 0.009590148 0.002352842 -0.002402389 0.009388849 0.002141942 -0.002402389 0.009577855 0.002359834 -0.002404889 0.01006481 0.002701115 -0.002368489 0.01004987 0.002717749 -0.002383589 0.01004722 0.002727392 -0.002395089 0.01003227 0.002744026 -0.002402389 0.01002962 0.002753668 -0.002404889 0.01053152 0.003078315 -0.002402389 0.01054647 0.003061681 -0.002395089 0.01055177 0.003042397 -0.002383589 0.01056406 0.003035405 -0.002368489 0.01056406 0.003035405 -0.002350889 0.01090661 0.00322291 -0.002368489 0.01090396 0.003232552 -0.002383589 0.01089167 0.003239544 -0.002395089 0.01088637 0.003258828 -0.002402389 0.01088107 0.003278113 -0.002404889 0.01148853 0.003445102 -0.002350889 0.01148588 0.003454744 -0.002368489 0.01147359 0.003461736 -0.002383589 0.01147094 0.003471378 -0.002395089 0.01146564 0.003490663 -0.002402389 0.01146034 0.003509948 -0.002404889 0.012096 0.003612092 -0.002350889 0.01209335 0.003621734 -0.002368489 0.0120907 0.003631376 -0.002383589 0.0120854 0.003650661 -0.002395089 0.01208275 0.003660303 -0.002402389 0.01223931 0.007353918 -0.002350889 0.0239591 0.01101121 -0.002350889 0.0338553 0.01432278 -0.002350889 0.04995977 0.02002545 -0.002350889 0.06088245 0.02405476 -0.002339889 0.0608851 0.02404512 -0.002350889 0.04998267 0.01997988 -0.002402389 0.06091763 0.02400221 -0.002402389 0.06091763 0.02400221 -0.002402689 0.06092993 0.02399522 -0.002404889 0.04997737 0.01999917 -0.002395089 0.04997472 0.02000881 -0.002383589 0.06089739 0.02403813 -0.002383589 0.06090004 0.02402848 -0.002388189 0.06090269 0.02401884 -0.002392689 0.06091498 0.02401185 -0.002400489 0.04995977 0.02002545 -0.002368489 0.0608851 0.02404512 -0.002356489 0.0608851 0.02404512 -0.002363189 0.06089739 0.02403813 -0.002377689 0.06088245 0.02405476 -0.002332489 0.0416355 0.01703192 -0.002350889 0.0416355 0.01703192 -0.002368489 0.04163815 0.01702227 -0.002383589 0.04164345 0.01700299 -0.002395089 0.04164875 0.01698371 -0.002402389 0.04165405 0.01696442 -0.002404889 0.03385795 0.01431313 -0.002368489 0.0338606 0.01430349 -0.002383589 0.0338659 0.01428421 -0.002395089 0.03386855 0.01427456 -0.002402389 0.0306169 0.01316291 -0.002402389 0.0306116 0.0131822 -0.002395089 0.03060895 0.01319184 -0.002383589 0.0306063 0.01320148 -0.002368489 0.03060365 0.01321112 -0.002350889 0.02396175 0.01100157 -0.002368489 0.0239644 0.01099193 -0.002383589 0.0239697 0.01097264 -0.002395089 0.02397235 0.010963 -0.002402389 0.0176125 0.008934691 -0.002402389 0.01760719 0.008953976 -0.002395089 0.01760454 0.008963618 -0.002383589 0.01760189 0.00897326 -0.002368489 0.01759924 0.008982903 -0.002350889 0.01224196 0.007344275 -0.002368489 0.01224461 0.007334633 -0.002383589 0.01225955 0.007317999 -0.002395089 0.0122622 0.007308357 -0.002402389 0.006568167 0.005649755 -0.002402389 0.006565516 0.005659397 -0.002395089 0.006560215 0.005678682 -0.002383589 0.006557565 0.005688324 -0.002368489 0.006554914 0.005697967 -0.002350889 0.06920728 0.02285857 -0.002331989 0.06916871 0.02284797 -0.002331989 0.06920728 0.02285857 -0.002345989 0.06913279 0.02282773 -0.002343089 0.06920728 0.02285857 -0.002350889 0.06906529 0.02280917 -0.002348589 0.06409704 0.02092488 -0.002348589 0.06409704 0.02092488 -0.002350889 0.06909422 0.02281713 -0.002347889 0.06920728 0.02285857 -0.002352489 0.06919499 0.02286557 -0.002366489 0.06409704 0.02092488 -0.002355289 0.06409704 0.02092488 -0.002363689 0.06410668 0.02092753 -0.002370589 0.06919499 0.02286557 -0.002370589 0.06410403 0.02093717 -0.002375989 0.06919499 0.02286557 -0.002377589 0.06918269 0.02287256 -0.002383589 0.06410138 0.02094681 -0.002388489 0.06918269 0.02287256 -0.002389089 0.06410138 0.02094681 -0.002383589 0.06918269 0.02287256 -0.002385989 0.06918269 0.02287256 -0.002383889 0.06915811 0.02288654 -0.002398389 0.06916775 0.02288919 -0.002396889 0.06409873 0.02095645 -0.002395189 0.06409873 0.02095645 -0.002392189 0.0691704 0.02287955 -0.002395189 0.06913087 0.02291017 -0.002404889 0.06409343 0.02097574 -0.002402389 0.06409608 0.0209661 -0.002397689 0.06409608 0.0209661 -0.002400389 0.06914581 0.02289353 -0.002402389 0.06914316 0.02290318 -0.002404189 0.06114549 0.03452914 -0.002397389 0.06116477 0.03453444 -0.002402389 0.06158776 0.03397661 -0.002402389 0.06116477 0.03453444 -0.002403089 0.06117442 0.03453709 -0.002404789 0.06157113 0.03396166 -0.002395089 0.06114814 0.0345195 -0.002393789 0.0611385 0.03451685 -0.002382989 0.0611385 0.03451685 -0.002383589 0.06156414 0.03394937 -0.002383589 0.06112186 0.0345019 -0.002362889 0.06111921 0.03451154 -0.002368489 0.0615545 0.03394672 -0.002368489 0.06112885 0.03451419 -0.002377589 0.06112186 0.0345019 -0.002339289 0.06112186 0.0345019 -0.002350889 0.0615475 0.03393443 -0.002350889 0.06112186 0.0345019 -0.002356189 0.06090173 0.02406006 -0.002350889 0.06090173 0.02406006 -0.002339889 0.06112857 0.02421576 -0.002350889 0.06090173 0.02406006 -0.002332489 0.06090438 0.02405042 -0.002368489 0.06090438 0.02405042 -0.002363189 0.06113122 0.02420612 -0.002368489 0.06090173 0.02406006 -0.002356489 0.06114352 0.02419912 -0.002383589 0.06090703 0.02404078 -0.002383589 0.06090703 0.02404078 -0.002377689 0.06090968 0.02403113 -0.002388189 0.06114617 0.02418948 -0.002395089 0.06090968 0.02403113 -0.002392689 0.06091233 0.02402149 -0.002395189 0.06092728 0.02400486 -0.002402689 0.06092463 0.0240145 -0.002402389 0.06116111 0.02417285 -0.002402389 0.06092463 0.0240145 -0.002400489 0.06116641 0.02415356 -0.002404889 0.06161745 0.0244746 -0.002350889 0.06215116 0.02468354 -0.002350889 0.0627244 0.02486186 -0.002350889 0.06334585 0.02505344 -0.002350889 0.06401985 0.0252802 -0.002350889 0.06528472 0.02607386 -0.002350889 0.06492311 0.02576704 -0.002350889 0.06458851 0.0255506 -0.002350889 0.06547108 0.02630139 -0.002350889 0.0657124 0.02666849 -0.002350889 0.06584598 0.02697485 -0.002350889 0.06591913 0.02810465 -0.002350889 0.06595596 0.02766883 -0.002350889 0.06593641 0.0273627 -0.002350889 0.06582612 0.02855615 -0.002350589 0.06562057 0.02915302 -0.002350589 0.06534751 0.02973132 -0.002350889 0.06499732 0.03028843 -0.002350889 0.06468158 0.03072018 -0.002350889 0.06415326 0.03132166 -0.002350889 0.06355213 0.03192386 -0.002350889 0.06220237 0.03321217 -0.002350889 0.0628799 0.03255837 -0.002350889 0.06220936 0.03322446 -0.002368489 0.06288954 0.03256103 -0.002368489 0.06355912 0.03193615 -0.002368489 0.06416025 0.03133395 -0.002368489 0.06468158 0.03072018 -0.002368489 0.06500696 0.03029108 -0.002368489 0.06534751 0.02973132 -0.002368489 0.06562756 0.02916531 -0.002368489 0.06583577 0.0285588 -0.002368489 0.06592877 0.02810731 -0.002368489 0.06596561 0.02767148 -0.002368489 0.0659487 0.02735571 -0.002368489 0.06585562 0.0269775 -0.002368489 0.06571506 0.02665885 -0.002368489 0.06548337 0.0262944 -0.002368489 0.06528472 0.02607386 -0.002368489 0.06493541 0.02576004 -0.002368489 0.06459116 0.02554096 -0.002368489 0.0640225 0.02527056 -0.002368489 0.0633485 0.02504379 -0.002368489 0.0627244 0.02486186 -0.002368489 0.06215381 0.0246739 -0.002368489 0.0616201 0.02446496 -0.002368489 0.062219 0.03322712 -0.002383589 0.06289654 0.03257332 -0.002383589 0.06356877 0.03193881 -0.002383589 0.06416989 0.0313366 -0.002383589 0.06468857 0.03073248 -0.002383589 0.0650166 0.03029373 -0.002383589 0.06535715 0.02973398 -0.002383589 0.0656372 0.02916796 -0.002383589 0.06584541 0.02856145 -0.002383589 0.06593841 0.02810996 -0.002383589 0.06597525 0.02767413 -0.002383589 0.06595834 0.02735836 -0.002383589 0.06586791 0.02697051 -0.002383589 0.06572735 0.02665186 -0.002383589 0.06548602 0.02628476 -0.002383589 0.06529701 0.02606687 -0.002383589 0.06493806 0.0257504 -0.002383589 0.06459382 0.02553132 -0.002383589 0.06402515 0.02526092 -0.002383589 0.06335115 0.02503415 -0.002383589 0.0627297 0.02484258 -0.002383589 0.06215646 0.02466425 -0.002383589 0.0616324 0.02445797 -0.002383589 0.062226 0.03323941 -0.002395089 0.06290353 0.03258561 -0.002395089 0.06357576 0.0319511 -0.002395089 0.06417688 0.03134889 -0.002395089 0.06470786 0.03073778 -0.002395089 0.06502359 0.03030602 -0.002395089 0.06537379 0.02974892 -0.002395089 0.06564684 0.02917061 -0.002395089 0.06585505 0.0285641 -0.002395089 0.06596035 0.02810561 -0.002395089 0.06599453 0.02767943 -0.002395089 0.06597064 0.02735136 -0.002395089 0.06588021 0.02696352 -0.002395089 0.06573964 0.02664487 -0.002395089 0.06549831 0.02627777 -0.002395089 0.06530232 0.02604758 -0.002395089 0.06495035 0.02574341 -0.002395089 0.06460611 0.02552433 -0.002395089 0.0640278 0.02525127 -0.002395089 0.06335645 0.02501487 -0.002395089 0.06273235 0.02483293 -0.002395089 0.06215911 0.02465461 -0.002395089 0.06163505 0.02444832 -0.002395089 0.06224263 0.03325435 -0.002402389 0.06292016 0.03260055 -0.002402389 0.06359239 0.03196604 -0.002402389 0.06419352 0.03136384 -0.002402389 0.06471485 0.03075007 -0.002402389 0.06504023 0.03032097 -0.002402389 0.06539307 0.02975422 -0.002402389 0.06566613 0.02917591 -0.002402389 0.06587434 0.02856941 -0.002402389 0.06596999 0.02810827 -0.002402389 0.06600683 0.02767244 -0.002402389 0.06598992 0.02735667 -0.002402389 0.06590214 0.02695918 -0.002402389 0.06576158 0.02664052 -0.002402389 0.06551326 0.02626113 -0.002402389 0.06531461 0.02604059 -0.002402389 0.06495565 0.02572413 -0.002402389 0.06461141 0.02550504 -0.002402389 0.0640331 0.02523199 -0.002402389 0.06336175 0.02499558 -0.002402389 0.06274729 0.0248163 -0.002402389 0.06216441 0.02463533 -0.002402389 0.06164035 0.02442904 -0.002402389 0.06164565 0.02440975 -0.002404889 0.06217936 0.02461869 -0.002404889 0.06275259 0.02479702 -0.002404889 0.0640384 0.0252127 -0.002404889 0.0649706 0.02570749 -0.002404889 0.06552555 0.02625414 -0.002404889 0.06591443 0.02695219 -0.002404889 0.06602611 0.02767774 -0.002404889 0.06598927 0.02811357 -0.002404889 0.06568541 0.02918121 -0.002404889 0.06540006 0.02976651 -0.002404889 0.06473148 0.03076501 -0.002404889 0.06420051 0.03137613 -0.002404889 0.06359938 0.03197833 -0.002404889 0.06224962 0.03326664 -0.002404889 0.06159741 0.03397926 -0.002404889 0.06051091 0.03563032 -0.002350889 0.06000798 0.03712031 -0.002350889 0.05975794 0.03889761 -0.002350889 0.06919499 0.02286557 -0.002377589 0.06918269 0.02287256 -0.002383589 0.06917643 0.02293306 -0.002383589 0.06913087 0.02291017 -0.002404889 0.06912557 0.02292945 -0.002404889 0.0611385 0.03451685 -0.002383589 0.06089652 0.03490665 -0.002383589 0.06090351 0.03491894 -0.002395089 0.06112186 0.0345019 -0.002339289 0.06087723 0.03490135 -0.002350889 0.06112186 0.0345019 -0.002350889 0.06112885 0.03451419 -0.002377589 0.06111921 0.03451154 -0.002368489 0.06088688 0.034904 -0.002368489 0.06112186 0.0345019 -0.002362889 0.06112186 0.0345019 -0.002356189 0.0611385 0.03451685 -0.002382989 0.0609228 0.03492424 -0.002402389 0.06114549 0.03452914 -0.002397389 0.06114814 0.0345195 -0.002393789 0.06117442 0.03453709 -0.002404789 0.06093943 0.03493919 -0.002404889 0.06915811 0.02288654 -0.002398389 0.06914581 0.02289353 -0.002402389 0.06914485 0.02293475 -0.002402389 0.06914316 0.02290318 -0.002404189 0.06918269 0.02287256 -0.002389089 0.0691704 0.02287955 -0.002395189 0.06916679 0.02293041 -0.002395089 0.06916775 0.02288919 -0.002396889 0.06918269 0.02287256 -0.002383889 0.06918269 0.02287256 -0.002385989 0.06920728 0.02285857 -0.002352489 0.06919499 0.02286557 -0.002366489 0.06918607 0.02293571 -0.002368489 0.06919499 0.02286557 -0.002370589 0.06920728 0.02285857 -0.002345989 0.06920728 0.02285857 -0.002350889 0.06919572 0.02293836 -0.002350889 0.06919818 0.02345759 -0.002350889 0.06927609 0.02396644 -0.002350889 0.06932046 0.02414457 -0.002350889 0.0694984 0.02462907 -0.002350889 0.06974215 0.02510054 -0.002350889 0.07010426 0.02559418 -0.002350889 0.0705042 0.02602562 -0.002350889 0.07096826 0.02641246 -0.002350889 0.07132384 0.02666577 -0.002350889 0.07190818 0.02699234 -0.002350889 0.07254699 0.02727166 -0.002350889 0.07321135 0.02749577 -0.002350889 0.07412737 0.02774758 -0.002350889 0.07514077 0.02798468 -0.002350889 0.07629881 0.02826153 -0.002350889 0.07736477 0.02853382 -0.002350889 0.07922742 0.02907696 -0.002350889 0.08288889 0.03050869 -0.002350889 0.08185232 0.03001633 -0.002350889 0.08087868 0.0296346 -0.002350889 0.08381313 0.03103241 -0.002350889 0.08527039 0.03210711 -0.002350889 0.08465133 0.03160506 -0.002350889 0.08663054 0.03349737 -0.002350889 0.0859777 0.03277861 -0.002350889 0.08789865 0.0352979 -0.002350889 0.08779377 0.0351135 -0.002350889 0.0872359 0.03427566 -0.002350889 0.0883941 0.03621191 -0.002350889 0.08882543 0.03717053 -0.002350889 0.08945549 0.03917939 -0.002350889 0.08917602 0.03815881 -0.002350889 0.08980716 0.041371 -0.002350889 0.08968123 0.04032003 -0.002350889 0.08984366 0.04240776 -0.002350889 0.08961825 0.04458592 -0.002350889 0.08976472 0.04371354 -0.002350889 0.08979603 0.04341102 -0.002350889 0.08940524 0.04539852 -0.002350889 0.08857017 0.0471913 -0.002350889 0.08895482 0.04650885 -0.002350889 0.0891081 0.04617763 -0.002350889 0.08759404 0.04847861 -0.002350889 0.08811802 0.0478552 -0.002350889 0.0869182 0.04916399 -0.002350889 0.08621535 0.04975897 -0.002350889 0.08465561 0.05079251 -0.002350889 0.08546525 0.05029948 -0.002350889 0.08240212 0.05182202 -0.002350889 0.08339135 0.05143021 -0.002350889 0.08379606 0.05124071 -0.002350889 0.0803636 0.05237133 -0.002350889 0.08139287 0.05213573 -0.002350889 0.07930203 0.05253583 -0.002350889 0.0784099 0.05261209 -0.002350889 0.07725913 0.05264836 -0.002350889 0.07609798 0.05260918 -0.002350889 0.07492116 0.05251384 -0.002350889 0.07371468 0.05233775 -0.002350889 0.07248987 0.05211514 -0.002350889 0.07109777 0.05178431 -0.002350889 0.06982594 0.05139321 -0.002350889 0.06861124 0.05094521 -0.002350889 0.06744932 0.05041839 -0.002350889 0.06635682 0.04982768 -0.002350889 0.06591182 0.04956015 -0.002350889 0.06496587 0.04892676 -0.002350889 0.06407969 0.04822684 -0.002350889 0.06326728 0.04748496 -0.002350889 0.06252862 0.04670113 -0.002350889 0.06204043 0.04610024 -0.002350889 0.06147196 0.04530097 -0.002350889 0.06099387 0.04447469 -0.002350889 0.06058689 0.04361611 -0.002350889 0.060367 0.04305785 -0.002350889 0.06010128 0.04217587 -0.002350889 0.05990666 0.04126158 -0.002350889 0.05977785 0.04033427 -0.002350889 0.05974646 0.03980709 -0.002350889 0.06914466 0.02346362 -0.002402389 0.06921992 0.02398211 -0.002402389 0.06925465 0.0241576 -0.002404889 0.06926694 0.0241506 -0.002402389 0.06942729 0.02466138 -0.002404889 0.06945188 0.02464739 -0.002402389 0.06970262 0.02513116 -0.002402389 0.07004978 0.02564143 -0.002404889 0.07006473 0.0256248 -0.002402389 0.07047166 0.02606853 -0.002402389 0.07093573 0.02645537 -0.002402389 0.071286 0.02672797 -0.002404889 0.07130094 0.02671134 -0.002402389 0.07188528 0.0270379 -0.002402389 0.0725241 0.02731722 -0.002402389 0.07319545 0.02755363 -0.002402389 0.07411412 0.02779579 -0.002402389 0.07513716 0.02803554 -0.002402389 0.07628556 0.02830974 -0.002402389 0.07735151 0.02858203 -0.002402389 0.07920453 0.02912253 -0.002402389 0.08085578 0.02968016 -0.002402389 0.08182413 0.03008117 -0.002404889 0.08182943 0.03006189 -0.002402389 0.0828607 0.03057354 -0.002404889 0.082866 0.03055425 -0.002402389 0.08379024 0.03107797 -0.002402389 0.08461879 0.03164797 -0.002402389 0.08522556 0.03215702 -0.002404889 0.08523786 0.03215002 -0.002402389 0.08592323 0.03282587 -0.002404889 0.08593818 0.03280923 -0.002402389 0.08659101 0.03352798 -0.002402389 0.08719637 0.03430628 -0.002402389 0.08775424 0.03514412 -0.002402389 0.08783718 0.03533285 -0.002404889 0.08786177 0.03531887 -0.002402389 0.08833263 0.03624687 -0.002404889 0.08835722 0.03623289 -0.002402389 0.08877891 0.03718886 -0.002402389 0.08913215 0.03816749 -0.002402389 0.08941162 0.03918808 -0.002402389 0.08961542 0.04033305 -0.002404889 0.08962772 0.04032606 -0.002402389 0.08975365 0.04137703 -0.002402389 0.08977086 0.04240849 -0.002404889 0.0897928 0.04240415 -0.002402389 0.08974517 0.04340741 -0.002402389 0.08969458 0.04370463 -0.002404889 0.08971386 0.04370993 -0.002402389 0.08955075 0.04456736 -0.002404889 0.08957004 0.04457267 -0.002402389 0.08935703 0.04538527 -0.002402389 0.08906254 0.04615474 -0.002402389 0.08890926 0.04648595 -0.002402389 0.08850798 0.04715347 -0.002404889 0.08852461 0.04716841 -0.002402389 0.08807511 0.04782267 -0.002402389 0.08756077 0.04844873 -0.002402389 0.08687794 0.04912181 -0.002402389 0.0861681 0.0497045 -0.002404889 0.08618473 0.04971944 -0.002402389 0.085418 0.05024501 -0.002404889 0.08543463 0.05025995 -0.002402389 0.08462499 0.05075298 -0.002402389 0.08377774 0.05119419 -0.002402389 0.0833564 0.05136875 -0.002404889 0.08337303 0.05138369 -0.002402389 0.08237945 0.05175356 -0.002404889 0.08238644 0.05176586 -0.002402389 0.08138683 0.05208221 -0.002402389 0.08035058 0.05230553 -0.002404889 0.08035757 0.05231782 -0.002402389 0.07929599 0.05248232 -0.002402389 0.07840652 0.05254894 -0.002404889 0.07840387 0.05255858 -0.002402389 0.07726274 0.0525975 -0.002402389 0.07610159 0.05255832 -0.002402389 0.07492043 0.05244105 -0.002404889 0.07492742 0.05245334 -0.002402389 0.07372359 0.0522676 -0.002404889 0.07372793 0.05228954 -0.002402389 0.07250313 0.05206693 -0.002402389 0.07111632 0.05171682 -0.002404889 0.07111102 0.0517361 -0.002402389 0.0698445 0.05132571 -0.002404889 0.0698392 0.051345 -0.002402389 0.06862715 0.05088736 -0.002402389 0.06747222 0.05037283 -0.002402389 0.06637972 0.04978212 -0.002402389 0.06594965 0.04949796 -0.002404889 0.06593471 0.04951459 -0.002402389 0.06500371 0.04886457 -0.002404889 0.06498876 0.0488812 -0.002402389 0.06412453 0.04817693 -0.002404889 0.06411922 0.04819622 -0.002402389 0.06330681 0.04745434 -0.002402389 0.06256815 0.04667052 -0.002402389 0.06209491 0.04605299 -0.002404889 0.06207996 0.04606962 -0.002402389 0.06152113 0.045273 -0.002402389 0.0610334 0.04444407 -0.002402389 0.06063607 0.04358814 -0.002402389 0.06041352 0.04303953 -0.002402389 0.06016973 0.04215321 -0.002404889 0.0601478 0.04215755 -0.002402389 0.05997246 0.04124856 -0.002404889 0.05995053 0.0412529 -0.002402389 0.05983136 0.04032824 -0.002402389 0.05981926 0.03980636 -0.002404889 0.05979997 0.03980106 -0.002402389 0.0598211 0.03889423 -0.002404889 0.0598088 0.03890122 -0.002402389 0.06915696 0.02345663 -0.002395089 0.06924186 0.02397777 -0.002395089 0.06928888 0.02414626 -0.002395089 0.06946417 0.0246404 -0.002395089 0.06971756 0.02511452 -0.002395089 0.07007702 0.0256178 -0.002395089 0.07048661 0.0260519 -0.002395089 0.07094802 0.02644838 -0.002395089 0.07130624 0.02669205 -0.002395089 0.07190023 0.02702127 -0.002395089 0.0725294 0.02729793 -0.002395089 0.07320075 0.02753434 -0.002395089 0.07411677 0.02778615 -0.002395089 0.07513981 0.0280259 -0.002395089 0.07629086 0.02829046 -0.002395089 0.07735682 0.02856274 -0.002395089 0.07920983 0.02910324 -0.002395089 0.08086109 0.02966087 -0.002395089 0.08184172 0.0300549 -0.002395089 0.0828713 0.03053497 -0.002395089 0.08379554 0.03105868 -0.002395089 0.08463373 0.03163134 -0.002395089 0.08524316 0.03213074 -0.002395089 0.08595047 0.03280224 -0.002395089 0.08660331 0.03352099 -0.002395089 0.08720866 0.03429929 -0.002395089 0.08776654 0.03513713 -0.002395089 0.08787406 0.03531188 -0.002395089 0.08836951 0.0362259 -0.002395089 0.0887912 0.03718187 -0.002395089 0.08914444 0.0381605 -0.002395089 0.08942392 0.03918108 -0.002395089 0.08964965 0.04032172 -0.002395089 0.08977558 0.04137269 -0.002395089 0.08981208 0.04240945 -0.002395089 0.0897671 0.04340307 -0.002395089 0.08973315 0.04371523 -0.002395089 0.08958932 0.04457797 -0.002395089 0.08936667 0.04538792 -0.002395089 0.08908182 0.04616004 -0.002395089 0.08892855 0.04649126 -0.002395089 0.08854389 0.04717371 -0.002395089 0.0880944 0.04782797 -0.002395089 0.08757041 0.04845138 -0.002395089 0.08689457 0.04913675 -0.002395089 0.08619172 0.04973173 -0.002395089 0.08544162 0.05027225 -0.002395089 0.08464162 0.05076792 -0.002395089 0.08378208 0.05121612 -0.002395089 0.08338002 0.05139599 -0.002395089 0.08239078 0.05178779 -0.002395089 0.08139118 0.05210415 -0.002395089 0.08035227 0.0523371 -0.002395089 0.07930034 0.05250426 -0.002395089 0.07840821 0.05258051 -0.002395089 0.07726708 0.05261944 -0.002395089 0.07610593 0.05258026 -0.002395089 0.07492212 0.05247262 -0.002395089 0.07372263 0.05230882 -0.002395089 0.07249783 0.05208621 -0.002395089 0.07110837 0.05174574 -0.002395089 0.0698339 0.05136428 -0.002395089 0.06862185 0.05090664 -0.002395089 0.06746692 0.05039211 -0.002395089 0.06636477 0.04979875 -0.002395089 0.06592941 0.04953388 -0.002395089 0.06498611 0.04889084 -0.002395089 0.06410693 0.04820321 -0.002395089 0.06329452 0.04746133 -0.002395089 0.06255586 0.04667751 -0.002395089 0.06206767 0.04607661 -0.002395089 0.06149919 0.04527734 -0.002395089 0.06102111 0.04445107 -0.002395089 0.06061148 0.04360212 -0.002395089 0.06040123 0.04304652 -0.002395089 0.06012586 0.04216189 -0.002395089 0.05993824 0.04125989 -0.002395089 0.05981907 0.04033523 -0.002395089 0.05977804 0.0398054 -0.002395089 0.05978952 0.03889592 -0.002395089 0.06917889 0.02345229 -0.002383589 0.06925415 0.02397078 -0.002383589 0.06929852 0.02414891 -0.002383589 0.06947646 0.02463341 -0.002383589 0.06972986 0.02510753 -0.002383589 0.07008931 0.02561081 -0.002383589 0.07048926 0.02604226 -0.002383589 0.07096296 0.02643175 -0.002383589 0.07131854 0.02668506 -0.002383589 0.07190288 0.02701163 -0.002383589 0.07254169 0.02729094 -0.002383589 0.07320605 0.02751506 -0.002383589 0.07412207 0.02776687 -0.002383589 0.07514512 0.02800661 -0.002383589 0.07629351 0.02828082 -0.002383589 0.07735947 0.0285531 -0.002383589 0.07922212 0.02909625 -0.002383589 0.08087338 0.02965388 -0.002383589 0.08184702 0.03003561 -0.002383589 0.08288624 0.03051834 -0.002383589 0.08381048 0.03104205 -0.002383589 0.08464602 0.03162435 -0.002383589 0.08525545 0.03212375 -0.002383589 0.08596541 0.03278561 -0.002383589 0.0866156 0.033514 -0.002383589 0.08722095 0.0342923 -0.002383589 0.08777883 0.03513014 -0.002383589 0.08788635 0.03530489 -0.002383589 0.0883818 0.03621891 -0.002383589 0.0888035 0.03717487 -0.002383589 0.08915408 0.03816315 -0.002383589 0.08944585 0.03917674 -0.002383589 0.08965929 0.04032437 -0.002383589 0.08978523 0.04137534 -0.002383589 0.08982438 0.04240246 -0.002383589 0.08977675 0.04340572 -0.002383589 0.08974279 0.04371788 -0.002383589 0.08959896 0.04458062 -0.002383589 0.08938595 0.04539322 -0.002383589 0.08909146 0.04616269 -0.002383589 0.08893819 0.04649391 -0.002383589 0.08855089 0.047186 -0.002383589 0.08810139 0.04784026 -0.002383589 0.08758705 0.04846632 -0.002383589 0.08690156 0.04914904 -0.002383589 0.08619871 0.04974403 -0.002383589 0.08544862 0.05028454 -0.002383589 0.08464861 0.05078022 -0.002383589 0.08378907 0.05122842 -0.002383589 0.08338436 0.05141792 -0.002383589 0.08239778 0.05180008 -0.002383589 0.08138852 0.05211379 -0.002383589 0.08035926 0.0523494 -0.002383589 0.07929768 0.0525139 -0.002383589 0.07840291 0.0525998 -0.002383589 0.07726443 0.05262908 -0.002383589 0.07610328 0.0525899 -0.002383589 0.07491682 0.05249191 -0.002383589 0.07371733 0.05232811 -0.002383589 0.07249517 0.05209585 -0.002383589 0.07110307 0.05176503 -0.002383589 0.06983125 0.05137392 -0.002383589 0.06861654 0.05092593 -0.002383589 0.06746427 0.05040175 -0.002383589 0.06636212 0.04980839 -0.002383589 0.06591712 0.04954087 -0.002383589 0.06497117 0.04890748 -0.002383589 0.06409199 0.04821984 -0.002383589 0.06327957 0.04747797 -0.002383589 0.06254357 0.0466845 -0.002383589 0.06205273 0.04609325 -0.002383589 0.0614869 0.04528433 -0.002383589 0.06100882 0.04445806 -0.002383589 0.06060184 0.04359947 -0.002383589 0.06038894 0.04305351 -0.002383589 0.06011357 0.04216888 -0.002383589 0.0599163 0.04126423 -0.002383589 0.05979713 0.04033957 -0.002383589 0.05976839 0.03980275 -0.002383589 0.05977023 0.03889061 -0.002383589 0.06918853 0.02345494 -0.002368489 0.06926644 0.02396379 -0.002368489 0.06931081 0.02414192 -0.002368489 0.06948611 0.02463606 -0.002368489 0.06974215 0.02510054 -0.002368489 0.0701016 0.02560382 -0.002368489 0.07050155 0.02603526 -0.002368489 0.07096561 0.02642211 -0.002368489 0.07132384 0.02666577 -0.002368489 0.07190553 0.02700198 -0.002368489 0.07254434 0.0272813 -0.002368489 0.0732087 0.02750541 -0.002368489 0.07412472 0.02775722 -0.002368489 0.07513812 0.02799432 -0.002368489 0.07629616 0.02827117 -0.002368489 0.07736212 0.02854346 -0.002368489 0.07922477 0.02908661 -0.002368489 0.08087603 0.02964424 -0.002368489 0.08184967 0.03002597 -0.002368489 0.08288889 0.03050869 -0.002368489 0.08381313 0.03103241 -0.002368489 0.08464868 0.03161471 -0.002368489 0.08526774 0.03211676 -0.002368489 0.08596806 0.03277596 -0.002368489 0.08662789 0.03350701 -0.002368489 0.08723325 0.0342853 -0.002368489 0.08779112 0.03512314 -0.002368489 0.08789865 0.0352979 -0.002368489 0.08839145 0.03622156 -0.002368489 0.08881579 0.03716788 -0.002368489 0.08916637 0.03815616 -0.002368489 0.08945549 0.03917939 -0.002368489 0.08968123 0.04032003 -0.002368489 0.08979752 0.04136835 -0.002368489 0.08983402 0.04240511 -0.002368489 0.08978639 0.04340837 -0.002368489 0.08975243 0.04372053 -0.002368489 0.08960861 0.04458327 -0.002368489 0.0893956 0.04539587 -0.002368489 0.0891081 0.04617763 -0.002368489 0.08894518 0.0465062 -0.002368489 0.08856053 0.04718865 -0.002368489 0.08811103 0.04784291 -0.002368489 0.08759404 0.04847861 -0.002368489 0.08690855 0.04916134 -0.002368489 0.08620836 0.04974668 -0.002368489 0.08545561 0.05029683 -0.002368489 0.08464596 0.05078986 -0.002368489 0.08379606 0.05124071 -0.002368489 0.08338436 0.05141792 -0.002368489 0.08240477 0.05181238 -0.002368489 0.08139552 0.05212608 -0.002368489 0.08035661 0.05235904 -0.002368489 0.07930468 0.05252619 -0.002368489 0.0784099 0.05261209 -0.002368489 0.07726178 0.05263872 -0.002368489 0.07609798 0.05260918 -0.002368489 0.07491416 0.05250155 -0.002368489 0.07371468 0.05233775 -0.002368489 0.07249252 0.0521055 -0.002368489 0.07110042 0.05177467 -0.002368489 0.0698286 0.05138357 -0.002368489 0.06861389 0.05093557 -0.002368489 0.06745197 0.05040875 -0.002368489 0.06635947 0.04981804 -0.002368489 0.06591447 0.04955051 -0.002368489 0.06496852 0.04891712 -0.002368489 0.06408934 0.04822949 -0.002368489 0.06327692 0.04748761 -0.002368489 0.06253127 0.04669149 -0.002368489 0.06204309 0.0460906 -0.002368489 0.06148425 0.04529398 -0.002368489 0.06099652 0.04446505 -0.002368489 0.06058954 0.04360646 -0.002368489 0.06037929 0.04305086 -0.002368489 0.06010393 0.04216623 -0.002368489 0.05990666 0.04126158 -0.002368489 0.05978749 0.04033692 -0.002368489 0.0597561 0.03980974 -0.002368489 0.05975794 0.03889761 -0.002368489 0.05983957 0.03799703 -0.002350889 0.05984921 0.03799968 -0.002368489 0.05985885 0.03800233 -0.002383589 0.05987814 0.03800763 -0.002395089 0.05988778 0.03801028 -0.002402389 0.05990972 0.03800594 -0.002404889 0.06001762 0.03712296 -0.002368489 0.06002726 0.03712561 -0.002383589 0.06003691 0.03712826 -0.002395089 0.06005619 0.03713356 -0.002402389 0.06021642 0.03639979 -0.002350889 0.06021642 0.03639979 -0.002368489 0.0602357 0.03640509 -0.002383589 0.06024534 0.03640774 -0.002395089 0.06026463 0.03641304 -0.002402389 0.06028391 0.03641834 -0.002404889 0.06052055 0.03563297 -0.002368489 0.06053019 0.03563562 -0.002383589 0.06053983 0.03563827 -0.002395089 0.06055647 0.03565322 -0.002402389 0.06057575 0.03565852 -0.002404889 0.06920463 0.02286822 -0.000291089 0.06114549 0.03452914 -0.000226189 0.06116477 0.03453444 -0.000221089 0.0609228 0.03492424 -0.000221089 0.06116477 0.03453444 -0.000220389 0.06117442 0.03453709 -0.000218689 0.06090351 0.03491894 -0.000228389 0.06114814 0.0345195 -0.000229689 0.0611385 0.03451685 -0.000240489 0.0611385 0.03451685 -0.000239989 0.06089652 0.03490665 -0.000239989 0.06112186 0.0345019 -0.000260589 0.06111921 0.03451154 -0.000255089 0.06088688 0.034904 -0.000255089 0.06112885 0.03451419 -0.000245989 0.06112186 0.0345019 -0.000284189 0.06112186 0.0345019 -0.000272689 0.06087723 0.03490135 -0.000272689 0.06112186 0.0345019 -0.000267389 0.06919572 0.02293836 -0.000272689 0.06920463 0.02286822 -0.000272589 0.06920463 0.02286822 -0.000283789 0.06919499 0.02286557 -0.000255089 0.06919499 0.02286557 -0.000260389 0.06918607 0.02293571 -0.000255089 0.06920463 0.02286822 -0.000267089 0.06917643 0.02293306 -0.000239989 0.06918534 0.02286292 -0.000239989 0.06918534 0.02286292 -0.000245889 0.0691757 0.02286027 -0.000235189 0.06916679 0.02293041 -0.000228389 0.0691757 0.02286027 -0.000230789 0.06916871 0.02284797 -0.000228389 0.06914942 0.02284267 -0.000220889 0.06915907 0.02284532 -0.000221089 0.06914485 0.02293475 -0.000221089 0.06915907 0.02284532 -0.000222989 0.06912557 0.02292945 -0.000218589 0.06913978 0.02284002 -0.000218589 0.06919818 0.02345759 -0.000272689 0.06974215 0.02510054 -0.000272689 0.0694984 0.02462907 -0.000272689 0.06927609 0.02396644 -0.000272689 0.06932046 0.02414457 -0.000272689 0.07010426 0.02559418 -0.000272689 0.0705042 0.02602562 -0.000272689 0.07096826 0.02641246 -0.000272689 0.07132384 0.02666577 -0.000272689 0.07190818 0.02699234 -0.000272689 0.07254699 0.02727166 -0.000272689 0.07321135 0.02749577 -0.000272689 0.07412737 0.02774758 -0.000272689 0.07514077 0.02798468 -0.000272689 0.07629881 0.02826153 -0.000272689 0.08185232 0.03001633 -0.000272689 0.08087868 0.0296346 -0.000272689 0.07736477 0.02853382 -0.000272689 0.07922742 0.02907696 -0.000272689 0.08465133 0.03160506 -0.000272689 0.08381313 0.03103241 -0.000272689 0.08288889 0.03050869 -0.000272689 0.08527039 0.03210711 -0.000272689 0.0859777 0.03277861 -0.000272689 0.08663054 0.03349737 -0.000272689 0.0872359 0.03427566 -0.000272689 0.0883941 0.03621191 -0.000272689 0.08789865 0.0352979 -0.000272689 0.08779377 0.0351135 -0.000272689 0.08882543 0.03717053 -0.000272689 0.08917602 0.03815881 -0.000272689 0.08945549 0.03917939 -0.000272689 0.08968123 0.04032003 -0.000272689 0.08979603 0.04341102 -0.000272689 0.08984366 0.04240776 -0.000272689 0.08980716 0.041371 -0.000272689 0.0891081 0.04617763 -0.000272689 0.08940524 0.04539852 -0.000272689 0.08976472 0.04371354 -0.000272689 0.08961825 0.04458592 -0.000272689 0.08895482 0.04650885 -0.000272689 0.08857017 0.0471913 -0.000272689 0.08811802 0.0478552 -0.000272689 0.08759404 0.04847861 -0.000272689 0.0869182 0.04916399 -0.000272689 0.08621535 0.04975897 -0.000272689 0.08546525 0.05029948 -0.000272689 0.08465561 0.05079251 -0.000272689 0.08379606 0.05124071 -0.000272689 0.08339135 0.05143021 -0.000272689 0.08240212 0.05182202 -0.000272689 0.08139287 0.05213573 -0.000272689 0.0803636 0.05237133 -0.000272689 0.07930203 0.05253583 -0.000272689 0.0784099 0.05261209 -0.000272689 0.07725913 0.05264836 -0.000272689 0.07609798 0.05260918 -0.000272689 0.07492116 0.05251384 -0.000272689 0.07371468 0.05233775 -0.000272689 0.07248987 0.05211514 -0.000272689 0.07109777 0.05178431 -0.000272689 0.06744932 0.05041839 -0.000272689 0.06861124 0.05094521 -0.000272689 0.06982594 0.05139321 -0.000272689 0.06407969 0.04822684 -0.000272689 0.06496587 0.04892676 -0.000272689 0.06635682 0.04982768 -0.000272689 0.06591182 0.04956015 -0.000272689 0.06326728 0.04748496 -0.000272689 0.06252862 0.04670113 -0.000272689 0.06204043 0.04610024 -0.000272689 0.06147196 0.04530097 -0.000272689 0.06099387 0.04447469 -0.000272689 0.06058689 0.04361611 -0.000272689 0.060367 0.04305785 -0.000272689 0.06010128 0.04217587 -0.000272689 0.05990666 0.04126158 -0.000272689 0.05983957 0.03799703 -0.000272689 0.05975794 0.03889761 -0.000272689 0.05977785 0.04033427 -0.000272689 0.05974646 0.03980709 -0.000272689 0.06000798 0.03712031 -0.000272689 0.06021642 0.03639979 -0.000272689 0.06051091 0.03563032 -0.000272689 0.06052055 0.03563297 -0.000255089 0.06021642 0.03639979 -0.000255089 0.06001762 0.03712296 -0.000255089 0.05984921 0.03799968 -0.000255089 0.05975794 0.03889761 -0.000255089 0.0597561 0.03980974 -0.000255089 0.05978749 0.04033692 -0.000255089 0.05990666 0.04126158 -0.000255089 0.06010393 0.04216623 -0.000255089 0.06037929 0.04305086 -0.000255089 0.06058954 0.04360646 -0.000255089 0.06099652 0.04446505 -0.000255089 0.06148425 0.04529398 -0.000255089 0.06204309 0.0460906 -0.000255089 0.06253127 0.04669149 -0.000255089 0.06327692 0.04748761 -0.000255089 0.06408934 0.04822949 -0.000255089 0.06496852 0.04891712 -0.000255089 0.06591447 0.04955051 -0.000255089 0.06635947 0.04981804 -0.000255089 0.06745197 0.05040875 -0.000255089 0.06861389 0.05093557 -0.000255089 0.0698286 0.05138357 -0.000255089 0.07110042 0.05177467 -0.000255089 0.07249252 0.0521055 -0.000255089 0.07371468 0.05233775 -0.000255089 0.07491416 0.05250155 -0.000255089 0.07609798 0.05260918 -0.000255089 0.07726178 0.05263872 -0.000255089 0.0784099 0.05261209 -0.000255089 0.07930468 0.05252619 -0.000255089 0.08035661 0.05235904 -0.000255089 0.08139552 0.05212608 -0.000255089 0.08240477 0.05181238 -0.000255089 0.08338436 0.05141792 -0.000255089 0.08379606 0.05124071 -0.000255089 0.08464596 0.05078986 -0.000255089 0.08545561 0.05029683 -0.000255089 0.08620836 0.04974668 -0.000255089 0.08690855 0.04916134 -0.000255089 0.08759404 0.04847861 -0.000255089 0.08811103 0.04784291 -0.000255089 0.08856053 0.04718865 -0.000255089 0.08894518 0.0465062 -0.000255089 0.0891081 0.04617763 -0.000255089 0.0893956 0.04539587 -0.000255089 0.08960861 0.04458327 -0.000255089 0.08975243 0.04372053 -0.000255089 0.08978639 0.04340837 -0.000255089 0.08983402 0.04240511 -0.000255089 0.08979752 0.04136835 -0.000255089 0.08968123 0.04032003 -0.000255089 0.08945549 0.03917939 -0.000255089 0.08916637 0.03815616 -0.000255089 0.08881579 0.03716788 -0.000255089 0.08839145 0.03622156 -0.000255089 0.08789865 0.0352979 -0.000255089 0.08779112 0.03512314 -0.000255089 0.08723325 0.0342853 -0.000255089 0.08662789 0.03350701 -0.000255089 0.08596806 0.03277596 -0.000255089 0.08526774 0.03211676 -0.000255089 0.08464868 0.03161471 -0.000255089 0.08381313 0.03103241 -0.000255089 0.08288889 0.03050869 -0.000255089 0.08184967 0.03002597 -0.000255089 0.08087603 0.02964424 -0.000255089 0.07922477 0.02908661 -0.000255089 0.07736212 0.02854346 -0.000255089 0.07629616 0.02827117 -0.000255089 0.07513812 0.02799432 -0.000255089 0.07412472 0.02775722 -0.000255089 0.0732087 0.02750541 -0.000255089 0.07254434 0.0272813 -0.000255089 0.07190553 0.02700198 -0.000255089 0.07132384 0.02666577 -0.000255089 0.07096561 0.02642211 -0.000255089 0.07050155 0.02603526 -0.000255089 0.0701016 0.02560382 -0.000255089 0.06974215 0.02510054 -0.000255089 0.06948611 0.02463606 -0.000255089 0.06931081 0.02414192 -0.000255089 0.06926644 0.02396379 -0.000255089 0.06918853 0.02345494 -0.000255089 0.06053019 0.03563562 -0.000239989 0.0602357 0.03640509 -0.000239989 0.06002726 0.03712561 -0.000239989 0.05985885 0.03800233 -0.000239989 0.05977023 0.03889061 -0.000239989 0.05976839 0.03980275 -0.000239989 0.05979713 0.04033957 -0.000239989 0.0599163 0.04126423 -0.000239989 0.06011357 0.04216888 -0.000239989 0.06038894 0.04305351 -0.000239989 0.06060184 0.04359947 -0.000239989 0.06100882 0.04445806 -0.000239989 0.0614869 0.04528433 -0.000239989 0.06205273 0.04609325 -0.000239989 0.06254357 0.0466845 -0.000239989 0.06327957 0.04747797 -0.000239989 0.06409199 0.04821984 -0.000239989 0.06497117 0.04890748 -0.000239989 0.06591712 0.04954087 -0.000239989 0.06636212 0.04980839 -0.000239989 0.06746427 0.05040175 -0.000239989 0.06861654 0.05092593 -0.000239989 0.06983125 0.05137392 -0.000239989 0.07110307 0.05176503 -0.000239989 0.07249517 0.05209585 -0.000239989 0.07371733 0.05232811 -0.000239989 0.07491682 0.05249191 -0.000239989 0.07610328 0.0525899 -0.000239989 0.07726443 0.05262908 -0.000239989 0.07840291 0.0525998 -0.000239989 0.07929768 0.0525139 -0.000239989 0.08035926 0.0523494 -0.000239989 0.08138852 0.05211379 -0.000239989 0.08239778 0.05180008 -0.000239989 0.08338436 0.05141792 -0.000239989 0.08378907 0.05122842 -0.000239989 0.08464861 0.05078022 -0.000239989 0.08544862 0.05028454 -0.000239989 0.08619871 0.04974403 -0.000239989 0.08690156 0.04914904 -0.000239989 0.08758705 0.04846632 -0.000239989 0.08810139 0.04784026 -0.000239989 0.08855089 0.047186 -0.000239989 0.08893819 0.04649391 -0.000239989 0.08909146 0.04616269 -0.000239989 0.08938595 0.04539322 -0.000239989 0.08959896 0.04458062 -0.000239989 0.08974279 0.04371788 -0.000239989 0.08977675 0.04340572 -0.000239989 0.08982438 0.04240246 -0.000239989 0.08978523 0.04137534 -0.000239989 0.08965929 0.04032437 -0.000239989 0.08944585 0.03917674 -0.000239989 0.08915408 0.03816315 -0.000239989 0.0888035 0.03717487 -0.000239989 0.0883818 0.03621891 -0.000239989 0.08788635 0.03530489 -0.000239989 0.08777883 0.03513014 -0.000239989 0.08722095 0.0342923 -0.000239989 0.0866156 0.033514 -0.000239989 0.08596541 0.03278561 -0.000239989 0.08525545 0.03212375 -0.000239989 0.08464602 0.03162435 -0.000239989 0.08381048 0.03104205 -0.000239989 0.08288624 0.03051834 -0.000239989 0.08184702 0.03003561 -0.000239989 0.08087338 0.02965388 -0.000239989 0.07922212 0.02909625 -0.000239989 0.07735947 0.0285531 -0.000239989 0.07629351 0.02828082 -0.000239989 0.07514512 0.02800661 -0.000239989 0.07412207 0.02776687 -0.000239989 0.07320605 0.02751506 -0.000239989 0.07254169 0.02729094 -0.000239989 0.07190288 0.02701163 -0.000239989 0.07131854 0.02668506 -0.000239989 0.07096296 0.02643175 -0.000239989 0.07048926 0.02604226 -0.000239989 0.07008931 0.02561081 -0.000239989 0.06972986 0.02510753 -0.000239989 0.06947646 0.02463341 -0.000239989 0.06929852 0.02414891 -0.000239989 0.06925415 0.02397078 -0.000239989 0.06917889 0.02345229 -0.000239989 0.06053983 0.03563827 -0.000228389 0.06024534 0.03640774 -0.000228389 0.06003691 0.03712826 -0.000228389 0.05987814 0.03800763 -0.000228389 0.05978952 0.03889592 -0.000228389 0.05977804 0.0398054 -0.000228389 0.05981907 0.04033523 -0.000228389 0.05993824 0.04125989 -0.000228389 0.06012586 0.04216189 -0.000228389 0.06040123 0.04304652 -0.000228389 0.06061148 0.04360212 -0.000228389 0.06102111 0.04445107 -0.000228389 0.06149919 0.04527734 -0.000228389 0.06206767 0.04607661 -0.000228389 0.06255586 0.04667751 -0.000228389 0.06329452 0.04746133 -0.000228389 0.06410693 0.04820321 -0.000228389 0.06498611 0.04889084 -0.000228389 0.06592941 0.04953388 -0.000228389 0.06636477 0.04979875 -0.000228389 0.06746692 0.05039211 -0.000228389 0.06862185 0.05090664 -0.000228389 0.0698339 0.05136428 -0.000228389 0.07110837 0.05174574 -0.000228389 0.07249783 0.05208621 -0.000228389 0.07372263 0.05230882 -0.000228389 0.07492212 0.05247262 -0.000228389 0.07610593 0.05258026 -0.000228389 0.07726708 0.05261944 -0.000228389 0.07840821 0.05258051 -0.000228389 0.07930034 0.05250426 -0.000228389 0.08035227 0.0523371 -0.000228389 0.08139118 0.05210415 -0.000228389 0.08239078 0.05178779 -0.000228389 0.08338002 0.05139599 -0.000228389 0.08378208 0.05121612 -0.000228389 0.08464162 0.05076792 -0.000228389 0.08544162 0.05027225 -0.000228389 0.08619172 0.04973173 -0.000228389 0.08689457 0.04913675 -0.000228389 0.08757041 0.04845138 -0.000228389 0.0880944 0.04782797 -0.000228389 0.08854389 0.04717371 -0.000228389 0.08892855 0.04649126 -0.000228389 0.08908182 0.04616004 -0.000228389 0.08936667 0.04538792 -0.000228389 0.08958932 0.04457797 -0.000228389 0.08973315 0.04371523 -0.000228389 0.0897671 0.04340307 -0.000228389 0.08981208 0.04240945 -0.000228389 0.08977558 0.04137269 -0.000228389 0.08964965 0.04032172 -0.000228389 0.08942392 0.03918108 -0.000228389 0.08914444 0.0381605 -0.000228389 0.0887912 0.03718187 -0.000228389 0.08836951 0.0362259 -0.000228389 0.08787406 0.03531188 -0.000228389 0.08776654 0.03513713 -0.000228389 0.08720866 0.03429929 -0.000228389 0.08660331 0.03352099 -0.000228389 0.08595047 0.03280224 -0.000228389 0.08524316 0.03213074 -0.000228389 0.08463373 0.03163134 -0.000228389 0.08379554 0.03105868 -0.000228389 0.0828713 0.03053497 -0.000228389 0.08184172 0.0300549 -0.000228389 0.08086109 0.02966087 -0.000228389 0.07920983 0.02910324 -0.000228389 0.07735682 0.02856274 -0.000228389 0.07629086 0.02829046 -0.000228389 0.07513981 0.0280259 -0.000228389 0.07411677 0.02778615 -0.000228389 0.07320075 0.02753434 -0.000228389 0.0725294 0.02729793 -0.000228389 0.07190023 0.02702127 -0.000228389 0.07130624 0.02669205 -0.000228389 0.07094802 0.02644838 -0.000228389 0.07048661 0.0260519 -0.000228389 0.07007702 0.0256178 -0.000228389 0.06971756 0.02511452 -0.000228389 0.06946417 0.0246404 -0.000228389 0.06928888 0.02414626 -0.000228389 0.06924186 0.02397777 -0.000228389 0.06915696 0.02345663 -0.000228389 0.06055647 0.03565322 -0.000221089 0.06026463 0.03641304 -0.000221089 0.06005619 0.03713356 -0.000221089 0.05988778 0.03801028 -0.000221089 0.0598088 0.03890122 -0.000221089 0.05979997 0.03980106 -0.000221089 0.05983136 0.04032824 -0.000221089 0.05995053 0.0412529 -0.000221089 0.0601478 0.04215755 -0.000221089 0.06041352 0.04303953 -0.000221089 0.06063607 0.04358814 -0.000221089 0.0610334 0.04444407 -0.000221089 0.06152113 0.045273 -0.000221089 0.06207996 0.04606962 -0.000221089 0.06256815 0.04667052 -0.000221089 0.06330681 0.04745434 -0.000221089 0.06411922 0.04819622 -0.000221089 0.06498876 0.0488812 -0.000221089 0.06593471 0.04951459 -0.000221089 0.06637972 0.04978212 -0.000221089 0.06747222 0.05037283 -0.000221089 0.06862715 0.05088736 -0.000221089 0.0698392 0.051345 -0.000221089 0.07111102 0.0517361 -0.000221089 0.07250313 0.05206693 -0.000221089 0.07372793 0.05228954 -0.000221089 0.07492742 0.05245334 -0.000221089 0.07610159 0.05255832 -0.000221089 0.07726274 0.0525975 -0.000221089 0.07840387 0.05255858 -0.000221089 0.07929599 0.05248232 -0.000221089 0.08035757 0.05231782 -0.000221089 0.08138683 0.05208221 -0.000221089 0.08238644 0.05176586 -0.000221089 0.08337303 0.05138369 -0.000221089 0.08377774 0.05119419 -0.000221089 0.08462499 0.05075298 -0.000221089 0.08543463 0.05025995 -0.000221089 0.08618473 0.04971944 -0.000221089 0.08687794 0.04912181 -0.000221089 0.08756077 0.04844873 -0.000221089 0.08807511 0.04782267 -0.000221089 0.08852461 0.04716841 -0.000221089 0.08890926 0.04648595 -0.000221089 0.08906254 0.04615474 -0.000221089 0.08935703 0.04538527 -0.000221089 0.08957004 0.04457267 -0.000221089 0.08971386 0.04370993 -0.000221089 0.08974517 0.04340741 -0.000221089 0.0897928 0.04240415 -0.000221089 0.08975365 0.04137703 -0.000221089 0.08962772 0.04032606 -0.000221089 0.08941162 0.03918808 -0.000221089 0.08913215 0.03816749 -0.000221089 0.08877891 0.03718886 -0.000221089 0.08835722 0.03623289 -0.000221089 0.08786177 0.03531887 -0.000221089 0.08775424 0.03514412 -0.000221089 0.08719637 0.03430628 -0.000221089 0.08659101 0.03352798 -0.000221089 0.08593818 0.03280923 -0.000221089 0.08523786 0.03215002 -0.000221089 0.08461879 0.03164797 -0.000221089 0.08379024 0.03107797 -0.000221089 0.082866 0.03055425 -0.000221089 0.08182943 0.03006189 -0.000221089 0.08085578 0.02968016 -0.000221089 0.07920453 0.02912253 -0.000221089 0.07735151 0.02858203 -0.000221089 0.07628556 0.02830974 -0.000221089 0.07513716 0.02803554 -0.000221089 0.07411412 0.02779579 -0.000221089 0.07319545 0.02755363 -0.000221089 0.0725241 0.02731722 -0.000221089 0.07188528 0.0270379 -0.000221089 0.07130094 0.02671134 -0.000221089 0.07093573 0.02645537 -0.000221089 0.07047166 0.02606853 -0.000221089 0.07006473 0.0256248 -0.000221089 0.06970262 0.02513116 -0.000221089 0.06945188 0.02464739 -0.000221089 0.06926694 0.0241506 -0.000221089 0.06921992 0.02398211 -0.000221089 0.06914466 0.02346362 -0.000221089 0.06912538 0.02345832 -0.000218589 0.06925465 0.0241576 -0.000218589 0.06942729 0.02466138 -0.000218589 0.07045937 0.02607552 -0.000218589 0.071286 0.02672797 -0.000218589 0.07187998 0.02705719 -0.000218589 0.0731928 0.02756327 -0.000218589 0.07410882 0.02781508 -0.000218589 0.07513186 0.02805482 -0.000218589 0.07734621 0.02860131 -0.000218589 0.07919923 0.02914181 -0.000218589 0.08182413 0.03008117 -0.000218589 0.0828607 0.03057354 -0.000218589 0.08377795 0.03108496 -0.000218589 0.08522556 0.03215702 -0.000218589 0.08592323 0.03282587 -0.000218589 0.08657607 0.03354462 -0.000218589 0.08718142 0.03432291 -0.000218589 0.08783718 0.03533285 -0.000218589 0.08833263 0.03624687 -0.000218589 0.08875697 0.0371932 -0.000218589 0.08911021 0.03817183 -0.000218589 0.08961542 0.04033305 -0.000218589 0.08973436 0.04137173 -0.000218589 0.08977086 0.04240849 -0.000218589 0.08969458 0.04370463 -0.000218589 0.08955075 0.04456736 -0.000218589 0.08933774 0.04537997 -0.000218589 0.08889263 0.04647101 -0.000218589 0.08850798 0.04715347 -0.000218589 0.08805848 0.04780772 -0.000218589 0.08687095 0.04910952 -0.000218589 0.0861681 0.0497045 -0.000218589 0.085418 0.05024501 -0.000218589 0.08462065 0.05073105 -0.000218589 0.0833564 0.05136875 -0.000218589 0.08237945 0.05175356 -0.000218589 0.08138249 0.05206028 -0.000218589 0.08035058 0.05230553 -0.000218589 0.07840652 0.05254894 -0.000218589 0.07726804 0.05257822 -0.000218589 0.07610689 0.05253904 -0.000218589 0.07492043 0.05244105 -0.000218589 0.07372359 0.0522676 -0.000218589 0.07111632 0.05171682 -0.000218589 0.0698445 0.05132571 -0.000218589 0.06863944 0.05088037 -0.000218589 0.06748716 0.05035619 -0.000218589 0.06594965 0.04949796 -0.000218589 0.06500371 0.04886457 -0.000218589 0.06412453 0.04817693 -0.000218589 0.06332175 0.04743771 -0.000218589 0.06209491 0.04605299 -0.000218589 0.06153342 0.04526601 -0.000218589 0.06105534 0.04443973 -0.000218589 0.06043546 0.04303519 -0.000218589 0.06016973 0.04215321 -0.000218589 0.05997246 0.04124856 -0.000218589 0.05981926 0.03980636 -0.000218589 0.0598211 0.03889423 -0.000218589 0.05990972 0.03800594 -0.000218589 0.06028391 0.03641834 -0.000218589 0.06057575 0.03565852 -0.000218589 0.06093943 0.03493919 -0.000218589 0.06220237 0.03321217 -0.000272689 0.06415326 0.03132166 -0.000272689 0.06468158 0.03072018 -0.000272689 0.06534751 0.02973132 -0.000272689 0.06582612 0.02855615 -0.000272889 0.06595596 0.02766883 -0.000272689 0.06090173 0.02406006 -0.000283689 0.06090173 0.02406006 -0.000272589 0.06112857 0.02421576 -0.000272689 0.06090173 0.02406006 -0.000266989 0.06090438 0.02405042 -0.000260389 0.06113122 0.02420612 -0.000255089 0.06090703 0.02404078 -0.000245889 0.06090703 0.02404078 -0.000239989 0.06114352 0.02419912 -0.000239989 0.06090968 0.02403113 -0.000235289 0.06090968 0.02403113 -0.000230789 0.06114617 0.02418948 -0.000228389 0.06092463 0.0240145 -0.000222989 0.06092463 0.0240145 -0.000221089 0.06116111 0.02417285 -0.000221089 0.0611385 0.03451685 -0.000239989 0.06156414 0.03394937 -0.000239989 0.06157113 0.03396166 -0.000228389 0.06112186 0.0345019 -0.000284189 0.0615475 0.03393443 -0.000272689 0.06112186 0.0345019 -0.000272689 0.06112885 0.03451419 -0.000245989 0.06111921 0.03451154 -0.000255089 0.0615545 0.03394672 -0.000255089 0.06112186 0.0345019 -0.000260589 0.06112186 0.0345019 -0.000267389 0.0611385 0.03451685 -0.000240489 0.06158776 0.03397661 -0.000221089 0.06114549 0.03452914 -0.000226189 0.06114814 0.0345195 -0.000229689 0.06117442 0.03453709 -0.000218689 0.06159741 0.03397926 -0.000218589 0.06092728 0.02400486 -0.000220889 0.06116641 0.02415356 -0.000218589 0.06092993 0.02399522 -0.000218589 0.06090173 0.02406006 -0.000290989 0.06161745 0.0244746 -0.000272689 0.06215116 0.02468354 -0.000272689 0.0627244 0.02486186 -0.000272689 0.06334585 0.02505344 -0.000272689 0.06401985 0.0252802 -0.000272689 0.06458851 0.0255506 -0.000272689 0.06492311 0.02576704 -0.000272689 0.06528472 0.02607386 -0.000272689 0.06547108 0.02630139 -0.000272689 0.0657124 0.02666849 -0.000272689 0.06584598 0.02697485 -0.000272689 0.06593641 0.0273627 -0.000272689 0.06164565 0.02440975 -0.000218589 0.06164035 0.02442904 -0.000221089 0.06217936 0.02461869 -0.000218589 0.06216441 0.02463533 -0.000221089 0.06275259 0.02479702 -0.000218589 0.06274729 0.0248163 -0.000221089 0.06336175 0.02499558 -0.000221089 0.0640331 0.02523199 -0.000221089 0.06461141 0.02550504 -0.000221089 0.0649706 0.02570749 -0.000218589 0.06495565 0.02572413 -0.000221089 0.06531461 0.02604059 -0.000221089 0.06552555 0.02625414 -0.000218589 0.06551326 0.02626113 -0.000221089 0.06576158 0.02664052 -0.000221089 0.06590214 0.02695918 -0.000221089 0.06598992 0.02735667 -0.000221089 0.06602611 0.02767774 -0.000218589 0.06600683 0.02767244 -0.000221089 0.06163505 0.02444832 -0.000228389 0.06215911 0.02465461 -0.000228389 0.06273235 0.02483293 -0.000228389 0.06335645 0.02501487 -0.000228389 0.0640278 0.02525127 -0.000228389 0.06460611 0.02552433 -0.000228389 0.06495035 0.02574341 -0.000228389 0.06530232 0.02604758 -0.000228389 0.06549831 0.02627777 -0.000228389 0.06573964 0.02664487 -0.000228389 0.06588021 0.02696352 -0.000228389 0.06597064 0.02735136 -0.000228389 0.06599453 0.02767943 -0.000228389 0.0616324 0.02445797 -0.000239989 0.06215646 0.02466425 -0.000239989 0.0627297 0.02484258 -0.000239989 0.06335115 0.02503415 -0.000239989 0.06402515 0.02526092 -0.000239989 0.06459382 0.02553132 -0.000239989 0.06493806 0.0257504 -0.000239989 0.06529701 0.02606687 -0.000239989 0.06548602 0.02628476 -0.000239989 0.06572735 0.02665186 -0.000239989 0.06586791 0.02697051 -0.000239989 0.06595834 0.02735836 -0.000239989 0.06597525 0.02767413 -0.000239989 0.0616201 0.02446496 -0.000255089 0.06215381 0.0246739 -0.000255089 0.0627244 0.02486186 -0.000255089 0.0633485 0.02504379 -0.000255089 0.0640225 0.02527056 -0.000255089 0.06459116 0.02554096 -0.000255089 0.06493541 0.02576004 -0.000255089 0.06528472 0.02607386 -0.000255089 0.06548337 0.0262944 -0.000255089 0.06571506 0.02665885 -0.000255089 0.06585562 0.0269775 -0.000255089 0.0659487 0.02735571 -0.000255089 0.06596561 0.02767148 -0.000255089 0.06591913 0.02810465 -0.000272689 0.06592877 0.02810731 -0.000255089 0.06593841 0.02810996 -0.000239989 0.06596035 0.02810561 -0.000228389 0.06596999 0.02810827 -0.000221089 0.06583577 0.0285588 -0.000255089 0.06584541 0.02856145 -0.000239989 0.06585505 0.0285641 -0.000228389 0.06587434 0.02856941 -0.000221089 0.06566613 0.02917591 -0.000221089 0.06564684 0.02917061 -0.000228389 0.0656372 0.02916796 -0.000239989 0.06562756 0.02916531 -0.000255089 0.06562057 0.02915302 -0.000272889 0.06534751 0.02973132 -0.000255089 0.06535715 0.02973398 -0.000239989 0.06537379 0.02974892 -0.000228389 0.06539307 0.02975422 -0.000221089 0.06540006 0.02976651 -0.000218589 0.06504023 0.03032097 -0.000221089 0.06502359 0.03030602 -0.000228389 0.0650166 0.03029373 -0.000239989 0.06500696 0.03029108 -0.000255089 0.06499732 0.03028843 -0.000272689 0.06468158 0.03072018 -0.000255089 0.06468857 0.03073248 -0.000239989 0.06470786 0.03073778 -0.000228389 0.06471485 0.03075007 -0.000221089 0.06419352 0.03136384 -0.000221089 0.06417688 0.03134889 -0.000228389 0.06416989 0.0313366 -0.000239989 0.06416025 0.03133395 -0.000255089 0.06355213 0.03192386 -0.000272689 0.06355912 0.03193615 -0.000255089 0.06356877 0.03193881 -0.000239989 0.06357576 0.0319511 -0.000228389 0.06359239 0.03196604 -0.000221089 0.0628799 0.03255837 -0.000272689 0.06288954 0.03256103 -0.000255089 0.06289654 0.03257332 -0.000239989 0.06290353 0.03258561 -0.000228389 0.06292016 0.03260055 -0.000221089 0.06220936 0.03322446 -0.000255089 0.062219 0.03322712 -0.000239989 0.062226 0.03323941 -0.000228389 0.06224263 0.03325435 -0.000221089 0.06224962 0.03326664 -0.000218589 0.06920993 0.02284893 -0.000283789 0.06920993 0.02284893 -0.000272589 0.07191335 0.0157309 -0.000272689 0.06920029 0.02284628 -0.000260389 0.06920029 0.02284628 -0.000255089 0.07190371 0.01572825 -0.000255089 0.069181 0.02284098 -0.000230789 0.06916871 0.02284797 -0.000228389 0.07187478 0.0157203 -0.000228389 0.07186779 0.01570801 -0.000221089 0.06915907 0.02284532 -0.000222989 0.06915907 0.02284532 -0.000221089 0.06914942 0.02284267 -0.000220889 0.07189406 0.0157256 -0.000239989 0.06919064 0.02284363 -0.000245889 0.06919064 0.02284363 -0.000239989 0.069181 0.02284098 -0.000235189 0.06920993 0.02284893 -0.000267089 0.06920993 0.02284893 -0.000291089 0.04213594 0.01721097 -0.000272689 0.02752725 0.01217876 -0.000272689 0.02131998 0.01016128 -0.000272689 0.006554914 0.005697967 -0.000272689 0.06088245 0.02405476 -0.000290989 0.0608851 0.02404512 -0.000260389 0.0608851 0.02404512 -0.000266989 0.05798418 0.02297802 -0.000272689 0.0608851 0.02404512 -0.000272589 0.06088245 0.02405476 -0.000283689 0.0608851 0.02404512 -0.000255089 0.05798683 0.02296838 -0.000255089 0.06089739 0.02403813 -0.000245889 0.06089739 0.02403813 -0.000239989 0.05798948 0.02295874 -0.000239989 0.06090004 0.02402848 -0.000235289 0.05799478 0.02293946 -0.000228389 0.06090269 0.02401884 -0.000228389 0.06090269 0.02401884 -0.000230789 0.06091763 0.02400221 -0.000220889 0.05800708 0.02293246 -0.000221089 0.06091763 0.02400221 -0.000221089 0.06091498 0.02401185 -0.000222989 0.01194305 0.007262106 -0.000272689 0.0119457 0.007252464 -0.000255089 0.006557565 0.005688324 -0.000255089 0.01194835 0.007242821 -0.000239989 0.006560215 0.005678682 -0.000239989 0.011951 0.007233179 -0.000228389 0.006565516 0.005659397 -0.000228389 0.0119563 0.007213894 -0.000221089 0.006568167 0.005649755 -0.000221089 0.01760888 0.008985553 -0.000272689 0.01760888 0.008985553 -0.000255089 0.01761419 0.008966269 -0.000239989 0.01761684 0.008956626 -0.000228389 0.01762214 0.008937342 -0.000221089 0.02132264 0.01015164 -0.000255089 0.02132529 0.010142 -0.000239989 0.02133059 0.01012271 -0.000228389 0.02133324 0.01011307 -0.000221089 0.02754051 0.01213055 -0.000221089 0.02753521 0.01214983 -0.000228389 0.02753256 0.01215947 -0.000239989 0.02752725 0.01217876 -0.000255089 0.0338553 0.01432278 -0.000272689 0.03385795 0.01431313 -0.000255089 0.0338606 0.01430349 -0.000239989 0.0338659 0.01428421 -0.000228389 0.03386855 0.01427456 -0.000221089 0.04213594 0.01721097 -0.000255089 0.04214124 0.01719168 -0.000239989 0.04214389 0.01718204 -0.000228389 0.04214919 0.01716276 -0.000221089 0.04990553 0.01995868 -0.000221089 0.04990288 0.01996832 -0.000228389 0.04988794 0.01998496 -0.000239989 0.04988529 0.0199946 -0.000255089 0.04988264 0.02000424 -0.000272689 0.07165896 0.01488315 -0.000291489 0.07165896 0.01488315 -0.000272689 0.07164666 0.01489014 -0.000255089 0.07164401 0.01489979 -0.000239989 0.07164136 0.01490943 -0.000228389 0.07162642 0.01492606 -0.000221089 0.07179902 0.01501499 -0.000291489 0.07178938 0.01501234 -0.000272689 0.07178938 0.01501234 -0.000255089 0.07177709 0.01501933 -0.000239989 0.07176214 0.01503597 -0.000228389 0.07174985 0.01504296 -0.000221089 0.07189956 0.01517745 -0.000291489 0.07188991 0.0151748 -0.000272689 0.07188991 0.0151748 -0.000255089 0.07187762 0.01518179 -0.000239989 0.07186533 0.01518879 -0.000228389 0.07184339 0.01519313 -0.000221089 0.07195357 0.01535824 -0.000291489 0.07194393 0.01535558 -0.000272689 0.07194393 0.01535558 -0.000255089 0.07193163 0.01536258 -0.000239989 0.07191235 0.01535728 -0.000228389 0.07190006 0.01536427 -0.000221089 0.07195407 0.01554505 -0.000291489 0.07195407 0.01554505 -0.000272689 0.07194443 0.0155424 -0.000255089 0.07193478 0.01553975 -0.000239989 0.07192514 0.0155371 -0.000228389 0.07190321 0.01554144 -0.000221089 0.03680269 0.01235358 -0.000272689 0.05976864 0.02010838 -0.000221089 0.06163203 0.02072432 -0.000220489 0.06163203 0.02072432 -0.000221089 0.06163733 0.02070504 -0.000226289 0.0597713 0.02009873 -0.000228389 0.06163733 0.02070504 -0.000229789 0.0597766 0.02007945 -0.000239989 0.06164263 0.02068575 -0.000239989 0.06164263 0.02068575 -0.000240689 0.05978889 0.02007246 -0.000255089 0.06164263 0.02068575 -0.000246089 0.06164794 0.02066647 -0.000272689 0.06164528 0.02067611 -0.000267489 0.05979154 0.02006281 -0.000272689 0.06164528 0.02067611 -0.000260689 0.06164528 0.02067611 -0.000255089 0.06165758 0.02066912 -0.000284189 0.04921073 0.01656306 -0.000272689 0.04920808 0.0165727 -0.000255089 0.04920543 0.01658234 -0.000239989 0.04920013 0.01660163 -0.000228389 0.04919748 0.01661127 -0.000221089 0.04735 0.01593747 -0.000272689 0.04734735 0.01594711 -0.000255089 0.04734469 0.01595675 -0.000239989 0.04733939 0.01597604 -0.000228389 0.04733674 0.01598568 -0.000221089 0.03680004 0.01236322 -0.000255089 0.03679738 0.01237287 -0.000239989 0.03679473 0.01238251 -0.000228389 0.03678943 0.01240179 -0.000221089 0.02875516 0.00956058 -0.000272689 0.02875516 0.00956058 -0.000255089 0.02874985 0.009579864 -0.000239989 0.0287472 0.009589507 -0.000228389 0.0287419 0.009608791 -0.000221089 0.01825725 0.005834708 -0.000272689 0.0182546 0.00584435 -0.000255089 0.01825195 0.005853992 -0.000239989 0.01824664 0.005873277 -0.000228389 0.01824399 0.005882919 -0.000221089 0.01210564 0.003614742 -0.000272689 0.01210299 0.003624384 -0.000255089 0.01210034 0.003634027 -0.000239989 0.01209504 0.003653311 -0.000228389 0.01209239 0.003662954 -0.000221089 0.06582542 0.0189006 -0.000272689 0.06583507 0.01890325 -0.000255089 0.06584471 0.0189059 -0.000239989 0.06586399 0.0189112 -0.000228389 0.06588328 0.0189165 -0.000221089 0.06623186 0.0339465 -0.000404889 0.06662546 0.03360875 -0.000404889 0.0658101 0.03476395 -0.000404889 0.06416227 0.03728744 -0.000404889 0.064678 0.03597727 -0.000404889 0.06492321 0.03659434 -0.000404889 0.06533355 0.03491297 -0.000404889 0.0638165 0.03869617 -0.000404889 0.06438513 0.03855173 -0.000404889 0.06369058 0.04024832 -0.000404889 0.06421177 0.04057826 -0.000404889 0.06381294 0.041765 -0.000404889 0.06417056 0.04318042 -0.000404889 0.06441469 0.04259416 -0.000404889 0.06466724 0.04435405 -0.000404889 0.06499051 0.04453625 -0.000404889 0.06543848 0.04550981 -0.000404889 0.08253272 0.04881923 -0.000404889 0.08209547 0.04905165 -0.000404889 0.08341004 0.04781589 -0.000404889 0.08550179 0.0443566 -0.000404889 0.0856333 0.04568912 -0.000404889 0.0846149 0.04618699 -0.000404889 0.08482492 0.04685661 -0.000404889 0.08375886 0.04794289 -0.000404889 0.08603987 0.04239921 -0.000404889 0.08621323 0.04037267 -0.000404889 0.08645617 0.03994165 -0.000404889 0.08601031 0.03835678 -0.000404889 0.08600332 0.03834449 -0.000404889 0.08664145 0.04156897 -0.000404889 0.08654181 0.04313871 -0.000404889 0.08622616 0.04440016 -0.000404889 0.009326654 0.002104103 -0.000765189 0.006513924 0.005582989 -0.000765189 -0.006774019 -0.004178296 -0.000758689 -0.006771368 -0.004187938 -0.000765189 -0.009574456 -0.0007064013 -0.000765189 -0.007276068 -0.003559227 -0.000218589 -0.006856688 -0.004066199 -0.000503789 -0.0068215 -0.004118751 -0.000582989 -0.006901519 -0.004016297 -0.000432089 -0.007136275 -0.003728218 -0.000243489 -0.007011425 -0.003880574 -0.000316289 -0.009574456 -0.0007064013 -0.000218589 -0.006791613 -0.004152019 -0.000668489 -0.008226223 -0.0003668913 -0.000765189 -0.009574456 -0.0007064013 -0.000765189 -0.006771368 -0.004187938 -0.000765189 0.0008191052 0.0008336272 -0.000765189 0.006505972 0.005611916 -0.000765189 0.0005722862 0.001014681 -0.000765189 0.001263205 0.004160334 -0.000765189 0.0002931595 0.001124627 -0.000765189 -8.632765e-06 0.001166118 -0.000765189 0.009265419 0.002025044 -0.000765189 0.009329305 0.002094461 -0.000765189 0.009326654 0.002104103 -0.000765189 0.001170719 7.268959e-06 -0.000765189 0.001129228 -0.0002945233 -0.000765189 0.007920244 -0.001570106 -0.000765189 0.001009639 -0.0005763007 -0.000765189 0.0008285858 -0.0008231196 -0.000765189 0.001129769 0.0003071408 -0.000765189 0.008668246 0.001103804 -0.000765189 0.00897853 0.001635051 -0.000765189 -0.0002899224 -0.001130592 -0.000765189 -0.0005813421 -0.001013654 -0.000765189 0.008033612 -0.0008129743 -0.000765189 0.008212785 -6.886628e-05 -0.000765189 0.008405442 0.0005130129 -0.000765189 0.0005877579 -0.001003403 -0.000765189 0.0003090911 -0.001121491 -0.000765189 9.219197e-06 -0.00116244 -0.000765189 0.00100903 0.00059545 -0.000765189 0.006513924 0.005582989 -0.000765189 0.006508623 0.005602274 -0.000765189 -0.0008185187 -0.0008299496 -0.000765189 -0.001008444 -0.0005917724 -0.000765189 -0.001126532 -0.0003131055 -0.000765189 -0.001170132 -3.591316e-06 -0.000765189 -0.006787396 0.002019859 -0.000765189 -0.001128642 0.0002982009 -0.000765189 -0.003962198 0.002796492 -0.000765189 -0.001018695 0.0005773277 -0.000765189 -0.0008253487 0.0008171549 -0.000765189 -0.0005871715 0.00100708 -0.000765189 -0.0003085046 0.001125168 -0.000765189 -0.006771368 -0.004187938 -0.001858289 -0.009574456 -0.0007064013 -0.001858289 -0.008226223 -0.0003668913 -0.001858289 0.009329305 0.002094461 -0.001858289 0.009265419 0.002025044 -0.001858289 0.009326654 0.002104103 -0.001858289 0.006513924 0.005582989 -0.001858289 0.001129769 0.0003071408 -0.001858289 0.00100903 0.00059545 -0.001858289 0.006505972 0.005611916 -0.001858289 0.0008191052 0.0008336272 -0.001858289 0.001263205 0.004160334 -0.001858289 0.0005722862 0.001014681 -0.001858289 0.0002931595 0.001124627 -0.001858289 0.006508623 0.005602274 -0.001858289 0.001129228 -0.0002945233 -0.001858289 0.001170719 7.268959e-06 -0.001858289 0.00897853 0.001635051 -0.001858289 0.008668246 0.001103804 -0.001858289 0.008405442 0.0005130129 -0.001858289 0.008212785 -6.886628e-05 -0.001858289 0.008033612 -0.0008129743 -0.001858289 0.001009639 -0.0005763007 -0.001858289 0.007920244 -0.001570106 -0.001858289 0.0008285858 -0.0008231196 -0.001858289 -8.632765e-06 0.001166118 -0.001858289 -0.0003085046 0.001125168 -0.001858289 -0.003962198 0.002796492 -0.001858289 -0.0005871715 0.00100708 -0.001858289 -0.0008253487 0.0008171549 -0.001858289 -0.001018695 0.0005773277 -0.001858289 -0.006787396 0.002019859 -0.001858289 -0.001128642 0.0002982009 -0.001858289 -0.0002899224 -0.001130592 -0.001858289 -0.0005813421 -0.001013654 -0.001858289 -0.0008185187 -0.0008299496 -0.001858289 -0.001170132 -3.591316e-06 -0.001858289 -0.001126532 -0.0003131055 -0.001858289 -0.001008444 -0.0005917724 -0.001858289 9.219197e-06 -0.00116244 -0.001858289 0.0003090911 -0.001121491 -0.001858289 0.0005877579 -0.001003403 -0.001858289 0.009326654 0.002104103 -0.001858289 0.006513924 0.005582989 -0.001858289 -0.007276068 -0.003559227 -0.002404889 -0.009574456 -0.0007064013 -0.002404889 -0.009574456 -0.0007064013 -0.001858289 -0.006771368 -0.004187938 -0.001858289 -0.006774019 -0.004178296 -0.001864789 -0.006791613 -0.004152019 -0.001954989 -0.0068215 -0.004118751 -0.002040489 -0.006856688 -0.004066199 -0.002119789 -0.006901519 -0.004016297 -0.002191489 -0.007136275 -0.003728218 -0.002380089 -0.007011425 -0.003880574 -0.002307289 -0.0002899503 0.001057672 -0.001785489 -0.0002899503 0.001057672 -0.000838089 -0.0005493325 0.0009448853 -0.001785489 -0.0005493325 0.0009448853 -0.000838089 -0.000780518 0.0007672529 -0.001785489 -0.000780518 0.0007672529 -0.000838089 -0.0009475883 0.0005450199 -0.001785489 -0.0009475883 0.0005450199 -0.000838089 -0.001060186 0.0002755354 -0.001785489 -0.001060186 0.0002755354 -0.000838089 -0.001097335 -4.321563e-06 -0.001785489 -0.001097335 -4.321563e-06 -0.000838089 -0.001049394 -0.0002919005 -0.001785489 -0.001049394 -0.0002919005 -0.000838089 -0.0009462491 -0.0005539334 -0.001785489 -0.0009462491 -0.0005539334 -0.000838089 -0.0007712674 -0.0007754766 -0.001785489 -0.0007712674 -0.0007754766 -0.000838089 -0.0005367414 -0.0009495385 -0.001785489 -0.0005367414 -0.0009495385 -0.000838089 -0.0002795499 -0.001055144 -0.001785489 -0.0002795499 -0.001055144 -0.000838089 9.949445e-06 -0.001089643 -0.001785489 9.949445e-06 -0.001089643 -0.000838089 0.0002905367 -0.001053994 -0.001785489 0.0002905367 -0.001053994 -0.000838089 0.0005499189 -0.0009412076 -0.001785489 0.0005499189 -0.0009412076 -0.000838089 0.0007811045 -0.0007635753 -0.001785489 0.0007811045 -0.0007635753 -0.000838089 0.0009481747 -0.0005413422 -0.001785489 0.0009481747 -0.0005413422 -0.000838089 0.001060772 -0.0002718578 -0.001785489 0.001060772 -0.0002718578 -0.000838089 0.001097921 7.999207e-06 -0.001785489 0.001097921 7.999207e-06 -0.000838089 0.001052631 0.0002859358 -0.001785489 0.001052631 0.0002859358 -0.000838089 0.0009468355 0.000557611 -0.001785489 0.0009468355 0.000557611 -0.000838089 0.0007718538 0.0007791542 -0.001785489 0.0007718538 0.0007791542 -0.000838089 0.0005373278 0.0009532162 -0.001785489 0.0005373278 0.0009532162 -0.000838089 0.0002801363 0.001058822 -0.001785489 0.0002801363 0.001058822 -0.000838089 -9.363012e-06 0.00109332 -0.001785489 -9.363012e-06 0.00109332 -0.000838089 -0.009762501 -0.0009655132 -0.002404889 -0.009933872 -0.0007948321 -0.002404889 -0.009762501 -0.0009655132 -0.000218589 -0.009933872 -0.0007948321 -0.000218589 -0.009646793 -0.0009337057 -0.000218589 -0.009574456 -0.0007064013 -0.000218589 -0.009574456 -0.0007064013 -0.000765189 -0.009646793 -0.0009337057 -0.002404889 -0.009574456 -0.0007064013 -0.001858289 -0.009574456 -0.0007064013 -0.002404889 -0.02903283 -0.005526497 -0.000260589 -0.02903283 -0.005526497 -0.002362989 -0.02909553 -0.00575115 -0.002307289 -0.02909553 -0.00575115 -0.000316189 -0.02909288 -0.005760793 -0.002305189 -0.02909288 -0.005760793 -0.000318289 -0.02922088 -0.005785608 -0.000411689 -0.02922088 -0.005785608 -0.002211789 -0.02924811 -0.005761983 -0.002192789 -0.02938261 -0.005612277 -0.002077989 -0.02938261 -0.005612277 -0.000545589 -0.02924811 -0.005761983 -0.000430789 -0.02870453 -0.00566441 -0.000218589 -0.02863485 -0.005427463 -0.000218589 -0.02870453 -0.00566441 -0.002404889 -0.02863485 -0.005427463 -0.002404889 -0.02899426 -0.005515894 -0.002374789 -0.02899426 -0.005515894 -0.000248689 -0.02896438 -0.005549162 -0.002380089 -0.02896438 -0.005549162 -0.000243389 -0.02883253 -0.005689226 -0.002398889 -0.02883253 -0.005689226 -0.000224589 -0.02831619 -0.005568027 -0.000218589 -0.0282465 -0.00533108 -0.000218589 -0.02831619 -0.005568027 -0.002404889 -0.0282465 -0.00533108 -0.002404889 -0.02843455 -0.005590192 -0.002404889 -0.02860592 -0.005419511 -0.002404889 -0.02843455 -0.005590192 -0.000218589 -0.02860592 -0.005419511 -0.000218589 -0.02792785 -0.005471644 -0.000218589 -0.02785816 -0.005234698 -0.000218589 -0.02792785 -0.005471644 -0.002404889 -0.02785816 -0.005234698 -0.002404889 -0.02804621 -0.00549381 -0.002404889 -0.02821758 -0.005323129 -0.002404889 -0.02804621 -0.00549381 -0.000218589 -0.02821758 -0.005323129 -0.000218589 -0.0275395 -0.005375262 -0.000218589 -0.02746982 -0.005138315 -0.000218589 -0.0275395 -0.005375262 -0.002404889 -0.02746982 -0.005138315 -0.002404889 -0.02765786 -0.005397427 -0.002404889 -0.02782923 -0.005226746 -0.002404889 -0.02765786 -0.005397427 -0.000218589 -0.02782923 -0.005226746 -0.000218589 -0.02715116 -0.005278879 -0.000218589 -0.02708147 -0.005041932 -0.000218589 -0.02715116 -0.005278879 -0.002404889 -0.02708147 -0.005041932 -0.002404889 -0.02726952 -0.005301044 -0.002404889 -0.02744089 -0.005130363 -0.002404889 -0.02726952 -0.005301044 -0.000218589 -0.02744089 -0.005130363 -0.000218589 -0.02676282 -0.005182496 -0.000218589 -0.02669313 -0.00494555 -0.000218589 -0.02676282 -0.005182496 -0.002404889 -0.02669313 -0.00494555 -0.002404889 -0.02688118 -0.005204662 -0.002404889 -0.02705255 -0.005033981 -0.002404889 -0.02688118 -0.005204662 -0.000218589 -0.02705255 -0.005033981 -0.000218589 -0.02636483 -0.005083463 -0.000218589 -0.02630479 -0.004849167 -0.000218589 -0.02636483 -0.005083463 -0.002404889 -0.02630479 -0.004849167 -0.002404889 -0.02649283 -0.005108279 -0.002404889 -0.02665456 -0.004934947 -0.002404889 -0.02649283 -0.005108279 -0.000218589 -0.02665456 -0.004934947 -0.000218589 -0.02597649 -0.00498708 -0.000218589 -0.02591644 -0.004752784 -0.000218589 -0.02597649 -0.00498708 -0.002404889 -0.02591644 -0.004752784 -0.002404889 -0.02610449 -0.005011896 -0.002404889 -0.02626622 -0.004838564 -0.002404889 -0.02610449 -0.005011896 -0.000218589 -0.02626622 -0.004838564 -0.000218589 -0.02558815 -0.004890698 -0.000218589 -0.0255281 -0.004656402 -0.000218589 -0.02558815 -0.004890698 -0.002404889 -0.0255281 -0.004656402 -0.002404889 -0.02571615 -0.004915513 -0.002404889 -0.02587788 -0.004742182 -0.002404889 -0.02571615 -0.004915513 -0.000218589 -0.02587788 -0.004742182 -0.000218589 -0.0251998 -0.004794315 -0.000218589 -0.02513976 -0.004560019 -0.000218589 -0.0251998 -0.004794315 -0.002404889 -0.02513976 -0.004560019 -0.002404889 -0.0253278 -0.004819131 -0.002404889 -0.02548953 -0.004645799 -0.002404889 -0.0253278 -0.004819131 -0.000218589 -0.02548953 -0.004645799 -0.000218589 -0.02481146 -0.004697932 -0.000218589 -0.02475141 -0.004463636 -0.000218589 -0.02481146 -0.004697932 -0.002404889 -0.02475141 -0.004463636 -0.002404889 -0.02493946 -0.004722748 -0.002404889 -0.02510119 -0.004549416 -0.002404889 -0.02493946 -0.004722748 -0.000218589 -0.02510119 -0.004549416 -0.000218589 -0.02442312 -0.00460155 -0.000218589 -0.02436307 -0.004367253 -0.000218589 -0.02442312 -0.00460155 -0.002404889 -0.02436307 -0.004367253 -0.002404889 -0.02455112 -0.004626365 -0.002404889 -0.02471285 -0.004453034 -0.002404889 -0.02455112 -0.004626365 -0.000218589 -0.02471285 -0.004453034 -0.000218589 -0.02403477 -0.004505167 -0.000218589 -0.02397473 -0.004270871 -0.000218589 -0.02403477 -0.004505167 -0.002404889 -0.02397473 -0.004270871 -0.002404889 -0.02416277 -0.004529983 -0.002404889 -0.0243245 -0.004356651 -0.002404889 -0.02416277 -0.004529983 -0.000218589 -0.0243245 -0.004356651 -0.000218589 -0.02364643 -0.004408784 -0.000218589 -0.02358639 -0.004174488 -0.000218589 -0.02364643 -0.004408784 -0.002404889 -0.02358639 -0.004174488 -0.002404889 -0.02377443 -0.0044336 -0.002404889 -0.02393616 -0.004260268 -0.002404889 -0.02377443 -0.0044336 -0.000218589 -0.02393616 -0.004260268 -0.000218589 -0.02325809 -0.004312401 -0.000218589 -0.0231884 -0.004075455 -0.000218589 -0.02325809 -0.004312401 -0.002404889 -0.0231884 -0.004075455 -0.002404889 -0.02338609 -0.004337217 -0.002404889 -0.02354782 -0.004163886 -0.002404889 -0.02338609 -0.004337217 -0.000218589 -0.02354782 -0.004163886 -0.000218589 -0.02286974 -0.004216019 -0.000218589 -0.02280006 -0.003979072 -0.000218589 -0.02286974 -0.004216019 -0.002404889 -0.02280006 -0.003979072 -0.002404889 -0.0229881 -0.004238184 -0.002404889 -0.02315947 -0.004067503 -0.002404889 -0.0229881 -0.004238184 -0.000218589 -0.02315947 -0.004067503 -0.000218589 -0.0224814 -0.004119636 -0.000218589 -0.02241171 -0.003882689 -0.000218589 -0.0224814 -0.004119636 -0.002404889 -0.02241171 -0.003882689 -0.002404889 -0.02259976 -0.004141801 -0.002404889 -0.02276848 -0.003980762 -0.002404889 -0.02259976 -0.004141801 -0.000218589 -0.02276848 -0.003980762 -0.000218589 -0.02209306 -0.004023253 -0.000218589 -0.02202337 -0.003786307 -0.000218589 -0.02209306 -0.004023253 -0.002404889 -0.02202337 -0.003786307 -0.002404889 -0.02221142 -0.004045419 -0.002404889 -0.02238014 -0.00388438 -0.002404889 -0.02221142 -0.004045419 -0.000218589 -0.02238014 -0.00388438 -0.000218589 -0.02170471 -0.003926871 -0.000218589 -0.02163503 -0.003689924 -0.000218589 -0.02170471 -0.003926871 -0.002404889 -0.02163503 -0.003689924 -0.002404889 -0.02182307 -0.003949036 -0.002404889 -0.02199179 -0.003787997 -0.002404889 -0.02182307 -0.003949036 -0.000218589 -0.02199179 -0.003787997 -0.000218589 -0.02131637 -0.003830488 -0.000218589 -0.02124668 -0.003593541 -0.000218589 -0.02131637 -0.003830488 -0.002404889 -0.02124668 -0.003593541 -0.002404889 -0.02143473 -0.003852653 -0.002404889 -0.02160345 -0.003691614 -0.002404889 -0.02143473 -0.003852653 -0.000218589 -0.02160345 -0.003691614 -0.000218589 -0.02092803 -0.003734105 -0.000218589 -0.02085834 -0.003497159 -0.000218589 -0.02092803 -0.003734105 -0.002404889 -0.02085834 -0.003497159 -0.002404889 -0.02104639 -0.00375627 -0.002404889 -0.02121511 -0.003595232 -0.002404889 -0.02104639 -0.00375627 -0.000218589 -0.02121511 -0.003595232 -0.000218589 -0.02053004 -0.003635072 -0.000218589 -0.02046735 -0.003410418 -0.000218589 -0.02053004 -0.003635072 -0.002404889 -0.02046735 -0.003410418 -0.002404889 -0.02065539 -0.00366953 -0.002404889 -0.02081712 -0.003496198 -0.002404889 -0.02065539 -0.00366953 -0.000218589 -0.02081712 -0.003496198 -0.000218589 -0.0201417 -0.003538689 -0.000218589 -0.020079 -0.003314035 -0.000218589 -0.0201417 -0.003538689 -0.002404889 -0.020079 -0.003314035 -0.002404889 -0.02026705 -0.003573147 -0.002404889 -0.02042878 -0.003399816 -0.002404889 -0.02026705 -0.003573147 -0.000218589 -0.02042878 -0.003399816 -0.000218589 -0.01975336 -0.003442307 -0.000218589 -0.01969066 -0.003217653 -0.000218589 -0.01975336 -0.003442307 -0.002404889 -0.01969066 -0.003217653 -0.002404889 -0.01987871 -0.003476765 -0.002404889 -0.02004044 -0.003303433 -0.002404889 -0.01987871 -0.003476765 -0.000218589 -0.02004044 -0.003303433 -0.000218589 -0.01936501 -0.003345924 -0.000218589 -0.01930232 -0.00312127 -0.000218589 -0.01936501 -0.003345924 -0.002404889 -0.01930232 -0.00312127 -0.002404889 -0.01949036 -0.003380382 -0.002404889 -0.01965209 -0.00320705 -0.002404889 -0.01949036 -0.003380382 -0.000218589 -0.01965209 -0.00320705 -0.000218589 -0.01897667 -0.003249541 -0.000218589 -0.01891398 -0.003024887 -0.000218589 -0.01897667 -0.003249541 -0.002404889 -0.01891398 -0.003024887 -0.002404889 -0.01910202 -0.003283999 -0.002404889 -0.01926375 -0.003110668 -0.002404889 -0.01910202 -0.003283999 -0.000218589 -0.01926375 -0.003110668 -0.000218589 -0.01858833 -0.003153158 -0.000218589 -0.01852563 -0.002928505 -0.000218589 -0.01858833 -0.003153158 -0.002404889 -0.01852563 -0.002928505 -0.002404889 -0.01871368 -0.003187617 -0.002404889 -0.01887541 -0.003014285 -0.002404889 -0.01871368 -0.003187617 -0.000218589 -0.01887541 -0.003014285 -0.000218589 -0.01819998 -0.003056776 -0.000218589 -0.01813729 -0.002832122 -0.000218589 -0.01819998 -0.003056776 -0.002404889 -0.01813729 -0.002832122 -0.002404889 -0.01832533 -0.003091234 -0.002404889 -0.01848706 -0.002917902 -0.002404889 -0.01832533 -0.003091234 -0.000218589 -0.01848706 -0.002917902 -0.000218589 -0.01781164 -0.002960393 -0.000218589 -0.01774895 -0.002735739 -0.000218589 -0.01781164 -0.002960393 -0.002404889 -0.01774895 -0.002735739 -0.002404889 -0.01793699 -0.002994851 -0.002404889 -0.01809872 -0.002821519 -0.002404889 -0.01793699 -0.002994851 -0.000218589 -0.01809872 -0.002821519 -0.000218589 -0.0174233 -0.00286401 -0.000218589 -0.01735096 -0.002636706 -0.000218589 -0.0174233 -0.00286401 -0.002404889 -0.01735096 -0.002636706 -0.002404889 -0.01754865 -0.002898468 -0.002404889 -0.01771038 -0.002725137 -0.002404889 -0.01754865 -0.002898468 -0.000218589 -0.01771038 -0.002725137 -0.000218589 -0.01703495 -0.002767628 -0.000218589 -0.01696262 -0.002540323 -0.000218589 -0.01703495 -0.002767628 -0.002404889 -0.01696262 -0.002540323 -0.002404889 -0.01715066 -0.002799435 -0.002404889 -0.01732203 -0.002628754 -0.002404889 -0.01715066 -0.002799435 -0.000218589 -0.01732203 -0.002628754 -0.000218589 -0.01664661 -0.002671245 -0.000218589 -0.01657427 -0.002443941 -0.000218589 -0.01664661 -0.002671245 -0.002404889 -0.01657427 -0.002443941 -0.002404889 -0.01676232 -0.002703052 -0.002404889 -0.01693369 -0.002532371 -0.002404889 -0.01676232 -0.002703052 -0.000218589 -0.01693369 -0.002532371 -0.000218589 -0.01625827 -0.002574862 -0.000218589 -0.01618593 -0.002347558 -0.000218589 -0.01625827 -0.002574862 -0.002404889 -0.01618593 -0.002347558 -0.002404889 -0.01637398 -0.00260667 -0.002404889 -0.01654535 -0.002435989 -0.002404889 -0.01637398 -0.00260667 -0.000218589 -0.01654535 -0.002435989 -0.000218589 -0.01586993 -0.00247848 -0.000218589 -0.01579759 -0.002251175 -0.000218589 -0.01586993 -0.00247848 -0.002404889 -0.01579759 -0.002251175 -0.002404889 -0.01598563 -0.002510287 -0.002404889 -0.016157 -0.002339606 -0.002404889 -0.01598563 -0.002510287 -0.000218589 -0.016157 -0.002339606 -0.000218589 -0.01548158 -0.002382097 -0.000218589 -0.01540924 -0.002154792 -0.000218589 -0.01548158 -0.002382097 -0.002404889 -0.01540924 -0.002154792 -0.002404889 -0.01559729 -0.002413904 -0.002404889 -0.01576866 -0.002243223 -0.002404889 -0.01559729 -0.002413904 -0.000218589 -0.01576866 -0.002243223 -0.000218589 -0.0150836 -0.002283063 -0.000218589 -0.0150209 -0.00205841 -0.000218589 -0.0150836 -0.002283063 -0.002404889 -0.0150209 -0.00205841 -0.002404889 -0.01520895 -0.002317522 -0.002404889 -0.01537068 -0.00214419 -0.002404889 -0.01520895 -0.002317522 -0.000218589 -0.01537068 -0.00214419 -0.000218589 -0.01469525 -0.002186681 -0.000218589 -0.01463256 -0.001962027 -0.000218589 -0.01469525 -0.002186681 -0.002404889 -0.01463256 -0.001962027 -0.002404889 -0.0148206 -0.002221139 -0.002404889 -0.01498233 -0.002047807 -0.002404889 -0.0148206 -0.002221139 -0.000218589 -0.01498233 -0.002047807 -0.000218589 -0.01430691 -0.002090298 -0.000218589 -0.01424422 -0.001865644 -0.000218589 -0.01430691 -0.002090298 -0.002404889 -0.01424422 -0.001865644 -0.002404889 -0.01443226 -0.002124756 -0.002404889 -0.01459399 -0.001951425 -0.002404889 -0.01443226 -0.002124756 -0.000218589 -0.01459399 -0.001951425 -0.000218589 -0.01391857 -0.001993915 -0.000218589 -0.01385587 -0.001769262 -0.000218589 -0.01391857 -0.001993915 -0.002404889 -0.01385587 -0.001769262 -0.002404889 -0.01404392 -0.002028374 -0.002404889 -0.01420565 -0.001855042 -0.002404889 -0.01404392 -0.002028374 -0.000218589 -0.01420565 -0.001855042 -0.000218589 -0.01353022 -0.001897533 -0.000218589 -0.01346753 -0.001672879 -0.000218589 -0.01353022 -0.001897533 -0.002404889 -0.01346753 -0.001672879 -0.002404889 -0.01365557 -0.001931991 -0.002404889 -0.0138173 -0.001758659 -0.002404889 -0.01365557 -0.001931991 -0.000218589 -0.0138173 -0.001758659 -0.000218589 -0.01314188 -0.00180115 -0.000218589 -0.01307919 -0.001576496 -0.000218589 -0.01314188 -0.00180115 -0.002404889 -0.01307919 -0.001576496 -0.002404889 -0.01326723 -0.001835608 -0.002404889 -0.01342896 -0.001662276 -0.002404889 -0.01326723 -0.001835608 -0.000218589 -0.01342896 -0.001662276 -0.000218589 -0.01275354 -0.001704767 -0.000218589 -0.01269084 -0.001480114 -0.000218589 -0.01275354 -0.001704767 -0.002404889 -0.01269084 -0.001480114 -0.002404889 -0.01287889 -0.001739225 -0.002404889 -0.01304062 -0.001565894 -0.002404889 -0.01287889 -0.001739225 -0.000218589 -0.01304062 -0.001565894 -0.000218589 -0.0123652 -0.001608385 -0.000218589 -0.0123025 -0.001383731 -0.000218589 -0.0123652 -0.001608385 -0.002404889 -0.0123025 -0.001383731 -0.002404889 -0.01249055 -0.001642843 -0.002404889 -0.01265227 -0.001469511 -0.002404889 -0.01249055 -0.001642843 -0.000218589 -0.01265227 -0.001469511 -0.000218589 -0.01197685 -0.001512002 -0.000218589 -0.01191416 -0.001287348 -0.000218589 -0.01197685 -0.001512002 -0.002404889 -0.01191416 -0.001287348 -0.002404889 -0.0121022 -0.00154646 -0.002404889 -0.01226393 -0.001373128 -0.002404889 -0.0121022 -0.00154646 -0.000218589 -0.01226393 -0.001373128 -0.000218589 -0.01158851 -0.001415619 -0.000218589 -0.01151617 -0.001188315 -0.000218589 -0.01158851 -0.001415619 -0.002404889 -0.01151617 -0.001188315 -0.002404889 -0.01170422 -0.001447427 -0.002404889 -0.01187559 -0.001276746 -0.002404889 -0.01170422 -0.001447427 -0.000218589 -0.01187559 -0.001276746 -0.000218589 -0.01120017 -0.001319236 -0.000218589 -0.01112783 -0.001091932 -0.000218589 -0.01120017 -0.001319236 -0.002404889 -0.01112783 -0.001091932 -0.002404889 -0.01131587 -0.001351044 -0.002404889 -0.01148724 -0.001180363 -0.002404889 -0.01131587 -0.001351044 -0.000218589 -0.01148724 -0.001180363 -0.000218589 -0.01081182 -0.001222854 -0.000218589 -0.01073949 -0.0009955494 -0.000218589 -0.01081182 -0.001222854 -0.002404889 -0.01073949 -0.0009955494 -0.002404889 -0.01092753 -0.001254661 -0.002404889 -0.0110989 -0.00108398 -0.002404889 -0.01092753 -0.001254661 -0.000218589 -0.0110989 -0.00108398 -0.000218589 -0.01042348 -0.001126471 -0.000218589 -0.01035114 -0.0008991667 -0.000218589 -0.01042348 -0.001126471 -0.002404889 -0.01035114 -0.0008991667 -0.002404889 -0.01053919 -0.001158279 -0.002404889 -0.01071056 -0.0009875975 -0.002404889 -0.01053919 -0.001158279 -0.000218589 -0.01071056 -0.0009875975 -0.000218589 -0.01003514 -0.001030088 -0.000218589 -0.009962799 -0.000802784 -0.000218589 -0.01003514 -0.001030088 -0.002404889 -0.009962799 -0.000802784 -0.002404889 -0.01015084 -0.001061896 -0.002404889 -0.01032222 -0.0008912148 -0.002404889 -0.01015084 -0.001061896 -0.000218589 -0.01032222 -0.0008912148 -0.000218589 0.06528343 0.02019317 -0.001770289 0.0650048 0.02048993 -0.001958089 0.06908554 0.02277325 -0.002299889 0.0646377 0.02073126 -0.002133089 0.0641655 0.02090221 -0.002299889 0.06546467 0.01991112 -0.001606989 0.06959258 0.02141922 -0.001575389 0.06549021 0.01985592 -0.001575389 0.0705616 0.01887507 -0.002169089 0.0666152 0.01738576 -0.002169089 0.0705616 0.01887507 -0.001901389 0.0666152 0.01738576 -0.001901389 0.0703729 0.01937286 -0.001575389 0.06640987 0.0178686 -0.001575389 0.06985622 0.02072424 -0.002299389 0.06585462 0.01920938 -0.002299389 0.06795489 0.01413457 -0.001744189 0.06752568 0.01516775 -0.002299389 0.07141422 0.01664116 -0.002299389 0.06814481 0.01389639 -0.001594789 0.0680807 0.01394099 -0.001630789 0.06869489 0.01381944 -0.001461389 0.07145816 0.01485907 -0.001461389 0.07179956 0.01561666 -0.001752889 0.07182077 0.01553952 -0.001710589 0.07183498 0.01545009 -0.001669689 0.0718369 0.01536765 -0.001631189 0.0714678 0.01486172 -0.001461389 0.07182653 0.0152922 -0.001595989 0.06803057 0.01401018 -0.001669989 0.07177421 0.01514299 -0.001536489 0.071692 0.01502706 -0.001494489 0.0715852 0.0149251 -0.001469689 0.06856954 0.01378498 -0.001469389 0.06842394 0.01378644 -0.001493889 0.06828004 0.01381948 -0.001535589 0.06918799 0.02285327 -0.002314989 0.06920728 0.02285857 -0.002300889 0.06978127 0.02092143 -0.002169089 0.0656859 0.01937042 -0.002169089 0.06978127 0.02092143 -0.001901389 0.0656859 0.01937042 -0.001901389 0.07115323 0.0173265 -0.001575389 0.0672454 0.01584779 -0.001575389 0.07063655 0.01867788 -0.002299389 0.06669015 0.01718857 -0.002299389 0.07133927 0.01683835 -0.002169089 0.06745073 0.01536494 -0.002169089 0.07133927 0.01683835 -0.001901389 0.06745073 0.01536494 -0.001901389 0.07164232 0.01486821 -0.001339289 0.07165896 0.01488315 -0.001340989 0.07195937 0.01552577 -0.001539289 0.07195407 0.01554505 -0.001547089 0.07194251 0.01562484 -0.001580189 0.07189956 0.01517745 -0.001416489 0.07194224 0.01532401 -0.001465589 0.07195357 0.01535824 -0.001476789 0.07195695 0.01542139 -0.001500889 0.0717754 0.01498776 -0.001364089 0.07179902 0.01501499 -0.001370089 0.07187858 0.01514057 -0.001406189 0.07149865 0.01478723 -0.001330989 0.06856181 0.01369989 -0.001338989 0.06854253 0.01369459 -0.001340589 0.06838729 0.0136934 -0.001363489 0.06836271 0.01370738 -0.001368689 0.06820916 0.01373777 -0.001405189 0.06818457 0.01375175 -0.001413389 0.06803706 0.01383565 -0.001464389 0.06802212 0.01385229 -0.001471789 0.067958 0.01389689 -0.001500389 0.06789292 0.01398271 -0.001539589 -0.02924811 -0.005761983 -0.002192789 -0.02878956 -0.007430103 -0.002191489 -0.02889562 -0.00745926 -0.002040489 -0.02896438 -0.005549162 -0.002380089 -0.02847136 -0.007342632 -0.002380089 -0.02864492 -0.007390343 -0.002307289 -0.02873515 -0.005703939 -0.002404789 -0.02883253 -0.005689226 -0.002398889 -0.02880795 -0.005703209 -0.002400289 -0.02879565 -0.005710201 -0.002401789 -0.02874479 -0.00570659 -0.002404589 -0.02877372 -0.005714542 -0.002403189 -0.02876408 -0.005711891 -0.002403789 -0.02875444 -0.005709241 -0.002404189 -0.02909553 -0.00575115 -0.002307289 -0.02903283 -0.005526497 -0.002362989 -0.02899426 -0.005515894 -0.002374789 -0.02910686 -0.005785378 -0.002290789 -0.02909987 -0.005773086 -0.002298989 -0.02912349 -0.005800322 -0.002280689 -0.02922088 -0.005785608 -0.002211789 -0.02920593 -0.005802242 -0.002220689 -0.029184 -0.005806583 -0.002231689 -0.02917436 -0.005803933 -0.002243989 -0.02915242 -0.005808274 -0.002256789 -0.02914278 -0.005805623 -0.002269289 -0.02909288 -0.005760793 -0.002305189 -0.02938261 -0.005612277 -0.002077989 -0.02940189 -0.005617578 -0.002040489 -0.02944046 -0.00562818 -0.001954989 -0.02897276 -0.007480465 -0.001864789 -0.02947903 -0.005638783 -0.001864789 -0.02948867 -0.005641434 -0.001771289 -0.02896438 -0.005549162 -0.000243389 -0.02899426 -0.005515894 -0.000248689 -0.02903283 -0.005526497 -0.000260589 -0.02948867 -0.005641434 -0.000852289 -0.02897276 -0.007480465 -0.000758789 -0.02878956 -0.007430103 -0.000432089 -0.02940189 -0.005617578 -0.000582989 -0.02889562 -0.00745926 -0.000582989 -0.02944046 -0.00562818 -0.000668489 -0.02947903 -0.005638783 -0.000758789 -0.029184 -0.005806583 -0.000391889 -0.02920593 -0.005802242 -0.000402889 -0.02864492 -0.007390343 -0.000316289 -0.02909987 -0.005773086 -0.000324589 -0.02910686 -0.005785378 -0.000332789 -0.02917436 -0.005803933 -0.000379489 -0.02912349 -0.005800322 -0.000342789 -0.02914278 -0.005805623 -0.000354289 -0.02915242 -0.005808274 -0.000366689 -0.02938261 -0.005612277 -0.000545589 -0.02924811 -0.005761983 -0.000430789 -0.02922088 -0.005785608 -0.000411689 -0.02847136 -0.007342632 -0.000243489 -0.02909553 -0.00575115 -0.000316189 -0.02909288 -0.005760793 -0.000318289 -0.02879565 -0.005710201 -0.000221789 -0.02880795 -0.005703209 -0.000223289 -0.02877372 -0.005714542 -0.000220389 -0.02873515 -0.005703939 -0.000218689 -0.02874479 -0.00570659 -0.000218989 -0.02875444 -0.005709241 -0.000219289 -0.02876408 -0.005711891 -0.000219789 -0.02883253 -0.005689226 -0.000224589 -0.02892505 -0.007654026 -0.001676189 -0.02892505 -0.007654026 -0.000947389 -0.02881249 -0.007799391 -0.001676189 -0.02881249 -0.007799391 -0.000947389 -0.02867896 -0.007907877 -0.001676189 -0.02867896 -0.007907877 -0.000947389 -0.02851216 -0.007986476 -0.001676189 -0.02851216 -0.007986476 -0.000947389 -0.02833668 -0.008021205 -0.001676189 -0.02833668 -0.008021205 -0.000947389 0.007935187 -0.00158674 -0.001767289 -0.006771368 -0.004187938 -0.001858289 0.007920244 -0.001570106 -0.001858289 0.007939528 -0.001564804 -0.001856389 0.007939528 -0.001564804 -0.001855889 0.007939528 -0.001564804 -0.001855389 -0.006774019 -0.004178296 -0.001864789 -0.02817011 -0.007985786 -0.001864789 -0.006791613 -0.004152019 -0.001954989 -0.02817902 -0.00791564 -0.002040489 -0.0068215 -0.004118751 -0.002040489 -0.006856688 -0.004066199 -0.002119789 -0.02820118 -0.007797281 -0.002191489 -0.006901519 -0.004016297 -0.002191489 -0.0282313 -0.007649996 -0.002307289 -0.007011425 -0.003880574 -0.002307289 -0.02825708 -0.007480775 -0.002380089 -0.007136275 -0.003728218 -0.002380089 -0.02834198 -0.00800192 -0.001864789 -0.02850782 -0.007964541 -0.001864789 -0.02833161 -0.007926472 -0.002040489 -0.02848515 -0.007896085 -0.002040489 -0.02832219 -0.007809804 -0.002191489 -0.02845381 -0.007783758 -0.002191489 -0.02831109 -0.007661559 -0.002307289 -0.02839883 -0.007644194 -0.002307289 -0.0282983 -0.007481736 -0.002380089 -0.02835181 -0.007475704 -0.002380089 -0.02866233 -0.007892934 -0.001864789 -0.02862737 -0.007831469 -0.002040489 -0.02856179 -0.007730475 -0.002191489 -0.02848223 -0.007604895 -0.002307289 -0.02838869 -0.007454729 -0.002380089 -0.02879851 -0.007774805 -0.001864789 -0.02889877 -0.007636432 -0.001864789 -0.02874861 -0.007729975 -0.002040489 -0.02883393 -0.007608235 -0.002040489 -0.02866544 -0.007655257 -0.002191489 -0.02873581 -0.007550152 -0.002191489 -0.02855165 -0.00754101 -0.002307289 -0.02861142 -0.007474474 -0.002307289 -0.02842822 -0.007424112 -0.002380089 -0.02844846 -0.007388193 -0.002380089 -0.02825708 -0.007480775 -0.000243489 -0.007136275 -0.003728218 -0.000243489 -0.0282313 -0.007649996 -0.000316289 -0.007011425 -0.003880574 -0.000316289 -0.02820118 -0.007797281 -0.000432089 -0.006901519 -0.004016297 -0.000432089 -0.006856688 -0.004066199 -0.000503789 -0.02817902 -0.00791564 -0.000582989 -0.0068215 -0.004118751 -0.000582989 -0.006791613 -0.004152019 -0.000668489 -0.02817011 -0.007985786 -0.000758789 -0.006774019 -0.004178296 -0.000758689 0.007935187 -0.00158674 -0.000856189 -0.006771368 -0.004187938 -0.000765189 0.007939528 -0.001564804 -0.000768089 0.007939528 -0.001564804 -0.000767689 0.007920244 -0.001570106 -0.000765289 0.007920244 -0.001570106 -0.000765189 -0.02834198 -0.00800192 -0.000758789 -0.02839883 -0.007644194 -0.000316289 -0.02835181 -0.007475704 -0.000243489 -0.02838869 -0.007454729 -0.000243489 -0.02844846 -0.007388193 -0.000243489 -0.0282983 -0.007481736 -0.000243489 -0.02831109 -0.007661559 -0.000316289 -0.02832219 -0.007809804 -0.000432089 -0.02848223 -0.007604895 -0.000316289 -0.02842822 -0.007424112 -0.000243489 -0.02855165 -0.00754101 -0.000316289 -0.02861142 -0.007474474 -0.000316289 -0.02845381 -0.007783758 -0.000432089 -0.02856179 -0.007730475 -0.000432089 -0.02866544 -0.007655257 -0.000432089 -0.02873581 -0.007550152 -0.000432089 -0.02833161 -0.007926472 -0.000582989 -0.02848515 -0.007896085 -0.000582989 -0.02862737 -0.007831469 -0.000582989 -0.02874861 -0.007729975 -0.000582989 -0.02883393 -0.007608235 -0.000582989 -0.02850782 -0.007964541 -0.000758789 -0.02866233 -0.007892934 -0.000758789 -0.02879851 -0.007774805 -0.000758789 -0.02889877 -0.007636432 -0.000758789 0.06091763 0.02400221 -0.000220889 0.06089209 0.02405741 -0.000291489 0.06089209 0.02405741 -0.000290989 0.06089474 0.02404777 -0.000267289 0.06089209 0.02405741 -0.000283789 0.06089739 0.02403813 -0.000246189 0.06089474 0.02404777 -0.000260689 0.06090968 0.02403113 -0.000235589 0.06090968 0.02403113 -0.000230989 0.06091498 0.02401185 -0.000223089 -0.0005818702 0.0009877956 -0.001855889 -0.0008130558 0.0008101632 -0.001855889 -0.0009941094 0.0005633443 -0.001855889 -0.001106707 0.0002938599 -0.001855889 -0.001148197 -7.932377e-06 -0.001855889 -0.001107247 -0.0003078042 -0.001855889 -0.00099181 -0.0005768288 -0.001855889 -0.0008018847 -0.000815006 -0.001855889 -0.0005647081 -0.0009987103 -0.001855889 -0.0002855814 -0.001108657 -0.001855889 3.917947e-06 -0.001143155 -0.001855889 0.0003037898 -0.001102206 -0.001855889 0.0005824567 -0.0009841179 -0.001855889 0.0008136422 -0.0008064856 -0.001855889 0.0009973465 -0.000569309 -0.001855889 0.001107293 -0.0002901822 -0.001855889 0.001148783 1.161002e-05 -0.001855889 0.001110484 0.0003018396 -0.001855889 0.0009923964 0.0005805064 -0.001855889 0.0008024712 0.0008186837 -0.001855889 0.0005679452 0.0009927456 -0.001855889 0.0002861678 0.001112335 -0.001855889 -3.331514e-06 0.001146833 -0.001855889 -0.0003032034 0.001105884 -0.001855889 -0.0005669267 0.0009711616 -0.001848589 -0.0008077546 0.0007908786 -0.001848589 -0.0009818165 0.0005563526 -0.001848589 -0.001094414 0.0002868682 -0.001848589 -0.001128912 -2.631127e-06 -0.001848589 -0.001087963 -0.000302503 -0.001848589 -0.0009725254 -0.0005715275 -0.001848589 -0.0007948931 -0.0008027131 -0.001848589 -0.0005577164 -0.0009864173 -0.001848589 -0.0002908826 -0.001089372 -0.001848589 1.090963e-05 -0.001130863 -0.001848589 0.0003011392 -0.001092564 -0.001848589 0.0005701637 -0.0009771262 -0.001848589 0.0007986987 -0.0007898516 -0.001848589 0.0009850535 -0.0005623173 -0.001848589 0.001095 -0.0002831905 -0.001848589 0.001129499 6.30877e-06 -0.001848589 0.0010912 0.0002965383 -0.001848589 0.0009731118 0.0005752052 -0.001848589 0.0007954795 0.0008063907 -0.001848589 0.0005609535 0.0009804527 -0.001848589 0.0002818267 0.001090399 -0.001848589 -7.672576e-06 0.001124898 -0.001848589 -0.0002979021 0.001086599 -0.001848589 -0.0005642761 0.0009615193 -0.001836989 -0.0007954616 0.0007838869 -0.001836989 -0.0009695235 0.0005493609 -0.001836989 -0.001082121 0.0002798765 -0.001836989 -0.001116619 -9.622814e-06 -0.001836989 -0.00107832 -0.0002998524 -0.001836989 -0.0009628831 -0.0005688769 -0.001836989 -0.0007879014 -0.0007904202 -0.001836989 -0.0005533754 -0.0009644821 -0.001836989 -0.0002838909 -0.001077079 -0.001836989 5.608383e-06 -0.001111578 -0.001836989 0.0002958379 -0.001073279 -0.001836989 0.0005648625 -0.0009578416 -0.001836989 0.000796048 -0.0007802093 -0.001836989 0.00097011 -0.0005456833 -0.001836989 0.001073065 -0.0002788495 -0.001836989 0.001119856 3.658145e-06 -0.001836989 0.001071915 0.0002912371 -0.001836989 0.0009661201 0.0005629123 -0.001836989 0.0007788455 0.0007914472 -0.001836989 0.0005539618 0.0009681597 -0.001836989 0.0002844774 0.001080757 -0.001836989 -5.02195e-06 0.001115256 -0.001836989 -0.0002952515 0.001076957 -0.001836989 -0.0005616254 0.0009518769 -0.001821889 -0.0007831687 0.0007768952 -0.001821889 -0.0009572306 0.0005423692 -0.001821889 -0.001069828 0.0002728848 -0.001821889 -0.001106977 -6.972188e-06 -0.001821889 -0.001059036 -0.0002945511 -0.001821889 -0.0009558914 -0.000556584 -0.001821889 -0.0007782591 -0.0007877695 -0.001821889 -0.0005437331 -0.0009618315 -0.001821889 -0.0002768992 -0.001064786 -0.001821889 2.957758e-06 -0.001101936 -0.001821889 0.0002931873 -0.001063637 -0.001821889 0.0005525696 -0.0009508499 -0.001821889 0.0007837551 -0.0007732176 -0.001821889 0.0009604677 -0.0005483339 -0.001821889 0.001063423 -0.0002815001 -0.001821889 0.001097921 7.999207e-06 -0.001821889 0.001062273 0.0002885865 -0.001821889 0.0009468355 0.000557611 -0.001821889 0.0007718538 0.0007791542 -0.001821889 0.0005469701 0.0009558668 -0.001821889 0.0002774857 0.001068464 -0.001821889 -1.201364e-05 0.001102963 -0.001821889 -0.0002926009 0.001067314 -0.001821889 -0.0005493325 0.0009448853 -0.001804289 -0.000780518 0.0007672529 -0.001804289 -0.0009572306 0.0005423692 -0.001804289 -0.001060186 0.0002755354 -0.001804289 -0.001097335 -4.321563e-06 -0.001804289 -0.001059036 -0.0002945511 -0.001804289 -0.0009462491 -0.0005539334 -0.001804289 -0.0007712674 -0.0007754766 -0.001804289 -0.0005463837 -0.0009521892 -0.001804289 -0.0002768992 -0.001064786 -0.001804289 1.260007e-05 -0.001099285 -0.001804289 0.0002905367 -0.001053994 -0.001804289 0.0005525696 -0.0009508499 -0.001804289 0.0007837551 -0.0007732176 -0.001804289 0.0009481747 -0.0005413422 -0.001804289 0.001060772 -0.0002718578 -0.001804289 0.001097921 7.999207e-06 -0.001804289 0.001052631 0.0002859358 -0.001804289 0.0009468355 0.000557611 -0.001804289 0.0007718538 0.0007791542 -0.001804289 0.0005373278 0.0009532162 -0.001804289 0.0002801363 0.001058822 -0.001804289 -9.363012e-06 0.00109332 -0.001804289 -0.0002899503 0.001057672 -0.001804289 3.917947e-06 -0.001143155 -0.000767689 -0.0002855814 -0.001108657 -0.000767689 -0.0005647081 -0.0009987103 -0.000767689 -0.0008018847 -0.000815006 -0.000767689 -0.00099181 -0.0005768288 -0.000767689 -0.001107247 -0.0003078042 -0.000767689 -0.001148197 -7.932377e-06 -0.000767689 -0.001106707 0.0002938599 -0.000767689 -0.0009941094 0.0005633443 -0.000767689 -0.0008130558 0.0008101632 -0.000767689 -0.0005818702 0.0009877956 -0.000767689 -0.0003032034 0.001105884 -0.000767689 -3.331514e-06 0.001146833 -0.000767689 0.0002861678 0.001112335 -0.000767689 0.0005679452 0.0009927456 -0.000767689 0.0008024712 0.0008186837 -0.000767689 0.0009923964 0.0005805064 -0.000767689 0.001110484 0.0003018396 -0.000767689 0.001148783 1.161002e-05 -0.000767689 0.001107293 -0.0002901822 -0.000767689 0.0009973465 -0.000569309 -0.000767689 0.0008136422 -0.0008064856 -0.000767689 0.0005824567 -0.0009841179 -0.000767689 0.0003037898 -0.001102206 -0.000767689 1.090963e-05 -0.001130863 -0.000774989 -0.0002908826 -0.001089372 -0.000774989 -0.0005577164 -0.0009864173 -0.000774989 -0.0007948931 -0.0008027131 -0.000774989 -0.0009725254 -0.0005715275 -0.000774989 -0.001087963 -0.000302503 -0.000774989 -0.001128912 -2.631127e-06 -0.000774989 -0.001094414 0.0002868682 -0.000774989 -0.0009818165 0.0005563526 -0.000774989 -0.0008077546 0.0007908786 -0.000774989 -0.0005669267 0.0009711616 -0.000774989 -0.0002979021 0.001086599 -0.000774989 -7.672576e-06 0.001124898 -0.000774989 0.0002818267 0.001090399 -0.000774989 0.0005609535 0.0009804527 -0.000774989 0.0007954795 0.0008063907 -0.000774989 0.0009731118 0.0005752052 -0.000774989 0.0010912 0.0002965383 -0.000774989 0.001129499 6.30877e-06 -0.000774989 0.001095 -0.0002831905 -0.000774989 0.0009850535 -0.0005623173 -0.000774989 0.0007986987 -0.0007898516 -0.000774989 0.0005701637 -0.0009771262 -0.000774989 0.0003011392 -0.001092564 -0.000774989 5.608383e-06 -0.001111578 -0.000786489 -0.0002838909 -0.001077079 -0.000786489 -0.0005533754 -0.0009644821 -0.000786489 -0.0007879014 -0.0007904202 -0.000786489 -0.0009628831 -0.0005688769 -0.000786489 -0.00107832 -0.0002998524 -0.000786489 -0.001116619 -9.622814e-06 -0.000786489 -0.001082121 0.0002798765 -0.000786489 -0.0009695235 0.0005493609 -0.000786489 -0.0007954616 0.0007838869 -0.000786489 -0.0005642761 0.0009615193 -0.000786489 -0.0002952515 0.001076957 -0.000786489 -5.02195e-06 0.001115256 -0.000786489 0.0002844774 0.001080757 -0.000786489 0.0005539618 0.0009681597 -0.000786489 0.0007788455 0.0007914472 -0.000786489 0.0009661201 0.0005629123 -0.000786489 0.001071915 0.0002912371 -0.000786489 0.001119856 3.658145e-06 -0.000786489 0.001073065 -0.0002788495 -0.000786489 0.00097011 -0.0005456833 -0.000786489 0.000796048 -0.0007802093 -0.000786489 0.0005648625 -0.0009578416 -0.000786489 0.0002958379 -0.001073279 -0.000786489 2.957758e-06 -0.001101936 -0.000801589 -0.0002768992 -0.001064786 -0.000801589 -0.0005437331 -0.0009618315 -0.000801589 -0.0007782591 -0.0007877695 -0.000801589 -0.0009558914 -0.000556584 -0.000801589 -0.001059036 -0.0002945511 -0.000801589 -0.001106977 -6.972188e-06 -0.000801589 -0.001069828 0.0002728848 -0.000801589 -0.0009572306 0.0005423692 -0.000801589 -0.0007831687 0.0007768952 -0.000801589 -0.0005616254 0.0009518769 -0.000801589 -0.0002926009 0.001067314 -0.000801589 -1.201364e-05 0.001102963 -0.000801589 0.0002774857 0.001068464 -0.000801589 0.0005469701 0.0009558668 -0.000801589 0.0007718538 0.0007791542 -0.000801589 0.0009468355 0.000557611 -0.000801589 0.001062273 0.0002885865 -0.000801589 0.001097921 7.999207e-06 -0.000801589 0.001063423 -0.0002815001 -0.000801589 0.0009604677 -0.0005483339 -0.000801589 0.0007837551 -0.0007732176 -0.000801589 0.0005525696 -0.0009508499 -0.000801589 0.0002931873 -0.001063637 -0.000801589 1.260007e-05 -0.001099285 -0.000819189 -0.0002768992 -0.001064786 -0.000819189 -0.0005463837 -0.0009521892 -0.000819189 -0.0007712674 -0.0007754766 -0.000819189 -0.0009462491 -0.0005539334 -0.000819189 -0.001059036 -0.0002945511 -0.000819189 -0.001097335 -4.321563e-06 -0.000819189 -0.001060186 0.0002755354 -0.000819189 -0.0009572306 0.0005423692 -0.000819189 -0.000780518 0.0007672529 -0.000819189 -0.0005493325 0.0009448853 -0.000819189 -0.0002899503 0.001057672 -0.000819189 -9.363012e-06 0.00109332 -0.000819189 0.0002801363 0.001058822 -0.000819189 0.0005373278 0.0009532162 -0.000819189 0.0007718538 0.0007791542 -0.000819189 0.0009468355 0.000557611 -0.000819189 0.001052631 0.0002859358 -0.000819189 0.001097921 7.999207e-06 -0.000819189 0.001060772 -0.0002718578 -0.000819189 0.0009481747 -0.0005413422 -0.000819189 0.0007837551 -0.0007732176 -0.000819189 0.0005525696 -0.0009508499 -0.000819189 0.0002905367 -0.001053994 -0.000819189 0.006532248 0.00562951 -0.000228389 0.006554184 0.005625169 -0.000221089 0.006551533 0.005634812 -0.000221089 0.006561175 0.005637462 -0.000221089 0.006561175 0.005637462 -0.000221089 0.006558525 0.005647105 -0.000221089 0.006554184 0.005625169 -0.000221089 0.006534899 0.005619868 -0.000228389 0.006525257 0.005617217 -0.000239989 0.006556834 0.005615527 -0.000221089 0.00653924 0.005641803 -0.000228389 0.00653924 0.005641803 -0.000228389 0.006546232 0.005654096 -0.000228389 0.006555874 0.005656747 -0.000228389 0.00653755 0.005610226 -0.000228389 0.006527907 0.005607575 -0.000239989 0.006518265 0.005604924 -0.000255089 0.006522606 0.00562686 -0.000239989 0.006526947 0.005648795 -0.000239989 0.006524297 0.005658437 -0.000239989 0.006533939 0.005661088 -0.000239989 0.006550573 0.005676031 -0.000239989 0.006515614 0.005614567 -0.000255089 0.006510313 0.005633851 -0.000255089 0.006517305 0.005646144 -0.000255089 0.006524297 0.005658437 -0.000255089 0.006531288 0.00567073 -0.000255089 0.00653828 0.005683023 -0.000255089 0.006508623 0.005602274 -0.000272689 0.006505972 0.005611916 -0.000272689 0.006500671 0.005631201 -0.000272689 0.006505012 0.005653136 -0.000272689 0.006512004 0.005665429 -0.000272689 0.006518995 0.005677722 -0.000272689 0.006535629 0.005692665 -0.000272689 0.006508623 0.005602274 -0.000291489 0.006505972 0.005611916 -0.000291489 0.006500671 0.005631201 -0.000291489 0.006505012 0.005653136 -0.000291489 0.006512004 0.005665429 -0.000291489 0.006518995 0.005677722 -0.000291489 0.006535629 0.005692665 -0.000291489 0.006505972 0.005611916 -0.000765189 0.006500671 0.005631201 -0.000767689 0.006505972 0.005611916 -0.000765489 0.006505012 0.005653136 -0.000777289 0.006507663 0.005643494 -0.000774989 0.006507663 0.005643494 -0.000774589 0.006500671 0.005631201 -0.000768989 0.006505012 0.005653136 -0.000778089 0.006512004 0.005665429 -0.000786589 0.006518995 0.005677722 -0.000795289 0.006512004 0.005665429 -0.000788989 0.006535629 0.005692665 -0.000820389 0.006535629 0.005692665 -0.000819289 0.006525987 0.005690015 -0.000813589 0.006518995 0.005677722 -0.000803689 0.006554914 0.005697967 -0.000837789 0.006508623 0.005602274 -0.000765189 -0.00397111 0.002866639 -0.000819189 -0.003980753 0.002863988 -0.000819189 -0.00396846 0.002856997 -0.000801589 -0.003978102 0.002854346 -0.000801589 -0.003965809 0.002847354 -0.000786489 -0.003975451 0.002844704 -0.000786489 -0.003963158 0.002837712 -0.000774989 -0.003972801 0.002835061 -0.000774989 -0.003957857 0.002818427 -0.000767689 -0.003967499 0.002815777 -0.000767689 -0.006792697 0.002039144 -0.000767689 -0.006797998 0.002058428 -0.000774989 -0.006800649 0.002068071 -0.000786489 -0.006803299 0.002077713 -0.000801589 -0.00680595 0.002087355 -0.000819189 -0.003980753 0.002863988 -0.001804289 -0.00397111 0.002866639 -0.001804289 -0.003978102 0.002854346 -0.001821889 -0.00396846 0.002856997 -0.001821889 -0.003975451 0.002844704 -0.001836989 -0.003965809 0.002847354 -0.001836989 -0.003972801 0.002835061 -0.001848589 -0.003963158 0.002837712 -0.001848589 -0.003967499 0.002815777 -0.001855889 -0.003957857 0.002818427 -0.001855889 -0.006802339 0.002036493 -0.000767689 -0.006814632 0.002043485 -0.000774989 -0.006811981 0.002033842 -0.000772389 -0.006819933 0.002062769 -0.000786489 -0.006824274 0.002040834 -0.000781089 -0.006814632 0.002043485 -0.000774989 -0.006832226 0.002069761 -0.000801589 -0.006836567 0.002047826 -0.000792589 -0.006826925 0.002050476 -0.000786489 -0.006832226 0.002069761 -0.000819189 -0.006839218 0.002057468 -0.000806489 -0.006839218 0.002057468 -0.000801589 -0.006832226 0.002069761 -0.000838089 -0.00684886 0.002054817 -0.000819189 -0.006792697 0.002039144 -0.000767689 -0.00680764 0.002055778 -0.000774989 -0.006810291 0.00206542 -0.000786489 -0.006812942 0.002075062 -0.000801589 -0.006825235 0.002082054 -0.000819189 -0.006825235 0.002082054 -0.000838089 -0.006799689 0.002026851 -0.000767689 0.006505972 0.005611916 -0.001857989 0.006500671 0.005631201 -0.001855789 0.001257904 0.004179618 -0.001855889 0.006500671 0.005631201 -0.001854589 0.001249952 0.004208545 -0.001836989 0.006512004 0.005665429 -0.001836889 0.001252602 0.004198903 -0.001848589 0.006505012 0.005653136 -0.001845489 0.006505012 0.005653136 -0.001846289 0.006507663 0.005643494 -0.001848589 0.006507663 0.005643494 -0.001848989 0.006525987 0.005690015 -0.001809889 0.006518995 0.005677722 -0.001819789 0.001247301 0.004218188 -0.001821889 0.006518995 0.005677722 -0.001828189 0.006512004 0.005665429 -0.001834489 0.006535629 0.005692665 -0.001804289 0.00124465 0.00422783 -0.001804289 0.006535629 0.005692665 -0.001803189 0.006554914 0.005697967 -0.001785789 0.006512004 0.005665429 -0.001836889 0.006512004 0.005665429 -0.001834489 0.006512004 0.005665429 -0.002331989 0.006535629 0.005692665 -0.001804289 0.006535629 0.005692665 -0.001803189 0.006535629 0.005692665 -0.002331989 0.006518995 0.005677722 -0.002331989 0.006518995 0.005677722 -0.001828189 0.006518995 0.005677722 -0.001819789 0.006525987 0.005690015 -0.001809889 0.006500671 0.005631201 -0.002331989 0.006500671 0.005631201 -0.001854589 0.006505012 0.005653136 -0.002331989 0.006507663 0.005643494 -0.001848989 0.006507663 0.005643494 -0.001848589 0.006505012 0.005653136 -0.001846289 0.006505012 0.005653136 -0.001845489 0.006508623 0.005602274 -0.001858289 0.006505972 0.005611916 -0.001858289 0.006505972 0.005611916 -0.002331989 0.006505972 0.005611916 -0.001857989 0.006500671 0.005631201 -0.001855789 0.006508623 0.005602274 -0.002331989 -0.006792697 0.002039144 -0.001855889 -0.006797998 0.002058428 -0.001848589 -0.006800649 0.002068071 -0.001836989 -0.006803299 0.002077713 -0.001821889 -0.00680595 0.002087355 -0.001804289 -0.006825235 0.002082054 -0.001785489 -0.006832226 0.002069761 -0.001785489 -0.008293719 -0.0003854457 -0.000781089 -0.008274434 -0.0003801445 -0.000772389 -0.008245507 -0.0003721926 -0.000766989 -0.008303361 -0.0003880963 -0.000792589 -0.008313003 -0.000390747 -0.000806489 -0.008322646 -0.0003933976 -0.000813989 -0.008322646 -0.0003933976 -0.000821889 -0.008322646 -0.0003933976 -0.000829889 -0.00684886 0.002054817 -0.001804289 -0.006832226 0.002069761 -0.001804289 -0.006839218 0.002057468 -0.001817089 -0.006832226 0.002069761 -0.001821889 -0.006839218 0.002057468 -0.001821889 -0.006814632 0.002043485 -0.001848589 -0.006824274 0.002040834 -0.001842389 -0.006819933 0.002062769 -0.001836989 -0.006826925 0.002050476 -0.001836989 -0.006836567 0.002047826 -0.001830889 -0.006799689 0.002026851 -0.001855889 -0.006802339 0.002036493 -0.001855889 -0.006811981 0.002033842 -0.001851089 -0.006814632 0.002043485 -0.001848589 -0.006825235 0.002082054 -0.001804289 -0.006812942 0.002075062 -0.001821889 -0.006810291 0.00206542 -0.001836989 -0.00680764 0.002055778 -0.001848589 -0.006792697 0.002039144 -0.001855889 0.006558525 0.005647105 -0.002402389 0.006561175 0.005637462 -0.002402389 0.006561175 0.005637462 -0.002402389 0.006551533 0.005634812 -0.002402389 0.006554184 0.005625169 -0.002402389 0.006554184 0.005625169 -0.002402389 0.006556834 0.005615527 -0.002402389 0.00653755 0.005610226 -0.002395089 0.006527907 0.005607575 -0.002383589 0.006518265 0.005604924 -0.002368489 0.006508623 0.005602274 -0.002350889 0.006505972 0.005611916 -0.002350889 0.006500671 0.005631201 -0.002350889 0.006505012 0.005653136 -0.002350889 0.006512004 0.005665429 -0.002350889 0.006518995 0.005677722 -0.002350889 0.006535629 0.005692665 -0.002350889 0.006515614 0.005614567 -0.002368489 0.006510313 0.005633851 -0.002368489 0.006517305 0.005646144 -0.002368489 0.006524297 0.005658437 -0.002368489 0.006531288 0.00567073 -0.002368489 0.00653828 0.005683023 -0.002368489 0.006525257 0.005617217 -0.002383589 0.006522606 0.00562686 -0.002383589 0.006526947 0.005648795 -0.002383589 0.006524297 0.005658437 -0.002383589 0.006533939 0.005661088 -0.002383589 0.006550573 0.005676031 -0.002383589 0.006534899 0.005619868 -0.002395089 0.006532248 0.00562951 -0.002395089 0.00653924 0.005641803 -0.002395089 0.00653924 0.005641803 -0.002395089 0.006546232 0.005654096 -0.002395089 0.006555874 0.005656747 -0.002395089 -0.008322646 -0.0003933976 -0.001793589 -0.008303361 -0.0003880963 -0.001830889 -0.008313003 -0.000390747 -0.001817089 -0.008322646 -0.0003933976 -0.001809489 -0.008322646 -0.0003933976 -0.001801689 -0.008293719 -0.0003854457 -0.001842389 -0.008274434 -0.0003801445 -0.001851089 -0.008245507 -0.0003721926 -0.001856489 0.06091763 0.02400221 -0.002402589 0.06089209 0.02405741 -0.002331989 0.06089209 0.02405741 -0.002332489 0.06089474 0.02404777 -0.002356289 0.06089209 0.02405741 -0.002339789 0.06089739 0.02403813 -0.002377389 0.06089474 0.02404777 -0.002362889 0.06090968 0.02403113 -0.002387989 0.06090968 0.02403113 -0.002392489 0.06091498 0.02401185 -0.002400389 0.006507663 0.005643494 -0.000774589 0.006507663 0.005643494 -0.000774989 0.001252602 0.004198903 -0.000774989 0.006505012 0.005653136 -0.000778089 0.006512004 0.005665429 -0.000786589 0.001249952 0.004208545 -0.000786489 0.006525987 0.005690015 -0.000813589 0.006535629 0.005692665 -0.000819289 0.00124465 0.00422783 -0.000819189 0.006535629 0.005692665 -0.000820389 0.001247301 0.004218188 -0.000801589 0.006512004 0.005665429 -0.000788989 0.006518995 0.005677722 -0.000795289 0.006518995 0.005677722 -0.000803689 0.006505012 0.005653136 -0.000777289 0.001257904 0.004179618 -0.000767689 0.006505972 0.005611916 -0.000765489 0.006500671 0.005631201 -0.000767689 0.006500671 0.005631201 -0.000768989 0.007999073 -0.001517323 -0.001785789 0.007994732 -0.001539258 -0.001760589 0.00798774 -0.001551551 -0.001821189 0.007994732 -0.001539258 -0.001814589 0.00798774 -0.001551551 -0.001762889 0.007994732 -0.001539258 -0.001807389 0.007994732 -0.001539258 -0.001804289 0.00798774 -0.001551551 -0.001821789 0.007971106 -0.001566495 -0.001764789 0.007978098 -0.001554202 -0.001831589 0.007954472 -0.001581438 -0.001766289 0.007958813 -0.001559503 -0.001845789 0.007978098 -0.001554202 -0.001834489 0.007958813 -0.001559503 -0.001849589 0.007958813 -0.001559503 -0.001848589 0.007958813 -0.001559503 -0.001847889 0.007954472 -0.001581438 -0.001676189 0.007973757 -0.001576137 -0.001676189 0.007980748 -0.001563844 -0.001676189 0.007997382 -0.001548901 -0.001676189 0.008099417 -0.0008259975 -0.001804289 0.008281242 -9.153177e-05 -0.001804289 0.009363533 0.002083128 -0.001846689 0.009385468 0.002078787 -0.001838789 0.009304949 0.001994427 -0.001836989 0.009385468 0.002078787 -0.001834489 0.009404753 0.002084088 -0.001821789 0.009317242 0.001987435 -0.001821889 0.007939528 -0.001564804 -0.001855389 0.007939528 -0.001564804 -0.001855889 0.008055547 -0.0008173154 -0.001855889 0.007939528 -0.001564804 -0.001856389 0.007958813 -0.001559503 -0.001849589 0.007958813 -0.001559503 -0.001845789 0.007958813 -0.001559503 -0.001847889 0.00806784 -0.0008243071 -0.001848589 0.007958813 -0.001559503 -0.001848589 0.00798774 -0.001551551 -0.001821789 0.007978098 -0.001554202 -0.001831589 0.008087124 -0.0008190058 -0.001836989 0.007978098 -0.001554202 -0.001834489 0.007994732 -0.001539258 -0.001804289 0.007994732 -0.001539258 -0.001807389 0.008099417 -0.0008259975 -0.001821889 0.007994732 -0.001539258 -0.001814589 0.00798774 -0.001551551 -0.001821189 0.007999073 -0.001517323 -0.001785789 0.009424038 0.002089389 -0.001804289 0.009424038 0.002089389 -0.001803389 0.009431029 0.002101682 -0.001785789 0.009404753 0.002084088 -0.001820289 0.009404753 0.002084088 -0.001816789 0.009329535 0.001980443 -0.001804289 0.009414395 0.002086739 -0.001809689 0.00935124 0.00209012 -0.001854589 0.009363533 0.002083128 -0.001850789 0.009302298 0.002004069 -0.001848589 0.009363533 0.002083128 -0.001848989 0.009363533 0.002083128 -0.001848589 0.009338947 0.002097111 -0.001858089 0.009290005 0.002011061 -0.001855889 0.009341598 0.002087469 -0.001857289 0.009341598 0.002087469 -0.001855789 0.009039995 0.001600093 -0.001804289 0.00872971 0.001068846 -0.001804289 0.008473898 0.0004903474 -0.001804289 0.008271599 -9.41824e-05 -0.001821889 0.008464256 0.0004876968 -0.001821889 0.008720068 0.001066195 -0.001821889 0.009039995 0.001600093 -0.001821889 0.008259306 -8.719071e-05 -0.001836989 0.008451963 0.0004946885 -0.001836989 0.008707775 0.001073187 -0.001836989 0.009027702 0.001607084 -0.001836989 0.008247013 -8.019902e-05 -0.001848589 0.00843967 0.0005016802 -0.001848589 0.008695482 0.001080178 -0.001848589 0.009015409 0.001614076 -0.001848589 0.008225078 -7.585796e-05 -0.001855889 0.008417735 0.0005060212 -0.001855889 0.008683189 0.00108717 -0.001855889 0.009000466 0.00163071 -0.001855889 0.007994732 -0.001539258 -0.000808989 0.00798774 -0.001551551 -0.000802389 0.00798774 -0.001551551 -0.000860689 0.007958813 -0.001559503 -0.000773889 0.007978098 -0.001554202 -0.000791889 0.007978098 -0.001554202 -0.000788989 0.007971106 -0.001566495 -0.000858689 0.007958813 -0.001559503 -0.000777789 0.007954472 -0.001581438 -0.000857189 0.007958813 -0.001559503 -0.000775589 0.007958813 -0.001559503 -0.000774989 0.00798774 -0.001551551 -0.000801789 0.007994732 -0.001539258 -0.000862889 0.007999073 -0.001517323 -0.000837689 0.007994732 -0.001539258 -0.000819289 0.007994732 -0.001539258 -0.000816189 0.007997382 -0.001548901 -0.000947389 0.007980748 -0.001563844 -0.000947389 0.007973757 -0.001576137 -0.000947389 0.007954472 -0.001581438 -0.000947389 0.009329305 0.002094461 -0.001858289 0.009338947 0.002097111 -0.002331989 0.009338947 0.002097111 -0.001858089 0.009341598 0.002087469 -0.001857289 0.00935124 0.00209012 -0.002331989 0.009341598 0.002087469 -0.001855789 0.009363533 0.002083128 -0.002331989 0.009363533 0.002083128 -0.001846689 0.009363533 0.002083128 -0.001848589 0.009363533 0.002083128 -0.001848989 0.009363533 0.002083128 -0.001850789 0.00935124 0.00209012 -0.001854589 0.009385468 0.002078787 -0.001838789 0.009385468 0.002078787 -0.002331989 0.009385468 0.002078787 -0.001834489 0.009424038 0.002089389 -0.002331989 0.009424038 0.002089389 -0.001803389 0.009424038 0.002089389 -0.001804289 0.009414395 0.002086739 -0.001809689 0.009404753 0.002084088 -0.001816789 0.009404753 0.002084088 -0.002331989 0.009404753 0.002084088 -0.001820289 0.009404753 0.002084088 -0.001821789 0.009431029 0.002101682 -0.001785789 0.009369565 0.002136641 -0.002402389 0.009369565 0.002136641 -0.002402389 0.009379207 0.002139291 -0.002402389 0.009379207 0.002139291 -0.002402389 0.009379207 0.002139291 -0.002402389 0.009388849 0.002141942 -0.002402389 0.00939415 0.002122657 -0.002395089 0.009406443 0.002115666 -0.002383589 0.009411745 0.002096381 -0.002368489 0.009421387 0.002099032 -0.002350889 0.009404753 0.002084088 -0.002350889 0.009385468 0.002078787 -0.002350889 0.009363533 0.002083128 -0.002350889 0.00935124 0.00209012 -0.002350889 0.009338947 0.002097111 -0.002350889 0.009402102 0.002093731 -0.002368489 0.009382818 0.002088429 -0.002368489 0.009370525 0.002095421 -0.002368489 0.00935124 0.00209012 -0.002368489 0.009336297 0.002106754 -0.002368489 0.009399452 0.002103373 -0.002383589 0.009380167 0.002098072 -0.002383589 0.009367874 0.002105063 -0.002383589 0.009358232 0.002102413 -0.002383589 0.009345939 0.002109404 -0.002383589 0.00939415 0.002122657 -0.002395089 0.009384508 0.002120007 -0.002395089 0.009374866 0.002117356 -0.002395089 0.009362573 0.002124348 -0.002395089 0.009352931 0.002121697 -0.002395089 0.008473898 0.0004903474 -0.000819189 0.009039995 0.001600093 -0.000819189 0.007958813 -0.001559503 -0.000774989 0.00806784 -0.0008243071 -0.000774989 0.007958813 -0.001559503 -0.000773889 0.008055547 -0.0008173154 -0.000767689 0.007939528 -0.001564804 -0.000768089 0.007939528 -0.001564804 -0.000767689 0.007920244 -0.001570106 -0.000765289 0.009338947 0.002097111 -0.000765389 0.009290005 0.002011061 -0.000767689 0.009341598 0.002087469 -0.000766289 0.009363533 0.002083128 -0.000774589 0.009363533 0.002083128 -0.000772689 0.009302298 0.002004069 -0.000774989 0.00935124 0.00209012 -0.000768989 0.009341598 0.002087469 -0.000767689 0.009304949 0.001994427 -0.000786489 0.009363533 0.002083128 -0.000776789 0.009363533 0.002083128 -0.000774989 0.009317242 0.001987435 -0.000801589 0.009385468 0.002078787 -0.000788989 0.009385468 0.002078787 -0.000784689 0.009329535 0.001980443 -0.000819189 0.009424038 0.002089389 -0.000819289 0.009414395 0.002086739 -0.000813789 0.009404753 0.002084088 -0.000806789 0.009404753 0.002084088 -0.000803189 0.009404753 0.002084088 -0.000801789 0.009424038 0.002089389 -0.000820089 0.009431029 0.002101682 -0.000837789 0.007999073 -0.001517323 -0.000837689 0.008099417 -0.0008259975 -0.000819189 0.00798774 -0.001551551 -0.000802389 0.007994732 -0.001539258 -0.000808989 0.008099417 -0.0008259975 -0.000801589 0.007994732 -0.001539258 -0.000816189 0.007994732 -0.001539258 -0.000819289 0.008087124 -0.0008190058 -0.000786489 0.007978098 -0.001554202 -0.000791889 0.00798774 -0.001551551 -0.000801789 0.007958813 -0.001559503 -0.000775589 0.007958813 -0.001559503 -0.000777789 0.007978098 -0.001554202 -0.000788989 0.009039995 0.001600093 -0.000801589 0.009027702 0.001607084 -0.000786489 0.009015409 0.001614076 -0.000774989 0.009000466 0.00163071 -0.000767689 0.00872971 0.001068846 -0.000819189 0.008720068 0.001066195 -0.000801589 0.008707775 0.001073187 -0.000786489 0.008695482 0.001080178 -0.000774989 0.008683189 0.00108717 -0.000767689 0.008464256 0.0004876968 -0.000801589 0.008451963 0.0004946885 -0.000786489 0.00843967 0.0005016802 -0.000774989 0.008417735 0.0005060212 -0.000767689 0.008281242 -9.153177e-05 -0.000819189 0.008271599 -9.41824e-05 -0.000801589 0.008259306 -8.719071e-05 -0.000786489 0.008247013 -8.019902e-05 -0.000774989 0.008225078 -7.585796e-05 -0.000767689 0.009338947 0.002097111 -0.000291489 0.009414395 0.002086739 -0.000813789 0.009424038 0.002089389 -0.000819289 0.009424038 0.002089389 -0.000291489 0.009424038 0.002089389 -0.000820089 0.009431029 0.002101682 -0.000837789 0.009404753 0.002084088 -0.000291489 0.009385468 0.002078787 -0.000291489 0.009385468 0.002078787 -0.000788989 0.009404753 0.002084088 -0.000801789 0.009404753 0.002084088 -0.000803189 0.009404753 0.002084088 -0.000806789 0.009363533 0.002083128 -0.000774589 0.009363533 0.002083128 -0.000774989 0.009363533 0.002083128 -0.000291489 0.009363533 0.002083128 -0.000776789 0.009385468 0.002078787 -0.000784689 0.009329305 0.002094461 -0.000765189 0.009338947 0.002097111 -0.000765389 0.00935124 0.00209012 -0.000291489 0.009341598 0.002087469 -0.000766289 0.009341598 0.002087469 -0.000767689 0.00935124 0.00209012 -0.000768989 0.009363533 0.002083128 -0.000772689 0.009384508 0.002120007 -0.000228389 0.009379207 0.002139291 -0.000221089 0.009379207 0.002139291 -0.000221089 0.009369565 0.002136641 -0.000221089 0.009369565 0.002136641 -0.000221089 0.009379207 0.002139291 -0.000221089 0.00939415 0.002122657 -0.000228389 0.009399452 0.002103373 -0.000239989 0.009388849 0.002141942 -0.000221089 0.009374866 0.002117356 -0.000228389 0.009362573 0.002124348 -0.000228389 0.009352931 0.002121697 -0.000228389 0.00939415 0.002122657 -0.000228389 0.009406443 0.002115666 -0.000239989 0.009411745 0.002096381 -0.000255089 0.009380167 0.002098072 -0.000239989 0.009367874 0.002105063 -0.000239989 0.009358232 0.002102413 -0.000239989 0.009345939 0.002109404 -0.000239989 0.009402102 0.002093731 -0.000255089 0.009382818 0.002088429 -0.000255089 0.009370525 0.002095421 -0.000255089 0.00935124 0.00209012 -0.000255089 0.009336297 0.002106754 -0.000255089 0.009421387 0.002099032 -0.000272689 0.009404753 0.002084088 -0.000272689 0.009385468 0.002078787 -0.000272689 0.009363533 0.002083128 -0.000272689 0.00935124 0.00209012 -0.000272689 0.009338947 0.002097111 -0.000272689 0.06557215 0.01967102 -0.001539089 0.06556685 0.01969031 -0.001537289 0.06965957 0.02125096 -0.001537289 0.06962608 0.02133509 -0.001544889 0.06553866 0.01975516 -0.001539889 0.06552106 0.01978143 -0.001544889 0.06552106 0.01978143 -0.001546289 0.06969307 0.02116683 -0.001553189 0.06972657 0.0210827 -0.001591389 0.0656312 0.01953169 -0.001589989 0.06562325 0.01956062 -0.001572689 0.06560035 0.01960618 -0.001553189 0.0655924 0.01963511 -0.001544989 0.06976802 0.02096964 -0.001723889 0.0656647 0.01944756 -0.001669889 0.06974512 0.0210152 -0.001649589 0.06565939 0.01946685 -0.001649589 0.06564975 0.0194642 -0.001643189 0.06568325 0.01938007 -0.001809689 0.0656806 0.01938971 -0.001775989 0.06977862 0.02093107 -0.001809689 0.06567795 0.01939935 -0.001742489 0.0656753 0.01940899 -0.001723889 0.0656859 0.01937042 -0.001859989 0.07118408 0.01725201 -0.001544889 0.0672789 0.01576366 -0.001544389 0.07121058 0.01715559 -0.001537289 0.06732204 0.01568218 -0.001537289 0.07124408 0.01707146 -0.001553189 0.07127493 0.01699697 -0.001591389 0.06738638 0.01552356 -0.001591389 0.06735819 0.01558841 -0.001555689 0.06735554 0.01559805 -0.001553189 0.06732204 0.01568218 -0.001537589 0.07130312 0.01693212 -0.001649589 0.07131903 0.01687427 -0.001723889 0.06744013 0.01540351 -0.001723889 0.06741723 0.01544907 -0.001659689 0.06741458 0.01545871 -0.001649589 0.06738904 0.01551392 -0.001597289 0.07133662 0.01684799 -0.001809689 0.06745073 0.01536494 -0.001828389 0.06744808 0.01537458 -0.001809689 0.06744278 0.01539387 -0.001738489 0.0704064 0.01928873 -0.001544889 0.06644337 0.01778447 -0.001544389 0.0704399 0.0192046 -0.001537289 0.06647687 0.01770034 -0.001537289 0.0704734 0.01912047 -0.001553189 0.0704946 0.01904333 -0.001591389 0.06655086 0.01754437 -0.001591389 0.06652266 0.01760922 -0.001555689 0.06652001 0.01761886 -0.001553189 0.06647687 0.01770034 -0.001537589 0.0705228 0.01897848 -0.001649589 0.07054835 0.01892328 -0.001723889 0.0666046 0.01742433 -0.001723889 0.0665817 0.01746989 -0.001659689 0.06657905 0.01747953 -0.001649589 0.06655351 0.01753473 -0.001597289 0.0705563 0.01889435 -0.001809689 0.0666152 0.01738576 -0.001828389 0.06661255 0.0173954 -0.001809689 0.06660725 0.01741468 -0.001738489 0.06745603 0.01534566 -0.002240089 0.07134457 0.01681907 -0.002240089 0.07134988 0.01679978 -0.002269789 0.07134192 0.01682871 -0.002205689 0.06745603 0.01534566 -0.002239989 0.06745338 0.0153553 -0.002205689 0.07137542 0.01674458 -0.002308389 0.06747893 0.0153001 -0.002293089 0.07135783 0.01677085 -0.002293089 0.06747893 0.0153001 -0.002292989 0.06747097 0.01532902 -0.002269789 0.06750712 0.01523525 -0.002314689 0.06748953 0.01526153 -0.002308389 0.07138602 0.01670601 -0.002314689 0.07139663 0.01666744 -0.002311589 0.06751773 0.01519668 -0.002311589 0.06661785 0.01737611 -0.002205689 0.0705616 0.01887507 -0.002205689 0.0666205 0.01736647 -0.002239989 0.07056425 0.01886543 -0.002240089 0.0666205 0.01736647 -0.002240089 0.0705722 0.0188365 -0.002269789 0.06663545 0.01734984 -0.002269789 0.0666434 0.01732091 -0.002292989 0.07058714 0.01881987 -0.002293089 0.0666434 0.01732091 -0.002293089 0.07059775 0.0187813 -0.002308389 0.066654 0.01728234 -0.002308389 0.06666195 0.01725341 -0.002314689 0.0706057 0.01875237 -0.002314689 0.07062594 0.01871645 -0.002311589 0.0666822 0.0172175 -0.002311589 0.06569385 0.0193415 -0.002248189 0.0656912 0.01935114 -0.002240089 0.06979622 0.0209048 -0.002240089 0.06568855 0.01936078 -0.002217289 0.06978127 0.02092143 -0.002205689 0.06568855 0.01936078 -0.002205689 0.06568855 0.01936078 -0.002203289 0.0657141 0.01930558 -0.002292589 0.0657018 0.01931257 -0.002284289 0.06980152 0.02088551 -0.002269789 0.0656965 0.01933185 -0.002269789 0.06569385 0.0193415 -0.002260089 0.06980947 0.02085658 -0.002293089 0.06981742 0.02082766 -0.002308389 0.06572205 0.01927665 -0.002308289 0.06983767 0.02079174 -0.002314689 0.06576158 0.01924603 -0.002314589 0.06984562 0.02076281 -0.002311589 0.0658081 0.01922771 -0.002311789 0.06582012 0.01891988 -0.002030289 0.06581482 0.01893917 -0.002066389 0.06626693 0.01786042 -0.001478489 0.0658081 0.01922771 -0.002311789 0.06638095 0.01786065 -0.001571789 0.0663713 0.017858 -0.001570589 0.06576158 0.01924603 -0.002314589 0.06627922 0.01785343 -0.001501189 0.06580952 0.01895845 -0.002081189 0.06627922 0.01785343 -0.001509789 0.06635202 0.0178527 -0.001561989 0.06634238 0.01785005 -0.001557389 0.06572205 0.01927665 -0.002308289 0.06632309 0.01784475 -0.001546389 0.06572735 0.01925737 -0.002300589 0.0663108 0.01785174 -0.001536589 0.06576711 0.01911273 -0.002204389 0.06629151 0.01784644 -0.001525789 0.06578301 0.01905488 -0.002162189 0.06579627 0.01900667 -0.002124989 0.06625729 0.01785777 -0.001473789 0.06658627 0.0173778 -0.001827789 0.06658893 0.01736816 -0.001901389 0.06656265 0.01735057 -0.001825789 0.06656265 0.01735057 -0.001901389 0.06653902 0.01732333 -0.001822289 0.06653902 0.01732333 -0.001901389 0.06652504 0.01729875 -0.001817689 0.06652769 0.0172891 -0.001901389 0.06652335 0.01726717 -0.001812089 0.066526 0.01725753 -0.001901389 0.06652166 0.01723559 -0.001805789 0.06652431 0.01722595 -0.001901389 0.06650141 0.01727151 -0.001688089 0.0665031 0.01730309 -0.001702089 0.06651709 0.01732767 -0.001714589 0.06652842 0.0173619 -0.001724889 0.06654505 0.01737684 -0.001732589 0.06656868 0.01740408 -0.001737189 0.06648286 0.01733901 -0.001584889 0.06647756 0.01735829 -0.001605489 0.06649154 0.01738288 -0.001623989 0.06650553 0.01740746 -0.001639389 0.06652915 0.0174347 -0.001650789 0.06655543 0.01745229 -0.001657689 0.06643972 0.01742049 -0.001503089 0.06644406 0.01744242 -0.001528989 0.06646069 0.01745736 -0.001552189 0.06647468 0.01748195 -0.001571489 0.06650095 0.01749954 -0.001585889 0.06652723 0.01751714 -0.001594689 0.06640092 0.0175239 -0.001448389 0.06640791 0.01753619 -0.001477789 0.06642455 0.01755114 -0.001504089 0.06644118 0.01756608 -0.001525989 0.06645781 0.01758102 -0.001542389 0.06649373 0.01760127 -0.001552489 0.06634983 0.01763431 -0.001424589 0.06635947 0.01763696 -0.001455289 0.0663761 0.0176519 -0.001482889 0.06639539 0.0176572 -0.001505989 0.06642167 0.0176748 -0.001523289 0.06645059 0.01768275 -0.001533989 0.06630573 0.01775701 -0.001433189 0.06631802 0.01775001 -0.001463289 0.06633731 0.01775532 -0.001490289 0.06635659 0.01776062 -0.001512889 0.06638552 0.01776857 -0.001529989 0.06641444 0.01777652 -0.001540589 0.0674218 0.01535699 -0.001827789 0.06742445 0.01534735 -0.001901389 0.06739818 0.01532975 -0.001825789 0.06739818 0.01532975 -0.001901389 0.06737455 0.01530252 -0.001822289 0.0673772 0.01529287 -0.001901389 0.06736057 0.01527793 -0.001817689 0.06736322 0.01526829 -0.001901389 0.06735888 0.01524635 -0.001812089 0.06736153 0.01523671 -0.001901389 0.06735719 0.01521478 -0.001805789 0.06735984 0.01520513 -0.001901389 0.06734658 0.01525335 -0.001688089 0.06733863 0.01528227 -0.001702089 0.06735262 0.01530686 -0.001714589 0.06736395 0.01534109 -0.001724889 0.06738058 0.01535603 -0.001732589 0.06740421 0.01538327 -0.001737189 0.06731839 0.01531819 -0.001584889 0.06731309 0.01533748 -0.001605489 0.06732707 0.01536206 -0.001623989 0.06734105 0.01538665 -0.001639389 0.06736468 0.01541388 -0.001650789 0.06739096 0.01543148 -0.001657689 0.06727525 0.01539967 -0.001503089 0.06727959 0.01542161 -0.001528989 0.06729622 0.01543655 -0.001552189 0.06731021 0.01546113 -0.001571489 0.06733648 0.01547873 -0.001585889 0.06736276 0.01549632 -0.001594689 0.06723645 0.01550308 -0.001448389 0.06724344 0.01551538 -0.001477789 0.06726007 0.01553032 -0.001504089 0.06727671 0.01554527 -0.001525989 0.06730298 0.01556286 -0.001542389 0.06732926 0.01558045 -0.001552489 0.067195 0.01561614 -0.001424589 0.06720464 0.01561879 -0.001455289 0.06721163 0.01563109 -0.001482889 0.06724056 0.01563904 -0.001505989 0.06725719 0.01565398 -0.001523289 0.06728612 0.01566193 -0.001533989 0.06714126 0.01573619 -0.001433189 0.06710246 0.01583961 -0.001473789 0.06710246 0.01583961 -0.001478489 0.06715355 0.0157292 -0.001463289 0.06711475 0.01583261 -0.001501189 0.06711475 0.01583261 -0.001509789 0.06717283 0.0157345 -0.001490289 0.06713669 0.01582827 -0.001525789 0.06714633 0.01583092 -0.001536589 0.06719212 0.0157398 -0.001512889 0.06715862 0.01582393 -0.001546389 0.0671779 0.01582923 -0.001557389 0.06722105 0.01574775 -0.001529989 0.06718755 0.01583188 -0.001561989 0.06724997 0.01575571 -0.001540589 0.06720683 0.01583719 -0.001570589 0.06721647 0.01583984 -0.001571789 0.07164232 0.01486821 -0.001366189 0.071496 0.01479687 -0.001357789 0.0714731 0.01484243 -0.001447189 0.07148105 0.01481351 -0.001407589 0.0714784 0.01482315 -0.001420889 0.0714784 0.01482315 -0.001429089 0.0714731 0.01484243 -0.001443889 0.07148636 0.01479422 -0.001383589 0.07148371 0.01480386 -0.001393489 0.07148636 0.01479422 -0.001357789 0.07148636 0.01479422 -0.001362989 0.07163003 0.0148752 -0.001392189 0.07162738 0.01488484 -0.001416289 0.07161509 0.01489183 -0.001437689 0.07160014 0.01490847 -0.001455689 0.07176575 0.01498511 -0.001391489 0.07175611 0.01498246 -0.001417789 0.07174382 0.01498945 -0.001442089 0.07173152 0.01499644 -0.001463489 0.07170694 0.01501042 -0.001481189 0.07179614 0.01513865 -0.001524389 0.07182073 0.01512467 -0.001507389 0.07184001 0.01512997 -0.001485989 0.07186195 0.01512563 -0.001461389 0.07187159 0.01512828 -0.001434289 0.07185811 0.01529051 -0.001585689 0.07188004 0.01528617 -0.001569589 0.07190897 0.01529412 -0.001548389 0.07192825 0.01529942 -0.001523189 0.07193524 0.01531171 -0.001495089 0.07186583 0.0153756 -0.001622089 0.07187355 0.01546069 -0.001661989 0.0718974 0.01537391 -0.001606589 0.07190248 0.01546864 -0.001647189 0.07192633 0.01538186 -0.001585489 0.07191911 0.01548359 -0.001626189 0.07194297 0.0153968 -0.001559889 0.07194804 0.01549154 -0.001600189 0.07194996 0.0154091 -0.001531189 0.07195503 0.01550383 -0.001570589 0.07182849 0.01562461 -0.001749589 0.07185934 0.01555012 -0.001704389 0.07183548 0.0156369 -0.001748389 0.07185476 0.0156422 -0.001739989 0.07188826 0.01555807 -0.001690389 0.07186176 0.0156545 -0.001735389 0.07188104 0.0156598 -0.001724389 0.07191454 0.01557567 -0.001669589 0.07188803 0.01567209 -0.001714689 0.07189502 0.01568438 -0.001703789 0.07193117 0.01559061 -0.001643089 0.07190467 0.01568703 -0.001687689 0.07191166 0.01569933 -0.001679089 0.07194516 0.0156152 -0.001612689 0.07191865 0.01571162 -0.001656289 0.07191865 0.01571162 -0.001651489 0.06921258 0.02283929 -0.002175789 0.06920993 0.02284893 -0.002171789 0.06971167 0.02151418 -0.001478789 0.06920993 0.02284893 -0.002168289 0.06920993 0.02284893 -0.002164389 0.06920993 0.02284893 -0.002155489 0.06920993 0.02284893 -0.002160089 0.06921354 0.02279807 -0.002196389 0.06921354 0.02279807 -0.002187989 0.06921354 0.02279807 -0.002187889 0.06921089 0.02280771 -0.002187589 0.06921523 0.02282965 -0.002183389 0.06921258 0.02283929 -0.002179089 0.06970468 0.02150189 -0.001501589 0.06970733 0.02149225 -0.001510289 0.06919425 0.02279277 -0.002230089 0.06970033 0.02147995 -0.001526389 0.06969069 0.0214773 -0.001537289 0.06917232 0.02279711 -0.002262689 0.06967406 0.02146236 -0.001546989 0.06915303 0.02279181 -0.002275189 0.06966707 0.02145007 -0.001557989 0.06914339 0.02278916 -0.002280289 0.06965742 0.02144742 -0.001562489 0.06912411 0.02278386 -0.002291589 0.06963115 0.02142982 -0.001570989 0.06911447 0.02278121 -0.002294689 0.06909518 0.02277591 -0.002298889 0.06966465 0.02134569 -0.001540089 0.06969092 0.02136329 -0.001525789 0.0697172 0.02138088 -0.001503189 0.06975335 0.02128711 -0.001494689 0.06974347 0.02139847 -0.001473589 0.06975047 0.02141077 -0.001439289 0.06979192 0.02129771 -0.001429389 0.06983337 0.02118465 -0.001449889 0.06987217 0.02108124 -0.001499489 0.06990566 0.02099711 -0.001574889 0.06993386 0.02093226 -0.001671289 0.06994711 0.02088405 -0.001782489 0.06994976 0.02087441 -0.001901389 0.06978227 0.02129506 -0.001464489 0.06982107 0.02119164 -0.001483489 0.06985722 0.02109787 -0.001529389 0.06989072 0.02101374 -0.001599189 0.06990662 0.02095589 -0.001688389 0.06992952 0.02091033 -0.001791289 0.06993217 0.02090069 -0.001901389 0.06979215 0.02118369 -0.001512389 0.06982564 0.02109956 -0.001555089 0.06985649 0.02102508 -0.001620089 0.06988204 0.02096987 -0.001703089 0.06989264 0.0209313 -0.001798889 0.06989529 0.02092166 -0.001901389 0.06972707 0.02126951 -0.001517789 0.06976057 0.02118538 -0.001534489 0.06979407 0.02110125 -0.001574789 0.06982491 0.02102677 -0.001636089 0.06983817 0.02097855 -0.001714389 0.06985841 0.02094264 -0.001804789 0.06986106 0.02093299 -0.001901389 0.06969814 0.02126156 -0.001532389 0.06973164 0.02117743 -0.001548389 0.06976514 0.0210933 -0.001587189 0.06978369 0.02102581 -0.001646089 0.06980659 0.02098024 -0.001721489 0.06981719 0.02094168 -0.001808389 0.06981984 0.02093203 -0.001901389 0.06994976 0.02087441 -0.002169089 0.06993217 0.02090069 -0.002169089 0.06989529 0.02092166 -0.002169089 0.06986106 0.02093299 -0.002169089 0.06981984 0.02093203 -0.002169089 0.06994976 0.02087441 -0.002178589 0.06996206 0.02086742 -0.002187389 0.06996206 0.02086742 -0.002195089 0.06996471 0.02085777 -0.002201189 0.06996736 0.02084813 -0.002205089 0.06997001 0.02083849 -0.002206789 0.06996133 0.02079462 -0.002250389 0.06995433 0.02078233 -0.002261289 0.06993939 0.02079896 -0.002269889 0.06992107 0.02075244 -0.002286489 0.06989214 0.02074449 -0.002294989 0.06988419 0.02077341 -0.002306789 0.06986394 0.02080933 -0.002309689 0.06985599 0.02083826 -0.002303589 0.06984804 0.02086719 -0.002288789 0.06984009 0.02089611 -0.002266389 0.06982514 0.02091275 -0.002237589 0.06981984 0.02093203 -0.002204489 0.06991046 0.02079101 -0.002292489 0.06990251 0.02081994 -0.002295189 0.06989456 0.02084886 -0.002289689 0.06987697 0.02087514 -0.002276489 0.06987167 0.02089442 -0.002256289 0.06986636 0.02091371 -0.002230489 0.06986371 0.02092335 -0.002200789 0.0699377 0.02076738 -0.002270989 0.06992806 0.02076473 -0.002281989 0.06993144 0.02082789 -0.002271989 0.06992349 0.02085681 -0.002267589 0.06991819 0.0208761 -0.002256689 0.06990324 0.02089273 -0.002240289 0.06989794 0.02091202 -0.002219289 0.06989529 0.02092166 -0.002194989 0.06996832 0.02080691 -0.002225589 0.06996832 0.02080691 -0.002234289 0.06996567 0.02081656 -0.002240389 0.06995072 0.02083319 -0.002241889 0.06994542 0.02085247 -0.002238689 0.06994012 0.02087176 -0.002231089 0.06993747 0.0208814 -0.002219389 0.06993482 0.02089104 -0.002204589 0.06993217 0.02090069 -0.002187389 0.06997531 0.02081921 -0.002202789 0.06997266 0.02082885 -0.002205989 0.07040183 0.01938081 -0.001572189 0.07042811 0.0193984 -0.001562489 0.07045438 0.019416 -0.001546989 0.07047102 0.01943094 -0.001526389 0.070485 0.01945553 -0.001501589 0.07049199 0.01946782 -0.001474089 0.07043268 0.01930632 -0.001541389 0.07060017 0.01888567 -0.001901389 0.07059053 0.01888302 -0.001901389 0.07058522 0.01890231 -0.001808789 0.0704616 0.01931427 -0.001530789 0.07048788 0.01933187 -0.001513789 0.07050452 0.01934681 -0.001491189 0.07053079 0.01936441 -0.001434089 0.07072744 0.01883769 -0.001781189 0.07071418 0.0188859 -0.001668689 0.07068599 0.01895075 -0.001571189 0.07065249 0.01903488 -0.001494989 0.07061369 0.01913829 -0.001444889 0.07057224 0.01925135 -0.001424089 0.0705238 0.01935211 -0.001464189 0.0705626 0.0192487 -0.001454889 0.0706014 0.01914528 -0.001474289 0.07063755 0.01905151 -0.001521189 0.07067104 0.01896738 -0.001592489 0.0706896 0.01889989 -0.001683689 0.07070984 0.01886397 -0.001788889 0.07073009 0.01882805 -0.001901389 0.07073009 0.01882805 -0.001901389 0.07071249 0.01885432 -0.001901389 0.07070285 0.01885167 -0.001901389 0.07068526 0.01887795 -0.001795889 0.07066501 0.01891387 -0.001697189 0.07064646 0.01898136 -0.001611589 0.07061561 0.01905585 -0.001544689 0.07057946 0.01914963 -0.001500689 0.07054331 0.0192434 -0.001482489 0.07052403 0.0192381 -0.001505589 0.07056018 0.01914432 -0.001522789 0.07059368 0.01906019 -0.001564289 0.07061488 0.01898306 -0.001627589 0.07064043 0.01892785 -0.001708389 0.07065103 0.01888928 -0.001801689 0.07068791 0.01886831 -0.001901389 0.07067562 0.0188753 -0.001901389 0.07065368 0.01887964 -0.001901389 0.07064139 0.01888663 -0.001901389 0.0704951 0.01923014 -0.001522889 0.07053125 0.01913637 -0.001539389 0.0705621 0.01906188 -0.001579089 0.07059295 0.0189874 -0.001639589 0.07060885 0.01892954 -0.001716889 0.0706168 0.01890062 -0.001806089 0.07062909 0.01889362 -0.001901389 0.07046883 0.01921255 -0.001533689 0.07050232 0.01912842 -0.001549689 0.07053317 0.01905393 -0.001588289 0.07055173 0.01898644 -0.001646989 0.07057727 0.01893123 -0.001722089 0.07059053 0.01888302 -0.002169089 0.07060017 0.01888567 -0.002169089 0.07062909 0.01889362 -0.002169089 0.07064139 0.01888663 -0.002169089 0.07065368 0.01887964 -0.002169089 0.07067562 0.0188753 -0.002169089 0.07068791 0.01886831 -0.002169089 0.07070285 0.01885167 -0.002169089 0.07071249 0.01885432 -0.002169089 0.07073009 0.01882805 -0.002169089 0.07073009 0.01882805 -0.002169089 0.07073274 0.01881841 -0.002184889 0.07073274 0.01881841 -0.002177189 0.07073539 0.01880876 -0.002196689 0.07073274 0.01881841 -0.002191489 0.07073804 0.01879912 -0.002200089 0.07075033 0.01879213 -0.002201489 0.07071515 0.01884468 -0.002184989 0.07066282 0.01869548 -0.002296189 0.07065487 0.0187244 -0.002308089 0.07064427 0.01876297 -0.002310989 0.07062667 0.01878925 -0.002304889 0.07061607 0.01882782 -0.002289989 0.07060812 0.01885674 -0.002267289 0.07059318 0.01887338 -0.002238289 0.07059053 0.01888302 -0.002204789 0.07069874 0.01871572 -0.002281989 0.0706891 0.01871307 -0.002286489 0.07068115 0.018742 -0.002297489 0.07067246 0.01869813 -0.002294989 0.07063175 0.01888398 -0.002202089 0.0706344 0.01887434 -0.002232989 0.0706397 0.01885505 -0.002259789 0.07064765 0.01882613 -0.002280789 0.0706556 0.0187972 -0.002294589 0.0706732 0.01877092 -0.002300289 0.07072502 0.01873332 -0.002261289 0.07071538 0.01873066 -0.002270989 0.07071007 0.01874995 -0.002280489 0.07069248 0.01877623 -0.002282889 0.07068453 0.01880515 -0.002277989 0.07067658 0.01883408 -0.002265989 0.07067127 0.01885336 -0.002247789 0.07066597 0.01887265 -0.002224589 0.07065368 0.01887964 -0.002197689 0.070739 0.0187579 -0.002234289 0.07073201 0.01874561 -0.002250389 0.07072671 0.01876489 -0.002257989 0.07072141 0.01878418 -0.002259889 0.07071345 0.0188131 -0.002255889 0.07069851 0.01882974 -0.002246389 0.07069321 0.01884902 -0.002231889 0.07069056 0.01885867 -0.002213289 0.07068791 0.01886831 -0.002191889 0.07075298 0.01878249 -0.002202789 0.07074864 0.01876055 -0.002225589 0.07074334 0.01877984 -0.002230889 0.07073105 0.01878683 -0.002232289 0.07072575 0.01880611 -0.002229489 0.07072045 0.0188254 -0.002222889 0.0707178 0.01883504 -0.002212789 0.07071515 0.01884468 -0.002199889 0.07075298 0.01878249 -0.002198089 0.07075033 0.01879213 -0.002200789 0.07126267 0.01741881 -0.001478789 0.07125568 0.01740652 -0.001510289 0.0712417 0.01738193 -0.001537289 0.07121542 0.01736434 -0.001557989 0.0711795 0.01734409 -0.001570989 0.071213 0.01725996 -0.001540089 0.07124892 0.01728021 -0.001525789 0.07127785 0.01728816 -0.001503189 0.07129448 0.0173031 -0.001473589 0.07130147 0.0173154 -0.001439289 0.07134292 0.01720234 -0.001429389 0.07139137 0.01710157 -0.001449889 0.07143016 0.01699816 -0.001499489 0.07146631 0.01690439 -0.001574889 0.07148487 0.01683689 -0.001671289 0.07150511 0.01680097 -0.001782489 0.07151041 0.01678169 -0.001901389 0.07133328 0.01719969 -0.001464489 0.07137208 0.01709627 -0.001483489 0.07140823 0.0170025 -0.001529389 0.07143908 0.01692801 -0.001599189 0.07145763 0.01686052 -0.001688389 0.07147788 0.0168246 -0.001791289 0.07148053 0.01681496 -0.001901389 0.071314 0.01719439 -0.001494689 0.07135015 0.01710061 -0.001512389 0.07138364 0.01701648 -0.001555089 0.07140485 0.01693934 -0.001620089 0.07143039 0.01688414 -0.001703089 0.071441 0.01684557 -0.001798889 0.07144365 0.01683593 -0.001901389 0.07128507 0.01718643 -0.001517789 0.07131857 0.0171023 -0.001534489 0.07134242 0.01701552 -0.001574789 0.07137327 0.01694104 -0.001636089 0.07139882 0.01688583 -0.001714389 0.07140677 0.01685691 -0.001804789 0.07140942 0.01684726 -0.001901389 0.0712465 0.01717583 -0.001532389 0.07128 0.0170917 -0.001548389 0.0713135 0.01700757 -0.001587189 0.07134169 0.01694273 -0.001646089 0.0713576 0.01688487 -0.001721489 0.07136555 0.01685594 -0.001808389 0.07137784 0.01684895 -0.001901389 0.07151041 0.01678169 -0.002169089 0.07148053 0.01681496 -0.002169089 0.07144365 0.01683593 -0.002169089 0.07140942 0.01684726 -0.002169089 0.07137784 0.01684895 -0.002169089 0.07151571 0.0167624 -0.002205089 0.07151306 0.01677204 -0.002201189 0.07151668 0.01672118 -0.002225589 0.07151933 0.01671154 -0.002234289 0.07151402 0.01673082 -0.002240389 0.07151233 0.01669925 -0.002250389 0.07150269 0.0166966 -0.002261289 0.07149739 0.01671588 -0.002269889 0.07138314 0.01682967 -0.002237589 0.07138844 0.01681038 -0.002266389 0.07140435 0.01675253 -0.002303589 0.07144315 0.01664912 -0.002296189 0.07143254 0.01668768 -0.002306789 0.07144315 0.01664912 -0.002294989 0.07142459 0.01671661 -0.002309689 0.07145087 0.01673421 -0.002295189 0.07146942 0.01666671 -0.002286489 0.07147111 0.01669829 -0.002292489 0.07147907 0.01666936 -0.002281989 0.07138049 0.01683931 -0.002204489 0.07141207 0.01683762 -0.002200789 0.07141472 0.01682798 -0.002230489 0.0714957 0.0166843 -0.002270989 0.07144895 0.01681665 -0.002219289 0.07146124 0.01680965 -0.002240289 0.0714798 0.01674216 -0.002271989 0.07144292 0.01676313 -0.002289689 0.0713964 0.01678146 -0.002288789 0.07148583 0.01679567 -0.002219389 0.07149113 0.01677639 -0.002231089 0.07143497 0.01679206 -0.002276489 0.07147449 0.01676144 -0.002267589 0.07150872 0.01675011 -0.002241889 0.07152102 0.01674312 -0.002205989 0.07151306 0.01677204 -0.002195089 0.07148318 0.01680531 -0.002204589 0.07151041 0.01678169 -0.002187389 0.0714463 0.01682629 -0.002194989 0.07148053 0.01681496 -0.002187389 0.07151041 0.01678169 -0.002178589 0.07152367 0.01673348 -0.002198089 0.07152367 0.01673348 -0.002202789 0.07142002 0.01680869 -0.002256289 0.07146654 0.01679037 -0.002256689 0.07149378 0.01676674 -0.002238689 0.07151837 0.01675276 -0.002206789 0.06872573 0.01374495 -0.001357789 0.06872573 0.01374495 -0.001362989 0.06872308 0.01375459 -0.001383589 0.06872308 0.01375459 -0.001393489 0.06872043 0.01376424 -0.001407589 0.06871778 0.01377388 -0.001420889 0.06871778 0.01377388 -0.001429089 0.06871248 0.01379316 -0.001443889 0.06871248 0.01379316 -0.001447189 0.06791632 0.01412396 -0.001739389 0.06785582 0.0141177 -0.001705389 0.06788739 0.01411601 -0.001726189 0.06796837 0.01397234 -0.001647489 0.06781195 0.01412638 -0.001647289 0.06782424 0.01411939 -0.001678489 0.06791751 0.01396873 -0.001600389 0.06790522 0.01397572 -0.001570889 0.06797029 0.0138899 -0.001530689 0.06804935 0.01382866 -0.001493889 0.0682188 0.01374042 -0.001433389 0.06839693 0.01369605 -0.001390789 0.06800429 0.01399258 -0.001662189 0.06806407 0.01392605 -0.001621689 0.06812119 0.01386915 -0.001584489 0.06826605 0.01379489 -0.001523489 0.06842225 0.01375487 -0.001480589 0.0685652 0.01376305 -0.001455389 0.06794909 0.01396704 -0.001626389 0.06803779 0.01390845 -0.001606089 0.06800886 0.0139005 -0.001584989 0.06810455 0.01385421 -0.001568289 0.06808792 0.01383927 -0.001547089 0.06826171 0.01377296 -0.001506389 0.06824508 0.01375802 -0.001485089 0.06841791 0.01373293 -0.001462889 0.06841092 0.01372064 -0.001441489 0.0685705 0.01374376 -0.001437389 0.06856616 0.01372183 -0.001415989 0.06798958 0.0138952 -0.001559389 0.06806864 0.01383396 -0.001521889 0.06822844 0.01374307 -0.001460389 0.06840393 0.01370834 -0.001417189 0.06856881 0.01371218 -0.001391889 0.06856181 0.01369989 -0.001365889 0.06750904 0.01515281 -0.002297089 0.06747047 0.01514221 -0.002288089 0.0674994 0.01515016 -0.002294589 0.06744854 0.01514655 -0.002272789 0.06745818 0.0151492 -0.002281389 0.06739503 0.01515258 -0.002226989 0.06739768 0.01514294 -0.002233789 0.06741696 0.01514824 -0.002252089 0.06742925 0.01514125 -0.002260689 0.06738273 0.01515957 -0.002202489 0.06738273 0.01515957 -0.002198789 0.06737743 0.01517886 -0.002202289 0.06738008 0.01516921 -0.002201589 0.06736514 0.01518585 -0.002197289 0.06736779 0.01517621 -0.002200789 0.06736249 0.01519549 -0.002191989 0.06736249 0.01519549 -0.002185289 0.06735984 0.01520513 -0.002177389 0.06735984 0.01520513 -0.002169089 0.06736153 0.01523671 -0.002169089 0.06736153 0.01523671 -0.002185389 0.06739238 0.01516222 -0.002232389 0.06736322 0.01526829 -0.002169089 0.06736322 0.01526829 -0.002192389 0.06737455 0.01530252 -0.002169089 0.0673772 0.01529287 -0.002198189 0.06739818 0.01532975 -0.002169089 0.06740083 0.01532011 -0.002202489 0.0674888 0.01518873 -0.002309089 0.06748085 0.01521766 -0.002311989 0.0674606 0.01525358 -0.002305789 0.06745265 0.0152825 -0.002290789 0.0674447 0.01531143 -0.002267989 0.06742975 0.01532806 -0.002238789 0.06742445 0.01534735 -0.002205089 0.06742445 0.01534735 -0.002169089 0.06745987 0.01518078 -0.002299189 0.06745192 0.0152097 -0.002301989 0.06743433 0.01523598 -0.002296189 0.06742637 0.01526491 -0.002282189 0.06741842 0.01529383 -0.002260989 0.06740348 0.01531047 -0.002233889 0.0673895 0.01528588 -0.002225489 0.0673948 0.0152666 -0.002249189 0.0674001 0.01524731 -0.002267689 0.06740805 0.01521839 -0.002279889 0.06742299 0.01520175 -0.002284889 0.06743094 0.01517283 -0.002282489 0.06736587 0.01525865 -0.002214289 0.06738081 0.01524201 -0.002233189 0.06738346 0.01523237 -0.002247989 0.06739142 0.01520344 -0.002257689 0.06739672 0.01518416 -0.002261789 0.06741166 0.01516752 -0.002259789 0.06736418 0.01522707 -0.002200589 0.06736683 0.01521743 -0.002213789 0.06736948 0.01520778 -0.002224089 0.06737478 0.0151885 -0.002230889 0.06738707 0.01518151 -0.002233689 0.06667352 0.01717363 -0.002297089 0.06665423 0.01716832 -0.002294589 0.0666323 0.01717267 -0.002288089 0.06662265 0.01717001 -0.002281389 0.06660337 0.01716471 -0.002272789 0.06659373 0.01716206 -0.002260689 0.06658143 0.01716905 -0.002252089 0.06656215 0.01716375 -0.002233789 0.0665595 0.0171734 -0.002226989 0.06654721 0.01718039 -0.002202489 0.06654721 0.01718039 -0.002198789 0.06653226 0.01719702 -0.002202289 0.06654455 0.01719003 -0.002201589 0.06652961 0.01720666 -0.002197289 0.06653226 0.01719702 -0.002200789 0.06652696 0.01721631 -0.002191989 0.06652696 0.01721631 -0.002185289 0.06652431 0.01722595 -0.002177389 0.06652431 0.01722595 -0.002169089 0.066526 0.01725753 -0.002169089 0.066526 0.01725753 -0.002185389 0.06655685 0.01718304 -0.002232389 0.06652769 0.0172891 -0.002169089 0.06652769 0.0172891 -0.002192389 0.06653902 0.01732333 -0.002169089 0.06654167 0.01731369 -0.002198189 0.06656265 0.01735057 -0.002169089 0.0665653 0.01734093 -0.002202489 0.06665327 0.01720954 -0.002309089 0.06664532 0.01723847 -0.002311989 0.06662507 0.01727439 -0.002305789 0.06661712 0.01730332 -0.002290789 0.06659953 0.01732959 -0.002267989 0.06659423 0.01734888 -0.002238789 0.06658893 0.01736816 -0.002205089 0.06658893 0.01736816 -0.002169089 0.06662434 0.01720159 -0.002299189 0.06661639 0.01723052 -0.002301989 0.0665988 0.0172568 -0.002296189 0.06659085 0.01728572 -0.002282189 0.06657325 0.017312 -0.002260989 0.06656795 0.01733128 -0.002233889 0.06654432 0.01730405 -0.002225489 0.06655927 0.01728741 -0.002249189 0.06656457 0.01726813 -0.002267689 0.06657252 0.0172392 -0.002279889 0.06658746 0.01722257 -0.002284889 0.06659542 0.01719364 -0.002282489 0.06653034 0.01727946 -0.002214289 0.06654528 0.01726283 -0.002233189 0.06654794 0.01725318 -0.002247989 0.06655589 0.01722426 -0.002257689 0.06656119 0.01720497 -0.002261789 0.06657613 0.01718834 -0.002259789 0.06652865 0.01724788 -0.002200589 0.0665313 0.01723824 -0.002213789 0.06653395 0.0172286 -0.002224089 0.06653925 0.01720931 -0.002230889 0.06655155 0.01720232 -0.002233689 0.0691986 0.0228147 -0.002233489 0.06921089 0.02280771 -0.002196889 0.06921354 0.02279807 -0.002190089 0.06921354 0.02279807 -0.002188189 0.06921089 0.02280771 -0.002198189 0.06920824 0.02281736 -0.002201389 0.06920824 0.02281736 -0.002204689 0.06921258 0.02283929 -0.002230189 0.06919595 0.02282435 -0.002238589 0.06921258 0.02283929 -0.002234889 0.06920294 0.02283664 -0.002245189 0.06920993 0.02284893 -0.002250789 0.06921523 0.02282965 -0.002219489 0.06920559 0.022827 -0.002215689 0.06920824 0.02281736 -0.002207689 0.069181 0.02284098 -0.002293089 0.06920993 0.02284893 -0.002256789 0.06917401 0.02282869 -0.002283289 0.06920728 0.02285857 -0.002278989 0.06920728 0.02285857 -0.002272789 0.06920993 0.02284893 -0.002260889 0.06917835 0.02285062 -0.002303889 0.06916172 0.02283568 -0.002308489 0.06916172 0.02283568 -0.002317689 0.06915038 0.02280145 -0.002280889 0.06916967 0.02280675 -0.002267789 0.06915038 0.02280145 -0.002282289 0.06916702 0.02281639 -0.002274689 0.06915473 0.02282339 -0.002292089 0.06915473 0.02282339 -0.002297889 0.06915207 0.02283303 -0.002304189 0.06920728 0.02285857 -0.000291489 0.06920728 0.02285857 -0.002150389 0.06914942 0.02284267 -0.000220889 0.06920728 0.02285857 -0.000283889 0.06920728 0.02285857 -0.000291089 0.06920728 0.02285857 -0.000267289 0.06919764 0.02285592 -0.000260589 0.06918799 0.02285327 -0.000246089 0.06917835 0.02285062 -0.000235389 0.06917835 0.02285062 -0.000230989 0.06915907 0.02284532 -0.000223089 0.06921089 0.02280771 -0.002196889 0.06920824 0.02281736 -0.002204689 0.06921089 0.02280771 -0.002198189 0.06921523 0.02282965 -0.002191889 0.06920824 0.02281736 -0.002201389 0.06921354 0.02279807 -0.002188189 0.06921354 0.02279807 -0.002190089 0.06921258 0.02283929 -0.002185889 0.06920993 0.02284893 -0.002181589 0.06920993 0.02284893 -0.002176389 0.06920728 0.02285857 -0.002171989 0.06920728 0.02285857 -0.002167189 0.06920728 0.02285857 -0.002161889 0.06920728 0.02285857 -0.002156489 0.0691258 0.02281543 -0.002317889 0.06908723 0.02280483 -0.002324189 0.06908723 0.02280483 -0.002335589 0.06912146 0.0227935 -0.002298289 0.06912315 0.02282508 -0.002329989 0.06909253 0.02278555 -0.002305589 0.06908289 0.0227829 -0.002306589 0.06908988 0.02279519 -0.002314089 0.06911881 0.02280314 -0.002307189 0.06908024 0.02279254 -0.002315089 0.06906794 0.02279953 -0.002336389 0.06907759 0.02280218 -0.002325089 0.06908024 0.02279254 -0.002319889 0.06412163 0.02091089 -0.002319889 0.06410933 0.02091789 -0.002331989 0.06412163 0.02091089 -0.002318289 0.06414356 0.02090655 -0.002309989 0.06410933 0.02091789 -0.002333389 0.06409969 0.02091523 -0.002339989 0.06409969 0.02091523 -0.002343289 -0.02909987 -0.005773086 -0.002298989 -0.02909987 -0.005773086 -0.000324589 -0.02910686 -0.005785378 -0.002290789 -0.02910686 -0.005785378 -0.000332789 -0.02912349 -0.005800322 -0.002280689 -0.02912349 -0.005800322 -0.000342789 -0.02914278 -0.005805623 -0.002269289 -0.02914278 -0.005805623 -0.000354289 -0.02915242 -0.005808274 -0.002256789 -0.02915242 -0.005808274 -0.000366689 -0.02917436 -0.005803933 -0.002243989 -0.02917436 -0.005803933 -0.000379489 -0.029184 -0.005806583 -0.002231689 -0.029184 -0.005806583 -0.000391889 -0.02920593 -0.005802242 -0.002220689 -0.02920593 -0.005802242 -0.000402889 -0.009651135 -0.0009556409 -0.000218589 -0.009651135 -0.0009556409 -0.002404889 -0.009658126 -0.0009679339 -0.000218589 -0.009658126 -0.0009679339 -0.002404889 -0.00967476 -0.0009828774 -0.000218589 -0.00967476 -0.0009828774 -0.002404889 -0.009694045 -0.0009881787 -0.000218589 -0.009694045 -0.0009881787 -0.002404889 -0.00971598 -0.0009838376 -0.000218589 -0.00971598 -0.0009838376 -0.002404889 -0.009735265 -0.0009891389 -0.000218589 -0.009735265 -0.0009891389 -0.002404889 -0.009750208 -0.0009725049 -0.000218589 -0.009750208 -0.0009725049 -0.002404889 -0.01003948 -0.001052024 -0.000218589 -0.01003948 -0.001052024 -0.002404889 -0.01004647 -0.001064317 -0.000218589 -0.01004647 -0.001064317 -0.002404889 -0.01005611 -0.001066967 -0.000218589 -0.01005611 -0.001066967 -0.002404889 -0.01007275 -0.001081911 -0.000218589 -0.01007275 -0.001081911 -0.002404889 -0.01009203 -0.001087212 -0.000218589 -0.01009203 -0.001087212 -0.002404889 -0.01010432 -0.00108022 -0.000218589 -0.01010432 -0.00108022 -0.002404889 -0.01012626 -0.001075879 -0.000218589 -0.01012626 -0.001075879 -0.002404889 -0.01013855 -0.001068888 -0.000218589 -0.01013855 -0.001068888 -0.002404889 -0.01042782 -0.001148406 -0.000218589 -0.01042782 -0.001148406 -0.002404889 -0.01043481 -0.001160699 -0.000218589 -0.01043481 -0.001160699 -0.002404889 -0.0104541 -0.001166001 -0.000218589 -0.0104541 -0.001166001 -0.002404889 -0.01047073 -0.001180944 -0.000218589 -0.01047073 -0.001180944 -0.002404889 -0.01049267 -0.001176603 -0.000218589 -0.01049267 -0.001176603 -0.002404889 -0.01051195 -0.001181904 -0.000218589 -0.01051195 -0.001181904 -0.002404889 -0.01052689 -0.00116527 -0.000218589 -0.01052689 -0.00116527 -0.002404889 -0.01081616 -0.001244789 -0.000218589 -0.01081616 -0.001244789 -0.002404889 -0.01082316 -0.001257082 -0.000218589 -0.01082316 -0.001257082 -0.002404889 -0.01084244 -0.001262383 -0.000218589 -0.01084244 -0.001262383 -0.002404889 -0.01084943 -0.001274676 -0.000218589 -0.01084943 -0.001274676 -0.002404889 -0.01086872 -0.001279977 -0.000218589 -0.01086872 -0.001279977 -0.002404889 -0.01089065 -0.001275636 -0.000218589 -0.01089065 -0.001275636 -0.002404889 -0.01090294 -0.001268645 -0.000218589 -0.01090294 -0.001268645 -0.002404889 -0.01091524 -0.001261653 -0.000218589 -0.01091524 -0.001261653 -0.002404889 -0.01120451 -0.001341172 -0.000218589 -0.01120451 -0.001341172 -0.002404889 -0.0112115 -0.001353465 -0.000218589 -0.0112115 -0.001353465 -0.002404889 -0.01123078 -0.001358766 -0.000218589 -0.01123078 -0.001358766 -0.002404889 -0.01123777 -0.001371059 -0.000218589 -0.01123777 -0.001371059 -0.002404889 -0.01125706 -0.00137636 -0.000218589 -0.01125706 -0.00137636 -0.002404889 -0.01127899 -0.001372019 -0.000218589 -0.01127899 -0.001372019 -0.002404889 -0.01129129 -0.001365027 -0.000218589 -0.01129129 -0.001365027 -0.002404889 -0.01130358 -0.001358036 -0.000218589 -0.01130358 -0.001358036 -0.002404889 -0.01159285 -0.001437554 -0.000218589 -0.01159285 -0.001437554 -0.002404889 -0.01160948 -0.001452498 -0.000218589 -0.01160948 -0.001452498 -0.002404889 -0.01161913 -0.001455149 -0.000218589 -0.01161913 -0.001455149 -0.002404889 -0.01163576 -0.001470092 -0.000218589 -0.01163576 -0.001470092 -0.002404889 -0.0116577 -0.001465751 -0.000218589 -0.0116577 -0.001465751 -0.002404889 -0.01167698 -0.001471052 -0.000218589 -0.01167698 -0.001471052 -0.002404889 -0.01169192 -0.001454418 -0.000218589 -0.01169192 -0.001454418 -0.002404889 -0.01198119 -0.001533937 -0.000218589 -0.01198119 -0.001533937 -0.002404889 -0.01199783 -0.001548881 -0.000218589 -0.01199783 -0.001548881 -0.002404889 -0.01200747 -0.001551531 -0.000218589 -0.01200747 -0.001551531 -0.002404889 -0.0120241 -0.001566475 -0.000218589 -0.0120241 -0.001566475 -0.002404889 -0.01204604 -0.001562134 -0.000218589 -0.01204604 -0.001562134 -0.002404889 -0.01206532 -0.001567435 -0.000218589 -0.01206532 -0.001567435 -0.002404889 -0.01208027 -0.001550801 -0.000218589 -0.01208027 -0.001550801 -0.002404889 -0.01236954 -0.00163032 -0.000218589 -0.01236954 -0.00163032 -0.002404889 -0.01238617 -0.001645263 -0.000218589 -0.01238617 -0.001645263 -0.002404889 -0.01240545 -0.001650565 -0.000218589 -0.01240545 -0.001650565 -0.002404889 -0.01241245 -0.001662858 -0.000218589 -0.01241245 -0.001662858 -0.002404889 -0.01243438 -0.001658517 -0.000218589 -0.01243438 -0.001658517 -0.002404889 -0.01245367 -0.001663818 -0.000218589 -0.01245367 -0.001663818 -0.002404889 -0.01247825 -0.001649834 -0.000218589 -0.01247825 -0.001649834 -0.002404889 -0.01275788 -0.001726703 -0.000218589 -0.01275788 -0.001726703 -0.002404889 -0.01277451 -0.001741646 -0.000218589 -0.01277451 -0.001741646 -0.002404889 -0.0127938 -0.001746947 -0.000218589 -0.0127938 -0.001746947 -0.002404889 -0.01280079 -0.00175924 -0.000218589 -0.01280079 -0.00175924 -0.002404889 -0.01282273 -0.001754899 -0.000218589 -0.01282273 -0.001754899 -0.002404889 -0.01284201 -0.0017602 -0.000218589 -0.01284201 -0.0017602 -0.002404889 -0.0128666 -0.001746217 -0.000218589 -0.0128666 -0.001746217 -0.002404889 -0.01314622 -0.001823085 -0.000218589 -0.01314622 -0.001823085 -0.002404889 -0.01316286 -0.001838029 -0.000218589 -0.01316286 -0.001838029 -0.002404889 -0.01318214 -0.00184333 -0.000218589 -0.01318214 -0.00184333 -0.002404889 -0.01319878 -0.001858274 -0.000218589 -0.01319878 -0.001858274 -0.002404889 -0.01321107 -0.001851282 -0.000218589 -0.01321107 -0.001851282 -0.002404889 -0.01323035 -0.001856583 -0.000218589 -0.01323035 -0.001856583 -0.002404889 -0.01325494 -0.0018426 -0.000218589 -0.01325494 -0.0018426 -0.002404889 -0.01353722 -0.001909826 -0.000218589 -0.01353722 -0.001909826 -0.002404889 -0.01355385 -0.001924769 -0.000218589 -0.01355385 -0.001924769 -0.002404889 -0.01356084 -0.001937062 -0.000218589 -0.01356084 -0.001937062 -0.002404889 -0.01357748 -0.001952006 -0.000218589 -0.01357748 -0.001952006 -0.002404889 -0.01358977 -0.001945014 -0.000218589 -0.01358977 -0.001945014 -0.002404889 -0.01360905 -0.001950315 -0.000218589 -0.01360905 -0.001950315 -0.002404889 -0.01363099 -0.001945974 -0.000218589 -0.01363099 -0.001945974 -0.002404889 -0.01364328 -0.001938983 -0.000218589 -0.01364328 -0.001938983 -0.002404889 -0.01392291 -0.002015851 -0.000218589 -0.01392291 -0.002015851 -0.002404889 -0.01393954 -0.002030794 -0.000218589 -0.01393954 -0.002030794 -0.002404889 -0.01395883 -0.002036095 -0.000218589 -0.01395883 -0.002036095 -0.002404889 -0.01397546 -0.002051039 -0.000218589 -0.01397546 -0.002051039 -0.002404889 -0.0139974 -0.002046698 -0.000218589 -0.0139974 -0.002046698 -0.002404889 -0.01400969 -0.002039706 -0.000218589 -0.01400969 -0.002039706 -0.002404889 -0.01403162 -0.002035365 -0.000218589 -0.01403162 -0.002035365 -0.002404889 -0.0143139 -0.002102591 -0.000218589 -0.0143139 -0.002102591 -0.002404889 -0.01433054 -0.002117535 -0.000218589 -0.01433054 -0.002117535 -0.002404889 -0.01433753 -0.002129828 -0.000218589 -0.01433753 -0.002129828 -0.002404889 -0.01435416 -0.002144771 -0.000218589 -0.01435416 -0.002144771 -0.002404889 -0.0143761 -0.00214043 -0.000218589 -0.0143761 -0.00214043 -0.002404889 -0.01438574 -0.002143081 -0.000218589 -0.01438574 -0.002143081 -0.002404889 -0.01440768 -0.00213874 -0.000218589 -0.01440768 -0.00213874 -0.002404889 -0.01441997 -0.002131748 -0.000218589 -0.01441997 -0.002131748 -0.002404889 -0.01470225 -0.002198974 -0.000218589 -0.01470225 -0.002198974 -0.002404889 -0.01471888 -0.002213917 -0.000218589 -0.01471888 -0.002213917 -0.002404889 -0.01472587 -0.00222621 -0.000218589 -0.01472587 -0.00222621 -0.002404889 -0.01474516 -0.002231511 -0.000218589 -0.01474516 -0.002231511 -0.002404889 -0.01476444 -0.002236813 -0.000218589 -0.01476444 -0.002236813 -0.002404889 -0.01477408 -0.002239463 -0.000218589 -0.01477408 -0.002239463 -0.002404889 -0.01479602 -0.002235122 -0.000218589 -0.01479602 -0.002235122 -0.002404889 -0.01480831 -0.002228131 -0.000218589 -0.01480831 -0.002228131 -0.002404889 -0.01509758 -0.002307649 -0.000218589 -0.01509758 -0.002307649 -0.002404889 -0.01510457 -0.002319942 -0.000218589 -0.01510457 -0.002319942 -0.002404889 -0.01512386 -0.002325244 -0.000218589 -0.01512386 -0.002325244 -0.002404889 -0.01514049 -0.002340187 -0.000218589 -0.01514049 -0.002340187 -0.002404889 -0.01516243 -0.002335846 -0.000218589 -0.01516243 -0.002335846 -0.002404889 -0.01518436 -0.002331505 -0.000218589 -0.01518436 -0.002331505 -0.002404889 -0.01519665 -0.002324513 -0.000218589 -0.01519665 -0.002324513 -0.002404889 -0.01548857 -0.00239439 -0.000218589 -0.01548857 -0.00239439 -0.002404889 -0.01549557 -0.002406683 -0.000218589 -0.01549557 -0.002406683 -0.002404889 -0.01550256 -0.002418976 -0.000218589 -0.01550256 -0.002418976 -0.002404889 -0.01552184 -0.002424277 -0.000218589 -0.01552184 -0.002424277 -0.002404889 -0.01554113 -0.002429578 -0.000218589 -0.01554113 -0.002429578 -0.002404889 -0.01555077 -0.002432229 -0.000218589 -0.01555077 -0.002432229 -0.002404889 -0.0155727 -0.002427888 -0.000218589 -0.0155727 -0.002427888 -0.002404889 -0.015585 -0.002420896 -0.000218589 -0.015585 -0.002420896 -0.002404889 -0.01587692 -0.002490772 -0.000218589 -0.01587692 -0.002490772 -0.002404889 -0.01588126 -0.002512708 -0.000218589 -0.01588126 -0.002512708 -0.002404889 -0.01590054 -0.002518009 -0.000218589 -0.01590054 -0.002518009 -0.002404889 -0.01591983 -0.00252331 -0.000218589 -0.01591983 -0.00252331 -0.002404889 -0.01593911 -0.002528611 -0.000218589 -0.01593911 -0.002528611 -0.002404889 -0.01596105 -0.00252427 -0.000218589 -0.01596105 -0.00252427 -0.002404889 -0.01597334 -0.002517279 -0.000218589 -0.01597334 -0.002517279 -0.002404889 -0.01626526 -0.002587155 -0.000218589 -0.01626526 -0.002587155 -0.002404889 -0.01627225 -0.002599448 -0.000218589 -0.01627225 -0.002599448 -0.002404889 -0.01628889 -0.002614392 -0.000218589 -0.01628889 -0.002614392 -0.002404889 -0.01629853 -0.002617042 -0.000218589 -0.01629853 -0.002617042 -0.002404889 -0.01631781 -0.002622344 -0.000218589 -0.01631781 -0.002622344 -0.002404889 -0.0163371 -0.002627645 -0.000218589 -0.0163371 -0.002627645 -0.002404889 -0.01634939 -0.002620653 -0.000218589 -0.01634939 -0.002620653 -0.002404889 -0.01636168 -0.002613661 -0.000218589 -0.01636168 -0.002613661 -0.002404889 -0.0166536 -0.002683538 -0.000218589 -0.0166536 -0.002683538 -0.002404889 -0.01665794 -0.002705473 -0.000218589 -0.01665794 -0.002705473 -0.002404889 -0.01667723 -0.002710774 -0.000218589 -0.01667723 -0.002710774 -0.002404889 -0.01669651 -0.002716076 -0.000218589 -0.01669651 -0.002716076 -0.002404889 -0.0167158 -0.002721377 -0.000218589 -0.0167158 -0.002721377 -0.002404889 -0.01673773 -0.002717036 -0.000218589 -0.01673773 -0.002717036 -0.002404889 -0.01675003 -0.002710044 -0.000218589 -0.01675003 -0.002710044 -0.002404889 -0.01704195 -0.002779921 -0.000218589 -0.01704195 -0.002779921 -0.002404889 -0.01705593 -0.002804506 -0.000218589 -0.01705593 -0.002804506 -0.002404889 -0.01706557 -0.002807157 -0.000218589 -0.01706557 -0.002807157 -0.002404889 -0.01708486 -0.002812458 -0.000218589 -0.01708486 -0.002812458 -0.002404889 -0.01710414 -0.00281776 -0.000218589 -0.01710414 -0.00281776 -0.002404889 -0.01712608 -0.002813418 -0.000218589 -0.01712608 -0.002813418 -0.002404889 -0.01713837 -0.002806427 -0.000218589 -0.01713837 -0.002806427 -0.002404889 -0.01743029 -0.002876303 -0.000218589 -0.01743029 -0.002876303 -0.002404889 -0.01743728 -0.002888596 -0.000218589 -0.01743728 -0.002888596 -0.002404889 -0.01745392 -0.00290354 -0.000218589 -0.01745392 -0.00290354 -0.002404889 -0.01746356 -0.00290619 -0.000218589 -0.01746356 -0.00290619 -0.002404889 -0.01748284 -0.002911492 -0.000218589 -0.01748284 -0.002911492 -0.002404889 -0.01750213 -0.002916793 -0.000218589 -0.01750213 -0.002916793 -0.002404889 -0.01751442 -0.002909801 -0.000218589 -0.01751442 -0.002909801 -0.002404889 -0.01753636 -0.00290546 -0.000218589 -0.01753636 -0.00290546 -0.002404889 -0.01781863 -0.002972686 -0.000218589 -0.01781863 -0.002972686 -0.002404889 -0.01783262 -0.002997272 -0.000218589 -0.01783262 -0.002997272 -0.002404889 -0.01784226 -0.002999922 -0.000218589 -0.01784226 -0.002999922 -0.002404889 -0.01786154 -0.003005224 -0.000218589 -0.01786154 -0.003005224 -0.002404889 -0.01788083 -0.003010525 -0.000218589 -0.01788083 -0.003010525 -0.002404889 -0.01790276 -0.003006184 -0.000218589 -0.01790276 -0.003006184 -0.002404889 -0.01791506 -0.002999192 -0.000218589 -0.01791506 -0.002999192 -0.002404889 -0.01859532 -0.003165451 -0.000218589 -0.01859532 -0.003165451 -0.002404889 -0.0186093 -0.003190037 -0.000218589 -0.0186093 -0.003190037 -0.002404889 -0.01862859 -0.003195338 -0.000218589 -0.01862859 -0.003195338 -0.002404889 -0.01864787 -0.00320064 -0.000218589 -0.01864787 -0.00320064 -0.002404889 -0.01865751 -0.00320329 -0.000218589 -0.01865751 -0.00320329 -0.002404889 -0.01867945 -0.003198949 -0.000218589 -0.01867945 -0.003198949 -0.002404889 -0.01870138 -0.003194608 -0.000218589 -0.01870138 -0.003194608 -0.002404889 -0.01820698 -0.003069069 -0.000218589 -0.01820698 -0.003069069 -0.002404889 -0.01821397 -0.003081362 -0.000218589 -0.01821397 -0.003081362 -0.002404889 -0.0182306 -0.003096305 -0.000218589 -0.0182306 -0.003096305 -0.002404889 -0.01824989 -0.003101606 -0.000218589 -0.01824989 -0.003101606 -0.002404889 -0.01825953 -0.003104257 -0.000218589 -0.01825953 -0.003104257 -0.002404889 -0.01827881 -0.003109558 -0.000218589 -0.01827881 -0.003109558 -0.002404889 -0.01829111 -0.003102567 -0.000218589 -0.01829111 -0.003102567 -0.002404889 -0.01831304 -0.003098226 -0.000218589 -0.01831304 -0.003098226 -0.002404889 -0.01898366 -0.003261834 -0.000218589 -0.01898366 -0.003261834 -0.002404889 -0.0190003 -0.003276778 -0.000218589 -0.0190003 -0.003276778 -0.002404889 -0.01901693 -0.003291721 -0.000218589 -0.01901693 -0.003291721 -0.002404889 -0.01903621 -0.003297022 -0.000218589 -0.01903621 -0.003297022 -0.002404889 -0.01904586 -0.003299673 -0.000218589 -0.01904586 -0.003299673 -0.002404889 -0.01906779 -0.003295332 -0.000218589 -0.01906779 -0.003295332 -0.002404889 -0.01908973 -0.003290991 -0.000218589 -0.01908973 -0.003290991 -0.002404889 -0.01937201 -0.003358217 -0.000218589 -0.01937201 -0.003358217 -0.002404889 -0.01938864 -0.00337316 -0.000218589 -0.01938864 -0.00337316 -0.002404889 -0.01940527 -0.003388104 -0.000218589 -0.01940527 -0.003388104 -0.002404889 -0.01942456 -0.003393405 -0.000218589 -0.01942456 -0.003393405 -0.002404889 -0.01944384 -0.003398706 -0.000218589 -0.01944384 -0.003398706 -0.002404889 -0.01945614 -0.003391715 -0.000218589 -0.01945614 -0.003391715 -0.002404889 -0.01947807 -0.003387374 -0.000218589 -0.01947807 -0.003387374 -0.002404889 -0.01976999 -0.00345725 -0.000218589 -0.01976999 -0.00345725 -0.002404889 -0.01977698 -0.003469543 -0.000218589 -0.01977698 -0.003469543 -0.002404889 -0.01979362 -0.003484487 -0.000218589 -0.01979362 -0.003484487 -0.002404889 -0.0198129 -0.003489788 -0.000218589 -0.0198129 -0.003489788 -0.002404889 -0.01983219 -0.003495089 -0.000218589 -0.01983219 -0.003495089 -0.002404889 -0.01984448 -0.003488097 -0.000218589 -0.01984448 -0.003488097 -0.002404889 -0.01986641 -0.003483756 -0.000218589 -0.01986641 -0.003483756 -0.002404889 -0.02014869 -0.003550982 -0.000218589 -0.02014869 -0.003550982 -0.002404889 -0.02016533 -0.003565926 -0.000218589 -0.02016533 -0.003565926 -0.002404889 -0.02017232 -0.003578219 -0.000218589 -0.02017232 -0.003578219 -0.002404889 -0.0201916 -0.00358352 -0.000218589 -0.0201916 -0.00358352 -0.002404889 -0.02021089 -0.003588821 -0.000218589 -0.02021089 -0.003588821 -0.002404889 -0.02022053 -0.003591472 -0.000218589 -0.02022053 -0.003591472 -0.002404889 -0.02024246 -0.003587131 -0.000218589 -0.02024246 -0.003587131 -0.002404889 -0.02025476 -0.003580139 -0.000218589 -0.02025476 -0.003580139 -0.002404889 -0.02054668 -0.003650015 -0.000218589 -0.02054668 -0.003650015 -0.002404889 -0.02055367 -0.003662308 -0.000218589 -0.02055367 -0.003662308 -0.002404889 -0.0205703 -0.003677252 -0.000218589 -0.0205703 -0.003677252 -0.002404889 -0.02058959 -0.003682553 -0.000218589 -0.02058959 -0.003682553 -0.002404889 -0.02060887 -0.003687854 -0.000218589 -0.02060887 -0.003687854 -0.002404889 -0.02062116 -0.003680863 -0.000218589 -0.02062116 -0.003680863 -0.002404889 -0.0206431 -0.003676522 -0.000218589 -0.0206431 -0.003676522 -0.002404889 -0.02093502 -0.003746398 -0.000218589 -0.02093502 -0.003746398 -0.002404889 -0.02094201 -0.003758691 -0.000218589 -0.02094201 -0.003758691 -0.002404889 -0.02095865 -0.003773635 -0.000218589 -0.02095865 -0.003773635 -0.002404889 -0.02097793 -0.003778936 -0.000218589 -0.02097793 -0.003778936 -0.002404889 -0.02099722 -0.003784237 -0.000218589 -0.02099722 -0.003784237 -0.002404889 -0.02101915 -0.003779896 -0.000218589 -0.02101915 -0.003779896 -0.002404889 -0.02103144 -0.003772904 -0.000218589 -0.02103144 -0.003772904 -0.002404889 -0.02132336 -0.003842781 -0.000218589 -0.02132336 -0.003842781 -0.002404889 -0.02133035 -0.003855074 -0.000218589 -0.02133035 -0.003855074 -0.002404889 -0.02134699 -0.003870017 -0.000218589 -0.02134699 -0.003870017 -0.002404889 -0.02136627 -0.003875319 -0.000218589 -0.02136627 -0.003875319 -0.002404889 -0.02138556 -0.00388062 -0.000218589 -0.02138556 -0.00388062 -0.002404889 -0.02140749 -0.003876279 -0.000218589 -0.02140749 -0.003876279 -0.002404889 -0.02141979 -0.003869287 -0.000218589 -0.02141979 -0.003869287 -0.002404889 -0.02171171 -0.003939164 -0.000218589 -0.02171171 -0.003939164 -0.002404889 -0.0217187 -0.003951457 -0.000218589 -0.0217187 -0.003951457 -0.002404889 -0.02173533 -0.0039664 -0.000218589 -0.02173533 -0.0039664 -0.002404889 -0.02174497 -0.003969051 -0.000218589 -0.02174497 -0.003969051 -0.002404889 -0.02176426 -0.003974352 -0.000218589 -0.02176426 -0.003974352 -0.002404889 -0.02178354 -0.003979653 -0.000218589 -0.02178354 -0.003979653 -0.002404889 -0.02179584 -0.003972662 -0.000218589 -0.02179584 -0.003972662 -0.002404889 -0.02180813 -0.00396567 -0.000218589 -0.02180813 -0.00396567 -0.002404889 -0.02210005 -0.004035546 -0.000218589 -0.02210005 -0.004035546 -0.002404889 -0.02210704 -0.004047839 -0.000218589 -0.02210704 -0.004047839 -0.002404889 -0.02212368 -0.004062783 -0.000218589 -0.02212368 -0.004062783 -0.002404889 -0.02214296 -0.004068084 -0.000218589 -0.02214296 -0.004068084 -0.002404889 -0.02216224 -0.004073385 -0.000218589 -0.02216224 -0.004073385 -0.002404889 -0.02218418 -0.004069044 -0.000218589 -0.02218418 -0.004069044 -0.002404889 -0.02219647 -0.004062053 -0.000218589 -0.02219647 -0.004062053 -0.002404889 -0.02248839 -0.004131929 -0.000218589 -0.02248839 -0.004131929 -0.002404889 -0.02250503 -0.004146873 -0.000218589 -0.02250503 -0.004146873 -0.002404889 -0.02251202 -0.004159165 -0.000218589 -0.02251202 -0.004159165 -0.002404889 -0.0225313 -0.004164467 -0.000218589 -0.0225313 -0.004164467 -0.002404889 -0.02255059 -0.004169768 -0.000218589 -0.02255059 -0.004169768 -0.002404889 -0.02257252 -0.004165427 -0.000218589 -0.02257252 -0.004165427 -0.002404889 -0.02258482 -0.004158435 -0.000218589 -0.02258482 -0.004158435 -0.002404889 -0.02287674 -0.004228312 -0.000218589 -0.02287674 -0.004228312 -0.002404889 -0.02288373 -0.004240605 -0.000218589 -0.02288373 -0.004240605 -0.002404889 -0.02290036 -0.004255548 -0.000218589 -0.02290036 -0.004255548 -0.002404889 -0.02291 -0.004258199 -0.000218589 -0.02291 -0.004258199 -0.002404889 -0.02292929 -0.0042635 -0.000218589 -0.02292929 -0.0042635 -0.002404889 -0.02294857 -0.004268801 -0.000218589 -0.02294857 -0.004268801 -0.002404889 -0.02296087 -0.00426181 -0.000218589 -0.02296087 -0.00426181 -0.002404889 -0.0229828 -0.004257469 -0.000218589 -0.0229828 -0.004257469 -0.002404889 -0.02326508 -0.004324694 -0.000218589 -0.02326508 -0.004324694 -0.002404889 -0.02328171 -0.004339638 -0.000218589 -0.02328171 -0.004339638 -0.002404889 -0.0232887 -0.004351931 -0.000218589 -0.0232887 -0.004351931 -0.002404889 -0.02330799 -0.004357232 -0.000218589 -0.02330799 -0.004357232 -0.002404889 -0.02332727 -0.004362533 -0.000218589 -0.02332727 -0.004362533 -0.002404889 -0.02334921 -0.004358192 -0.000218589 -0.02334921 -0.004358192 -0.002404889 -0.0233615 -0.004351201 -0.000218589 -0.0233615 -0.004351201 -0.002404889 -0.02365342 -0.004421077 -0.000218589 -0.02365342 -0.004421077 -0.002404889 -0.02366041 -0.00443337 -0.000218589 -0.02366041 -0.00443337 -0.002404889 -0.02367705 -0.004448314 -0.000218589 -0.02367705 -0.004448314 -0.002404889 -0.02369633 -0.004453615 -0.000218589 -0.02369633 -0.004453615 -0.002404889 -0.02370597 -0.004456265 -0.000218589 -0.02370597 -0.004456265 -0.002404889 -0.02372526 -0.004461567 -0.000218589 -0.02372526 -0.004461567 -0.002404889 -0.02373755 -0.004454575 -0.000218589 -0.02373755 -0.004454575 -0.002404889 -0.02375949 -0.004450234 -0.000218589 -0.02375949 -0.004450234 -0.002404889 -0.02404177 -0.00451746 -0.000218589 -0.02404177 -0.00451746 -0.002404889 -0.0240584 -0.004532403 -0.000218589 -0.0240584 -0.004532403 -0.002404889 -0.02407503 -0.004547347 -0.000218589 -0.02407503 -0.004547347 -0.002404889 -0.02408468 -0.004549998 -0.000218589 -0.02408468 -0.004549998 -0.002404889 -0.02410396 -0.004555299 -0.000218589 -0.02410396 -0.004555299 -0.002404889 -0.0241259 -0.004550958 -0.000218589 -0.0241259 -0.004550958 -0.002404889 -0.02414783 -0.004546617 -0.000218589 -0.02414783 -0.004546617 -0.002404889 -0.02443011 -0.004613842 -0.000218589 -0.02443011 -0.004613842 -0.002404889 -0.02444674 -0.004628786 -0.000218589 -0.02444674 -0.004628786 -0.002404889 -0.02445373 -0.004641079 -0.000218589 -0.02445373 -0.004641079 -0.002404889 -0.02447302 -0.00464638 -0.000218589 -0.02447302 -0.00464638 -0.002404889 -0.02448266 -0.004649031 -0.000218589 -0.02448266 -0.004649031 -0.002404889 -0.02450195 -0.004654332 -0.000218589 -0.02450195 -0.004654332 -0.002404889 -0.02452388 -0.004649991 -0.000218589 -0.02452388 -0.004649991 -0.002404889 -0.02453617 -0.004642999 -0.000218589 -0.02453617 -0.004642999 -0.002404889 -0.02481845 -0.004710225 -0.000218589 -0.02481845 -0.004710225 -0.002404889 -0.02483509 -0.004725169 -0.000218589 -0.02483509 -0.004725169 -0.002404889 -0.02485172 -0.004740112 -0.000218589 -0.02485172 -0.004740112 -0.002404889 -0.024871 -0.004745414 -0.000218589 -0.024871 -0.004745414 -0.002404889 -0.02488065 -0.004748064 -0.000218589 -0.02488065 -0.004748064 -0.002404889 -0.02490258 -0.004743723 -0.000218589 -0.02490258 -0.004743723 -0.002404889 -0.02492452 -0.004739382 -0.000218589 -0.02492452 -0.004739382 -0.002404889 -0.02520679 -0.004806608 -0.000218589 -0.02520679 -0.004806608 -0.002404889 -0.02522343 -0.004821551 -0.000218589 -0.02522343 -0.004821551 -0.002404889 -0.02524006 -0.004836495 -0.000218589 -0.02524006 -0.004836495 -0.002404889 -0.02525935 -0.004841796 -0.000218589 -0.02525935 -0.004841796 -0.002404889 -0.02527863 -0.004847098 -0.000218589 -0.02527863 -0.004847098 -0.002404889 -0.02529092 -0.004840106 -0.000218589 -0.02529092 -0.004840106 -0.002404889 -0.02531286 -0.004835765 -0.000218589 -0.02531286 -0.004835765 -0.002404889 -0.02559514 -0.004902991 -0.000218589 -0.02559514 -0.004902991 -0.002404889 -0.02561177 -0.004917934 -0.000218589 -0.02561177 -0.004917934 -0.002404889 -0.02561876 -0.004930227 -0.000218589 -0.02561876 -0.004930227 -0.002404889 -0.02563805 -0.004935528 -0.000218589 -0.02563805 -0.004935528 -0.002404889 -0.02565733 -0.00494083 -0.000218589 -0.02565733 -0.00494083 -0.002404889 -0.02566697 -0.00494348 -0.000218589 -0.02566697 -0.00494348 -0.002404889 -0.02568891 -0.004939139 -0.000218589 -0.02568891 -0.004939139 -0.002404889 -0.0257012 -0.004932147 -0.000218589 -0.0257012 -0.004932147 -0.002404889 -0.02599312 -0.005002024 -0.000218589 -0.02599312 -0.005002024 -0.002404889 -0.02600011 -0.005014317 -0.000218589 -0.02600011 -0.005014317 -0.002404889 -0.02601675 -0.00502926 -0.000218589 -0.02601675 -0.00502926 -0.002404889 -0.02603603 -0.005034562 -0.000218589 -0.02603603 -0.005034562 -0.002404889 -0.02605532 -0.005039863 -0.000218589 -0.02605532 -0.005039863 -0.002404889 -0.02606761 -0.005032871 -0.000218589 -0.02606761 -0.005032871 -0.002404889 -0.02608955 -0.00502853 -0.000218589 -0.02608955 -0.00502853 -0.002404889 -0.02638147 -0.005098407 -0.000218589 -0.02638147 -0.005098407 -0.002404889 -0.02638846 -0.0051107 -0.000218589 -0.02638846 -0.0051107 -0.002404889 -0.02639545 -0.005122992 -0.000218589 -0.02639545 -0.005122992 -0.002404889 -0.02641473 -0.005128294 -0.000218589 -0.02641473 -0.005128294 -0.002404889 -0.02643402 -0.005133595 -0.000218589 -0.02643402 -0.005133595 -0.002404889 -0.02644366 -0.005136246 -0.000218589 -0.02644366 -0.005136246 -0.002404889 -0.0264656 -0.005131905 -0.000218589 -0.0264656 -0.005131905 -0.002404889 -0.02647789 -0.005124913 -0.000218589 -0.02647789 -0.005124913 -0.002404889 -0.02676981 -0.005194789 -0.000218589 -0.02676981 -0.005194789 -0.002404889 -0.0267768 -0.005207082 -0.000218589 -0.0267768 -0.005207082 -0.002404889 -0.02679343 -0.005222026 -0.000218589 -0.02679343 -0.005222026 -0.002404889 -0.02681272 -0.005227327 -0.000218589 -0.02681272 -0.005227327 -0.002404889 -0.026832 -0.005232628 -0.000218589 -0.026832 -0.005232628 -0.002404889 -0.02685394 -0.005228287 -0.000218589 -0.02685394 -0.005228287 -0.002404889 -0.02686623 -0.005221296 -0.000218589 -0.02686623 -0.005221296 -0.002404889 -0.02715815 -0.005291172 -0.000218589 -0.02715815 -0.005291172 -0.002404889 -0.02716514 -0.005303465 -0.000218589 -0.02716514 -0.005303465 -0.002404889 -0.02718178 -0.005318409 -0.000218589 -0.02718178 -0.005318409 -0.002404889 -0.02719142 -0.005321059 -0.000218589 -0.02719142 -0.005321059 -0.002404889 -0.0272107 -0.00532636 -0.000218589 -0.0272107 -0.00532636 -0.002404889 -0.02722035 -0.005329011 -0.000218589 -0.02722035 -0.005329011 -0.002404889 -0.02724228 -0.00532467 -0.000218589 -0.02724228 -0.00532467 -0.002404889 -0.02725458 -0.005317678 -0.000218589 -0.02725458 -0.005317678 -0.002404889 -0.0275465 -0.005387555 -0.000218589 -0.0275465 -0.005387555 -0.002404889 -0.02755349 -0.005399848 -0.000218589 -0.02755349 -0.005399848 -0.002404889 -0.02757012 -0.005414791 -0.000218589 -0.02757012 -0.005414791 -0.002404889 -0.02757976 -0.005417442 -0.000218589 -0.02757976 -0.005417442 -0.002404889 -0.02759905 -0.005422743 -0.000218589 -0.02759905 -0.005422743 -0.002404889 -0.02761833 -0.005428044 -0.000218589 -0.02761833 -0.005428044 -0.002404889 -0.02763063 -0.005421053 -0.000218589 -0.02763063 -0.005421053 -0.002404889 -0.02764292 -0.005414061 -0.000218589 -0.02764292 -0.005414061 -0.002404889 -0.02793484 -0.005483937 -0.000218589 -0.02793484 -0.005483937 -0.002404889 -0.02794183 -0.00549623 -0.000218589 -0.02794183 -0.00549623 -0.002404889 -0.02795846 -0.005511174 -0.000218589 -0.02795846 -0.005511174 -0.002404889 -0.02797775 -0.005516475 -0.000218589 -0.02797775 -0.005516475 -0.002404889 -0.02799703 -0.005521776 -0.000218589 -0.02799703 -0.005521776 -0.002404889 -0.02801897 -0.005517435 -0.000218589 -0.02801897 -0.005517435 -0.002404889 -0.02803126 -0.005510444 -0.000218589 -0.02803126 -0.005510444 -0.002404889 -0.02832318 -0.00558032 -0.000218589 -0.02832318 -0.00558032 -0.002404889 -0.02833982 -0.005595264 -0.000218589 -0.02833982 -0.005595264 -0.002404889 -0.02834681 -0.005607557 -0.000218589 -0.02834681 -0.005607557 -0.002404889 -0.02836609 -0.005612858 -0.000218589 -0.02836609 -0.005612858 -0.002404889 -0.02838538 -0.005618159 -0.000218589 -0.02838538 -0.005618159 -0.002404889 -0.02840731 -0.005613818 -0.000218589 -0.02840731 -0.005613818 -0.002404889 -0.0284196 -0.005606826 -0.000218589 -0.0284196 -0.005606826 -0.002404889 -0.02874479 -0.00570659 -0.000218989 -0.02873515 -0.005703939 -0.002404789 -0.02874479 -0.00570659 -0.002404589 -0.02875444 -0.005709241 -0.000219289 -0.02875444 -0.005709241 -0.002404189 -0.02876408 -0.005711891 -0.002403789 -0.02876408 -0.005711891 -0.000219789 -0.02877372 -0.005714542 -0.002403189 -0.02877372 -0.005714542 -0.000220389 -0.02879565 -0.005710201 -0.002401789 -0.02879565 -0.005710201 -0.000221789 -0.02880795 -0.005703209 -0.002400289 -0.02880795 -0.005703209 -0.000223289 -0.02871152 -0.005676703 -0.000218589 -0.02871152 -0.005676703 -0.002404889 -0.02872816 -0.005691646 -0.000218589 -0.02873515 -0.005703939 -0.000218689 -0.02872816 -0.005691646 -0.000218589 -0.02872816 -0.005691646 -0.002404889 -0.02872816 -0.005691646 -0.002404889 0.06662811 0.03359911 -0.000282089 0.06662546 0.03360875 -0.000291489 0.06662546 0.03360875 -0.000287789 0.06662546 0.03360875 -0.000286189 0.06662811 0.03359911 -0.000281489 0.06662811 0.03359911 -0.000280089 0.06662811 0.03359911 -0.000272889 0.06662811 0.03359911 -0.000272689 0.06701495 0.03313505 -0.002404889 0.06662811 0.03359911 -0.000271489 0.06664571 0.03357283 -0.000256789 0.066658 0.03356584 -0.000255089 0.066658 0.03356584 -0.000254289 0.06669319 0.03351329 -0.000242689 0.06673802 0.03346339 -0.000230389 0.0667679 0.03343012 -0.000223989 0.06679779 0.03339685 -0.000222289 0.06543583 0.04551946 -0.000282089 0.06543848 0.04550981 -0.000291489 0.06543848 0.04550981 -0.000404889 0.06560098 0.04582413 -0.000218589 0.06556867 0.04575302 -0.000226289 0.06591391 0.04634573 -0.002404889 0.06552672 0.04567926 -0.000233889 0.06547778 0.04559321 -0.000243289 0.0654568 0.04555634 -0.000255389 0.06544981 0.04554404 -0.000259889 0.06544282 0.04553175 -0.000269789 0.06544547 0.04552211 -0.000272689 0.06543583 0.04551946 -0.000277289 0.06543583 0.04551946 -0.000282489 0.06543583 0.04551946 -0.000283489 0.06543848 0.04550981 -0.000287389 0.06543848 0.04550981 -0.000288689 0.06662546 0.03360875 -0.000404889 0.0658101 0.03476395 -0.000404889 0.0658101 0.03476395 -0.002404889 0.06492321 0.03659434 -0.000404889 0.06492321 0.03659434 -0.002404889 0.06438513 0.03855173 -0.000404889 0.06438513 0.03855173 -0.002404889 0.06421177 0.04057826 -0.000404889 0.06421177 0.04057826 -0.002404889 0.06441469 0.04259416 -0.000404889 0.06441469 0.04259416 -0.002404889 0.06499051 0.04453625 -0.000404889 0.06499051 0.04453625 -0.002404889 0.08194965 0.04916712 -0.000230789 0.08192241 0.04919075 -0.000223889 0.08192241 0.04919075 -0.002404889 0.08191976 0.04920039 -0.000223389 0.08189517 0.04921438 -0.000222089 0.08209547 0.04905165 -0.000404889 0.08209547 0.04905165 -0.000291489 0.08209282 0.04906129 -0.000282089 0.08209547 0.04905165 -0.000287789 0.08209547 0.04905165 -0.000286189 0.08209282 0.04906129 -0.000281489 0.08209282 0.04906129 -0.000279989 0.08209282 0.04906129 -0.000272689 0.08208318 0.04905864 -0.000271389 0.08206558 0.04908491 -0.000256589 0.08205594 0.04908226 -0.000255089 0.08205594 0.04908226 -0.000253989 0.08200147 0.04912951 -0.000242789 0.08590685 0.03790313 -0.000218589 0.08593121 0.03800317 -0.000226989 0.08543449 0.03641469 -0.002404889 0.08595556 0.0381032 -0.000235289 0.08597028 0.03820058 -0.000243589 0.08597727 0.03821288 -0.000244889 0.08598595 0.03825675 -0.000248389 0.08599029 0.03827868 -0.000255489 0.08599898 0.03832255 -0.000269389 0.08599898 0.03832255 -0.000272689 0.08600597 0.03833485 -0.000277989 0.08600332 0.03834449 -0.000282589 0.08600332 0.03834449 -0.000285989 0.08600332 0.03834449 -0.000288489 0.08209282 0.04906129 -0.000272789 0.08341004 0.04781589 -0.000404889 0.08341004 0.04781589 -0.002404889 0.0846149 0.04618699 -0.000404889 0.0846149 0.04618699 -0.002404889 0.08550179 0.0443566 -0.000404889 0.08550179 0.0443566 -0.002404889 0.08603987 0.04239921 -0.000404889 0.08603987 0.04239921 -0.002404889 0.08621323 0.04037267 -0.000404889 0.08621323 0.04037267 -0.002404889 0.08601031 0.03835678 -0.000404889 0.08601031 0.03835678 -0.002404889 0.08600332 0.03834449 -0.000404889 0.08600332 0.03834449 -0.000291489 0.08184335 0.04925198 -0.000219489 0.08181877 0.04926597 -0.000218589 0.08020382 0.05027396 -0.002404889 0.08020382 0.05027396 -0.000218589 0.07831574 0.05103056 -0.002404889 0.07831574 0.05103056 -0.000218589 0.07632228 0.05141596 -0.002404889 0.07632228 0.05141596 -0.000218589 0.07429359 0.05143906 -0.002404889 0.07429359 0.05143906 -0.000218589 0.07229814 0.05107719 -0.002404889 0.07229814 0.05107719 -0.000218589 0.0703981 0.0503682 -0.002404889 0.0703981 0.0503682 -0.000218589 0.06866628 0.04931136 -0.002404889 0.06866628 0.04931136 -0.000218589 0.06714994 0.04796114 -0.002404889 0.06714994 0.04796114 -0.000218589 0.06591391 0.04634573 -0.000218589 0.06684792 0.03332766 -0.000218589 0.06701495 0.03313505 -0.000218589 0.06850259 0.03176019 -0.002404889 0.06850259 0.03176019 -0.000218589 0.07022118 0.03067698 -0.002404889 0.07022118 0.03067698 -0.000218589 0.07210926 0.02992037 -0.002404889 0.07210926 0.02992037 -0.000218589 0.07410272 0.02953498 -0.002404889 0.07410272 0.02953498 -0.000218589 0.0761314 0.02951188 -0.002404889 0.0761314 0.02951188 -0.000218589 0.07812951 0.0298641 -0.002404889 0.07812951 0.0298641 -0.000218589 0.0800269 0.03058273 -0.002404889 0.0800269 0.03058273 -0.000218589 0.08175871 0.03163958 -0.002404889 0.08175871 0.03163958 -0.000218589 0.08327506 0.0329898 -0.002404889 0.08327506 0.0329898 -0.000218589 0.08451109 0.0346052 -0.002404889 0.08451109 0.0346052 -0.000218589 0.08543449 0.03641469 -0.000218589</float_array>
          <technique_common>
            <accessor count="8031" source="#verts-array-array" stride="3">
              <param type="float" name="X"/>
              <param type="float" name="Y"/>
              <param type="float" name="Z"/>
            </accessor>
          </technique_common>
        </source>
        <source id="normals-array">
          <float_array count="24093" id="normals-array-array">-0.5117975 -0.8591061 0 -0.5130605 -0.8582827 0.01094099 -0.4693599 -0.883007 0 -0.4693599 -0.883007 0 -0.5530477 -0.7775349 0.2992953 -0.6358146 -0.77184 -0.001670188 -0.6259426 -0.779869 0.0003397298 -0.7854788 -0.6180867 -0.03149459 -0.7467045 -0.6634423 0.0477143 -0.7747064 -0.6305774 0.04692635 -0.6659818 -0.6729636 0.3218513 -0.6633615 -0.7481634 0.01424552 -0.810873 -0.5674262 0.1432216 -0.8588447 -0.5087864 0.05934825 -0.7191637 -0.6842347 0.1209396 -0.9576015 -0.2843169 0.04651103 -0.9403913 -0.3385333 0.03254967 -0.950672 -0.3090247 -0.0269524 -0.8495059 -0.4018944 0.3417903 -0.7309486 -0.6821635 0.01915975 -0.9659257 -0.2427753 0.08970939 -0.9816162 -0.1900411 -0.01772075 -0.9685076 -0.2163859 0.1231676 -0.9994649 0.02828338 0.01643002 -0.9573225 -0.01374055 0.2886951 -0.9868136 -0.06642543 0.1476027 -0.9852741 -0.1705374 0.01232671 -0.9552019 0.217872 0.2003028 -0.95988 0.169856 0.2231129 -0.9792619 0.2005363 0.02883399 -0.9814137 0.1076526 0.1588647 -0.9785654 0.04806547 0.2002486 -0.9073373 0.2614485 0.329217 -0.9512638 0.307346 0.02521219 -0.9487865 0.3159 0.003381654 0.6419071 0.7667824 0 0.6439366 0.7650425 0.00745387 0.6637787 0.7479034 0.006193167 0.683538 0.7291404 -0.03361651 0.6850471 0.7266155 0.05234962 0.7193054 0.6847471 0.1171372 0.8052813 0.5917296 -0.03712165 0.7938737 0.6080455 -0.006729334 0.8981279 0.4041005 0.1734044 0.8626322 0.4599449 0.2105145 0.8959245 0.4419176 -0.04503473 0.8396645 0.5380124 0.0742039 0.8158848 0.5697376 0.09864612 0.9246059 0.3653812 0.1077054 0.9504034 0.3090672 0.03479717 0.9444348 0.3155753 -0.09195227 0.9862955 0.1593246 -0.04285853 0.9701924 0.2211258 0.09914656 0.962014 0.2682686 0.05060591 0.9925123 -0.007293493 0.1219264 0.9927452 0.05259278 0.1081246 0.9988533 -0.003099945 -0.0477761 0.948944 0.09930513 0.2994056 0.985457 0.167902 0.02614276 0.9740554 -0.1919072 0.1199489 0.9896444 -0.1433639 0.007129336 0.9875579 -0.1572212 0.003285138 0.9366661 -0.08590849 0.3395238 0.9877789 -0.06071672 0.1435492 0.9595813 -0.2537182 0.1217816 0.9461415 -0.3215623 0.03760221 0.9394521 -0.313598 -0.1381522 0.8694853 -0.4905836 -0.0576463 0.8983525 -0.4369579 0.04506194 0.9254778 -0.3727099 0.06766173 0.7210038 -0.6882019 0.08081871 0.7625175 -0.5619048 0.3206713 0.8092197 -0.5866079 0.03247538 0.8060418 -0.5186571 0.2851164 0.8587837 -0.4999895 0.1118082 -0.02150611 0.05850883 0.9980552 -0.02126173 0.0584763 0.9980624 0 0 1 -0.0258281 -0.08044939 0.996424 0 0 1 -0.0493701 -0.06651722 0.9965631 0 0 1 -0.04524628 -0.02827109 0.9985757 0 0 1 0 0 1 0 0 1 -0.06525003 0.02553343 0.9975422 0.062981 -0.06159992 0.9961119 -0.02328625 -0.1242351 0.9919795 -0.05227928 0.007060953 0.9986075 -0.07911203 0.02770518 0.9964807 -0.07296303 0.03971153 0.9965437 -0.0207393 0.05852738 0.9980704 0.008367027 -0.05589996 0.9984013 0 0 1 -0.03238853 0.05637773 0.997884 0 0 1 0 0 1 0 0 1 0 0 1 0 0 1 0 0 1 0 0 1 0 0 1 0 0 1 0 0 1 -0.01763049 0.05933501 0.9980824 0.05678994 -0.1077815 0.9925513 0 0 1 -0.001908383 -0.05573651 0.9984437 -0.01439159 -0.08743443 0.9960663 -0.07058351 -0.03525678 0.9968826 -0.1201838 -0.04146057 0.9918855 0.06249992 0.01845004 0.9978744 -0.08858203 -0.04308453 0.9951366 0 0 1 0 0 1 0 0 1 0 0 1 0.04164269 -0.05433445 0.9976541 0.02173965 -0.05938589 0.9979983 0 0 1 0 0 1 0 0 1 0 0 1 0 0 1 0 0 1 0 0 1 -0.01289188 0.06197089 0.9979947 0 0 1 0 0 1 0 0 1 0 0 1 0 0 1 0.00644663 0.0564075 0.998387 0 0 1 0 0 1 0 0 1 0 0 1 0 0 1 0 0 1 0.01499651 -0.06072688 0.9980418 0 0 1 0 0 1 0 0 1 0.06550819 -0.01263519 0.997772 0 0 1 0 0 1 0 0 1 0 0 1 0 0 1 -0.03796459 0.03751324 0.9985747 0 0 1 -0.02017354 0.05871308 0.998071 0.02017214 -0.05876289 0.9980681 0.02057258 -0.05864253 0.998067 -0.01951052 0.05882424 0.9980777 0.02095166 -0.05857532 0.9980631 -0.06588851 -0.04513615 0.9968056 -0.02731729 -0.03794939 0.9989062 -0.02892351 -0.06731547 0.9973124 -0.009515004 -0.07702573 0.9969837 -0.02680114 0.04763664 0.9985051 -0.02273671 0.05614597 0.9981636 -0.03611613 0.1151779 0.9926881 -0.01895291 0.05907975 0.9980733 -0.01836052 0.05915944 0.9980797 0.01763233 -0.06087555 0.9979896 0 0 1 0.02799998 -0.05947471 0.997837 0.01429354 -0.04579579 0.9988486 0.01291843 -0.08970272 0.9958848 0 0 1 0 0 1 0 0 1 0.02226799 -0.05693056 0.9981298 0 0 1 0 0 1 0 0 1 0.04851953 -0.02950597 0.9983863 0.04180225 -0.03460871 0.9985263 0 0 1 0.03894523 -0.05161183 0.9979076 -0.05565098 -0.02271985 0.9981918 -0.05752742 -0.01577458 0.9982193 -0.0595651 -0.008933991 0.9981844 0 0 1 0.01937798 -0.05724777 0.9981719 0.0196452 -0.05894775 0.9980677 0.01934358 -0.05901527 0.9980696 0.08565991 -0.04171041 0.995451 0.0477279 -0.03799928 0.9981373 0.03539087 -0.04881097 0.9981808 0.0596259 -0.00846443 0.9981849 0.0680658 0.004893667 0.9976688 -0.05693243 -0.02072699 0.9981629 -0.1148051 -0.02860057 0.9929762 0 0 1 0.07555431 -0.03802612 0.9964164 0.04712195 -0.03003504 0.9984375 -0.04315238 0.03755274 0.9983625 0 0 1 0.01799178 -0.05620537 0.9982571 0 0 1 0 0 1 0 0 1 0 0 1 -0.05386422 0.005648964 0.9985323 0 0 1 -0.09547742 0.00294105 0.9954273 0 0 1 -0.06158461 -0.004985795 0.9980894 0 0 1 -0.05986201 -0.009778988 0.9981588 0.06446418 0.004554472 0.9979096 0 0 1 0 0 1 0 0 1 0 0 1 0.05903471 0.02513039 0.9979396 -0.05057469 -0.02450974 0.9984195 0 0 1 -0.04727909 -0.02826921 0.9984816 0 0 1 -0.1036047 -0.07040128 0.9921239 -0.05219955 0.01481314 0.9985268 0 0 1 -0.06601432 0.0123635 0.9977421 0.05519155 -0.01282721 0.9983934 0 0 1 -0.04229879 -0.03441481 0.9985121 -0.05287516 -0.03546122 0.9979713 0 0 1 0 0 1 0 0 1 0 0 1 0 0 1 0.02348036 -0.01953118 0.9995335 0.07112969 -0.0512916 0.9961474 0 0 1 0.04228999 0.03864479 0.9983577 -0.04101896 -0.03524935 0.9985364 0 0 1 -0.03806058 -0.03870099 0.9985257 0 0 1 -0.03585967 -0.0418598 0.9984798 0 0 1 -0.03397806 -0.04807578 0.9982656 0 0 1 -0.02906575 -0.04956448 0.9983479 0.03965309 0.07967047 0.9960323 -0.01195989 -0.04797819 0.9987768 0 0 1 -0.00202632 -0.01023893 0.9999455 0 0 1 0 0 1 0 0 1 0 0 1 0 0 1 0.05077644 -0.0327897 0.9981716 -0.02361067 0.009474278 0.9996763 0 0 1 -0.08886983 0.02609356 0.9957014 0 0 1 0 0 1 0.05308934 0.02152779 0.9983577 -0.01632629 -0.009872152 0.999818 0.08827526 0.04646109 0.995012 0 0 1 0.04543587 0.03007837 0.9985143 0 0 1 0.0515865 0.03977642 0.9978761 -0.06240504 -0.06527709 0.9959139 0.03880893 0.03744908 0.9985447 -0.06211034 -0.06417114 0.9960042 0.05805993 0.06532135 0.9961738 -0.06507077 -0.06085057 0.9960236 0.008700317 0.0103729 0.9999083 0 0 1 0.1250852 -0.005772151 0.9921292 -0.067795 0.007115937 0.9976739 0.05556458 0.001885308 0.9984533 0 0 1 0.06028699 0.007995347 0.9981491 0.0582325 0.01732313 0.9981527 0 0 1 0 0 1 0 0 1 0 0 1 0.05765598 0.0120304 0.998264 -0.06213726 -0.01482693 0.9979575 0 0 1 0 0 1 0 0 1 0.07986405 -0.03071379 0.9963325 0 0 1 0.08421603 -0.02414646 0.9961549 -0.08222993 0.03593542 0.9959653 0.05310525 -0.00939462 0.9985447 0 0 1 0.06459958 -0.005762796 0.9978946 0 0 1 0 0 1 -0.2752944 0.9337962 0.2285554 -0.271509 0.9624359 0 -0.2797966 0.952904 -0.1169954 -0.2725618 0.9621383 0 -0.271509 0.9624359 0 -0.2725618 0.9621383 0 -0.2661944 0.9628754 -0.0448505 -0.2662448 0.9623952 0.0539365 -0.2587961 0.965932 0 -0.2587961 0.965932 0 -0.2587961 0.965932 0 -0.2587961 0.965932 0 -0.3450889 0.9385654 0.002926742 -0.3069514 0.9517252 0 -0.3060778 0.9520065 0.0002952751 -0.3428693 0.9393826 0.000958038 -0.3333355 0.911851 -0.2396146 -0.3302059 0.9163022 -0.2266148 -0.3324368 0.9243003 0.187496 -0.3325994 0.9430672 0.001382016 -0.3217135 0.9162117 -0.2388652 -0.3247283 0.9456635 0.01649132 -0.324857 0.9456215 -0.01636676 -0.3213122 0.9469652 0.003934734 -0.3219789 0.9424729 -0.08985754 -0.3194353 0.9476062 -0.001876994 -0.3037219 0.92082 0.2446294 -0.3099754 0.9485249 0.06492831 -0.3109844 0.9504049 -0.004379992 -0.3032453 0.9490912 0.08525392 -0.3085359 0.9512126 0.0005014416 -0.2968056 0.9549379 0.0002869634 -0.2917155 0.9565051 0.0002529102 -0.2906203 0.9568384 0.0003981436 -0.2965314 0.9550231 8.035519e-05 -0.04016956 -0.06434467 -0.9971189 -0.002685585 -0.0007382544 -0.9999961 0 0 -1 0 0 -1 0 0 1 0 0 -1 0 0 -1 0 0 -1 0 0 -1 0 0 -1 0 0 -1 0 0 -1 0 0 -1 0 0 -1 0 0 -1 0 0 -1 0 0 -1 0 0 -1 0 0 -1 0 0 -1 0 0 -1 0 0 -1 0 0 -1 0 0 -1 0 0 -1 0 0 -1 0 0 1 0 0 -1 0 0 -1 0 0 -1 0 0 -1 0 0 -1 0 0 -1 0 0 -1 0 0 1 0 0 -1 0 0 -1 0 0 -1 0 0 -1 0 0 1 0 0 1 0 0 -1 0 0 -1 0 0 -1 0 0 -1 0 0 -1 0 0 -1 0 0 -1 0 0 1 0 0 -1 0 0 -1 0 0 -1 0 0 -1 0 0 -1 0 0 -1 0 0 -1 0 0 -1 0 0 -1 0 0 -1 0 0 1 0 0 -1 0 0 -1 0 0 -1 0 0 -1 0 0 1 0 0 -1 0 0 -1 0 0 -1 0 0 -1 0 0 -1 0 0 -1 0 0 -1 0 0 -1 0 0 -1 0 0 -1 0 0 -1 0 0 -1 0 0 -1 0 0 -1 0 0 -1 0 0 -1 0 0 -1 0 0 -1 0 0 -1 0 0 -1 0 0 -1 0 0 -1 0 0 -1 0 0 -1 0 0 -1 0 0 -1 0 0 -1 0 0 1 0 0 1 0 0 -1 0 0 1 0 0 -1 0 0 -1 0 0 -1 0 0 -1 0 0 -1 0 0 1 0 0 -1 0 0 -1 0 0 -1 0 0 -1 0 0 1 0 0 -1 0 0 -1 0 0 -1 0 0 -1 0 0 -1 0 0 1 0 0 -1 0 0 -1 0 0 -1 0 0 -1 0 0 -1 0 0 -1 0 0 -1 0 0 -1 0 0 -1 0 0 -1 0 0 -1 0 0 -1 0 0 -1 0 0 1 0 0 -1 0 0 -1 0 0 -1 0 0 -1 0 0 -1 0 0 1 0 0 -1 0 0 -1 0 0 -1 0 0 -1 0 0 -1 0.01492635 -0.08401558 -0.9963526 0 0 -1 0 0 -1 0 0 -1 0 0 -1 0 0 -1 0 0 -1 0 0 -1 0 0 -1 0 0 -1 0 0 -1 0 0 -1 0 0 -1 0 0 -1 0 0 -1 0 0 -1 0 0 -1 0 0 -1 0 0 -1 0 0 -1 0 0 -1 0 0 -1 0 0 -1 0 0 -1 0 0 -1 0 0 -1 0 0 -1 0 0 -1 0 0 -1 0 0 -1 0 0 -1 0 0 -1 0 0 1 0 0 -1 0 0 -1 0 0 -1 0 0 -1 0 0 1 0 0 -1 0 0 -1 0 0 -1 0 0 -1 0 0 -1 0 0 -1 0 0 -1 0 0 -1 0 0 -1 0 0 -1 0 0 -1 0 0 -1 0 0 -1 0 0 -1 0 0 -1 0 0 -1 0 0 -1 0 0 -1 0 0 -1 0 0 -1 0 0 -1 0 0 -1 0 0 1 0 0 -1 0 0 -1 0 0 -1 0 0 -1 0 0 -1 0 0 -1 0 0 -1 0 0 -1 0 0 -1 0 0 -1 0 0 -1 0 0 -1 0 0 -1 0 0 -1 0 0 -1 0 0 -1 0 0 -1 0 0 -1 0 0 -1 0 0 -1 0 0 -1 0 0 -1 0 0 -1 0 0 -1 0 0 -1 0 0 -1 0 0 -1 0 0 -1 0 0 -1 0 0 -1 0 0 -1 0 0 -1 0 0 -1 0 0 -1 0 0 -1 0 0 -1 0 0 -1 0 0 -1 0 0 -1 0 0 -1 0 0 -1 0 0 -1 0 0 -1 0 0 -1 0 0 -1 0 0 -1 0 0 -1 0 0 -1 0 0 -1 0 0 -1 0 0 -1 0 0 1 0 0 -1 0 0 -1 0 0 -1 0 0 -1 0 0 -1 0 0 -1 0 0 -1 0 0 -1 0 0 -1 0 0 -1 0 0 -1 0 0 -1 0 0 -1 0 0 -1 0 0 -1 0 0 1 0 0 -1 0 0 -1 0 0 -1 0 0 -1 0 0 -1 0 0 -1 0 0 -1 0 0 -1 0 0 -1 0 0 -1 0 0 -1 0 0 -1 0 0 -1 0 0 1 0 0 -1 0 0 -1 0 0 -1 0 0 -1 0 0 1 0 0 -1 0 0 -1 0 0 -1 0 0 -1 0 0 -1 0 0 -1 0 0 -1 0 0 -1 0 0 -1 0 0 -1 0 0 -1 0 0 -1 0 0 -1 0 0 -1 0 0 -1 0 0 -1 0 0 1 0 0 -1 0 0 -1 0 0 -1 0 0 -1 0 0 1 0 0 -1 0 0 1 0 0 -1 0 0 -1 0 0 -1 0 0 -1 0 0 -1 0 0 -1 0 0 -1 0 0 -1 0 0 -1 0 0 -1 0 0 -1 0 0 -1 0 0 -1 0 0 -1 0 0 -1 0 0 -1 0 0 -1 0 0 -1 0 0 -1 0 0 -1 0 0 -1 0 0 -1 0 0 -1 0 0 -1 0 0 -1 0 0 -1 0 0 -1 0 0 -1 0 0 -1 0 0 -1 0 0 -1 0 0 -1 0 0 -1 0 0 -1 0 0 1 0 0 -1 0 0 -1 0 0 -1 0 0 -1 0 0 -1 0 0 -1 0 0 1 0 0 -1 0 0 1 0 0 -1 0 0 -1 0 0 -1 0 0 -1 0 0 -1 0 0 -1 0 0 -1 0 0 -1 0 0 -1 0 0 -1 0 0 -1 0 0 1 0 0 -1 0 0 1 0 0 -1 0 0 -1 0 0 -1 0 0 -1 0 0 -1 0 0 -1 0 0 -1 0 0 -1 0 0 -1 0 0 -1 0 0 -1 0 0 -1 0 0 -1 0 0 -1 0 0 -1 0 0 -1 0 0 -1 0 0 -1 0 0 -1 0 0 -1 0 0 -1 0 0 -1 0 0 -1 0 0 -1 0 0 -1 0 0 -1 0 0 -1 0 0 -1 0 0 -1 0 0 -1 0 0 -1 0 0 -1 0 0 -1 0 0 -1 0 0 -1 0 0 -1 0 0 -1 0 0 -1 0 0 -1 0 0 -1 0 0 -1 0 0 -1 0 0 -1 0 0 -1 0 0 -1 0 0 -1 0 0 -1 0 0 -1 0 0 -1 0 0 1 0 0 -1 0 0 -1 0 0 -1 0 0 -1 0 0 -1 0 0 1 0 0 -1 0 0 1 0 0 -1 0 0 -1 0 0 -1 0 0 -1 0 0 -1 0 0 -1 0 0 -1 0 0 -1 0 0 -1 0 0 -1 0 0 -1 0 0 -1 0 0 -1 0 0 -1 0 0 -1 0 0 -1 0 0 -1 0 0 -1 0 0 -1 0 0 -1 0 0 -1 0 0 -1 0 0 -1 0 0 -1 0 0 -1 0 0 -1 0 0 1 0 0 -1 0 0 -1 0 0 -1 0 0 -1 0 0 -1 0 0 -1 0 0 -1 0 0 -1 0 0 -1 0 0 -1 0 0 -1 0 0 -1 0 0 -1 0 0 -1 0 0 -1 0 0 -1 0 0 -1 0 0 -1 0 0 -1 0 0 -1 0 0 -1 0 0 -1 0 0 -1 0 0 -1 0 0 -1 0 0 -1 0 0 -1 0 0 -1 0 0 -1 0 0 -1 0 0 -1 0 0 -1 0 0 -1 0 0 -1 0 0 -1 0 0 -1 0 0 -1 0 0 -1 0 0 -1 0 0 -1 0 0 -1 0 0 -1 0 0 -1 0 0 -1 0 0 -1 0 0 -1 0 0 -1 0 0 -1 0 0 -1 0 0 -1 0 0 -1 0 0 -1 0 0 -1 0 0 -1 0 0 -1 0 0 -1 0 0 -1 0 0 -1 0 0 -1 0 0 -1 0 0 -1 0 0 -1 0 0 -1 0 0 -1 0 0 -1 0 0 -1 0 0 -1 0 0 -1 0 0 -1 0 0 -1 0 0 -1 0 0 -1 0 0 -1 0 0 -1 0 0 -1 0 0 -1 0 0 -1 0 0 -1 0 0 -1 0 0 -1 0 0 -1 0 0 -1 0 0 -1 0 0 -1 0 0 -1 0 0 -1 0 0 -1 0 0 -1 0 0 -1 0 0 -1 0 0 -1 0 0 -1 0 0 -1 0 0 -1 0 0 -1 0 0 -1 0 0 -1 0 0 -1 0 0 -1 0 0 -1 0 0 -1 0 0 -1 0 0 -1 0 0 -1 0 0 -1 0 0 -1 0 0 -1 0 0 -1 0 0 -1 0 0 -1 0 0 -1 -0.1666208 -0.9793163 -0.1147916 -0.2071498 -0.9509002 -0.2299519 -0.2185895 -0.9742511 0.05525804 -0.9370923 -0.3486835 -0.01666962 -0.961863 -0.2732452 0.01251439 -0.9516373 -0.3005032 -0.06390785 -0.9139672 -0.4057875 -0.0007379683 -0.9232657 -0.3841578 -0.001788502 -0.8650333 -0.4504276 -0.2209804 -0.8918866 -0.45221 0.00666277 -0.8784659 -0.4776981 0.01011216 -0.9298572 -0.3679192 -0.0009994089 -0.942576 -0.333961 0.004529921 -0.9220127 -0.3871408 0.003815656 -0.9268269 -0.3753717 0.009375475 -0.9370783 -0.348892 -0.01259693 -0.3660832 -0.9078836 -0.2042805 -0.7727798 -0.6264174 -0.1020421 -0.9623801 -0.2716509 0.005516864 -0.9618627 -0.2734853 0.005087419 -0.9607713 -0.277309 0.004260124 -0.9605069 -0.2782264 0.004063129 -0.9273983 -0.3731172 0.02675788 -0.9362737 -0.3512714 0 -0.9518558 -0.3038916 -0.04025385 -0.9332373 -0.3590884 0.01111896 -0.9114418 -0.4034328 0.08072039 -0.7993876 -0.513041 0.3126793 -0.9232891 -0.3828084 0.03154224 -0.8668155 -0.4488067 0.2172637 -0.8829475 -0.4490431 0.136982 -0.6474823 -0.05182647 -0.7603162 -0.9642312 -0.2650625 -3.928444e-12 -0.9545719 -0.2979749 0.001874817 -0.9506598 -0.3101349 0.007888773 -0.9601685 -0.2792629 -0.009422413 -0.9534449 -0.3015533 -0.002911957 -0.9367103 -0.350059 0.005704878 -0.8671812 -0.4979902 0.001589138 -0.8314641 -0.5500231 0.07837084 -0.7720145 -0.635604 0.001118252 -0.7489283 -0.6626452 0.002770293 -0.6640042 -0.7361746 -0.1309407 -0.6230907 -0.7821349 0.004788743 -0.5688119 -0.8224674 -0.0005537632 -0.4234396 -0.9059196 0.002926445 -0.1516256 -0.9884368 -0.001527605 -0.4866497 -0.8735708 -0.006786195 -0.1941382 -0.9809742 -4.856677e-14 -0.1941382 -0.9809742 -1.708286e-13 -0.2509085 -0.9680107 0.0004679079 -0.2960985 -0.9020539 0.3140453 -0.4392722 -0.898347 0.003552809 -0.9642312 -0.2650625 0 -0.9642312 -0.2650625 -1.39723e-14 -0.9642312 -0.2650625 1.074452e-13 -0.9642312 -0.2650625 -1.428919e-14 -0.9642312 -0.2650625 -8.859745e-14 -0.9642312 -0.2650625 -6.665905e-14 -0.9642312 -0.2650625 -3.155076e-14 0.3746581 -0.927163 0 0.3678701 -0.9292 -0.03548207 0.3330489 -0.9114409 0.2415654 0.3343042 -0.9117877 -0.2385035 0.2383119 -0.9517715 -0.1932317 0.2347623 -0.9576245 0.1668589 0.1508215 -0.9611611 -0.2311324 0.1467593 -0.9891722 0.0004068582 0.1023874 -0.9947432 0.001668939 0.03870446 -0.9992506 -0.0005238336 0.03829692 -0.9990312 0.02167798 -0.1124204 -0.9690002 -0.2200005 -0.1350849 -0.990834 0.000278447 -0.02830855 -0.9995975 -0.001881668 -0.03466701 -0.9993988 -0.0004142597 0.9770659 0.2126386 0.01127549 0.9956282 0.07989891 -0.04838042 0.9978586 0.05959061 -0.02696629 0.9682504 0.2496755 0.01237912 0.990064 0.1406172 0 0.9860698 0.1311427 0.1023132 0.9999715 -0.002544849 0.007109449 0.990064 0.1406172 0 0.9999386 -0.006053832 -0.009281437 0.9981256 0.06119897 0.000170104 0.9899051 0.1417263 0.001264677 0.9805954 0.1960423 0 0.9801057 0.1949745 0.03711681 0.9886644 0.1497998 -0.0101307 0.9781062 0.2076644 0.01355825 0.9746317 -0.1362083 -0.1775961 0.8527543 -0.5214574 0.0298701 0.9512898 -0.1984714 0.2359168 0.9900196 0.139036 -0.02302772 0.9809277 -0.002056312 -0.1943621 0.987605 0.1569598 0 0.9642312 0.2650625 0 0.9880253 0.1535703 -0.01490436 0.9915887 0.04872124 -0.1199083 0.9896623 0.1434175 0 0.9896623 0.1434175 0 0.9896623 0.1434175 0 0.996723 -0.08089094 0 0.996723 -0.08089094 0 0.9804572 -0.1967326 0 0.9804572 -0.1967326 0 0.9524322 -0.3047506 0 0.9524322 -0.3047506 0 0.9360874 -0.3507344 0.02693939 0.9360893 -0.3507418 -0.02677806 0.919088 -0.3940523 0 0.919088 -0.3940523 0 0.8751911 -0.4598748 -0.1501854 0.875295 -0.4599312 0.1494055 0.8391874 -0.5438423 0 0.8391874 -0.5438423 0 0.7869564 -0.6170086 0 0.7869564 -0.6170086 0 0.7262723 -0.6609546 -0.1888586 0.7264057 -0.6610747 0.1879229 0.6814926 -0.731825 0 0.6814926 -0.731825 0 0.6099266 -0.7924579 0 0.6099266 -0.7924579 0 0.5799215 -0.8146526 0.005668763 0.5799214 -0.8146529 -0.005636566 0.5351362 -0.8447658 0 0.5351362 -0.8447658 0 0.4584787 -0.8887054 0 0.4584787 -0.8887054 0 0.4023898 -0.9060885 -0.1307136 0.4024277 -0.9061704 0.1300277 0.3557483 -0.9345818 0 0.3557483 -0.9345818 0 0.309492 -0.9509021 0 0.309492 -0.9509021 0 0.2631691 -0.9358887 -0.2342102 0.2632372 -0.9361361 0.2331424 0.2392422 -0.9709599 0 0.2392422 -0.9709599 0 0.222198 -0.9750016 0 0.222198 -0.9750016 0 0.2261752 -0.9457113 0.2333985 0.2262341 -0.9459576 -0.2323411 0.2480871 -0.9687377 0 0.2480871 -0.9687377 0 0.2637523 -0.9645904 0 0.2637523 -0.9645904 0 0.2725093 -0.9621531 0 0.2725093 -0.9621531 0 0.3014413 -0.9527535 0.03733455 0.3018031 -0.9526163 -0.03790981 0.3388668 -0.9408344 0 0.338632 -0.9409189 -0.0001599567 0.3624817 -0.9214953 0.1394757 0.3625183 -0.9215883 -0.1387644 0.3993479 -0.9167995 0 0.4012955 -0.9159476 -0.001368063 0.4378842 -0.8675885 0.2356855 0.4360428 -0.8684327 -0.2359901 0.4627069 -0.8226409 0.3304003 0.4629183 -0.8230127 -0.3291758 0.5196022 -0.822334 0.2319058 0.5197379 -0.8225381 -0.2308757 0.5690449 -0.8205779 0.05328913 0.5690555 -0.8205892 -0.05300214 0.6045642 -0.7965564 0 0.6045642 -0.7965564 0 0.6573905 -0.7535501 0 0.6573905 -0.7535501 0 0.6754789 -0.7247158 0.136071 0.6755399 -0.7247836 -0.1354052 0.689202 -0.6922568 0.2139652 0.6883132 -0.6936974 -0.2121529 0.7587762 -0.65135 0.00137684 0.7601662 -0.6497287 0 0.7422265 -0.5740962 0.345707 0.7425849 -0.5743752 -0.3444718 0.8131429 -0.558314 0.1645726 0.8123973 -0.5601254 -0.1620807 0.8521987 -0.5232173 0.001045025 0.8530462 -0.5218353 0 0.8636961 -0.5040129 0 0.8636961 -0.5040129 0 0.8321731 -0.465378 0.3015149 0.8325072 -0.4655558 -0.3003156 0.8287652 -0.4439539 -0.3406658 -0.8527852 -0.5222617 0 -0.8527852 -0.5222617 0 -0.8649445 -0.5018674 0 -0.8649445 -0.5018674 0 -0.8747436 -0.4467315 -0.1877621 -0.8745858 -0.446651 0.1886862 -0.9150799 -0.4032725 0 -0.9162728 -0.4005502 0.001921512 -0.9222069 -0.3054503 -0.2371383 -0.920775 -0.3077153 0.2397597 -0.9422479 -0.2650982 -0.2046749 -0.9420555 -0.2650431 0.2056299 -0.9738885 -0.2270268 0 -0.9738885 -0.2270268 0 -0.9831757 -0.1826624 0 -0.9831757 -0.1826624 0 -0.9689335 -0.1129092 -0.2200441 -0.9686983 -0.1128821 0.2210908 -0.9712273 -0.04827714 -0.23321 -0.9707678 -0.04585207 0.2356002 -0.9997475 -0.00810612 0.02095621 -0.9998805 -0.01307235 -0.008253134 -0.9998364 0.01808883 0 -0.9998364 0.01808883 0 -0.995792 0.09164179 0 -0.9954681 0.09507004 0.002222017 -0.9395386 0.1677251 -0.2985556 -0.9392275 0.1651243 0.3009744 -0.9394697 0.2035503 -0.2756157 -0.9391477 0.2034822 0.2767609 -0.9456781 0.2461397 -0.2123867 -0.9460997 0.2444272 0.2124871 -0.9527898 0.3036273 -0.001454515 -0.9521037 0.3057754 0 -0.9368877 0.3465531 -0.04628612 -0.9388094 0.3425269 0.03622386 -0.9028983 0.3831085 -0.1949422 -0.9020357 0.3858827 0.1934585 -0.8987757 0.4149973 -0.141349 -0.8986847 0.4149616 0.1420304 -0.8790109 0.4389917 -0.1860807 -0.8795712 0.437756 0.1863444 -0.845249 0.5343714 -0.001162026 -0.8442857 0.5358934 0 -0.784889 0.5620324 -0.2608999 -0.7846384 0.5618545 0.2620346 -0.7866937 0.6173435 0 -0.7866937 0.6173435 0 -0.7611691 0.6485535 0 -0.7611691 0.6485535 0 -0.690348 0.6455204 -0.3266851 -0.69004 0.6452283 0.3279103 -0.679106 0.70187 -0.2149269 -0.6789495 0.701719 0.2159122 -0.6317466 0.7430369 -0.22089 -0.6315938 0.7428679 0.2218931 -0.5997406 0.7621243 -0.2438805 -0.5995713 0.761911 0.2449612 -0.5851516 0.8109239 0 -0.5851516 0.8109239 0 -0.5482925 0.8326821 -0.07756179 -0.5482772 0.8326519 0.07799278 -0.5253675 0.8508754 0 -0.5242674 0.8515533 0.0008417413 -0.4979295 0.8647227 -0.0657328 -0.4995914 0.8636149 0.06765888 -0.4619682 0.8868965 -0.0002866629 -0.4615726 0.8871024 0 -0.4170119 0.8966545 -0.1487004 -0.4169614 0.89655 0.1494699 -0.3779898 0.9258097 0 -0.3779898 0.9258097 0 -0.3425099 0.9382643 -0.04844638 -0.3425068 0.9382516 0.04871483 -0.313575 0.9495634 0 -0.313575 0.9495634 0 -0.2676552 0.9635147 0 -0.2676552 0.9635147 0 -0.2256294 0.953019 -0.2021042 -0.2255835 0.952826 0.2030635 -0.2024495 0.9792927 0 -0.2005075 0.9796913 0.001274478 -0.1588312 0.9582045 -0.2379429 -0.1605614 0.957359 0.2401746 -0.1367463 0.9645659 -0.2256391 -0.1367112 0.9643297 0.2266677 -0.1055638 0.9944125 0 -0.1055638 0.9944125 0 -0.07296671 0.9973344 0 -0.07296671 0.9973344 0 -0.03754753 0.9669186 -0.2523066 -0.03753806 0.9666276 0.2534204 0.001437046 0.999999 0 0.003495134 0.999993 0.001324316 0.1041813 0.9692172 -0.2230791 0.1020982 0.9688648 0.225559 0.1208191 0.9839465 -0.1313473 0.122895 0.9828728 0.1373241 0.1203763 0.9927279 -0.0009131929 0.1176881 0.9930503 0.0008324295 0.2022661 0.9703398 -0.1323977 0.2045134 0.970435 0.1281806 0.2690269 0.9631327 0 0.2690269 0.9631327 0 0.2522728 0.9676561 0 0.2522728 0.9676561 0 0.2933961 0.9117087 -0.2875865 0.2932907 0.9113667 0.2887756 0.3565255 0.9342856 0 0.3565255 0.9342856 0 0.3963347 0.9181061 0 0.3963347 0.9181061 0 0.4010645 0.9160498 0 0.4010645 0.9160498 0 0.4169634 0.8514843 -0.3179873 0.4167702 0.8511187 0.3192171 0.4882048 0.8544524 -0.1776716 0.4870348 0.8550654 0.1779332 0.5912156 0.8065127 -0.00114615 0.5926438 0.8054647 0 0.6061379 0.7921645 0.07121946 0.6047537 0.792866 -0.07507667 0.6109797 0.7916463 0 0.6116927 0.7910953 -0.0005814272 0.6482758 0.7433793 -0.1646988 0.6481799 0.7432745 0.1655473 0.6981031 0.7159973 0 0.6981031 0.7159973 0 0.7201006 0.6697092 -0.1815067 0.7199671 0.6695985 0.1824421 0.7737474 0.6334943 0 0.7737474 0.6334943 0 0.7912166 0.6115361 0 0.7912166 0.6115361 0 0.8045253 0.5370378 -0.2536324 0.8042804 0.5368714 0.2547592 0.8628536 0.5054539 0 0.8628536 0.5054539 0 0.8900541 0.4558549 0 0.8900541 0.4558549 0 0.8959736 0.4441072 0 0.8959736 0.4441072 0 0.8939602 0.3752211 -0.2450395 0.893696 0.3751101 0.2461706 0.952723 0.3038402 0 0.952723 0.3038402 0 0.9528452 0.242336 -0.1826453 0.9526816 0.2422946 0.1835512 0.9815615 0.1911468 0 0.9815615 0.1911468 0 0.9909369 0.134328 0 0.9909369 0.134328 0 0.9946878 0.1029374 0 0.9946878 0.1029374 0 0.9539219 0.05593534 -0.2947952 0.953551 0.05591878 0.295996 0.9999989 -0.001496005 0 0.9999989 -0.001496005 0 0.9975597 -0.03949243 -0.05757597 0.9975413 -0.03948966 0.05789594 0.9962726 -0.08626107 0 0.9962726 -0.08626107 0 0.9893961 -0.1452427 0 0.9893961 -0.1452427 0 0.913956 -0.1776416 -0.364867 0.9134814 -0.177546 0.3660999 0.924387 -0.2287852 -0.3052312 0.9248513 -0.2270068 0.3051525 0.9453088 -0.2946214 -0.1399625 0.9448675 -0.2959924 0.1400498 0.9002046 -0.3216545 -0.2935475 0.8998592 -0.3215327 0.2947375 0.9249242 -0.3801517 0 0.9242291 -0.3818366 0.001174067 0.8873832 -0.421032 -0.1878381 0.8878077 -0.4189635 0.190439 0.8283741 -0.4437376 0.3418966 0.4231981 -0.9054655 0.03217955 0.1129199 -0.9910577 0.07109008 0.4363148 -0.8982151 -0.05328254 0.1066245 -0.9912701 -0.07755559 0.938485 -0.3321778 -0.09436003 0.9981684 0.03625798 -0.04842758 0.9564919 -0.1920967 -0.2195951 0.7130859 -0.7010758 0.001061442 0.7712315 -0.6327416 0.0695704 0.8077158 -0.589572 0 0.6502336 -0.7595673 0.01592913 0.779208 -0.6267628 0.001808846 0.5607198 -0.7751338 -0.2911372 0.803287 -0.5955271 -0.008807883 0.7044219 -0.7095605 -0.01771344 0.8162959 -0.5776339 0 0.8162959 -0.5776339 0 0.7759405 -0.6308061 0 0.7759405 -0.6308061 0 0.8306289 -0.5568264 0 0.8306289 -0.5568264 0 0.8646677 -0.5017792 0.02381969 0.8646715 -0.5017791 -0.02368316 0.8930405 -0.4499764 0 0.8930405 -0.4499764 0 0.9300702 -0.367382 0 0.9300702 -0.367382 0 0.9374215 -0.2905335 0.1919147 0.9376017 -0.290585 -0.1909539 0.9725251 -0.2327981 0 0.9718549 -0.2355729 0.001846281 0.9568268 -0.1889714 0.2208443 0.9794691 -0.191738 0.06226482 0.9418986 -0.3155916 0.1150174 0.9850072 -0.1725131 0 0.9834622 -0.1807217 -0.01190997 0.6287123 -0.7776332 -0.002711005 0.5415183 -0.8124103 0.2162116 0.5137587 -0.8579345 0.0006580508 0.4727124 -0.8509894 0.2288232 0.4793802 -0.8463135 -0.2322674 0.4379373 -0.8990052 -0.0007613026 0.380223 -0.8934394 0.2391578 0.3596425 -0.9079078 0.2153151 0.2819739 -0.9594154 0.003576321 0.3027527 -0.9530683 -0.001303866 0.2525819 -0.9675739 0.001784442 0.2650625 -0.9642312 0 -0.2650625 0.9642312 4.441479e-12 -0.2650625 0.9642312 -2.170838e-14 -0.2650625 0.9642312 1.937308e-12 -0.2650625 0.9642312 2.170388e-14 -0.2650625 0.9642312 -1.937059e-12 -0.2650625 0.9642312 -4.425999e-12 -0.2650625 0.9642312 9.702893e-11 -0.2650625 0.9642312 3.666109e-13 -0.2650625 0.9642312 8.684843e-13 -0.2650625 0.9642312 -8.689821e-13 -0.2650625 0.9642312 -3.664983e-13 -0.2650625 0.9642312 -9.702893e-11 0 0 1 0 0 1 -0.04044894 -0.06449598 0.9970979 -9.089368e-17 -4.59283e-16 1 -4.884525e-17 -4.117523e-16 1 0 0 1 0 0 1 -0.002685585 -0.0007382544 0.9999961 0 0 1 0.01498632 -0.08434863 0.9963236 0 0 1 0 0 1 0 0 1 0 0 1 0 0 1 3.433478e-16 -1.472364e-15 1 -5.667911e-17 -4.682511e-16 1 5.049088e-16 -2.031054e-15 1 6.051997e-16 -2.208996e-15 1 0 0 1 0 0 1 0 0 1 0 0 1 0 0 1 0 0 1 0 0 1 0 0 1 0 0 1 0 0 1 0 0 1 0 0 1 -8.651779e-17 -2.928483e-16 1 5.056968e-16 -2.039035e-15 1 -8.8311e-17 -1.656871e-16 1 5.093387e-16 -2.041243e-15 1 5.742531e-16 -2.097921e-15 1 0 0 1 0 0 1 0 0 1 0 0 1 0 0 1 0 0 1 0 0 1 0 0 1 0 0 1 0 0 1 0 0 1 0 0 1 0 0 1 0 0 1 0 0 1 0 0 1 0 0 1 0 0 1 0 0 1 0 0 1 0 0 1 0 0 -1 0 0 1 0 0 1 0 0 1 0 0 1 0 0 1 0 0 1 0 0 1 0 0 1 0 0 1 0 0 1 0 0 1 0 0 1 0 0 1 0 0 1 0 0 -1 0 0 1 7.000077e-16 -2.5543e-15 1 0 0 1 0 0 1 -2.187235e-17 -2.201662e-15 1 5.782364e-14 -2.229625e-13 -1 -1.299594e-14 1.221758e-14 1 -7.162086e-15 -1.505253e-14 1 -5.888943e-15 -2.209478e-14 1 0 0 1 0 0 1 0 0 1 0 0 -1 0 0 1 0 0 1 0 0 1 0 0 1 0 0 1 0 0 1 0 0 1 0 0 1 0 0 1 0 0 -1 0 0 1 0 0 1 0 0 1 5.372583e-16 -2.053662e-15 1 -4.624347e-17 -3.854318e-16 1 5.034753e-16 -2.026958e-15 1 5.156285e-16 -1.885496e-15 1 0 0 1 0 0 1 0 0 1 0 0 1 0 0 1 0 0 1 0 0 -1 0 0 1 0 0 1 0 0 1 0 0 1 0 0 1 0 0 1 0 0 1 0 0 -1 0 0 1 0 0 1 0 0 1 0 0 1 0 0 1 0 0 1 0 0 1 0 0 1 0 0 1 0 0 1 0 0 1 0 0 1 0 0 1 0 0 1 0 0 1 0 0 1 0 0 1 0 0 1 7.12884e-16 -2.593294e-15 1 0 0 -1 0 0 1 6.893289e-16 -2.515941e-15 1 0 0 1 0 0 -1 0 0 1 0 0 1 0 0 1 0 0 1 0 0 1 0 0 1 0 0 1 0 0 1 0 0 1 0 0 1 0 0 -1 0 0 1 6.639564e-16 -2.424926e-15 1 0 0 1 0 0 1 0 0 1 0 0 1 0 0 1 0 0 1 0 0 1 0 0 1 5.700471e-16 -2.082974e-15 1 0 0 -1 0 0 1 0 0 1 0 0 1 0 0 1 0 0 1 0 0 1 0 0 1 0 0 -1 0 0 1 0 0 1 0 0 -1 0 0 1 0 0 1 0 0 1 0 0 1 0 0 1 0 0 1 0 0 1 0 0 1 0 0 1 0 0 1 0 0 1 0 0 1 0 0 1 0 0 -1 0 0 1 0 0 1 0 0 1 0 0 1 0 0 1 0 0 -1 0 0 -1 0 0 1 -1.140519e-16 -3.353249e-16 1 0 0 1 0 0 1 0 0 1 0 0 1 0 0 1 0 0 1 0 0 1 0 0 1 0 0 1 0 0 1 0 0 1 0 0 1 0 0 1 0 0 1 5.960721e-16 -2.176061e-15 1 0 0 1 0 0 1 -6.100855e-15 -7.183084e-15 1 -8.944682e-15 -1.415504e-14 1 -1.252325e-14 1.496521e-15 1 -1.375797e-14 7.824931e-15 1 0 0 1 5.062515e-16 -2.033652e-15 1 0 0 1 0 0 1 0 0 1 0 0 1 0 0 1 0 0 1 0 0 1 0 0 1 0 0 1 0 0 1 0 0 1 0 0 1 0 0 1 0 0 1 0 0 1 0 0 1 0 0 1 0 0 1 0 0 1 0 0 1 0 0 1 0 0 1 0 0 1 0 0 1 0 0 1 0 0 -1 0 0 1 0 0 1 3.647352e-16 -1.469583e-15 1 0 0 1 0 0 1 0 0 1 0 0 1 0 0 1 0 0 1 0 0 1 0 0 1 0 0 1 0 0 1 0 0 1 0 0 1 0 0 1 0 0 1 0 0 1 0 0 1 0 0 1 0 0 1 0 0 1 0 0 1 0 0 1 0 0 1 0 0 1 0 0 1 0 0 1 0 0 1 0 0 -1 0 0 1 6.738622e-16 -2.460533e-15 1 0 0 1 0 0 1 -5.617755e-17 -4.897798e-16 1 5.446173e-16 -2.13405e-15 1 5.056559e-16 -2.032498e-15 1 0 0 1 0 0 1 0 0 1 0 0 1 0 0 1 0 0 1 0 0 1 0 0 1 0 0 1 0 0 1 0 0 1 0 0 1 5.194655e-16 -1.898805e-15 1 0 0 1 0 0 1 0 0 1 0 0 1 0 0 1 0 0 1 0 0 1 0 0 1 0 0 1 0 0 1 0 0 1 0 0 1 0 0 1 0 0 1 0 0 1 0 0 1 0 0 1 0 0 1 0 0 1 0 0 1 0 0 1 0 0 1 0 0 1 0 0 1 0 0 1 0 0 1 0 0 -1 0 0 1 0 0 1 0 0 1 0 0 1 0 0 1 0 0 1 0 0 1 0 0 1 0 0 -1 0 0 1 0 0 1 0 0 1 0 0 1 0 0 1 0 0 1 0 0 1 0 0 1 0 0 1 0 0 1 0 0 -1 0 0 1 0 0 1 0 0 1 3.771883e-15 -1.119405e-14 1 0 0 1 0 0 1 0 0 1 5.218975e-16 -2.006396e-15 1 0 0 1 0 0 1 0 0 1 0 0 1 0 0 1 0 0 1 0 0 1 7.020003e-16 -2.553702e-15 1 0 0 1 0 0 1 0 0 1 0 0 1 0 0 1 0 0 1 0 0 1 0 0 1 0 0 1 0 0 1 0 0 1 0 0 1 0 0 1 0 0 1 0 0 1 0 0 1 0 0 1 5.064385e-16 -2.033926e-15 1 0 0 1 0 0 1 0 0 1 0 0 1 0 0 1 0 0 1 0 0 1 0 0 1 0 0 1 0 0 1 0 0 1 0 0 1 0 0 1 0 0 1 0 0 1 0 0 1 0 0 1 0 0 1 0 0 1 0 0 1 0 0 1 0 0 1 0 0 1 0 0 1 0 0 1 0 0 1 0 0 1 0 0 1 0 0 1 5.29437e-16 -1.930733e-15 1 0 0 1 0 0 1 0 0 1 0 0 1 0 0 1 0 0 1 0 0 1 0 0 -1 0 0 1 6.4004e-16 -2.340395e-15 1 0 0 1 0 0 1 0 0 1 0 0 1 0 0 1 0 0 1 0 0 1 0 0 1 0 0 1 0 0 1 0 0 1 0 0 1 0 0 1 0 0 1 0 0 1 0 0 -1 0 0 1 0 0 1 0 0 1 0 0 1 0 0 1 0 0 1 0 0 -1 0 0 1 0 0 -1 0 0 1 5.001998e-16 -2.018392e-15 1 0 0 1 0 0 1 4.969949e-16 -2.010253e-15 1 4.99352e-16 -2.023096e-15 1 5.051941e-16 -2.031637e-15 1 0 0 1 0 0 1 6.663916e-16 -2.424166e-15 1 0 0 1 0 0 1 0 0 1 0 0 1 0 0 1 0 0 1 0 0 1 0 0 1 0 0 1 0 0 1 0 0 1 0 0 1 0 0 1 0 0 1 0 0 1 0 0 1 0 0 1 0 0 1 0 0 1 0 0 1 0 0 1 0 0 1 0 0 1 0 0 1 0 0 1 0 0 1 0 0 1 0 0 1 0 0 1 0 0 1 0 0 1 0 0 1 0 0 1 0 0 1 0 0 1 0 0 1 0 0 1 0 0 1 0 0 1 0 0 1 0 0 1 0 0 1 0 0 1 0 0 1 0 0 1 0 0 1 0 0 1 0 0 1 0 0 1 0 0 1 0 0 1 0 0 1 0 0 1 0 0 1 0 0 1 0 0 1 3.210679e-16 -1.461715e-15 1 0 0 1 5.32128e-16 -2.037645e-15 1 -6.308654e-17 -5.096954e-16 1 0 0 -1 0 0 1 0 0 1 0 0 -1 0 0 1 0 0 1 5.05417e-16 -2.031899e-15 1 0 0 1 0 0 1 0 0 1 0 0 1 0 0 1 0 0 1 0 0 1 0 0 1 0 0 1 0 0 1 0 0 1 0 0 1 0 0 1 0 0 1 0 0 1 0 0 1 0 0 1 0 0 1 0 0 1 0 0 1 0 0 1 0 0 1 0 0 1 0 0 1 0 0 1 0 0 1 0 0 1 0 0 1 0 0 1 0 0 1 0 0 1 0 0 1 0 0 1 0 0 1 -8.122575e-14 2.910319e-13 1 -1.800196e-14 3.859606e-14 1 0 0 1 0 0 1 0 0 1 0 0 1 0 0 1 0 0 1 5.004642e-16 -2.019991e-15 1 0.302486 -0.9531538 0 0.3035672 -0.9528098 -0.0005876323 0.3355376 -0.9420174 0.004206585 0.3409432 -0.9400697 -0.005171315 0.3235134 -0.915267 0.2400528 0.3118487 -0.9500634 -0.01139638 0.3101665 -0.9506818 0.0009271028 0.3035401 -0.9218618 -0.2409029 0.3105868 -0.9505365 0.004026477 0.306312 -0.9182917 0.2508251 0.3169268 -0.94845 -0.0002853968 0.3211713 -0.9470202 -0.001305478 0.3198064 -0.9474829 0.0003027444 0.3246957 -0.9458185 -0.0001015588 0.3245255 -0.9458769 0 0.3230567 -0.9271035 0.1900356 0.3274439 -0.94064 -0.0893132 0.3227868 -0.9150699 -0.2417762 0.325016 -0.9134058 -0.24506 -0.4383072 0.8988253 0 -0.4383072 0.8988253 0 -0.5499989 0.8034567 0.2279442 -0.7999769 -0.6000308 0 -0.7999769 -0.6000308 0 -0.7769328 -0.6295835 0 -0.7769328 -0.6295835 0 -0.7090958 -0.6507012 0.2716083 -0.7093374 -0.6509197 -0.2704516 -0.7043455 -0.7098573 0 -0.7043455 -0.7098573 0 -0.6904112 -0.7234171 0 -0.6904112 -0.7234171 0 -0.7157595 -0.6983468 0 -0.7157595 -0.6983468 0 -0.7205884 -0.6929463 0.02403706 -0.7202139 -0.6933102 -0.02475653 -0.7255816 -0.6881361 0 -0.7258221 -0.6878824 -0.0002257946 -0.7532215 -0.6398238 -0.1525875 -0.7533166 -0.6399039 0.15178 -0.7759562 -0.588387 0.2273602 -0.7785731 -0.5860188 -0.2245124 -0.8258796 -0.5638397 0.002764085 -0.8234827 -0.5673414 0 -0.8527283 -0.5198214 0.05138298 -0.8527408 -0.5198239 -0.05114952 -0.8588777 -0.4534282 0.2381848 -0.8609851 -0.450907 -0.2353454 -0.9189621 -0.3943382 0.002446413 -0.9174721 -0.3978002 0 -0.9207256 -0.3167767 -0.227853 -0.9207256 -0.3167767 0.227853 -0.9684581 -0.2491763 0 -0.9684581 -0.2491763 0 -0.985681 -0.168621 0 -0.985681 -0.168621 0 -0.9790836 -0.0897176 -0.1826088 -0.9792531 -0.08973446 0.1816898 -0.9999905 -0.002500959 -0.00355911 -0.999969 -0.007870553 0 -0.9843639 0.08996574 -0.1514395 -0.9869435 0.09902876 0.1270272 -0.9775644 0.2106369 0 -0.9775644 0.2106369 0 -0.9625869 0.2709732 0 -0.9625869 0.2709732 0 -0.9248112 0.3736483 -0.0714932 -0.9224547 0.3774459 0.08131318 -0.8855295 0.4645831 0 -0.8867601 0.4622266 0.001757602 -0.8116803 0.5396412 -0.2235229 -0.8118817 0.5397751 0.2224655 -0.7891365 0.6142179 0 -0.7891365 0.6142179 0 -0.7071996 0.707014 0 -0.7071996 0.707014 0 -0.6436493 0.7642039 0.04132681 -0.6436537 0.7642129 -0.04109185 -0.6090103 0.7931623 0 -0.6090103 0.7931623 0 -0.5264684 0.8318573 -0.1756262 -0.5265516 0.8319939 0.1747272 -0.4604963 0.8876616 0 -0.4604963 0.8876616 0 -0.3817774 0.9242543 0 -0.3817774 0.9242543 0 -0.3184099 0.9419827 -0.1062249 -0.3184294 0.9420393 0.1056628 -0.2947554 0.9555727 0 -0.2983579 0.9544509 -0.002446695 -0.2910352 0.9263465 0.2391249 -0.2843368 0.928715 -0.2379936 -0.3168956 0.9484567 0.002647298 -0.3207603 0.9471604 0 -0.3531232 0.8989915 0.259072 -0.3532344 0.8992756 -0.257932 -0.4359939 0.8999496 0 -0.4359939 0.8999496 0 -0.4795068 0.8775382 0 -0.4795068 0.8775382 0 -0.5501397 0.8036628 -0.2268751 -0.2650625 0.9642312 0 -0.2650625 0.9642312 0 -0.2650625 0.9642312 0 -0.2650625 0.9642312 0 -0.7710051 0.636829 0 -0.7710051 0.636829 0 -0.8567422 0.5157448 0 -0.8567422 0.5157448 0 -0.9440402 -0.3242974 -0.06016103 -0.9468132 -0.3174527 0.05261623 -0.9629086 -0.2646989 -0.05235978 -0.9629086 -0.2646989 0.05235978 0.0626412 -0.1057353 -0.9924193 0 0 -1 -0.06526012 0.0254167 -0.9975445 0 0 -1 -0.02423582 -0.1247846 -0.9918878 0 0 -1 0.03923962 -0.05182932 -0.9978847 -0.05180467 0.007754358 -0.9986271 0.06115287 -0.06226424 -0.9961845 0 0 -1 -0.01061195 -0.05428712 -0.998469 0 0 -1 0 0 -1 0.005167022 -0.06121472 -0.9981112 0 0 -1 -0.01765866 0.05934994 -0.998081 0 0 -1 0 0 -1 0 0 -1 0.06539642 -0.01300013 -0.9977747 -0.03767088 0.03814834 -0.9985618 0.06233902 -0.003578605 -0.9980486 0 0 -1 0 0 -1 0 0 -1 0.04417011 -0.0368821 -0.998343 0 0 -1 0 0 -1 0 0 -1 0 0 -1 0 0 -1 0 0 -1 0 0 -1 0.02170514 -0.05668113 -0.9981564 0.0268775 -0.05490918 -0.9981295 0 0 -1 0 0 -1 0 0 -1 0 0 -1 -0.03786634 0.1148904 -0.9926562 0 0 -1 0 0 -1 -0.02701413 0.04813609 -0.9984754 0 0 -1 0.04822834 -0.02879641 -0.9984212 -0.07299055 0.03972651 -0.9965411 0 0 -1 0 0 -1 0.0165657 -0.06057765 -0.998026 0 0 -1 0.01893408 -0.06009243 -0.9980132 0 0 -1 0.02176243 -0.0594481 -0.9979941 0 0 -1 0 0 -1 0 0 -1 0.04126533 -0.05456607 -0.9976571 0.05326061 -0.08743393 -0.9947455 0 0 -1 0.06421419 0.004617463 -0.9979255 0 0 -1 0 0 -1 0.06775108 -0.005890666 -0.9976849 0 0 -1 0 0 -1 0.007120912 0.05645795 -0.9983796 0 0 -1 0 0 -1 0.01534824 0.05510269 -0.9983627 0 0 -1 0 0 -1 0 0 -1 -0.003531897 0.06443185 -0.9979159 0.0004007031 0.06599647 -0.9978198 0 0 -1 0 0 -1 0 0 -1 -0.01291673 0.06197377 -0.9979942 0 0 -1 0 0 -1 0 0 -1 0 0 -1 0 0 -1 3.915317e-05 -0.0001198992 -1 -0.02124462 0.05845068 -0.9980642 0.01945973 -0.05895851 -0.9980707 1.00257e-16 1.770701e-16 -1 0.03912752 -0.1157001 -0.9925132 -0.02026532 0.05875524 -0.9980667 0.02021247 -0.05875022 -0.9980681 -0.0197756 0.05880705 -0.9980735 0.01991382 -0.05674125 -0.9981903 -0.01914898 0.05895298 -0.9980771 0.02084266 -0.0586246 -0.9980625 -0.01839813 0.05910597 -0.9980822 0.02039374 -0.05626824 -0.9982074 0.01844634 -0.06009134 -0.9980224 0.05467781 -0.01749889 -0.9983507 0 0 -1 0.05545567 -0.01311214 -0.998375 0 0 -1 0.05896853 0.02527618 -0.9979398 0.06123191 0.01978267 -0.9979275 0 0 -1 0 0 -1 0 0 -1 0.04250245 0.03847841 -0.9983551 0.04585826 0.0343148 -0.9983584 0 0 -1 0 0 -1 0.05267699 0.02653602 -0.998259 0 0 -1 0 0 -1 0 0 -1 -0.0420242 0.1052245 -0.9935602 0 0 -1 0 0 -1 -0.03265182 0.0563367 -0.9978778 -0.0257751 0.05338697 -0.9982412 -0.06238008 -0.06525098 -0.9959172 0 0 -1 0 0 -1 0.01497657 -0.06064613 -0.998047 0.01432962 -0.06058849 -0.99806 0 0 -1 0.01489946 -0.05978347 -0.9981002 0.03562993 -0.1141233 -0.9928275 0.04746551 -0.03386153 -0.9982988 0 0 -1 0.05126274 -0.0321739 -0.9981668 0.05359687 -0.02172754 -0.9983262 0 0 -1 0 0 -1 0 0 -1 0.03884251 0.08026018 -0.9960168 0 0 -1 0.02992089 0.05183007 -0.9982076 0 0 -1 0 0 -1 0.06226546 0.0673934 -0.9957817 -0.06208718 -0.01484527 -0.9979603 0 0 -1 0 0 -1 0 0 -1 0 0 -1 0 0 -1 -0.06757934 0.006913994 -0.9976899 0 0 -1 0 0 -1 0 0 -1 0 0 -1 0 0 -1 -0.05776324 -0.01583925 -0.9982047 0 0 -1 0 0 -1 0 0 -1 -0.04325345 0.03764069 -0.9983548 -0.0400803 0.04062085 -0.9983704 -0.08258285 0.03500746 -0.9959692 -0.05266396 0.02848179 -0.998206 0 0 -1 -0.07568669 0.04847276 -0.9959528 0 0 -1 0 0 -1 0 0 -1 -0.05447797 0.0194698 -0.9983251 -0.01631431 -0.009864913 -0.9998182 0 0 -1 0 0 -1 0 0 -1 0 0 -1 -0.05267625 -0.0350748 -0.9979955 0 0 -1 0 0 -1 0 0 -1 0.3120405 -0.935117 -0.1678896 0.4152359 -0.8786325 0.2357626 0.3097183 -0.9508282 -0.000537217 0.3089213 -0.9510876 3.130969e-14 -0.2433631 0.968972 -0.04321582 -0.2432517 0.9697857 -0.0185539 -0.2425957 0.9701269 -0.001064311 -0.2425957 0.9701269 0.001064312 -0.2432523 0.9697849 0.01859095 -0.2433631 0.968972 0.04321582 -0.2374654 0.9430024 -0.2331452 -0.2378183 0.9444395 -0.2268843 -0.2424801 0.9637423 -0.1113738 -0.2424801 0.9637423 0.1113738 -0.2378183 0.9444395 0.2268843 -0.2374654 0.9430024 0.2331452 -0.243298 0.9697579 -0.01938495 -0.2431888 0.969815 -0.01783758 -0.242573 0.9701332 0 -0.242573 0.9701332 0 -0.242573 0.9701332 0 -0.2431809 0.9698213 0.01759609 -0.243297 0.9697577 0.01940298 -0.242573 0.9701332 0 -0.242573 0.9701332 0 -0.242573 0.9701332 0 -0.2650625 0.9642312 0 -0.2650625 0.9642312 0 -0.2650625 0.9642312 0 -0.2650625 0.9642312 0 -0.2650625 0.9642312 0 -0.2650625 0.9642312 0 -0.2650625 0.9642312 0 -0.2650625 0.9642312 0 -0.2650625 0.9642312 0 -0.2650625 0.9642312 0 -0.2650625 0.9642312 0 -0.2650625 0.9642312 0 -0.2650625 0.9642312 0 -0.2650625 0.9642312 0 -0.2650625 0.9642312 0 -0.2650625 0.9642312 0 -0.2650625 0.9642312 0 -0.2650625 0.9642312 0 -0.2650625 0.9642312 0 -0.2650625 0.9642312 0 -0.2650625 0.9642312 0 -0.2650625 0.9642312 0 -0.2650625 0.9642312 0 -0.2650625 0.9642312 0 -0.2650625 0.9642312 0 -0.2650625 0.9642312 0 -0.2650625 0.9642312 0 -0.2650625 0.9642312 0 -0.2650625 0.9642312 0 -0.2650625 0.9642312 0 -0.2650625 0.9642312 0 -0.2650625 0.9642312 0 -0.2650625 0.9642312 0 -0.2650625 0.9642312 0 -0.2650625 0.9642312 0 -0.2650625 0.9642312 0 -0.2650625 0.9642312 0 -0.2650625 0.9642312 0 -0.2650625 0.9642312 0 -0.2650625 0.9642312 0 -0.2650625 0.9642312 0 -0.2650625 0.9642312 0 -0.2650625 0.9642312 0 -0.2650625 0.9642312 0 -0.2650625 0.9642312 0 -0.2650625 0.9642312 0 -0.2650625 0.9642312 0 -0.2650625 0.9642312 0 -0.2650625 0.9642312 0 -0.2650625 0.9642312 0 -0.2650625 0.9642312 0 -0.2650625 0.9642312 0 -0.2650625 0.9642312 0 -0.2650625 0.9642312 0 -0.2650625 0.9642312 0 -0.2650625 0.9642312 0 -0.2650625 0.9642312 0 -0.2650625 0.9642312 0 -0.2650625 0.9642312 0 -0.2650625 0.9642312 0 -0.2650625 0.9642312 0 -0.2650625 0.9642312 0 -0.2650625 0.9642312 0 -0.2650625 0.9642312 0 -0.2650625 0.9642312 0 -0.2650625 0.9642312 0 -0.2650625 0.9642312 0 -0.2650625 0.9642312 0 -0.2650625 0.9642312 0 -0.2650625 0.9642312 0 -0.2650625 0.9642312 0 -0.2650625 0.9642312 0 -0.2650625 0.9642312 0 -0.2650625 0.9642312 0 -0.2650625 0.9642312 0 -0.2650625 0.9642312 0 -0.2650625 0.9642312 0 -0.2650625 0.9642312 0 -0.2650625 0.9642312 0 -0.2650625 0.9642312 0 -0.2650625 0.9642312 0 -0.2650625 0.9642312 0 -0.2650625 0.9642312 0 -0.2650625 0.9642312 0 -0.2650625 0.9642312 0 -0.2650625 0.9642312 0 -0.2650625 0.9642312 0 -0.2650625 0.9642312 0 -0.2650625 0.9642312 0 -0.2650625 0.9642312 0 -0.2650625 0.9642312 0 -0.2650625 0.9642312 0 -0.2650625 0.9642312 0 -0.2650625 0.9642312 0 -0.2650625 0.9642312 0 -0.2650625 0.9642312 0 -0.2650625 0.9642312 0 -0.2650625 0.9642312 0 -0.2650625 0.9642312 0 -0.2650625 0.9642312 0 -0.2650625 0.9642312 0 -0.2650625 0.9642312 0 -0.2650625 0.9642312 0 -0.2650625 0.9642312 0 -0.2650625 0.9642312 0 -0.2650625 0.9642312 0 -0.2650625 0.9642312 0 -0.2650625 0.9642312 0 -0.2650625 0.9642312 0 -0.2650625 0.9642312 0 -0.2650625 0.9642312 0 -0.2650625 0.9642312 0 -0.023288 0.9997288 0 -0.023288 0.9997288 0 -0.023288 0.9997288 0 -0.023288 0.9997288 0 0.05345629 0.9985702 0 0.05345629 0.9985702 0 0.05345629 0.9985702 0 0.05345629 0.9985702 0 0.05345629 0.9985702 0 0.05345629 0.9985702 0 0.05345629 0.9985702 0 0.05345629 0.9985702 0 0.05345629 0.9985702 0 0.05345629 0.9985702 0 0.05345629 0.9985702 0 0.05345629 0.9985702 0 0.05345629 0.9985702 0 0.05345629 0.9985702 0 0.05345629 0.9985702 0 0.05345629 0.9985702 0 0.05345629 0.9985702 0 0.05345629 0.9985702 0 0.05345629 0.9985702 0 0.05345629 0.9985702 0 -0.2650625 0.9642312 0 -0.2650625 0.9642312 0 -0.2650625 0.9642312 0 -0.2650625 0.9642312 0 -0.2650625 0.9642312 0 -0.2650625 0.9642312 0 -0.2650625 0.9642312 0 -0.2650625 0.9642312 0 -0.2650625 0.9642312 0 -0.2650625 0.9642312 0 -0.2650625 0.9642312 0 -0.2650625 0.9642312 0 -0.2650625 0.9642312 0 -0.2650625 0.9642312 0 -0.2650625 0.9642312 0 -0.2650625 0.9642312 0 -0.2650625 0.9642312 0 -0.2650625 0.9642312 0 -0.2650625 0.9642312 0 -0.2650625 0.9642312 0 -0.2650625 0.9642312 0 -0.2650625 0.9642312 0 -0.2650625 0.9642312 0 -0.2650625 0.9642312 0 -0.2650625 0.9642312 0 -0.2650625 0.9642312 0 -0.2650625 0.9642312 0 -0.2650625 0.9642312 0 -0.2650625 0.9642312 0 -0.2650625 0.9642312 0 -0.2650625 0.9642312 0 -0.2650625 0.9642312 0 -0.2650625 0.9642312 0 -0.2650625 0.9642312 0 -0.2650625 0.9642312 0 -0.2650625 0.9642312 0 -0.2650625 0.9642312 0 -0.2650625 0.9642312 0 -0.2650625 0.9642312 0 -0.2650625 0.9642312 0 -0.2650625 0.9642312 0 -0.2650625 0.9642312 0 -0.2650625 0.9642312 0 -0.2650625 0.9642312 0 -0.2650625 0.9642312 0 -0.2650625 0.9642312 0 -0.2650625 0.9642312 0 -0.2650625 0.9642312 0 -0.2650625 0.9642312 0 -0.2650625 0.9642312 0 -0.2650625 0.9642312 0 -0.2650625 0.9642312 0 -0.2650625 0.9642312 0 -0.2650625 0.9642312 0 -0.2650625 0.9642312 0 -0.2650625 0.9642312 0 -0.2650625 0.9642312 0 -0.2650625 0.9642312 0 -0.2650625 0.9642312 0 -0.2650625 0.9642312 0 -0.2650625 0.9642312 0 -0.2650625 0.9642312 0 -0.2650625 0.9642312 0 -0.2650625 0.9642312 0 -0.9451211 -0.3267091 0.002716946 -0.9138533 -0.3920286 -0.1057621 -0.8820416 -0.466457 -0.06648657 -0.9352322 -0.3535909 -0.01772862 -0.9616317 -0.2610434 -0.08438506 -0.8934339 -0.4491945 -0.0003389968 -0.9283309 -0.3702779 -0.033105 -0.9280185 -0.3684555 -0.05497481 -0.9422988 -0.3346677 -0.008394844 -0.9446571 -0.327649 0.01640542 -0.9458457 -0.3246166 -0.0001211062 -0.9319863 -0.3591823 -0.04888444 -0.9290682 -0.3697322 0.01141563 -0.9052288 -0.4150869 -0.09090526 -0.9090602 -0.413641 -0.05010578 -0.9348545 -0.3414487 -0.09726129 -0.9248255 -0.3797204 -0.02258908 -0.9130133 -0.3894163 -0.1214974 -0.9163278 -0.400423 -0.002192072 -0.9238767 -0.3810419 -0.03548018 -0.9373228 -0.3459177 -0.0420344 -0.942344 -0.3341106 -0.01891911 -0.9453887 -0.3259349 0.002573061 -0.9144916 -0.3938243 -0.09277677 0.9126744 0.4043446 -0.0594209 0.9583772 0.285505 -0.0002645654 0.9423763 0.3320548 0.04082427 0.9495007 0.3135537 -0.0115099 0.8958707 0.4442143 0.009453117 0.9146917 0.3837043 -0.1269258 0.9379035 0.3459568 0.02551207 0.9393145 0.3427145 0.01532886 0.9323311 0.3615505 -0.00631374 0.9000789 0.4349232 -0.02645545 0.9415391 0.3364333 0.01779743 0.9118175 0.403826 -0.07425192 0.9099427 0.4037162 -0.09496106 0.9152331 0.3987397 -0.05792172 0.9087982 0.4145942 -0.0468771 0.9134777 0.4057051 -0.03101464 0.8987288 0.4356478 -0.04997634 0.9126995 0.3989148 -0.08858161 0.9204509 0.376579 -0.1046822 0.9506594 0.3102365 -0.0002813101 0.9294 0.3572833 -0.09254328 0.9224402 0.3850289 -0.02927099 0.9389318 0.3439984 -0.008488371 0.9510322 0.309092 0 0.9298708 0.342967 -0.133094 0.9389821 0.3206476 -0.1244901 0.9477381 0.3078265 -0.083877 0.905913 0.42337 -0.008919675 0.8960237 0.4417091 -0.04510742 0.9340421 0.3555263 -0.03415188 0.938043 0.3460834 -0.01736757 0.9350884 0.3537143 0.02226925 0.9059277 0.4233374 -0.008966264 0.9233679 0.3832588 0.0224583 0.7231622 0.6906662 0.004073603 0.7965608 0.5186254 0.3106745 0.8988597 0.3561952 0.2552965 0.9285597 0.2679894 0.2568239 0.9644756 0.1195291 0.2355834 0.9952539 -0.03520139 0.09072268 0.9227998 -0.1779203 0.341738 0.8829457 -0.3360076 0.3278808 0.7820922 -0.5071197 0.362162 0.6228373 -0.6430727 -0.4455684 0.6605759 -0.4008685 0.6347786 0.7375895 -0.6102322 0.2890992 0.2743898 -0.2276047 0.9342946 0.2002585 -0.1432087 0.9692202 0.3685094 -0.2988393 0.8802817 0.3858713 -0.2861183 0.8770631 0.4718004 -0.3672009 0.8016033 0.7349398 -0.5707657 0.366183 0.7120756 -0.5498788 0.4365566 0.7124952 -0.5839165 0.3890914 0.543797 -0.4176137 0.727931 0.7259219 -0.5031428 0.4689186 0.6042109 -0.7968245 0 0.6254589 -0.5989008 0.5001189 0.7002756 -0.5527121 0.4518002 0.7233821 -0.6904479 0 0.6552586 0.7554046 0 0.6552586 0.7554046 0 0.6315209 0.7002789 0.3328525 0.6378281 0.7244955 0.2613074 0.6419071 0.7667824 0 0.576453 0.656212 0.4869166 0.6345815 0.766061 -0.1022587 0.4488478 0.5395579 -0.7123292 0.5557136 0.6253448 0.5478378 0.6125162 0.716887 0.333012 0.6552586 0.7554046 0 0.5318602 0.6219143 0.5747585 0.5178996 0.5650081 0.6422973 0.5136151 0.6003623 0.6129965 0.325981 0.3584143 0.8748003 0.4267285 0.5253401 0.7361525 0.1647564 0.1822141 0.9693572 0.1820291 0.2198198 0.9584074 0.1152227 0.1374557 0.9837833 0.7180734 -0.4455884 0.5346228 0.5769907 -0.3648309 0.7307394 0.4615707 -0.2930621 0.8372975 0.2425518 -0.1531435 0.9579748 0.8902421 -0.4554051 0.008675015 0.8301966 -0.4159221 0.3711905 0.6120166 -0.3032574 0.7303907 0.4307405 -0.2154139 0.87639 0.2207012 -0.1083935 0.9692997 0.7818131 -0.3045805 0.5440579 0.7227556 -0.2712845 0.6356328 0.4484763 -0.1722625 0.8770374 0.2282511 -0.08529787 0.9698586 0.2351072 -0.0641778 0.9698483 0.5576415 -0.1505679 0.816312 0.7453911 -0.2115769 0.6321608 0.7981756 -0.2139233 0.563163 0.9386841 -0.2623344 0.2237249 0.8603402 -0.1549563 0.4855959 0.7528669 -0.1312692 0.6449495 0.4815724 -0.08884567 0.8718913 0.2058274 -0.0366575 0.9779015 0.3116166 -0.03690151 0.9494911 0.5041384 -0.0509072 0.8621212 0.6476775 -0.07215868 0.75849 0.9302206 -0.09971008 0.3531961 0.9689295 -0.09731617 0.2273876 0.8578539 -0.03889841 0.5124194 0.7032775 -0.03175418 0.7102059 0.5593416 -0.02142939 0.8286602 0.2844626 -0.01351389 0.9585919 0.966837 0.03206277 0.2533736 0.8303067 0.03841676 0.5559811 0.7718462 0.0220376 0.6354273 0.5724667 0.02183965 0.8196371 0.2309128 0.01016804 0.9729213 0.8867663 0.1116974 0.4485189 0.6606829 0.09360466 0.7448062 0.534309 0.06347324 0.8429028 0.2317595 0.03023635 0.9723031 0.2257753 0.05027646 0.9728812 0.5536225 0.1181896 0.8243382 0.7779118 0.164693 0.606407 0.8339752 0.1793221 0.5218516 0.9444001 0.2044423 0.2575108 0.8117754 0.2467367 0.5292841 0.6546101 0.1952974 0.7303044 0.5261434 0.1547105 0.8362044 0.3478903 0.1015467 0.9320196 0.3375025 0.1293444 0.9323959 0.5112471 0.1991569 0.83604 0.6364367 0.2503096 0.7295844 0.7936572 0.3124723 0.5219859 0.8656185 0.4420622 0.2351289 0.8443719 0.4229669 0.3288389 0.5806204 0.3063822 0.7543274 0.3808003 0.1971986 0.9033847 0.2493196 0.1237507 0.9604819 0.6925548 0.4588949 0.5565818 0.6795619 0.4390746 0.5877151 0.4705238 0.3007089 0.8295671 0.1769206 0.1160065 0.9773646 0.7660461 0.5933363 0.2472354 0.679403 0.5429989 0.4935218 0.6017805 0.4717707 0.6444321 0.3860624 0.3077234 0.8696333 0.1726564 0.1381466 0.9752463 0.6770728 0.6410684 0.3613914 0.4379 0.4249045 0.792275 0.3405783 0.3219421 0.8833797 0.2109373 0.2027545 0.9562406 -0.6146774 -0.7152183 0.3326176 -0.8184503 -0.5745752 0.001534673 -0.9222626 0.3070089 -0.2348983 -0.942423 0.3215054 -0.09204961 -0.9037673 0.2513988 0.346415 -0.918429 0.3100907 0.2456255 -0.8770622 0.2955945 0.3786633 -0.8807962 0.2639309 0.393114 -0.5374926 0.1828485 0.823206 -0.7952793 0.2837063 0.5357626 -0.9402451 0.3404984 0 -0.5505789 0.195231 0.8116328 -0.4688419 0.1488752 0.8706454 -0.4620488 0.1835301 0.8676564 -0.3127575 0.09622821 0.944946 -0.7471224 0.2462031 0.6174075 -0.6639438 0.1883571 0.7236713 -0.9470742 0.3210148 0 -0.9470742 0.3210148 0 -0.8177937 0.2704291 0.5080172 -0.4820963 -0.8761183 0 -0.496217 -0.8464296 0.1931985 -0.4820963 -0.8761183 0 -0.3149878 -0.5724305 -0.7570376 -0.4584452 -0.8207439 0.3408921 -0.406529 -0.7331348 0.5452041 -0.4693599 -0.883007 0 -0.4326794 -0.7804176 0.4513722 -0.4307429 -0.7206012 0.543318 -0.2192037 -0.4023969 -0.8888344 -0.2818274 -0.4704881 0.8361903 -0.3702888 -0.6948352 0.6165146 -0.3498909 -0.5859208 0.7309399 -0.388555 -0.7178552 0.5776754 -0.4328644 -0.8086257 -0.398438 -0.099584 -0.1914026 0.9764467 -0.3538127 -0.6620713 0.6606649 -0.1472777 -0.2469447 0.9577722 -0.06838063 -0.1224388 0.9901176 -0.3130819 -0.5867726 0.7467782 -0.02125368 -0.09870416 0.9948898 -0.9269374 0.1703227 0.334331 -0.9642339 0.1031575 0.2441545 -0.9601761 0.00946965 0.279235 -0.9643874 -0.06939376 0.2552284 -0.9496227 -0.1658009 0.2659452 -0.9361456 -0.2369312 0.259798 -0.8999326 -0.3334499 0.2809493 -0.8783647 -0.4141318 0.2386845 -0.7988146 -0.5196506 0.3030816 -0.2789765 0.08190225 0.9567989 -0.3020937 0.06267251 0.9512158 -0.2358408 0.02284597 0.9715231 -0.2749186 0.0006724135 0.9614673 -0.2220329 -0.01607888 0.9749066 -0.2225313 -0.03308964 0.9743638 -0.2820722 -0.07106373 0.9567577 -0.2183997 -0.08001549 0.9725734 -0.2084171 -0.09750065 0.973168 -0.2014561 -0.1158949 0.972617 -0.2310809 -0.1639031 0.9590294 -0.4482084 0.1272222 0.8848298 -0.4612815 0.08830093 0.882849 -0.5158618 0.06034704 0.8545437 -0.4109287 0.006213766 0.9116463 -0.555863 -0.04299445 0.8301613 -0.5524759 -0.08701205 0.8289748 -0.4088091 -0.1056415 0.9064849 -0.5296254 -0.1919168 0.8262354 -0.3862247 -0.1850287 0.9036564 -0.4532922 -0.2664642 0.8506016 -0.460069 -0.3202267 0.8281252 -0.6707211 0.1297552 0.7302717 -0.7605494 0.07543 0.6448837 -0.6750898 0.00350308 0.7377273 -0.8002095 -0.0565999 0.5970437 -0.7878203 -0.1233877 0.6034192 -0.6615936 -0.1701599 0.730301 -0.7482882 -0.2724012 0.6048656 -0.5946274 -0.2885171 0.7504506 -0.6726933 -0.3762094 0.6371422 -0.5523423 -0.3970062 0.7330102 -0.9030558 0.1896385 0.3853926 -0.8634285 0.08947175 0.4964736 -0.9589716 0.01636446 0.2830294 -0.8547973 -0.06279028 0.5151494 -0.8425605 -0.1345396 0.5215275 -0.8255518 -0.2101165 0.5237512 -0.7999537 -0.2945315 0.5228052 -0.8583157 -0.398402 0.3233729 -0.7439525 -0.4308136 0.5108173 -0.7201626 -0.5074723 0.4731148 -0.7346614 -0.6372328 0.2328238 -0.6637684 -0.5689732 0.4854698 -0.5836403 -0.4916725 0.6462369 -0.3691511 -0.3207664 0.8722594 -0.1586343 -0.1362612 0.9778896 -0.6911123 -0.6896293 0.2162757 -0.6628348 -0.6559586 0.3610657 -0.4917815 -0.4929169 0.7177631 -0.341666 -0.3460798 0.8737809 -0.1468575 -0.1496158 0.9777771 -0.5421816 -0.6369536 0.5480231 -0.5079014 -0.575775 0.6407179 -0.3631069 -0.4188316 0.8323061 -0.1891566 -0.2195061 0.9570981 -0.1293082 -0.1758652 0.9758846 -0.2811467 -0.3910651 0.8763702 -0.4596968 -0.6240081 0.6318962 -0.5303613 -0.7466173 0.4015963 -0.5564717 -0.7509984 0.3554443 0.5267378 -0.8154201 0.240078 0.2745455 -0.9270935 0.255191 0.2429934 -0.9359407 0.2548905 0.2450783 -0.8158355 0.5237834 0.2141307 -0.8248651 0.5232071 0.2259999 -0.7625717 0.6061422 0.1763962 -0.6655913 0.7251708 0.1603221 -0.5390622 0.8268668 0.140324 -0.525779 0.838967 0.06762266 -0.2234879 0.9723581 0.09308492 -0.3586774 0.9288088 0.03468511 -0.1191009 0.9922761 0.3753072 -0.8963706 0.2359329 0.3708924 -0.8815842 0.2919728 0.2666847 -0.6302368 0.7291645 0.1638808 -0.3918708 0.9053068 0.08626825 -0.2122171 0.9734073 0.04706836 -0.1070234 0.9931418 0.4674983 -0.8503772 0.2414619 0.4453364 -0.8326795 0.3291205 0.3151441 -0.5722792 0.757087 0.1989216 -0.3668508 0.9087633 0.1372739 -0.2425493 0.9603779 0.4826005 -0.7199633 0.4987481 0.3662075 -0.5647372 0.7395701 0.2995028 -0.4506423 0.8409635 0.1985398 -0.3057697 0.931175 0.065232 -0.09381811 0.99345 0.07156742 -0.08506863 0.9938015 0.1911672 -0.2253603 0.9553365 0.3199509 -0.394382 0.8614489 0.4237197 -0.492235 0.7603725 0.5230059 -0.6381722 0.5649788 0.632463 -0.7384445 0.2338594 0.6818544 -0.6575564 0.3204593 0.6014085 -0.567012 0.5628545 0.5425877 -0.540923 0.6426515 0.3472056 -0.3380396 0.8747442 0.174702 -0.1724103 0.969409 0.5537831 -0.8144363 0.1732564 0.5706758 -0.5772909 0.5840071 0.3821128 -0.6349634 0.6714249 0.2595893 -0.4844048 0.8354432 0.1788558 -0.1646043 0.9700083 0.1140319 -0.9569233 0.2670103 0.1090441 -0.9940331 0.002754794 -0.7911675 -0.6115932 0.00278416 -0.8933547 -0.4493522 0 -0.7900309 -0.613067 0 -0.8539424 -0.4167754 0.3115777 -0.7342835 -0.5727588 0.3643831 0.3097252 -0.9508259 0.0005372273 0.2977817 -0.9545931 0.008838105 0.1027626 -0.8221898 0.5598605 -0.6128593 -0.4435962 0.6539311 -0.8287461 -0.3913155 0.400065 -0.855003 -0.4040882 0.3250885 0.2431192 -0.8176461 0.5218697 0.2394204 -0.8046675 0.5433122 0.09180326 -0.783258 0.6148813 -0.5323406 -0.4219086 0.7338982 -0.7822964 -0.3730194 0.4988675 -0.8226771 -0.3956341 0.4082598 0.248182 -0.8412571 0.4803042 0.2468283 -0.8303392 0.4996125 0.0762557 -0.7108611 0.6991864 -0.2348779 -0.1137181 0.96535 -0.7699256 -0.3665939 0.5223251 -0.3618942 -0.2498537 0.8981123 -0.7714973 -0.362899 0.5225861 -0.4260179 -0.2097759 0.8800584 -0.6218681 -0.7831109 0.004161261 -0.6226649 -0.7824886 0 -0.567897 -0.7300138 0.3802272 -0.4803227 -0.5909823 0.6480972 -0.4226012 -0.5566461 0.7152296 -0.2823056 -0.3490216 0.8935813 -0.3888443 -0.9212988 0.002935971 -0.3595857 -0.9042496 0.2302841 -0.3779996 -0.8136267 0.4417329 -0.324071 -0.8121162 0.4852271 -0.3004902 -0.6396921 0.7074599 -0.1515366 -0.3707169 0.9163 -0.1490381 -0.9888213 0.004484419 -0.159058 -0.9872416 0.007380638 -0.1410767 -0.9467335 0.2894704 -0.1162753 -0.7522421 0.648546 -0.07350923 -0.6691301 0.7395007 -0.08204507 -0.4872269 0.8694128 0.04799293 -0.4832255 0.8741795 -0.1112644 -0.05294523 0.9923795 -0.1701269 -0.1387214 0.9756091 0.2489995 -0.8413381 0.4797389 0.1152343 -0.3770577 0.9189932 0.1045668 -0.3203566 0.941508 0.2446782 -0.8002491 0.5474796 -0.1511883 -0.1828343 0.9714493 -0.07677954 -0.1741361 0.9817238 -0.02943871 -0.1900942 0.9813244 0.0147832 -0.2154575 0.9764013 0.2162112 -0.7217296 0.6575402 -0.2166311 -0.1752273 0.9603991 -0.2448179 -0.1348793 0.9601415 -0.3444593 -0.3757768 0.8603136 -0.4378511 -0.2341898 0.8680101 -0.6386932 -0.3382493 0.6911284 -0.7036771 -0.32677 0.6309199 -0.7303524 -0.4009345 0.5530253 -0.7609028 -0.4568285 0.4607979 -0.86504 -0.4384121 0.2439274 -0.7080551 -0.6269113 0.3250235 -0.8896065 -0.4567278 0.0001457169 -0.6234856 -0.7670735 0.151208 0.4067209 -0.8829973 0.2342946 0.3728076 -0.816268 0.4412721 0.2933318 -0.6254529 0.723025 0.2396767 -0.5271502 0.8152716 0.1007647 -0.2198573 0.970314 -0.2989232 -0.9065537 0.2980021 -0.7172392 -0.6587875 0.2270836 -0.8948282 -0.3527058 0.2736442 0.3344268 -0.8008807 0.4967382 0.2156577 -0.6553112 0.7239192 0.1733636 -0.5313576 0.829219 0.3843528 -0.9201911 0.07430473 0.3119941 -0.9219706 0.229412 0.2913775 -0.6819429 0.6708599 0.2728641 -0.8474102 0.4554571 0.3722386 -0.9281371 0 0.3213036 -0.7843994 0.5305484 0.3929123 -0.9195759 0 0.3483874 -0.8368939 0.4221787 0.3420946 -0.8529764 0.3942112 0.07038244 -0.2185198 0.973291 0.3009571 -0.7501677 0.5887896 0.3121511 -0.7828864 0.5381919 0.06655184 -0.1750546 0.9823069 0.2960625 -0.7312682 0.6144866 0.2886391 -0.7196908 0.6314528 -0.9298899 -0.2705557 0.2492075 -0.9322317 -0.256266 0.2554833 -0.8157463 -0.2459634 0.5235074 -0.8216185 -0.225859 0.523384 -0.6552165 -0.1998058 0.728539 -0.6612823 -0.1817833 0.7277778 -0.5222252 -0.1595446 0.8377508 -0.5268729 -0.1448348 0.8375129 -0.349724 -0.1053753 0.9309077 -0.3164374 -0.1923114 0.9289153 -0.1188019 -0.03577134 0.9922734 -0.1157548 -0.04680926 0.9921742 -0.2145407 -0.08940502 0.9726145 -0.5186305 -0.2162561 0.8271975 -0.7371478 -0.3065642 0.6021889 -0.7706051 -0.3300415 0.5451976 -0.7892623 -0.52313 0.3215588 -0.7309851 -0.4547903 0.5087501 -0.6858993 -0.4253456 0.5904433 -0.4747635 -0.2862015 0.832279 -0.1785389 -0.1104531 0.9777136 -0.6429281 -0.5957993 0.4813177 -0.5716858 -0.5037557 0.6476153 -0.3570323 -0.3269443 0.8750059 -0.1518651 -0.1388538 0.9785993 -0.0814991 -0.07554158 0.9938065 -0.5875885 -0.8091599 -6.73855e-05 -0.5585674 -0.7396494 0.3753949 -0.3572475 -0.4898551 0.795246 -0.2821116 -0.3710467 0.8847245 -0.1868422 -0.2495863 0.9501561 -0.4149577 -0.8475746 0.3307982 -0.3353844 -0.680349 0.651646 -0.3062194 -0.6105205 0.730407 -0.2412121 -0.4861505 0.8399253 -0.1268141 -0.2540689 0.9588364 -0.04876639 -0.1043638 0.9933429 -0.2784723 -0.8850589 0.3729933 -0.2382172 -0.7398643 0.6291687 -0.1623204 -0.552852 0.8173168 -0.06918035 -0.2332594 0.9699506 -0.03321761 -0.2437172 0.9692773 -0.07721958 -0.5585089 0.8258965 -0.1212367 -0.7596174 0.6389703 -0.1031264 -0.819108 0.5642934 -0.1333779 -0.9612117 0.2414176 -0.01751073 -0.3706787 0.9285961 -0.0157495 -0.5591148 0.8289406 -0.01903599 -0.6540822 0.7561839 -0.03112741 -0.8294818 0.5576657 -0.03866466 -0.9677792 0.2488141 0.005086891 -0.1263763 0.9919693 0.01226238 -0.2254866 0.9741691 0.03855955 -0.2252574 0.973536 0.03169822 -0.5544739 0.8315972 0.09067943 -0.5553887 0.8266321 0.02899193 -0.8021032 0.5964812 0.1279812 -0.7874821 0.6029037 0.02272718 -0.834279 0.5508739 0.1399899 -0.8397667 0.52459 0.04300478 -0.9544167 0.2953629 0.1503174 -0.9563771 0.2504944 -0.6675519 -0.7401401 -0.08103774 -0.8897085 -0.456529 0 -0.8651174 -0.4381849 -0.2440612 -0.7435924 -0.5905277 -0.3136038 -0.7301791 -0.4010434 -0.5531751 -0.7603404 -0.3930942 -0.5170682 -0.6167616 -0.2832138 -0.7344352 -0.7025499 -0.3258192 -0.6326654 -0.3680758 -0.3708324 -0.852645 -0.4365779 -0.2334776 -0.8688429 -0.2196427 -0.2218537 -0.95002 -0.2446154 -0.1346149 -0.9602303 0.06234712 -0.1665623 -0.9840578 0.03757147 -0.1186999 -0.9922191 -0.1336448 -0.7327389 -0.6672576 -0.08854326 -0.8359816 -0.5415671 -0.09763874 -0.4569326 -0.8841263 -0.223762 -0.9746438 0 -0.2100975 -0.9776333 -0.009596936 -0.1870499 -0.974965 -0.120231 -0.3901294 -0.8042252 -0.4483535 -0.3224845 -0.8663348 -0.3814025 -0.111105 -0.968898 0.2211161 -0.04718952 -0.9902228 0.1312705 -0.1784863 -0.9432357 -0.2800876 -0.137377 -0.6420364 -0.7542657 -0.199481 -0.91849 -0.3414433 -0.09429109 -0.7998005 -0.5928139 -0.134525 -0.8638422 -0.4854686 -0.1308715 -0.6766729 -0.7245594 -0.1205984 -0.8772099 -0.4647136 -0.1045923 -0.5692592 -0.815478 0.01754023 -0.1166474 -0.9930185 -0.0333287 -0.1684089 -0.9851536 -0.06253197 -0.2893034 -0.9551928 -0.1439535 -0.8384215 -0.5256679 0.1411936 -0.3628074 -0.9211054 0.2677862 -0.6817989 -0.6807649 0.06969136 -0.2189231 -0.9732501 0.2891118 -0.7297553 -0.6195737 0.1718691 -0.4250915 -0.8886834 0.175357 -0.4535488 -0.8738097 0.1693801 -0.5323506 -0.8294053 0.3270267 -0.7917905 -0.5158695 0.3391481 -0.8129239 -0.4734271 0.203981 -0.653274 -0.7291261 0.3154409 -0.7871821 -0.5299446 0.3227736 -0.813109 -0.4844285 0.2636639 -0.8521319 -0.4520537 0.3781464 -0.9251803 -0.03235254 0.3338497 -0.8002238 -0.498183 0.3113274 -0.9224279 -0.2284777 -0.1103624 -0.9418741 -0.3173221 -0.02233246 -0.9695466 -0.2438867 0.08438908 -0.9616964 -0.2608034 0.1636072 -0.9573051 -0.2383265 0.1841865 -0.9392735 -0.2895524 0.07558562 -0.8561021 -0.5112495 -0.01690288 -0.8611448 -0.5080786 -0.1382154 -0.9144521 -0.3803601 0.1236024 -0.6732873 -0.7289765 0.08850672 -0.7709137 -0.6307603 -0.008462765 -0.6706187 -0.7417539 -0.09033238 -0.6699282 -0.7369099 0.0698152 -0.4169034 -0.9062656 0.04719375 -0.5312602 -0.8458932 -0.01105274 -0.5392706 -0.84206 -0.06310416 -0.4688984 -0.880995 0.03977906 -0.2284632 -0.9727395 0.01907896 -0.2356828 -0.9716427 5.021771e-05 -0.3608516 -0.9326232 -0.04482557 -0.3046004 -0.9514249 -0.01437859 -0.1321612 -0.9911239 -0.002915219 -0.1128164 -0.9936116 0.0216358 -0.1226796 -0.9922105 0.3095851 -0.9160807 -0.2548594 0.3112334 -0.9501861 -0.0167383 0.3042978 -0.9217878 -0.2402291 0.2804556 -0.8471774 -0.4512594 0.2676992 -0.8166576 -0.5112803 0.2641406 -0.8086819 -0.5256075 0.2133766 -0.6440633 -0.7346107 0.2703883 -0.8272891 -0.4924256 0.2688939 -0.8197613 -0.5056555 0.1780302 -0.538076 -0.8238808 0.1391442 -0.4248126 -0.894524 0.2690536 -0.8239255 -0.4987554 0.07372524 -0.2231721 -0.971987 0.1146728 -0.3490815 -0.9300496 0.1543094 -0.4695157 -0.8693352 0.2366685 -0.7212461 -0.6509932 0.2371348 -0.7224436 -0.6494939 0.328638 -0.9094208 -0.2548547 0.2941245 -0.9214846 -0.2536868 0.2896059 -0.8021064 -0.5222583 0.2594251 -0.8121044 -0.522671 0.2707057 -0.7492375 -0.6044515 0.2088584 -0.6556921 -0.725566 0.1923983 -0.5335285 -0.8236081 0.1648329 -0.5182266 -0.8392087 0.07889861 -0.2196413 -0.9723851 0.1143962 -0.3550756 -0.9278118 0.07882639 -0.2217745 -0.9719066 0.1393591 -0.3920893 -0.9093102 0.2272627 -0.6404908 -0.7335688 0.3206889 -0.9023545 -0.2879498 0.32503 -0.9146898 -0.2402044 0.3220751 -0.9157791 -0.2400337 0.317243 -0.9035921 -0.2878857 0.2268403 -0.6464835 -0.7284247 0.1398743 -0.3991148 -0.9061692 0.07710097 -0.2202178 -0.9723989 0.3143993 -0.914401 -0.2549978 0.2776645 -0.8061287 -0.5225505 0.2597086 -0.7527866 -0.6048668 0.1850036 -0.5359964 -0.8236999 0.07664063 -0.2223896 -0.9719409 0.2724916 -0.8076649 -0.5229012 0.218977 -0.6488786 -0.7287013 0.135144 -0.400527 -0.9062639 0.09394727 -0.277962 -0.955987 0.4139836 -0.8739642 -0.2545667 0.6187586 -0.7855525 0.006716615 0.6822981 -0.6946805 -0.2277901 0.5525576 -0.7684906 -0.322649 0.5696611 -0.5948382 -0.5671452 0.5750764 -0.6160281 -0.5383276 0.5448846 -0.5462186 -0.6361966 0.3966121 -0.5550694 -0.7311613 0.3959528 -0.4118514 -0.8207312 0.2551885 -0.4849873 -0.8364605 0.1692113 -0.1775791 -0.96945 0.1662045 -0.1862356 -0.9683452 0.126145 -0.1298676 -0.9834744 0.532102 -0.6996781 -0.4767788 0.41737 -0.5390936 -0.7315602 0.3381298 -0.4457373 -0.8288465 0.1768443 -0.2246634 -0.9582549 0.1549215 -0.2072313 -0.9659475 0.1457549 -0.2412685 -0.9594504 0.205779 -0.3592702 -0.9102637 0.3361188 -0.5553516 -0.7606634 0.4837046 -0.8078385 -0.336789 0.4892995 -0.8411565 -0.2303078 0.3616507 -0.7766152 -0.5158272 0.3233098 -0.7054302 -0.6307448 0.2289395 -0.4779196 -0.8480445 0.09673201 -0.2133993 -0.9721644 0.05177644 -0.1153989 -0.9919689 0.3006893 -0.9198572 -0.2518903 0.2627823 -0.8054852 -0.5311676 0.2600852 -0.7405264 -0.6196582 0.1824094 -0.5322186 -0.8267226 0.07363952 -0.2194379 -0.9728434 0.03937868 -0.1178079 -0.9922553 0.256266 -0.9322317 -0.2554833 0.225859 -0.8216185 -0.523384 0.1814213 -0.6599655 -0.7290623 0.1470286 -0.5259122 -0.8377344 0.09957738 -0.3534487 -0.9301389 -0.2792894 0.9261261 -0.2535506 -0.2992064 0.9194076 -0.2552747 -0.3142634 0.9094694 -0.2722204 -0.3325773 0.9121137 -0.2396684 -0.2834264 0.8896279 -0.3580944 -0.3433358 0.8628216 -0.3710249 -0.08040618 0.2212669 -0.9718929 -0.7483798 0.4137692 -0.5183848 0.03749088 0.836997 -0.5459216 -0.09162167 0.1940845 -0.9766968 -0.1939937 0.533102 -0.82351 -0.2314789 0.6358688 -0.7362665 0.3715126 0.8227125 -0.4302587 -0.1798128 0.5255079 -0.83157 -0.2773215 0.3991042 -0.8739615 0.5240255 0.5939765 -0.6104008 -0.3040913 0.8376211 -0.4537834 -0.3054491 0.9522084 0 -0.2917641 0.9052834 -0.3087649 -0.1515934 0.9649834 -0.2140712 -0.3058566 0.9520776 0 -0.3231247 0.9154718 -0.2397952 -0.3200869 0.9025641 -0.2879626 -0.228728 0.6455558 -0.7286571 -0.1411351 0.398821 -0.906103 -0.07842593 0.2217021 -0.9719555 -0.04145412 0.1172353 -0.9922386 -0.2783535 0.8059303 -0.5224899 -0.2234808 0.6475335 -0.7285305 -0.1778908 0.5156942 -0.8381016 -0.1203898 0.3484361 -0.929569 -0.07473089 0.2229106 -0.9719703 -0.1807325 0.5371428 -0.8239013 -0.2541521 0.754509 -0.6050809 -0.2718471 0.8079285 -0.5228295 -0.3087245 0.9161685 -0.2555863 -0.2634351 0.8105768 -0.5230366 -0.2113682 0.65099 -0.7290648 -0.1686006 0.5186813 -0.8381787 -0.1139093 0.3499096 -0.9298322 -0.06964877 0.2241106 -0.9720718 -0.1685747 0.5406086 -0.8242117 -0.2369421 0.7597156 -0.6055499 -0.2533773 0.8136487 -0.5232358 -0.2872969 0.9231296 -0.2555234 -0.2430602 0.8167128 -0.5233565 -0.1943114 0.6542865 -0.7308572 -0.1555645 0.5204656 -0.8395923 -0.105122 0.3523243 -0.9299554 -0.1000978 0.3536345 -0.9300124 -0.1484573 0.5244324 -0.8384099 -0.1862732 0.6580068 -0.729609 -0.2320875 0.8198408 -0.5234467 -0.2628999 0.9303773 -0.2555029 0.2650625 -0.9642312 -1.412118e-12 0.4276198 -0.9039125 -0.009141716 0.3381123 -0.9403409 0.03793507 0.3890047 -0.9026469 -0.1841299 0.3540173 -0.935059 -0.01834231 0.2920119 -0.8126239 -0.5043525 0.3011484 -0.7940265 -0.5280451 0.3546192 -0.9350108 0 0.214239 -0.6337842 -0.7432491 0.3106445 -0.913543 -0.2625628 0.3136857 -0.884219 -0.3460608 0.3546192 -0.9350108 0 0.3547061 -0.9342131 0.03780803 0.3409873 -0.8954769 -0.2860923 0.3550834 -0.9348345 -0.0005820325 0.1917691 -0.5053038 -0.8413636 0.3278896 -0.8659392 -0.377674 0.2867529 -0.7547858 -0.5899755 0.2949319 -0.7783854 -0.5541943 0.3284168 -0.8664656 -0.3760051 0.3156105 -0.833341 -0.4537981 0.3552443 -0.9347733 -0.0005830884 0.3561016 -0.9344472 0 0.2684888 -0.7047004 -0.6567428 0.08828062 -0.2323867 -0.9686088 0.2831812 -0.7506489 -0.5969378 0.2861266 -0.7582262 -0.5858538 0.1260637 -0.3324603 -0.934654 0.02264518 -0.06025993 -0.9979258 0.0610212 -0.1607105 -0.9851135 0.2747322 -0.7243862 -0.6322869 0.2799285 -0.737791 -0.6142512 0.0974488 -0.2562622 -0.9616826 0.04804414 -0.1267971 -0.9907645 -0.319071 -0.2414758 -0.9164514 -0.6466146 -0.4464247 -0.6185423 -0.2217527 -0.1826765 -0.9578388 -0.6388965 -0.4374445 -0.632814 -0.07240301 -0.05530344 -0.995841 -0.3852828 -0.3162114 -0.86693 -0.5707489 -0.4298217 -0.699642 -0.6687143 -0.5101747 -0.5408724 -0.7555417 -0.5667017 -0.3286426 -0.5880518 -0.4930953 -0.6411334 -0.7413955 -0.5648185 -0.3623712 -0.5910831 -0.455519 -0.665675 -0.6394938 -0.524386 -0.5621984 -0.4950782 -0.3838379 -0.7794652 -0.7999769 -0.6000308 0 -0.7999769 -0.6000308 0 -0.7316046 -0.6040974 -0.3159448 -0.7999769 -0.6000308 0 -0.7363028 0.6766522 0 -0.4948247 0.8641096 -0.09199535 -0.4804594 0.8382934 -0.2577265 -0.4301539 0.9027351 -0.006077866 -0.4511788 0.7878825 -0.4191406 -0.4828053 0.8000141 -0.3561972 -0.4334435 0.7054252 -0.5608048 -0.6612252 0.6239315 -0.4165221 -0.3948382 0.662584 -0.6364631 -0.5004709 0.6335522 -0.5900343 -0.3878318 0.8387093 -0.3822998 -0.7746888 0.4973967 -0.3904532 -0.300766 0.4844263 -0.8215053 -0.7990037 0.336053 -0.4986597 0.5572759 0.4208225 -0.7157877 -0.06258949 0.119962 -0.9908035 -0.3149648 0.6009107 -0.7346452 -0.1168764 0.1942665 -0.9739612 -0.3704481 0.7671409 -0.5237013 -0.06986099 0.1103468 -0.9914348 -0.4112844 0.8745009 -0.2570861 -0.3141037 0.9125268 -0.2619804 -0.2878284 0.9267587 -0.2413983 -0.2913536 0.9227488 -0.2522852 -0.3668736 0.894897 -0.2540927 -0.7154144 0.6986631 -0.007222673 -0.5681083 0.762483 -0.3096331 -0.4624468 0.8528897 -0.2423264 -0.7486599 0.5811093 -0.3190931 -0.875025 0.4494649 -0.1797569 -0.9308833 0.3019925 -0.2055645 -0.9570591 -0.1496134 -0.2483018 -0.9694689 -0.008457205 -0.2450685 -0.9402415 0.1613025 -0.299879 -0.9359145 -0.2484425 -0.2496807 -0.8895842 -0.3671354 -0.2717565 -0.8563402 -0.4619176 -0.2308973 -0.8005538 -0.545991 -0.2469968 -0.7684166 -0.6015136 -0.2184428 -0.6936644 -0.6459127 -0.3187892 -0.663421 -0.6705939 -0.3319283 -0.67167 -0.6653648 -0.3258055 -0.672202 -0.7052905 -0.2251883 -0.5987357 -0.573574 -0.5590424 -0.5711007 -0.6002044 -0.5599989 -0.5776939 -0.5987572 -0.5547608 -0.6065217 -0.5664713 -0.5578904 -0.7288648 -0.5862963 -0.3535715 -0.7169107 -0.4845152 -0.5012825 -0.8368493 -0.4665246 -0.2864228 -0.7766269 -0.3273347 -0.5382403 -0.8232198 -0.2253094 -0.5210996 -0.8448236 -0.1220171 -0.5209462 -0.8590477 -0.01279508 -0.5117356 -0.8185675 0.1313166 -0.5591986 -0.7849498 0.2542085 -0.5650061 -0.7382878 0.4056497 -0.5388687 -0.6757967 0.5001952 -0.5413904 -0.6620416 0.6526426 -0.3684542 -0.50632 0.6606234 -0.5542713 -0.4167923 0.749784 -0.5139145 -0.3199941 0.7910459 -0.5213925 -0.2578475 0.8110909 -0.5250202 -0.2669255 0.8550631 -0.4445423 -0.2863664 0.8045192 -0.5203298 -0.3546793 0.7566387 -0.5492726 -0.5489366 -0.5377799 -0.6398917 -0.4796315 -0.5009649 -0.7204081 -0.535028 -0.5490704 -0.64208 -0.5627195 -0.5164372 -0.645476 -0.505201 -0.4074177 -0.7607777 -0.6334403 -0.426047 -0.6459391 -0.5927912 -0.3198393 -0.7391221 -0.7357411 -0.3070661 -0.6036517 -0.763993 -0.2134364 -0.6089004 -0.6657677 -0.1000546 -0.7394204 -0.6914043 -0.007312373 -0.722431 -0.7561179 0.09654727 -0.6472746 -0.6518631 0.2190075 -0.7260236 -0.5973502 0.3251221 -0.7331224 -0.6109346 0.4669909 -0.6392796 -0.4666669 0.4573783 -0.7569855 -0.451756 0.6144318 -0.6468308 -0.3654595 0.6786747 -0.6370557 -0.3009584 0.7369443 -0.605258 -0.2081803 0.6521829 -0.728916 -0.2000207 0.6535279 -0.7299952 -0.26734 0.7496458 -0.6054424 -0.3185608 0.712001 -0.6257585 -0.3536946 -0.3404859 -0.8711885 -0.3358032 -0.3514812 -0.8738977 -0.3372857 -0.3478483 -0.8747799 -0.3548311 -0.3315894 -0.874153 -0.3971732 -0.3135684 -0.8625128 -0.4095856 -0.2825325 -0.8674186 -0.3582462 -0.1979946 -0.9123912 -0.519012 -0.2140157 -0.8275408 -0.540896 -0.1524423 -0.8271595 -0.5338198 -0.07640263 -0.8421396 -0.5127032 -0.01311281 -0.8584657 -0.5067829 0.08159245 -0.8582038 -0.4493963 0.154143 -0.8799335 -0.4187022 0.2311486 -0.8782134 -0.3829634 0.2866703 -0.8781567 -0.3555832 0.3638747 -0.8609041 -0.315088 0.407317 -0.857212 -0.2593157 0.4554335 -0.8516664 -0.2143317 0.5210315 -0.8261889 -0.1276878 0.4024849 -0.9064776 -0.1660414 0.5396471 -0.8253552 -0.1898301 0.5390298 -0.8206165 -0.2419456 0.523862 -0.8167196 -0.1773117 -0.1727729 -0.9688705 -0.1697563 -0.1780393 -0.9692702 -0.1712639 -0.1756739 -0.9694366 -0.1803837 -0.1659226 -0.9695006 -0.2318144 -0.1895879 -0.9541061 -0.1827899 -0.1253033 -0.9751343 -0.2429838 -0.1298072 -0.9613059 -0.2156698 -0.0872556 -0.97256 -0.2224572 -0.06099618 -0.9730325 -0.3558037 -0.05565841 -0.9329019 -0.3176928 0.0007304114 -0.9481934 -0.2346248 0.03105104 -0.97159 -0.230662 0.07400389 -0.9702157 -0.2165312 0.1150356 -0.9694746 -0.1911619 0.147964 -0.9703421 -0.2061682 0.200619 -0.95773 -0.1374278 0.1890632 -0.9723007 -0.1091077 0.2021941 -0.9732487 -0.08794339 0.2160304 -0.972418 -0.09028147 0.2776716 -0.9564244 -0.06704034 0.2240754 -0.9722632 -0.07895651 0.2222398 -0.9717898 -0.1021956 0.2193383 -0.9702818 -0.05349321 0.1138289 -0.9920592 -0.03886973 0.1143016 -0.9926854 -0.03601581 0.1193681 -0.9921966 -0.04610744 0.115838 -0.9921974 -0.06735614 0.0888465 -0.9937653 -0.1408501 0.1043839 -0.9845127 -0.1665089 0.05667211 -0.98441 -0.1275343 -0.003794614 -0.9918269 -0.1235285 -0.01852767 -0.9921681 -0.1162992 -0.04673939 -0.9921139 -0.1735458 -0.09985262 -0.9797506 -0.08725192 -0.06973795 -0.9937423 -0.1322447 -0.1247644 -0.9833337 -0.1248882 -0.129032 -0.9837447 -0.131212 -0.1256548 -0.9833587 -0.2020675 -0.1727857 -0.9640092 -0.8850938 -0.3892245 -0.255173 -0.9419331 -0.2199181 -0.2537677 -0.9696148 -0.05163737 -0.2391248 0.9118156 0.1201117 -0.3926392 0.7994897 0.08273693 -0.5949545 0.7905703 0.0780651 -0.6073751 0.0974604 0.04566252 -0.9941913 0.1236776 0.01798127 -0.9921595 -0.7751044 -0.4915943 -0.3969235 -0.6698425 -0.3815973 -0.6369415 -0.4714737 -0.2569518 -0.8436162 -0.8527852 -0.5222617 0 -0.8434096 -0.4744646 -0.2520786 -0.8527852 -0.5222617 0 -0.4974147 -0.2896895 -0.8177155 -0.7142173 -0.4228209 -0.5577779 -0.7504551 -0.4146642 -0.5146559 -0.848368 -0.5150507 -0.1224519 -0.8527852 -0.5222617 0 -0.7563561 -0.4747171 -0.4500768 -0.2075247 -0.1157949 -0.9713522 -0.5129401 -0.3160988 -0.7981065 -0.6332589 -0.3899953 -0.668496 -0.1281285 -0.07785795 -0.9886967 -0.100642 -0.05410496 -0.9934505 0.2354829 0.02575258 -0.9715372 0.3508155 0.00817201 -0.9364089 0.2257929 0.01003255 -0.9741237 0.4632855 0.02569392 -0.8858366 0.9122125 0.0962864 -0.3982429 0.482959 0.03600642 -0.8749024 0.5408472 0.04251508 -0.8400457 0.4734433 0.04943198 -0.8794361 0.9946878 0.1029374 0 0.9946878 0.1029374 0 0.9544232 0.1281825 -0.2695286 0.9176428 0.1056625 -0.3831019 0.8562733 0.07261792 -0.5113929 0.9920257 0.1260356 0 0.9896623 0.1434175 0 0.9896623 0.1434175 0 0.9651795 0.06772355 -0.25267 0.9663478 -0.08075 -0.2442364 0.952727 -0.1943238 -0.2335583 0.9289649 -0.291569 -0.2280608 0.8642718 -0.3797302 -0.3299079 0.8466419 -0.5321454 0.004324298 0.7648726 -0.6095935 -0.2082442 0.6700546 -0.7063134 -0.2283599 0.5909654 -0.7705528 -0.2387641 0.5379765 -0.8429564 -0.002416913 0.4385787 -0.8636067 -0.2486609 0.3468159 -0.9027222 -0.2545808 0.2916287 -0.9229999 -0.2510457 0.2346854 -0.9383225 -0.2539165 0.2183643 -0.9412075 -0.2577701 0.2360302 -0.9369621 -0.2576658 0.2550492 -0.9327496 -0.2548099 0.2803701 -0.9233371 -0.2623761 0.4434137 -0.8637293 -0.2394911 0.3850998 -0.887493 -0.2530895 0.3288504 -0.9092427 -0.2552157 0.5207069 -0.8208762 -0.2345773 0.6378045 -0.7338661 -0.2337647 0.5812687 -0.7767059 -0.2425996 0.7416216 -0.6330306 -0.2219676 0.672984 -0.6532346 -0.3469539 0.8699978 -0.4929934 -0.007829494 0.8310104 -0.5212195 -0.1942985 0.7557855 -0.5418998 -0.3676044 0.8334857 -0.4133243 -0.3666942 0.9059991 -0.3643041 -0.2155182 0.9250921 -0.2204657 -0.3091916 0.8953832 -0.2725392 -0.3521525 0.9665538 -0.07709727 -0.2446013 0.9888396 -0.1488976 -0.005078583 0.9682248 0.003526924 -0.2500566 0.9461746 0.1938585 -0.2591765 0.9517447 0.1254286 -0.2800887 0.9615874 0.08819981 -0.2599433 0.9216802 0.291711 -0.2557543 0.8287812 0.4986959 -0.2538189 0.8623789 0.4404133 -0.2496771 0.9078327 0.4186715 -0.0235368 0.7525647 0.658276 -0.01786513 0.7549326 0.5776193 -0.3105361 0.6709624 0.7037336 -0.2335991 0.5798414 0.7462516 -0.3269441 0.4688659 0.8065023 -0.360165 0.5592573 0.8073121 -0.1883572 0.3330365 0.9158879 -0.2241342 0.3758937 0.8666378 -0.3280898 0.416805 0.9087806 -0.01978376 0.2086594 0.9168427 -0.3403832 0.2454724 0.942051 -0.2286553 0.1178784 0.9641372 -0.2377902 0.07727478 0.9739271 -0.2132946 0.00100716 0.9685222 -0.2489251 -0.06726884 0.9977132 -0.00657396 -0.09956521 0.9533048 -0.2851259 -0.1583919 0.9573843 -0.2415106 -0.1970851 0.9460186 -0.2573058 -0.256514 0.9320888 -0.2557558 -0.3061155 0.9168876 -0.2561454 -0.3658581 0.8954376 -0.2536522 -0.4373978 0.8619211 -0.2564666 -0.4671589 0.8285808 -0.3085715 -0.5132258 0.8207569 -0.2509133 -0.5669087 0.7872741 -0.242516 -0.6155015 0.712 -0.3379556 -0.6608036 0.6639434 -0.3500253 -0.735937 0.6391352 -0.2233896 -0.7716156 0.5984059 -0.2156842 -0.7959605 0.5071252 -0.3305614 -0.8245692 0.4389189 -0.3569815 -0.8551107 0.3742663 -0.3587624 -0.8934161 0.3021934 -0.3323957 -0.9055667 0.2452137 -0.3461491 -0.9386829 0.1618126 -0.3044521 -0.9659629 0.09012215 -0.2424741 -0.9699481 0.02259498 -0.2422605 0.3089344 -0.02593918 -0.9507296 0.2191727 -0.04994987 -0.9744067 0.1687343 -0.05320256 -0.9842247 0.2320467 -0.07333606 -0.9699361 0.08116664 -0.0369192 -0.9960165 0.2489362 -0.1095573 -0.9623035 0.1822518 -0.1175509 -0.9761998 0.08587814 -0.07232251 -0.9936772 0.2228655 -0.1796775 -0.9581477 0.1673777 -0.1782578 -0.9696437 0.1925279 -0.2430469 -0.9507162 0.06041366 -0.09544276 -0.9936 0.1212605 -0.1986473 -0.9725406 0.09982422 -0.1981013 -0.9750851 0.08526541 -0.2176964 -0.972285 0.08626875 -0.2785693 -0.9565338 0.08992562 -0.3545746 -0.9306934 0.08494507 -0.3591263 -0.9294152 0.05587933 -0.2293106 -0.971748 0.06227671 -0.2277272 -0.9717314 0.07101457 -0.2255974 -0.9716289 0.08142191 -0.222897 -0.9714358 0.05014664 -0.1148302 -0.9921186 0.1359598 -0.3195709 -0.9377576 0.05861984 -0.1124757 -0.9919239 0.1118444 -0.2155145 -0.9700744 0.1505208 -0.2348574 -0.9603049 0.1339011 -0.1813927 -0.9742521 0.1204236 -0.1390055 -0.9829423 0.1891725 -0.2111453 -0.9589742 0.07977904 -0.07811117 -0.9937474 0.2138282 -0.2113513 -0.9537338 0.227101 -0.1924991 -0.9546566 0.2396498 -0.1736729 -0.9551993 0.2487874 -0.1577885 -0.955619 0.07711146 -0.04443797 -0.9960317 0.2438777 -0.1410104 -0.9594997 0.07912153 -0.03897378 -0.9961028 0.2547988 -0.1248228 -0.958904 0.2752495 -0.1092861 -0.955141 0.2853078 -0.08900338 -0.9542944 0.2955831 -0.06688477 -0.9529728 0.1843256 -0.02637508 -0.9825113 0.2469855 -0.03918244 -0.9682267 0.2243971 -0.01655083 -0.9743572 0.1135404 0.001026647 -0.9935329 0.2385162 -0.0001911645 -0.9711385 0.225938 0.01786594 -0.9739778 0.1241066 0.01640808 -0.9921332 0.2365419 0.03212252 -0.9710901 0.1215442 0.02578523 -0.992251 0.233166 0.0496889 -0.9711666 0.3566715 0.1168869 -0.9268888 0.22097 0.09268698 -0.9708663 0.210171 0.1090679 -0.9715618 0.09610218 0.05925308 -0.9936063 0.2026298 0.1284042 -0.9708005 0.1942104 0.1485991 -0.9696394 0.2897551 0.2722957 -0.9175495 0.1675134 0.181784 -0.9689654 0.06963616 0.0891754 -0.9935787 0.1837212 0.2329052 -0.9549878 0.06292595 0.09614379 -0.9933764 0.1641727 0.2461918 -0.9552156 0.1101113 0.1967314 -0.9742547 0.1103399 0.2230207 -0.9685489 0.04771896 0.1136375 -0.9923756 0.115743 0.2754116 -0.9543333 0.05725179 0.167246 -0.9842515 0.08304586 0.2328876 -0.9689514 0.05688248 0.2073625 -0.976609 0.03229289 0.1810135 -0.9829503 0.05510569 0.2783413 -0.9589001 0.02611014 0.2133359 -0.9766299 0.01567231 0.2538843 -0.9671076 0.01535781 0.2836227 -0.958813 -0.0009795198 0.2251914 -0.9743141 -0.01460776 0.2258537 -0.9740517 -0.0274325 0.213765 -0.9764999 -0.03060392 0.2792894 -0.9597191 -0.01920897 0.1172582 -0.9929157 -0.03630034 0.231761 -0.9720952 -0.04853029 0.2321618 -0.9714658 -0.03257868 0.1196802 -0.9922778 -0.09888283 0.359055 -0.9280634 -0.03993332 0.117655 -0.9922513 -0.07636849 0.2253865 -0.9712717 -0.109349 0.2601904 -0.9593455 -0.1053887 0.2116005 -0.9716576 -0.1107969 0.1956885 -0.974387 -0.0602566 0.09545256 -0.9936086 -0.1288873 0.2005316 -0.971172 -0.06532497 0.09066691 -0.9937365 -0.2283863 0.3081383 -0.9235207 -0.0901638 0.1034854 -0.9905358 -0.2039753 0.2449416 -0.9478384 -0.210644 0.2161752 -0.9533611 -0.223615 0.1973248 -0.9544942 -0.09027741 0.0682263 -0.993577 -0.2357064 0.1794092 -0.9551203 -0.2146664 0.1403833 -0.9665458 -0.2633945 0.1367061 -0.9549528 -0.1962253 0.08560349 -0.9768151 -0.2816084 0.0951069 -0.9548044 -0.1077038 0.02809366 -0.993786 -0.207962 0.0548673 -0.9765968 -0.109481 0.01912425 -0.9938049 -0.3029663 0.04938433 -0.9517209 -0.3215442 0.02758556 -0.9464927 -0.1297763 0.004499763 -0.9915331 -0.2257553 0.006181219 -0.9741644 -0.2068614 -0.01476932 -0.9782588 -0.2789739 -0.01205336 -0.960223 0.4813527 -0.02987376 -0.8760178 0.470355 -0.1039974 -0.8763279 0.5540393 -0.1668751 -0.8155937 0.4997671 -0.2207711 -0.8375518 0.4080745 -0.251576 -0.8776017 0.4252417 -0.347238 -0.8358201 0.3911644 -0.4153257 -0.8212764 0.2865212 -0.3790405 -0.8799056 0.2801618 -0.4368849 -0.8547754 0.2446415 -0.4987686 -0.8314929 0.2032593 -0.5025318 -0.8403258 0.1237968 -0.4037149 -0.9064704 0.1345145 -0.5285294 -0.83819 0.1243349 -0.530121 -0.8387566 0.1353514 -0.5509279 -0.8235038 0.149972 -0.5483939 -0.8226619 0.1661279 -0.5382097 -0.8262759 0.1883379 -0.523004 -0.8312615 0.2099985 -0.4758778 -0.8540732 0.186594 -0.3673439 -0.9111757 0.2157947 -0.3499468 -0.9115755 0.2998706 -0.4023109 -0.8649992 0.3433273 -0.3953352 -0.8519604 0.3325235 -0.3245775 -0.8854815 0.4254407 -0.3561099 -0.8319772 0.4474378 -0.3225001 -0.8341421 0.4623641 -0.2960826 -0.8357957 0.4752635 -0.2747582 -0.8358424 0.4940641 -0.242263 -0.8349906 0.5132296 -0.205339 -0.8333254 0.625591 -0.2019786 -0.7535519 0.452849 -0.1090516 -0.884893 0.5678997 -0.09020997 -0.8181394 0.5693623 -0.04726612 -0.8207268 0.5336293 0.007321991 -0.8456868 0.5628161 0.04159301 -0.825535 0.567371 0.07783935 -0.819775 0.5600971 0.1220854 -0.8193817 0.5178804 0.1665318 -0.839087 0.5278523 0.2219378 -0.8198266 0.514297 0.2640403 -0.8159543 0.4548238 0.276679 -0.8465129 0.4227901 0.3140616 -0.8500669 0.4051905 0.365606 -0.8379457 0.3329041 0.3576241 -0.8725135 0.3410655 0.4359708 -0.8328288 0.3050172 0.4573929 -0.835318 0.2426496 0.4238789 -0.8726098 0.212553 0.4381919 -0.8733894 0.182528 0.4268785 -0.8856965 0.1604407 0.4588522 -0.873907 0.1559754 0.5673414 -0.8085762 0.09524414 0.514276 -0.8523196 0.07115675 0.5685317 -0.8195782 0.02838086 0.4208273 -0.9066967 0.0003903372 0.5653121 -0.824877 -0.03327828 0.5633362 -0.8255573 -0.04705848 0.4255443 -0.9037132 -0.06671553 0.4200575 -0.9050419 -0.1197315 0.5573233 -0.8216174 -0.1429748 0.5249856 -0.8390163 -0.1841298 0.53981 -0.8214021 -0.1614952 0.3948074 -0.9044592 -0.2557638 0.5161376 -0.817427 -0.2820223 0.4898992 -0.8249013 -0.2830075 0.4478829 -0.8481201 -0.315255 0.4362943 -0.8427702 -0.303995 0.3571001 -0.8832137 -0.3271919 0.330167 -0.8854012 -0.4193055 0.3655095 -0.8310149 -0.3691148 0.2794794 -0.8863665 -0.4147046 0.2643817 -0.8707022 -0.4856768 0.2553578 -0.8360086 -0.5342897 0.2351285 -0.8119416 -0.5253796 0.1813723 -0.8313125 -0.4764519 0.1216416 -0.870745 -0.4625167 0.08052383 -0.8829463 -0.4713352 0.04807929 -0.8806427 -0.5657214 0.01605661 -0.8244401 -0.4333144 -0.02122799 -0.9009928 0.6707056 -0.04737735 -0.740209 0.6876716 -0.139946 -0.7124064 0.7381536 -0.231145 -0.6337991 0.7081773 -0.3056413 -0.6364497 0.5781388 -0.3615462 -0.7314642 0.5308796 -0.4350749 -0.7272391 0.5369093 -0.5519469 -0.6380306 0.4090295 -0.5404188 -0.7352838 0.3400352 -0.5568633 -0.7578122 0.3585049 -0.7145437 -0.6007507 0.2791671 -0.7299145 -0.6239315 0.1995668 -0.6525123 -0.7310272 0.1684735 -0.661916 -0.7303998 0.1555765 -0.6614083 -0.7337132 0.1910167 -0.7728143 -0.605203 0.209995 -0.7679332 -0.6051287 0.239698 -0.7527678 -0.613095 0.2730689 -0.7339228 -0.6219251 0.2715122 -0.6340363 -0.7240712 0.3131422 -0.6027996 -0.7338764 0.3650286 -0.5757045 -0.7316546 0.4663931 -0.6087394 -0.6418051 0.4628198 -0.5287997 -0.7114554 0.500298 -0.4847371 -0.7174481 0.5284686 -0.4421033 -0.7247521 0.5556705 -0.4003488 -0.7286639 0.5750759 -0.3682245 -0.7305467 0.5909513 -0.3416321 -0.7307969 0.7021705 -0.3478625 -0.6212473 0.6378785 -0.2553271 -0.7265804 0.7364018 -0.2291097 -0.6365698 0.6744653 -0.1631339 -0.7200582 0.6704059 -0.1016649 -0.7349967 0.7660535 -0.0532056 -0.640571 0.7696161 -0.001271151 -0.6385056 0.7991147 0.06239202 -0.5979322 0.7913357 0.1089239 -0.6016007 0.7780551 0.1686955 -0.6051216 0.6569384 0.2096947 -0.7241961 0.6232403 0.2578713 -0.7382912 0.6863922 0.3525491 -0.636062 0.6495912 0.411064 -0.6395762 0.6076048 0.4661707 -0.6430406 0.460452 0.4118199 -0.7863767 0.4682879 0.5096242 -0.7217961 0.4735011 0.6152913 -0.6302486 0.3815897 0.568053 -0.7291811 0.392901 0.6854385 -0.6130276 0.3014076 0.6122654 -0.7309478 0.328249 0.7912635 -0.5159018 0.2298818 0.6504974 -0.7238836 0.1946443 0.7447566 -0.6383191 0.1480136 0.7525308 -0.6417082 0.0901099 0.7615957 -0.6417571 0.03659089 0.6531111 -0.7563775 -0.003849076 0.8060807 -0.5917931 -0.04018404 0.6880589 -0.7245414 -0.07688375 0.6853946 -0.7241016 -0.1098517 0.6800092 -0.7249276 -0.1676951 0.7783055 -0.6050776 -0.1796883 0.6634935 -0.726284 -0.2561759 0.7539116 -0.6049721 -0.2616879 0.6385164 -0.7237515 -0.3408233 0.6978369 -0.6299707 -0.3992046 0.6987564 -0.593612 -0.4151328 0.6451449 -0.6414458 -0.4025586 0.5513381 -0.7307344 -0.4459239 0.5230905 -0.7263114 -0.4910643 0.4916941 -0.7190916 -0.5187412 0.4543477 -0.7242069 -0.5902226 0.4558616 -0.6662037 -0.6655309 0.4182427 -0.6181761 -0.6046323 0.3201979 -0.72931 -0.7177961 0.3020341 -0.6273309 -0.7285561 0.2566979 -0.6350687 -0.7429981 0.2003769 -0.6385945 -0.6777057 0.1205492 -0.7253846 -0.6805307 0.06714872 -0.7296363 -0.7692462 0.01494255 -0.6387777 -0.660629 -0.03988145 -0.7496524 0.8622999 -0.06645629 -0.5020184 0.8099791 -0.1570703 -0.5650335 0.7932327 -0.2351737 -0.5616718 0.7648947 -0.3527153 -0.5390065 0.7874971 -0.4883148 -0.376028 0.6368107 -0.530952 -0.5590726 0.5616148 -0.6048817 -0.5645414 0.5256055 -0.6897441 -0.4979878 0.4816715 -0.7565315 -0.4423265 0.3845548 -0.7662333 -0.5147855 0.3075696 -0.7956403 -0.5218788 0.2492041 -0.8147632 -0.5235057 0.2100712 -0.8256959 -0.5235422 0.1948001 -0.8251886 -0.5302044 0.204545 -0.8273099 -0.5231823 0.2247691 -0.8220212 -0.5232208 0.2557185 -0.8131129 -0.5229296 0.2922157 -0.8013947 -0.5218971 0.3360572 -0.7855573 -0.5195819 0.4396798 -0.8523869 -0.2830517 0.5104076 -0.8141494 -0.2768482 0.521519 -0.6947427 -0.4953287 0.5471112 -0.6209568 -0.5613217 0.654102 -0.6495845 -0.3875442 0.6400126 -0.5318552 -0.5545394 0.6811436 -0.4855599 -0.5479736 0.7082327 -0.4511327 -0.5430338 0.8097785 -0.4558327 -0.3694257 0.8267437 -0.3964112 -0.3991904 0.7731256 -0.3151804 -0.5503981 0.7902241 -0.2562666 -0.5566627 0.9401844 -0.2172672 -0.2623894 0.8756501 -0.136573 -0.4632329 0.8259411 -0.06737701 -0.5597157 0.8602276 0.005277021 -0.5098829 0.8538677 0.06666682 -0.516203 0.8322062 0.1173612 -0.5419033 0.8337381 0.1786471 -0.5224615 0.8117289 0.2576951 -0.5241082 0.8193643 0.3541759 -0.4507789 0.7387838 0.38773 -0.5512385 0.7313983 0.4561141 -0.5069679 0.6666462 0.4926082 -0.5593925 0.6888281 0.6323112 -0.3545395 0.5588935 0.6153467 -0.5558655 0.5177899 0.6556746 -0.5495311 0.4626831 0.700612 -0.5432009 0.4458299 0.8006196 -0.4003049 0.4069651 0.8388049 -0.361643 0.3651726 0.8705779 -0.3297621 0.2818855 0.7825332 -0.5551418 0.2191149 0.7997115 -0.5589724 0.1519004 0.8144468 -0.5600023 0.1070261 0.8194955 -0.5630031 0.05627074 0.9380316 -0.3419508 -0.0008402207 0.8604708 -0.5094991 -0.05410192 0.8974439 -0.4377983 -0.09597925 0.8331378 -0.5446736 -0.1570405 0.9449142 -0.2871854 -0.1765862 0.8347514 -0.5215434 -0.2239027 0.8223546 -0.5230683 -0.2729262 0.807784 -0.5224906 -0.3244857 0.789885 -0.5203756 -0.3742149 0.7453234 -0.5517756 -0.4258789 0.746509 -0.5112255 -0.4621832 0.7280888 -0.5062345 -0.5085704 0.7021543 -0.4983327 -0.5932652 0.7117414 -0.3761125 -0.6431939 0.6620796 -0.3846456 -0.6277606 0.5459706 -0.5548267 -0.7381894 0.5474142 -0.394226 -0.7054504 0.4595001 -0.5396289 -0.7526092 0.3917126 -0.5292831 -0.7909398 0.3336008 -0.5129569 -0.7888076 0.2706457 -0.5518455 -0.8945663 0.2249639 -0.3861896 -0.950484 0.1603938 -0.2661843 -0.8637067 0.08233678 -0.4972237 -0.8282975 0.02748692 -0.5596139 -0.9435964 -0.04654808 -0.3278095 -0.951596 -0.1554606 -0.265136 -0.8462928 -0.1214984 -0.5186778 -0.6838912 -0.09843182 -0.7229135 -0.5405512 -0.07731279 -0.8377512 -0.3696314 -0.05191214 -0.9277272 -0.1170541 -0.01767356 -0.9929683 -0.828704 -0.1959433 -0.524267 -0.7747014 -0.1860439 -0.6043388 -0.5557836 -0.1323951 -0.8207168 -0.2324578 -0.05465003 -0.9710699 -0.9196651 -0.3090688 -0.2422655 -0.8509996 -0.2862135 -0.4403197 -0.6474421 -0.2150197 -0.7311534 -0.5419306 -0.1820087 -0.820478 -0.2257157 -0.07602635 -0.9712221 -0.1177042 -0.03975481 -0.9922526 -0.7819302 -0.3479318 -0.5172317 -0.7296008 -0.325109 -0.6016534 -0.5171466 -0.2318384 -0.8238995 -0.2110465 -0.0911054 -0.973221 -0.1144685 -0.05145036 -0.9920937 0.9805954 0.1960423 0 -0.5088411 -0.3136213 0.8016998 -0.6478977 -0.4473373 0.616537 -0.2077037 -0.1158127 0.9713118 -0.6388965 -0.4374445 0.632814 -0.1281285 -0.07785795 0.9886967 -0.4724524 -0.2574731 0.8429095 -0.631766 -0.391287 0.6691534 -0.7617414 -0.4624761 0.4537245 -0.7831168 -0.4861338 0.3878171 -0.6715788 -0.382384 0.6346372 -0.8482656 -0.5150321 0.1232369 -0.7123284 -0.4217027 0.5610304 -0.750367 -0.4147226 0.5147373 -0.500582 -0.2917177 0.8150573 -0.8527852 -0.5222617 0 -0.8527852 -0.5222617 0 -0.8434226 -0.4744483 0.2520657 -0.8527852 -0.5222617 0 0.9664759 0.06633149 0.2480414 0.9805954 0.1960423 0 0.9805954 0.1960423 0 0.9032609 0.1083391 0.4151895 0.8709628 0.1534908 0.4667595 0.8486305 0.04853303 0.5267551 0.8685066 0.1527138 0.4715664 0.8026876 0.02371499 0.5959281 0.834115 0.07765102 0.5460975 0.9028479 0.1753146 0.3925946 0.8394869 0.1607121 0.5190697 0.5623599 0.01977652 0.8266561 0.7858776 0.1296837 0.6046309 0.1150872 0.704416 0.7003949 0.1291414 0.01970223 0.9914304 0.6883786 -0.4398549 0.5767691 0.221661 0.01013111 0.9750712 0.8528359 -0.2637851 0.4506532 0.1309621 0.005788749 0.9913705 0.2165832 0.0577639 0.9745538 0.9663477 -0.08075111 0.2442362 0.8414828 -0.5402798 -0.002096858 0.8669429 -0.3723585 0.3312991 0.952727 -0.1943238 0.2335583 0.9285862 -0.2946147 0.2256766 0.7675481 -0.607199 0.2053759 0.6700541 -0.7063139 0.2283598 0.5940296 -0.7675077 0.2409578 0.5305066 -0.8476733 0.003566733 0.44196 -0.8625431 0.2463548 0.3468156 -0.9027223 0.2545808 0.2916307 -0.9229993 0.2510456 0.2346851 -0.9383226 0.2539164 0.2183639 -0.9412076 0.2577701 0.2360307 -0.936962 0.2576658 0.3844857 -0.8870884 0.2554308 0.3290798 -0.9091165 0.2553695 0.2550492 -0.9327496 0.2548099 0.280259 -0.9233638 0.2624006 0.5833418 -0.7756658 0.2409458 0.5187801 -0.8222087 0.2341793 0.4427334 -0.8631239 0.242908 0.6383562 -0.7332546 0.2341773 0.6737965 -0.6531066 0.3456154 0.7410805 -0.6343624 0.2199636 0.7563822 -0.540887 0.3678686 0.8353198 -0.410895 0.3652479 0.8650934 -0.5014613 0.01225017 0.8329342 -0.5174732 0.1960666 0.9056411 -0.3659262 0.2142713 0.8936733 -0.2724041 0.3565725 0.9239468 -0.2207479 0.3123982 0.9885201 -0.1510446 0.003680529 0.9619092 0.08704022 0.2591421 0.9682248 0.003526584 0.2500566 0.9669179 -0.07538846 0.243693 0.9117961 0.4100975 0.02116444 0.9205192 0.2940168 0.2572906 0.9518643 0.1269976 0.2789729 0.9461863 0.1936044 0.2593237 0.8605138 0.4463865 0.2454691 0.8292979 0.4980608 0.253378 0.7515462 0.5806867 0.3130196 0.7566416 0.6535534 0.01900813 0.6704873 0.7049796 0.2311938 0.5783837 0.7470249 0.3277591 0.5617876 0.8049147 0.1910679 0.4654406 0.8071255 0.363199 0.4253678 0.9048808 0.01590588 0.3693615 0.8707563 0.3245853 0.333991 0.9154184 0.2246311 0.2466409 0.9419625 0.2277607 0.2075284 0.9172038 0.3401016 0.1132048 0.9641146 0.2401408 0.08064239 0.9735666 0.2136934 -0.0005403845 0.9687309 0.2481131 -0.06277708 0.9980074 0.006338861 -0.1036776 0.953333 0.2835614 -0.155797 0.9577491 0.2417517 -0.1968852 0.946667 0.2550642 -0.2565142 0.9320887 0.2557558 -0.436956 0.8620633 0.2567418 -0.365858 0.8954376 0.2536523 -0.306114 0.916888 0.2561455 -0.6145987 0.7121635 0.3392515 -0.5675962 0.7866277 0.2430049 -0.4683674 0.8277051 0.3090894 -0.5121998 0.8216448 0.2501024 -0.6601316 0.6645601 0.350123 -0.7365781 0.6386218 0.2227439 -0.7709844 0.5994192 0.2151269 -0.7960261 0.5062027 0.3318153 -0.8231406 0.4381112 0.3612452 -0.8531076 0.3780629 0.3595495 -0.8942031 0.2993118 0.3328863 -0.903678 0.2441755 0.3517733 -0.9392319 0.1622875 0.3024998 -0.9515865 -0.1577541 0.2638121 -0.9702354 -0.04337732 0.238247 -0.966587 0.09182432 0.2393279 -0.9696025 0.01924919 0.2439273 -0.9407996 -0.2226471 0.2555864 -0.9209104 -0.3056999 0.2418089 -0.886107 -0.3892828 0.2515419 -0.7803639 -0.3472414 0.5200535 -0.8521603 -0.2834049 0.4398915 -0.8304953 -0.196578 0.5211859 -0.8450112 -0.123495 0.5202932 -0.9437939 -0.04115744 0.327962 -0.8297179 0.02405695 0.5576643 -0.8634433 0.08121187 0.4978658 -0.9496367 0.1641295 0.2669299 -0.8953597 0.2251864 0.3842162 -0.7892412 0.2679187 0.5525558 -0.7877566 0.3348535 0.5170229 -0.7532746 0.3920832 0.5280607 -0.7068956 0.4581654 0.5388721 -0.7352907 0.5500774 0.3959324 -0.6294471 0.5428932 0.5559347 -0.642265 0.6630966 0.3844457 -0.5924467 0.7131553 0.3747217 -0.5097903 0.7018109 0.4975695 -0.4621832 0.7280888 0.5062345 -0.425455 0.746576 0.5114806 -0.3746767 0.7448937 0.5520423 -0.3242932 0.7900475 0.5202489 -0.2729262 0.807784 0.5224906 -0.2239027 0.8223546 0.5230683 -0.1782079 0.8337872 0.5225331 -0.1526361 0.9456911 0.2870029 -0.098411 0.8331645 0.5441987 -0.05176441 0.897301 0.4383735 -0.002187981 0.8607967 0.5089442 0.06083292 0.9377995 0.3418062 0.1053188 0.8211204 0.5609538 0.1520116 0.8147795 0.559488 0.2191325 0.7992361 0.5596451 0.2815556 0.7844916 0.552539 0.3683765 0.8672001 0.3350562 0.4087381 0.8353644 0.3675589 0.4474637 0.8011195 0.3974716 0.4616685 0.701489 0.5429322 0.5175652 0.6551104 0.550415 0.5568223 0.6149197 0.5584108 0.6932074 0.6283156 0.3531049 0.665419 0.4952508 0.5585197 0.7317496 0.4543665 0.5080292 0.7349414 0.3883741 0.5559017 0.8189183 0.3492394 0.4554169 0.8133831 0.2583382 0.521219 0.833879 0.1784095 0.5223178 0.8320149 0.1184511 0.54196 0.853627 0.06559944 0.5167375 0.8600722 0.004739748 0.5101504 0.8240613 -0.06650457 0.5625834 0.8752669 -0.135907 0.464152 0.9396502 -0.2231769 0.2593252 0.7910824 -0.2540894 0.5564415 0.7739555 -0.3138875 0.5499704 0.8259576 -0.3981799 0.3990575 0.8063239 -0.4646035 0.36604 0.7171997 -0.4454961 0.535871 0.6811436 -0.4855599 0.5479736 0.6410797 -0.5307918 0.5543256 0.6514035 -0.6525907 0.3870386 0.5494557 -0.6192389 0.5609293 0.5221149 -0.6940059 0.4957338 0.5081499 -0.8150826 0.2782517 0.4378685 -0.8537491 0.2817511 0.3381467 -0.7854098 0.518448 0.2922157 -0.8013947 0.5218971 0.2557185 -0.8131129 0.5229296 0.2247691 -0.8220212 0.5232208 0.2044841 -0.827305 0.5232138 0.1949443 -0.8252002 0.5301334 0.210003 -0.8257399 0.5235001 0.2492041 -0.8147632 0.5235057 0.3075696 -0.7956403 0.5218788 0.3831725 -0.7645959 0.5182394 0.4797272 -0.7595104 0.4393242 0.5265982 -0.6920044 0.4937857 0.5622736 -0.6034016 0.5654688 0.637743 -0.5288088 0.5600403 0.7846203 -0.4955567 0.3725515 0.7677488 -0.3526162 0.5349987 0.7920957 -0.2349319 0.5633749 0.8110359 -0.1555337 0.5639416 0.8628654 -0.06842599 0.5007806 -0.732814 -0.3234142 0.5986543 -0.6476806 -0.2192702 0.7296783 -0.775269 -0.1812708 0.605061 -0.6845101 -0.09955442 0.7221737 -0.6627121 -0.04162523 0.7477165 -0.7699199 0.02009864 0.637824 -0.6804058 0.06576303 0.7298789 -0.6796427 0.1197648 0.7237004 -0.7443906 0.2020948 0.6364278 -0.7315838 0.2588603 0.6306953 -0.7202464 0.304794 0.623174 -0.6061231 0.3182971 0.7289045 -0.663551 0.4206358 0.6186805 -0.5921274 0.4591987 0.6622097 -0.5203753 0.4558976 0.7220574 -0.4908338 0.4921011 0.7189706 -0.446733 0.5240485 0.7251226 -0.4042525 0.5521476 0.7291865 -0.4156474 0.6478472 0.6383818 -0.3989651 0.7008035 0.5913555 -0.340184 0.6987056 0.6293531 -0.2637035 0.6391375 0.7224706 -0.2539273 0.7559657 0.6033546 -0.1817586 0.6642833 0.7250459 -0.165264 0.7801225 0.6034042 -0.1110229 0.6806417 0.7241552 -0.07623269 0.6881243 0.7215772 -0.04123648 0.6900979 0.7225403 -0.0002570197 0.8066035 0.5910928 0.03375001 0.6547003 0.7551347 0.09262891 0.7634583 0.6391802 0.1488994 0.7543518 0.6393609 0.1960377 0.7465609 0.6357799 0.2280961 0.6507139 0.7242538 0.3382954 0.7897292 0.5117461 0.2993993 0.6188041 0.7262517 0.3970639 0.6856173 0.6101386 0.380184 0.5708055 0.7277645 0.4762396 0.6139517 0.6294913 0.4693682 0.5105388 0.7204469 0.4588325 0.4148546 0.785728 0.6111824 0.464683 0.6407229 0.6511178 0.4117673 0.6375683 0.6943279 0.3491196 0.6293047 0.6220756 0.2608653 0.7382216 0.6570345 0.2096816 0.7241128 0.7806459 0.1670163 0.6022438 0.7925943 0.1090965 0.5999101 0.8002693 0.0621046 0.596416 0.7715601 -0.001090186 0.6361555 0.7683753 -0.05469645 0.637658 0.671304 -0.100692 0.7343106 0.6755314 -0.1641567 0.7188254 0.7386901 -0.2329157 0.6325244 0.639245 -0.2538766 0.7258874 0.7026821 -0.3514495 0.6186445 0.593367 -0.3416143 0.7288452 0.5763684 -0.3690518 0.7291092 0.5569027 -0.401235 0.7272344 0.5287459 -0.4424489 0.7243388 0.5005683 -0.4855921 0.716681 0.4644275 -0.5302352 0.7093361 0.4646487 -0.6105217 0.6413773 0.3663431 -0.5756381 0.7310496 0.3138912 -0.6039263 0.732629 0.273173 -0.6354909 0.7221688 0.272133 -0.7370837 0.6185881 0.2401007 -0.7540171 0.6113999 0.2103212 -0.7691826 0.6034261 0.1896152 -0.7738952 0.6042618 0.1569743 -0.6620009 0.7328805 0.1687323 -0.6632409 0.7291371 0.2018934 -0.6540974 0.7289689 0.2775849 -0.7343155 0.6194573 0.3560358 -0.718118 0.5979507 0.3429109 -0.5558061 0.7572924 0.4073319 -0.5399237 0.7365888 0.534578 -0.556352 0.6361594 0.532507 -0.4343235 0.726498 0.5797004 -0.3598921 0.7310438 0.7099344 -0.3096941 0.6325209 0.7392619 -0.2366651 0.6304614 0.6858389 -0.1380225 0.7145452 0.6725094 -0.04366918 0.7387991 -0.5185108 -0.2321894 0.8229426 -0.5437013 -0.1825007 0.8191962 -0.5594085 -0.13183 0.8183416 -0.5432921 -0.07591035 0.8361048 -0.4330512 -0.02361494 0.9010599 -0.570617 0.02190281 0.8209242 -0.4754658 0.04714484 0.8784701 -0.4624698 0.08068929 0.8829558 -0.4769378 0.1222598 0.8703924 -0.5243703 0.1834335 0.8314974 -0.536056 0.2372606 0.8101551 -0.4875849 0.2577831 0.8341516 -0.4164488 0.2657943 0.8694387 -0.3717656 0.2797353 0.8851771 -0.4188076 0.3690527 0.8296989 -0.3293846 0.3310156 0.8842706 -0.3053609 0.3582171 0.8822897 -0.3146261 0.4368208 0.8427324 -0.2830708 0.4477851 0.8481506 -0.2819334 0.4909273 0.8243203 -0.2554292 0.5190421 0.8156906 -0.1640916 0.3958306 0.9035442 -0.182528 0.5425014 0.8199852 -0.143211 0.5266561 0.8379284 -0.1177535 0.5594103 0.8204841 -0.06801565 0.4220962 0.9039959 -0.04819939 0.4263468 0.9032747 -0.03193215 0.564496 0.8248179 0.002290901 0.5681916 0.8228931 0.0258717 0.421919 0.9062643 0.07378908 0.5700272 0.8183056 0.09503714 0.5167119 0.8508683 0.1582243 0.5689477 0.807009 0.1612186 0.4620256 0.87209 0.1821184 0.4265791 0.885925 0.2133635 0.4368499 0.8738639 0.243266 0.4263376 0.8712393 0.3070389 0.4588317 0.8337869 0.3426163 0.4364728 0.8319288 0.3351251 0.3600867 0.8706485 0.406369 0.3649282 0.8376704 0.4240364 0.3140144 0.8494634 0.4556088 0.2779789 0.8456644 0.5158474 0.2640748 0.8149638 0.5315069 0.22217 0.8173989 0.5195112 0.1668291 0.8380192 0.5604963 0.1208084 0.819298 0.5689896 0.07766169 0.8186693 0.5648467 0.04180703 0.8241361 0.535784 0.00780718 0.844319 0.5707983 -0.04768291 0.8197046 0.5713577 -0.09302276 0.8154122 0.4550661 -0.1073372 0.8839647 0.626253 -0.2059109 0.751936 0.5157705 -0.2053092 0.8317625 0.4956854 -0.2430577 0.8337979 0.4768178 -0.2756568 0.8346605 0.4638693 -0.2970467 0.8346188 0.4488991 -0.323554 0.832948 0.4265158 -0.3590465 0.8301626 0.3347674 -0.3244034 0.8846995 0.3426399 -0.396931 0.851495 0.3006816 -0.4056473 0.8631575 0.2176448 -0.3514479 0.9105576 0.1882801 -0.3687401 0.9102644 0.2097372 -0.4781765 0.8528526 0.1883808 -0.5242189 0.8304862 0.1666772 -0.539889 0.8250689 0.1504224 -0.5501009 0.821439 0.1351373 -0.5540628 0.8214331 0.12474 -0.5329077 0.8369285 0.1331988 -0.5296346 0.8377024 0.126218 -0.4032353 0.90635 0.2023025 -0.5036744 0.8398725 0.2449112 -0.5005772 0.8303258 0.2815223 -0.4438182 0.8507471 0.2886897 -0.3803583 0.8786272 0.3874294 -0.4170342 0.8221806 0.4261009 -0.3506938 0.8339376 0.4112278 -0.2509284 0.8763142 0.4993799 -0.2227246 0.8372654 0.5570035 -0.1751055 0.8118406 0.478242 -0.1017078 0.8723188 0.4809362 -0.03061965 0.8762208 -0.2109671 -0.09131568 0.9732185 -0.2256856 -0.07589947 0.971239 -0.2316023 -0.05548053 0.9712272 -0.3706792 -0.04887823 0.9274739 -0.2792051 -0.01179612 0.960159 -0.2250795 0.004345154 0.9743307 -0.3188639 0.03029485 0.9473162 -0.3031578 0.05028994 0.9516125 -0.2082853 0.05338015 0.9766104 -0.2810512 0.09858772 0.9546155 -0.1974756 0.08437457 0.97667 -0.2616713 0.1383948 0.9551832 -0.2146531 0.1397115 0.9666461 -0.2350052 0.1795451 0.9552676 -0.223615 0.1973248 0.9544942 -0.2107783 0.2161485 0.9533375 -0.2038743 0.2443667 0.9480085 -0.2269544 0.3090503 0.923569 -0.1299535 0.2009955 0.970934 -0.1111247 0.1955959 0.9743683 -0.1053975 0.2114998 0.9716785 -0.1088567 0.2610388 0.959171 -0.07701278 0.2246533 0.9713907 -0.09668598 0.3596098 0.9280801 -0.04916034 0.2323613 0.9713864 -0.03663784 0.2319553 0.9720362 -0.02969199 0.2790343 0.959822 -0.01497913 0.2257598 0.9740678 -0.001195028 0.2253006 0.9742886 0.01668397 0.2837266 0.9587601 0.0251914 0.2132224 0.9766789 0.0566699 0.2782163 0.9588453 0.05617499 0.2077188 0.9765742 0.08278768 0.2324619 0.9690757 0.1181201 0.2753205 0.9540683 0.1103514 0.2237348 0.9683828 0.1092537 0.196645 0.9743687 0.1646352 0.2452931 0.9553672 0.1850635 0.2330983 0.9546814 0.1667706 0.1825798 0.9689439 0.2911841 0.2677841 0.9184245 0.1942858 0.1503543 0.9693537 0.2026298 0.1284042 0.9708005 0.2101726 0.1091844 0.9715484 0.2202151 0.09331419 0.9709777 0.3577126 0.1132078 0.9269443 0.2335123 0.05082422 0.9710247 0.2369464 0.03168104 0.971006 0.2261817 0.0184726 0.97391 0.2387151 -0.0005372636 0.9710895 0.224745 -0.01630129 0.9742813 0.2463628 -0.03907232 0.9683898 0.2944294 -0.06756763 0.9532817 0.2853078 -0.08900338 0.9542944 0.2751223 -0.1093927 0.9551654 0.2547862 -0.1246789 0.958926 0.2446199 -0.1406364 0.9593657 0.2490454 -0.1593417 0.955294 0.2396536 -0.1736464 0.9552032 0.227101 -0.1924991 0.9546566 0.2140103 -0.2120339 0.9535414 0.1893909 -0.2121757 0.9587036 0.1348509 -0.1808987 0.974213 0.1497247 -0.2353534 0.9603079 0.1123346 -0.2148406 0.9701672 0.1344037 -0.3218198 0.9372127 0.08233049 -0.2231037 0.9713117 0.07101457 -0.2255974 0.9716289 0.06227671 -0.2277272 0.9717314 0.05649013 -0.2286792 0.9718615 0.08356245 -0.3587278 0.9296944 0.08899608 -0.3559772 0.9302472 0.08573689 -0.2791517 0.9564118 0.08546349 -0.2174772 0.9723166 0.09996862 -0.1977184 0.9751481 0.1216476 -0.1974985 0.9727262 0.191005 -0.2462747 0.9501925 0.1682758 -0.1777051 0.9695897 0.221478 -0.1816611 0.9580954 0.183396 -0.1166026 0.9760992 0.2483239 -0.1114888 0.9622398 0.2321993 -0.07433312 0.9698237 0.2179358 -0.04748996 0.974807 0.3071496 -0.0297726 0.9511954 0.1305839 -0.00749624 0.9914089 0.1663817 -0.05643513 0.9844451 0.08158188 -0.03539447 0.996038 0.1252982 -0.1304279 0.9835085 0.06079545 -0.09489329 0.9936293 0.05530003 -0.1133994 0.9920093 0.06930835 -0.2316443 0.9703284 0.03062656 -0.1202164 0.9922752 0.02856583 -0.120782 0.992268 0.03271756 -0.119642 0.9922779 0.0372998 -0.118381 0.9922674 0.05014664 -0.1148302 0.9921186 0.05924351 -0.1125782 0.9918752 0.1021235 -0.1702313 0.980098 0.1195771 -0.1401937 0.9828769 0.07992032 -0.07756124 0.9937791 0.08615835 -0.07194233 0.9936806 0.0927214 -0.06606586 0.9934979 0.07697948 -0.04274236 0.9961161 0.07941092 -0.03880143 0.9960865 0.1047517 -0.04288797 0.9935732 0.1065109 -0.03408736 0.9937271 0.1838568 -0.02748883 0.9825686 0.1314515 -0.01114575 0.9912599 0.113573 0.001315657 0.9935288 0.1241066 0.01640808 0.9921332 0.1215442 0.02578523 0.992251 0.1181415 0.03816889 0.9922629 0.1025682 0.05201529 0.9933651 0.09610218 0.05925308 0.9936063 0.08931549 0.06683296 0.9937586 0.1223136 0.1299701 0.9839447 0.06913402 0.08927171 0.9936051 0.06291349 0.09618084 0.9933736 0.05844569 0.1018856 0.9930778 0.04680237 0.1142203 0.9923524 0.05831991 0.1664991 0.9843154 0.02906981 0.1078011 0.9937474 0.03374542 0.1801898 0.9830528 0.01888246 0.2551599 0.9667145 0.0001402233 0.1285991 0.9916967 -0.007327124 0.1268463 0.9918953 -0.02559581 0.2126813 0.9767863 -0.01961086 0.1170729 0.9929297 -0.03257868 0.1196802 0.9922778 -0.04046411 0.1177896 0.9922138 -0.08057978 0.2061575 0.9751954 -0.05078496 0.1037486 0.9933062 -0.06040356 0.09507308 0.993636 -0.06553239 0.09064134 0.9937251 -0.08956317 0.1036257 0.9905757 -0.07829272 0.07902557 0.9937933 -0.09089008 0.06804523 0.9935335 -0.145788 0.09497919 0.9847461 -0.1026917 0.05451877 0.9932181 -0.1059354 0.0369714 0.9936855 -0.1077038 0.02809366 0.993786 -0.1096688 0.01891404 0.9937882 -0.1299758 0.004095759 0.9915087 -0.205459 -0.0125609 0.9785851 -0.1168099 -0.01821971 0.9929872 -0.1177042 -0.03975481 0.9922526 -0.1144292 -0.05124519 0.9921088 -0.1004552 -0.05418749 0.9934649 -0.6706158 -0.6660243 0.3266283 -0.6899959 -0.6483919 0.3217043 -0.7714445 -0.5984552 0.2161591 -0.8590377 -0.4578631 0.2289444 -0.9356673 -0.2480828 0.2509614 -0.9690606 -0.0004816764 0.2468226 -0.4213115 0.906916 0 -0.6353015 0.764891 0.1064602 -0.4821274 0.8369705 0.2589084 -0.6297246 0.6725678 0.3887152 -0.3154605 0.6416632 0.6991088 -0.4375134 0.7027887 0.5609546 -0.4017558 0.8702197 0.285149 -0.5054559 0.6390094 0.5798115 -0.3948788 0.6659779 0.6328856 -0.710477 0.385711 0.5885996 -0.8110065 0.3538669 0.4658828 -0.2969849 0.4855452 0.8222201 -0.3561126 0.7565339 0.5484891 -0.3151774 0.5983134 0.7366711 -0.1171063 0.1944297 0.973901 -0.7584583 -0.5609983 0.3316954 -0.5891585 -0.4936098 0.6397199 -0.3875078 -0.3171618 0.86559 -0.7999769 -0.6000308 0 -0.7315956 -0.6041129 0.315936 -0.7999769 -0.6000308 0 -0.4970514 -0.3852862 0.7774924 -0.5894248 -0.454241 0.6680146 -0.639437 -0.5245264 0.562132 -0.7397809 -0.5635773 0.3675662 -0.7999769 -0.6000308 0 -0.6765037 -0.5072891 0.5338544 -0.2220055 -0.1825569 0.957803 -0.3178709 -0.2405608 0.9171088 -0.5670731 -0.428357 0.7035186 -0.07240301 -0.05530344 0.995841 -0.202042 -0.1716988 0.9642088 -0.05911733 0.1205068 0.9909507 -0.06743717 0.1099923 0.991642 -0.09429597 0.2009876 0.9750448 -0.430152 0.902736 0.00607796 -0.4112867 0.8744998 0.2570862 -0.3140225 0.9139377 0.2571142 -0.2868994 0.9268913 0.2419945 -0.290508 0.9218072 0.2566643 -0.3668744 0.8948967 0.2540927 -0.4607024 0.853487 0.2435431 -0.5737987 0.7585786 0.308729 -0.702541 0.7115702 0.01019876 -0.7554035 0.5695867 0.3239391 -0.8722476 0.4555403 0.1779527 -0.9304044 0.3021673 0.2074672 -0.9414333 0.1553955 0.2992585 -0.05342032 0.1139217 0.9920525 -0.1016395 0.2192413 0.9703621 -0.03898585 0.1142572 0.992686 -0.07897515 0.2222021 0.9717969 -0.03670223 0.1185234 0.9922727 -0.06763548 0.2242214 0.9721884 -0.08851558 0.2782102 0.956433 -0.08814296 0.2156419 0.9724862 -0.1091575 0.2020886 0.9732651 -0.06735614 0.0888465 0.9937653 -0.137745 0.1884219 0.9723803 -0.2057221 0.2050742 0.9568819 -0.1385453 0.1052529 0.9847472 -0.1937321 0.1488974 0.9696894 -0.216418 0.1151086 0.9694912 -0.229129 0.07389635 0.9705871 -0.2325589 0.02866012 0.97216 -0.1272649 -0.00330433 0.9918633 -0.3150109 0.003584862 0.9490813 -0.242478 0.5257363 0.8153562 -0.1903676 0.5407017 0.8193912 -0.1642386 0.543553 0.8231499 -0.1316173 0.4032275 0.9055851 -0.2115445 0.5225869 0.8259249 -0.2605436 0.4569519 0.8504775 -0.3171082 0.4108879 0.8547593 -0.3559178 0.3670086 0.8594342 -0.3838013 0.2860993 0.8779771 -0.4202954 0.2322639 0.8771575 -0.4517771 0.1539732 0.8787432 -0.5108605 0.08473294 0.8554776 -0.5168372 -0.0135196 0.855977 -0.3194373 0.7127282 0.6244825 -0.2645461 0.7531436 0.6023206 -0.2019135 0.653303 0.7296753 -0.208653 0.651882 0.7290499 -0.2987766 0.739988 0.6026196 -0.3665235 0.6792721 0.6358065 -0.4503541 0.6175192 0.6448653 -0.4728102 0.4525844 0.7560541 -0.6057053 0.474016 0.6390853 -0.60115 0.3242896 0.73038 -0.6531735 0.2174816 0.7253042 -0.7538492 0.1024184 0.6490161 -0.6909761 -0.00986316 0.7228103 -0.3549414 0.756589 0.5491718 -0.2853828 0.8024924 0.5239873 -0.2634697 0.8560426 0.4447188 -0.2586434 0.813125 0.5214704 -0.3199941 0.7910459 0.5213925 -0.4157896 0.750845 0.5131772 -0.5080131 0.6548927 0.5594981 -0.653068 0.6632803 0.3654606 -0.6780733 0.4977964 0.5407543 -0.7348527 0.4059601 0.543312 -0.787665 0.2547427 0.5609724 -0.820719 0.1306861 0.5561847 -0.8584662 -0.01088179 0.5127548 -0.9570575 -0.1497 0.2482556 -0.8447835 -0.1220901 0.5209941 -0.6685109 -0.1045278 0.73632 -0.533978 -0.07511887 0.8421548 -0.3581635 -0.05227563 0.9321943 -0.8227497 -0.2249194 0.5220097 -0.7680388 -0.2100101 0.6049894 -0.540022 -0.1499646 0.8281829 -0.2231008 -0.06289897 0.972764 -0.2157722 -0.0877851 0.9724897 -0.5233279 -0.2123513 0.8252484 -0.7370051 -0.3034747 0.603926 -0.7721134 -0.3304301 0.542823 -0.8903898 -0.3667508 0.2696291 -0.8407368 -0.4591205 0.2870018 -0.5912402 -0.3237581 0.738658 -0.3575219 -0.2010628 0.9120043 -0.244628 -0.1288784 0.9610138 -0.1755333 -0.09854783 0.9795287 -0.1808838 -0.1259789 0.9754027 -0.4133872 -0.2824082 0.8656539 -0.6393224 -0.4230675 0.6420909 -0.7138841 -0.4885166 0.501718 -0.7997597 -0.5490459 0.2427612 -0.7325768 -0.5811269 0.354433 -0.503704 -0.4116813 0.759474 -0.4014642 -0.3149734 0.8600106 -0.2339873 -0.1879131 0.953907 -0.181038 -0.1667738 0.9692326 -0.3554849 -0.3323481 0.873599 -0.5653078 -0.5155223 0.643944 -0.6061055 -0.5685663 0.556209 -0.6629179 -0.6713241 0.331457 -0.5770649 -0.5977294 0.5565211 -0.5369252 -0.549587 0.6400511 -0.338576 -0.349177 0.8737515 -0.1712639 -0.1756739 0.9694366 -0.6739086 -0.7034723 0.2257741 -0.5710246 -0.5994421 0.5608922 -0.4790685 -0.5033116 0.7191459 -0.337093 -0.352832 0.8728562 -0.1697563 -0.1780393 0.9692702 -0.5991217 -0.573966 0.558226 -0.5503678 -0.5372132 0.6391378 -0.3550532 -0.3417989 0.8701211 -0.1772552 -0.1729511 0.9688491 -0.130566 -0.1257395 0.9834338 0.9506041 0.310406 0 0.9507053 0.3100957 0.0002083452 0.9274317 0.2758592 0.2525315 0.84148 0.279405 0.462433 0.8013656 0.3991626 0.4455136 0.8171446 0.243259 0.5225895 0.7427707 0.2497335 0.6212286 0.4449129 -0.5709005 0.6900182 0.5054454 0.1661582 0.8467091 0.3702527 0.09740242 0.9238104 0.6322268 0.632259 0.4478145 0.37295 0.7275627 0.5758132 0.1208382 0.04599922 0.9916059 0.6639273 0.203977 0.71944 0.8752467 0.3243091 0.358841 0.7035693 0.4157698 0.5763035 0.818934 0.3311895 0.4686796 0.8331441 0.2773161 0.4785047 0.9506041 0.310406 0 -0.3332584 0.9428355 -0.000275352 -0.3051733 0.9212117 0.241326 -0.2972858 0.9197588 0.2562515 -0.2626852 0.9304031 0.2556299 -0.3069514 0.9517252 0 -0.3054174 0.9522186 0 -0.3054174 0.9522186 0 -0.3342681 0.9075205 0.2543056 -0.387731 0.8308895 0.3991082 -0.3162988 0.8916015 0.3240398 -0.213741 0.8814945 0.4210489 -0.2954099 0.8001226 0.5220506 -0.09042263 0.9643189 0.2488229 0.02184505 0.8924856 0.4505465 -0.2378489 0.6443635 0.7267899 -0.1152889 0.4018376 0.9084245 -0.1836413 0.4988716 0.8469964 -0.4364129 0.6466923 0.625566 -0.5287768 0.7125104 0.4612202 -0.2342952 0.6361466 0.7351349 -0.1213514 0.3302416 0.9360632 -0.7485113 0.4143955 0.5176941 0.5457448 0.5754003 0.609161 -0.2788659 0.926237 0.2536117 -0.2430869 0.8165738 0.5235609 -0.2317017 0.819952 0.5234434 -0.2271118 0.7641023 0.6037945 -0.1865975 0.6594868 0.7281885 -0.161908 0.5442054 0.8231806 -0.1488173 0.5258229 0.8374746 -0.06699582 0.2248921 0.9720777 -0.09995341 0.3537401 0.9299878 -0.2959116 0.9552152 0.0004085735 -0.2649977 0.854854 0.4460952 -0.2026336 0.6534317 0.7293604 -0.168026 0.5428718 0.822835 -0.06957478 0.2241228 0.9720742 -0.2602538 0.8116428 0.5229761 -0.2091746 0.6529688 0.727927 -0.1669488 0.520837 0.837172 -0.1120722 0.3505883 0.9297998 -0.07410608 0.2229132 0.9720175 -0.1788676 0.5394586 0.8227945 -0.2155774 0.6496931 0.7289892 -0.2818193 0.8494521 0.4461042 -0.3139157 0.9097947 0.2715336 -0.2771196 0.8062548 0.5226451 -0.2228751 0.6488209 0.72757 -0.1778712 0.5176049 0.8369271 -0.1195081 0.3484342 0.9296835 -0.2991464 0.8437071 0.445724 -0.2288792 0.6455568 0.7286087 -0.1899856 0.5362024 0.8224308 -0.07869406 0.2216779 0.9719394 -0.1259206 0.3467998 0.9294482 -0.1848483 0.5080405 0.8412645 -0.2321808 0.6394885 0.7329028 -0.2913759 0.8016013 0.5220492 -0.3310893 0.9085904 0.2546436 0.588094 -0.8087514 0.008158452 0.5704724 -0.7633647 0.3030438 0.4756927 -0.6766268 0.5620432 0.4612084 -0.66938 0.5824236 0.34522 -0.4660119 0.8146509 0.1339271 -0.178677 0.9747503 0.7775535 -0.6103862 0.1511262 0.7524245 -0.6392731 0.1587051 0.7165794 -0.6032636 0.3501242 0.4789427 -0.3995572 0.7816444 0.3650757 -0.2882218 0.8852389 0.2311048 -0.1993023 0.9522968 0.899451 -0.3917468 0.193707 0.8897848 -0.413778 0.1925375 0.8514536 -0.3846243 0.3564982 0.6227948 -0.2849156 0.728663 0.4536796 -0.2051253 0.8672361 0.228831 -0.1093836 0.9673012 0.9657629 -0.1350136 0.221525 0.9616759 -0.1644544 0.2193953 0.9233266 -0.1577415 0.3501224 0.6559095 -0.07980804 0.7506087 0.5014549 -0.09859312 0.8595478 0.3112753 -0.0521324 0.9488888 0.9954922 0.09448429 0.008249235 0.9661695 0.09142672 0.2411591 0.8503117 0.08804521 0.5188623 0.7965852 0.07059604 0.6003901 0.5788487 0.04112539 0.8143973 0.235737 0.03355616 0.9712374 0.314208 -0.9144797 0.2549515 0.1145433 -0.3501312 0.9296709 0.2389479 -0.723507 0.647643 0.2506606 -0.75831 0.6017767 0.2432892 -0.7461362 0.6197509 0.1704055 -0.5199117 0.8370507 0.2648378 -0.8150901 0.5152563 0.2116734 -0.6438594 0.7352819 0.2622647 -0.8071797 0.5288461 0.3115445 -0.95023 0.001703261 0.26391 -0.8045623 0.5320065 0.2860398 -0.8704621 0.4005957 0.2763265 -0.8497786 0.4489097 0.2687962 -0.8167914 0.5104904 0.3015878 -0.9185431 0.2555845 0.3116625 -0.9501915 0.001628477 0.2819135 -0.8669601 0.4109804 0.3090606 -0.9509388 0.01403544 0.3058907 -0.9172032 0.2552825 0.2696677 -0.8086372 0.5228624 0.2170527 -0.6508519 0.7275163 0.1730672 -0.5189238 0.8371176 0.1166018 -0.3496995 0.9295775 0.3096113 -0.9159764 0.2552021 0.2729645 -0.807591 0.5227687 0.2198625 -0.6501158 0.7273307 0.1752656 -0.5181972 0.8371103 0.1175432 -0.3478863 0.9301391 0.2771175 -0.8061517 0.5228053 0.2590942 -0.7544381 0.60307 0.1847929 -0.5378886 0.8225129 0.07645802 -0.2224283 0.9719464 0.3222711 -0.9155054 0.2408137 0.2964606 -0.844706 0.4456264 0.2268074 -0.6461776 0.7287063 0.1882636 -0.5369409 0.822345 0.07788854 -0.2219606 0.9719397 0.3256199 -0.9104272 0.2551352 0.2871923 -0.8029887 0.5222353 0.2311199 -0.6463662 0.7271825 0.1844128 -0.5156443 0.8367215 0.1241489 -0.347388 0.9294669 0.292383 -0.9220139 0.2537767 0.2578699 -0.8125693 0.5227182 0.2084545 -0.6567483 0.7247264 0.1650968 -0.5202239 0.8379202 0.1136043 -0.3550945 0.9279019 -0.9153474 -0.3135508 0.2526361 -0.8067321 -0.2768559 0.5220479 -0.6537089 -0.2244421 0.7226967 -0.4279053 -0.1843702 0.884819 -0.2190776 -0.156619 0.9630553 0 0 1 0 0 1 0 0 1 0 0 1 0 0 1 0 0 1 0 0 1 0 0 1 0 0 1 0 0 1 0 0 1 0 0 1 0 0 1 0 0 1 0 0 1 0 0 1 0 0 1 0 0 1 0 0 1 0 0 1 0 0 1 0 0 1 0 0 1 0 0 1 0 0 1 0 0 1 0 0 1 0 0 1 0 0 -1 0 0 -1 0 0 1 0 0 1 0 0 1 -0.8865652 -0.4624818 0.01062099 -0.8897085 -0.456529 0 0.7215202 0.5883533 -0.3650328 0.6641739 0.534746 -0.5224172 0.7783562 0.6278227 -0.00056837 0.777126 0.6293436 0.001324771 0.7393727 0.6662567 -0.09710828 0.7799491 0.6257248 0.01216194 0.7851315 0.6166846 0.05717267 0.7690275 0.6389413 -0.01872713 0.7686617 0.6393489 -0.01980502 0.7783834 0.627789 0.0003644306 0.7636941 0.6449925 -0.02749709 -0.04200609 0.02542475 0.9987938 0 0 1 0 0 1 -0.0355875 -0.03664628 0.9986944 -0.1860657 0.6817586 0.7075202 -0.02472334 -0.0470709 0.9985855 -0.01606203 0.05972416 0.9980857 -0.0232544 -0.07881548 0.996618 0.001575153 -0.05878012 0.9982697 0.03283119 -0.02744058 0.9990841 0.01521067 -0.01399867 0.9997863 0 0 1 -0.05165236 0.0007920907 0.9986648 -0.0498701 0.01286554 0.9986728 0.6222656 -0.1118042 0.7747809 -0.06929974 0.04049508 0.9967736 -0.03607743 0.03566843 0.9987123 -0.05493032 -0.01486754 0.9983795 0.05059191 -0.02669596 0.9983626 0.04829671 -0.03129858 0.9983425 0.01197701 0.04950137 0.9987022 0.02747418 0.04531329 0.998595 0.05335179 -0.01009574 0.9985247 0.08387753 -0.02448613 0.9961752 0.07913309 -0.03148496 0.9963667 -0.02850452 0.05164462 0.9982586 -0.01508499 0.05487542 0.9983793 -0.001615426 0.05878582 0.9982693 -0.04399148 -0.02707853 0.9986649 0 0 1 0 0 1 0.03631384 0.03652943 0.9986726 0.04399522 0.0271937 0.9986616 0.05487478 0.01509046 0.9983792 0.05159407 -0.0007010647 0.9986679 -0.05966092 0.05771171 0.996549 0.04945068 -0.01318118 0.9986896 -0.01622462 0.06010059 0.9980605 0.03537283 -0.01962098 0.9991816 0.05954493 -0.05867638 0.9964996 0.02891061 -0.05090613 0.9982849 0.01508499 -0.05487542 0.9983793 0 0 -1 0 0 -1 -0.04194203 0.02528431 -0.9988001 0.02002614 -0.02518907 -0.9994821 0.03210453 -0.0265981 -0.9991305 0 0 -1 0 0 1 -0.05270521 -0.01448298 -0.9985051 -0.04224126 -0.02590597 -0.9987715 -0.188791 0.6818676 -0.7066927 -0.0343183 -0.03517377 -0.9987918 -0.01542367 0.05736536 -0.9982341 -0.02461926 -0.04558134 -0.9986572 -0.02096837 -0.07676633 -0.9968286 0 0 -1 -0.04736276 0.01277794 -0.998796 -0.04966265 0.0008490696 -0.9987657 0.04669704 -0.02986396 -0.9984626 0.04857406 -0.02586872 -0.9984845 0.07649286 -0.02997978 -0.9966193 0.08049627 -0.02308744 -0.9964875 0.05105231 -0.01008559 -0.9986451 -0.0674765 0.03733966 -0.9970219 0.03876082 -0.005803793 -0.9992317 -0.03419968 0.03495846 -0.9988034 0.001127353 -0.05621527 -0.998418 0.01448781 -0.05270305 -0.9985051 -0.0155823 0.05772301 -0.998211 0.0275567 -0.04929534 -0.998404 0.05790125 -0.05368583 -0.9968778 0.03313298 -0.01963108 -0.9992581 -0.05727442 0.05545625 -0.9968171 0.04790497 -0.01232498 -0.9987759 0.0119277 0.04756001 -0.9987972 0.02624787 0.04351312 -0.998708 0.03487347 0.03508037 -0.9987759 0.04960301 -0.0007558538 -0.9987687 0.05264162 0.01469426 -0.9985054 0.0422447 0.02600972 -0.9987687 -0.001825046 0.05662553 -0.9983938 -0.01448781 0.05270305 -0.9985051 -0.02752627 0.04931981 -0.9984037 -0.8897085 -0.456529 0 -0.8897085 -0.456529 0 0.7768366 0.629702 -0.0004134305 0.7787168 0.6273756 0 0.778683 0.6274176 0.0002048734 0.6641739 0.534746 0.5224172 0.7214762 0.5884175 0.3650163 0.7636941 0.6449925 0.02749709 0.7799521 0.6257209 -0.01217165 0.7394666 0.6661859 0.09687844 0.7851223 0.6166978 -0.05715538 0.7690345 0.6389334 0.01870641 0.7686617 0.6393489 0.01980502 0.2650625 -0.9642312 0 0.2650625 -0.9642312 0 0.5078224 -0.8614618 0 0.5078224 -0.8614618 0 0.7108113 -0.7033828 0 0.7071936 -0.7070117 0.003427018 0.844947 -0.5069018 -0.1706316 0.8504022 -0.4968514 0.1730744 0.9670783 -0.2544409 -0.004411249 0.9653866 -0.260823 0 0.9998621 0.01660688 0 0.9999494 0.008450145 0.005455317 0.9373693 0.2514327 -0.2410818 0.9334261 0.2668599 0.2397948 0.8626992 0.505686 -0.005642115 0.8669449 0.4984041 0 0.696411 0.7176432 0 0.7011261 0.7130236 0.004411182 0.4768067 0.8616299 -0.173923 0.4737774 0.8626813 0.1769632 0.257014 0.9422964 -0.2145258 0.2553159 0.9426834 0.2148529 0.0009357172 0.9711002 -0.2386702 -0.006558548 0.9723339 0.2335031 -0.2731745 0.961948 -0.005638298 -0.2569252 0.9664148 0.005638211 -0.491271 0.8388204 -0.2345915 -0.4973146 0.8344032 0.2375908 -0.7011753 0.6795297 -0.2158532 -0.7075892 0.6750655 0.2088157 -0.8710047 0.4912545 -0.004455597 -0.8677157 0.4970608 0 -0.9653866 0.260823 0 -0.9653866 0.260823 0 -0.9998908 -0.01478007 0 -0.9998908 -0.01478007 0 -0.9647139 -0.2633004 0 -0.9647139 -0.2633004 0 -0.867854 -0.4968193 0 -0.867854 -0.4968193 0 -0.696411 -0.7176432 0 -0.696411 -0.7176432 0 -0.4917084 -0.8707599 0 -0.4917084 -0.8707599 0 -0.2513874 -0.9678866 0 -0.2513874 -0.9678866 0 0.003882377 -0.9999925 0 0.003882377 -0.9999925 0 0.6053897 0.7959292 0 0.7056793 0.7085314 0 0.6053897 0.7959292 0 0.7056793 0.7085314 0 -0.9684798 0.249092 0 -0.9529095 0.3032548 0 -0.9529095 0.3032548 0 -0.9684798 0.249092 0 -0.9529095 0.3032548 0 -0.9529095 0.3032548 0 -0.963195 0.2688036 0 -0.963195 0.2688036 0 -0.9991799 0.0404919 0 -0.9991811 0.04046145 0 -0.9993103 0.03713351 0 -0.9993471 0.03612882 0 0.7134557 0.7007004 0 0.7134554 0.7007006 0 0.686458 0.7271694 0 0.7438951 0.6682964 0 0.7438951 0.6682964 0 0.6864367 0.7271896 0 -0.920443 0.3908769 0 -0.9593691 0.2821541 0 -0.920443 0.3908769 0 -0.9593691 0.2821541 0 0.7438951 0.6682964 0 0.7438951 0.6682964 0 0.7355321 0.6774898 0 0.7355321 0.6774898 0 0.6125159 0.7904582 0 0.6126452 0.7903581 0 -0.920443 0.3908769 0 -0.9593691 0.2821541 0 -0.920443 0.3908769 0 -0.9593691 0.2821541 0 0.7250663 0.688679 0 0.7056793 0.7085314 0 0.7250663 0.688679 0 0.7056793 0.7085314 0 -0.920443 0.3908769 0 -0.9593691 0.2821541 0 -0.920443 0.3908769 0 -0.9593691 0.2821541 0 0.7250663 0.688679 0 0.7056793 0.7085314 0 0.7250663 0.688679 0 0.7056793 0.7085314 0 -0.920443 0.3908769 0 -0.9593691 0.2821541 0 -0.920443 0.3908769 0 -0.9593691 0.2821541 0 0.7250663 0.688679 0 0.7056793 0.7085314 0 0.7250663 0.688679 0 0.7056793 0.7085314 0 -0.920443 0.3908769 0 -0.9593691 0.2821541 0 -0.920443 0.3908769 0 -0.9593691 0.2821541 0 0.7250663 0.688679 0 0.7056793 0.7085314 0 0.7250663 0.688679 0 0.7056793 0.7085314 0 -0.920443 0.3908769 0 -0.9593691 0.2821541 0 -0.920443 0.3908769 0 -0.9593691 0.2821541 0 0.7250663 0.688679 0 0.7056793 0.7085314 0 0.7250663 0.688679 0 0.7056793 0.7085314 0 -0.8551902 0.5183143 0 -0.968695 0.2482539 0 -0.8551902 0.5183143 0 -0.968695 0.2482539 0 0.7375581 0.6752837 0 0.7311556 0.6822108 0 0.7375581 0.6752837 0 0.7311556 0.6822108 0 -0.8551902 0.5183143 0 -0.968695 0.2482539 0 -0.8551902 0.5183143 0 -0.968695 0.2482539 0 0.7375581 0.6752837 0 0.7311556 0.6822108 0 0.7375581 0.6752837 0 0.7311556 0.6822108 0 -0.9271723 0.3746353 0 -0.968695 0.2482539 0 -0.9271723 0.3746353 0 -0.968695 0.2482539 0 0.7375581 0.6752837 0 0.7311556 0.6822108 0 0.7375581 0.6752837 0 0.7311556 0.6822108 0 -0.9271723 0.3746353 0 -0.968695 0.2482539 0 -0.9271723 0.3746353 0 -0.968695 0.2482539 0 0.7375581 0.6752837 0 0.7311556 0.6822108 0 0.7375581 0.6752837 0 0.7311556 0.6822108 0 -0.9271723 0.3746353 0 -0.968695 0.2482539 0 -0.9271723 0.3746353 0 -0.968695 0.2482539 0 0.7375581 0.6752837 0 0.7311556 0.6822108 0 0.7375581 0.6752837 0 0.7311556 0.6822108 0 -0.9271723 0.3746353 0 -0.968695 0.2482539 0 -0.9271723 0.3746353 0 -0.968695 0.2482539 0 0.7375581 0.6752837 0 0.7311556 0.6822108 0 0.7375581 0.6752837 0 0.7311556 0.6822108 0 -0.9271723 0.3746353 0 -0.968695 0.2482539 0 -0.9271723 0.3746353 0 -0.968695 0.2482539 0 0.7375581 0.6752837 0 0.7311556 0.6822108 0 0.7375581 0.6752837 0 0.7311556 0.6822108 0 -0.9271723 0.3746353 0 -0.968695 0.2482539 0 -0.9271723 0.3746353 0 -0.968695 0.2482539 0 0.7375581 0.6752837 0 0.7311556 0.6822108 0 0.7375581 0.6752837 0 0.7311556 0.6822108 0 -0.920443 0.3908769 0 -0.9593691 0.2821541 0 -0.920443 0.3908769 0 -0.9593691 0.2821541 0 0.6198659 0.7847077 0 0.7311556 0.6822108 0 0.6198659 0.7847077 0 0.7311556 0.6822108 0 -0.920443 0.3908769 0 -0.9593691 0.2821541 0 -0.920443 0.3908769 0 -0.9593691 0.2821541 0 0.8638961 0.5036701 0 0.7056793 0.7085314 0 0.8638961 0.5036701 0 0.7056793 0.7085314 0 -0.920443 0.3908769 0 -0.9593691 0.2821541 0 -0.920443 0.3908769 0 -0.9593691 0.2821541 0 0.7177002 0.6963523 0 0.6904479 0.7233821 0 0.7177002 0.6963523 0 0.6904479 0.7233821 0 -0.920443 0.3908769 0 -0.9593691 0.2821541 0 -0.920443 0.3908769 0 -0.9593691 0.2821541 0 0.7177002 0.6963523 0 0.6904479 0.7233821 0 0.7177002 0.6963523 0 0.6904479 0.7233821 0 -0.920443 0.3908769 0 -0.9593691 0.2821541 0 -0.920443 0.3908769 0 -0.9593691 0.2821541 0 0.7177002 0.6963523 0 0.6904479 0.7233821 0 0.7177002 0.6963523 0 0.6904479 0.7233821 0 -0.920443 0.3908769 0 -0.9593691 0.2821541 0 -0.920443 0.3908769 0 -0.9593691 0.2821541 0 0.7177002 0.6963523 0 0.6904479 0.7233821 0 0.7177002 0.6963523 0 0.6904479 0.7233821 0 -0.920443 0.3908769 0 -0.9593691 0.2821541 0 -0.920443 0.3908769 0 -0.9593691 0.2821541 0 0.7177002 0.6963523 0 0.6904479 0.7233821 0 0.7177002 0.6963523 0 0.6904479 0.7233821 0 -0.8496288 0.5273812 0 -0.963195 0.2688036 0 -0.8496288 0.5273812 0 -0.963195 0.2688036 0 0.6198659 0.7847077 0 0.7311556 0.6822108 0 0.6198659 0.7847077 0 0.7311556 0.6822108 0 -0.923135 0.3844759 0 -0.963195 0.2688036 0 -0.923135 0.3844759 0 -0.963195 0.2688036 0 0.6198659 0.7847077 0 0.7311556 0.6822108 0 0.6198659 0.7847077 0 0.7311556 0.6822108 0 -0.8496288 0.5273812 0 -0.963195 0.2688036 0 -0.8496288 0.5273812 0 -0.963195 0.2688036 0 0.6198659 0.7847077 0 0.7311556 0.6822108 0 0.6198659 0.7847077 0 0.7311556 0.6822108 0 -0.923135 0.3844759 0 -0.963195 0.2688036 0 -0.923135 0.3844759 0 -0.963195 0.2688036 0 0.6198659 0.7847077 0 0.7311556 0.6822108 0 0.6198659 0.7847077 0 0.7311556 0.6822108 0 -0.923135 0.3844759 0 -0.963195 0.2688036 0 -0.923135 0.3844759 0 -0.963195 0.2688036 0 0.6198659 0.7847077 0 0.7311556 0.6822108 0 0.6198659 0.7847077 0 0.7311556 0.6822108 0 -0.923135 0.3844759 0 -0.963195 0.2688036 0 -0.923135 0.3844759 0 -0.963195 0.2688036 0 0.6198659 0.7847077 0 0.7311556 0.6822108 0 0.6198659 0.7847077 0 0.7311556 0.6822108 0 -0.923135 0.3844759 0 -0.963195 0.2688036 0 -0.923135 0.3844759 0 -0.963195 0.2688036 0 0.6198659 0.7847077 0 0.7311556 0.6822108 0 0.6198659 0.7847077 0 0.7311556 0.6822108 0 -0.923135 0.3844759 0 -0.963195 0.2688036 0 -0.923135 0.3844759 0 -0.963195 0.2688036 0 0.4861656 0.8738667 0 0.7311556 0.6822108 0 0.4861656 0.8738667 0 0.7311556 0.6822108 0 -0.9160742 0.4010089 0 -0.9529095 0.3032548 0 -0.9160742 0.4010089 0 -0.9529095 0.3032548 0 0.6198659 0.7847077 0 0.7311556 0.6822108 0 0.6198659 0.7847077 0 0.7311556 0.6822108 0 -0.9160742 0.4010089 0 -0.9529095 0.3032548 0 -0.9160742 0.4010089 0 -0.9529095 0.3032548 0 0.6053897 0.7959292 0 0.7056793 0.7085314 0 0.6053897 0.7959292 0 0.7056793 0.7085314 0 -0.9160742 0.4010089 0 -0.9529095 0.3032548 0 -0.9160742 0.4010089 0 -0.9529095 0.3032548 0 0.6053897 0.7959292 0 0.7056793 0.7085314 0 0.6053897 0.7959292 0 0.7056793 0.7085314 0 -0.9160742 0.4010089 0 -0.9529095 0.3032548 0 -0.9160742 0.4010089 0 -0.9529095 0.3032548 0 0.6053897 0.7959292 0 0.7056793 0.7085314 0 0.6053897 0.7959292 0 0.7056793 0.7085314 0 -0.9160742 0.4010089 0 -0.9529095 0.3032548 0 -0.9160742 0.4010089 0 -0.9529095 0.3032548 0 0.6053897 0.7959292 0 0.7056793 0.7085314 0 0.6053897 0.7959292 0 0.7056793 0.7085314 0 -0.9160742 0.4010089 0 -0.9529095 0.3032548 0 -0.9160742 0.4010089 0 -0.9529095 0.3032548 0 0.6053897 0.7959292 0 0.7056793 0.7085314 0 0.6053897 0.7959292 0 0.7056793 0.7085314 0 -0.923135 0.3844759 0 -0.963195 0.2688036 0 -0.923135 0.3844759 0 -0.963195 0.2688036 0 0.6198659 0.7847077 0 0.7311556 0.6822108 0 0.6198659 0.7847077 0 0.7311556 0.6822108 0 -0.923135 0.3844759 0 -0.963195 0.2688036 0 -0.923135 0.3844759 0 -0.963195 0.2688036 0 0.6198659 0.7847077 0 0.7311556 0.6822108 0 0.6198659 0.7847077 0 0.7311556 0.6822108 0 -0.923135 0.3844759 0 -0.963195 0.2688036 0 -0.923135 0.3844759 0 -0.963195 0.2688036 0 0.6198659 0.7847077 0 0.7311556 0.6822108 0 0.6198659 0.7847077 0 0.7311556 0.6822108 0 -0.9728012 0.2316415 0 -0.963195 0.2688036 0 -0.9728012 0.2316415 0 -0.963195 0.2688036 0 0.6198659 0.7847077 0 0.7311556 0.6822108 0 0.6198659 0.7847077 0 0.7311556 0.6822108 0 -0.923135 0.3844759 0 -0.963195 0.2688036 0 -0.923135 0.3844759 0 -0.963195 0.2688036 0 0.6198659 0.7847077 0 0.7311556 0.6822108 0 0.6198659 0.7847077 0 0.7311556 0.6822108 0 -0.9728012 0.2316415 0 -0.963195 0.2688036 0 -0.9728012 0.2316415 0 -0.963195 0.2688036 0 0.6198659 0.7847077 0 0.7311556 0.6822108 0 0.6198659 0.7847077 0 0.7311556 0.6822108 0 -0.9728012 0.2316415 0 -0.963195 0.2688036 0 -0.9728012 0.2316415 0 -0.963195 0.2688036 0 0.6198659 0.7847077 0 0.7311556 0.6822108 0 0.6198659 0.7847077 0 0.7311556 0.6822108 0 -0.9728012 0.2316415 0 -0.963195 0.2688036 0 -0.9728012 0.2316415 0 -0.963195 0.2688036 0 0.6198659 0.7847077 0 0.7311556 0.6822108 0 0.6198659 0.7847077 0 0.7311556 0.6822108 0 -0.9728012 0.2316415 0 -0.963195 0.2688036 0 -0.9728012 0.2316415 0 -0.963195 0.2688036 0 0.4861656 0.8738667 0 0.7311556 0.6822108 0 0.4861656 0.8738667 0 0.7311556 0.6822108 0 -0.9684798 0.249092 0 -0.9529095 0.3032548 0 -0.9684798 0.249092 0 -0.9529095 0.3032548 0 0.6053897 0.7959292 0 0.7056793 0.7085314 0 0.6053897 0.7959292 0 0.7056793 0.7085314 0 -0.9684798 0.249092 0 -0.9529095 0.3032548 0 -0.9684798 0.249092 0 -0.9529095 0.3032548 0 0.6053897 0.7959292 0 0.7056793 0.7085314 0 0.6053897 0.7959292 0 0.7056793 0.7085314 0 -0.9684798 0.249092 0 -0.9529095 0.3032548 0 -0.9684798 0.249092 0 -0.9529095 0.3032548 0 0.6053897 0.7959292 0 0.7056793 0.7085314 0 0.6053897 0.7959292 0 0.7056793 0.7085314 0 -0.9684798 0.249092 0 -0.9529095 0.3032548 0 -0.9684798 0.249092 0 -0.9529095 0.3032548 0 0.6053897 0.7959292 0 0.7056793 0.7085314 0 0.6053897 0.7959292 0 0.7056793 0.7085314 0 -0.9684798 0.249092 0 -0.9529095 0.3032548 0 -0.9684798 0.249092 0 -0.9529095 0.3032548 0 0.6053897 0.7959292 0 0.7056793 0.7085314 0 0.6053897 0.7959292 0 0.7056793 0.7085314 0 0.1583355 -0.4170392 -0.8949906 0.1570936 -0.4149121 -0.8961973 0.197699 -0.4672345 -0.8617465 0.1596141 -0.4206203 -0.8930856 0.2150867 -0.5655857 -0.7961473 0.1611934 -0.4237365 -0.8913271 0.1682204 -0.3507334 -0.9212426 0.1436307 -0.3769112 -0.9150455 -0.3099603 0.9507494 -0.0003760217 -0.4522465 0.8824922 -0.1291533 -0.3077507 0.9453873 -0.1073886 -0.4410979 0.8970998 -0.02538963 0.1729042 -0.3536603 -0.9192544 0.06848082 -0.3868006 -0.9196171 0.2039803 -0.3241888 -0.923739 0.1069947 -0.3976793 -0.9112647 0.08907022 -0.4562022 -0.8854073 0.1383157 -0.3615776 -0.9220252 0.17311 -0.364144 -0.9151132 0.1336075 -0.470358 -0.8723029 0.09572642 -0.4797064 -0.8721916 0.1506826 -0.4131072 -0.8981298 0.1646112 -0.4739966 -0.8650031 0.1919224 -0.4143292 -0.8896613 0.2186428 -0.4113333 -0.884873 0.2132433 -0.3980054 -0.892255 0.2663616 -0.4084778 -0.8730392 0.1593866 -0.4760269 -0.8648666 0.227978 -0.4394588 -0.868851 0.1036448 -0.4506634 -0.8866568 0.2636236 -0.4527792 -0.8517591 0.2247619 -0.4649335 -0.8563404 0.1877642 -0.4357118 -0.8802839 0.1742136 -0.4548944 -0.8733389 0.1531653 -0.4101027 -0.8990863 0.1411146 -0.4552486 -0.8791106 0.3407609 -0.9401479 -0.001966478 0.2650625 -0.9642312 0 -0.3104959 0.9505747 -0.0003621569 -0.3505669 0.9256577 -0.1423398 -0.3098192 0.9492523 -0.05414859 -0.3541731 0.9351799 0 0.234196 -0.3277628 -0.9152725 0.06895621 -0.3872385 -0.9193973 0.2164216 -0.3211349 -0.9219729 0.1385117 -0.362407 -0.92167 -0.3061096 0.942614 -0.1333254 -0.4528397 0.8821895 -0.1291432 -0.3096515 0.9492977 -0.05431256 -0.4411861 0.8970669 -0.02501767 0.5825822 -0.812771 0.001141355 0.6737674 -0.7388761 -0.00997813 0.9894674 0.1130201 -0.09044749 0.9848966 0.1552694 -0.07661676 0.9799031 0.1993637 0.006633668 0.9116511 -0.3864303 -0.139871 0.9452636 -0.3228438 -0.04742032 0.9678049 -0.1943111 -0.1599899 0.9916723 -0.09492926 -0.08703208 0.7047867 -0.7042713 -0.08530911 0.785347 -0.5987027 -0.1574329 0.8519776 -0.5235778 0.0006940754 0.3546626 -0.92301 -0.1492209 0.2650625 -0.9642312 3.778487e-14 0.1227533 -0.990996 -0.05346495 -0.2595715 -0.9619146 -0.0856912 -0.3162003 -0.9486895 -0.002356976 -0.3371845 -0.9368879 -0.09245387 -0.4566511 -0.8849433 -0.09135175 -0.6350964 -0.7716272 -0.03526984 -0.6442833 -0.7647769 -0.003917419 -0.6935867 -0.7186549 -0.04972494 -0.8108574 -0.5790575 -0.08486901 -0.7583554 -0.2144434 -0.6155576 -0.6805114 -0.2431761 -0.6912088 -0.816423 -0.2824047 -0.5036874 -0.3103699 -0.1119197 -0.9440045 -0.2452631 -0.09588499 -0.9647031 -0.4736642 -0.1607939 -0.8659027 -0.01350602 -0.003737974 -0.9999018 -0.1668134 -0.04763725 -0.984837 -0.0919351 -0.03113837 -0.995278 -0.1187434 -0.03677931 -0.9922436 -0.02893693 -0.008144033 -0.9995481 -0.06273961 -0.0258074 -0.9976962 -0.04959965 -0.01822755 -0.9986028 -0.03845817 -0.01088599 -0.9992009 -0.4171953 -0.1226917 -0.900497 -0.2458578 -0.1680737 -0.9546231 -0.2864557 -0.1482821 -0.9465493 -0.5541639 -0.1510833 -0.8185819 -0.5395979 -0.1475391 -0.8288946 -0.4554802 -0.1223409 -0.8817996 -0.6598749 -0.1820722 -0.7289821 -0.5888305 -0.1648061 -0.7912759 -0.6052353 -0.1663211 -0.7784777 -0.6561304 -0.1789288 -0.7331285 -0.6286469 -0.1830901 -0.7558314 -0.6283866 -0.1792635 -0.7569643 -0.9423331 -0.2587693 -0.2122421 -0.8054342 -0.3662542 -0.465976 -0.8372466 -0.2658832 -0.4778328 -0.8774533 -0.2412247 -0.4145917 -0.9081965 -0.3316046 -0.255377 -0.9313323 -0.2560188 -0.2589877 -0.9588538 -0.2635857 -0.1054607 -0.2921683 -0.1127087 0.9497023 -0.2707881 -0.09058951 0.958367 -0.2837711 -0.1368528 0.949076 -0.9588538 -0.2635857 0.1054607 -0.9061347 -0.3274661 0.2677423 -0.6777675 -0.2413171 0.6945482 -0.8371064 -0.2657332 0.4781617 -0.8190262 -0.2870976 0.4967605 -0.8775353 -0.2412476 0.414405 -0.9313835 -0.2560328 0.2587895 -0.6065907 -0.1666227 0.7773574 -0.5860213 -0.1641275 0.7934993 -0.4765112 -0.1640558 0.8637261 -0.543664 -0.1486977 0.8260257 -0.5531209 -0.1507753 0.8193437 -0.6577084 -0.1792986 0.7316226 -0.4550471 -0.1222621 0.8820341 -0.6255833 -0.1647493 0.7625635 -0.6360876 -0.1726437 0.752055 -0.8052658 -0.3653161 0.4670022 -0.7587074 -0.2148077 0.6149965 -0.660579 -0.1822926 0.728289 -0.243394 -0.09217343 0.9655379 -0.4174963 -0.1232161 0.9002859 -0.9424925 -0.2588271 0.2114624 -0.1187434 -0.03677931 0.9922436 -0.08861562 -0.03046082 0.9956 -0.06273961 -0.0258074 0.9976962 -0.0173684 -0.004824947 0.9998375 -0.02888181 -0.008065124 0.9995503 -0.04024221 -0.01596892 0.9990623 -0.05018495 -0.02351915 0.998463 -0.1657766 -0.04747243 0.98502 -0.8672183 -0.4917206 -0.07837844 -0.8620939 -0.5012006 0.07477966 -0.7154144 -0.6954747 -0.06706141 -0.7147617 -0.6953675 0.07469741 -0.5318543 -0.8448987 -0.05724569 -0.5356178 -0.8422808 0.06063521 -0.3144128 -0.9476865 -0.05509019 -0.3108228 -0.9487246 0.05754048 -0.07100374 -0.9958656 -0.05665857 -0.08053559 -0.9953691 0.052483 0.2424132 -0.959727 -0.1419856 0.1591256 -0.9079216 -0.3877595 0.2198072 -0.9526225 -0.2102266 0.4011871 -0.8937852 -0.2004918 0.9809742 -0.1941382 0 0.8674857 -0.4910651 -0.07952131 0.1333413 -0.7702803 -0.6236091 0.1227148 -0.9581428 -0.2586572 0.1640477 -0.922253 -0.350054 0.1092968 -0.8570756 -0.5034637 0.152986 -0.8605472 -0.4858537 0.1395884 -0.7856413 -0.6027295 0.09518693 -0.6987756 -0.7089797 0.1261154 -0.7103011 -0.6925079 0.07840648 -0.5023031 -0.8611295 0.09298557 -0.5234335 -0.8469776 0.02939825 -0.2633743 -0.9642457 0.05309462 -0.2988388 -0.9528255 -0.06369454 -0.9664667 -0.2487671 -0.3105511 -0.9170395 -0.250193 -0.05383841 -0.8622079 -0.5036853 -0.2659778 -0.8272659 -0.4948605 -0.03115713 -0.7119906 -0.7014974 -0.2270653 -0.6732117 -0.703724 -0.01347802 -0.5121696 -0.8587786 -0.1574991 -0.4845587 -0.8604632 -0.0138748 -0.2614567 -0.9651155 -0.08242594 -0.2580559 -0.9626075 -0.5206322 -0.8172635 -0.2470271 -0.4674261 -0.7329276 -0.4942975 -0.3718637 -0.605103 -0.7039658 -0.2766451 -0.4237475 -0.8624996 -0.1497644 -0.2192479 -0.9641063 -0.7103722 -0.6562373 -0.2544091 -0.8364794 -0.4830254 -0.2588219 -0.6411068 -0.5972318 -0.4819713 -0.7609031 -0.4244465 -0.4907867 -0.5139489 -0.4944324 -0.7009944 -0.6253698 -0.3492374 -0.6978151 -0.3611297 -0.3463693 -0.8658023 -0.4355752 -0.2706879 -0.8584884 -0.2009436 -0.1825972 -0.9624344 -0.2267857 -0.1182141 -0.9667438 0.02643183 -0.2679357 0.9630741 0.05311671 -0.2990105 0.9527703 0.07857197 -0.4979669 0.8636292 0.09294152 -0.5234774 0.8469553 0.09944804 -0.6971494 0.709995 0.1260877 -0.7102981 0.6925161 0.1395502 -0.7854268 0.6030177 0.1091696 -0.8595558 0.4992452 0.1529652 -0.8604304 0.4860671 0.164047 -0.9222533 0.3500535 0.1268326 -0.9551189 0.2676966 0.1366943 -0.7681663 0.625488 0.2263901 -0.960019 0.1646544 0.1614586 -0.9079668 0.3866878 0.8674857 -0.4910651 0.07952131 0.4048428 -0.8919708 0.2012221 0.960014 0.2571036 0.1107741 0.2967389 -0.9295904 0.2186499 -0.06930063 -0.9654898 0.2510516 -0.1581934 -0.483836 0.8607424 -0.08813583 -0.2566696 0.9624722 -0.1452629 -0.2218195 0.9642068 -0.2268041 -0.1278312 0.9655149 -0.008173325 -0.2631924 0.9647088 -0.01403175 -0.5094954 0.860359 -0.03568904 -0.7106589 0.7026309 -0.2862773 -0.4248332 0.8588143 -0.2124254 -0.177695 0.960885 -0.350564 -0.3521021 0.8678301 -0.4348069 -0.2582158 0.8627094 -0.2303791 -0.6750658 0.7008649 -0.3650767 -0.6021841 0.7099953 -0.5121969 -0.4916184 0.7042483 -0.6290969 -0.3485886 0.6947828 -0.05012136 -0.8635664 0.501738 -0.2690351 -0.8230053 0.5002822 -0.4607386 -0.7372032 0.494218 -0.6492041 -0.5908541 0.4789838 -0.7644184 -0.4259354 0.4839871 -0.3089008 -0.919151 0.244421 -0.5245054 -0.8163976 0.2416383 -0.7142731 -0.6550123 0.2465214 -0.8297301 -0.4886969 0.2696727 -0.5533384 -0.01733758 0.8327761 -0.2650625 0.9642312 0 -0.2650625 0.9642312 0 -0.5985507 0.7762979 0.1977335 -0.3275048 0.9241168 0.1968468 0.124396 0.9371678 0.325948 -0.3270273 0.8685383 0.3724168 -0.8110653 -0.1244142 0.5715717 -0.9357196 0.262309 0.235845 0.2981666 0.6356913 0.7120346 0.1101761 -0.1834607 -0.9768334 0.1869036 -0.1948814 -0.9628542 0.2291436 -0.1307931 -0.9645654 0.2672004 -0.07473789 -0.9607384 0.2223075 0.004214143 -0.9749675 0.2149481 0.05974875 -0.9747961 0.1944871 0.1099053 -0.9747285 0.1941099 0.2023564 -0.9598819 0.133777 0.240747 -0.9613244 0.05410422 0.2310738 -0.9714307 0.006898907 0.3062001 -0.9519422 -0.09256614 0.3345592 -0.9378175 -0.1639428 0.2538927 -0.9532372 -0.1417477 0.1455663 -0.9791415 -0.2644439 0.1489455 -0.9528298 -0.2700172 0.07389289 -0.9600159 -0.2225439 -0.003661071 -0.9749158 -0.2152011 -0.05880804 -0.9747975 -0.194556 -0.1093135 -0.9747813 -0.1907827 -0.2033163 -0.960346 -0.1363252 -0.2403518 -0.9610653 -0.05674565 -0.2297319 -0.9715983 -0.002858072 -0.213947 -0.9768411 0.0594367 -0.2150317 -0.9747967 0.2693504 -0.4777377 -0.836192 0.3784199 -0.3528643 -0.8557366 0.4727174 -0.2680383 -0.8394604 0.5381207 -0.1404846 -0.8310777 0.5186298 -0.01217306 -0.8549123 0.5333726 0.1479138 -0.8328476 0.4870346 0.2874411 -0.8247271 0.3886298 0.3942849 -0.8327703 0.2288768 0.4100192 -0.8828928 0.1406292 0.4989783 -0.8551281 -0.01656571 0.516232 -0.8562885 -0.1463117 0.52941 -0.8356542 -0.2513898 0.4540081 -0.8547981 -0.3980707 0.4019882 -0.8245879 -0.3996605 0.2361305 -0.8857278 -0.4574017 0.1134653 -0.8819917 -0.5634789 -0.00790699 -0.8260926 -0.4058918 -0.107412 -0.9075872 -0.432455 -0.2745366 -0.8588436 -0.3324043 -0.3288511 -0.8839481 -0.2669529 -0.4751765 -0.8384172 -0.1316642 -0.5486467 -0.8256218 0.01113059 -0.5483998 -0.8361422 0.1470217 -0.5331348 -0.8331578 0.4102356 -0.6922133 -0.5937572 0.4920186 -0.490077 -0.7195431 0.5917724 -0.3365743 -0.7324774 0.671122 -0.1766285 -0.7199984 0.7657567 0.02842547 -0.6425019 0.6664621 0.1802008 -0.7234334 0.6566073 0.4065807 -0.6352629 0.5447286 0.5350002 -0.6457906 0.3698441 0.612071 -0.6989881 0.1722681 0.6707743 -0.7213776 -1.062169e-05 0.6895819 -0.7242077 -0.1796397 0.6501544 -0.7382607 -0.3396265 0.5496257 -0.7632597 -0.5675836 0.5317497 -0.6285627 -0.6332884 0.3296319 -0.7002061 -0.6557886 0.1623112 -0.7372899 -0.6791146 0.005056899 -0.7340148 -0.6517829 -0.1808145 -0.7365359 -0.5743463 -0.3167446 -0.7548504 -0.4219364 -0.4324981 -0.7968156 -0.3394257 -0.5874058 -0.7346731 -0.2092629 -0.7447403 -0.6336962 -0.01112398 -0.771023 -0.6367101 0.2107639 -0.7667065 -0.6064155 0.4364777 -0.7086575 -0.5543391 0.5768863 -0.5912438 -0.5635893 0.8067727 -0.4509205 -0.3818226 0.7984914 -0.200365 -0.5676843 0.860415 0.008931826 -0.5095157 0.8547153 0.2399233 -0.4603244 0.7230252 0.3999295 -0.5632858 0.5758495 0.605955 -0.5488314 0.4235896 0.8175043 -0.3902033 0.225969 0.9022439 -0.3672792 0.01792697 0.928667 -0.370481 -0.2218303 0.8244997 -0.5205686 -0.4661534 0.8176492 -0.3378621 -0.6559325 0.6549698 -0.3751893 -0.7343821 0.435405 -0.5206779 -0.8847081 0.2490862 -0.3940147 -0.8758456 -0.01043758 -0.4824785 -0.8205916 -0.2254775 -0.5251564 -0.7666532 -0.4584295 -0.4495389 -0.6512038 -0.6600323 -0.3745543 -0.4330248 -0.7134254 -0.5509208 -0.194167 -0.7997099 -0.5681226 0.01912689 -0.8296113 -0.5580137 0.2253707 -0.8201699 -0.5258606 0.4729206 -0.8277765 -0.3018809 0.6958415 -0.6788656 -0.234406 0.8620549 -0.4743227 -0.1785477 0.9402246 -0.2574754 -0.2228995 0.9661818 0.00244848 -0.2578504 0.9356437 0.2610218 -0.237568 0.8322529 0.4957282 -0.2482109 0.667527 0.66613 -0.3326838 0.4867968 0.7921099 -0.3682265 0.2329044 0.9481251 -0.2163663 -0.03829794 0.9591508 -0.2802909 -0.2573933 0.930318 -0.2612607 -0.4825194 0.8432143 -0.2369907 -0.6943262 0.6888556 -0.2083002 -0.8194173 0.4661482 -0.3335583 -0.962425 0.2358056 -0.1346619 -0.9998358 -0.01799414 -0.002146612 -0.9349392 -0.2468055 -0.2549034 -0.8637476 -0.5038952 -0.005456303 -0.696411 -0.7176432 0 -0.4751521 -0.8602902 -0.1847467 -0.2567681 -0.9393809 -0.2272305 -0.001159681 -0.9676343 -0.2523538 0.2558498 -0.9307177 -0.2613532 0.009468637 0.3065094 0.9518205 0.05158184 0.2323245 0.9712696 0.1358832 0.2427115 0.9605347 0.1961681 0.2022297 0.9594901 0.195216 0.1117984 0.9743674 0.2175314 0.06014822 0.9741983 0.2254913 0.005546812 0.9742294 0.2701209 -0.0778455 0.9596743 0.2306447 -0.1303927 0.9642618 0.1857005 -0.199214 0.9622001 0.1132731 -0.1847294 0.9762399 0.05952124 -0.2177072 0.9741975 -0.001854744 -0.2159178 0.9764098 -0.05840088 -0.2339968 0.9704817 -0.1405252 -0.2433546 0.9597037 -0.192773 -0.203433 0.9599238 -0.195303 -0.1111987 0.9744186 -0.2177983 -0.05919837 0.9741968 -0.2257303 -0.004996444 0.974177 -0.2724806 0.07528917 0.9592111 -0.2633393 0.1542063 0.9522987 -0.1474553 0.1441787 0.9785037 -0.1638 0.2618911 0.9510955 -0.09211955 0.3372798 0.9368865 -0.01740157 0.5168243 0.8559146 0.1434141 0.4938382 0.8576458 0.2237786 0.4086533 0.8848308 0.3939745 0.3935248 0.8306156 0.487571 0.2879761 0.8242235 0.5315078 0.1466221 0.834267 0.5152799 -0.009449934 0.8569698 0.5341366 -0.1423823 0.8333219 0.4712113 -0.2680044 0.8403176 0.3795621 -0.3518494 0.8556486 0.2686231 -0.4774959 0.836564 0.1457113 -0.5317536 0.8342699 0.01159971 -0.5469771 0.8370672 -0.1310809 -0.5444659 0.8284773 -0.2670446 -0.4666511 0.8431631 -0.3311148 -0.3313728 0.8834902 -0.4384667 -0.2705072 0.8570722 -0.4029297 -0.113424 0.9081755 -0.5612847 0.00293094 0.8276176 -0.4521598 0.1097877 0.8851543 -0.4046914 0.2378323 0.882984 -0.3893363 0.4053276 0.8271196 -0.2496865 0.449596 0.8576247 -0.1444779 0.5284104 0.8366054 -0.0008423752 0.6853806 0.7281845 0.1734075 0.6704774 0.7213806 0.3675836 0.6124334 0.6998626 0.5431621 0.5287267 0.6522447 0.6538122 0.399734 0.6424503 0.6635892 0.1868958 0.7243752 0.7677711 0.02062132 0.6403923 0.6691611 -0.1741657 0.7224194 0.590339 -0.3357591 0.7340066 0.4936968 -0.4853783 0.7215756 0.404949 -0.6933595 0.5960444 0.2094556 -0.7652317 0.6087272 -0.01050324 -0.7693814 0.6387034 -0.2150914 -0.7447424 0.6317393 -0.3414525 -0.5884858 0.7328674 -0.4165492 -0.4339792 0.7988422 -0.5804934 -0.3145265 0.7510662 -0.6508761 -0.1756897 0.7385752 -0.6823668 0.01258099 0.7309017 -0.6620267 0.167963 0.730417 -0.628671 0.3274567 0.7053686 -0.5518321 0.5346275 0.6400427 -0.3456463 0.5479793 0.7617397 -0.178521 0.6494148 0.7391824 0.02200397 0.9318622 0.3621444 0.2277719 0.9007971 0.3697087 0.4256013 0.8088868 0.4056669 0.5716922 0.6085066 0.5503524 0.7309601 0.4031726 0.5505899 0.8564099 0.2335326 0.4604612 0.8568568 0.005770365 0.5155221 0.8030475 -0.1936023 0.5635893 0.7999513 -0.4629141 0.3818226 0.5771151 -0.5849108 0.5699276 0.4353252 -0.7063618 0.5581621 0.2236415 -0.8213632 0.5247351 0.02039955 -0.8301944 0.5571006 -0.193251 -0.8002942 0.5676118 -0.429984 -0.7199174 0.5448235 -0.6610404 -0.6541922 0.3675025 -0.7643396 -0.4574711 0.4544283 -0.8217103 -0.2230023 0.5244637 -0.8784527 -0.0121756 0.4776741 -0.8759469 0.26092 0.4057559 -0.7412402 0.4341718 0.5119158 -0.653567 0.6629326 0.3651994 -0.4585379 0.8192305 0.3443899 -0.2326883 0.8207901 0.5216894 -0.0378732 0.9546079 0.2954478 0.2419924 0.9466858 0.2126631 0.4877395 0.7989233 0.3518973 0.6675028 0.6684802 0.3279852 0.8318448 0.4902805 0.2601137 0.9366787 0.257935 0.2368595 0.9686128 0.001402859 0.2485706 0.9381321 -0.2559441 0.2332398 0.8600418 -0.4765384 0.1823164 0.6975306 -0.6807048 0.2238125 0.4760332 -0.8259587 0.301968 0.2547257 -0.9308369 0.2620256 -0.001159681 -0.9676343 0.2523538 -0.2550389 -0.9395272 0.2285691 -0.4720799 -0.8611538 0.1885595 -0.7011403 -0.7130097 0.004412022 -0.867854 -0.4968193 0 -0.9307312 -0.2620539 0.2550827 -0.9999641 -0.006327506 0.005643121 -0.9631095 0.2364177 0.1285564 -0.8219199 0.4566278 0.3404979 -0.6877314 0.6926111 0.217521 -0.4829658 0.8462329 0.2250197 -0.2554342 0.9310464 0.2605877 -0.6287153 0.1068369 0.7702616 -0.2265441 -0.06227587 0.972008 -0.2273427 0.2362786 0.9447157 -0.2994176 -0.0401661 0.9532763 -0.08284682 0.301376 0.9498994 -0.3182112 0.1842285 0.929947 -0.2265441 -0.06227587 0.972008 -0.5481453 -0.1506825 0.8226977 -0.7686583 -0.2113005 0.6037521 -0.2432822 -0.139657 0.9598488 -0.5204869 0.2709923 0.8097262 -0.4041512 0.1559688 0.9012966 -0.2910277 0.4690434 0.8338472 -0.1881386 0.544026 0.8177038 -0.4734174 -0.3033525 0.8269542 -0.7686583 -0.2113005 0.6037521 -0.8216185 -0.225859 0.523384 -0.7659966 -0.04215208 0.6414611 -0.7569719 -0.04225851 0.6520796 -0.6932289 0.5328938 0.48524 -0.4103514 0.7136765 0.567695 -0.3237001 0.6094251 0.7237536 -0.8216185 -0.225859 0.523384 -0.8489652 0.1239139 0.5137153 -0.8062451 0.3625157 0.4674946 -0.7573501 0.5096045 0.4083187 -0.6815938 0.4398914 0.584744 -0.4845818 0.6402602 0.5960263 -0.9322317 -0.256266 0.2554833 -0.9322317 -0.256266 0.2554833 -0.9642042 -0.02007375 0.2644 -0.8868053 0.3340329 0.3193718 -0.8199317 0.4663414 0.3320207 -0.7591148 0.5785112 0.2984454 -0.4594533 0.8545589 0.24214 -0.9642312 -0.2650625 0 -0.9642312 -0.2650625 0 -0.9993857 -0.03496678 -0.002336602 -0.9377196 0.3473853 -0.002317406 -0.869242 0.4943869 0 -0.7796789 0.6261759 0.002133411 -0.4783075 0.8781897 0.002175516 -0.9642312 -0.2650625 0 -0.9642312 -0.2650625 0 -0.9642312 -0.2650625 0 -0.9642312 -0.2650625 0 -0.9642312 -0.2650625 0 -0.9982264 -0.05953155 -0.0001051403 -0.869242 0.4943869 0 -0.869242 0.4943869 0 -0.869242 0.4943869 0 -0.869242 0.4943869 0 -0.869242 0.4943869 0 -0.2650625 0.9642312 0 -0.2650625 0.9642312 0 -0.4871266 0.8733313 0.0001287001 -0.869242 0.4943869 0 -0.9070134 -0.2503062 -0.3386348 -0.9642312 -0.2650625 0 -0.2502314 0.9339421 0.2552185 -0.256266 0.9322317 0.2554833 -0.220531 0.8231096 0.5233131 -0.225859 0.8216185 0.523384 -0.2059974 0.7688644 0.6053202 -0.2109572 0.7674094 0.6054584 -0.1468444 0.5480925 0.8234266 -0.150215 0.5464447 0.8239136 -0.06073985 0.2271655 0.9719601 -0.06227587 0.2265441 0.972008 -0.06584897 0.2395421 0.9686504 -0.150215 0.5464447 0.8239136 -0.2109572 0.7674094 0.6054584 -0.225859 0.8216185 0.523384 -0.256266 0.9322317 0.2554833 -0.256266 0.9322317 -0.2554833 -0.2502314 0.9339421 -0.2552185 -0.225859 0.8216185 -0.523384 -0.220531 0.8231096 -0.5233131 -0.2113005 0.7686583 -0.6037521 -0.2063316 0.7701118 -0.6036183 -0.1506825 0.5481453 -0.8226977 -0.1473018 0.5497997 -0.8222058 -0.0616411 0.2242349 -0.9725837 -0.06012829 0.2248693 -0.9725319 -0.2545941 0.2226292 0.9410728 -0.446012 0.2577846 0.8571 -0.3468347 0.1220973 0.9299451 -0.4158249 0.5853789 0.6960038 -0.5454934 0.3190864 0.7749973 -0.4409392 0.2663555 0.857104 -0.5913232 0.7402664 0.3199101 -0.6194918 0.3739386 0.6902173 -0.545604 0.3155008 0.7763862 -0.7335282 0.6641787 0.1442324 -0.8176654 0.5531881 0.1593934 -0.8158471 0.4751705 0.329555 -0.7788258 0.6272403 0 -0.765713 0.6050179 0.2182587 -0.1164355 0.225099 0.9673537 -0.3009229 0.4521211 0.8396618 -0.2109572 0.7674094 0.6054584 -0.2776264 0.8234587 0.4948125 -0.6011312 0.7418782 0.2970825 -0.6138812 0.7893985 0 -0.2468262 0.02409549 0.9687602 -0.1985968 0.7174221 -0.6677311 -0.1987888 0.7181149 -0.6669288 -0.06012911 0.2242154 -0.9726829 -0.2141178 0.7738758 -0.5960452 -0.2071157 0.7696239 -0.6039719 -0.2538845 0.9176406 -0.3057424 -0.1472361 0.5481698 -0.8233052 -0.2327966 0.8418544 -0.4869158 -0.2085998 0.7544065 -0.62238 -0.2094356 0.7530421 -0.6237502 -0.2512521 0.9026884 -0.3493223 -0.263009 0.9448681 -0.1950654 -0.2385164 0.862141 -0.4470154 -0.2214273 0.8228371 -0.5233632 -0.2508637 0.9066691 -0.3391439 -0.2192509 0.7928779 -0.5685717 -0.2672511 0.9636266 0.0007195333 -0.2506037 0.933766 -0.2554973 -0.2668185 0.963746 0.00127114 -0.2665179 0.9638298 0.0005938584 -0.869242 0.4943869 0 -0.869242 0.4943869 0 -0.869242 0.4943869 0 -0.2650625 0.9642312 0 -0.2650625 0.9642312 0 -0.4795057 0.8775388 -6.10894e-05 -0.7788258 0.6272403 0 -0.869242 0.4943869 0 -0.8613811 0.5077887 -0.013159 -0.4888216 0.8723716 -0.004598813 -0.999336 -0.0364369 0 -0.8756184 0.4827941 0.01422098 -0.9372103 0.3487646 6.98442e-05 -0.9983091 -0.05796759 0.004321329 -0.9642312 -0.2650625 0 -0.9585766 0.2848348 0 -0.869242 0.4943869 0 -0.9642312 -0.2650625 0 -0.9642312 -0.2650625 0 -0.9642312 -0.2650625 0 -0.9642312 -0.2650625 0 -0.9642312 -0.2650625 0 -0.9642312 -0.2650625 0 -0.0616411 0.2242349 -0.9725837 -0.1506825 0.5481453 -0.8226977 -0.2113005 0.7686583 -0.6037521 -0.225859 0.8216185 -0.523384 -0.256266 0.9322317 -0.2554833 -0.6138812 0.7893985 0 -0.7788258 0.6272403 0 -0.6690088 0.4052003 0.6230891 -0.4003116 0.2425186 0.8837055 -0.1912364 0.1158397 0.9746845 -0.7561174 0.4561851 0.4692352 -0.6835417 0.4115235 0.6028426 -0.8242061 0.4961608 0.272963 -0.8567422 0.5157448 0 -0.8567422 0.5157448 0 -0.7659209 0.6052908 -0.2167679 -0.8042207 0.5928519 -0.0419018 -0.8182834 0.5525191 -0.1585399 -0.6389276 0.6517002 -0.4087278 -0.8161965 0.4748695 -0.3291236 -0.490357 0.2807317 -0.8250696 -0.5476094 0.3200117 -0.7731212 -0.37324 0.5625788 -0.7376971 -0.556374 0.3390624 -0.7586071 -0.6124943 0.3823163 -0.6918706 -0.2443067 0.02470093 -0.9693834 -0.260867 0.1127206 -0.9587714 -0.3461412 0.1179065 -0.930744 -0.4403461 0.2661141 -0.8574839 -0.5541233 0.8119405 -0.1835757 -0.225859 0.8216185 -0.523384 -0.2498111 0.7175196 -0.6502 -0.4132007 0.4857595 -0.7702616 -0.0616411 0.2242349 -0.9725837 -0.7025124 0.08228172 -0.7068989 -0.3256233 -0.03453631 -0.9448686 -0.1185291 0.277876 -0.9532763 -0.3209992 0.1793265 -0.929947 -0.2529864 -0.01498786 -0.9673537 -0.2395421 -0.06584897 -0.9686504 -0.2447377 -0.06727721 -0.9672524 -0.4842732 -0.412218 -0.7717226 -0.7162924 -0.2493896 -0.6517132 -0.8216185 -0.225859 -0.523384 -0.9322317 -0.256266 -0.2554833 -0.9322317 -0.256266 -0.2554833 -0.969335 -0.04192638 -0.24214 -0.8852524 0.3567332 -0.2984454 -0.8199317 0.4663414 -0.3320207 -0.740398 0.5914494 -0.3193718 -0.4756126 0.8389787 -0.2644 -0.8216185 -0.225859 -0.523384 -0.7979935 0.08921273 -0.5960263 -0.7264851 0.3609625 -0.584744 -0.8251262 0.390439 -0.4083187 -0.7236991 0.5076498 -0.4674946 -0.5404617 0.6663316 -0.5137153 -0.7674094 -0.2109572 -0.6054584 -0.7883948 -0.03781523 -0.6140062 -0.8374932 0.03229899 -0.5454924 -0.7873985 0.3223426 -0.5254511 -0.3726764 0.5740972 -0.7290575 -0.2891184 0.6248121 -0.7252726 -0.5464447 -0.150215 -0.8239136 -0.5711605 0.04376891 -0.8196706 -0.4878771 0.16866 -0.8564635 -0.3388201 0.3077945 -0.8890801 -0.3209741 0.3545213 -0.8782313 -0.1716092 0.4551026 -0.8737459 -0.8567422 0.5157448 0 -0.755892 0.4550762 -0.4706728 -0.6853016 0.4125404 -0.6001435 -0.8246105 0.4964042 -0.271294 -0.8567422 0.5157448 0 -0.6689806 0.4033033 -0.6243488 -0.4003539 0.2423666 -0.883728 -0.1910807 0.1153459 -0.9747736 -0.3157805 0.4259475 -0.847851 -0.2650625 0.9642312 0 -0.2650625 0.9642312 0 -0.4791222 0.8392066 -0.2572436 -0.2800557 0.9133566 -0.295548 0.1181807 0.8966258 -0.4267265 -0.3079605 0.9184846 -0.2480853 -0.7981385 0.4984666 -0.3383873 -0.750204 0.4266129 -0.5051687 0.2932019 0.6741087 -0.6779455 -0.2482441 0.902953 0.3507858 -0.2084703 0.7544037 0.6224268 -0.1466648 0.5467737 0.8243348 -0.231863 0.8406134 0.4894984 -0.2526453 0.9172663 0.3078844 -0.206274 0.7684329 0.6057738 -0.261701 0.9444896 0.1986253 -0.2670903 0.963671 -0.0009726995 -0.2507521 0.9337503 0.2554091 -0.2671751 0.9636468 -0.001523994 -0.2213837 0.8227438 0.5235283 -0.2195414 0.7936975 0.5673146 -0.2500283 0.9065735 0.3400154 -0.2384614 0.8626953 0.4459741 -0.2083 0.753774 0.6232462 -0.06088511 0.2264055 0.9721284 -0.1964622 0.7188311 0.6668467 -0.1962359 0.7179948 0.6678135 -0.2121004 0.7746594 0.5957485 0.9830344 -0.1775005 -0.04622643 0.895623 -0.4402093 -0.0638377 0.869242 -0.4943869 0 0.869242 -0.4943869 0 0.7778487 -0.627636 -0.03200702 0.869242 -0.4943869 0 0.9809742 -0.1941382 0 0.4307842 -0.8958306 -0.1091445 0.6568769 -0.749098 -0.08581912 0.7816762 -0.6228214 -0.03280044 0.4583977 -0.8800123 -0.1242977 0.8959221 -0.4418764 -0.04548444 0.3920059 -0.9119029 -0.1215091 0.4235895 -0.8892417 -0.1726882 0.7577296 -0.6523487 -0.01694147 0.9809742 -0.1941382 0 0.4656685 -0.884687 -0.02194975 0.6232685 -0.7816141 -0.02481425 0.7755593 -0.6304173 -0.03289167 0.8690058 -0.4940014 -0.02813287 0.9579394 -0.1853632 -0.2190722 0.9434553 -0.2535756 -0.2135219 0.6433426 -0.489296 -0.588812 0.6793593 -0.553067 -0.4822736 0.6107302 -0.4778526 -0.6313997 0.7106277 -0.5847078 -0.391312 0.7579935 -0.5931412 -0.2713472 0.5877107 -0.4903108 -0.6435771 0.8555743 -0.1331292 -0.5002692 0.9902744 -0.138811 -0.009387688 0.2883177 -0.05624442 -0.9558815 0.6677219 -0.0854269 -0.7394928 0.7482033 -0.1127885 -0.6538124 0.8958191 -0.1342913 -0.4236437 0.9891822 -0.1466921 0 0.5022291 -0.09189508 -0.8598379 0.9891822 -0.1466921 0 0.9069987 -0.1401444 -0.3971309 0.9334687 -0.1408527 -0.3298434 0.637807 -0.1298546 -0.7591706 0.8354554 -0.1257141 -0.5349861 0.9892339 -0.1451906 -0.01833095 0.9894001 -0.145215 0 0.9171237 -0.1740304 -0.358605 0.9084547 -0.1373748 -0.3947635 0.9745354 -0.1501615 -0.16653 0.9888467 -0.1444955 -0.03609965 0.7317208 -0.6347147 -0.2484389 0.7777901 -0.6285241 0 0.869242 -0.4943869 0 0.8093295 -0.5873548 0 0.7290415 -0.5740469 -0.3727851 0.7301732 -0.5993733 -0.3280225 0.5470101 -0.4718319 -0.6914872 0.1858565 -0.1731465 -0.9672009 0.633927 -0.5072515 -0.5838086 0.5287647 -0.3903459 -0.753683 0.7905888 -0.6123475 0 0.8113333 -0.5840954 -0.02389262 0.05031323 -0.05411245 -0.9972665 0.2287573 -0.1659835 -0.9592286 0.5022262 -0.3535728 -0.7891483 0.5446475 -0.403169 -0.7354005 0.8348601 -0.5504446 -0.004395582 0.8708322 -0.4525319 -0.1920057 0.9091227 -0.3595984 -0.2102021 0.797167 -0.2231089 -0.5610233 0.7763005 -0.2936864 -0.5577686 0.7457773 -0.3792134 -0.5477348 0.7775142 -0.5070408 -0.3719963 0.6670965 -0.1883542 -0.7207669 0.6405453 -0.2468848 -0.7271518 0.6059093 -0.3139281 -0.7309741 0.5710291 -0.3772162 -0.7291321 0.4638649 -0.1335958 -0.8757748 0.447879 -0.1760072 -0.876599 0.485578 -0.250109 -0.8376512 0.4014732 -0.2663799 -0.8762768 0.2322351 -0.06470555 -0.9705051 0.2239138 -0.08607738 -0.9708003 0.2541642 -0.1298411 -0.9584059 0.1770346 -0.1213014 -0.9767009 0.869242 -0.4943869 0 0.7289247 -0.6845939 0 0.7897682 -0.6130155 0.02186773 0.4235895 -0.8892417 0.1726882 0.7822321 -0.6221328 0.03261554 0.3915918 -0.9120713 0.1215803 0.6391265 -0.7653744 0.07562631 0.8955452 -0.4426239 0.04563856 0.4875625 -0.8635926 0.128416 0.7577837 -0.652279 0.01720275 0.7554046 -0.6552586 0 0.4316141 -0.8954494 0.1089936 0.8839806 -0.4631185 0.0640281 0.9809742 -0.1941382 0 0.9016963 -0.43237 0 0.869242 -0.4943869 0 0.8607318 -0.5081017 0.03120008 0.7888237 -0.614246 0.02142602 0.6000948 -0.7991676 0.03488977 0.4949222 -0.8685874 0.02465697 -0.4888791 -0.8723515 -0.000199281 -0.4943691 -0.8692207 -0.007384413 -0.5212384 -0.8534111 0 -0.1739545 -0.9847537 -0.0001275775 -0.4923217 -0.8704055 -0.003688315 0.2650625 -0.9642312 0 -0.348766 -0.9372098 0 -0.1941382 -0.9809742 0 0 0 0 0 0 0 -0.4943869 -0.869242 0 -0.1717014 -0.985149 0 -0.1941382 -0.9809742 0 0.0364369 -0.999336 0 0.2650625 -0.9642312 0 0.5571657 -0.8125935 -0.1710505 0.869242 -0.4943869 0 0.2650625 -0.9642312 0 0.2650625 -0.9642312 0 0.2650625 -0.9642312 0 0.3241297 -0.9440185 -0.06139255 -0.2651801 0.9641989 0 -0.2650625 0.9642312 0 -0.869242 0.4943869 0 -0.3033916 -0.08340091 -0.949209 0.136364 -0.496058 -0.8575146 0.03322162 -0.3179032 -0.947541 0.0908831 -0.33061 -0.9393813 0.07769214 -0.2826246 -0.9560791 0.08200552 -0.2983156 -0.9509379 0.2275171 -0.4680561 -0.8539084 0.3513941 -0.5758694 -0.7381711 0.4199764 -0.7162484 -0.5573222 0.4420074 -0.8229628 -0.3568777 0.4383397 -0.8732499 -0.2128214 0.04192638 -0.969335 -0.24214 -0.3567332 -0.8852524 -0.2984454 -0.4047212 -0.9086468 -0.1027704 -0.6218019 -0.7732205 -0.1244692 0.266263 -0.7732048 -0.5755505 -0.06199353 -0.8412853 -0.537025 -0.1966235 -0.8358544 -0.5125296 -0.2354846 -0.9008239 -0.3647784 -0.7500841 -0.4772758 -0.4578008 0.4669036 -0.5704857 -0.6756827 -0.1241042 -0.7075089 -0.6957221 0.003039493 -0.7390248 -0.6736714 -0.1174502 -0.6838612 -0.7200967 -0.5514425 -0.511525 -0.658979 0.1119175 -0.4071279 -0.9064885 0.0870622 -0.4329282 -0.8972142 0.01603257 -0.5221836 -0.8526824 -0.01723492 -0.4981566 -0.8669158 -0.2756482 -0.4676908 -0.8398115 0.9091229 -0.3595979 0.2102021 0.8293523 -0.558724 0.00149675 0.9891822 -0.1466921 0 0.5011646 -0.09232364 0.8604129 0.7481716 -0.1126963 0.6538645 0.2888819 -0.05741407 0.9556416 0.8555948 -0.1330655 0.5002511 0.6720847 -0.104315 0.7330897 0.8256496 -0.1466617 0.5447871 0.05978367 -0.05517268 0.9966855 0.2255991 -0.1724732 0.9588316 0.5080033 -0.3573741 0.7837196 0.7905888 -0.6123475 0 0.6320108 -0.506583 0.5864605 0.5285913 -0.3961368 0.7507775 0.195544 -0.1645252 0.9667957 0.5406654 -0.3650684 0.7578958 0.6114898 -0.4741825 0.6334281 0.6087755 -0.5145002 0.603889 0.7905888 -0.6123475 0 0.5919402 -0.4769469 0.6497141 0.6668333 -0.6180906 0.41629 0.6452447 -0.6252354 0.4390217 0.7352785 -0.5940416 0.326313 0.7321488 -0.6348594 0.246803 0.5494732 -0.473636 0.6882936 0.727687 -0.5731782 0.3767471 0.7735517 -0.6328073 0.03424615 0.7224762 -0.6536741 0.2252517 0.7777162 -0.6286155 0 0.869242 -0.4943869 0 0.9879551 -0.1496033 0.03954311 0.9586658 -0.1861563 0.2151875 0.9745313 -0.1501838 0.1665337 0.9084871 -0.1374339 0.3946684 0.9158132 -0.1770387 0.3604768 0.9894001 -0.145215 0 0.9892326 -0.1451929 0.01838185 0.6358783 -0.128635 0.760994 0.9342212 -0.1406155 0.327808 0.9080799 -0.1398808 0.3947458 0.9891822 -0.1466921 0 0.8952025 -0.1342044 0.4249725 0.8342039 -0.1255353 0.5369773 0.7707666 -0.5152573 0.3747383 0.5700367 -0.3739474 0.7315883 0.4033786 -0.2626349 0.8765321 0.1809182 -0.1222243 0.9758739 0.8718437 -0.4493819 0.1947936 0.7471294 -0.3777091 0.5469311 0.6044888 -0.3131927 0.7324641 0.4826243 -0.2517945 0.8388524 0.255524 -0.1329145 0.9576227 0.7763005 -0.2936864 0.5577686 0.639067 -0.2463165 0.7286437 0.4459362 -0.1740422 0.8779808 0.2279148 -0.0872089 0.9697677 0.9438742 -0.2544285 0.2106364 0.7966303 -0.2199111 0.5630447 0.6648184 -0.1887226 0.7227726 0.4629182 -0.1331351 0.8763457 0.2346651 -0.06510592 0.9698936 -0.5317271 -0.8458386 0.04269988 0.2650625 -0.9642312 0 0.2650625 -0.9642312 0 0.6366037 -0.7566237 0.1491859 0.869242 -0.4943869 0 0.869242 -0.4943869 0 0.2650625 -0.9642312 0 0.0364369 -0.999336 0 0.2650625 -0.9642312 0 0.2650625 -0.9642312 0 0.2650625 -0.9642312 0 0.2650625 -0.9642312 0 0 0 0 0 0 0 -0.348766 -0.9372098 0 -0.1941382 -0.9809742 0 -0.1941382 -0.9809742 0 -0.4945422 -0.8690254 0.01492926 -0.5170324 -0.8558329 0.01508363 -0.494386 -0.8692425 7.069122e-05 -0.1735419 -0.9847852 0.009021992 0.2650625 -0.9642312 0 -0.1723432 -0.985037 0 -0.4943869 -0.869242 0 0.1123678 -0.4087658 0.9056953 0.0908831 -0.33061 0.9393813 0.07769214 -0.2826246 0.9560791 -0.2599871 -0.1385347 0.9556228 0.00962084 -0.3250884 0.9456347 0.07552571 -0.2747437 0.9585467 0.2048767 -0.4071017 0.8901088 0.3726803 -0.5642535 0.7367004 0.08340091 -0.3033916 0.949209 -0.08909207 -0.4704778 0.8779028 -0.01328407 -0.5146869 0.8572753 -0.3375106 -0.3589114 0.8702122 0.1309329 -0.4763012 0.869479 0.4048979 -0.5648804 0.7190047 0.4081368 -0.8144726 0.4123819 -0.1097336 -0.7300461 0.6745304 -0.1086787 -0.680286 0.7248448 -0.03188701 -0.6754671 0.7367004 -0.5951233 -0.4471543 0.6677435 0.2921736 -0.8311634 0.4730771 -0.1194813 -0.8642785 0.4886174 -0.1265216 -0.8472433 0.5159177 -0.3458978 -0.8534387 0.3898681 -0.8473942 -0.4371345 0.3013909 0.4670582 -0.8611988 0.2004826 0.3952705 -0.8683284 0.2996114 0.02007375 -0.9642042 0.2644 -0.2595227 -0.9406197 0.2188208 -0.5331013 -0.8449349 0.04345189 -0.6200949 -0.7627316 0.1836377 -0.04153572 0.1085879 -0.9932187 -0.0101814 0.0253701 -0.9996263 0.04391773 0.0620434 -0.9971067 0.1190436 -0.175617 -0.9772345 0.03627326 -0.0969896 -0.9946242 0.2959335 -0.7411823 -0.6025547 0.3018542 -0.7606172 -0.5747569 -0.03452349 0.2885661 -0.9568374 -0.117503 0.5088715 -0.8527853 -0.1987913 0.5204147 -0.830452 -0.154753 0.4030647 -0.9019924 -0.1119356 0.2908037 -0.9502124 -0.07371147 0.1902002 -0.9789742 -0.2555751 0.8322663 -0.4919493 -0.2713256 0.7135261 -0.6459589 -0.205583 0.712978 -0.6703715 -0.3337085 0.8564151 -0.3939439 -0.272566 0.707432 -0.6521102 -0.3439648 0.9082252 -0.2383594 -0.3395859 0.8966446 -0.2840947 -0.2957195 0.9168895 -0.2680741 -0.328724 0.8651493 -0.3787575 -0.3016864 0.7911567 -0.5320304 -0.3525102 0.9307694 -0.0969785 0.1435268 -0.1844269 -0.97231 0.005828546 -0.2097287 -0.9777422 0.03103986 0.06839277 -0.9971755 -0.3107867 0.5924718 -0.7432286 -0.07085247 0.297795 -0.9519969 -0.1261091 0.5264005 -0.8408323 -0.2409542 0.4168753 -0.8764451 -0.1611555 0.3109506 -0.9366636 -0.103999 0.1801459 -0.9781266 -0.3470212 0.6891243 -0.6361477 -0.1908192 0.6872365 -0.7009237 -0.2591686 0.8339016 -0.487278 -0.2523732 0.7638913 -0.593951 -0.357828 0.6792011 -0.6408159 -0.3166574 0.6024314 -0.7326695 -0.3021048 0.5080886 -0.8065846 -0.2965667 0.9290361 -0.2212244 -0.3036089 0.9222562 -0.2393015 -0.3424074 0.870343 -0.3539212 -0.2943992 0.8544301 -0.4281102 0.139163 -0.1528516 -0.9784018 0.005812619 -0.2095569 -0.9777792 0.04272309 0.06166265 -0.9971823 -0.3432314 0.5688639 -0.7473862 -0.04216774 0.3081603 -0.9503994 -0.1372119 0.5197424 -0.8432323 -0.241175 0.416815 -0.8764131 -0.1612872 0.3109242 -0.9366496 -0.1017631 0.1783103 -0.978698 -0.3803697 0.6752961 -0.6318973 -0.1928872 0.6858436 -0.7017215 -0.2563795 0.8354944 -0.4860234 -0.252725 0.7637525 -0.59398 -0.3581632 0.679053 -0.6407856 -0.3169913 0.6022942 -0.7326378 -0.3023707 0.50799 -0.806547 -0.2948883 0.9162871 -0.271033 -0.3040686 0.9221094 -0.2392835 -0.3428033 0.8702029 -0.3538824 -0.2947373 0.8543236 -0.4280901 -0.4472579 0.8389823 -0.3099502 -0.2659146 0.8647252 -0.4260748 -0.19599 0.7022594 -0.6844119 -0.293223 0.9164393 -0.272322 -0.4587299 0.8778562 -0.1376058 -0.3667449 0.8901231 -0.2705163 -0.02418594 0.3280032 -0.9443669 -0.3859719 0.7443309 -0.5449745 -0.1246736 0.5215287 -0.844076 -0.4300665 0.7889064 -0.4389414 -0.3403514 0.6400094 -0.6888751 -0.05886493 0.04112051 -0.9974187 -0.1275008 0.2445599 -0.9612148 0.04868918 0.05568266 -0.9972607 0.1298111 -0.1837985 -0.9743547 0.03372428 -0.2324622 -0.9720206 -0.366721 0.8902385 -0.2701686 -0.3041885 0.9418802 -0.1425869 -0.4586197 0.8778565 -0.1379705 -0.2799448 0.8252275 -0.490541 -0.4390625 0.8471583 -0.2992441 -0.2580762 0.6637686 -0.7020028 -0.313683 0.6525783 -0.6897423 -0.4192624 0.7895472 -0.4481453 -0.130835 0.5621147 -0.8166451 -0.386007 0.744178 -0.5451584 -0.03895483 0.2864825 -0.9572932 -0.1266282 0.2545995 -0.9587202 -0.08143024 0.03695298 -0.9959938 0.02039723 0.08060523 -0.9965374 0.1251521 -0.1548405 -0.9799803 0.03801549 -0.2351122 -0.9712245 -0.3226694 0.8489081 -0.4186161 -0.280027 0.7398764 -0.6116925 -0.2366283 0.812781 -0.5323477 -0.3474362 0.9144374 -0.2075866 -0.2966317 0.9169541 -0.2668425 -0.3562979 0.9343724 0 -0.3518101 0.9256552 -0.1392555 -0.1936693 0.5113617 -0.8372582 -0.2108965 0.5570847 -0.8032305 -0.1958653 0.702278 -0.6844285 -0.2267755 0.6014382 -0.7660581 -0.3249815 0.857898 -0.3979925 -0.121179 0.5219677 -0.8443136 -0.05057367 0.3150932 -0.9477123 -0.1203603 0.317673 -0.9405303 0.05659373 0.05054924 -0.9971168 -0.03091238 0.08155537 -0.9961893 0.1267909 -0.1746523 -0.9764326 0.05238284 -0.1380127 -0.9890443 -0.8967267 -0.4308667 -0.101169 -0.7572716 -0.5251215 -0.3883131 -0.5958499 -0.5223067 -0.610048 -0.100309 -0.5048853 -0.8573383 -0.0002319043 -0.4126587 -0.9108857 -0.1238485 -0.4605184 -0.8789678 -0.44281 -0.5624771 -0.6982398 -0.8913652 -0.4238098 -0.1607894 -0.8015205 -0.5058379 -0.3188932 -0.8667046 -0.4593313 -0.1945197 -0.2477048 -0.489597 -0.8360246 -0.294195 -0.4969586 -0.8163831 -0.3845479 -0.5572199 -0.7359544 -0.526091 -0.5201551 -0.6728053 0.6365727 -0.136877 -0.7589729 -0.5160063 -0.5340532 -0.6697199 -0.5489392 -0.5632457 -0.6175922 -0.5794089 -0.5457656 -0.6053307 -0.6841279 -0.543891 -0.4859543 -0.7308859 -0.5332904 -0.4259192 -0.7303488 -0.5265611 -0.4351138 -0.5556272 0.8027844 -0.2163691 -0.5720015 0.819312 -0.03927056 -0.7402153 0.6487902 -0.1765008 -0.6617461 0.749728 0 -0.8300065 0.5431114 -0.1269617 -0.8640591 0.5032118 -0.01340816 -0.9601012 0.2555397 -0.1136007 -0.9832268 0.1806318 -0.02524382 -0.9936805 0.03132457 -0.107786 -0.9984427 0.05308275 -0.01716045 -0.9888186 -0.1315131 -0.07030001 -0.9936305 -0.1124138 -0.007840152 -0.9796709 -0.1604346 -0.1204392 -0.963807 0.1284561 -0.2336133 -0.9097537 0.3018294 -0.2850391 -0.8397769 0.4103398 -0.3555221 -0.7185027 0.5725627 -0.3948745 -0.5198241 0.7242569 -0.4530285 -0.9656665 -0.2117472 -0.1505037 -0.9563334 -0.1081812 -0.2715204 -0.8753439 0.1851889 -0.4466297 -0.8084305 0.2975661 -0.5078332 -0.6433124 0.4812951 -0.5954025 -0.5061867 0.6066054 -0.6130293 -0.9460174 -0.278075 -0.1665095 -0.9054615 -0.0569991 -0.4205835 -0.8363314 0.0681668 -0.5439698 -0.7404913 0.162071 -0.6522313 -0.5595257 0.319623 -0.7647039 -0.4320723 0.4054225 -0.805572 -0.9298867 -0.3259739 -0.1704457 -0.8679616 -0.205585 -0.4520812 -0.783244 -0.116987 -0.6106087 -0.713498 -0.07313479 -0.6968299 -0.5312137 0.04885996 -0.8458278 -0.2647524 0.2107472 -0.9410057 -0.9094754 -0.3852332 -0.1563643 -0.8355245 -0.31852 -0.4477095 -0.7298588 -0.2744115 -0.6261026 -0.6204963 -0.2024539 -0.7576258 -0.4045185 -0.1103902 -0.9078429 -0.2442441 -0.0282038 -0.9693035 -0.8767799 -0.3913285 -0.2794979 -0.8145413 -0.4011068 -0.4190894 -0.675091 -0.4052609 -0.6164541 -0.5427117 -0.377478 -0.7503162 -0.3306499 -0.3292858 -0.8844442 -0.1590376 -0.2722307 -0.9489982 -0.5556272 0.8027844 -0.2163691 -0.5720015 0.819312 -0.03927056 -0.7402153 0.6487902 -0.1765008 -0.7202408 0.6936444 -0.01051887 -0.8355982 0.5264342 -0.1569797 -0.8711031 0.4897387 -0.03654307 -0.9554803 0.2647068 -0.1303371 -0.9613293 0.2737424 -0.03018536 -0.9959288 0.02317252 -0.08711434 -0.9984427 0.05308275 -0.01716045 -0.9917324 -0.1243544 -0.03166871 -0.9936305 -0.1124138 -0.007840152 -0.9594841 -0.2764975 -0.05421701 -0.9811065 -0.01119955 -0.1931439 -0.9097537 0.3018294 -0.2850391 -0.8397769 0.4103398 -0.3555221 -0.7185027 0.5725627 -0.3948745 -0.5198241 0.7242569 -0.4530285 -0.9356416 -0.3407383 -0.09204461 -0.9563334 -0.1081812 -0.2715204 -0.8753439 0.1851889 -0.4466297 -0.8084305 0.2975661 -0.5078332 -0.6433124 0.4812951 -0.5954025 -0.5061867 0.6066054 -0.6130293 -0.9460174 -0.278075 -0.1665095 -0.9054615 -0.0569991 -0.4205835 -0.8363314 0.0681668 -0.5439698 -0.7404913 0.162071 -0.6522313 -0.5588929 0.3317209 -0.76 -0.4394066 0.4083781 -0.8000933 -0.9362778 -0.3039256 -0.1761053 -0.8812478 -0.1720233 -0.4402389 -0.7943107 -0.1079525 -0.5978434 -0.6687818 -0.006861784 -0.7434271 -0.503468 0.09583961 -0.858682 -0.2969203 0.1882772 -0.9361571 -0.8989641 -0.3277676 -0.2905718 -0.8700553 -0.3455334 -0.3515828 -0.7477466 -0.2968892 -0.5939123 -0.5922685 -0.1883182 -0.7834247 -0.4644533 -0.1727821 -0.868579 -0.2296383 -0.02571078 -0.9729364 -0.8984235 -0.4206148 -0.1261681 -0.9089324 -0.4032077 -0.1061389 -0.8937296 -0.423187 -0.1488626 -0.8110519 -0.4270901 -0.3997359 -0.8922529 -0.4215367 -0.1618383 -0.8112459 -0.4814395 -0.3318074 -0.6645434 -0.4119738 -0.6234257 -0.5714125 -0.5138233 -0.639901 -0.6294411 -0.5265252 -0.5714675 -0.5418803 -0.3976332 -0.7404415 -0.5261964 -0.5211885 -0.6719226 -0.2928365 -0.4974798 -0.8165541 -0.3306499 -0.3292858 -0.8844442 -0.2481711 -0.4890321 -0.8362169 -0.1590376 -0.2722307 -0.9489982 -0.1241898 -0.4609004 -0.8787194 4.556183e-05 -0.4135236 -0.9104934 0.545421 -0.8104814 -0.2136253 0.3642031 -0.9054065 -0.2181632 0.1463766 -0.7498127 -0.6452556 0.2734286 -0.7759583 -0.5684414 -0.3864215 -0.8886235 -0.2470357 0.2435025 -0.8170383 -0.5226422 -0.3723013 -0.8570842 -0.3560876 0.348476 -0.8636285 -0.3642942 -0.486093 -0.7285099 -0.4826872 0.3047138 -0.9360352 -0.176033 0.3105244 -0.9505654 0 0.4759598 -0.7865881 -0.3933718 0.4827616 -0.7590314 -0.436821 0.3723632 -0.6805092 -0.6310729 0.2665419 -0.5363622 -0.800794 0.7037285 -0.6855092 -0.1866634 0.6468705 -0.6808451 -0.3435237 0.5708374 -0.6518462 -0.4992406 0.4439346 -0.5907347 -0.6737616 0.2733189 -0.4891808 -0.8282505 0.3226322 -0.4745599 -0.8189636 0.5265775 -0.5275906 -0.6666066 0.6338136 -0.5336525 -0.5599065 0.7255863 -0.5444195 -0.4208704 0.8402825 -0.5276367 -0.1245985 0.3839931 -0.4292425 -0.8174963 0.5440506 -0.444495 -0.7116412 0.6887341 -0.4325992 -0.5818104 0.8852184 -0.3513037 -0.3049165 0.9479614 -0.2935368 -0.1233094 0.3759551 -0.4068054 -0.8325666 0.3933565 -0.368588 -0.8422669 0.5110173 -0.3978152 -0.761974 0.6755562 -0.2530331 -0.6925302 0.7660416 -0.2925055 -0.5723816 0.7596509 -0.2244197 -0.6103822 0.9268187 -0.1967012 -0.3198683 0.8803876 -0.1607157 -0.4461929 0.9730978 -0.163622 -0.1621992 0.9843386 -0.01845082 -0.1753202 0.3937493 -0.3326247 -0.8569261 0.3793397 -0.3515234 -0.8558813 0.4978927 -0.2641207 -0.8260406 0.5798417 -0.2161925 -0.7855218 0.6021486 -0.2636897 -0.7535814 0.6117432 -0.1851702 -0.7690789 0.6985513 -0.1304188 -0.7035745 0.7809987 -0.1412533 -0.608349 0.8316744 -0.007890798 -0.5552076 0.8477644 0.01497347 -0.5301616 0.8898571 -0.02920441 -0.4553038 0.8302151 -0.01311111 -0.557289 0.8763816 0.04971603 -0.4790444 0.9772678 0.09661666 -0.1887138 0.9557824 0.2349239 -0.1768917 0.9549899 0.2964011 -0.01186277 0.9507214 0.3077593 -0.03758948 0.9581617 0.2859011 -0.01366538 0.9444133 0.2649765 -0.1946049 0.9511316 0.3087858 0 0.9511316 0.3087858 0 0.9511087 0.3088562 -8.283959e-05 0.9511316 0.3087858 0 0.9374773 0.1960245 -0.2875946 0.9322894 0.3617134 0 0.9512896 0.2984751 -0.07720614 0.9638622 0.02115301 -0.2655602 0.9815991 0.1477829 -0.1209272 0.9580355 0.2863218 -0.01370235 0.9367205 0.2627449 -0.2313435 0.9241451 0.2386956 -0.2982957 0.8598678 -0.06462415 -0.5064099 0.8191893 0.03749415 -0.5722963 0.6855005 -0.09928621 -0.7212706 0.6905281 -0.1686156 -0.7033774 0.7193387 -0.04777637 -0.6930146 0.5450223 -0.2661714 -0.7950493 0.6588046 -0.08995875 -0.7469163 0.5345539 -0.3158626 -0.7838896 0.4542749 -0.2434062 -0.8569643 0.4606423 -0.3508659 -0.8152925 0.3292458 -0.2840389 -0.9005105 0.3355554 -0.398363 -0.8536448 0.2581754 -0.4431049 -0.8584891 0.3277586 -0.07171322 -0.9420358 0.5592858 0.006717462 -0.8289477 0.6825132 0.06232256 -0.7282112 0.6065105 0.2562019 -0.7526656 0.8541703 0.1990919 -0.4803702 0.9325536 0.3307833 -0.1446587 0.9047677 0.3423979 -0.2532963 0.885529 0.4028888 -0.2313418 0.873432 0.4538079 -0.1765642 0.8590952 0.495064 -0.1298735 0.8179463 0.5570152 -0.1438674 0.8360964 0.5439055 -0.07148149 0.8522909 0.522929 -0.0120634 0.8099012 0.3267094 -0.487156 0.7691943 0.4373406 -0.4659113 0.7353519 0.5486785 -0.3977556 0.706635 0.6342319 -0.3137146 0.659759 0.7066702 -0.2556079 0.7130747 0.6945676 -0.09539585 0.6853521 0.7278059 -0.02431233 0.545549 0.4558387 -0.7032691 0.4882288 0.611574 -0.6225833 0.4384882 0.7426506 -0.5061602 0.4475135 0.8295426 -0.334052 0.4269909 0.8862677 -0.1794667 0.4084796 0.9119558 -0.03848474 0.47406 0.2355406 -0.8484031 0.4235784 0.4300089 -0.7972914 0.3214122 0.5967077 -0.7352783 0.2345065 0.7740092 -0.5881466 0.2094338 0.8888171 -0.4076048 0.1880434 0.9583633 -0.2148943 0.1503597 0.9874652 -0.04800462 0.2544552 0.1502874 -0.9553357 0.1694317 0.3676647 -0.9143935 0.07170462 0.5639632 -0.8226809 -0.00264036 0.7602234 -0.6496564 -0.03052345 0.8885499 -0.4577635 -0.1226126 0.9566285 -0.26425 -0.1443189 0.9880771 -0.05362585 0.8516696 0.524079 0 0.6808725 0.732402 0 0.4063279 0.9137273 0 0.1150843 0.9864938 -0.1165569 -0.112685 0.9931576 -0.03066057 0.7844252 0.5700888 0.2442863 0.826979 0.5269232 0.1961061 0.8301505 0.5340612 -0.1600898 0.8921421 0.3804887 -0.2435379 0.9090396 0.3242744 -0.2617118 0.9238291 0.2670532 -0.2742669 0.7945856 0.1215939 -0.5948517 0.6964712 0.02288673 -0.7172197 0.6342436 0.138576 -0.7606127 0.5099457 -0.1712049 -0.8429972 0.3025306 -0.3073112 -0.9022389 0.3092805 -0.08674932 -0.9470059 0.206684 0.1540939 -0.9661971 0.1221665 0.3589008 -0.9253462 0.05581361 0.5514993 -0.8323061 0.03911555 0.7717242 -0.6347533 -0.05901724 0.8499832 -0.5234935 -0.04974952 0.9693388 -0.2406392 0.5111406 0.05704894 -0.8576017 0.4442796 0.1674546 -0.8800992 0.3584164 0.4207196 -0.8333863 0.252715 0.6382893 -0.7271327 0.2418783 0.7846821 -0.5707617 0.1711307 0.8659774 -0.4698909 0.133638 0.955041 -0.2646461 0.6635955 -0.06931489 -0.7448734 0.6688785 0.03655572 -0.7424724 0.659011 0.2400199 -0.7128078 0.6043481 0.4250086 -0.6738925 0.5085974 0.653156 -0.5609954 0.4036389 0.7634667 -0.5041767 0.3686189 0.8272072 -0.4240852 0.3424558 0.9180892 -0.19959 0.9687002 0.1850161 -0.1654959 0.9597009 0.1789799 -0.2166571 0.8459735 0.2936611 -0.4450752 0.7527198 0.4281784 -0.5000761 0.7793815 0.3631627 -0.5105657 0.691996 0.5643659 -0.4501473 0.6284952 0.6720042 -0.3916683 0.6278214 0.7146745 -0.3083514 0.6438463 0.7542428 -0.1287623 0.9526109 0.2245823 -0.2051713 0.9456748 0.2436459 -0.2152577 0.3286305 -0.2857776 -0.9001851 0.5217644 -0.1809878 -0.8336698 0.6872781 -0.07251968 -0.7227654 0.8073387 0.03857346 -0.5888262 0.8916364 0.1389321 -0.4309089 0.9447927 0.272222 -0.1823784 0.2932336 -0.1217663 -0.9482547 -0.2635648 0.9587827 -0.1061572 -0.2632509 0.9588241 -0.1065613 -0.1092681 0.9640991 -0.2420193 0.4541264 -0.01952606 -0.8907233 0.6571533 0.08179965 -0.7493053 0.7737711 0.1387268 -0.6180883 0.9373817 0.3084876 -0.1617125 0.8320677 0.5505178 -0.06777549 0.8399012 0.5300711 -0.1165789 0.8596946 0.4905167 -0.1425429 0.8651677 0.4626505 -0.1934926 0.8745706 0.4088754 -0.2606668 0.9182638 0.3642918 -0.155187 0.863223 0.2257146 -0.4515518 0.8339141 0.3330532 -0.4400713 0.8099852 0.4391862 -0.3886379 0.7776732 0.5267045 -0.3432297 0.7509695 0.5982519 -0.2795344 0.6136404 0.7325076 -0.2947508 0.7030984 0.7054783 -0.08917991 0.871108 0.4909826 -0.01033938 0.8311641 0.5558636 -0.01348581 0.3580331 0.9330169 -0.03594037 0.2747189 0.9606353 -0.04134414 0.4605283 0.8721429 -0.165168 0.5639745 0.7745135 -0.2864639 0.5306282 0.6919013 -0.4895981 0.6239702 0.5889987 -0.5135579 0.6759995 0.4471092 -0.5857627 0.7259975 0.3076904 -0.6150238 0.5896724 0.2661042 -0.7625451 0.5053021 0.4407872 -0.7418736 0.4791446 0.6077246 -0.6333177 0.3927977 0.7315442 -0.5572729 0.3877545 0.8455385 -0.36703 0.3238181 0.9283911 -0.182296 0.6300722 0.7760511 -0.02745394 0.351796 0.9353073 -0.03794602 0.3457388 0.9374526 -0.04058625 0.484681 0.8744585 -0.02016739 0.3795325 0.1775036 -0.9079909 0.2907038 0.4123743 -0.863388 0.2452462 0.5940308 -0.7661474 0.2663023 0.7559172 -0.5980571 0.1538621 0.8826489 -0.4441367 0.2062126 0.9627792 -0.1747356 0.1575446 0.9864572 -0.04562817 0.1915376 0.1351217 -0.9721396 0.1151862 0.371481 -0.9212676 0.01802938 0.56544 -0.8245923 -0.01528439 0.7281195 -0.6852798 -0.0344694 0.8846711 -0.4649396 -0.2650625 0.9642312 0 -0.2255863 0.9728931 -0.05088986 0.1114636 0.9848263 -0.1330152 0.4654999 0.8829153 -0.06140344 0.348766 0.9372098 0 0.3479364 0.937275 -0.02135005 0.6090917 0.7928763 0.01882758 0.3977558 0.9174689 0.006407793 0.3074741 0.922993 -0.2313948 0.8099132 0.5423046 -0.2234866 0.8675631 0.4889846 -0.09071065 0.8309299 0.5563771 0 0.8379184 0.5266819 -0.1431744 0.8876077 0.3711585 -0.2727526 0.864213 0.4799371 -0.1509845 0.7427964 0.652237 -0.1511301 0.984894 -0.1196984 -0.1251242 0.7393646 0.6693098 -0.07324178 0.2482715 -0.3277003 -0.9115776 0.2754242 -0.1367227 -0.9515505 0.1953463 0.1510648 -0.9690301 0.1136189 0.3421388 -0.932755 0.06550496 0.5440365 -0.8365007 -0.02195626 0.7414275 -0.6706737 -0.0953008 0.904547 -0.4155869 -0.1453366 0.9765134 -0.1590563 0.5438582 -0.2001254 -0.8149651 0.5189634 -0.2042364 -0.8300388 0.4601519 -0.04856749 -0.8865108 0.3966516 -0.2705489 -0.8771949 0.08390644 0.9725439 -0.2170671 0.103314 0.8921671 -0.4397318 0.2039956 0.7379806 -0.6432499 0.266687 0.5371009 -0.8002503 0.307164 0.4079454 -0.8597853 0.4256262 0.266211 -0.8648549 0.7808661 -0.03633995 -0.6236405 0.6832951 -0.1469393 -0.7152039 0.6516469 0.07353278 -0.7549498 0.5537446 0.3158332 -0.770465 0.440125 0.3625696 -0.8214824 0.4075749 0.5895381 -0.6973719 0.3966104 0.7169005 -0.5733706 0.3668924 0.8734611 -0.3200869 0.2966084 0.947692 -0.1179119 0.8202865 -0.01866059 -0.5716483 0.8620723 0.04833621 -0.5044749 0.7840451 0.1001712 -0.6125676 0.7197591 0.2525601 -0.6466531 0.7012573 0.5046189 -0.5035851 0.6142718 0.639378 -0.4624564 0.5938312 0.670631 -0.4445432 0.5528403 0.7862837 -0.2759085 0.4959125 0.853028 -0.1625239 0.9412446 0.2667931 -0.207075 0.8244141 0.03642839 -0.5648136 0.7794405 0.4058928 -0.4772039 0.7146645 0.5745445 -0.3989402 0.8332268 0.4071597 -0.3741045 0.7847585 0.4690089 -0.4051971 0.7573289 0.5774509 -0.3049647 0.7263667 0.6641667 -0.1768444 0.9495795 0.3134604 -0.006435453 0.9687965 0.180531 -0.169829 0.9340103 0.2231132 -0.2790075 0.901324 0.1560773 -0.4040482 0.7641677 0.006916129 -0.6449806 0.552992 -0.1582613 -0.8180179 0.3919463 -0.2509334 -0.8851048 0.3031141 -0.09094478 -0.9486047 0.5103076 -0.006951394 -0.8599639 0.7252353 0.1334204 -0.67545 0.8787586 0.2378146 -0.4137965 0.9203131 0.2771913 -0.2760233 0.8954603 0.368616 -0.2495458 0.8809186 0.4256475 -0.2068977 0.8710307 0.4517567 -0.1929284 0.8776561 0.4644681 -0.1182761 0.8099068 0.5646512 -0.1588082 0.8512836 0.524562 -0.01228839 0.7882117 0.6148437 -0.02625679 0.8350089 0.3571798 -0.4185483 0.7416612 0.4520006 -0.4956149 0.7189979 0.5629062 -0.4076501 0.6688883 0.6392009 -0.3794875 0.6955601 0.6882047 -0.206326 0.6158409 0.7782189 -0.1229442 0.6304946 0.7757196 -0.0271249 0.6816669 0.2944643 -0.6697918 0.6486709 0.4614276 -0.6052361 0.5651799 0.5885159 -0.5781183 0.4445547 0.7212945 -0.5311359 0.4804444 0.8177129 -0.317047 0.4234956 0.8886887 -0.1757384 0.4084796 0.9119558 -0.03848474 0.4444948 0.2201205 -0.8683152 0.3839484 0.4133574 -0.8256629 0.2667398 0.5702893 -0.7769298 0.2693024 0.7691447 -0.5795625 0.150686 0.8890972 -0.4322035 0.1741939 0.9659896 -0.1911036 0.1828677 0.9822736 -0.04120723 0.2059553 0.1191734 -0.9712776 0.1018991 0.3306505 -0.938236 0.06316757 0.5725128 -0.8174588 0.05151329 0.7512485 -0.6580062 -0.07178394 0.8770919 -0.4749282 -0.127261 0.9684381 -0.214318 -0.1005661 0.9939569 -0.04400123 0.7893985 0.6138812 0 0.6272403 0.7788258 0 0.379431 0.9157299 -0.1321772 0.1836523 0.972827 -0.1409947 -0.1048344 0.9849871 -0.13715 0.8553381 0.3525849 -0.3795795 0.7891085 0.5678268 -0.2342658 0.9697354 0.1658861 -0.179151 0.9414126 0.1986122 -0.2725721 0.891163 0.1817684 -0.4156786 0.8263743 0.02777337 -0.5624359 0.7543817 -0.03783957 -0.6553445 0.7050982 0.157444 -0.6914101 -0.03512929 0.902233 -0.4298157 0.01289463 0.7539873 -0.6567625 0.1292834 0.367697 -0.9209152 0.7590549 -0.03741668 -0.6499505 0.2836729 -0.09825503 -0.953874 0.8598785 0.07713334 -0.5046378 0.2360945 0.1260577 -0.963519 0.4290275 0.2545155 -0.8666933 0.439995 -0.2249975 -0.8693564 0.5102355 0.01160177 -0.8599565 0.5461875 -0.1921297 -0.8153314 -0.08037971 0.9570151 -0.2786775 0.2172088 0.9360934 -0.2766758 0.2231211 0.8937624 -0.3891089 0.7136534 -0.0108919 -0.7004143 0.3980848 0.8941807 -0.2048645 0.4721568 0.7898436 -0.391427 0.6000883 0.3186437 -0.7337303 0.3766847 0.3857194 -0.8422168 0.03456739 0.5387056 -0.8417846 0.674014 0.635857 -0.37602 0.7352316 0.5133865 -0.4425706 0.3002468 0.644136 -0.7035202 0.6031018 0.4029434 -0.6884074 0.7776928 0.4104783 -0.4761318 0.9517619 0.1733047 -0.2532091 0.7789083 0.6111361 -0.1407641 0.5847427 0.7356186 -0.3419668 0.7959954 0.5720833 -0.1977678 0.3563713 0.8833267 -0.3045216 0.5700805 0.798331 -0.1941028 0.7893985 0.6138812 0 0.9616332 0.2376495 -0.1370559 0.9549977 0.2242348 -0.1941603 0.2231469 0.809337 -0.5433038 0.5662566 0.5632035 -0.6017934 0.7006856 0.5616305 -0.4400124 0.9000749 0.306632 -0.3095837 0.3105244 -0.9505654 0 0.3070319 -0.9263132 -0.2183467 0.3074948 -0.9235294 -0.2292168 0.3029469 -0.9058816 -0.2959757 0.2657114 -0.7635244 -0.5885813 0.2861131 -0.8980212 -0.3342114 0.2618351 -0.8617224 -0.4345997 0.2601887 -0.8458028 -0.4657461 0.2513839 -0.8166061 -0.5195773 -0.09871526 -0.5295594 -0.8425094 -0.5061845 -0.5915766 -0.6275463 -0.3415888 -0.5809007 -0.7388312 -0.2688392 -0.6364732 -0.7229297 -0.8368784 -0.5221611 -0.164263 -0.7077611 -0.5770089 -0.4075966 -0.6370925 -0.6840382 -0.3552533 -0.7560773 -0.6299953 -0.1773501 -0.5945899 -0.7549395 -0.2766391 -0.4904612 -0.84477 -0.2140362 -0.2836394 -0.9411334 -0.183893 -0.08977108 -0.9629184 -0.2544194 -0.006713029 -0.505008 -0.8630885 -0.01364576 -0.5627427 -0.8265195 0.01162103 -0.5820202 -0.8130913 0.06670766 -0.5613955 -0.8248546 0.1292804 -0.5351232 -0.8348232 0.1809781 -0.5999448 -0.779303 -0.4568285 -0.6867519 -0.5654021 -0.1818983 -0.671178 -0.7186328 -0.3581058 -0.7415937 -0.5672733 -0.1404451 -0.7100138 -0.6900403 -0.264645 -0.7942163 -0.5469767 -0.0317612 -0.7123125 -0.7011434 -0.1122125 -0.800657 -0.5885208 0.07678396 -0.7766683 -0.6252125 0.02256687 -0.8780742 -0.4779921 0.178171 -0.6845004 -0.7069047 0.1617907 -0.8280471 -0.536807 -0.4693046 -0.7544971 -0.458789 -0.3582358 -0.8277818 -0.431792 -0.2103584 -0.8996535 -0.3825871 -0.005604341 -0.9032887 -0.4289966 0.1748147 -0.9085126 -0.3795321 0.1798251 -0.9598579 -0.2152575 0.03974677 -0.3937219 -0.9183699 -0.3723959 -0.4719879 -0.7990924 -0.1093183 -0.4306524 -0.8958728 -0.4050708 -0.55136 -0.7293283 -0.5138125 -0.4956137 -0.7002597 -0.9228526 -0.3636073 -0.1270147 -0.826621 -0.3861429 -0.4093794 -0.6424626 -0.4553652 -0.6163476 -0.5298439 -0.5243615 -0.6665661 -0.9206948 -0.3339528 -0.2019817 -0.9187289 -0.3739228 -0.1269601 -0.418542 -0.8660933 -0.2733222 -0.913391 -0.2836836 -0.2919599 -0.9684793 -0.203334 -0.1438858 -0.5885895 -0.7669684 -0.2555815 -0.996196 -0.04528971 -0.07444699 -0.9843898 -0.1660209 -0.05842673 -0.9919965 -0.09745175 -0.08028776 -0.9942389 -0.1071872 0 -0.9985702 0.05345629 0 -0.9963024 0.02759625 -0.08136352 -0.8478011 -0.2969053 -0.4394092 -0.9770249 0.2122015 -0.01981891 -0.9446512 0.2966415 -0.1401354 -0.8613177 0.4962996 -0.1087133 -0.8346886 0.4578495 -0.3060534 -0.6823293 0.7256801 -0.08840289 -0.7213711 0.6325173 -0.2820383 -0.1253276 -0.2535678 -0.9591644 -0.1857793 -0.05938515 -0.9807953 -0.3117357 0.1900086 -0.9309767 -0.4247602 0.3984335 -0.8129142 -0.4701913 0.5484216 -0.6914867 -0.521005 0.6913791 -0.5005484 -0.4849334 0.8291226 -0.2782001 -0.5268758 0.8491343 -0.03705143 -0.3320798 -0.2915721 -0.8970556 -0.374435 -0.1232308 -0.9190281 -0.4772713 0.07841254 -0.8752506 -0.563026 0.3184626 -0.7626161 -0.6192137 0.4235667 -0.661185 -0.6976272 0.5408177 -0.4699283 -0.7886011 0.375281 -0.4871063 -0.764474 0.3189063 -0.5602483 -0.7256929 0.2412078 -0.6443514 -0.6452153 -0.08652527 -0.7590854 -0.5215393 -0.1981021 -0.8299111 -0.4902449 -0.3718158 -0.7882975 -0.8964015 0.1746777 -0.4073722 -0.8685565 0.1382728 -0.47591 -0.8569492 0.1697723 -0.4866368 -0.7773331 -0.07523896 -0.6245737 -0.7104432 -0.3729492 -0.5968077 -0.6595876 -0.4875149 -0.5720782 -0.9677804 0.003320617 -0.2517738 -0.9541664 0.09965127 -0.2821988 -0.924634 -0.01703411 -0.3804757 -0.7982803 -0.4049774 -0.4458047 -0.6924387 -0.6186775 -0.3711695 0.08897188 -0.374641 -0.9228912 -0.1761627 -0.4534306 -0.873709 -0.3708566 -0.478355 -0.7960162 -0.3295447 -0.4838898 -0.8107101 -0.4585994 -0.4755699 -0.7506796 -0.6434939 -0.4998308 -0.5797282 -0.6424606 -0.4550474 -0.6165843 -0.8267716 -0.3853151 -0.4098549 -0.9228977 -0.3636106 -0.1266776 -0.9205456 -0.3342397 -0.202187 -0.9189724 -0.3732069 -0.1273039 -0.9631553 0.1574276 -0.218056 -0.7343737 -0.6510717 -0.1918358 -0.9684793 -0.203334 -0.1438858 -0.9773285 -0.1874745 -0.09839886 -0.996196 -0.04528971 -0.07444699 -0.9843898 -0.1660209 -0.05842673 -0.9919965 -0.09745175 -0.08028776 -0.9942389 -0.1071872 0 -0.9985702 0.05345629 0 -0.9963024 0.02759625 -0.08136352 -0.819072 -0.3293739 -0.4697167 -0.9776147 0.208947 -0.02471201 -0.9553238 0.2774703 -0.1018168 -0.8590862 0.4988519 -0.1145325 -0.8309399 0.5089851 -0.2246623 -0.6823293 0.7256801 -0.08840289 -0.7213711 0.6325173 -0.2820383 -0.1217716 -0.2397935 -0.9631567 -0.2025736 -0.07236989 -0.9765892 -0.316124 0.1922311 -0.9290387 -0.4053272 0.3721132 -0.8350099 -0.4645191 0.5547201 -0.6902953 -0.5275089 0.7132921 -0.4614636 -0.4849334 0.8291226 -0.2782001 -0.5268758 0.8491343 -0.03705143 -0.3423339 -0.2917997 -0.8931184 -0.374435 -0.1232308 -0.9190281 -0.4772713 0.07841254 -0.8752506 -0.5536703 0.2751992 -0.7859482 -0.6535102 0.3638125 -0.6637506 -0.6580989 0.6379644 -0.3998842 -0.8154456 0.3802903 -0.4363804 -0.7809336 0.1803677 -0.5980052 -0.7256929 0.2412078 -0.6443514 -0.6452153 -0.08652527 -0.7590854 -0.5215393 -0.1981021 -0.8299111 -0.498855 -0.3465606 -0.7943799 -0.9130658 0.09435254 -0.3967474 -0.8685565 0.1382728 -0.47591 -0.8569492 0.1697723 -0.4866368 -0.7773331 -0.07523896 -0.6245737 -0.7104432 -0.3729492 -0.5968077 -0.6595876 -0.4875149 -0.5720782 -0.9677804 0.003320617 -0.2517738 -0.9541664 0.09965127 -0.2821988 -0.924634 -0.01703411 -0.3804757 -0.7982803 -0.4049774 -0.4458047 -0.6864551 -0.5814867 -0.4366379 0.8846727 -0.1352253 -0.4461707 0.9642312 0.2650625 0 0.9642312 0.2650625 0 0 0 0 0.921768 0.1616358 -0.3524452 0.8998935 -0.164678 -0.4038228 0.2650625 -0.9642312 0 0.7176691 -0.6087895 -0.3381219 0.7865707 -0.3897126 -0.4789892 0.6822584 -0.693262 -0.2321882 0.6756829 -0.5982752 -0.4307197 0.6454965 -0.6981801 -0.3096428 0.5220864 -0.7960355 -0.3061915 0.8120034 -0.5243382 -0.2563592 0.5124797 -0.8523832 -0.1039589 0.6144954 -0.6075748 -0.5032378 0.4675839 -0.8829346 -0.04232968 0.5838447 -0.6856007 -0.4348298 0.50727 -0.8587072 -0.07279521 0.6949729 -0.6222954 -0.3602238 0.4295187 -0.8875428 -0.1666779 0.5679049 -0.7996556 -0.1950255 0.4608074 -0.8857072 -0.0563853 0.4487739 -0.8719603 -0.1956713 0.6321196 -0.6996678 -0.3330013 0.6925999 -0.2424867 -0.679342 0.6542544 -0.5651946 -0.5025001 0.6522732 -0.4750993 -0.5906101 0.4974646 -0.7949889 -0.3471623 0.5273279 -0.7251213 -0.4428594 0.5430944 -0.7816709 -0.3066579 0.9642312 0.2650625 0 0.9642312 0.2650625 0 7.195868e-32 -2.590513e-31 0 0.9642312 0.2650625 0 0.9642312 0.2650625 0 0.8530605 0.2345022 0.4661507 0.7225143 0.1839413 0.6664373 0.7940875 0.1630895 0.5855142 0.8906012 0.1888504 0.413721 0.7664341 0.210689 0.6067858 7.659615e-30 -2.710325e-29 0 0.9961931 -0.0871741 0 0.9618546 -0.261981 -0.07875074 0.9644839 -0.1238699 -0.2332963 0.9894517 0.003372793 -0.1448238 0.9087968 -0.2731261 -0.3154211 0 0 0 0.9642312 0.2650625 0 0.9642312 0.2650625 -8.08578e-12 0.9642312 0.2650625 0 0.9642312 0.2650625 0 0.9642312 0.2650625 0 0.9642312 0.2650625 0 0.9642312 0.2650625 0 0.9642312 0.2650625 0 0.4727099 -0.6918978 -0.5457314 0.330005 -0.8636289 -0.381106 0.2939282 -0.8980102 -0.3273895 0.4501701 -0.4726553 -0.7575909 0.4975408 -0.8342314 -0.2377207 0.2849948 -0.5399567 -0.7919752 0.2262441 -0.5638416 -0.7942898 0.2961927 -0.6202929 -0.7262964 0.420122 -0.6337244 -0.6495313 0.4083205 -0.7575894 -0.5092471 0.304463 -0.8773348 -0.3709259 0.2757174 -0.8148936 -0.5098316 0.5421003 -0.7137732 -0.4434581 0.3237186 -0.8540276 -0.4072385 0.3394216 -0.895137 -0.2890031 0.342301 -0.9015993 -0.2644784 0.2098276 -0.5515712 -0.8073052 0.3533736 -0.9313681 -0.0876386 0.3556418 -0.933788 -0.03948147 0.3081171 -0.8092329 -0.5002059 -0.869242 0.4943869 0 -0.869242 0.4943869 0 -0.8077243 0.5895604 0 -0.8075828 0.5897542 0 -0.5421148 0.8403045 0 -0.5422679 0.8402056 0 -0.2650625 0.9642312 0 -0.2650625 0.9642312 0 -0.1308064 0.9914079 0 -0.1306517 0.9914283 0 0.0827482 0.9965705 0 0.08324819 0.9965288 0 -0.1247831 0.992184 0 -0.1249435 0.9921639 0 0.4176014 0.9086303 0 0.4180556 0.9084215 0 -0.9372098 0.348766 0 -0.9372098 0.348766 0 -0.7788258 0.6272403 0 -0.7788258 0.6272403 0 -0.4795068 0.8775382 0 -0.4795068 0.8775382 0 -0.0364369 0.999336 0 -0.0364369 0.999336 0 -0.0364369 0.999336 0 -0.0364369 0.999336 0 0.2814507 0.9595757 0 0.2814507 0.9595757 0 0.6272403 0.7788258 0 0.6272403 0.7788258 0 -0.9372098 0.348766 0 -0.9372098 0.348766 0 -0.6138812 0.7893985 0 -0.6138812 0.7893985 0 -0.4795068 0.8775382 0 -0.4795068 0.8775382 0 -0.4795068 0.8775382 0 -0.4795068 0.8775382 0 0.1241095 0.9922685 0 0.1241095 0.9922685 0 0.348766 0.9372098 0 0.348766 0.9372098 0 0.348766 0.9372098 0 0.348766 0.9372098 0 0.4943869 0.869242 0 0.4943869 0.869242 0 -0.9372098 0.348766 0 -0.9372098 0.348766 0 -0.6138812 0.7893985 0 -0.6138812 0.7893985 0 -0.4795068 0.8775382 0 -0.4795068 0.8775382 0 -0.2650625 0.9642312 0 -0.2650625 0.9642312 0 -0.0364369 0.999336 0 -0.0364369 0.999336 0 0.2814507 0.9595757 0 0.2814507 0.9595757 0 0.6272403 0.7788258 0 0.6272403 0.7788258 0 -0.9372098 0.348766 0 -0.9372098 0.348766 0 -0.6138812 0.7893985 0 -0.6138812 0.7893985 0 -0.6138812 0.7893985 0 -0.6138812 0.7893985 0 -0.6138812 0.7893985 0 -0.6138812 0.7893985 0 -0.0364369 0.999336 0 -0.0364369 0.999336 0 0.348766 0.9372098 0 0.348766 0.9372098 0 0.4943869 0.869242 0 0.4943869 0.869242 0 0.4943869 0.869242 0 0.4943869 0.869242 0 -0.9372098 0.348766 0 -0.9372098 0.348766 0 -0.6138812 0.7893985 0 -0.6138812 0.7893985 0 -0.6138812 0.7893985 0 -0.6138812 0.7893985 0 -0.6138812 0.7893985 0 -0.6138812 0.7893985 0 -0.0364369 0.999336 0 -0.0364369 0.999336 0 0.348766 0.9372098 0 0.348766 0.9372098 0 0.4943869 0.869242 0 0.4943869 0.869242 0 0.4943869 0.869242 0 0.4943869 0.869242 0 -0.869242 0.4943869 0 -0.869242 0.4943869 0 -0.4795068 0.8775382 0 -0.4795068 0.8775382 0 -0.4795068 0.8775382 0 -0.4795068 0.8775382 0 -0.2650625 0.9642312 0 -0.2650625 0.9642312 0 -0.0364369 0.999336 0 -0.0364369 0.999336 0 0.2814507 0.9595757 0 0.2814507 0.9595757 0 0.6272403 0.7788258 0 0.6272403 0.7788258 0 -0.869242 0.4943869 0 -0.869242 0.4943869 0 -0.4795068 0.8775382 0 -0.4795068 0.8775382 0 -0.4795068 0.8775382 0 -0.4795068 0.8775382 0 -0.2650625 0.9642312 0 -0.2650625 0.9642312 0 -0.0364369 0.999336 0 -0.0364369 0.999336 0 0.2814507 0.9595757 0 0.2814507 0.9595757 0 0.4943869 0.869242 0 0.4943869 0.869242 0 -0.869242 0.4943869 0 -0.869242 0.4943869 0 -0.4795068 0.8775382 0 -0.4795068 0.8775382 0 -0.6138812 0.7893985 0 -0.6138812 0.7893985 0 -0.4160926 0.9093222 0 -0.4160926 0.9093222 0 -0.0364369 0.999336 0 -0.0364369 0.999336 0 0.1241095 0.9922685 0 0.1241095 0.9922685 0 0.4943869 0.869242 0 0.4943869 0.869242 0 -0.869242 0.4943869 0 -0.869242 0.4943869 0 -0.4795068 0.8775382 0 -0.4795068 0.8775382 0 -0.6138812 0.7893985 0 -0.6138812 0.7893985 0 -0.4160926 0.9093222 0 -0.4160926 0.9093222 0 -0.0364369 0.999336 0 -0.0364369 0.999336 0 0.1241095 0.9922685 0 0.1241095 0.9922685 0 0.4943869 0.869242 0 0.4943869 0.869242 0 -0.869242 0.4943869 0 -0.869242 0.4943869 0 -0.4795068 0.8775382 0 -0.4795068 0.8775382 0 -0.4795068 0.8775382 0 -0.4795068 0.8775382 0 -0.1071872 0.9942389 0 -0.1071872 0.9942389 0 0.1241095 0.9922685 0 0.1241095 0.9922685 0 0.1241095 0.9922685 0 0.1241095 0.9922685 0 0.4943869 0.869242 0 0.4943869 0.869242 0 -0.7788258 0.6272403 0 -0.7788258 0.6272403 0 -0.7788258 0.6272403 0 -0.7788258 0.6272403 0 -0.7788258 0.6272403 0 -0.7788258 0.6272403 0 -0.1071872 0.9942389 0 -0.1071872 0.9942389 0 0.1241095 0.9922685 0 0.1241095 0.9922685 0 -0.0364369 0.999336 0 -0.0364369 0.999336 0 0.348766 0.9372098 0 0.348766 0.9372098 0 0.4943869 0.869242 0 0.4943869 0.869242 0 -0.869242 0.4943869 0 -0.869242 0.4943869 0 -0.4795068 0.8775382 0 -0.4795068 0.8775382 0 -0.4795068 0.8775382 0 -0.4795068 0.8775382 0 -0.2650625 0.9642312 0 -0.2650625 0.9642312 0 0.348766 0.9372098 0 0.348766 0.9372098 0 0.348766 0.9372098 0 0.348766 0.9372098 0 0.348766 0.9372098 0 0.348766 0.9372098 0 -0.7788258 0.6272403 0 -0.7788258 0.6272403 0 -0.7788258 0.6272403 0 -0.7788258 0.6272403 0 -0.7788258 0.6272403 0 -0.7788258 0.6272403 0 -0.2650625 0.9642312 0 -0.2650625 0.9642312 0 -0.0364369 0.999336 0 -0.0364369 0.999336 0 -0.0364369 0.999336 0 -0.0364369 0.999336 0 0.348766 0.9372098 0 0.348766 0.9372098 0 0.4943869 0.869242 0 0.4943869 0.869242 0 -0.7788258 0.6272403 0 -0.7788258 0.6272403 0 -0.7788258 0.6272403 0 -0.7788258 0.6272403 0 -0.6138812 0.7893985 0 -0.6138812 0.7893985 0 -0.2650625 0.9642312 0 -0.2650625 0.9642312 0 -0.2650625 0.9642312 0 -0.2650625 0.9642312 0 -0.0364369 0.999336 0 -0.0364369 0.999336 0 0.348766 0.9372098 0 0.348766 0.9372098 0 0.4943869 0.869242 0 0.4943869 0.869242 0 -0.869242 0.4943869 0 -0.869242 0.4943869 0 -0.6138812 0.7893985 0 -0.6138812 0.7893985 0 -0.4795068 0.8775382 0 -0.4795068 0.8775382 0 -0.2650625 0.9642312 0 -0.2650625 0.9642312 0 0.1941382 0.9809742 0 0.1941382 0.9809742 0 0.348766 0.9372098 0 0.348766 0.9372098 0 0.4943869 0.869242 0 0.4943869 0.869242 0 -0.869242 0.4943869 0 -0.869242 0.4943869 0 -0.869242 0.4943869 0 -0.869242 0.4943869 0 -0.6138812 0.7893985 0 -0.6138812 0.7893985 0 -0.2650625 0.9642312 0 -0.2650625 0.9642312 0 -0.2650625 0.9642312 0 -0.2650625 0.9642312 0 -0.0364369 0.999336 0 -0.0364369 0.999336 0 0.348766 0.9372098 0 0.348766 0.9372098 0 0.4943869 0.869242 0 0.4943869 0.869242 0 -0.9372098 0.348766 0 -0.9372098 0.348766 0 -0.732402 0.6808725 0 -0.732402 0.6808725 0 -0.2650625 0.9642312 0 -0.2650625 0.9642312 0 -0.2650625 0.9642312 0 -0.2650625 0.9642312 0 -0.0364369 0.999336 0 -0.0364369 0.999336 0 0.348766 0.9372098 0 0.348766 0.9372098 0 0.4943869 0.869242 0 0.4943869 0.869242 0 -0.869242 0.4943869 0 -0.869242 0.4943869 0 -0.7788258 0.6272403 0 -0.7788258 0.6272403 0 -0.4795068 0.8775382 0 -0.4795068 0.8775382 0 -0.2650625 0.9642312 0 -0.2650625 0.9642312 0 -0.2650625 0.9642312 0 -0.2650625 0.9642312 0 0.1241095 0.9922685 0 0.1241095 0.9922685 0 0.4943869 0.869242 0 0.4943869 0.869242 0 0.4943869 0.869242 0 0.4943869 0.869242 0 -0.9372098 0.348766 0 -0.9372098 0.348766 0 -0.732402 0.6808725 0 -0.732402 0.6808725 0 -0.2650625 0.9642312 0 -0.2650625 0.9642312 0 -0.2650625 0.9642312 0 -0.2650625 0.9642312 0 -0.0364369 0.999336 0 -0.0364369 0.999336 0 0.348766 0.9372098 0 0.348766 0.9372098 0 0.4943869 0.869242 0 0.4943869 0.869242 0 -0.869242 0.4943869 0 -0.869242 0.4943869 0 -0.6138812 0.7893985 0 -0.6138812 0.7893985 0 -0.2650625 0.9642312 0 -0.2650625 0.9642312 0 -0.2650625 0.9642312 0 -0.2650625 0.9642312 0 -0.0364369 0.999336 0 -0.0364369 0.999336 0 0.348766 0.9372098 0 0.348766 0.9372098 0 0.4943869 0.869242 0 0.4943869 0.869242 0 -0.869242 0.4943869 0 -0.869242 0.4943869 0 -0.7788258 0.6272403 0 -0.7788258 0.6272403 0 -0.4795068 0.8775382 0 -0.4795068 0.8775382 0 -0.2650625 0.9642312 0 -0.2650625 0.9642312 0 -0.2650625 0.9642312 0 -0.2650625 0.9642312 0 0.1241095 0.9922685 0 0.1241095 0.9922685 0 0.348766 0.9372098 0 0.348766 0.9372098 0 0.348766 0.9372098 0 0.348766 0.9372098 0 -0.869242 0.4943869 0 -0.869242 0.4943869 0 -0.6138812 0.7893985 0 -0.6138812 0.7893985 0 -0.2650625 0.9642312 0 -0.2650625 0.9642312 0 -0.2650625 0.9642312 0 -0.2650625 0.9642312 0 -0.0364369 0.999336 0 -0.0364369 0.999336 0 0.348766 0.9372098 0 0.348766 0.9372098 0 0.348766 0.9372098 0 0.348766 0.9372098 0 -0.869242 0.4943869 0 -0.869242 0.4943869 0 -0.6138812 0.7893985 0 -0.6138812 0.7893985 0 -0.2650625 0.9642312 0 -0.2650625 0.9642312 0 -0.2650625 0.9642312 0 -0.2650625 0.9642312 0 -0.0364369 0.999336 0 -0.0364369 0.999336 0 0.1941382 0.9809742 0 0.1941382 0.9809742 0 0.348766 0.9372098 0 0.348766 0.9372098 0 -0.869242 0.4943869 0 -0.869242 0.4943869 0 -0.7788258 0.6272403 0 -0.7788258 0.6272403 0 -0.4795068 0.8775382 0 -0.4795068 0.8775382 0 -0.2650625 0.9642312 0 -0.2650625 0.9642312 0 -0.2650625 0.9642312 0 -0.2650625 0.9642312 0 0.1241095 0.9922685 0 0.1241095 0.9922685 0 0.348766 0.9372098 0 0.348766 0.9372098 0 0.348766 0.9372098 0 0.348766 0.9372098 0 -0.7788258 0.6272403 0 -0.7788258 0.6272403 0 -0.6682964 0.7438951 0 -0.6682964 0.7438951 0 -0.4795068 0.8775382 0 -0.4795068 0.8775382 0 -0.2650625 0.9642312 0 -0.2650625 0.9642312 0 -0.0364369 0.999336 0 -0.0364369 0.999336 0 0.1941382 0.9809742 0 0.1941382 0.9809742 0 0.348766 0.9372098 0 0.348766 0.9372098 0 -0.7788258 0.6272403 0 -0.7788258 0.6272403 0 -0.6682964 0.7438951 0 -0.6682964 0.7438951 0 -0.4795068 0.8775382 0 -0.4795068 0.8775382 0 -0.2650625 0.9642312 0 -0.2650625 0.9642312 0 0.1241095 0.9922685 0 0.1241095 0.9922685 0 0.348766 0.9372098 0 0.348766 0.9372098 0 0.348766 0.9372098 0 0.348766 0.9372098 0 -0.7788258 0.6272403 0 -0.7788258 0.6272403 0 -0.7788258 0.6272403 0 -0.7788258 0.6272403 0 -0.4795068 0.8775382 0 -0.4795068 0.8775382 0 -0.2650625 0.9642312 0 -0.2650625 0.9642312 0 0.1241095 0.9922685 0 0.1241095 0.9922685 0 0.348766 0.9372098 0 0.348766 0.9372098 0 0.348766 0.9372098 0 0.348766 0.9372098 0 -0.7788258 0.6272403 0 -0.7788258 0.6272403 0 -0.7788258 0.6272403 0 -0.7788258 0.6272403 0 -0.6138812 0.7893985 0 -0.6138812 0.7893985 0 -0.2650625 0.9642312 0 -0.2650625 0.9642312 0 -0.2650625 0.9642312 0 -0.2650625 0.9642312 0 -0.0364369 0.999336 0 -0.0364369 0.999336 0 0.348766 0.9372098 0 0.348766 0.9372098 0 0.4943869 0.869242 0 0.4943869 0.869242 0 -0.7788258 0.6272403 0 -0.7788258 0.6272403 0 -0.7788258 0.6272403 0 -0.7788258 0.6272403 0 -0.4795068 0.8775382 0 -0.4795068 0.8775382 0 -0.2650625 0.9642312 0 -0.2650625 0.9642312 0 0.1241095 0.9922685 0 0.1241095 0.9922685 0 0.348766 0.9372098 0 0.348766 0.9372098 0 0.348766 0.9372098 0 0.348766 0.9372098 0 -0.869242 0.4943869 0 -0.869242 0.4943869 0 -0.7788258 0.6272403 0 -0.7788258 0.6272403 0 -0.4795068 0.8775382 0 -0.4795068 0.8775382 0 -0.2650625 0.9642312 0 -0.2650625 0.9642312 0 -0.0364369 0.999336 0 -0.0364369 0.999336 0 0.348766 0.9372098 0 0.348766 0.9372098 0 0.6272403 0.7788258 0 0.6272403 0.7788258 0 -0.869242 0.4943869 0 -0.869242 0.4943869 0 -0.7788258 0.6272403 0 -0.7788258 0.6272403 0 -0.4795068 0.8775382 0 -0.4795068 0.8775382 0 -0.2650625 0.9642312 0 -0.2650625 0.9642312 0 -0.0364369 0.999336 0 -0.0364369 0.999336 0 0.348766 0.9372098 0 0.348766 0.9372098 0 0.6272403 0.7788258 0 0.6272403 0.7788258 0 -0.869242 0.4943869 0 -0.869242 0.4943869 0 -0.7788258 0.6272403 0 -0.7788258 0.6272403 0 -0.4795068 0.8775382 0 -0.4795068 0.8775382 0 -0.2650625 0.9642312 0 -0.2650625 0.9642312 0 -0.2650625 0.9642312 0 -0.2650625 0.9642312 0 0.1241095 0.9922685 0 0.1241095 0.9922685 0 0.4943869 0.869242 0 0.4943869 0.869242 0 0.6272403 0.7788258 0 0.6272403 0.7788258 0 -0.869242 0.4943869 0 -0.869242 0.4943869 0 -0.7788258 0.6272403 0 -0.7788258 0.6272403 0 -0.4795068 0.8775382 0 -0.4795068 0.8775382 0 -0.2650625 0.9642312 0 -0.2650625 0.9642312 0 -0.0364369 0.999336 0 -0.0364369 0.999336 0 0.348766 0.9372098 0 0.348766 0.9372098 0 0.6272403 0.7788258 0 0.6272403 0.7788258 0 -0.7788258 0.6272403 0 -0.7788258 0.6272403 0 -0.7788258 0.6272403 0 -0.7788258 0.6272403 0 -0.6138812 0.7893985 0 -0.6138812 0.7893985 0 -0.2650625 0.9642312 0 -0.2650625 0.9642312 0 -0.0364369 0.999336 0 -0.0364369 0.999336 0 0.348766 0.9372098 0 0.348766 0.9372098 0 0.6272403 0.7788258 0 0.6272403 0.7788258 0 -0.869242 0.4943869 0 -0.869242 0.4943869 0 -0.7788258 0.6272403 0 -0.7788258 0.6272403 0 -0.4795068 0.8775382 0 -0.4795068 0.8775382 0 -0.2650625 0.9642312 0 -0.2650625 0.9642312 0 -0.2650625 0.9642312 0 -0.2650625 0.9642312 0 0.1241095 0.9922685 0 0.1241095 0.9922685 0 0.348766 0.9372098 0 0.348766 0.9372098 0 0.6808725 0.732402 0 0.6808725 0.732402 0 -0.7788258 0.6272403 0 -0.7788258 0.6272403 0 -0.7788258 0.6272403 0 -0.7788258 0.6272403 0 -0.6138812 0.7893985 0 -0.6138812 0.7893985 0 -0.2650625 0.9642312 0 -0.2650625 0.9642312 0 -0.0364369 0.999336 0 -0.0364369 0.999336 0 0.348766 0.9372098 0 0.348766 0.9372098 0 0.4943869 0.869242 0 0.4943869 0.869242 0 -0.869242 0.4943869 0 -0.869242 0.4943869 0 -0.7788258 0.6272403 0 -0.7788258 0.6272403 0 -0.4795068 0.8775382 0 -0.4795068 0.8775382 0 -0.2650625 0.9642312 0 -0.2650625 0.9642312 0 -0.2650625 0.9642312 0 -0.2650625 0.9642312 0 0.1241095 0.9922685 0 0.1241095 0.9922685 0 0.348766 0.9372098 0 0.348766 0.9372098 0 0.4943869 0.869242 0 0.4943869 0.869242 0 -0.7788258 0.6272403 0 -0.7788258 0.6272403 0 -0.6682964 0.7438951 0 -0.6682964 0.7438951 0 -0.4795068 0.8775382 0 -0.4795068 0.8775382 0 -0.2650625 0.9642312 0 -0.2650625 0.9642312 0 -0.0364369 0.999336 0 -0.0364369 0.999336 0 0.1941382 0.9809742 0 0.1941382 0.9809742 0 0.4943869 0.869242 0 0.4943869 0.869242 0 -0.7788258 0.6272403 0 -0.7788258 0.6272403 0 -0.7788258 0.6272403 0 -0.7788258 0.6272403 0 -0.6138812 0.7893985 0 -0.6138812 0.7893985 0 -0.2650625 0.9642312 0 -0.2650625 0.9642312 0 -0.2650625 0.9642312 0 -0.2650625 0.9642312 0 -0.0364369 0.999336 0 -0.0364369 0.999336 0 0.348766 0.9372098 0 0.348766 0.9372098 0 0.6272403 0.7788258 0 0.6272403 0.7788258 0 -0.7788258 0.6272403 0 -0.7788258 0.6272403 0 -0.6682964 0.7438951 0 -0.6682964 0.7438951 0 -0.4795068 0.8775382 0 -0.4795068 0.8775382 0 -0.2650625 0.9642312 0 -0.2650625 0.9642312 0 -0.0364369 0.999336 0 -0.0364369 0.999336 0 0.1941382 0.9809742 0 0.1941382 0.9809742 0 0.4943869 0.869242 0 0.4943869 0.869242 0 -0.7788258 0.6272403 0 -0.7788258 0.6272403 0 -0.6682964 0.7438951 0 -0.6682964 0.7438951 0 -0.4795068 0.8775382 0 -0.4795068 0.8775382 0 -0.2650625 0.9642312 0 -0.2650625 0.9642312 0 0.1241095 0.9922685 0 0.1241095 0.9922685 0 0.348766 0.9372098 0 0.348766 0.9372098 0 0.4943869 0.869242 0 0.4943869 0.869242 0 -0.7788258 0.6272403 0 -0.7788258 0.6272403 0 -0.7788258 0.6272403 0 -0.7788258 0.6272403 0 -0.6138812 0.7893985 0 -0.6138812 0.7893985 0 -0.2650625 0.9642312 0 -0.2650625 0.9642312 0 -0.2650625 0.9642312 0 -0.2650625 0.9642312 0 -0.0364369 0.999336 0 -0.0364369 0.999336 0 0.348766 0.9372098 0 0.348766 0.9372098 0 0.6272403 0.7788258 0 0.6272403 0.7788258 0 -0.7788258 0.6272403 0 -0.7788258 0.6272403 0 -0.7788258 0.6272403 0 -0.7788258 0.6272403 0 -0.4795068 0.8775382 0 -0.4795068 0.8775382 0 -0.2650625 0.9642312 0 -0.2650625 0.9642312 0 0.1241095 0.9922685 0 0.1241095 0.9922685 0 0.348766 0.9372098 0 0.348766 0.9372098 0 0.4943869 0.869242 0 0.4943869 0.869242 0 -0.7788258 0.6272403 0 -0.7788258 0.6272403 0 -0.869242 0.4943869 0 -0.869242 0.4943869 0 -0.6138812 0.7893985 0 -0.6138812 0.7893985 0 -0.2650625 0.9642312 0 -0.2650625 0.9642312 0 -0.2650625 0.9642312 0 -0.2650625 0.9642312 0 -0.0364369 0.999336 0 -0.0364369 0.999336 0 0.348766 0.9372098 0 0.348766 0.9372098 0 0.6272403 0.7788258 0 0.6272403 0.7788258 0 -0.869242 0.4943869 0 -0.869242 0.4943869 0 -0.7788258 0.6272403 0 -0.7788258 0.6272403 0 -0.4795068 0.8775382 0 -0.4795068 0.8775382 0 -0.2650625 0.9642312 0 -0.2650625 0.9642312 0 -0.0364369 0.999336 0 -0.0364369 0.999336 0 0.348766 0.9372098 0 0.348766 0.9372098 0 0.6272403 0.7788258 0 0.6272403 0.7788258 0 -0.869242 0.4943869 0 -0.869242 0.4943869 0 -0.7788258 0.6272403 0 -0.7788258 0.6272403 0 -0.4795068 0.8775382 0 -0.4795068 0.8775382 0 -0.2650625 0.9642312 0 -0.2650625 0.9642312 0 -0.2650625 0.9642312 0 -0.2650625 0.9642312 0 -0.0364369 0.999336 0 -0.0364369 0.999336 0 0.348766 0.9372098 0 0.348766 0.9372098 0 0.6272403 0.7788258 0 0.6272403 0.7788258 0 -0.869242 0.4943869 0 -0.869242 0.4943869 0 -0.7788258 0.6272403 0 -0.7788258 0.6272403 0 -0.4795068 0.8775382 0 -0.4795068 0.8775382 0 -0.2650625 0.9642312 0 -0.2650625 0.9642312 0 -0.2650625 0.9642312 0 -0.2650625 0.9642312 0 0.1241095 0.9922685 0 0.1241095 0.9922685 0 0.4943869 0.869242 0 0.4943869 0.869242 0 0.6272403 0.7788258 0 0.6272403 0.7788258 0 -0.869242 0.4943869 0 -0.869242 0.4943869 0 -0.7788258 0.6272403 0 -0.7788258 0.6272403 0 -0.4795068 0.8775382 0 -0.4795068 0.8775382 0 -0.2650625 0.9642312 0 -0.2650625 0.9642312 0 -0.0364369 0.999336 0 -0.0364369 0.999336 0 0.348766 0.9372098 0 0.348766 0.9372098 0 0.6272403 0.7788258 0 0.6272403 0.7788258 0 -0.7788258 0.6272403 0 -0.7788258 0.6272403 0 -0.7788258 0.6272403 0 -0.7788258 0.6272403 0 -0.6138812 0.7893985 0 -0.6138812 0.7893985 0 -0.2650625 0.9642312 0 -0.2650625 0.9642312 0 -0.0364369 0.999336 0 -0.0364369 0.999336 0 0.348766 0.9372098 0 0.348766 0.9372098 0 0.6272403 0.7788258 0 0.6272403 0.7788258 0 -0.2650625 0.9642312 0 -0.6167061 0.7871935 0 -0.2650625 0.9642312 0 -0.2650625 0.9642312 0 -0.2650625 0.9642312 0 -0.2650625 0.9642312 0 -0.2650625 0.9642312 0 -0.04563819 0.998958 0 -0.04563819 0.998958 0 0.3404967 0.9402457 0 0.3404967 0.9402457 0 0.4943869 0.869242 0 0.4943869 0.869242 0 -0.7788258 0.6272403 0 -0.7788258 0.6272403 0 -0.6682964 0.7438951 0 -0.6177595 0.7863671 0 -0.869242 0.4943869 0 -0.869242 0.4943869 0 -0.6682964 0.7438951 0 0.8862165 0.4632687 0.001528711 0.9642312 0.2650625 0 0.9642312 0.2650625 0 0.9642312 0.2650625 0 0.9642312 0.2650625 0 0 0 0 0 0 0 0.7681201 0.6403058 0 0.7436801 0.6685243 0.00390618 0.8165993 0.5767618 0.02261278 0.6773174 0.7349345 -0.03335292 0.6813061 0.7312359 -0.03340592 0.8201639 0.5717204 0.02160709 0.7894273 0.6137608 0.01011098 0.7445348 0.6675569 -0.005976733 0.7442575 0.6678654 -0.006052393 0.7754603 0.6313947 0.001420025 0.4788592 -0.8668349 -0.1388921 0.9642312 0.2650625 0 0.9139365 -0.4045237 0.03287489 0.8882935 -0.4589368 0.01765312 0.8871974 -0.4611418 0.0151358 0.8423176 -0.5389119 0.008663756 0.8690931 -0.4946385 0.00315328 0.8689393 -0.4949093 0.003028289 0.8688016 -0.4951518 0.002915103 0.8685796 -0.4955422 0.002721467 0.9713845 -0.190655 0.1416434 0.8957601 -0.4388046 0.0711641 0.2650625 -0.9642312 0 0 0 0 -0.9642312 -0.2650625 0 0.9642312 0.2650625 0 0.9642312 0.2650625 0 0.8245757 0.5652185 0.02455481 0.8584575 0.512854 0.005606607 0.8556296 0.5175886 0 0.9359903 0.3520259 0 0.9359903 0.3520259 0 0.984411 0.1758832 0 0.984411 0.1758832 0 0.9999719 -0.007492673 0 0.9999719 -0.007492673 0 0.9811869 -0.1930601 0 0.9811869 -0.1930601 0 0.9359874 -0.3520336 0 0.9309605 -0.3650429 0.007500677 -0.6256647 -0.7800918 -0.0006390174 -0.8586486 -0.5125647 0 -0.6090261 -0.793141 0.003801821 -0.7808674 -0.6246942 0.001812381 -0.5433805 -0.8394834 0.002306023 -0.7657331 -0.6428315 0.02050461 -0.9642312 -0.2650625 0 0 -1.232595e-32 0 -0.9642312 -0.2650625 0 -0.9642312 -0.2650625 0 -0.9642312 -0.2650625 0 0 0 0 0.2094372 -0.9750755 -0.07323776 -0.4274793 -0.9037132 -0.02374784 -0.2415133 -0.9698801 -0.03168517 -0.3793954 -0.924946 -0.02311025 -0.6538435 -0.7566259 0.002429466 -0.6192126 -0.7852233 0.0004029881 -0.9651989 0.2595743 0.03181792 -0.9696896 0.2399412 0.04615594 -0.9283007 0.3718233 0.002280175 -0.9786863 0.1834654 0.0922689 -0.918622 0.3847132 -0.0901632 -0.9577878 0.2874728 0.001360628 -0.9752478 0.2096328 0.07032584 -0.9745626 0.2140627 0.06636959 -0.9694229 0.2421247 0.03993681 -0.9323419 0.3546393 -0.07049499 -0.9806488 0.1245649 0.1510346 -0.9739686 0.04213682 0.2227324 -0.9591986 0.2827333 0 -0.9591986 0.2827333 0 0 0 0 -0.7460297 -0.6659092 0.002139354 -0.744629 -0.6674786 0 -0.8556296 -0.5175886 0 -0.8556296 -0.5175886 0 -0.9359903 -0.3520259 0 -0.9359903 -0.3520259 0 -0.984411 -0.1758832 0 -0.984411 -0.1758832 0 -0.9999719 0.007492673 0 -0.9999719 0.007492673 0 -0.9527215 0.3038451 0 -0.9810879 0.193561 -0.0008022667 -0.9347485 0.3553101 -0.0002723622 -0.9591986 0.2827333 0 -0.539151 -0.8421992 0.004094072 -0.5137338 -0.8579402 0.004040168 -0.4535642 -0.891223 0.001045147 -0.4524988 -0.891765 0 -0.2821676 -0.9593651 0 -0.2821676 -0.9593651 0 -0.1010067 -0.9948857 0 -0.1010067 -0.9948857 0 0.08390604 -0.9964737 0 0.08390604 -0.9964737 0 0.2650625 -0.9642312 0 0.2650625 -0.9642312 0 0.4372447 -0.8993426 0 0.4372447 -0.8993426 0 0.5953626 -0.8034572 0 0.5953626 -0.8034572 0 0.7329105 -0.680325 0 0.7329105 -0.680325 0 0.8271641 -0.5619604 0 0.7848758 0.6196298 0.005372945 0.7182067 0.6958298 0 0.608531 0.7935301 0 0.608531 0.7935301 0 0.4544577 0.8907683 0 0.4544577 0.8907683 0 0.2821676 0.9593651 0 0.2821676 0.9593651 0 0.1010067 0.9948857 0 0.1010067 0.9948857 0 -0.08145979 0.9966766 0 -0.08145979 0.9966766 0 -0.2650625 0.9642312 0 -0.2650625 0.9642312 0 -0.439451 0.8982666 0 -0.439451 0.8982666 0 -0.5953626 0.8034572 0 -0.5953626 0.8034572 0 -0.7329105 0.680325 0 -0.7329105 0.680325 0 -0.8459269 0.5332989 0 -0.8459269 0.5332989 0 -0.9250677 0.3798023 0</float_array>
          <technique_common>
            <accessor count="8031" source="#normals-array-array" stride="3">
              <param type="float" name="X"/>
              <param type="float" name="Y"/>
              <param type="float" name="Z"/>
            </accessor>
          </technique_common>
        </source>
        <vertices id="verts-array-vertices">
          <input semantic="POSITION" source="#verts-array"/>
        </vertices>
        <triangles count="12127" material="material0">
          <input offset="0" semantic="VERTEX" source="#verts-array-vertices"/>
          <input offset="1" semantic="NORMAL" source="#normals-array"/>
          <p>0 0 0 0 1 1 2 2 1 1 0 0 1 1 2 2 3 3 0 0 1 1 4 4 5 5 4 4 1 1 4 4 5 5 6 6 7 7 8 8 9 9 10 10 9 9 8 8 9 9 10 10 5 5 11 11 5 5 10 10 5 5 11 11 6 6 7 7 9 9 12 12 13 13 12 12 9 9 12 12 13 13 14 14 15 15 16 16 17 17 18 18 17 17 16 16 17 17 18 18 13 13 19 19 13 13 18 18 13 13 19 19 14 14 15 15 17 17 20 20 21 21 20 20 17 17 20 20 21 21 22 22 23 23 24 24 25 25 23 23 25 25 21 21 26 26 21 21 25 25 21 21 26 26 22 22 27 27 28 28 29 29 30 30 29 29 28 28 29 29 30 30 23 23 31 31 23 23 30 30 23 23 31 31 24 24 27 27 29 29 32 32 33 33 32 32 29 29 32 32 33 33 34 34 35 35 36 36 37 37 38 38 37 37 36 36 37 37 38 38 39 39 39 39 38 38 40 40 41 41 40 40 38 38 40 40 41 41 42 42 43 43 44 44 45 45 46 46 45 45 44 44 45 45 46 46 41 41 47 47 41 41 46 46 41 41 47 47 42 42 43 43 45 45 48 48 49 49 48 48 45 45 48 48 49 49 50 50 51 51 52 52 49 49 53 53 49 49 52 52 49 49 53 53 50 50 54 54 55 55 56 56 57 57 56 56 55 55 56 56 57 57 51 51 58 58 51 51 57 57 51 51 58 58 52 52 59 59 60 60 61 61 62 62 61 61 60 60 61 61 62 62 56 56 63 63 56 56 62 62 56 56 63 63 54 54 59 59 61 61 64 64 65 65 64 64 61 61 64 64 65 65 66 66 67 67 68 68 65 65 69 69 65 65 68 68 65 65 69 69 66 66 70 70 71 71 72 72 73 73 72 72 71 71 72 72 73 73 67 67 74 74 67 67 73 73 67 67 74 74 68 68 75 75 76 76 77 77 78 78 79 79 77 77 80 80 77 77 79 79 77 77 80 80 81 81 81 81 82 82 77 77 83 83 77 77 82 82 77 77 83 83 84 84 85 85 86 86 87 87 88 88 87 87 86 86 89 89 90 90 77 77 91 91 77 77 90 90 76 76 92 92 77 77 93 93 77 77 92 92 77 77 93 93 94 94 95 95 96 96 97 97 98 98 97 97 96 96 97 97 98 98 99 99 100 100 101 101 102 102 103 103 102 102 101 101 102 102 103 103 98 98 104 104 98 98 103 103 98 98 104 104 99 99 105 105 106 106 107 107 86 86 107 107 106 106 107 107 86 86 108 108 85 85 108 108 86 86 94 94 109 109 77 77 110 110 77 77 109 109 77 77 110 110 78 78 84 84 111 111 77 77 112 112 77 77 111 111 77 77 112 112 113 113 114 114 113 113 112 112 115 115 116 116 117 117 118 118 117 117 116 116 117 117 118 118 119 119 120 120 121 121 122 122 123 123 122 122 121 121 124 124 125 125 126 126 127 127 126 126 125 125 126 126 127 127 100 100 128 128 100 100 127 127 100 100 128 128 101 101 129 129 130 130 124 124 131 131 124 124 130 130 124 124 131 131 125 125 132 132 133 133 129 129 134 134 129 129 133 133 129 129 134 134 130 130 121 121 135 135 123 123 136 136 123 123 135 135 123 123 136 136 118 118 137 137 118 118 136 136 118 118 137 137 119 119 138 138 139 139 140 140 141 141 140 140 139 139 140 140 141 141 142 142 143 143 142 142 141 141 142 142 143 143 122 122 144 144 122 122 143 143 122 122 144 144 120 120 145 145 146 146 147 147 148 148 147 147 146 146 147 147 148 148 149 149 77 77 149 149 148 148 91 91 150 150 77 77 151 151 77 77 150 150 77 77 151 151 152 152 92 92 153 153 154 154 154 154 153 153 155 155 156 156 155 155 153 153 155 155 156 156 157 157 158 158 159 159 114 114 160 160 114 114 159 159 114 114 160 160 161 161 152 152 162 162 77 77 163 163 77 77 162 162 77 77 163 163 164 164 156 156 165 165 157 157 166 166 157 157 165 165 157 157 166 166 167 167 106 106 167 167 166 166 167 167 106 106 168 168 105 105 168 168 106 106 169 169 113 113 170 170 114 114 170 170 113 113 170 170 114 114 171 171 161 161 171 171 114 114 172 172 173 173 174 174 175 175 174 174 173 173 174 174 175 175 138 138 176 176 138 138 175 175 138 138 176 176 139 139 145 145 177 177 146 146 178 178 146 146 177 177 146 146 178 178 179 179 179 179 180 180 146 146 181 181 146 146 180 180 146 146 181 181 174 174 182 182 174 174 181 181 174 174 182 182 172 172 183 183 184 184 148 148 185 185 148 148 184 184 148 148 185 185 77 77 186 186 77 77 185 185 77 77 186 186 89 89 154 154 187 187 92 92 188 188 92 92 187 187 92 92 188 188 189 189 190 190 169 169 191 191 192 192 191 191 169 169 190 190 193 193 169 169 194 194 169 169 193 193 169 169 194 194 113 113 195 195 196 196 197 197 198 198 199 199 200 200 189 189 201 201 92 92 202 202 92 92 201 201 92 92 202 202 93 93 200 200 199 199 203 203 164 164 204 204 77 77 205 205 77 77 204 204 77 77 205 205 206 206 207 207 208 208 209 209 210 210 209 209 208 208 209 209 210 210 211 211 212 212 211 211 210 210 211 211 212 212 213 213 214 214 213 213 212 212 213 213 214 214 196 196 215 215 196 196 214 214 196 196 215 215 197 197 206 206 216 216 77 77 217 217 77 77 216 216 77 77 217 217 75 75 197 197 218 218 195 195 219 219 195 195 218 218 195 195 219 219 220 220 221 221 220 220 219 219 220 220 221 221 222 222 223 223 222 222 221 221 222 222 223 223 224 224 225 225 226 226 227 227 228 228 227 227 226 226 227 227 228 228 207 207 229 229 207 207 228 228 207 207 229 229 208 208 230 230 231 231 148 148 232 232 148 148 231 231 148 148 232 232 183 183 95 95 233 233 96 96 234 234 96 96 233 233 96 96 234 234 235 235 236 236 235 235 234 234 235 235 236 236 237 237 203 203 237 237 236 236 237 237 203 203 238 238 199 199 238 238 203 203 223 223 239 239 224 224 240 240 224 224 239 239 224 224 240 240 241 241 242 242 241 241 240 240 241 241 242 242 243 243 244 244 243 243 242 242 243 243 244 244 245 245 246 246 245 245 244 244 245 245 246 246 247 247 248 248 247 247 246 246 247 247 248 248 249 249 250 250 249 249 248 248 249 249 250 250 251 251 252 252 251 251 250 250 251 251 252 252 253 253 254 254 253 253 252 252 253 253 254 254 132 132 255 255 132 132 254 254 132 132 255 255 133 133 115 115 256 256 116 116 257 257 116 116 256 256 116 116 257 257 258 258 259 259 258 258 257 257 258 258 259 259 260 260 261 261 260 260 259 259 260 260 261 261 262 262 263 263 262 262 261 261 262 262 263 263 225 225 264 264 225 225 263 263 225 225 264 264 226 226 265 265 266 266 267 267 268 268 267 267 266 266 267 267 268 268 269 269 270 270 269 269 268 268 269 269 270 270 271 271 272 272 271 271 270 270 271 271 272 272 273 273 274 274 273 273 272 272 273 273 274 274 275 275 276 276 275 275 274 274 275 275 276 276 277 277 230 230 277 277 276 276 277 277 230 230 278 278 148 148 278 278 230 230 279 279 280 280 281 281 282 282 281 281 280 280 281 281 282 282 283 283 284 284 285 285 265 265 286 286 265 265 285 285 265 265 286 286 266 266 282 282 287 287 283 283 288 288 283 283 287 287 283 283 288 288 289 289 290 290 289 289 288 288 289 289 290 290 284 284 291 291 284 284 290 290 284 284 291 291 285 285 200 200 292 292 198 198 293 293 198 198 292 292 198 198 293 293 294 294 295 295 294 294 293 293 294 294 295 295 296 296 297 297 296 296 295 295 296 296 297 297 298 298 299 299 298 298 297 297 298 298 299 299 300 300 301 301 300 300 299 299 300 300 301 301 279 279 302 302 279 279 301 301 279 279 302 302 280 280 303 303 304 304 305 305 306 306 305 305 304 304 307 307 305 305 308 308 306 306 308 308 305 305 308 308 306 306 309 309 310 310 309 309 306 306 309 309 310 310 311 311 312 312 311 311 310 310 311 311 312 312 313 313 314 314 313 313 312 312 315 315 316 316 317 317 315 315 317 317 318 318 319 319 318 318 317 317 318 318 319 319 320 320 321 321 320 320 319 319 320 320 321 321 322 322 323 323 322 322 321 321 322 322 323 323 324 324 325 325 324 324 323 323 324 324 325 325 326 326 325 325 327 327 326 326 328 328 326 326 327 327 326 326 328 328 329 329 330 330 329 329 328 328 328 328 331 331 330 330 332 332 330 330 331 331 330 330 332 332 333 333 334 334 333 333 332 332 303 303 305 305 335 335 336 336 335 335 305 305 335 335 336 336 334 334 337 337 334 334 336 336 334 334 337 337 333 333 338 338 339 339 340 340 339 339 340 340 339 339 340 340 339 339 341 341 342 342 343 343 344 344 345 345 346 346 347 347 348 348 347 347 346 346 347 347 348 348 341 341 349 349 341 341 348 348 341 341 349 349 340 340 340 340 350 350 338 338 351 351 338 338 350 350 338 338 351 351 352 352 352 352 353 353 338 338 354 354 338 338 353 353 338 338 354 354 355 355 356 356 357 357 338 338 356 356 358 358 357 357 359 359 357 357 358 358 357 357 359 359 360 360 361 361 362 362 363 363 364 364 363 363 362 362 363 363 364 364 365 365 338 338 366 366 367 367 368 368 369 369 370 370 371 371 370 370 369 369 370 370 371 371 372 372 373 373 374 374 375 375 376 376 375 375 374 374 375 375 376 376 377 377 378 378 379 379 380 380 381 381 380 380 379 379 382 382 383 383 384 384 385 385 384 384 383 383 384 384 385 385 386 386 387 387 388 388 389 389 355 355 390 390 338 338 391 391 338 338 390 390 338 338 391 391 392 392 393 393 394 394 395 395 396 396 395 395 394 394 395 395 396 396 397 397 398 398 399 399 400 400 401 401 400 400 399 399 400 400 401 401 402 402 403 403 404 404 338 338 405 405 338 338 404 404 338 338 405 405 356 356 406 406 407 407 408 408 409 409 410 410 338 338 411 411 338 338 410 410 338 338 411 411 412 412 413 413 414 414 415 415 416 416 415 415 414 414 415 415 416 416 417 417 418 418 419 419 420 420 421 421 420 420 419 419 420 420 421 421 422 422 423 423 424 424 425 425 426 426 427 427 428 428 429 429 428 428 427 427 428 428 429 429 430 430 431 431 432 432 433 433 434 434 433 433 432 432 435 435 436 436 437 437 438 438 437 437 436 436 437 437 438 438 439 439 440 440 441 441 442 442 443 443 442 442 441 441 442 442 443 443 444 444 353 353 445 445 354 354 387 387 354 354 445 445 354 354 387 387 446 446 389 389 446 446 387 387 447 447 448 448 449 449 450 450 449 449 448 448 449 449 450 450 451 451 359 359 452 452 360 360 406 406 360 360 452 452 360 360 406 406 453 453 408 408 453 453 406 406 454 454 338 338 416 416 412 412 416 416 338 338 416 416 412 412 417 417 455 455 456 456 457 457 458 458 457 457 456 456 457 457 458 458 459 459 460 460 461 461 462 462 463 463 462 462 461 461 462 462 463 463 464 464 363 363 465 465 361 361 423 423 361 361 465 465 361 361 423 423 466 466 425 425 466 466 423 423 467 467 468 468 338 338 469 469 338 338 468 468 338 338 469 469 434 434 470 470 471 471 472 472 473 473 472 472 471 471 474 474 475 475 476 476 477 477 476 476 475 475 476 476 477 477 478 478 479 479 480 480 476 476 481 481 482 482 476 476 483 483 484 484 338 338 338 338 485 485 486 486 487 487 488 488 338 338 489 489 490 490 491 491 492 492 493 493 494 494 495 495 338 338 420 420 454 454 420 420 338 338 420 420 454 454 418 418 496 496 497 497 498 498 499 499 500 500 501 501 502 502 503 503 338 338 504 504 338 338 503 503 338 338 504 504 505 505 506 506 507 507 508 508 509 509 510 510 511 511 512 512 511 511 510 510 511 511 512 512 513 513 514 514 515 515 516 516 517 517 518 518 519 519 440 440 474 474 441 441 476 476 441 441 474 474 441 441 476 476 520 520 338 338 520 520 476 476 520 520 338 338 516 516 521 521 522 522 523 523 482 482 524 524 476 476 525 525 476 476 524 524 476 476 525 525 526 526 527 527 528 528 338 338 529 529 530 530 531 531 532 532 533 533 534 534 535 535 534 534 533 533 534 534 535 535 536 536 537 537 538 538 539 539 540 540 541 541 542 542 543 543 544 544 338 338 545 545 338 338 544 544 338 338 545 545 546 546 547 547 548 548 549 549 449 449 549 549 548 548 549 549 449 449 550 550 451 451 550 550 449 449 491 491 551 551 489 489 552 552 489 489 551 551 489 489 552 552 371 371 553 553 371 371 552 552 371 371 553 553 372 372 554 554 555 555 556 556 557 557 556 556 555 555 556 556 557 557 558 558 559 559 558 558 557 557 558 558 559 559 344 344 560 560 344 344 559 559 344 344 560 560 342 342 357 357 561 561 338 338 562 562 338 338 561 561 338 338 562 562 365 365 563 563 365 365 562 562 365 365 563 563 363 363 564 564 565 565 566 566 415 415 567 567 413 413 492 492 413 413 567 567 413 413 492 492 568 568 494 494 568 568 492 492 569 569 570 570 338 338 571 571 338 338 570 570 338 338 571 571 572 572 431 431 573 573 432 432 496 496 432 432 573 573 432 432 496 496 574 574 498 498 574 574 496 496 501 501 575 575 499 499 576 576 499 499 575 575 499 499 576 576 380 380 577 577 380 380 576 576 380 380 577 577 378 378 578 578 579 579 580 580 581 581 582 582 583 583 584 584 585 585 586 586 587 587 586 586 585 585 588 588 589 589 590 590 591 591 590 590 589 589 592 592 593 593 594 594 444 444 595 595 442 442 517 517 442 442 595 595 442 442 517 517 596 596 519 519 596 596 517 517 597 597 598 598 599 599 531 531 600 600 529 529 601 601 529 529 600 600 529 529 601 601 602 602 603 603 602 602 601 601 602 602 603 603 604 604 539 539 605 605 537 537 606 606 537 537 605 605 537 537 606 606 535 535 607 607 535 535 606 606 535 535 607 607 536 536 608 608 609 609 338 338 610 610 338 338 609 609 542 542 611 611 540 540 612 612 540 540 611 611 540 540 612 612 396 396 613 613 396 396 612 612 396 396 613 613 397 397 614 614 338 338 400 400 546 546 400 400 338 338 400 400 546 546 398 398 615 615 338 338 616 616 614 614 616 616 338 338 616 616 614 614 617 617 618 618 617 617 614 614 617 617 618 618 619 619 620 620 621 621 622 622 623 623 366 366 624 624 338 338 624 624 366 366 624 624 338 338 625 625 488 488 625 625 338 338 367 367 626 626 338 338 627 627 338 338 626 626 338 338 627 627 343 343 628 628 343 343 627 627 343 343 628 628 344 344 566 566 629 629 564 564 630 630 564 564 629 629 564 564 630 630 376 376 631 631 376 376 630 630 376 376 631 631 377 377 632 632 633 633 634 634 635 635 634 634 633 633 634 634 635 635 421 421 636 636 421 421 635 635 421 421 636 636 422 422 637 637 638 638 639 639 640 640 467 467 641 641 338 338 641 641 467 467 641 641 338 338 428 428 572 572 428 428 338 338 428 428 572 572 426 426 642 642 643 643 644 644 645 645 502 502 646 646 338 338 646 646 502 502 646 646 338 338 379 379 647 647 648 648 649 649 338 338 649 649 648 648 649 649 338 338 384 384 505 505 384 384 338 338 384 384 505 505 382 382 580 580 650 650 578 578 651 651 578 578 650 650 578 578 651 651 385 385 652 652 385 385 651 651 385 385 652 652 386 386 506 506 653 653 507 507 654 654 507 507 653 653 507 507 654 654 655 655 583 583 656 656 581 581 657 657 581 581 656 656 581 581 657 657 438 438 658 658 438 438 657 657 438 438 658 658 439 439 338 338 659 659 591 591 594 594 660 660 592 592 661 661 592 592 660 660 592 592 661 661 512 512 662 662 512 512 661 661 512 512 662 662 513 513 589 589 663 663 591 591 664 664 591 591 663 663 591 591 664 664 338 338 665 665 338 338 664 664 666 666 667 667 668 668 669 669 670 670 478 478 671 671 672 672 673 673 669 669 673 673 672 672 673 673 669 669 674 674 478 478 674 674 669 669 604 604 527 527 602 602 338 338 602 602 527 527 602 602 338 338 675 675 392 392 675 675 338 338 484 484 676 676 338 338 677 677 338 338 676 676 338 338 677 677 678 678 679 679 680 680 681 681 682 682 681 681 680 680 681 681 682 682 683 683 684 684 685 685 338 338 686 686 338 338 685 685 608 608 338 338 687 687 686 686 687 687 338 338 687 687 686 686 688 688 689 689 688 688 686 686 688 688 689 689 690 690 691 691 543 543 692 692 338 338 692 692 543 543 692 692 338 338 395 395 610 610 395 395 338 338 395 395 610 610 393 393 622 622 693 693 620 620 694 694 620 620 693 693 620 620 694 694 401 401 695 695 401 401 694 694 401 401 695 695 402 402 615 615 696 696 338 338 448 448 338 338 696 696 338 338 448 448 487 487 447 447 487 487 448 448 697 697 698 698 699 699 700 700 699 699 698 698 699 699 700 700 701 701 366 366 701 701 700 700 701 701 366 366 702 702 623 623 702 702 366 366 703 703 403 403 704 704 338 338 704 704 403 403 704 704 338 338 370 370 343 343 370 370 338 338 370 370 343 343 368 368 705 705 409 409 706 706 338 338 706 706 409 409 706 706 338 338 375 375 365 365 375 375 338 338 375 375 365 365 373 373 707 707 708 708 709 709 710 710 709 709 708 708 709 709 710 710 458 458 711 711 458 458 710 710 458 458 711 711 459 459 639 639 712 712 637 637 713 713 637 637 712 712 637 637 713 713 463 463 714 714 463 463 713 713 463 463 714 714 464 464 644 644 715 715 642 642 716 716 642 642 715 715 642 642 716 716 429 429 717 717 429 429 716 716 429 429 717 717 430 430 432 432 718 718 434 434 719 719 434 434 718 718 434 434 719 719 338 338 720 720 338 338 719 719 338 338 720 720 379 379 721 721 379 379 720 720 379 379 721 721 381 381 722 722 723 723 724 724 725 725 724 724 723 723 724 724 725 725 726 726 502 502 726 726 725 725 726 726 502 502 727 727 645 645 727 727 502 502 728 728 729 729 730 730 731 731 730 730 729 729 730 730 731 731 732 732 585 585 732 732 731 731 732 732 585 585 733 733 584 584 733 733 585 585 734 734 735 735 338 338 736 736 338 338 735 735 737 737 738 738 739 739 740 740 741 741 742 742 743 743 742 742 741 741 742 742 743 743 472 472 744 744 472 472 743 743 472 472 744 744 470 470 516 516 338 338 514 514 665 665 514 514 338 338 514 514 665 665 471 471 745 745 471 471 665 665 471 471 745 745 473 473 515 515 746 746 516 516 747 747 516 516 746 746 516 516 747 747 748 748 666 666 748 748 747 747 748 748 666 666 749 749 668 668 749 749 666 666 750 750 751 751 752 752 753 753 752 752 751 751 752 752 753 753 754 754 521 521 754 754 753 753 754 754 521 521 755 755 523 523 755 755 521 521 756 756 757 757 758 758 759 759 758 758 757 757 758 758 759 759 760 760 597 597 760 760 759 759 760 760 597 597 761 761 599 599 761 761 597 597 762 762 598 598 476 476 763 763 483 483 764 764 338 338 764 764 483 483 764 764 338 338 765 765 528 528 765 765 338 338 485 485 338 338 766 766 767 767 768 768 769 769 770 770 769 769 768 768 769 769 770 770 771 771 543 543 771 771 770 770 771 771 543 543 772 772 691 691 772 772 543 543 773 773 774 774 775 775 617 617 775 775 774 774 775 775 617 617 776 776 619 619 776 776 617 617 777 777 778 778 779 779 780 780 779 779 778 778 779 779 780 780 781 781 403 403 781 781 780 780 781 781 403 403 782 782 703 703 782 782 403 403 783 783 784 784 785 785 786 786 785 785 784 784 785 785 786 786 787 787 409 409 787 787 786 786 787 787 409 409 788 788 705 705 788 788 409 409 789 789 338 338 457 457 495 495 457 457 338 338 457 457 495 495 455 455 790 790 569 569 791 791 338 338 791 791 569 569 791 791 338 338 462 462 789 789 462 462 338 338 462 462 789 789 460 460 792 792 793 793 794 794 795 795 794 794 793 793 794 794 795 795 796 796 648 648 796 796 795 795 796 796 648 648 797 797 647 647 797 797 648 648 648 648 798 798 338 338 799 799 338 338 798 798 338 338 799 799 800 800 338 338 801 801 802 802 803 803 804 804 805 805 806 806 805 805 804 804 805 805 806 806 655 655 807 807 655 655 806 806 655 655 807 807 507 507 588 588 808 808 589 589 737 737 589 589 808 808 589 589 737 737 809 809 739 739 809 809 737 737 810 810 522 522 476 476 811 811 812 812 813 813 814 814 813 813 812 812 813 813 814 814 815 815 480 480 815 815 814 814 597 597 816 816 598 598 817 817 598 598 816 816 598 598 817 817 476 476 818 818 476 476 817 817 476 476 818 818 481 481 819 819 820 820 821 821 822 822 821 821 820 820 821 821 822 822 823 823 677 677 823 823 822 822 823 823 677 677 824 824 676 676 824 824 677 677 825 825 826 826 827 827 828 828 827 827 826 826 827 827 828 828 829 829 830 830 829 829 828 828 829 829 830 830 764 764 831 831 764 764 830 830 764 764 831 831 763 763 678 678 832 832 338 338 833 833 338 338 832 832 338 338 833 833 532 532 532 532 534 534 338 338 834 834 338 338 534 534 338 338 834 834 766 766 835 835 836 836 837 837 681 681 837 837 836 836 837 837 681 681 838 838 683 683 838 838 681 681 839 839 840 840 841 841 688 688 841 841 840 840 841 841 688 688 842 842 690 690 842 842 688 688 843 843 844 844 845 845 846 846 845 845 844 844 845 845 846 846 847 847 569 569 847 847 846 846 847 847 569 569 848 848 790 790 848 848 569 569 849 849 850 850 851 851 852 852 851 851 850 850 851 851 852 852 853 853 467 467 853 853 852 852 853 853 467 467 854 854 640 640 854 854 467 467 734 734 338 338 855 855 802 802 855 855 338 338 855 855 802 802 856 856 587 587 659 659 586 586 338 338 586 586 659 659 586 586 338 338 511 511 736 736 511 511 338 338 511 511 736 736 509 509 670 670 857 857 478 478 858 858 478 478 857 857 478 478 858 858 476 476 859 859 476 476 858 858 476 476 859 859 860 860 521 521 861 861 522 522 862 862 522 522 861 861 522 522 862 862 476 476 863 863 476 476 862 862 476 476 863 863 479 479 814 814 864 864 480 480 865 865 480 480 864 864 480 480 865 865 476 476 866 866 476 476 865 865 476 476 866 866 762 762 867 867 868 868 869 869 870 870 869 869 868 868 869 869 870 870 871 871 485 485 871 871 870 870 871 871 485 485 872 872 766 766 872 872 485 485 873 873 874 874 338 338 875 875 338 338 874 874 338 338 875 875 876 876 876 876 877 877 338 338 878 878 338 338 877 877 338 338 878 878 684 684 879 879 880 880 881 881 882 882 881 881 880 880 881 881 882 882 883 883 878 878 883 883 882 882 883 883 878 878 884 884 877 877 884 884 878 878 508 508 801 801 506 506 338 338 506 506 801 801 506 506 338 338 437 437 800 800 437 437 338 338 437 437 800 800 435 435 860 860 885 885 476 476 886 886 476 476 885 885 476 476 886 886 887 887 887 887 888 888 476 476 889 889 476 476 888 888 476 476 889 889 810 810 486 486 890 890 338 338 680 680 338 338 890 890 338 338 680 680 873 873 679 679 873 873 680 680 891 891 892 892 893 893 894 894 893 893 892 892 893 893 894 894 895 895 855 855 895 895 894 894 895 895 855 855 896 896 856 856 896 896 855 855 897 897 898 898 899 899 900 900 899 899 898 898 899 899 900 900 887 887 901 901 887 887 900 900 887 887 901 901 888 888 902 902 903 903 904 904 905 905 906 906 907 907 908 908 909 909 910 910 909 909 911 911 910 910 912 912 910 910 911 911 910 910 912 912 913 913 914 914 913 913 912 912 914 914 915 915 913 913 916 916 913 913 915 915 913 913 916 916 907 907 917 917 907 907 916 916 907 907 917 917 905 905 906 906 918 918 907 907 919 919 907 907 918 918 907 907 919 919 920 920 920 920 921 921 907 907 922 922 907 907 921 921 907 907 922 922 923 923 924 924 925 925 926 926 927 927 926 926 925 925 926 926 927 927 928 928 928 928 929 929 926 926 930 930 926 926 929 929 926 926 930 930 931 931 931 931 932 932 926 926 933 933 926 926 932 932 926 926 933 933 934 934 935 935 936 936 937 937 938 938 937 937 936 936 937 937 938 938 926 926 939 939 926 926 938 938 926 926 939 939 924 924 908 908 910 910 940 940 941 941 940 940 910 910 940 940 941 941 942 942 941 941 943 943 942 942 944 944 942 942 943 943 942 942 944 944 945 945 946 946 945 945 944 944 945 945 946 946 947 947 903 903 948 948 904 904 949 949 904 904 948 948 904 904 949 949 950 950 950 950 951 951 904 904 952 952 904 904 951 951 904 904 952 952 953 953 947 947 953 953 952 952 953 953 947 947 954 954 946 946 954 954 947 947 955 955 956 956 957 957 958 958 957 957 956 956 957 957 958 958 959 959 960 960 959 959 958 958 923 923 935 935 907 907 937 937 907 907 935 935 907 907 937 937 958 958 961 961 958 958 937 937 958 958 961 961 960 960 962 962 963 963 964 964 965 965 964 964 963 963 964 964 965 965 966 966 965 965 967 967 966 966 968 968 966 966 967 967 966 966 968 968 969 969 970 970 969 969 968 968 969 969 970 970 971 971 972 972 971 971 970 970 902 902 904 904 973 973 974 974 973 973 904 904 973 973 974 974 975 975 976 976 975 975 974 974 975 975 976 976 972 972 976 976 972 972 976 976 972 972 976 976 971 971 977 977 978 978 979 979 977 977 979 979 980 980 981 981 982 982 983 983 981 981 983 983 984 984 983 983 985 985 986 986 984 984 983 983 987 987 986 986 987 987 983 983 987 987 986 986 988 988 982 982 989 989 983 983 990 990 983 983 989 989 983 983 990 990 979 979 991 991 979 979 990 990 979 979 991 991 980 980 992 992 993 993 978 978 994 994 978 978 993 993 995 995 996 996 979 979 995 995 979 979 997 997 994 994 998 998 978 978 999 999 978 978 998 998 978 978 999 999 979 979 1000 1000 979 979 999 999 979 979 1000 1000 997 997 996 996 1001 1001 979 979 1002 1002 979 979 1001 1001 979 979 1002 1002 1003 1003 985 985 983 983 1004 1004 1005 1005 1004 1004 983 983 1004 1004 1005 1005 1006 1006 1007 1007 1006 1006 1005 1005 1006 1006 1007 1007 1008 1008 1009 1009 1008 1008 1007 1007 1008 1008 1009 1009 1010 1010 1011 1011 1010 1010 1009 1009 1010 1010 1011 1011 1012 1012 1013 1013 1012 1012 1011 1011 1012 1012 1013 1013 1014 1014 1015 1015 1014 1014 1013 1013 1014 1014 1015 1015 1016 1016 1017 1017 1016 1016 1015 1015 1016 1016 1017 1017 1018 1018 1019 1019 1018 1018 1017 1017 1018 1018 1019 1019 1020 1020 1021 1021 1020 1020 1019 1019 1020 1020 1021 1021 1022 1022 1023 1023 1022 1022 1021 1021 1022 1022 1023 1023 1024 1024 1025 1025 1024 1024 1023 1023 1024 1024 1025 1025 1026 1026 1027 1027 1026 1026 1025 1025 1026 1026 1027 1027 1028 1028 1029 1029 1028 1028 1027 1027 1028 1028 1029 1029 1030 1030 1031 1031 1030 1030 1029 1029 1030 1030 1031 1031 1032 1032 1033 1033 1032 1032 1031 1031 1032 1032 1033 1033 1034 1034 1035 1035 1034 1034 1033 1033 1034 1034 1035 1035 1036 1036 1037 1037 1036 1036 1035 1035 1036 1036 1037 1037 1038 1038 1039 1039 1038 1038 1037 1037 1038 1038 1039 1039 1040 1040 1041 1041 1040 1040 1039 1039 1040 1040 1041 1041 1042 1042 1043 1043 1042 1042 1041 1041 1042 1042 1043 1043 1044 1044 1045 1045 1044 1044 1043 1043 1044 1044 1045 1045 1046 1046 1047 1047 1046 1046 1045 1045 1046 1046 1047 1047 1048 1048 1049 1049 1048 1048 1047 1047 1048 1048 1049 1049 1050 1050 1051 1051 1050 1050 1049 1049 1050 1050 1051 1051 1052 1052 1053 1053 1052 1052 1051 1051 1052 1052 1053 1053 1054 1054 1055 1055 1054 1054 1053 1053 1054 1054 1055 1055 1056 1056 1057 1057 1056 1056 1055 1055 1056 1056 1057 1057 1058 1058 1059 1059 1058 1058 1057 1057 1058 1058 1059 1059 1060 1060 1061 1061 1060 1060 1059 1059 1060 1060 1061 1061 1062 1062 1063 1063 1062 1062 1061 1061 1062 1062 1063 1063 1064 1064 1065 1065 1064 1064 1063 1063 1064 1064 1065 1065 1066 1066 1067 1067 1066 1066 1065 1065 1066 1066 1067 1067 1068 1068 1069 1069 1068 1068 1067 1067 1068 1068 1069 1069 1070 1070 1071 1071 1070 1070 1069 1069 1070 1070 1071 1071 1072 1072 1073 1073 1072 1072 1071 1071 1072 1072 1073 1073 1074 1074 1075 1075 1074 1074 1073 1073 1074 1074 1075 1075 1076 1076 1077 1077 1076 1076 1075 1075 1076 1076 1077 1077 1078 1078 1079 1079 1078 1078 1077 1077 1078 1078 1079 1079 1080 1080 1081 1081 1080 1080 1079 1079 1080 1080 1081 1081 1082 1082 1083 1083 1082 1082 1081 1081 1082 1082 1083 1083 1084 1084 1085 1085 1084 1084 1083 1083 1084 1084 1085 1085 1086 1086 1087 1087 1086 1086 1085 1085 1086 1086 1087 1087 1088 1088 1089 1089 1090 1090 1091 1091 1092 1092 1091 1091 1090 1090 1091 1091 1092 1092 1093 1093 1094 1094 1093 1093 1092 1092 1093 1093 1094 1094 1095 1095 1096 1096 1095 1095 1094 1094 1095 1095 1096 1096 1097 1097 1098 1098 1097 1097 1096 1096 1097 1097 1098 1098 1099 1099 1100 1100 1099 1099 1098 1098 1099 1099 1100 1100 1101 1101 1102 1102 1101 1101 1100 1100 1101 1101 1102 1102 1103 1103 1104 1104 1103 1103 1102 1102 1103 1103 1104 1104 1105 1105 1106 1106 1105 1105 1104 1104 1105 1105 1106 1106 1107 1107 1108 1108 1107 1107 1106 1106 1107 1107 1108 1108 1109 1109 1110 1110 1109 1109 1108 1108 1109 1109 1110 1110 1111 1111 1112 1112 1111 1111 1110 1110 1111 1111 1112 1112 1113 1113 1114 1114 1113 1113 1112 1112 1113 1113 1114 1114 1115 1115 1116 1116 1115 1115 1114 1114 1115 1115 1116 1116 1117 1117 1118 1118 1117 1117 1116 1116 1117 1117 1118 1118 1119 1119 1120 1120 1119 1119 1118 1118 1119 1119 1120 1120 1121 1121 1122 1122 1121 1121 1120 1120 1121 1121 1122 1122 1123 1123 1124 1124 1123 1123 1122 1122 1123 1123 1124 1124 1125 1125 1126 1126 1125 1125 1124 1124 1125 1125 1126 1126 1127 1127 1128 1128 1127 1127 1126 1126 1127 1127 1128 1128 1129 1129 1130 1130 1129 1129 1128 1128 1129 1129 1130 1130 1131 1131 1132 1132 1131 1131 1130 1130 1131 1131 1132 1132 1133 1133 1134 1134 1133 1133 1132 1132 1133 1133 1134 1134 1135 1135 1136 1136 1135 1135 1134 1134 1135 1135 1136 1136 1137 1137 1138 1138 1137 1137 1136 1136 1137 1137 1138 1138 1139 1139 1140 1140 1139 1139 1138 1138 1139 1139 1140 1140 1141 1141 1142 1142 1141 1141 1140 1140 1141 1141 1142 1142 1143 1143 1144 1144 1143 1143 1142 1142 1143 1143 1144 1144 1145 1145 1146 1146 1145 1145 1144 1144 1145 1145 1146 1146 1147 1147 1148 1148 1147 1147 1146 1146 1147 1147 1148 1148 1149 1149 1150 1150 1149 1149 1148 1148 1149 1149 1150 1150 1151 1151 1152 1152 1151 1151 1150 1150 1151 1151 1152 1152 1153 1153 1154 1154 1153 1153 1152 1152 1153 1153 1154 1154 1155 1155 1156 1156 1155 1155 1154 1154 1155 1155 1156 1156 1157 1157 1158 1158 1157 1157 1156 1156 1157 1157 1158 1158 1159 1159 1160 1160 1159 1159 1158 1158 1159 1159 1160 1160 1161 1161 1162 1162 1161 1161 1160 1160 1161 1161 1162 1162 1163 1163 1164 1164 1163 1163 1162 1162 1163 1163 1164 1164 1165 1165 1166 1166 1165 1165 1164 1164 1165 1165 1166 1166 1167 1167 1168 1168 1167 1167 1166 1166 1167 1167 1168 1168 1169 1169 1170 1170 1169 1169 1168 1168 1169 1169 1170 1170 1171 1171 1172 1172 1171 1171 1170 1170 1171 1171 1172 1172 1173 1173 1174 1174 1173 1173 1172 1172 1173 1173 1174 1174 1175 1175 1176 1176 1175 1175 1174 1174 1175 1175 1176 1176 1177 1177 1178 1178 1177 1177 1176 1176 1177 1177 1178 1178 1179 1179 1180 1180 1179 1179 1178 1178 1179 1179 1180 1180 1181 1181 1182 1182 1181 1181 1180 1180 1181 1181 1182 1182 1183 1183 1184 1184 1183 1183 1182 1182 1183 1183 1184 1184 1185 1185 1186 1186 1185 1185 1184 1184 1185 1185 1186 1186 1187 1187 1188 1188 1187 1187 1186 1186 1187 1187 1188 1188 1189 1189 1190 1190 1189 1189 1188 1188 1189 1189 1190 1190 1191 1191 1192 1192 1191 1191 1190 1190 1191 1191 1192 1192 1193 1193 1194 1194 1193 1193 1192 1192 1193 1193 1194 1194 1195 1195 1196 1196 1195 1195 1194 1194 1195 1195 1196 1196 1197 1197 1198 1198 1197 1197 1196 1196 1197 1197 1198 1198 1199 1199 1200 1200 1199 1199 1198 1198 1199 1199 1200 1200 1201 1201 1202 1202 1201 1201 1200 1200 1201 1201 1202 1202 1203 1203 1204 1204 1203 1203 1202 1202 1203 1203 1204 1204 1205 1205 1206 1206 1205 1205 1204 1204 1205 1205 1206 1206 1207 1207 1208 1208 1207 1207 1206 1206 1207 1207 1208 1208 1209 1209 1210 1210 1209 1209 1208 1208 1209 1209 1210 1210 1211 1211 1212 1212 1211 1211 1210 1210 1211 1211 1212 1212 1213 1213 1214 1214 1213 1213 1212 1212 1213 1213 1214 1214 1215 1215 1216 1216 1215 1215 1214 1214 1215 1215 1216 1216 1217 1217 1218 1218 1217 1217 1216 1216 1217 1217 1218 1218 1219 1219 1220 1220 1219 1219 1218 1218 1219 1219 1220 1220 1221 1221 1222 1222 1221 1221 1220 1220 1221 1221 1222 1222 1223 1223 1224 1224 1223 1223 1222 1222 1223 1223 1224 1224 1225 1225 1226 1226 1225 1225 1224 1224 1225 1225 1226 1226 1227 1227 1228 1228 1227 1227 1226 1226 1227 1227 1228 1228 1229 1229 1230 1230 1229 1229 1228 1228 1229 1229 1230 1230 1231 1231 1232 1232 1231 1231 1230 1230 1231 1231 1232 1232 1233 1233 1234 1234 1233 1233 1232 1232 1233 1233 1234 1234 1235 1235 1236 1236 1235 1235 1234 1234 1235 1235 1236 1236 1237 1237 1238 1238 1237 1237 1236 1236 1237 1237 1238 1238 1239 1239 1240 1240 1239 1239 1238 1238 1239 1239 1240 1240 1241 1241 1242 1242 1241 1241 1240 1240 1241 1241 1242 1242 1243 1243 1244 1244 1243 1243 1242 1242 1243 1243 1244 1244 1245 1245 1246 1246 1245 1245 1244 1244 1245 1245 1246 1246 1247 1247 1248 1248 1247 1247 1246 1246 1247 1247 1248 1248 1249 1249 1250 1250 1249 1249 1248 1248 1249 1249 1250 1250 1251 1251 1252 1252 1251 1251 1250 1250 1251 1251 1252 1252 1253 1253 1254 1254 1253 1253 1252 1252 1253 1253 1254 1254 1255 1255 1256 1256 1255 1255 1254 1254 1255 1255 1256 1256 1257 1257 1258 1258 1257 1257 1256 1256 1257 1257 1258 1258 1259 1259 1260 1260 1259 1259 1258 1258 1259 1259 1260 1260 1261 1261 1262 1262 1261 1261 1260 1260 1261 1261 1262 1262 1263 1263 1264 1264 1263 1263 1262 1262 1263 1263 1264 1264 1088 1088 1265 1265 1088 1088 1264 1264 1088 1088 1265 1265 1086 1086 1266 1266 1267 1267 1268 1268 1269 1269 1268 1268 1267 1267 1270 1270 1271 1271 1272 1272 1273 1273 1274 1274 1275 1275 1276 1276 1277 1277 1278 1278 1279 1279 1278 1278 1277 1277 1278 1278 1279 1279 1280 1280 1276 1276 1273 1273 1277 1277 1275 1275 1277 1277 1273 1273 1277 1277 1275 1275 1281 1281 1282 1282 1281 1281 1275 1275 1281 1281 1282 1282 1283 1283 1284 1284 1283 1283 1282 1282 1283 1283 1284 1284 1285 1285 1286 1286 1285 1285 1284 1284 1285 1285 1286 1286 1287 1287 1288 1288 1287 1287 1286 1286 1287 1287 1288 1288 1289 1289 1290 1290 1289 1289 1288 1288 1289 1289 1290 1290 1291 1291 1292 1292 1291 1291 1290 1290 1291 1291 1292 1292 1293 1293 1294 1294 1293 1293 1292 1292 1293 1293 1294 1294 1295 1295 1296 1296 1295 1295 1294 1294 1295 1295 1296 1296 1272 1272 1297 1297 1272 1272 1296 1296 1298 1298 1299 1299 1297 1297 1300 1300 1297 1297 1299 1299 1297 1297 1300 1300 1272 1272 1301 1301 1272 1272 1300 1300 1272 1272 1301 1301 1270 1270 1280 1280 1302 1302 1278 1278 1303 1303 1278 1278 1302 1302 1278 1278 1303 1303 1304 1304 1305 1305 1304 1304 1303 1303 1303 1303 1306 1306 1305 1305 1307 1307 1305 1305 1306 1306 1305 1305 1307 1307 1308 1308 1309 1309 1308 1308 1307 1307 1308 1308 1309 1309 1310 1310 1311 1311 1310 1310 1309 1309 1310 1310 1311 1311 1312 1312 1313 1313 1312 1312 1311 1311 1314 1314 1315 1315 1316 1316 1317 1317 1316 1316 1315 1315 1316 1316 1317 1317 1318 1318 1319 1319 1318 1318 1317 1317 1320 1320 1321 1321 1317 1317 1322 1322 1317 1317 1321 1321 1317 1317 1322 1322 1319 1319 1314 1314 1323 1323 1315 1315 1324 1324 1315 1315 1323 1323 1315 1315 1324 1324 1325 1325 1326 1326 1327 1327 1328 1328 1329 1329 1330 1330 1328 1328 1331 1331 1332 1332 1328 1328 1333 1333 1328 1328 1332 1332 1328 1328 1333 1333 1333 1333 1334 1334 1335 1335 1336 1336 1337 1337 1336 1336 1335 1335 1334 1334 1338 1338 1335 1335 1339 1339 1335 1335 1338 1338 1335 1335 1339 1339 1340 1340 1341 1341 1342 1342 1328 1328 1343 1343 1344 1344 1328 1328 1345 1345 1346 1346 1347 1347 1348 1348 1347 1347 1346 1346 1347 1347 1348 1348 1349 1349 1350 1350 1351 1351 1352 1352 1353 1353 1354 1354 1335 1335 1355 1355 1335 1335 1354 1354 1335 1335 1355 1355 1356 1356 1335 1335 1357 1357 1328 1328 1358 1358 1328 1328 1357 1357 1328 1328 1358 1358 1359 1359 1360 1360 1361 1361 1328 1328 1362 1362 1363 1363 1328 1328 1364 1364 1328 1328 1363 1363 1328 1328 1364 1364 1365 1365 1366 1366 1367 1367 1328 1328 1368 1368 1328 1328 1367 1367 1369 1369 1370 1370 1371 1371 1331 1331 1371 1371 1370 1370 1371 1371 1331 1331 1372 1372 1328 1328 1372 1372 1331 1331 1372 1372 1328 1328 1373 1373 1368 1368 1373 1373 1328 1328 1374 1374 1375 1375 1335 1335 1375 1375 1376 1376 1335 1335 1377 1377 1335 1335 1376 1376 1335 1335 1377 1377 1357 1357 1378 1378 1379 1379 1380 1380 1381 1381 1380 1380 1379 1379 1380 1380 1381 1381 1382 1382 1383 1383 1382 1382 1381 1381 1350 1350 1384 1384 1351 1351 1385 1385 1351 1351 1384 1384 1351 1351 1385 1385 1328 1328 1386 1386 1328 1328 1385 1385 1328 1328 1386 1386 1387 1387 1388 1388 1389 1389 1328 1328 1390 1390 1391 1391 1328 1328 1392 1392 1393 1393 1328 1328 1394 1394 1328 1328 1393 1393 1328 1328 1394 1394 1326 1326 1395 1395 1396 1396 1397 1397 1398 1398 1399 1399 1400 1400 1401 1401 1400 1400 1399 1399 1400 1400 1401 1401 1402 1402 1403 1403 1404 1404 1405 1405 1406 1406 1405 1405 1404 1404 1405 1405 1406 1406 1407 1407 1408 1408 1409 1409 1410 1410 1411 1411 1410 1410 1409 1409 1412 1412 1413 1413 1414 1414 1415 1415 1414 1414 1413 1413 1414 1414 1415 1415 1327 1327 1416 1416 1327 1327 1415 1415 1327 1327 1416 1416 1328 1328 1417 1417 1328 1328 1416 1416 1328 1328 1417 1417 1366 1366 1418 1418 1419 1419 1335 1335 1420 1420 1335 1335 1419 1419 1335 1335 1420 1420 1353 1353 1421 1421 1422 1422 1423 1423 1395 1395 1423 1423 1422 1422 1423 1423 1395 1395 1424 1424 1397 1397 1424 1424 1395 1395 1425 1425 1426 1426 1328 1328 1427 1427 1428 1428 1328 1328 1429 1429 1430 1430 1431 1431 1432 1432 1431 1431 1430 1430 1431 1431 1432 1432 1352 1352 1433 1433 1352 1352 1432 1432 1352 1352 1433 1433 1350 1350 1434 1434 1435 1435 1436 1436 1437 1437 1436 1436 1435 1435 1436 1436 1437 1437 1438 1438 1439 1439 1440 1440 1441 1441 1442 1442 1441 1441 1440 1440 1443 1443 1444 1444 1445 1445 1446 1446 1445 1445 1444 1444 1445 1445 1446 1446 1447 1447 1448 1448 1449 1449 1328 1328 1450 1450 1328 1328 1449 1449 1328 1328 1450 1450 1451 1451 1452 1452 1453 1453 1328 1328 1454 1454 1328 1328 1453 1453 1328 1328 1454 1454 1390 1390 1455 1455 1456 1456 1457 1457 1458 1458 1459 1459 1460 1460 1461 1461 1462 1462 1463 1463 1464 1464 1465 1465 1466 1466 1467 1467 1466 1466 1465 1465 1468 1468 1469 1469 1470 1470 1471 1471 1470 1470 1469 1469 1470 1470 1471 1471 1472 1472 1473 1473 1474 1474 1475 1475 1476 1476 1475 1475 1474 1474 1475 1475 1476 1476 1477 1477 1478 1478 1479 1479 1480 1480 1481 1481 1480 1480 1479 1479 1480 1480 1481 1481 1482 1482 1483 1483 1484 1484 1485 1485 1361 1361 1485 1485 1484 1484 1486 1486 1487 1487 1488 1488 1489 1489 1488 1488 1487 1487 1490 1490 1491 1491 1492 1492 1493 1493 1492 1492 1491 1491 1492 1492 1493 1493 1494 1494 1495 1495 1496 1496 1497 1497 1498 1498 1497 1497 1496 1496 1499 1499 1500 1500 1501 1501 1502 1502 1503 1503 1504 1504 1505 1505 1504 1504 1503 1503 1504 1504 1505 1505 1506 1506 1410 1410 1506 1506 1505 1505 1506 1506 1410 1410 1507 1507 1411 1411 1507 1507 1410 1410 1448 1448 1328 1328 1508 1508 1365 1365 1508 1508 1328 1328 1508 1508 1365 1365 1509 1509 1421 1421 1510 1510 1422 1422 1418 1418 1422 1422 1510 1510 1422 1422 1418 1418 1511 1511 1335 1335 1511 1511 1418 1418 1511 1511 1335 1335 1512 1512 1340 1340 1512 1512 1335 1335 1513 1513 1514 1514 1335 1335 1515 1515 1516 1516 1517 1517 1458 1458 1517 1517 1516 1516 1517 1517 1458 1458 1518 1518 1460 1460 1518 1518 1458 1458 1519 1519 1520 1520 1521 1521 1342 1342 1521 1521 1520 1520 1522 1522 1523 1523 1524 1524 1525 1525 1524 1524 1523 1523 1524 1524 1525 1525 1526 1526 1527 1527 1528 1528 1529 1529 1530 1530 1529 1529 1528 1528 1529 1529 1530 1530 1531 1531 1532 1532 1533 1533 1534 1534 1535 1535 1534 1534 1533 1533 1534 1534 1535 1535 1536 1536 1537 1537 1538 1538 1539 1539 1540 1540 1539 1539 1538 1538 1541 1541 1542 1542 1543 1543 1544 1544 1543 1543 1542 1542 1543 1543 1544 1544 1407 1407 1545 1545 1407 1407 1544 1544 1407 1407 1545 1545 1405 1405 1484 1484 1546 1546 1361 1361 1547 1547 1361 1361 1546 1546 1361 1361 1547 1547 1328 1328 1489 1489 1328 1328 1547 1547 1548 1548 1549 1549 1550 1550 1551 1551 1550 1550 1549 1549 1550 1550 1551 1551 1552 1552 1444 1444 1552 1552 1551 1551 1552 1552 1444 1444 1553 1553 1443 1443 1553 1553 1444 1444 1554 1554 1555 1555 1556 1556 1557 1557 1556 1556 1555 1555 1556 1556 1557 1557 1558 1558 1328 1328 1559 1559 1560 1560 1513 1513 1335 1335 1561 1561 1562 1562 1563 1563 1564 1564 1565 1565 1564 1564 1563 1563 1564 1564 1565 1565 1566 1566 1374 1374 1566 1566 1565 1565 1566 1566 1374 1374 1567 1567 1568 1568 1569 1569 1570 1570 1571 1571 1570 1570 1569 1569 1570 1570 1571 1571 1359 1359 1572 1572 1359 1359 1571 1571 1359 1359 1572 1572 1573 1573 1383 1383 1381 1381 1574 1574 1575 1575 1574 1574 1381 1381 1574 1574 1575 1575 1576 1576 1577 1577 1576 1576 1575 1575 1576 1576 1577 1577 1578 1578 1579 1579 1580 1580 1581 1581 1582 1582 1581 1581 1580 1580 1581 1581 1582 1582 1583 1583 1523 1523 1583 1583 1582 1582 1583 1583 1523 1523 1584 1584 1522 1522 1584 1584 1523 1523 1585 1585 1586 1586 1587 1587 1588 1588 1587 1587 1586 1586 1587 1587 1588 1588 1589 1589 1461 1461 1589 1589 1588 1588 1589 1589 1461 1461 1590 1590 1463 1463 1590 1590 1461 1461 1591 1591 1592 1592 1593 1593 1594 1594 1593 1593 1592 1592 1593 1593 1594 1594 1595 1595 1399 1399 1595 1595 1594 1594 1595 1595 1399 1399 1596 1596 1398 1398 1596 1596 1399 1399 1597 1597 1598 1598 1599 1599 1600 1600 1599 1599 1598 1598 1599 1599 1600 1600 1601 1601 1466 1466 1601 1601 1600 1600 1601 1601 1466 1466 1602 1602 1467 1467 1602 1602 1466 1466 1603 1603 1604 1604 1605 1605 1606 1606 1605 1605 1604 1604 1605 1605 1606 1606 1607 1607 1608 1608 1328 1328 1609 1609 1610 1610 1609 1609 1328 1328 1611 1611 1612 1612 1613 1613 1614 1614 1613 1613 1612 1612 1613 1613 1614 1614 1615 1615 1479 1479 1615 1615 1614 1614 1615 1615 1479 1479 1616 1616 1478 1478 1616 1616 1479 1479 1617 1617 1618 1618 1619 1619 1620 1620 1619 1619 1618 1618 1619 1619 1620 1620 1621 1621 1622 1622 1623 1623 1624 1624 1625 1625 1624 1624 1623 1623 1624 1624 1625 1625 1626 1626 1627 1627 1628 1628 1629 1629 1630 1630 1629 1629 1628 1628 1629 1629 1630 1630 1438 1438 1631 1631 1438 1438 1630 1630 1438 1438 1631 1631 1436 1436 1632 1632 1633 1633 1634 1634 1635 1635 1634 1634 1633 1633 1634 1634 1635 1635 1636 1636 1491 1491 1636 1636 1635 1635 1636 1636 1491 1491 1637 1637 1490 1490 1637 1637 1491 1491 1638 1638 1639 1639 1640 1640 1641 1641 1640 1640 1639 1639 1640 1640 1641 1641 1642 1642 1643 1643 1644 1644 1645 1645 1646 1646 1645 1645 1644 1644 1645 1645 1646 1646 1365 1365 1647 1647 1365 1365 1646 1646 1365 1365 1647 1647 1509 1509 1648 1648 1649 1649 1650 1650 1651 1651 1652 1652 1653 1653 1654 1654 1653 1653 1652 1652 1653 1653 1654 1654 1655 1655 1656 1656 1655 1655 1654 1654 1655 1655 1656 1656 1657 1657 1392 1392 1328 1328 1658 1658 1560 1560 1658 1658 1328 1328 1658 1658 1560 1560 1656 1656 1659 1659 1656 1656 1560 1560 1656 1656 1659 1659 1657 1657 1660 1660 1661 1661 1662 1662 1663 1663 1662 1662 1661 1661 1662 1662 1663 1663 1664 1664 1353 1353 1664 1664 1663 1663 1664 1664 1353 1353 1665 1665 1420 1420 1665 1665 1353 1353 1666 1666 1667 1667 1335 1335 1668 1668 1335 1335 1667 1667 1335 1335 1668 1668 1374 1374 1669 1669 1374 1374 1668 1668 1374 1374 1669 1669 1567 1567 1349 1349 1348 1348 1670 1670 1671 1671 1670 1670 1348 1348 1670 1670 1671 1671 1672 1672 1673 1673 1672 1672 1671 1671 1672 1672 1673 1673 1674 1674 1675 1675 1674 1674 1673 1673 1674 1674 1675 1675 1576 1576 1461 1461 1676 1676 1462 1462 1677 1677 1462 1462 1676 1676 1462 1462 1677 1677 1678 1678 1679 1679 1680 1680 1681 1681 1682 1682 1681 1681 1680 1680 1536 1536 1535 1535 1330 1330 1683 1683 1330 1330 1535 1535 1330 1330 1683 1683 1684 1684 1684 1684 1685 1685 1330 1330 1686 1686 1330 1330 1685 1685 1330 1330 1686 1686 1328 1328 1400 1400 1328 1328 1686 1686 1328 1328 1400 1400 1343 1343 1402 1402 1343 1343 1400 1400 1687 1687 1344 1344 1688 1688 1689 1689 1688 1688 1344 1344 1688 1688 1689 1689 1690 1690 1691 1691 1692 1692 1693 1693 1690 1690 1693 1693 1692 1692 1693 1693 1690 1690 1694 1694 1689 1689 1694 1694 1690 1690 1472 1472 1471 1471 1537 1537 1695 1695 1537 1537 1471 1471 1537 1537 1695 1695 1538 1538 1621 1621 1620 1620 1608 1608 1696 1696 1608 1608 1620 1620 1608 1608 1696 1696 1697 1697 1698 1698 1699 1699 1700 1700 1701 1701 1700 1700 1699 1699 1700 1700 1701 1701 1483 1483 1702 1702 1483 1483 1701 1701 1483 1483 1702 1702 1484 1484 1487 1487 1703 1703 1489 1489 1704 1704 1489 1489 1703 1703 1489 1489 1704 1704 1328 1328 1623 1623 1328 1328 1704 1704 1328 1328 1623 1623 1427 1427 1622 1622 1427 1427 1623 1623 1705 1705 1706 1706 1707 1707 1708 1708 1707 1707 1706 1706 1709 1709 1710 1710 1711 1711 1712 1712 1711 1711 1710 1710 1711 1711 1712 1712 1713 1713 1499 1499 1714 1714 1500 1500 1715 1715 1500 1500 1714 1714 1500 1500 1715 1715 1716 1716 1558 1558 1557 1557 1389 1389 1717 1717 1389 1389 1557 1557 1389 1389 1717 1717 1718 1718 1718 1718 1719 1719 1389 1389 1720 1720 1389 1389 1719 1719 1389 1389 1720 1720 1328 1328 1445 1445 1328 1328 1720 1720 1328 1328 1445 1445 1362 1362 1447 1447 1362 1362 1445 1445 1648 1648 1721 1721 1649 1649 1722 1722 1649 1649 1721 1721 1649 1649 1722 1722 1328 1328 1723 1723 1328 1328 1722 1722 1328 1328 1723 1723 1724 1724 1328 1328 1725 1725 1726 1726 1515 1515 1727 1727 1516 1516 1561 1561 1516 1516 1727 1727 1516 1516 1561 1561 1728 1728 1335 1335 1728 1728 1561 1561 1728 1728 1335 1335 1729 1729 1356 1356 1729 1729 1335 1335 1514 1514 1730 1730 1731 1731 1514 1514 1731 1731 1335 1335 1732 1732 1335 1335 1731 1731 1335 1335 1732 1732 1666 1666 1520 1520 1733 1733 1342 1342 1734 1734 1342 1342 1733 1733 1342 1342 1734 1734 1328 1328 1735 1735 1426 1426 1736 1736 1737 1737 1736 1736 1426 1426 1736 1736 1737 1737 1682 1682 1738 1738 1682 1682 1737 1737 1682 1682 1738 1738 1681 1681 1739 1739 1740 1740 1741 1741 1742 1742 1743 1743 1744 1744 1745 1745 1744 1744 1743 1743 1744 1744 1745 1745 1746 1746 1328 1328 1747 1747 1496 1496 1748 1748 1749 1749 1750 1750 1751 1751 1500 1500 1328 1328 1716 1716 1328 1328 1500 1500 1328 1328 1716 1716 1388 1388 1752 1752 1753 1753 1754 1754 1724 1724 1755 1755 1328 1328 1756 1756 1328 1328 1755 1755 1328 1328 1756 1756 1757 1757 1757 1757 1758 1758 1328 1328 1409 1409 1328 1328 1758 1758 1328 1328 1409 1409 1452 1452 1408 1408 1452 1452 1409 1409 1559 1559 1328 1328 1759 1759 1726 1726 1759 1759 1328 1328 1759 1759 1726 1726 1456 1456 1760 1760 1456 1456 1726 1726 1456 1456 1760 1760 1457 1457 1761 1761 1762 1762 1763 1763 1764 1764 1734 1734 1765 1765 1766 1766 1765 1765 1734 1734 1765 1765 1766 1766 1530 1530 1767 1767 1530 1530 1766 1766 1530 1530 1767 1767 1531 1531 1768 1768 1769 1769 1770 1770 1771 1771 1770 1770 1769 1769 1770 1770 1771 1771 1772 1772 1771 1771 1462 1462 1328 1328 1678 1678 1328 1328 1462 1462 1328 1328 1678 1678 1329 1329 1687 1687 1773 1773 1344 1344 1774 1774 1344 1344 1773 1773 1344 1344 1774 1774 1328 1328 1465 1465 1328 1328 1774 1774 1540 1540 1775 1775 1539 1539 1328 1328 1539 1539 1775 1775 1539 1539 1328 1328 1776 1776 1465 1465 1776 1776 1328 1328 1776 1776 1465 1465 1777 1777 1464 1464 1777 1777 1465 1465 1697 1697 1778 1778 1608 1608 1779 1779 1608 1608 1778 1778 1608 1608 1779 1779 1328 1328 1480 1480 1328 1328 1779 1779 1328 1328 1480 1480 1360 1360 1482 1482 1360 1360 1480 1480 1488 1488 1780 1780 1486 1486 1739 1739 1486 1486 1780 1780 1486 1486 1739 1739 1781 1781 1741 1741 1781 1781 1739 1739 1782 1782 1783 1783 1784 1784 1785 1785 1784 1784 1783 1783 1784 1784 1785 1785 1626 1626 1786 1786 1626 1626 1785 1785 1626 1626 1786 1786 1624 1624 1713 1713 1712 1712 1387 1387 1787 1787 1387 1387 1712 1712 1387 1387 1787 1787 1788 1788 1788 1788 1789 1789 1387 1387 1790 1790 1387 1387 1789 1789 1387 1387 1790 1790 1328 1328 1492 1492 1328 1328 1790 1790 1328 1328 1492 1492 1434 1434 1494 1494 1434 1434 1492 1492 1791 1791 1792 1792 1793 1793 1794 1794 1793 1793 1792 1792 1793 1793 1794 1794 1795 1795 1497 1497 1795 1795 1794 1794 1795 1795 1497 1497 1796 1796 1498 1498 1796 1796 1497 1497 1642 1642 1641 1641 1797 1797 1798 1798 1797 1797 1641 1641 1797 1797 1798 1798 1799 1799 1800 1800 1799 1799 1798 1798 1799 1799 1800 1800 1801 1801 1436 1436 1802 1802 1434 1434 1803 1803 1434 1434 1802 1802 1434 1434 1803 1803 1328 1328 1799 1799 1328 1328 1803 1803 1328 1328 1799 1799 1747 1747 1801 1801 1747 1747 1799 1799 1804 1804 1805 1805 1806 1806 1807 1807 1806 1806 1805 1805 1806 1806 1807 1807 1808 1808 1499 1499 1808 1808 1807 1807 1808 1808 1499 1499 1809 1809 1501 1501 1809 1809 1499 1499 1749 1749 1748 1748 1810 1810 1811 1811 1810 1810 1748 1748 1810 1810 1811 1811 1442 1442 1812 1812 1442 1442 1811 1811 1442 1442 1812 1812 1441 1441 1495 1495 1813 1813 1496 1496 1814 1814 1496 1496 1813 1813 1496 1496 1814 1814 1328 1328 1748 1748 1328 1328 1814 1814 1328 1328 1748 1748 1751 1751 1750 1750 1751 1751 1748 1748 1815 1815 1816 1816 1817 1817 1451 1451 1818 1818 1328 1328 1819 1819 1328 1328 1818 1818 1328 1328 1819 1819 1649 1649 1754 1754 1820 1820 1752 1752 1821 1821 1752 1752 1820 1820 1752 1752 1821 1821 1756 1756 1822 1822 1756 1756 1821 1821 1756 1756 1822 1822 1757 1757 1823 1823 1824 1824 1825 1825 1826 1826 1827 1827 1828 1828 1829 1829 1830 1830 1831 1831 1573 1573 1832 1832 1359 1359 1674 1674 1359 1359 1832 1832 1359 1359 1674 1674 1328 1328 1576 1576 1328 1328 1674 1674 1328 1328 1576 1576 1341 1341 1578 1578 1341 1341 1576 1576 1521 1521 1833 1833 1519 1519 1761 1761 1519 1519 1833 1833 1519 1519 1761 1761 1834 1834 1763 1763 1834 1834 1761 1761 1764 1764 1835 1835 1734 1734 1836 1836 1734 1734 1835 1835 1734 1734 1836 1836 1328 1328 1524 1524 1328 1328 1836 1836 1328 1328 1524 1524 1425 1425 1526 1526 1425 1425 1524 1524 1735 1735 1837 1837 1426 1426 1838 1838 1426 1426 1837 1837 1426 1426 1838 1838 1328 1328 1839 1839 1328 1328 1838 1838 1328 1328 1839 1839 1771 1771 1840 1840 1771 1771 1839 1839 1771 1771 1840 1840 1772 1772 1841 1841 1775 1775 1842 1842 1843 1843 1842 1842 1775 1775 1842 1842 1843 1843 1476 1476 1844 1844 1476 1476 1843 1843 1476 1476 1844 1844 1477 1477 1841 1841 1845 1845 1775 1775 1846 1846 1775 1775 1845 1845 1775 1775 1846 1846 1328 1328 1605 1605 1328 1328 1846 1846 1328 1328 1605 1605 1610 1610 1607 1607 1610 1610 1605 1605 1847 1847 1848 1848 1849 1849 1850 1850 1849 1849 1848 1848 1849 1849 1850 1850 1851 1851 1648 1648 1851 1851 1850 1850 1851 1851 1648 1648 1852 1852 1650 1650 1852 1852 1648 1648 1817 1817 1853 1853 1815 1815 1854 1854 1815 1815 1853 1853 1815 1815 1854 1854 1451 1451 1855 1855 1451 1451 1854 1854 1451 1451 1855 1855 1818 1818 1457 1457 1856 1856 1455 1455 1823 1823 1455 1455 1856 1856 1455 1455 1823 1823 1857 1857 1825 1825 1857 1857 1823 1823 1828 1828 1858 1858 1826 1826 1859 1859 1826 1826 1858 1858 1826 1826 1859 1859 1391 1391 1860 1860 1391 1391 1859 1859 1391 1391 1860 1860 1328 1328 1861 1861 1328 1328 1860 1860 1328 1328 1861 1861 1725 1725 1730 1730 1862 1862 1731 1731 1829 1829 1731 1731 1862 1862 1731 1731 1829 1829 1863 1863 1831 1831 1863 1863 1829 1829 1864 1864 1865 1865 1866 1866 1867 1867 1866 1866 1865 1865 1866 1866 1867 1867 1770 1770 1868 1868 1770 1770 1867 1867 1770 1770 1868 1868 1768 1768 1869 1869 1870 1870 1871 1871 1872 1872 1871 1871 1870 1870 1871 1871 1872 1872 1873 1873 1604 1604 1873 1873 1872 1872 1873 1873 1604 1604 1874 1874 1603 1603 1874 1874 1604 1604 1875 1875 1876 1876 1877 1877 1878 1878 1877 1877 1876 1876 1877 1877 1878 1878 1879 1879 1743 1743 1879 1879 1878 1878 1879 1879 1743 1743 1880 1880 1742 1742 1880 1880 1743 1743 1405 1405 1881 1881 1403 1403 1882 1882 1403 1403 1881 1881 1403 1403 1882 1882 1328 1328 1883 1883 1328 1328 1882 1882 1328 1328 1883 1883 1351 1351 1884 1884 1428 1428 1885 1885 1886 1886 1885 1885 1428 1428 1885 1885 1886 1886 1708 1708 1887 1887 1708 1708 1886 1886 1708 1708 1887 1887 1707 1707 1884 1884 1888 1888 1428 1428 1889 1889 1428 1428 1888 1888 1428 1428 1889 1889 1328 1328 1744 1744 1328 1328 1889 1889 1328 1328 1744 1744 1403 1403 1746 1746 1403 1403 1744 1744 1890 1890 1891 1891 1892 1892 1893 1893 1892 1892 1891 1891 1892 1892 1893 1893 1894 1894 1895 1895 1896 1896 1897 1897 1898 1898 1897 1897 1896 1896 1897 1897 1898 1898 1899 1899 1900 1900 1899 1899 1898 1898 1899 1899 1900 1900 1901 1901 1902 1902 1901 1901 1900 1900 1901 1901 1902 1902 1903 1903 1904 1904 1903 1903 1902 1902 1903 1903 1904 1904 1905 1905 1906 1906 1905 1905 1904 1904 1905 1905 1906 1906 1907 1907 1894 1894 1907 1907 1906 1906 1907 1907 1894 1894 1908 1908 1893 1893 1908 1908 1894 1894 1909 1909 1910 1910 1911 1911 1912 1912 1913 1913 1914 1914 1915 1915 1914 1914 1913 1913 1914 1914 1915 1915 1916 1916 1917 1917 1916 1916 1915 1915 1916 1916 1917 1917 1918 1918 1919 1919 1918 1918 1917 1917 1918 1918 1919 1919 1920 1920 1921 1921 1920 1920 1919 1919 1920 1920 1921 1921 1922 1922 1923 1923 1922 1922 1921 1921 1922 1922 1923 1923 1924 1924 1925 1925 1924 1924 1923 1923 1924 1924 1925 1925 1926 1926 1927 1927 1926 1926 1925 1925 1926 1926 1927 1927 1928 1928 1929 1929 1928 1928 1927 1927 1928 1928 1929 1929 1930 1930 1931 1931 1930 1930 1929 1929 1930 1930 1931 1931 1932 1932 1933 1933 1932 1932 1931 1931 1932 1932 1933 1933 1934 1934 1935 1935 1934 1934 1933 1933 1934 1934 1935 1935 1936 1936 1937 1937 1936 1936 1935 1935 1936 1936 1937 1937 1938 1938 1939 1939 1938 1938 1937 1937 1938 1938 1939 1939 1940 1940 1941 1941 1940 1940 1939 1939 1940 1940 1941 1941 1942 1942 1943 1943 1942 1942 1941 1941 1942 1942 1943 1943 1944 1944 1945 1945 1944 1944 1943 1943 1944 1944 1945 1945 1946 1946 1947 1947 1946 1946 1945 1945 1946 1946 1947 1947 1948 1948 1949 1949 1948 1948 1947 1947 1948 1948 1949 1949 1950 1950 1951 1951 1950 1950 1949 1949 1950 1950 1951 1951 1952 1952 1953 1953 1952 1952 1951 1951 1952 1952 1953 1953 1954 1954 1955 1955 1954 1954 1953 1953 1954 1954 1955 1955 1956 1956 1957 1957 1956 1956 1955 1955 1956 1956 1957 1957 1958 1958 1959 1959 1958 1958 1957 1957 1958 1958 1959 1959 1960 1960 1961 1961 1960 1960 1959 1959 1960 1960 1961 1961 1962 1962 1963 1963 1962 1962 1961 1961 1962 1962 1963 1963 1964 1964 1965 1965 1964 1964 1963 1963 1964 1964 1965 1965 1966 1966 1967 1967 1966 1966 1965 1965 1966 1966 1967 1967 1968 1968 1969 1969 1968 1968 1967 1967 1968 1968 1969 1969 1970 1970 1971 1971 1970 1970 1969 1969 1970 1970 1971 1971 1972 1972 1973 1973 1972 1972 1971 1971 1972 1972 1973 1973 1974 1974 1975 1975 1974 1974 1973 1973 1974 1974 1975 1975 1976 1976 1977 1977 1976 1976 1975 1975 1976 1976 1977 1977 1978 1978 1979 1979 1978 1978 1977 1977 1978 1978 1979 1979 1980 1980 1981 1981 1980 1980 1979 1979 1980 1980 1981 1981 1982 1982 1983 1983 1982 1982 1981 1981 1982 1982 1983 1983 1984 1984 1985 1985 1984 1984 1983 1983 1984 1984 1985 1985 1986 1986 1987 1987 1986 1986 1985 1985 1986 1986 1987 1987 1988 1988 1989 1989 1988 1988 1987 1987 1988 1988 1989 1989 1911 1911 1990 1990 1911 1911 1989 1989 1911 1911 1990 1990 1909 1909 1991 1991 1992 1992 1993 1993 1994 1994 1993 1993 1992 1992 1995 1995 1996 1996 1997 1997 1998 1998 1997 1997 1996 1996 1999 1999 2000 2000 2001 2001 2002 2002 2001 2001 2000 2000 2003 2003 2004 2004 2005 2005 2006 2006 2005 2005 2004 2004 2005 2005 2006 2006 2007 2007 2008 2008 2009 2009 2010 2010 2011 2011 2010 2010 2009 2009 2010 2010 2011 2011 2012 2012 2013 2013 2014 2014 2015 2015 2016 2016 2015 2015 2014 2014 2015 2015 2016 2016 2017 2017 2018 2018 2019 2019 2005 2005 2020 2020 2005 2005 2019 2019 2005 2005 2020 2020 2003 2003 2021 2021 2022 2022 2023 2023 2024 2024 2023 2023 2022 2022 2023 2023 2024 2024 2025 2025 2026 2026 2027 2027 2024 2024 2013 2013 2024 2024 2027 2027 2028 2028 2029 2029 2030 2030 2031 2031 2030 2030 2029 2029 2030 2030 2031 2031 2032 2032 2033 2033 2034 2034 2035 2035 2036 2036 2037 2037 2038 2038 2008 2008 2038 2038 2037 2037 2038 2038 2008 2008 2039 2039 2040 2040 2041 2041 2024 2024 2042 2042 2024 2024 2041 2041 2024 2024 2042 2042 2043 2043 2043 2043 2044 2044 2024 2024 2045 2045 2024 2024 2044 2044 2024 2024 2045 2045 2025 2025 2011 2011 2046 2046 2012 2012 2047 2047 2012 2012 2046 2046 2012 2012 2047 2047 2048 2048 2049 2049 2048 2048 2047 2047 2048 2048 2049 2049 2021 2021 2050 2050 2021 2021 2049 2049 2021 2021 2050 2050 2022 2022 2051 2051 2052 2052 2053 2053 2054 2054 2053 2053 2052 2052 2053 2053 2054 2054 2055 2055 2056 2056 2055 2055 2054 2054 2055 2055 2056 2056 2057 2057 2058 2058 2057 2057 2056 2056 2031 2031 2059 2059 2032 2032 2060 2060 2032 2032 2059 2059 2032 2032 2060 2060 2058 2058 2061 2061 2058 2058 2060 2060 2058 2058 2061 2061 2057 2057 2062 2062 2063 2063 2064 2064 2065 2065 2064 2064 2063 2063 2064 2064 2065 2065 2066 2066 2067 2067 2068 2068 2069 2069 2070 2070 2069 2069 2068 2068 2069 2069 2070 2070 2035 2035 2071 2071 2035 2035 2070 2070 2035 2035 2071 2071 2033 2033 2072 2072 2073 2073 2074 2074 2075 2075 2074 2074 2073 2073 2074 2074 2075 2075 2069 2069 2076 2076 2069 2069 2075 2075 2069 2069 2076 2076 2067 2067 2077 2077 2078 2078 2079 2079 2080 2080 2079 2079 2078 2078 2079 2079 2080 2080 2072 2072 2081 2081 2072 2072 2080 2080 2072 2072 2081 2081 2073 2073 2082 2082 2083 2083 2084 2084 2017 2017 2085 2085 2015 2015 2086 2086 2015 2015 2085 2085 2015 2015 2086 2086 2087 2087 2088 2088 2087 2087 2086 2086 2087 2087 2088 2088 2089 2089 2090 2090 2089 2089 2088 2088 2089 2089 2090 2090 2091 2091 2092 2092 2091 2091 2090 2090 2091 2091 2092 2092 2093 2093 2094 2094 2093 2093 2092 2092 2093 2093 2094 2094 2095 2095 2096 2096 2095 2095 2094 2094 2095 2095 2096 2096 2097 2097 2098 2098 2097 2097 2096 2096 2097 2097 2098 2098 2018 2018 2099 2099 2018 2018 2098 2098 2018 2018 2099 2099 2019 2019 2100 2100 2101 2101 2102 2102 2066 2066 2102 2102 2101 2101 2102 2102 2066 2066 2103 2103 2065 2065 2103 2103 2066 2066 2104 2104 2105 2105 2106 2106 2107 2107 2106 2106 2105 2105 2106 2106 2107 2107 2064 2064 2108 2108 2064 2064 2107 2107 2064 2064 2108 2108 2062 2062 2109 2109 2110 2110 2111 2111 2112 2112 2111 2111 2110 2110 2111 2111 2112 2112 2106 2106 2113 2113 2106 2106 2112 2112 2106 2106 2113 2113 2104 2104 2084 2084 2083 2083 2114 2114 2013 2013 2015 2015 2024 2024 2115 2115 2024 2024 2015 2015 2024 2024 2115 2115 2040 2040 2116 2116 2117 2117 2077 2077 2118 2118 2077 2077 2117 2117 2077 2077 2118 2118 2078 2078 2083 2083 2119 2119 2114 2114 2120 2120 2114 2114 2119 2119 2114 2114 2120 2120 2116 2116 2121 2121 2116 2116 2120 2120 2116 2116 2121 2121 2117 2117 2122 2122 2123 2123 2124 2124 2051 2051 2125 2125 2052 2052 2126 2126 2052 2052 2125 2125 2052 2052 2126 2126 2127 2127 2128 2128 2127 2127 2126 2126 2127 2127 2128 2128 2038 2038 2129 2129 2038 2038 2128 2128 2038 2038 2129 2129 2036 2036 2028 2028 2030 2030 2130 2130 2131 2131 2130 2130 2030 2030 2130 2130 2131 2131 2132 2132 2100 2100 2133 2133 2101 2101 2134 2134 2101 2101 2133 2133 2101 2101 2134 2134 2131 2131 2135 2135 2131 2131 2134 2134 2131 2131 2135 2135 2132 2132 2033 2033 2136 2136 2034 2034 2137 2137 2034 2034 2136 2136 2034 2034 2137 2137 2138 2138 2139 2139 2138 2138 2137 2137 2139 2139 2140 2140 2138 2138 2141 2141 2138 2138 2140 2140 2138 2138 2141 2141 2111 2111 2142 2142 2111 2111 2141 2141 2111 2111 2142 2142 2109 2109 2143 2143 2144 2144 2145 2145 2146 2146 2145 2145 2144 2144 2145 2145 2146 2146 2147 2147 2148 2148 2147 2147 2146 2146 2147 2147 2148 2148 2149 2149 2150 2150 2151 2151 2145 2145 2152 2152 2145 2145 2151 2151 2145 2145 2152 2152 2143 2143 2124 2124 2123 2123 2150 2150 2153 2153 2150 2150 2123 2123 2150 2150 2153 2153 2154 2154 2155 2155 2156 2156 2157 2157 2158 2158 2159 2159 2084 2084 2160 2160 2084 2084 2159 2159 2084 2084 2160 2160 2082 2082 2161 2161 2162 2162 2163 2163 2164 2164 2163 2163 2162 2162 2163 2163 2164 2164 2158 2158 2165 2165 2158 2158 2164 2164 2158 2158 2165 2165 2159 2159 2149 2149 2166 2166 2147 2147 2167 2167 2147 2147 2166 2166 2147 2147 2167 2167 2163 2163 2168 2168 2163 2163 2167 2167 2163 2163 2168 2168 2161 2161 2154 2154 2169 2169 2150 2150 2170 2170 2150 2150 2169 2169 2150 2150 2170 2170 2151 2151 2008 2008 2010 2010 2039 2039 2171 2171 2039 2039 2010 2010 2039 2039 2171 2171 2157 2157 2172 2172 2157 2157 2171 2171 2157 2157 2172 2172 2155 2155 2156 2156 2173 2173 2157 2157 2174 2174 2157 2157 2173 2173 2157 2157 2174 2174 2175 2175 2176 2176 2175 2175 2174 2174 2175 2175 2176 2176 2124 2124 2177 2177 2124 2124 2176 2176 2124 2124 2177 2177 2122 2122 2178 2178 2179 2179 2180 2180 2181 2181 2180 2180 2179 2179 2182 2182 2183 2183 2184 2184 2185 2185 2186 2186 2187 2187 2188 2188 2189 2189 2184 2184 2190 2190 2184 2184 2189 2189 2184 2184 2190 2190 2182 2182 2187 2187 2191 2191 2185 2185 2192 2192 2185 2185 2191 2191 2185 2185 2192 2192 2193 2193 2183 2183 2194 2194 2184 2184 2195 2195 2184 2184 2194 2194 2184 2184 2195 2195 2196 2196 2185 2185 2197 2197 2198 2198 2198 2198 2199 2199 2185 2185 2200 2200 2185 2185 2199 2199 2185 2185 2200 2200 2186 2186 2196 2196 2201 2201 2184 2184 2202 2202 2184 2184 2201 2201 2184 2184 2202 2202 2185 2185 2203 2203 2185 2185 2202 2202 2185 2185 2203 2203 2197 2197 2204 2204 2205 2205 2206 2206 2207 2207 2206 2206 2205 2205 2208 2208 2209 2209 2210 2210 2211 2211 2210 2210 2209 2209 2212 2212 2213 2213 2214 2214 2215 2215 2214 2214 2213 2213 2216 2216 2217 2217 2218 2218 2219 2219 2218 2218 2217 2217 2220 2220 2221 2221 2222 2222 2223 2223 2222 2222 2221 2221 2224 2224 2225 2225 2226 2226 2227 2227 2226 2226 2225 2225 2228 2228 2229 2229 2230 2230 2231 2231 2230 2230 2229 2229 2232 2232 2233 2233 2234 2234 2235 2235 2234 2234 2233 2233 2236 2236 2237 2237 2238 2238 2239 2239 2238 2238 2237 2237 2240 2240 2241 2241 2242 2242 2243 2243 2242 2242 2241 2241 2244 2244 2245 2245 2246 2246 2247 2247 2246 2246 2245 2245 2248 2248 2249 2249 2250 2250 2251 2251 2250 2250 2249 2249 2252 2252 2253 2253 2254 2254 2255 2255 2254 2254 2253 2253 2256 2256 2257 2257 2258 2258 2259 2259 2258 2258 2257 2257 2260 2260 2261 2261 2262 2262 2263 2263 2262 2262 2261 2261 2264 2264 2265 2265 2266 2266 2267 2267 2266 2266 2265 2265 2268 2268 2269 2269 2270 2270 2271 2271 2270 2270 2269 2269 2272 2272 2273 2273 2274 2274 2275 2275 2274 2274 2273 2273 2276 2276 2277 2277 2278 2278 2279 2279 2278 2278 2277 2277 2280 2280 2281 2281 2282 2282 2283 2283 2282 2282 2281 2281 2284 2284 2285 2285 2286 2286 2287 2287 2286 2286 2285 2285 2288 2288 2289 2289 2290 2290 2291 2291 2290 2290 2289 2289 2292 2292 2293 2293 2294 2294 2295 2295 2294 2294 2293 2293 2296 2296 2297 2297 2298 2298 2299 2299 2298 2298 2297 2297 2300 2300 2301 2301 2302 2302 2303 2303 2302 2302 2301 2301 2304 2304 2305 2305 2306 2306 2307 2307 2306 2306 2305 2305 2308 2308 2309 2309 2310 2310 2311 2311 2310 2310 2309 2309 2312 2312 2313 2313 2314 2314 2315 2315 2314 2314 2313 2313 2316 2316 2317 2317 2318 2318 2319 2319 2318 2318 2317 2317 2320 2320 2321 2321 2322 2322 2323 2323 2322 2322 2321 2321 2324 2324 2325 2325 2326 2326 2327 2327 2326 2326 2325 2325 2328 2328 2329 2329 2330 2330 2331 2331 2330 2330 2329 2329 2332 2332 2333 2333 2334 2334 2335 2335 2334 2334 2333 2333 2336 2336 2337 2337 2338 2338 2339 2339 2338 2338 2337 2337 2340 2340 2341 2341 2342 2342 2343 2343 2342 2342 2341 2341 2344 2344 2345 2345 2346 2346 2347 2347 2346 2346 2345 2345 2348 2348 2349 2349 2350 2350 2351 2351 2350 2350 2349 2349 2352 2352 2353 2353 2354 2354 2355 2355 2354 2354 2353 2353 2356 2356 2357 2357 2358 2358 2359 2359 2358 2358 2357 2357 2360 2360 2361 2361 2362 2362 2363 2363 2362 2362 2361 2361 2364 2364 2365 2365 2366 2366 2367 2367 2366 2366 2365 2365 2368 2368 2369 2369 2370 2370 2371 2371 2370 2370 2369 2369 2372 2372 2373 2373 2374 2374 2375 2375 2374 2374 2373 2373 2376 2376 2377 2377 2378 2378 2379 2379 2378 2378 2377 2377 2380 2380 2381 2381 2382 2382 2383 2383 2382 2382 2381 2381 2384 2384 2385 2385 2386 2386 2387 2387 2386 2386 2385 2385 2388 2388 2389 2389 2390 2390 2391 2391 2390 2390 2389 2389 2392 2392 2393 2393 2394 2394 2395 2395 2394 2394 2393 2393 2396 2396 2397 2397 2398 2398 2399 2399 2398 2398 2397 2397 2400 2400 2401 2401 2402 2402 2403 2403 2402 2402 2401 2401 2404 2404 2405 2405 2406 2406 2407 2407 2408 2408 2409 2409 2410 2410 2411 2411 2409 2409 2412 2412 2409 2409 2411 2411 2409 2409 2412 2412 2406 2406 2413 2413 2406 2406 2412 2412 2406 2406 2413 2413 2404 2404 2414 2414 2415 2415 2416 2416 2417 2417 2418 2418 2409 2409 2418 2418 2419 2419 2409 2409 2420 2420 2409 2409 2419 2419 2409 2409 2420 2420 2410 2410 2416 2416 2421 2421 2414 2414 2422 2422 2414 2414 2421 2421 2414 2414 2422 2422 2409 2409 2423 2423 2409 2409 2422 2422 2409 2409 2423 2423 2407 2407 2408 2408 2424 2424 2409 2409 2425 2425 2409 2409 2424 2424 2409 2409 2425 2425 2417 2417 2426 2426 2417 2417 2425 2425 2417 2417 2426 2426 2427 2427 2428 2428 2429 2429 2430 2430 2431 2431 2430 2430 2429 2429 2430 2430 2431 2431 2432 2432 2433 2433 2432 2432 2431 2431 2428 2428 2434 2434 2429 2429 2435 2435 2429 2429 2434 2434 2429 2429 2435 2435 2436 2436 2437 2437 2438 2438 2429 2429 2438 2438 2439 2439 2429 2429 2440 2440 2429 2429 2439 2439 2429 2429 2440 2440 2441 2441 2442 2442 2429 2429 2443 2443 2444 2444 2443 2443 2429 2429 2442 2442 2445 2445 2429 2429 2446 2446 2429 2429 2445 2445 2429 2429 2446 2446 2447 2447 2448 2448 2447 2447 2446 2446 2448 2448 2449 2449 2447 2447 2450 2450 2447 2447 2449 2449 2447 2447 2450 2450 2451 2451 2436 2436 2452 2452 2429 2429 2453 2453 2429 2429 2452 2452 2429 2429 2453 2453 2437 2437 2454 2454 2437 2437 2453 2453 2437 2437 2454 2454 2455 2455 2456 2456 2455 2455 2454 2454 2441 2441 2457 2457 2429 2429 2458 2458 2429 2429 2457 2457 2429 2429 2458 2458 2444 2444 2459 2459 2444 2444 2458 2458 2444 2444 2459 2459 2460 2460 2461 2461 2460 2460 2459 2459 39 39 40 40 2462 2462 47 47 46 46 2463 2463 43 43 48 48 2464 2464 50 50 53 53 2465 2465 58 58 57 57 2466 2466 54 54 63 63 2467 2467 60 60 59 59 2468 2468 66 66 69 69 2469 2469 74 74 73 73 2470 2470 2471 2471 2472 2472 2473 2473 237 237 238 238 2474 2474 2475 2475 2474 2474 238 238 2474 2474 2475 2475 2476 2476 2477 2477 2476 2476 2475 2475 2476 2476 2477 2477 2478 2478 2479 2479 2480 2480 2481 2481 2478 2478 2481 2481 2480 2480 2481 2481 2478 2478 2482 2482 2477 2477 2482 2482 2478 2478 2473 2473 2472 2472 2481 2481 2483 2483 2481 2481 2472 2472 2481 2481 2483 2483 2479 2479 71 71 70 70 2473 2473 2484 2484 2473 2473 70 70 2473 2473 2484 2484 2485 2485 2485 2485 2486 2486 2473 2473 2487 2487 2473 2473 2486 2486 2473 2473 2487 2487 2471 2471 2488 2488 2489 2489 2490 2490 2491 2491 2490 2490 2489 2489 35 35 37 37 2492 2492 2490 2490 2492 2492 37 37 2492 2492 2490 2490 2493 2493 2491 2491 2493 2493 2490 2490 2494 2494 2495 2495 2496 2496 2497 2497 2496 2496 2495 2495 2496 2496 2497 2497 2490 2490 2498 2498 2490 2490 2497 2497 2490 2490 2498 2498 2488 2488 2494 2494 2496 2496 2499 2499 2500 2500 2499 2499 2496 2496 2499 2499 2500 2500 2501 2501 2502 2502 2501 2501 2500 2500 2501 2501 2502 2502 2503 2503 2504 2504 2503 2503 2502 2502 2503 2503 2504 2504 2505 2505 2505 2505 2504 2504 2506 2506 275 275 2506 2506 2504 2504 2506 2506 275 275 277 277 73 73 71 71 2470 2470 2473 2473 2470 2470 71 71 2470 2470 2473 2473 2507 2507 2481 2481 2507 2507 2473 2473 2507 2507 2481 2481 2508 2508 2482 2482 2508 2508 2481 2481 2508 2508 2482 2482 2509 2509 2477 2477 2509 2509 2482 2482 2509 2509 2477 2477 2510 2510 2475 2475 2510 2510 2477 2477 2510 2510 2475 2475 199 199 238 238 199 199 2475 2475 68 68 74 74 2511 2511 2470 2470 2511 2511 74 74 2511 2511 2470 2470 2512 2512 2507 2507 2512 2512 2470 2470 2512 2512 2507 2507 2513 2513 2508 2508 2513 2513 2507 2507 2513 2513 2508 2508 2514 2514 2509 2509 2514 2514 2508 2508 2514 2514 2509 2509 2515 2515 2510 2510 2515 2515 2509 2509 2515 2515 2510 2510 198 198 199 199 198 198 2510 2510 69 69 68 68 2469 2469 2511 2511 2469 2469 68 68 2469 2469 2511 2511 2516 2516 2512 2512 2516 2516 2511 2511 2516 2516 2512 2512 2517 2517 2513 2513 2517 2517 2512 2512 2517 2517 2513 2513 2518 2518 2514 2514 2518 2518 2513 2513 2518 2518 2514 2514 2519 2519 2515 2515 2519 2519 2514 2514 2519 2519 2515 2515 294 294 198 198 294 294 2515 2515 294 294 296 296 2519 2519 2520 2520 2519 2519 296 296 2519 2519 2520 2520 2518 2518 2521 2521 2518 2518 2520 2520 2518 2518 2521 2521 2517 2517 2522 2522 2517 2517 2521 2521 2517 2517 2522 2522 2516 2516 2523 2523 2516 2516 2522 2522 2516 2516 2523 2523 2469 2469 2524 2524 2469 2469 2523 2523 2469 2469 2524 2524 66 66 64 64 66 66 2524 2524 59 59 64 64 2468 2468 2524 2524 2468 2468 64 64 2468 2468 2524 2524 2525 2525 2523 2523 2525 2525 2524 2524 2525 2525 2523 2523 2526 2526 2522 2522 2526 2526 2523 2523 2526 2526 2522 2522 2527 2527 2521 2521 2527 2527 2522 2522 2527 2527 2521 2521 2528 2528 2520 2520 2528 2528 2521 2521 2528 2528 2520 2520 298 298 296 296 298 298 2520 2520 298 298 300 300 2528 2528 2529 2529 2528 2528 300 300 2528 2528 2529 2529 2527 2527 2530 2530 2527 2527 2529 2529 2527 2527 2530 2530 2526 2526 2531 2531 2526 2526 2530 2530 2526 2526 2531 2531 2525 2525 2532 2532 2525 2525 2531 2531 2525 2525 2532 2532 2468 2468 2533 2533 2468 2468 2532 2532 2468 2468 2533 2533 60 60 62 62 60 60 2533 2533 63 63 62 62 2467 2467 2533 2533 2467 2467 62 62 2467 2467 2533 2533 2534 2534 2532 2532 2534 2534 2533 2533 2534 2534 2532 2532 2535 2535 2531 2531 2535 2535 2532 2532 2535 2535 2531 2531 2536 2536 2530 2530 2536 2536 2531 2531 2536 2536 2530 2530 2537 2537 2529 2529 2537 2537 2530 2530 2537 2537 2529 2529 279 279 300 300 279 279 2529 2529 55 55 54 54 2538 2538 2467 2467 2538 2538 54 54 2538 2538 2467 2467 2539 2539 2534 2534 2539 2539 2467 2467 2539 2539 2534 2534 2540 2540 2535 2535 2540 2540 2534 2534 2540 2540 2535 2535 2541 2541 2536 2536 2541 2541 2535 2535 2541 2541 2536 2536 2542 2542 2537 2537 2542 2542 2536 2536 2542 2542 2537 2537 281 281 279 279 281 281 2537 2537 57 57 55 55 2466 2466 2538 2538 2466 2466 55 55 2466 2466 2538 2538 2543 2543 2539 2539 2543 2543 2538 2538 2543 2543 2539 2539 2544 2544 2540 2540 2544 2544 2539 2539 2544 2544 2540 2540 2545 2545 2541 2541 2545 2545 2540 2540 2545 2545 2541 2541 2546 2546 2542 2542 2546 2546 2541 2541 2546 2546 2542 2542 283 283 281 281 283 283 2542 2542 283 283 289 289 2546 2546 2547 2547 2546 2546 289 289 2546 2546 2547 2547 2545 2545 2548 2548 2545 2545 2547 2547 2545 2545 2548 2548 2544 2544 2549 2549 2544 2544 2548 2548 2544 2544 2549 2549 2543 2543 2550 2550 2543 2543 2549 2549 2543 2543 2550 2550 2466 2466 2551 2551 2466 2466 2550 2550 2466 2466 2551 2551 58 58 52 52 58 58 2551 2551 53 53 52 52 2465 2465 2551 2551 2465 2465 52 52 2465 2465 2551 2551 2552 2552 2550 2550 2552 2552 2551 2551 2552 2552 2550 2550 2553 2553 2549 2549 2553 2553 2550 2550 2553 2553 2549 2549 2554 2554 2548 2548 2554 2554 2549 2549 2554 2554 2548 2548 2555 2555 2547 2547 2555 2555 2548 2548 2555 2555 2547 2547 284 284 289 289 284 284 2547 2547 284 284 265 265 2555 2555 2556 2556 2555 2555 265 265 2555 2555 2556 2556 2554 2554 2557 2557 2554 2554 2556 2556 2554 2554 2557 2557 2553 2553 2558 2558 2553 2553 2557 2557 2553 2553 2558 2558 2552 2552 2559 2559 2552 2552 2558 2558 2552 2552 2559 2559 2465 2465 2464 2464 2465 2465 2559 2559 2465 2465 2464 2464 50 50 48 48 50 50 2464 2464 44 44 43 43 2560 2560 2464 2464 2560 2560 43 43 2560 2560 2464 2464 2561 2561 2559 2559 2561 2561 2464 2464 2561 2561 2559 2559 2562 2562 2558 2558 2562 2562 2559 2559 2562 2562 2558 2558 2563 2563 2557 2557 2563 2563 2558 2558 2563 2563 2557 2557 2564 2564 2556 2556 2564 2564 2557 2557 2564 2564 2556 2556 267 267 265 265 267 267 2556 2556 46 46 44 44 2463 2463 2560 2560 2463 2463 44 44 2463 2463 2560 2560 2565 2565 2561 2561 2565 2565 2560 2560 2565 2565 2561 2561 2566 2566 2562 2562 2566 2566 2561 2561 2566 2566 2562 2562 2567 2567 2563 2563 2567 2567 2562 2562 2567 2567 2563 2563 2568 2568 2564 2564 2568 2568 2563 2563 2568 2568 2564 2564 269 269 267 267 269 269 2564 2564 42 42 47 47 2569 2569 2463 2463 2569 2569 47 47 2569 2569 2463 2463 2570 2570 2565 2565 2570 2570 2463 2463 2570 2570 2565 2565 2571 2571 2566 2566 2571 2571 2565 2565 2571 2571 2566 2566 2572 2572 2567 2567 2572 2572 2566 2566 2572 2572 2567 2567 2573 2573 2568 2568 2573 2573 2567 2567 2573 2573 2568 2568 271 271 269 269 271 271 2568 2568 40 40 42 42 2462 2462 2569 2569 2462 2462 42 42 2462 2462 2569 2569 2574 2574 2570 2570 2574 2574 2569 2569 2574 2574 2570 2570 2575 2575 2571 2571 2575 2575 2570 2570 2575 2575 2571 2571 2576 2576 2572 2572 2576 2576 2571 2571 2576 2576 2572 2572 2577 2577 2573 2573 2577 2577 2572 2572 2577 2577 2573 2573 273 273 271 271 273 273 2573 2573 37 37 39 39 2490 2490 2462 2462 2490 2490 39 39 2490 2490 2462 2462 2496 2496 2574 2574 2496 2496 2462 2462 2496 2496 2574 2574 2500 2500 2575 2575 2500 2500 2574 2574 2500 2500 2575 2575 2502 2502 2576 2576 2502 2502 2575 2575 2502 2502 2576 2576 2504 2504 2577 2577 2504 2504 2576 2576 2504 2504 2577 2577 275 275 273 273 275 275 2577 2577 6 6 11 11 2578 2578 7 7 12 12 2579 2579 2580 2580 2581 2581 2582 2582 2583 2583 2584 2584 2585 2585 2586 2586 2587 2587 2588 2588 2586 2586 2589 2589 2590 2590 2589 2589 2591 2591 2592 2592 2591 2591 260 260 262 262 2588 2588 2587 2587 2593 2593 2594 2594 2593 2593 2587 2587 2593 2593 2594 2594 2584 2584 2583 2583 2585 2585 2581 2581 32 32 34 34 2582 2582 2595 2595 2582 2582 34 34 2595 2595 2596 2596 2582 2582 2597 2597 2582 2582 2596 2596 2582 2582 2597 2597 2580 2580 2598 2598 2599 2599 2600 2600 2601 2601 2600 2600 2599 2599 0 0 0 0 2599 2599 2598 2598 2602 2602 2599 2599 2603 2603 2599 2599 2602 2602 2599 2599 2603 2603 0 0 2604 2604 0 0 2603 2603 0 0 2604 2604 2 2 2601 2601 2599 2599 2605 2605 2606 2606 2605 2605 2599 2599 2605 2605 2606 2606 2607 2607 2608 2608 2609 2609 2610 2610 2611 2611 2610 2610 2609 2609 2610 2610 2611 2611 2606 2606 2612 2612 2606 2606 2611 2611 2606 2606 2612 2612 2607 2607 2613 2613 2614 2614 2615 2615 2616 2616 2615 2615 2614 2614 2615 2615 2616 2616 2608 2608 2617 2617 2608 2608 2616 2616 2608 2608 2617 2617 2609 2609 2615 2615 249 249 2613 2613 251 251 2613 2613 249 249 2613 2613 251 251 2618 2618 253 253 2618 2618 251 251 32 32 2582 2582 27 27 2619 2619 27 27 2582 2582 27 27 2619 2619 28 28 2620 2620 28 28 2619 2619 28 28 2620 2620 30 30 30 30 2620 2620 31 31 2621 2621 31 31 2620 2620 31 31 2621 2621 24 24 2622 2622 24 24 2621 2621 24 24 2622 2622 25 25 2623 2623 25 25 2622 2622 25 25 2623 2623 26 26 26 26 2623 2623 22 22 2624 2624 22 22 2623 2623 22 22 2624 2624 20 20 20 20 2624 2624 15 15 2625 2625 15 15 2624 2624 15 15 2625 2625 16 16 2626 2626 16 16 2625 2625 16 16 2626 2626 18 18 2627 2627 18 18 2626 2626 18 18 2627 2627 19 19 2591 2591 262 262 2592 2592 225 225 2592 2592 262 262 2592 2592 225 225 2628 2628 227 227 2628 2628 225 225 2628 2628 227 227 2629 2629 207 207 2629 2629 227 227 2629 2629 207 207 2630 2630 209 209 2630 2630 207 207 2630 2630 209 209 2631 2631 211 211 2631 2631 209 209 2631 2631 211 211 2632 2632 213 213 2632 2632 211 211 2632 2632 213 213 2633 2633 196 196 2633 2633 213 213 2633 2633 196 196 2634 2634 195 195 2634 2634 196 196 2634 2634 195 195 2635 2635 220 220 2635 2635 195 195 2635 2635 220 220 2636 2636 222 222 2636 2636 220 220 2636 2636 222 222 2637 2637 224 224 2637 2637 222 222 2637 2637 224 224 2638 2638 2589 2589 2592 2592 2590 2590 2628 2628 2590 2590 2592 2592 2590 2590 2628 2628 2639 2639 2629 2629 2639 2639 2628 2628 2639 2639 2629 2629 2640 2640 2630 2630 2640 2640 2629 2629 2640 2640 2630 2630 2641 2641 2631 2631 2641 2641 2630 2630 2641 2641 2631 2631 2642 2642 2632 2632 2642 2642 2631 2631 2642 2642 2632 2632 2643 2643 2633 2633 2643 2643 2632 2632 2643 2643 2633 2633 2644 2644 2634 2634 2644 2644 2633 2633 2644 2644 2634 2634 2645 2645 2635 2635 2645 2645 2634 2634 2645 2645 2635 2635 2646 2646 2636 2636 2646 2646 2635 2635 2646 2646 2636 2636 2647 2647 2637 2637 2647 2647 2636 2636 2647 2647 2637 2637 2648 2648 2638 2638 2648 2648 2637 2637 2648 2648 2638 2638 2649 2649 2586 2586 2590 2590 2587 2587 2639 2639 2587 2587 2590 2590 2587 2587 2639 2639 2594 2594 2640 2640 2594 2594 2639 2639 2594 2594 2640 2640 2650 2650 2641 2641 2650 2650 2640 2640 2650 2650 2641 2641 2651 2651 2642 2642 2651 2651 2641 2641 2651 2651 2642 2642 2652 2652 2643 2643 2652 2652 2642 2642 2652 2652 2643 2643 2653 2653 2644 2644 2653 2653 2643 2643 2653 2653 2644 2644 2654 2654 2645 2645 2654 2654 2644 2644 2654 2654 2645 2645 2655 2655 2646 2646 2655 2655 2645 2645 2655 2655 2646 2646 2656 2656 2647 2647 2656 2656 2646 2646 2656 2656 2647 2647 2657 2657 2648 2648 2657 2657 2647 2647 2657 2657 2648 2648 2658 2658 2649 2649 2658 2658 2648 2648 2658 2658 2649 2649 2659 2659 2584 2584 2594 2594 2585 2585 2650 2650 2585 2585 2594 2594 2585 2585 2650 2650 2660 2660 2651 2651 2660 2660 2650 2650 2660 2660 2651 2651 2661 2661 2652 2652 2661 2661 2651 2651 2661 2661 2652 2652 2662 2662 2653 2653 2662 2662 2652 2652 2662 2662 2653 2653 2663 2663 2654 2654 2663 2663 2653 2653 2663 2663 2654 2654 2664 2664 2655 2655 2664 2664 2654 2654 2664 2664 2655 2655 2665 2665 2656 2656 2665 2665 2655 2655 2665 2665 2656 2656 2666 2666 2657 2657 2666 2666 2656 2656 2666 2666 2657 2657 2667 2667 2658 2658 2667 2667 2657 2657 2667 2667 2658 2658 2668 2668 2659 2659 2668 2668 2658 2658 2668 2668 2659 2659 2669 2669 2581 2581 2585 2585 2582 2582 2660 2660 2582 2582 2585 2585 2582 2582 2660 2660 2619 2619 2661 2661 2619 2619 2660 2660 2619 2619 2661 2661 2620 2620 2662 2662 2620 2620 2661 2661 2620 2620 2662 2662 2621 2621 2663 2663 2621 2621 2662 2662 2621 2621 2663 2663 2622 2622 2664 2664 2622 2622 2663 2663 2622 2622 2664 2664 2623 2623 2665 2665 2623 2623 2664 2664 2623 2623 2665 2665 2624 2624 2666 2666 2624 2624 2665 2665 2624 2624 2666 2666 2625 2625 2667 2667 2625 2625 2666 2666 2625 2625 2667 2667 2626 2626 2668 2668 2626 2626 2667 2667 2626 2626 2668 2668 2627 2627 2669 2669 2627 2627 2668 2668 2627 2627 2669 2669 2579 2579 2579 2579 12 12 2627 2627 14 14 2627 2627 12 12 2627 2627 14 14 19 19 8 8 7 7 2670 2670 2579 2579 2670 2670 7 7 2670 2670 2579 2579 2671 2671 2669 2669 2671 2671 2579 2579 2671 2671 2669 2669 2672 2672 2659 2659 2672 2672 2669 2669 2672 2672 2659 2659 2673 2673 2649 2649 2673 2673 2659 2659 2673 2673 2649 2649 2674 2674 2638 2638 2674 2674 2649 2649 2674 2674 2638 2638 241 241 224 224 241 241 2638 2638 10 10 8 8 2675 2675 2670 2670 2675 2675 8 8 2675 2675 2670 2670 2676 2676 2671 2671 2676 2676 2670 2670 2676 2676 2671 2671 2677 2677 2672 2672 2677 2677 2671 2671 2677 2677 2672 2672 2678 2678 2673 2673 2678 2678 2672 2672 2678 2678 2673 2673 2679 2679 2674 2674 2679 2679 2673 2673 2679 2679 2674 2674 243 243 241 241 243 243 2674 2674 11 11 10 10 2578 2578 2675 2675 2578 2578 10 10 2578 2578 2675 2675 2680 2680 2676 2676 2680 2680 2675 2675 2680 2680 2676 2676 2681 2681 2677 2677 2681 2681 2676 2676 2681 2681 2677 2677 2682 2682 2678 2678 2682 2682 2677 2677 2682 2682 2678 2678 2683 2683 2679 2679 2683 2683 2678 2678 2683 2683 2679 2679 245 245 243 243 245 245 2679 2679 245 245 247 247 2683 2683 2684 2684 2683 2683 247 247 2683 2683 2684 2684 2682 2682 2685 2685 2682 2682 2684 2684 2682 2682 2685 2685 2681 2681 2686 2686 2681 2681 2685 2685 2681 2681 2686 2686 2680 2680 2687 2687 2680 2680 2686 2686 2680 2680 2687 2687 2578 2578 2688 2688 2578 2578 2687 2687 2578 2578 2688 2688 6 6 4 4 6 6 2688 2688 0 0 4 4 2599 2599 2688 2688 2599 2599 4 4 2599 2599 2688 2688 2606 2606 2687 2687 2606 2606 2688 2688 2606 2606 2687 2687 2610 2610 2686 2686 2610 2610 2687 2687 2610 2610 2686 2686 2608 2608 2685 2685 2608 2608 2686 2686 2608 2608 2685 2685 2615 2615 2684 2684 2615 2615 2685 2685 2615 2615 2684 2684 249 249 247 247 249 249 2684 2684 1278 1278 1304 1304 2689 2689 1310 1310 1312 1312 2690 2690 2691 2691 2690 2690 1312 1312 2690 2690 2691 2691 2692 2692 2693 2693 2692 2692 2691 2691 2692 2692 2693 2693 2694 2694 2695 2695 2694 2694 2693 2693 2694 2694 2695 2695 2696 2696 2697 2697 2696 2696 2695 2695 2696 2696 2697 2697 2698 2698 2699 2699 2698 2698 2697 2697 2698 2698 2699 2699 2700 2700 167 167 2700 2700 2699 2699 1308 1308 1310 1310 2701 2701 2690 2690 2701 2701 1310 1310 2701 2701 2690 2690 2702 2702 2692 2692 2702 2702 2690 2690 2702 2702 2692 2692 2703 2703 2694 2694 2703 2703 2692 2692 2703 2703 2694 2694 2704 2704 2696 2696 2704 2704 2694 2694 2704 2704 2696 2696 2705 2705 2698 2698 2705 2705 2696 2696 2705 2705 2698 2698 2706 2706 2700 2700 2706 2706 2698 2698 1305 1305 1308 1308 2707 2707 2701 2701 2707 2707 1308 1308 2707 2707 2701 2701 2708 2708 2702 2702 2708 2708 2701 2701 2708 2708 2702 2702 2709 2709 2703 2703 2709 2709 2702 2702 2709 2709 2703 2703 2710 2710 2704 2704 2710 2710 2703 2703 2710 2710 2704 2704 2711 2711 2705 2705 2711 2711 2704 2704 2711 2711 2705 2705 107 107 2706 2706 107 107 2705 2705 1304 1304 1305 1305 2689 2689 2707 2707 2689 2689 1305 1305 2689 2689 2707 2707 2712 2712 2708 2708 2712 2712 2707 2707 2712 2712 2708 2708 2713 2713 2709 2709 2713 2713 2708 2708 2713 2713 2709 2709 2714 2714 2710 2710 2714 2714 2709 2709 2714 2714 2710 2710 2715 2715 2711 2711 2715 2715 2710 2710 2715 2715 2711 2711 2716 2716 107 107 2716 2716 2711 2711 2716 2716 2717 2717 2715 2715 2718 2718 2715 2715 2717 2717 2715 2715 2718 2718 2714 2714 2719 2719 2714 2714 2718 2718 2714 2714 2719 2719 2713 2713 2720 2720 2713 2713 2719 2719 2713 2713 2720 2720 2712 2712 2721 2721 2712 2712 2720 2720 2712 2712 2721 2721 2689 2689 2722 2722 2689 2689 2721 2721 2689 2689 2722 2722 1278 1278 1276 1276 1278 1278 2722 2722 1273 1273 1276 1276 2723 2723 2722 2722 2723 2723 1276 1276 2723 2723 2722 2722 2724 2724 2721 2721 2724 2724 2722 2722 2724 2724 2721 2721 2725 2725 2720 2720 2725 2725 2721 2721 2725 2725 2720 2720 2726 2726 2719 2719 2726 2726 2720 2720 2726 2726 2719 2719 2727 2727 2718 2718 2727 2727 2719 2719 2727 2727 2718 2718 87 87 2717 2717 87 87 2718 2718 1274 1274 1273 1273 2728 2728 2723 2723 2728 2728 1273 1273 2728 2728 2723 2723 2729 2729 2724 2724 2729 2729 2723 2723 2729 2729 2724 2724 2730 2730 2725 2725 2730 2730 2724 2724 2730 2730 2725 2725 2731 2731 2726 2726 2731 2731 2725 2725 2731 2731 2726 2726 2732 2732 2727 2727 2732 2732 2726 2726 2732 2732 2727 2727 88 88 87 87 88 88 2727 2727 2733 2733 2734 2734 2181 2181 2409 2409 2735 2735 2736 2736 2737 2737 2736 2736 2735 2735 2736 2736 2737 2737 2738 2738 2739 2739 2738 2738 2737 2737 2181 2181 2740 2740 2733 2733 2741 2741 2733 2733 2740 2740 2733 2733 2741 2741 2742 2742 2743 2743 2744 2744 2739 2739 2745 2745 2739 2739 2744 2744 2739 2739 2745 2745 2738 2738 2741 2741 2746 2746 2742 2742 2747 2747 2742 2742 2746 2746 2742 2742 2747 2747 2748 2748 2749 2749 2750 2750 2743 2743 2751 2751 2743 2743 2750 2750 2743 2743 2751 2751 2744 2744 2747 2747 2752 2752 2748 2748 2753 2753 2748 2748 2752 2752 2748 2748 2753 2753 2754 2754 2755 2755 2756 2756 2757 2757 2758 2758 2757 2757 2756 2756 2757 2757 2758 2758 2749 2749 2759 2759 2749 2749 2758 2758 2749 2749 2759 2759 2750 2750 2735 2735 2760 2760 2737 2737 2761 2761 2737 2737 2760 2760 2737 2737 2761 2761 2739 2739 2762 2762 2739 2739 2761 2761 2739 2739 2762 2762 2743 2743 2763 2763 2743 2743 2762 2762 2743 2743 2763 2763 2749 2749 2764 2764 2749 2749 2763 2763 2749 2749 2764 2764 2757 2757 2765 2765 2757 2757 2764 2764 2760 2760 2766 2766 2761 2761 2767 2767 2761 2761 2766 2766 2761 2761 2767 2767 2762 2762 2768 2768 2762 2762 2767 2767 2762 2762 2768 2768 2763 2763 2769 2769 2763 2763 2768 2768 2763 2763 2769 2769 2764 2764 2770 2770 2764 2764 2769 2769 2764 2764 2770 2770 2765 2765 2771 2771 2765 2765 2770 2770 2766 2766 2772 2772 2767 2767 2773 2773 2767 2767 2772 2772 2767 2767 2773 2773 2768 2768 2774 2774 2768 2768 2773 2773 2768 2768 2774 2774 2769 2769 2775 2775 2769 2769 2774 2774 2769 2769 2775 2775 2770 2770 2776 2776 2770 2770 2775 2775 2770 2770 2776 2776 2771 2771 2777 2777 2771 2771 2776 2776 2772 2772 2734 2734 2773 2773 2733 2733 2773 2773 2734 2734 2773 2773 2733 2733 2774 2774 2742 2742 2774 2774 2733 2733 2774 2774 2742 2742 2775 2775 2748 2748 2775 2775 2742 2742 2775 2775 2748 2748 2776 2776 2754 2754 2776 2776 2748 2748 2776 2776 2754 2754 2777 2777 2778 2778 2777 2777 2754 2754 114 114 2779 2779 2780 2780 2755 2755 2780 2780 2779 2779 2753 2753 2781 2781 2754 2754 2782 2782 2754 2754 2781 2781 2754 2754 2782 2782 2778 2778 2783 2783 2778 2778 2782 2782 2778 2778 2783 2783 2784 2784 2755 2755 2757 2757 2780 2780 2765 2765 2780 2780 2757 2757 2780 2780 2765 2765 2785 2785 2771 2771 2785 2785 2765 2765 2785 2785 2771 2771 2786 2786 2777 2777 2786 2786 2771 2771 2786 2786 2777 2777 2787 2787 2778 2778 2787 2787 2777 2777 2787 2787 2778 2778 2788 2788 2784 2784 2788 2788 2778 2778 2788 2788 2784 2784 2789 2789 114 114 2780 2780 158 158 2785 2785 158 158 2780 2780 158 158 2785 2785 159 159 2786 2786 159 159 2785 2785 159 159 2786 2786 160 160 2787 2787 160 160 2786 2786 160 160 2787 2787 161 161 2788 2788 161 161 2787 2787 161 161 2788 2788 171 171 2789 2789 171 171 2788 2788 171 171 2789 2789 170 170 88 88 86 86 2790 2790 88 88 2790 2790 2791 2791 2792 2792 2791 2791 2790 2790 2791 2791 2792 2792 2793 2793 2794 2794 2793 2793 2792 2792 2793 2793 2794 2794 2795 2795 2796 2796 2795 2795 2794 2794 2795 2795 2796 2796 2797 2797 2798 2798 2797 2797 2796 2796 2797 2797 2798 2798 2799 2799 2800 2800 2799 2799 2798 2798 2799 2799 2800 2800 2801 2801 2181 2181 2179 2179 2740 2740 2802 2802 2740 2740 2179 2179 2740 2740 2802 2802 2741 2741 2746 2746 2741 2741 2802 2802 2746 2746 2802 2802 2747 2747 2803 2803 2747 2747 2802 2802 2747 2747 2803 2803 2752 2752 2752 2752 2803 2803 2753 2753 2804 2804 2753 2753 2803 2803 2753 2753 2804 2804 2781 2781 2805 2805 2781 2781 2804 2804 2781 2781 2805 2805 2782 2782 2782 2782 2805 2805 2783 2783 2806 2806 2783 2783 2805 2805 2783 2783 2806 2806 2784 2784 2784 2784 2806 2806 2789 2789 169 169 2789 2789 2806 2806 2789 2789 169 169 170 170 904 904 953 953 2807 2807 944 944 943 943 2808 2808 910 910 913 913 2809 2809 2810 2810 2811 2811 2812 2812 962 962 964 964 2813 2813 2814 2814 2813 2813 964 964 2813 2813 2814 2814 2815 2815 2816 2816 2817 2817 2814 2814 2818 2818 2814 2814 2817 2817 2814 2814 2818 2818 2815 2815 2810 2810 2819 2819 2811 2811 2820 2820 2811 2811 2819 2819 2811 2811 2820 2820 2816 2816 2821 2821 2816 2816 2820 2820 2816 2816 2821 2821 2817 2817 2822 2822 2823 2823 2812 2812 2824 2824 2812 2812 2823 2823 2812 2812 2824 2824 2810 2810 201 201 2825 2825 202 202 2826 2826 202 202 2825 2825 202 202 2826 2826 2822 2822 2827 2827 2822 2822 2826 2826 2822 2822 2827 2827 2823 2823 958 958 956 956 2828 2828 2829 2829 2828 2828 956 956 2828 2828 2829 2829 2830 2830 2831 2831 2830 2830 2829 2829 2830 2830 2831 2831 2832 2832 2833 2833 2832 2832 2831 2831 2832 2832 2833 2833 2834 2834 2835 2835 2834 2834 2833 2833 2834 2834 2835 2835 2836 2836 2837 2837 2836 2836 2835 2835 2836 2836 2837 2837 2838 2838 111 111 2838 2838 2837 2837 2838 2838 2839 2839 2836 2836 2840 2840 2836 2836 2839 2839 2836 2836 2840 2840 2834 2834 2841 2841 2834 2834 2840 2840 2834 2834 2841 2841 2832 2832 2842 2842 2832 2832 2841 2841 2832 2832 2842 2842 2830 2830 2843 2843 2830 2830 2842 2842 2830 2830 2843 2843 2828 2828 2809 2809 2828 2828 2843 2843 2809 2809 913 913 2828 2828 907 907 2828 2828 913 913 2828 2828 907 907 958 958 941 941 910 910 2844 2844 2809 2809 2844 2844 910 910 2844 2844 2809 2809 2845 2845 2843 2843 2845 2845 2809 2809 2845 2845 2843 2843 2846 2846 2842 2842 2846 2846 2843 2843 2846 2846 2842 2842 2847 2847 2841 2841 2847 2847 2842 2842 2847 2847 2841 2841 2848 2848 2840 2840 2848 2848 2841 2841 2848 2848 2840 2840 82 82 2839 2839 82 82 2840 2840 943 943 941 941 2808 2808 2844 2844 2808 2808 941 941 2808 2808 2844 2844 2849 2849 2845 2845 2849 2849 2844 2844 2849 2849 2845 2845 2850 2850 2846 2846 2850 2850 2845 2845 2850 2850 2846 2846 2851 2851 2847 2847 2851 2851 2846 2846 2851 2851 2847 2847 2852 2852 2848 2848 2852 2852 2847 2847 2852 2852 2848 2848 2853 2853 82 82 2853 2853 2848 2848 946 946 944 944 2854 2854 2808 2808 2854 2854 944 944 2854 2854 2808 2808 2855 2855 2849 2849 2855 2855 2808 2808 2855 2855 2849 2849 2856 2856 2850 2850 2856 2856 2849 2849 2856 2856 2850 2850 2857 2857 2851 2851 2857 2857 2850 2850 2857 2857 2851 2851 2858 2858 2852 2852 2858 2858 2851 2851 2858 2858 2852 2852 80 80 2853 2853 80 80 2852 2852 954 954 946 946 2859 2859 2854 2854 2859 2859 946 946 2859 2859 2854 2854 2860 2860 2855 2855 2860 2860 2854 2854 2860 2860 2855 2855 2861 2861 2856 2856 2861 2861 2855 2855 2861 2861 2856 2856 2862 2862 2857 2857 2862 2862 2856 2856 2862 2862 2857 2857 2863 2863 2858 2858 2863 2863 2857 2857 2863 2863 2858 2858 2864 2864 80 80 2864 2864 2858 2858 953 953 954 954 2807 2807 2859 2859 2807 2807 954 954 2807 2807 2859 2859 2865 2865 2860 2860 2865 2865 2859 2859 2865 2865 2860 2860 2866 2866 2861 2861 2866 2866 2860 2860 2866 2866 2861 2861 2867 2867 2862 2862 2867 2867 2861 2861 2867 2867 2862 2862 2868 2868 2863 2863 2868 2868 2862 2862 2868 2868 2863 2863 78 78 2864 2864 78 78 2863 2863 78 78 110 110 2868 2868 2869 2869 2868 2868 110 110 2868 2868 2869 2869 2867 2867 2870 2870 2867 2867 2869 2869 2867 2867 2870 2870 2866 2866 2871 2871 2866 2866 2870 2870 2866 2866 2871 2871 2865 2865 2872 2872 2865 2865 2871 2871 2865 2865 2872 2872 2807 2807 2873 2873 2807 2807 2872 2872 2807 2807 2873 2873 904 904 974 974 904 904 2873 2873 110 110 109 109 2869 2869 2874 2874 2869 2869 109 109 2869 2869 2874 2874 2870 2870 2875 2875 2870 2870 2874 2874 2870 2870 2875 2875 2871 2871 2876 2876 2871 2871 2875 2875 2871 2871 2876 2876 2872 2872 2877 2877 2872 2872 2876 2876 2872 2872 2877 2877 2873 2873 2878 2878 2873 2873 2877 2877 2873 2873 2878 2878 974 974 971 971 976 976 2878 2878 976 976 2878 2878 976 976 2878 2878 976 976 974 974 2879 2879 93 93 2880 2880 2881 2881 2880 2880 93 93 2880 2880 2881 2881 2882 2882 2883 2883 2882 2882 2881 2881 2882 2882 2883 2883 2884 2884 2885 2885 2884 2884 2883 2883 2884 2884 2885 2885 2886 2886 2887 2887 2886 2886 2885 2885 2886 2886 2887 2887 2888 2888 2889 2889 2888 2888 2887 2887 109 109 2879 2879 2874 2874 2880 2880 2874 2874 2879 2879 2874 2874 2880 2880 2875 2875 2882 2882 2875 2875 2880 2880 2875 2875 2882 2882 2876 2876 2884 2884 2876 2876 2882 2882 2876 2876 2884 2884 2877 2877 2886 2886 2877 2877 2884 2884 2877 2877 2886 2886 2878 2878 2888 2888 2878 2878 2886 2886 2878 2878 2888 2888 971 971 2889 2889 971 971 2888 2888 971 971 2889 2889 969 969 966 966 969 969 2889 2889 964 964 966 966 2814 2814 2889 2889 2814 2814 966 966 2814 2814 2889 2889 2816 2816 2887 2887 2816 2816 2889 2889 2816 2816 2887 2887 2811 2811 2885 2885 2811 2811 2887 2887 2811 2811 2885 2885 2812 2812 2883 2883 2812 2812 2885 2885 2812 2812 2883 2883 2822 2822 2881 2881 2822 2822 2883 2883 2822 2822 2881 2881 202 202 93 93 202 202 2881 2881 2890 2890 2891 2891 2892 2892 2890 2890 2892 2892 2893 2893 2894 2894 2893 2893 2892 2892 2893 2893 2894 2894 2895 2895 2896 2896 2895 2895 2894 2894 2895 2895 2896 2896 2897 2897 2898 2898 2897 2897 2896 2896 2897 2897 2898 2898 2899 2899 2900 2900 2899 2899 2898 2898 2899 2899 2900 2900 2901 2901 2005 2005 2901 2901 2900 2900 2901 2901 2005 2005 2007 2007 2902 2902 2086 2086 2903 2903 2904 2904 2905 2905 2906 2906 2907 2907 2908 2908 2909 2909 2910 2910 903 903 2911 2911 902 902 2911 2911 903 903 2911 2911 902 902 2908 2908 2910 2910 2912 2912 903 903 2913 2913 903 903 2912 2912 903 903 2913 2913 948 948 2914 2914 2915 2915 2916 2916 2917 2917 2918 2918 2919 2919 2920 2920 2919 2919 2918 2918 2919 2919 2920 2920 2921 2921 2922 2922 2923 2923 2924 2924 2925 2925 2924 2924 2923 2923 2013 2013 2027 2027 2922 2922 2926 2926 2927 2927 2928 2928 2929 2929 2928 2928 2927 2927 2930 2930 2931 2931 2932 2932 2926 2926 2932 2932 2931 2931 2933 2933 2934 2934 2935 2935 2930 2930 2935 2935 2934 2934 2936 2936 2937 2937 2938 2938 2933 2933 2938 2938 2937 2937 2939 2939 2940 2940 2941 2941 2936 2936 2941 2941 2940 2940 2908 2908 902 902 2909 2909 973 973 2909 2909 902 902 2909 2909 973 973 2942 2942 975 975 2942 2942 973 973 2942 2942 975 975 2943 2943 972 972 2943 2943 975 975 2943 2943 972 972 2944 2944 972 972 970 970 2944 2944 968 968 2944 2944 970 970 2944 2944 968 968 2945 2945 967 967 2945 2945 968 968 2945 2945 967 967 2941 2941 965 965 2941 2941 967 967 2941 2941 965 965 2939 2939 963 963 2939 2939 965 965 2936 2936 2938 2938 2941 2941 2946 2946 2941 2941 2938 2938 2941 2941 2946 2946 2945 2945 2947 2947 2945 2945 2946 2946 2945 2945 2947 2947 2944 2944 2948 2948 2944 2944 2947 2947 2944 2944 2948 2948 2943 2943 2949 2949 2943 2943 2948 2948 2943 2943 2949 2949 2942 2942 2914 2914 2942 2942 2949 2949 2942 2942 2914 2914 2909 2909 2916 2916 2909 2909 2914 2914 2909 2909 2916 2916 2907 2907 2933 2933 2935 2935 2938 2938 2950 2950 2938 2938 2935 2935 2938 2938 2950 2950 2946 2946 2951 2951 2946 2946 2950 2950 2946 2946 2951 2951 2947 2947 2952 2952 2947 2947 2951 2951 2947 2947 2952 2952 2948 2948 2953 2953 2948 2948 2952 2952 2948 2948 2953 2953 2949 2949 2919 2919 2949 2949 2953 2953 2949 2949 2919 2919 2914 2914 2921 2921 2914 2914 2919 2919 2914 2914 2921 2921 2915 2915 2930 2930 2932 2932 2935 2935 2954 2954 2935 2935 2932 2932 2935 2935 2954 2954 2950 2950 2955 2955 2950 2950 2954 2954 2950 2950 2955 2955 2951 2951 2956 2956 2951 2951 2955 2955 2951 2951 2956 2956 2952 2952 2957 2957 2952 2952 2956 2956 2952 2952 2957 2957 2953 2953 2906 2906 2953 2953 2957 2957 2953 2953 2906 2906 2919 2919 2905 2905 2919 2919 2906 2906 2919 2919 2905 2905 2917 2917 2926 2926 2928 2928 2932 2932 2958 2958 2932 2932 2928 2928 2932 2932 2958 2958 2954 2954 2959 2959 2954 2954 2958 2958 2954 2954 2959 2959 2955 2955 2960 2960 2955 2955 2959 2959 2955 2955 2960 2960 2956 2956 2961 2961 2956 2956 2960 2960 2956 2956 2961 2961 2957 2957 2924 2924 2957 2957 2961 2961 2957 2957 2924 2924 2906 2906 2925 2925 2906 2906 2924 2924 2906 2906 2925 2925 2904 2904 2922 2922 2924 2924 2013 2013 2961 2961 2013 2013 2924 2924 2013 2013 2961 2961 2962 2962 2960 2960 2962 2962 2961 2961 2962 2962 2960 2960 2963 2963 2959 2959 2963 2963 2960 2960 2963 2963 2959 2959 2016 2016 2958 2958 2016 2016 2959 2959 2016 2016 2958 2958 2964 2964 2928 2928 2964 2964 2958 2958 2964 2964 2928 2928 2903 2903 2929 2929 2903 2903 2928 2928 2903 2903 2929 2929 2902 2902 1899 1899 1901 1901 2965 2965 1895 1895 1897 1897 2966 2966 2967 2967 2966 2966 1897 1897 2968 2968 2969 2969 2967 2967 2970 2970 2967 2967 2969 2969 2967 2967 2970 2970 2966 2966 2971 2971 2972 2972 2968 2968 2973 2973 2968 2968 2972 2972 2968 2968 2973 2973 2969 2969 2974 2974 2975 2975 2971 2971 2976 2976 2971 2971 2975 2975 2971 2971 2976 2976 2972 2972 2977 2977 2978 2978 2974 2974 2979 2979 2974 2974 2978 2978 2974 2974 2979 2979 2975 2975 2088 2088 2086 2086 2977 2977 2902 2902 2977 2977 2086 2086 2902 2902 2980 2980 2977 2977 2981 2981 2977 2977 2980 2980 2977 2977 2981 2981 2978 2978 2982 2982 2983 2983 2984 2984 2985 2985 2984 2984 2983 2983 2984 2984 2985 2985 2986 2986 2987 2987 2986 2986 2985 2985 2986 2986 2987 2987 2988 2988 2989 2989 2988 2988 2987 2987 2988 2988 2989 2989 2990 2990 2991 2991 2990 2990 2989 2989 2990 2990 2991 2991 2098 2098 2099 2099 2098 2098 2991 2991 2098 2098 2096 2096 2990 2990 2992 2992 2990 2990 2096 2096 2990 2990 2992 2992 2988 2988 2993 2993 2988 2988 2992 2992 2988 2988 2993 2993 2986 2986 2994 2994 2986 2986 2993 2993 2986 2986 2994 2994 2984 2984 2995 2995 2984 2984 2994 2994 2984 2984 2995 2995 2982 2982 2996 2996 2982 2982 2995 2995 2997 2997 2996 2996 2998 2998 2995 2995 2998 2998 2996 2996 2998 2998 2995 2995 2999 2999 2994 2994 2999 2999 2995 2995 2999 2999 2994 2994 3000 3000 2993 2993 3000 3000 2994 2994 3000 3000 2993 2993 3001 3001 2992 2992 3001 3001 2993 2993 3001 3001 2992 2992 2094 2094 2096 2096 2094 2094 2992 2992 1905 1905 1907 1907 2997 2997 1908 1908 2997 2997 1907 1907 2997 2997 1908 1908 2996 2996 1893 1893 2996 2996 1908 1908 2996 2996 1893 1893 2982 2982 1891 1891 2982 2982 1893 1893 2982 2982 1891 1891 2983 2983 1903 1903 1905 1905 3002 3002 2997 2997 3002 3002 1905 1905 3002 3002 2997 2997 3003 3003 2998 2998 3003 3003 2997 2997 3003 3003 2998 2998 3004 3004 2999 2999 3004 3004 2998 2998 3004 3004 2999 2999 3005 3005 3000 3000 3005 3005 2999 2999 3005 3005 3000 3000 3006 3006 3001 3001 3006 3006 3000 3000 3006 3006 3001 3001 2092 2092 2094 2094 2092 2092 3001 3001 1901 1901 1903 1903 2965 2965 3002 3002 2965 2965 1903 1903 2965 2965 3002 3002 3007 3007 3003 3003 3007 3007 3002 3002 3007 3007 3003 3003 3008 3008 3004 3004 3008 3008 3003 3003 3008 3008 3004 3004 3009 3009 3005 3005 3009 3009 3004 3004 3009 3009 3005 3005 3010 3010 3006 3006 3010 3010 3005 3005 3010 3010 3006 3006 2090 2090 2092 2092 2090 2090 3006 3006 1897 1897 1899 1899 2967 2967 2965 2965 2967 2967 1899 1899 2967 2967 2965 2965 2968 2968 3007 3007 2968 2968 2965 2965 2968 2968 3007 3007 2971 2971 3008 3008 2971 2971 3007 3007 2971 2971 3008 3008 2974 2974 3009 3009 2974 2974 3008 3008 2974 2974 3009 3009 2977 2977 3010 3010 2977 2977 3009 3009 2977 2977 3010 3010 2088 2088 2090 2090 2088 2088 3010 3010 1309 1309 1307 1307 3011 3011 1303 1303 1302 1302 3012 3012 1280 1280 1279 1279 3013 3013 3014 3014 3013 3013 1279 1279 3013 3013 3014 3014 3015 3015 3016 3016 3015 3015 3014 3014 3015 3015 3016 3016 3017 3017 3018 3018 3017 3017 3016 3016 3017 3017 3018 3018 3019 3019 3020 3020 3019 3019 3018 3018 3019 3019 3020 3020 3021 3021 3022 3022 3021 3021 3020 3020 3021 3021 3022 3022 3023 3023 2007 2007 3023 3023 3022 3022 1302 1302 1280 1280 3012 3012 3013 3013 3012 3012 1280 1280 3012 3012 3013 3013 3024 3024 3015 3015 3024 3024 3013 3013 3024 3024 3015 3015 3025 3025 3017 3017 3025 3025 3015 3015 3025 3025 3017 3017 3026 3026 3019 3019 3026 3026 3017 3017 3026 3026 3019 3019 3027 3027 3021 3021 3027 3027 3019 3019 3027 3027 3021 3021 3028 3028 3023 3023 3028 3028 3021 3021 3028 3028 2003 2003 3027 3027 3029 3029 3027 3027 2003 2003 3027 3027 3029 3029 3026 3026 3030 3030 3026 3026 3029 3029 3026 3026 3030 3030 3025 3025 3031 3031 3025 3025 3030 3030 3025 3025 3031 3031 3024 3024 3032 3032 3024 3024 3031 3031 3024 3024 3032 3032 3012 3012 3033 3033 3012 3012 3032 3032 3012 3012 3033 3033 1303 1303 1306 1306 1303 1303 3033 3033 1307 1307 1306 1306 3011 3011 3033 3033 3011 3011 1306 1306 3011 3011 3033 3033 3034 3034 3032 3032 3034 3034 3033 3033 3034 3034 3032 3032 3035 3035 3031 3031 3035 3035 3032 3032 3035 3035 3031 3031 3036 3036 3030 3030 3036 3036 3031 3031 3036 3036 3030 3030 3037 3037 3029 3029 3037 3037 3030 3030 3037 3037 3029 3029 3038 3038 2003 2003 3038 3038 3029 3029 1311 1311 1309 1309 3039 3039 3011 3011 3039 3039 1309 1309 3039 3039 3011 3011 3040 3040 3034 3034 3040 3040 3011 3011 3040 3040 3034 3034 3041 3041 3035 3035 3041 3041 3034 3034 3041 3041 3035 3035 3042 3042 3036 3036 3042 3042 3035 3035 3042 3042 3036 3036 3043 3043 3037 3037 3043 3043 3036 3036 3043 3043 3037 3037 3044 3044 3038 3038 3044 3044 3037 3037 1313 1313 1311 1311 3045 3045 3039 3039 3045 3045 1311 1311 3045 3045 3039 3039 3046 3046 3040 3040 3046 3046 3039 3039 3046 3046 3040 3040 3047 3047 3041 3041 3047 3047 3040 3040 3047 3047 3041 3041 3048 3048 3042 3042 3048 3048 3041 3041 3048 3048 3042 3042 3049 3049 3043 3043 3049 3049 3042 3042 3049 3049 3043 3043 2099 2099 3044 3044 2099 2099 3043 3043 303 303 335 335 3050 3050 332 332 331 331 3051 3051 327 327 325 325 3052 3052 321 321 319 319 3053 3053 3054 3054 3055 3055 3053 3053 2087 2087 3056 3056 3057 3057 3057 3057 3058 3058 2087 2087 3059 3059 2087 2087 3058 3058 2087 2087 3059 3059 2015 2015 3060 3060 3061 3061 3062 3062 3062 3062 3063 3063 3060 3060 3064 3064 3060 3060 3063 3063 3060 3060 3064 3064 3056 3056 3065 3065 3056 3056 3064 3064 3056 3056 3065 3065 3057 3057 3053 3053 3055 3055 3066 3066 3055 3055 3067 3067 3066 3066 3068 3068 3066 3066 3067 3067 3066 3066 3068 3068 3061 3061 3069 3069 3061 3061 3068 3068 3061 3061 3069 3069 3062 3062 319 319 317 317 3053 3053 3070 3070 3053 3053 317 317 3053 3053 3070 3070 3054 3054 323 323 321 321 3071 3071 3053 3053 3071 3071 321 321 3071 3071 3053 3053 3072 3072 3066 3066 3072 3072 3053 3053 3072 3072 3066 3066 3073 3073 3061 3061 3073 3073 3066 3066 3073 3073 3061 3061 3074 3074 3060 3060 3074 3074 3061 3061 3074 3074 3060 3060 3075 3075 3056 3056 3075 3075 3060 3060 3075 3075 3056 3056 3076 3076 2087 2087 3076 3076 3056 3056 325 325 323 323 3052 3052 3071 3071 3052 3052 323 323 3052 3052 3071 3071 3077 3077 3072 3072 3077 3077 3071 3071 3077 3077 3072 3072 3078 3078 3073 3073 3078 3078 3072 3072 3078 3078 3073 3073 3079 3079 3074 3074 3079 3079 3073 3073 3079 3079 3074 3074 3080 3080 3075 3075 3080 3080 3074 3074 3080 3080 3075 3075 2091 2091 3076 3076 2091 2091 3075 3075 2091 2091 2093 2093 3080 3080 3081 3081 3080 3080 2093 2093 3080 3080 3081 3081 3079 3079 3082 3082 3079 3079 3081 3081 3079 3079 3082 3082 3078 3078 3083 3083 3078 3078 3082 3082 3078 3078 3083 3083 3077 3077 3084 3084 3077 3077 3083 3083 3077 3077 3084 3084 3052 3052 3085 3085 3052 3052 3084 3084 3052 3052 3085 3085 327 327 328 328 327 327 3085 3085 331 331 328 328 3051 3051 3085 3085 3051 3051 328 328 3051 3051 3085 3085 3086 3086 3084 3084 3086 3086 3085 3085 3086 3086 3084 3084 3087 3087 3083 3083 3087 3087 3084 3084 3087 3087 3083 3083 3088 3088 3082 3082 3088 3088 3083 3083 3088 3088 3082 3082 3089 3089 3081 3081 3089 3089 3082 3082 3089 3089 3081 3081 2095 2095 2093 2093 2095 2095 3081 3081 2095 2095 2097 2097 3089 3089 3090 3090 3089 3089 2097 2097 3089 3089 3090 3090 3088 3088 3091 3091 3088 3088 3090 3090 3088 3088 3091 3091 3087 3087 3092 3092 3087 3087 3091 3091 3087 3087 3092 3092 3086 3086 3093 3093 3086 3086 3092 3092 3086 3086 3093 3093 3051 3051 3094 3094 3051 3051 3093 3093 3051 3051 3094 3094 332 332 334 334 332 332 3094 3094 335 335 334 334 3050 3050 3094 3094 3050 3050 334 334 3050 3050 3094 3094 3095 3095 3093 3093 3095 3095 3094 3094 3095 3095 3093 3093 3096 3096 3092 3092 3096 3096 3093 3093 3096 3096 3092 3092 3097 3097 3091 3091 3097 3097 3092 3092 3097 3097 3091 3091 3098 3098 3090 3090 3098 3098 3091 3091 3098 3098 3090 3090 2018 2018 2097 2097 2018 2018 3090 3090 2018 2018 2005 2005 3098 3098 3099 3099 3098 3098 2005 2005 3098 3098 3099 3099 3097 3097 3100 3100 3097 3097 3099 3099 3097 3097 3100 3100 3096 3096 3101 3101 3096 3096 3100 3100 3096 3096 3101 3101 3095 3095 3102 3102 3095 3095 3101 3101 3095 3095 3102 3102 3050 3050 3103 3103 3050 3050 3102 3102 3050 3050 3103 3103 303 303 304 304 303 303 3103 3103 3104 3104 3105 3105 3106 3106 3107 3107 3106 3106 3105 3105 3106 3106 3107 3107 3108 3108 3109 3109 3110 3110 3111 3111 3107 3107 3112 3112 3108 3108 3109 3109 3108 3108 3112 3112 3108 3108 3109 3109 3113 3113 3114 3114 3113 3113 3109 3109 3111 3111 3115 3115 3109 3109 3116 3116 3109 3109 3115 3115 3109 3109 3116 3116 3114 3114 3117 3117 3114 3114 3116 3116 3114 3114 3117 3117 3118 3118 3119 3119 3118 3118 3117 3117 3118 3118 3119 3119 3120 3120 3121 3121 3120 3120 3119 3119 3122 3122 3123 3123 3124 3124 3125 3125 3124 3124 3123 3123 3124 3124 3125 3125 3119 3119 3126 3126 3119 3119 3125 3125 3119 3119 3126 3126 3121 3121 3127 3127 3128 3128 3129 3129 3122 3122 3130 3130 3123 3123 3129 3129 3123 3123 3130 3130 3123 3123 3129 3129 3131 3131 3128 3128 3131 3131 3129 3129 2027 2027 2026 2026 2922 2922 3132 3132 2922 2922 2026 2026 2922 2922 3132 3132 3133 3133 3129 3129 3134 3134 3127 3127 3135 3135 3127 3127 3134 3134 3127 3127 3135 3135 3136 3136 3133 3133 3136 3136 3135 3135 3136 3136 3133 3133 3137 3137 3132 3132 3137 3137 3133 3133 3138 3138 3139 3139 3140 3140 3141 3141 3140 3140 3139 3139 3140 3140 3141 3141 3142 3142 3143 3143 3144 3144 3138 3138 3145 3145 3146 3146 3147 3147 3144 3144 3147 3147 3146 3146 3148 3148 3149 3149 3150 3150 3151 3151 3150 3150 3149 3149 3150 3150 3151 3151 3145 3145 3152 3152 3153 3153 3154 3154 3155 3155 3154 3154 3153 3153 3154 3154 3155 3155 3148 3148 3156 3156 3157 3157 3158 3158 3159 3159 3158 3158 3157 3157 3158 3158 3159 3159 1990 1990 1909 1909 1990 1990 3159 3159 3160 3160 3161 3161 3162 3162 3163 3163 3162 3162 3161 3161 3164 3164 3165 3165 3166 3166 3167 3167 3168 3168 3169 3169 3170 3170 3169 3169 3168 3168 3171 3171 3172 3172 3173 3173 3174 3174 3173 3173 3172 3172 3171 3171 3175 3175 3059 3059 2015 2015 3059 3059 3175 3175 1990 1990 1989 1989 3158 3158 1987 1987 3158 3158 1989 1989 3158 3158 1987 1987 3176 3176 1985 1985 3176 3176 1987 1987 3176 3176 1985 1985 3177 3177 1985 1985 1983 1983 3177 3177 1981 1981 3177 3177 1983 1983 3177 3177 1981 1981 3178 3178 1979 1979 3178 3178 1981 1981 3178 3178 1979 1979 3179 3179 1977 1977 3179 3179 1979 1979 3179 3179 1977 1977 3180 3180 1967 1967 3181 3181 3182 3182 1977 1977 1975 1975 3180 3180 1973 1973 3180 3180 1975 1975 3180 3180 1973 1973 3183 3183 1971 1971 3183 3183 1973 1973 3183 3183 1971 1971 3182 3182 1969 1969 3182 3182 1971 1971 3182 3182 1969 1969 1967 1967 1967 1967 1965 1965 3181 3181 1963 1963 3181 3181 1965 1965 3181 3181 1963 1963 3184 3184 1961 1961 3184 3184 1963 1963 3184 3184 1961 1961 3185 3185 1959 1959 3185 3185 1961 1961 3185 3185 1959 1959 3186 3186 1957 1957 3186 3186 1959 1959 1947 1947 3187 3187 3188 3188 1957 1957 1955 1955 3186 3186 1953 1953 3186 3186 1955 1955 3186 3186 1953 1953 3189 3189 1951 1951 3189 3189 1953 1953 3189 3189 1951 1951 3188 3188 1949 1949 3188 3188 1951 1951 3188 3188 1949 1949 1947 1947 1947 1947 1945 1945 3187 3187 1943 1943 3187 3187 1945 1945 3187 3187 1943 1943 3190 3190 1941 1941 3190 3190 1943 1943 3190 3190 1941 1941 3191 3191 1941 1941 1939 1939 3191 3191 1937 1937 3191 3191 1939 1939 3191 3191 1937 1937 3192 3192 1935 1935 3192 3192 1937 1937 3192 3192 1935 1935 3193 3193 1935 1935 1933 1933 3193 3193 1931 1931 3193 3193 1933 1933 3193 3193 1931 1931 3194 3194 1929 1929 3194 3194 1931 1931 3194 3194 1929 1929 3195 3195 1927 1927 3195 3195 1929 1929 3195 3195 1927 1927 3196 3196 1925 1925 3196 3196 1927 1927 1913 1913 3152 3152 1915 1915 3154 3154 1915 1915 3152 3152 1915 1915 3154 3154 1917 1917 3197 3197 1917 1917 3154 3154 1917 1917 3197 3197 1919 1919 3198 3198 1919 1919 3197 3197 1919 1919 3198 3198 1921 1921 3196 3196 1921 1921 3198 3198 1921 1921 3196 3196 1923 1923 1925 1925 1923 1923 3196 3196 3148 3148 3150 3150 3154 3154 3199 3199 3154 3154 3150 3150 3154 3154 3199 3199 3197 3197 3200 3200 3197 3197 3199 3199 3197 3197 3200 3200 3198 3198 3201 3201 3198 3198 3200 3200 3198 3198 3201 3201 3196 3196 3202 3202 3196 3196 3201 3201 3196 3196 3202 3202 3195 3195 3203 3203 3195 3195 3202 3202 3195 3195 3203 3203 3194 3194 3204 3204 3194 3194 3203 3203 3194 3194 3204 3204 3193 3193 3205 3205 3193 3193 3204 3204 3193 3193 3205 3205 3192 3192 3206 3206 3192 3192 3205 3205 3192 3192 3206 3206 3191 3191 3207 3207 3191 3191 3206 3206 3191 3191 3207 3207 3190 3190 3208 3208 3190 3190 3207 3207 3190 3190 3208 3208 3187 3187 3209 3209 3187 3187 3208 3208 3187 3187 3209 3209 3188 3188 3210 3210 3188 3188 3209 3209 3188 3188 3210 3210 3189 3189 3211 3211 3189 3189 3210 3210 3189 3189 3211 3211 3186 3186 3212 3212 3186 3186 3211 3211 3186 3186 3212 3212 3185 3185 3213 3213 3185 3185 3212 3212 3185 3185 3213 3213 3184 3184 3214 3214 3184 3184 3213 3213 3184 3184 3214 3214 3181 3181 3215 3215 3181 3181 3214 3214 3181 3181 3215 3215 3182 3182 3216 3216 3182 3182 3215 3215 3182 3182 3216 3216 3183 3183 3217 3217 3183 3183 3216 3216 3183 3183 3217 3217 3180 3180 3218 3218 3180 3180 3217 3217 3180 3180 3218 3218 3179 3179 3219 3219 3179 3179 3218 3218 3179 3179 3219 3219 3178 3178 3220 3220 3178 3178 3219 3219 3178 3178 3220 3220 3177 3177 3221 3221 3177 3177 3220 3220 3177 3177 3221 3221 3176 3176 3162 3162 3176 3176 3221 3221 3176 3176 3162 3162 3158 3158 3163 3163 3158 3158 3162 3162 3158 3158 3163 3163 3156 3156 3145 3145 3147 3147 3150 3150 3222 3222 3150 3150 3147 3147 3150 3150 3222 3222 3199 3199 3223 3223 3199 3199 3222 3222 3199 3199 3223 3223 3200 3200 3224 3224 3200 3200 3223 3223 3200 3200 3224 3224 3201 3201 3225 3225 3201 3201 3224 3224 3201 3201 3225 3225 3202 3202 3226 3226 3202 3202 3225 3225 3202 3202 3226 3226 3203 3203 3227 3227 3203 3203 3226 3226 3203 3203 3227 3227 3204 3204 3228 3228 3204 3204 3227 3227 3204 3204 3228 3228 3205 3205 3229 3229 3205 3205 3228 3228 3205 3205 3229 3229 3206 3206 3230 3230 3206 3206 3229 3229 3206 3206 3230 3230 3207 3207 3231 3231 3207 3207 3230 3230 3207 3207 3231 3231 3208 3208 3232 3232 3208 3208 3231 3231 3208 3208 3232 3232 3209 3209 3233 3233 3209 3209 3232 3232 3209 3209 3233 3233 3210 3210 3234 3234 3210 3210 3233 3233 3210 3210 3234 3234 3211 3211 3235 3235 3211 3211 3234 3234 3211 3211 3235 3235 3212 3212 3236 3236 3212 3212 3235 3235 3212 3212 3236 3236 3213 3213 3237 3237 3213 3213 3236 3236 3213 3213 3237 3237 3214 3214 3238 3238 3214 3214 3237 3237 3214 3214 3238 3238 3215 3215 3239 3239 3215 3215 3238 3238 3215 3215 3239 3239 3216 3216 3240 3240 3216 3216 3239 3239 3216 3216 3240 3240 3217 3217 3241 3241 3217 3217 3240 3240 3217 3217 3241 3241 3218 3218 3242 3242 3218 3218 3241 3241 3218 3218 3242 3242 3219 3219 3243 3243 3219 3219 3242 3242 3219 3219 3243 3243 3220 3220 3244 3244 3220 3220 3243 3243 3220 3220 3244 3244 3221 3221 3164 3164 3221 3221 3244 3244 3221 3221 3164 3164 3162 3162 3166 3166 3162 3162 3164 3164 3162 3162 3166 3166 3160 3160 3144 3144 3143 3143 3147 3147 3245 3245 3147 3147 3143 3143 3147 3147 3245 3245 3222 3222 3246 3246 3222 3222 3245 3245 3222 3222 3246 3246 3223 3223 3247 3247 3223 3223 3246 3246 3223 3223 3247 3247 3224 3224 3248 3248 3224 3224 3247 3247 3224 3224 3248 3248 3225 3225 3249 3249 3225 3225 3248 3248 3225 3225 3249 3249 3226 3226 3250 3250 3226 3226 3249 3249 3226 3226 3250 3250 3227 3227 3251 3251 3227 3227 3250 3250 3227 3227 3251 3251 3228 3228 3252 3252 3228 3228 3251 3251 3228 3228 3252 3252 3229 3229 3253 3253 3229 3229 3252 3252 3229 3229 3253 3253 3230 3230 3254 3254 3230 3230 3253 3253 3230 3230 3254 3254 3231 3231 3255 3255 3231 3231 3254 3254 3231 3231 3255 3255 3232 3232 3256 3256 3232 3232 3255 3255 3232 3232 3256 3256 3233 3233 3257 3257 3233 3233 3256 3256 3233 3233 3257 3257 3234 3234 3258 3258 3234 3234 3257 3257 3234 3234 3258 3258 3235 3235 3259 3259 3235 3235 3258 3258 3235 3235 3259 3259 3236 3236 3260 3260 3236 3236 3259 3259 3236 3236 3260 3260 3237 3237 3261 3261 3237 3237 3260 3260 3237 3237 3261 3261 3238 3238 3262 3262 3238 3238 3261 3261 3238 3238 3262 3262 3239 3239 3263 3263 3239 3239 3262 3262 3239 3239 3263 3263 3240 3240 3264 3264 3240 3240 3263 3263 3240 3240 3264 3264 3241 3241 3265 3265 3241 3241 3264 3264 3241 3241 3265 3265 3242 3242 3266 3266 3242 3242 3265 3265 3242 3242 3266 3266 3243 3243 3267 3267 3243 3243 3266 3266 3243 3243 3267 3267 3244 3244 3168 3168 3244 3244 3267 3267 3244 3244 3168 3168 3164 3164 3167 3167 3164 3164 3168 3168 3164 3164 3167 3167 3165 3165 3138 3138 3140 3140 3143 3143 3268 3268 3143 3143 3140 3140 3143 3143 3268 3268 3245 3245 3269 3269 3245 3245 3268 3268 3245 3245 3269 3269 3246 3246 3270 3270 3246 3246 3269 3269 3246 3246 3270 3270 3247 3247 3271 3271 3247 3247 3270 3270 3247 3247 3271 3271 3248 3248 3272 3272 3248 3248 3271 3271 3248 3248 3272 3272 3249 3249 3273 3273 3249 3249 3272 3272 3249 3249 3273 3273 3250 3250 3274 3274 3250 3250 3273 3273 3250 3250 3274 3274 3251 3251 3275 3275 3251 3251 3274 3274 3251 3251 3275 3275 3252 3252 3276 3276 3252 3252 3275 3275 3252 3252 3276 3276 3253 3253 3277 3277 3253 3253 3276 3276 3253 3253 3277 3277 3254 3254 3278 3278 3254 3254 3277 3277 3254 3254 3278 3278 3255 3255 3279 3279 3255 3255 3278 3278 3255 3255 3279 3279 3256 3256 3280 3280 3256 3256 3279 3279 3256 3256 3280 3280 3257 3257 3281 3281 3257 3257 3280 3280 3257 3257 3281 3281 3258 3258 3282 3282 3258 3258 3281 3281 3258 3258 3282 3282 3259 3259 3283 3283 3259 3259 3282 3282 3259 3259 3283 3283 3260 3260 3284 3284 3260 3260 3283 3283 3260 3260 3284 3284 3261 3261 3285 3285 3261 3261 3284 3284 3261 3261 3285 3285 3262 3262 3286 3286 3262 3262 3285 3285 3262 3262 3286 3286 3263 3263 3287 3287 3263 3263 3286 3286 3263 3263 3287 3287 3264 3264 3288 3288 3264 3264 3287 3287 3264 3264 3288 3288 3265 3265 3289 3289 3265 3265 3288 3288 3265 3265 3289 3289 3266 3266 3290 3290 3266 3266 3289 3289 3266 3266 3290 3290 3267 3267 3173 3173 3267 3267 3290 3290 3267 3267 3173 3173 3168 3168 3174 3174 3168 3168 3173 3173 3168 3168 3174 3174 3170 3170 3171 3171 3173 3173 3175 3175 3290 3290 3175 3175 3173 3173 3175 3175 3290 3290 3291 3291 3289 3289 3291 3291 3290 3290 3291 3291 3289 3289 3292 3292 3288 3288 3292 3292 3289 3289 3292 3292 3288 3288 3293 3293 3287 3287 3293 3293 3288 3288 3293 3293 3287 3287 2042 2042 3286 3286 2042 2042 3287 3287 2042 2042 3286 3286 3294 3294 3285 3285 3294 3294 3286 3286 3294 3294 3285 3285 2045 2045 3284 3284 2045 2045 3285 3285 2045 2045 3284 3284 3295 3295 3283 3283 3295 3295 3284 3284 3295 3295 3283 3283 2023 2023 3282 3282 2023 2023 3283 3283 2023 2023 3282 3282 3296 3296 3281 3281 3296 3296 3282 3282 3296 3296 3281 3281 2048 2048 3280 3280 2048 2048 3281 3281 2048 2048 3280 3280 3297 3297 3279 3279 3297 3297 3280 3280 3297 3297 3279 3279 2010 2010 3278 3278 2010 2010 3279 3279 2010 2010 3278 3278 3298 3298 3277 3277 3298 3298 3278 3278 3298 3298 3277 3277 3299 3299 3276 3276 3299 3299 3277 3277 3299 3299 3276 3276 2155 2155 3275 3275 2155 2155 3276 3276 2155 2155 3275 3275 3300 3300 3274 3274 3300 3300 3275 3275 3300 3300 3274 3274 3301 3301 3273 3273 3301 3301 3274 3274 3301 3301 3273 3273 2174 2174 3272 3272 2174 2174 3273 3273 2174 2174 3272 3272 3302 3302 3271 3271 3302 3302 3272 3272 3302 3302 3271 3271 3303 3303 3270 3270 3303 3303 3271 3271 3303 3303 3270 3270 3304 3304 3269 3269 3304 3304 3270 3270 3304 3304 3269 3269 2122 2122 3268 3268 2122 2122 3269 3269 2122 2122 3268 3268 3305 3305 3140 3140 3305 3305 3268 3268 3305 3305 3140 3140 3306 3306 3142 3142 3306 3306 3140 3140 3306 3306 3142 3142 2169 2169 1093 1093 1095 1095 3307 3307 1099 1099 1101 1101 3308 3308 1105 1105 1107 1107 3309 3309 3310 3310 3311 3311 3312 3312 3313 3313 2026 2026 3314 3314 3315 3315 3316 3316 3317 3317 1089 1089 1091 1091 3318 3318 3319 3319 3318 3318 1091 1091 3318 3318 3319 3319 3320 3320 3321 3321 3322 3322 3323 3323 3324 3324 3323 3323 3322 3322 3323 3323 3324 3324 3319 3319 3325 3325 3319 3319 3324 3324 3319 3319 3325 3325 3320 3320 3316 3316 3315 3315 3323 3323 3326 3326 3323 3323 3315 3315 3323 3323 3326 3326 3321 3321 3141 3141 3139 3139 3327 3327 3328 3328 3327 3327 3139 3139 3327 3327 3328 3328 3317 3317 3329 3329 3317 3317 3328 3328 3317 3317 3329 3329 3315 3315 3141 3141 3327 3327 3330 3330 3331 3331 3330 3330 3327 3327 3330 3330 3331 3331 2169 2169 3332 3332 3333 3333 3334 3334 3335 3335 3334 3334 3333 3333 3334 3334 3335 3335 3313 3313 3336 3336 3337 3337 3338 3338 3339 3339 3338 3338 3337 3337 3338 3338 3339 3339 3332 3332 3311 3311 3340 3340 3312 3312 3341 3341 3312 3312 3340 3340 3312 3312 3341 3341 3336 3336 3342 3342 3343 3343 3344 3344 3345 3345 3344 3344 3343 3343 3344 3344 3345 3345 3310 3310 3346 3346 3347 3347 3348 3348 3342 3342 3348 3348 3347 3347 1003 1003 3346 3346 979 979 3348 3348 979 979 3346 3346 979 979 3348 3348 983 983 3349 3349 983 983 3348 3348 983 983 3349 3349 1005 1005 3350 3350 1005 1005 3349 3349 1005 1005 3350 3350 1007 1007 3351 3351 1007 1007 3350 3350 1007 1007 3351 3351 1009 1009 1009 1009 3351 3351 1011 1011 3352 3352 1011 1011 3351 3351 1011 1011 3352 3352 1013 1013 1013 1013 3352 3352 1015 1015 3353 3353 1015 1015 3352 3352 1015 1015 3353 3353 1017 1017 3354 3354 1017 1017 3353 3353 1017 1017 3354 3354 1019 1019 1019 1019 3354 3354 1021 1021 3355 3355 1021 1021 3354 3354 1021 1021 3355 3355 1023 1023 3356 3356 1023 1023 3355 3355 1023 1023 3356 3356 1025 1025 1025 1025 3356 3356 1027 1027 3357 3357 1027 1027 3356 3356 1027 1027 3357 3357 1029 1029 3358 3358 1029 1029 3357 3357 1029 1029 3358 3358 1031 1031 1031 1031 3358 3358 1033 1033 3359 3359 1033 1033 3358 3358 1033 1033 3359 3359 1035 1035 3360 3360 1035 1035 3359 3359 1035 1035 3360 3360 1037 1037 1037 1037 3360 3360 1039 1039 3361 3361 1039 1039 3360 3360 1039 1039 3361 3361 1041 1041 3362 3362 1041 1041 3361 3361 1041 1041 3362 3362 1043 1043 1043 1043 3362 3362 1045 1045 3363 3363 1045 1045 3362 3362 1045 1045 3363 3363 1047 1047 3364 3364 1047 1047 3363 3363 1047 1047 3364 3364 1049 1049 3365 3365 1049 1049 3364 3364 1049 1049 3365 3365 1051 1051 3366 3366 1059 1059 3367 3367 1057 1057 3367 3367 1059 1059 3367 3367 1057 1057 3368 3368 1055 1055 3368 3368 1057 1057 3368 3368 1055 1055 3365 3365 1053 1053 3365 3365 1055 1055 3365 3365 1053 1053 1051 1051 3369 3369 1063 1063 3366 3366 1061 1061 3366 3366 1063 1063 3366 3366 1061 1061 1059 1059 3370 3370 1069 1069 3371 3371 1067 1067 3371 3371 1069 1069 3371 3371 1067 1067 3369 3369 1065 1065 3369 3369 1067 1067 3369 3369 1065 1065 1063 1063 3372 3372 1075 1075 3373 3373 1073 1073 3373 3373 1075 1075 3373 3373 1073 1073 3370 3370 1071 1071 3370 3370 1073 1073 3370 3370 1071 1071 1069 1069 3374 3374 1083 1083 3375 3375 1081 1081 3375 3375 1083 1083 3375 3375 1081 1081 3376 3376 1079 1079 3376 3376 1081 1081 3376 3376 1079 1079 3372 3372 1077 1077 3372 3372 1079 1079 3372 3372 1077 1077 1075 1075 3377 3377 1087 1087 3374 3374 1085 1085 3374 3374 1087 1087 3374 3374 1085 1085 1083 1083 3378 3378 1263 1263 3377 3377 1088 1088 3377 3377 1263 1263 3377 3377 1088 1088 1087 1087 3379 3379 1257 1257 3380 3380 1259 1259 3380 3380 1257 1257 3380 3380 1259 1259 3378 3378 1261 1261 3378 3378 1259 1259 3378 3378 1261 1261 1263 1263 3381 3381 1251 1251 3382 3382 1253 1253 3382 3382 1251 1251 3382 3382 1253 1253 3379 3379 1255 1255 3379 3379 1253 1253 3379 3379 1255 1255 1257 1257 3383 3383 1247 1247 3381 3381 1249 1249 3381 3381 1247 1247 3381 3381 1249 1249 1251 1251 3384 3384 1239 1239 3385 3385 1241 1241 3385 3385 1239 1239 3385 3385 1241 1241 3386 3386 1243 1243 3386 3386 1241 1241 3386 3386 1243 1243 3383 3383 1245 1245 3383 3383 1243 1243 3383 3383 1245 1245 1247 1247 3387 3387 1235 1235 3384 3384 1237 1237 3384 3384 1235 1235 3384 3384 1237 1237 1239 1239 3388 3388 1227 1227 3389 3389 1229 1229 3389 3389 1227 1227 3389 3389 1229 1229 3390 3390 1231 1231 3390 3390 1229 1229 3390 3390 1231 1231 3387 3387 1233 1233 3387 3387 1231 1231 3387 3387 1233 1233 1235 1235 3391 3391 1221 1221 3392 3392 1223 1223 3392 3392 1221 1221 3392 3392 1223 1223 3388 3388 1225 1225 3388 3388 1223 1223 3388 3388 1225 1225 1227 1227 3393 3393 1217 1217 3391 3391 1219 1219 3391 3391 1217 1217 3391 3391 1219 1219 1221 1221 3394 3394 1213 1213 3393 3393 1215 1215 3393 3393 1213 1213 3393 3393 1215 1215 1217 1217 3395 3395 1207 1207 3396 3396 1209 1209 3396 3396 1207 1207 3396 3396 1209 1209 3394 3394 1211 1211 3394 3394 1209 1209 3394 3394 1211 1211 1213 1213 3397 3397 1199 1199 3398 3398 1201 1201 3398 3398 1199 1199 3398 3398 1201 1201 3399 3399 1203 1203 3399 3399 1201 1201 3399 3399 1203 1203 3395 3395 1205 1205 3395 3395 1203 1203 3395 3395 1205 1205 1207 1207 1189 1189 1191 1191 3400 3400 1193 1193 3400 3400 1191 1191 3400 3400 1193 1193 3401 3401 1195 1195 3401 3401 1193 1193 3401 3401 1195 1195 3397 3397 1197 1197 3397 3397 1195 1195 3397 3397 1197 1197 1199 1199 1189 1189 3400 3400 1187 1187 3402 3402 1187 1187 3400 3400 1187 1187 3402 3402 1185 1185 3403 3403 1185 1185 3402 3402 1185 1185 3403 3403 1183 1183 3404 3404 1183 1183 3403 3403 1183 1183 3404 3404 1181 1181 1181 1181 3404 3404 1179 1179 3405 3405 1179 1179 3404 3404 1179 1179 3405 3405 1177 1177 3406 3406 1177 1177 3405 3405 1177 1177 3406 3406 1175 1175 1175 1175 3406 3406 1173 1173 3407 3407 1173 1173 3406 3406 1173 1173 3407 3407 1171 1171 3408 3408 1171 1171 3407 3407 1171 1171 3408 3408 1169 1169 1169 1169 3408 3408 1167 1167 3409 3409 1167 1167 3408 3408 1167 1167 3409 3409 1165 1165 3410 3410 1165 1165 3409 3409 1165 1165 3410 3410 1163 1163 1163 1163 3410 3410 1161 1161 3411 3411 1161 1161 3410 3410 1161 1161 3411 3411 1159 1159 1159 1159 3411 3411 1157 1157 3412 3412 1157 1157 3411 3411 1157 1157 3412 3412 1155 1155 3413 3413 1155 1155 3412 3412 1155 1155 3413 3413 1153 1153 3414 3414 1153 1153 3413 3413 1153 1153 3414 3414 1151 1151 1151 1151 3414 3414 1149 1149 3415 3415 1149 1149 3414 3414 1149 1149 3415 3415 1147 1147 1147 1147 3415 3415 1145 1145 3416 3416 1145 1145 3415 3415 1145 1145 3416 3416 1143 1143 3417 3417 1143 1143 3416 3416 1143 1143 3417 3417 1141 1141 1141 1141 3417 3417 1139 1139 3418 3418 1139 1139 3417 3417 1139 1139 3418 3418 1137 1137 3419 3419 1137 1137 3418 3418 1137 1137 3419 3419 1135 1135 1135 1135 3419 3419 1133 1133 3420 3420 1133 1133 3419 3419 1133 1133 3420 3420 1131 1131 3421 3421 1131 1131 3420 3420 1131 1131 3421 3421 1129 1129 1129 1129 3421 3421 1127 1127 3422 3422 1127 1127 3421 3421 1127 1127 3422 3422 1125 1125 1125 1125 3422 3422 1123 1123 3423 3423 1123 1123 3422 3422 1123 1123 3423 3423 1121 1121 3424 3424 1121 1121 3423 3423 1121 1121 3424 3424 1119 1119 1119 1119 3424 3424 1117 1117 3425 3425 1117 1117 3424 3424 1117 1117 3425 3425 1115 1115 3426 3426 1115 1115 3425 3425 1115 1115 3426 3426 1113 1113 3427 3427 1113 1113 3426 3426 1113 1113 3427 3427 1111 1111 3313 3313 3314 3314 3334 3334 2024 2024 3334 3334 3314 3314 3334 3334 2024 2024 3428 3428 2022 2022 3428 3428 2024 2024 3428 3428 2022 2022 3429 3429 3430 3430 3429 3429 2022 2022 3429 3429 3430 3430 3431 3431 3432 3432 3431 3431 3430 3430 3431 3431 3432 3432 3433 3433 2047 2047 3433 3433 3432 3432 3433 3433 2047 2047 3434 3434 3435 3435 3434 3434 2047 2047 3434 3434 3435 3435 3436 3436 2011 2011 3436 3436 3435 3435 3436 3436 2011 2011 3437 3437 2009 2009 3437 3437 2011 2011 3437 3437 2009 2009 3438 3438 3439 3439 3438 3438 2009 2009 3438 3438 3439 3439 3440 3440 2037 2037 3440 3440 3439 3439 3440 3440 2037 2037 3441 3441 2036 2036 3441 3441 2037 2037 3441 3441 2036 2036 3442 3442 2129 2129 3442 3442 2036 2036 3442 3442 2129 2129 3443 3443 2128 2128 3443 3443 2129 2129 3443 3443 2128 2128 3444 3444 2126 2126 3444 3444 2128 2128 3444 3444 2126 2126 3445 3445 2125 2125 3445 3445 2126 2126 3445 3445 2125 2125 3446 3446 2051 2051 3446 3446 2125 2125 3446 3446 2051 2051 3447 3447 2053 2053 3447 3447 2051 2051 3447 3447 2053 2053 3448 3448 2055 2055 3448 3448 2053 2053 3448 3448 2055 2055 3449 3449 3450 3450 3449 3449 2055 2055 3449 3449 3450 3450 3451 3451 3452 3452 3451 3451 3450 3450 3451 3451 3452 3452 3453 3453 2060 2060 3453 3453 3452 3452 3453 3453 2060 2060 3454 3454 2059 2059 3454 3454 2060 2060 3454 3454 2059 2059 3455 3455 3456 3456 3455 3455 2059 2059 3455 3455 3456 3456 3457 3457 3458 3458 3457 3457 3456 3456 3457 3457 3458 3458 3459 3459 2028 2028 3459 3459 3458 3458 3459 3459 2028 2028 3460 3460 2130 2130 3460 3460 2028 2028 3460 3460 2130 2130 3461 3461 2132 2132 3461 3461 2130 2130 3461 3461 2132 2132 3462 3462 3463 3463 3462 3462 2132 2132 3462 3462 3463 3463 3464 3464 3465 3465 3464 3464 3463 3463 3464 3464 3465 3465 3466 3466 2133 2133 3466 3466 3465 3465 3466 3466 2133 2133 3467 3467 2100 2100 3467 3467 2133 2133 3467 3467 2100 2100 3468 3468 2102 2102 3468 3468 2100 2100 3468 3468 2102 2102 3469 3469 3470 3470 3469 3469 2102 2102 3469 3469 3470 3470 3471 3471 2065 2065 3471 3471 3470 3470 3471 3471 2065 2065 3472 3472 3473 3473 3472 3472 2065 2065 3472 3472 3473 3473 3474 3474 2062 2062 3474 3474 3473 3473 3474 3474 2062 2062 3475 3475 3476 3476 3475 3475 2062 2062 3475 3475 3476 3476 3477 3477 3478 3478 3477 3477 3476 3476 3477 3477 3478 3478 3479 3479 2105 2105 3479 3479 3478 3478 3479 3479 2105 2105 3480 3480 2104 2104 3480 3480 2105 2105 3480 3480 2104 2104 3481 3481 2113 2113 3481 3481 2104 2104 3481 3481 2113 2113 3482 3482 3483 3483 3482 3482 2113 2113 3482 3482 3483 3483 3484 3484 2110 2110 3484 3484 3483 3483 3484 3484 2110 2110 3485 3485 2109 2109 3485 3485 2110 2110 3485 3485 2109 2109 3486 3486 2142 2142 3486 3486 2109 2109 3486 3486 2142 2142 3487 3487 3488 3488 3487 3487 2142 2142 3487 3487 3488 3488 3489 3489 3490 3490 3489 3489 3488 3488 3489 3489 3490 3490 3491 3491 2139 2139 3491 3491 3490 3490 3491 3491 2139 2139 3492 3492 2137 2137 3492 3492 2139 2139 3492 3492 2137 2137 3493 3493 3494 3494 3493 3493 2137 2137 3493 3493 3494 3494 3495 3495 3496 3496 3495 3495 3494 3494 3495 3495 3496 3496 3497 3497 2071 2071 3497 3497 3496 3496 3497 3497 2071 2071 3498 3498 3499 3499 3498 3498 2071 2071 3498 3498 3499 3499 3500 3500 2068 2068 3500 3500 3499 3499 3500 3500 2068 2068 3501 3501 3502 3502 3501 3501 2068 2068 3501 3501 3502 3502 3503 3503 2076 2076 3503 3503 3502 3502 3503 3503 2076 2076 3504 3504 2075 2075 3504 3504 2076 2076 3504 3504 2075 2075 3505 3505 3506 3506 3505 3505 2075 2075 3505 3505 3506 3506 3507 3507 3508 3508 3507 3507 3506 3506 3507 3507 3508 3508 3509 3509 2080 2080 3509 3509 3508 3508 3509 3509 2080 2080 3510 3510 3511 3511 3510 3510 2080 2080 3510 3510 3511 3511 3512 3512 3513 3513 3512 3512 3511 3511 3512 3512 3513 3513 3514 3514 2117 2117 3514 3514 3513 3513 3514 3514 2117 2117 3515 3515 2121 2121 3515 3515 2117 2117 3515 3515 2121 2121 3516 3516 2120 2120 3516 3516 2121 2121 3516 3516 2120 2120 3517 3517 3518 3518 3517 3517 2120 2120 3517 3517 3518 3518 3519 3519 3520 3520 3519 3519 3518 3518 3519 3519 3520 3520 3521 3521 3522 3522 3521 3521 3520 3520 3521 3521 3522 3522 3523 3523 2160 2160 3523 3523 3522 3522 3523 3523 2160 2160 3524 3524 2159 2159 3524 3524 2160 2160 3524 3524 2159 2159 3525 3525 3526 3526 3525 3525 2159 2159 3525 3525 3526 3526 3527 3527 2164 2164 3527 3527 3526 3526 3527 3527 2164 2164 3528 3528 2162 2162 3528 3528 2164 2164 3528 3528 2162 2162 3529 3529 2161 2161 3529 3529 2162 2162 3529 3529 2161 2161 3530 3530 2168 2168 3530 3530 2161 2161 3530 3530 2168 2168 3531 3531 3532 3532 3531 3531 2168 2168 3531 3531 3532 3532 3533 3533 3534 3534 3533 3533 3532 3532 3533 3533 3534 3534 3535 3535 2149 2149 3535 3535 3534 3534 3535 3535 2149 2149 3536 3536 3537 3537 3536 3536 2149 2149 3536 3536 3537 3537 3538 3538 3539 3539 3538 3538 3537 3537 3538 3538 3539 3539 3540 3540 3332 3332 3334 3334 3338 3338 3428 3428 3338 3338 3334 3334 3338 3338 3428 3428 3541 3541 3429 3429 3541 3541 3428 3428 3541 3541 3429 3429 3542 3542 3431 3431 3542 3542 3429 3429 3542 3542 3431 3431 3543 3543 3433 3433 3543 3543 3431 3431 3543 3543 3433 3433 3544 3544 3434 3434 3544 3544 3433 3433 3544 3544 3434 3434 3545 3545 3436 3436 3545 3545 3434 3434 3545 3545 3436 3436 3546 3546 3437 3437 3546 3546 3436 3436 3546 3546 3437 3437 3547 3547 3438 3438 3547 3547 3437 3437 3547 3547 3438 3438 3548 3548 3440 3440 3548 3548 3438 3438 3548 3548 3440 3440 3549 3549 3441 3441 3549 3549 3440 3440 3549 3549 3441 3441 3550 3550 3442 3442 3550 3550 3441 3441 3550 3550 3442 3442 3551 3551 3443 3443 3551 3551 3442 3442 3551 3551 3443 3443 3552 3552 3444 3444 3552 3552 3443 3443 3552 3552 3444 3444 3553 3553 3445 3445 3553 3553 3444 3444 3553 3553 3445 3445 3554 3554 3446 3446 3554 3554 3445 3445 3554 3554 3446 3446 3555 3555 3447 3447 3555 3555 3446 3446 3555 3555 3447 3447 3556 3556 3448 3448 3556 3556 3447 3447 3556 3556 3448 3448 3557 3557 3449 3449 3557 3557 3448 3448 3557 3557 3449 3449 3558 3558 3451 3451 3558 3558 3449 3449 3558 3558 3451 3451 3559 3559 3453 3453 3559 3559 3451 3451 3559 3559 3453 3453 3560 3560 3454 3454 3560 3560 3453 3453 3560 3560 3454 3454 3561 3561 3455 3455 3561 3561 3454 3454 3561 3561 3455 3455 3562 3562 3457 3457 3562 3562 3455 3455 3562 3562 3457 3457 3563 3563 3459 3459 3563 3563 3457 3457 3563 3563 3459 3459 3564 3564 3460 3460 3564 3564 3459 3459 3564 3564 3460 3460 3565 3565 3461 3461 3565 3565 3460 3460 3565 3565 3461 3461 3566 3566 3462 3462 3566 3566 3461 3461 3566 3566 3462 3462 3567 3567 3464 3464 3567 3567 3462 3462 3567 3567 3464 3464 3568 3568 3466 3466 3568 3568 3464 3464 3568 3568 3466 3466 3569 3569 3467 3467 3569 3569 3466 3466 3569 3569 3467 3467 3570 3570 3468 3468 3570 3570 3467 3467 3570 3570 3468 3468 3571 3571 3469 3469 3571 3571 3468 3468 3571 3571 3469 3469 3572 3572 3471 3471 3572 3572 3469 3469 3572 3572 3471 3471 3573 3573 3472 3472 3573 3573 3471 3471 3573 3573 3472 3472 3574 3574 3474 3474 3574 3574 3472 3472 3574 3574 3474 3474 3575 3575 3475 3475 3575 3575 3474 3474 3575 3575 3475 3475 3576 3576 3477 3477 3576 3576 3475 3475 3576 3576 3477 3477 3577 3577 3479 3479 3577 3577 3477 3477 3577 3577 3479 3479 3578 3578 3480 3480 3578 3578 3479 3479 3578 3578 3480 3480 3579 3579 3481 3481 3579 3579 3480 3480 3579 3579 3481 3481 3580 3580 3482 3482 3580 3580 3481 3481 3580 3580 3482 3482 3581 3581 3484 3484 3581 3581 3482 3482 3581 3581 3484 3484 3582 3582 3485 3485 3582 3582 3484 3484 3582 3582 3485 3485 3583 3583 3486 3486 3583 3583 3485 3485 3583 3583 3486 3486 3584 3584 3487 3487 3584 3584 3486 3486 3584 3584 3487 3487 3585 3585 3489 3489 3585 3585 3487 3487 3585 3585 3489 3489 3586 3586 3491 3491 3586 3586 3489 3489 3586 3586 3491 3491 3587 3587 3492 3492 3587 3587 3491 3491 3587 3587 3492 3492 3588 3588 3493 3493 3588 3588 3492 3492 3588 3588 3493 3493 3589 3589 3495 3495 3589 3589 3493 3493 3589 3589 3495 3495 3590 3590 3497 3497 3590 3590 3495 3495 3590 3590 3497 3497 3591 3591 3498 3498 3591 3591 3497 3497 3591 3591 3498 3498 3592 3592 3500 3500 3592 3592 3498 3498 3592 3592 3500 3500 3593 3593 3501 3501 3593 3593 3500 3500 3593 3593 3501 3501 3594 3594 3503 3503 3594 3594 3501 3501 3594 3594 3503 3503 3595 3595 3504 3504 3595 3595 3503 3503 3595 3595 3504 3504 3596 3596 3505 3505 3596 3596 3504 3504 3596 3596 3505 3505 3597 3597 3507 3507 3597 3597 3505 3505 3597 3597 3507 3507 3598 3598 3509 3509 3598 3598 3507 3507 3598 3598 3509 3509 3599 3599 3510 3510 3599 3599 3509 3509 3599 3599 3510 3510 3600 3600 3512 3512 3600 3600 3510 3510 3600 3600 3512 3512 3601 3601 3514 3514 3601 3601 3512 3512 3601 3601 3514 3514 3602 3602 3515 3515 3602 3602 3514 3514 3602 3602 3515 3515 3603 3603 3516 3516 3603 3603 3515 3515 3603 3603 3516 3516 3604 3604 3517 3517 3604 3604 3516 3516 3604 3604 3517 3517 3605 3605 3519 3519 3605 3605 3517 3517 3605 3605 3519 3519 3606 3606 3521 3521 3606 3606 3519 3519 3606 3606 3521 3521 3607 3607 3523 3523 3607 3607 3521 3521 3607 3607 3523 3523 3608 3608 3524 3524 3608 3608 3523 3523 3608 3608 3524 3524 3609 3609 3525 3525 3609 3609 3524 3524 3609 3609 3525 3525 3610 3610 3527 3527 3610 3610 3525 3525 3610 3610 3527 3527 3611 3611 3528 3528 3611 3611 3527 3527 3611 3611 3528 3528 3612 3612 3529 3529 3612 3612 3528 3528 3612 3612 3529 3529 3613 3613 3530 3530 3613 3613 3529 3529 3613 3613 3530 3530 3614 3614 3531 3531 3614 3614 3530 3530 3614 3614 3531 3531 3615 3615 3533 3533 3615 3615 3531 3531 3615 3615 3533 3533 3616 3616 3535 3535 3616 3616 3533 3533 3616 3616 3535 3535 3617 3617 3536 3536 3617 3617 3535 3535 3617 3617 3536 3536 3618 3618 3538 3538 3618 3618 3536 3536 3618 3618 3538 3538 3619 3619 3540 3540 3619 3619 3538 3538 3619 3619 3540 3540 3620 3620 3336 3336 3338 3338 3312 3312 3541 3541 3312 3312 3338 3338 3312 3312 3541 3541 3621 3621 3542 3542 3621 3621 3541 3541 3621 3621 3542 3542 3622 3622 3543 3543 3622 3622 3542 3542 3622 3622 3543 3543 3623 3623 3544 3544 3623 3623 3543 3543 3623 3623 3544 3544 3624 3624 3545 3545 3624 3624 3544 3544 3624 3624 3545 3545 3625 3625 3546 3546 3625 3625 3545 3545 3625 3625 3546 3546 3626 3626 3547 3547 3626 3626 3546 3546 3626 3626 3547 3547 3627 3627 3548 3548 3627 3627 3547 3547 3627 3627 3548 3548 3628 3628 3549 3549 3628 3628 3548 3548 3628 3628 3549 3549 3629 3629 3550 3550 3629 3629 3549 3549 3629 3629 3550 3550 3630 3630 3551 3551 3630 3630 3550 3550 3630 3630 3551 3551 3631 3631 3552 3552 3631 3631 3551 3551 3631 3631 3552 3552 3632 3632 3553 3553 3632 3632 3552 3552 3632 3632 3553 3553 3633 3633 3554 3554 3633 3633 3553 3553 3633 3633 3554 3554 3634 3634 3555 3555 3634 3634 3554 3554 3634 3634 3555 3555 3635 3635 3556 3556 3635 3635 3555 3555 3635 3635 3556 3556 3636 3636 3557 3557 3636 3636 3556 3556 3636 3636 3557 3557 3637 3637 3558 3558 3637 3637 3557 3557 3637 3637 3558 3558 3638 3638 3559 3559 3638 3638 3558 3558 3638 3638 3559 3559 3639 3639 3560 3560 3639 3639 3559 3559 3639 3639 3560 3560 3640 3640 3561 3561 3640 3640 3560 3560 3640 3640 3561 3561 3641 3641 3562 3562 3641 3641 3561 3561 3641 3641 3562 3562 3642 3642 3563 3563 3642 3642 3562 3562 3642 3642 3563 3563 3643 3643 3564 3564 3643 3643 3563 3563 3643 3643 3564 3564 3644 3644 3565 3565 3644 3644 3564 3564 3644 3644 3565 3565 3645 3645 3566 3566 3645 3645 3565 3565 3645 3645 3566 3566 3646 3646 3567 3567 3646 3646 3566 3566 3646 3646 3567 3567 3647 3647 3568 3568 3647 3647 3567 3567 3647 3647 3568 3568 3648 3648 3569 3569 3648 3648 3568 3568 3648 3648 3569 3569 3649 3649 3570 3570 3649 3649 3569 3569 3649 3649 3570 3570 3650 3650 3571 3571 3650 3650 3570 3570 3650 3650 3571 3571 3651 3651 3572 3572 3651 3651 3571 3571 3651 3651 3572 3572 3652 3652 3573 3573 3652 3652 3572 3572 3652 3652 3573 3573 3653 3653 3574 3574 3653 3653 3573 3573 3653 3653 3574 3574 3654 3654 3575 3575 3654 3654 3574 3574 3654 3654 3575 3575 3655 3655 3576 3576 3655 3655 3575 3575 3655 3655 3576 3576 3656 3656 3577 3577 3656 3656 3576 3576 3656 3656 3577 3577 3657 3657 3578 3578 3657 3657 3577 3577 3657 3657 3578 3578 3658 3658 3579 3579 3658 3658 3578 3578 3658 3658 3579 3579 3659 3659 3580 3580 3659 3659 3579 3579 3659 3659 3580 3580 3660 3660 3581 3581 3660 3660 3580 3580 3660 3660 3581 3581 3661 3661 3582 3582 3661 3661 3581 3581 3661 3661 3582 3582 3662 3662 3583 3583 3662 3662 3582 3582 3662 3662 3583 3583 3663 3663 3584 3584 3663 3663 3583 3583 3663 3663 3584 3584 3664 3664 3585 3585 3664 3664 3584 3584 3664 3664 3585 3585 3665 3665 3586 3586 3665 3665 3585 3585 3665 3665 3586 3586 3666 3666 3587 3587 3666 3666 3586 3586 3666 3666 3587 3587 3667 3667 3588 3588 3667 3667 3587 3587 3667 3667 3588 3588 3668 3668 3589 3589 3668 3668 3588 3588 3668 3668 3589 3589 3669 3669 3590 3590 3669 3669 3589 3589 3669 3669 3590 3590 3670 3670 3591 3591 3670 3670 3590 3590 3670 3670 3591 3591 3671 3671 3592 3592 3671 3671 3591 3591 3671 3671 3592 3592 3672 3672 3593 3593 3672 3672 3592 3592 3672 3672 3593 3593 3673 3673 3594 3594 3673 3673 3593 3593 3673 3673 3594 3594 3674 3674 3595 3595 3674 3674 3594 3594 3674 3674 3595 3595 3675 3675 3596 3596 3675 3675 3595 3595 3675 3675 3596 3596 3676 3676 3597 3597 3676 3676 3596 3596 3676 3676 3597 3597 3677 3677 3598 3598 3677 3677 3597 3597 3677 3677 3598 3598 3678 3678 3599 3599 3678 3678 3598 3598 3678 3678 3599 3599 3679 3679 3600 3600 3679 3679 3599 3599 3679 3679 3600 3600 3680 3680 3601 3601 3680 3680 3600 3600 3680 3680 3601 3601 3681 3681 3602 3602 3681 3681 3601 3601 3681 3681 3602 3602 3682 3682 3603 3603 3682 3682 3602 3602 3682 3682 3603 3603 3683 3683 3604 3604 3683 3683 3603 3603 3683 3683 3604 3604 3684 3684 3605 3605 3684 3684 3604 3604 3684 3684 3605 3605 3685 3685 3606 3606 3685 3685 3605 3605 3685 3685 3606 3606 3686 3686 3607 3607 3686 3686 3606 3606 3686 3686 3607 3607 3687 3687 3608 3608 3687 3687 3607 3607 3687 3687 3608 3608 3688 3688 3609 3609 3688 3688 3608 3608 3688 3688 3609 3609 3689 3689 3610 3610 3689 3689 3609 3609 3689 3689 3610 3610 3690 3690 3611 3611 3690 3690 3610 3610 3690 3690 3611 3611 3691 3691 3612 3612 3691 3691 3611 3611 3691 3691 3612 3612 3692 3692 3613 3613 3692 3692 3612 3612 3692 3692 3613 3613 3693 3693 3614 3614 3693 3693 3613 3613 3693 3693 3614 3614 3694 3694 3615 3615 3694 3694 3614 3614 3694 3694 3615 3615 3695 3695 3616 3616 3695 3695 3615 3615 3695 3695 3616 3616 3696 3696 3617 3617 3696 3696 3616 3616 3696 3696 3617 3617 3697 3697 3618 3618 3697 3697 3617 3617 3697 3697 3618 3618 3698 3698 3619 3619 3698 3698 3618 3618 3698 3698 3619 3619 3699 3699 3620 3620 3699 3699 3619 3619 3699 3699 3620 3620 3700 3700 3310 3310 3312 3312 3344 3344 3621 3621 3344 3344 3312 3312 3344 3344 3621 3621 3701 3701 3622 3622 3701 3701 3621 3621 3701 3701 3622 3622 3702 3702 3623 3623 3702 3702 3622 3622 3702 3702 3623 3623 3703 3703 3624 3624 3703 3703 3623 3623 3703 3703 3624 3624 3704 3704 3625 3625 3704 3704 3624 3624 3704 3704 3625 3625 3705 3705 3626 3626 3705 3705 3625 3625 3705 3705 3626 3626 3706 3706 3627 3627 3706 3706 3626 3626 3706 3706 3627 3627 3707 3707 3628 3628 3707 3707 3627 3627 3707 3707 3628 3628 3708 3708 3629 3629 3708 3708 3628 3628 3708 3708 3629 3629 3709 3709 3630 3630 3709 3709 3629 3629 3709 3709 3630 3630 3710 3710 3631 3631 3710 3710 3630 3630 3710 3710 3631 3631 3711 3711 3632 3632 3711 3711 3631 3631 3711 3711 3632 3632 3712 3712 3633 3633 3712 3712 3632 3632 3712 3712 3633 3633 3713 3713 3634 3634 3713 3713 3633 3633 3713 3713 3634 3634 3714 3714 3635 3635 3714 3714 3634 3634 3714 3714 3635 3635 3715 3715 3636 3636 3715 3715 3635 3635 3715 3715 3636 3636 3716 3716 3637 3637 3716 3716 3636 3636 3716 3716 3637 3637 3717 3717 3638 3638 3717 3717 3637 3637 3717 3717 3638 3638 3718 3718 3639 3639 3718 3718 3638 3638 3718 3718 3639 3639 3719 3719 3640 3640 3719 3719 3639 3639 3719 3719 3640 3640 3720 3720 3641 3641 3720 3720 3640 3640 3720 3720 3641 3641 3721 3721 3642 3642 3721 3721 3641 3641 3721 3721 3642 3642 3722 3722 3643 3643 3722 3722 3642 3642 3722 3722 3643 3643 3723 3723 3644 3644 3723 3723 3643 3643 3723 3723 3644 3644 3724 3724 3645 3645 3724 3724 3644 3644 3724 3724 3645 3645 3725 3725 3646 3646 3725 3725 3645 3645 3725 3725 3646 3646 3726 3726 3647 3647 3726 3726 3646 3646 3726 3726 3647 3647 3727 3727 3648 3648 3727 3727 3647 3647 3727 3727 3648 3648 3728 3728 3649 3649 3728 3728 3648 3648 3728 3728 3649 3649 3729 3729 3650 3650 3729 3729 3649 3649 3729 3729 3650 3650 3730 3730 3651 3651 3730 3730 3650 3650 3730 3730 3651 3651 3731 3731 3652 3652 3731 3731 3651 3651 3731 3731 3652 3652 3732 3732 3653 3653 3732 3732 3652 3652 3732 3732 3653 3653 3733 3733 3654 3654 3733 3733 3653 3653 3733 3733 3654 3654 3734 3734 3655 3655 3734 3734 3654 3654 3734 3734 3655 3655 3735 3735 3656 3656 3735 3735 3655 3655 3735 3735 3656 3656 3736 3736 3657 3657 3736 3736 3656 3656 3736 3736 3657 3657 3737 3737 3658 3658 3737 3737 3657 3657 3737 3737 3658 3658 3738 3738 3659 3659 3738 3738 3658 3658 3738 3738 3659 3659 3739 3739 3660 3660 3739 3739 3659 3659 3739 3739 3660 3660 3740 3740 3661 3661 3740 3740 3660 3660 3740 3740 3661 3661 3741 3741 3662 3662 3741 3741 3661 3661 3741 3741 3662 3662 3742 3742 3663 3663 3742 3742 3662 3662 3742 3742 3663 3663 3743 3743 3664 3664 3743 3743 3663 3663 3743 3743 3664 3664 3744 3744 3665 3665 3744 3744 3664 3664 3744 3744 3665 3665 3745 3745 3666 3666 3745 3745 3665 3665 3745 3745 3666 3666 3746 3746 3667 3667 3746 3746 3666 3666 3746 3746 3667 3667 3747 3747 3668 3668 3747 3747 3667 3667 3747 3747 3668 3668 3748 3748 3669 3669 3748 3748 3668 3668 3748 3748 3669 3669 3749 3749 3670 3670 3749 3749 3669 3669 3749 3749 3670 3670 3750 3750 3671 3671 3750 3750 3670 3670 3750 3750 3671 3671 3751 3751 3672 3672 3751 3751 3671 3671 3751 3751 3672 3672 3752 3752 3673 3673 3752 3752 3672 3672 3752 3752 3673 3673 3753 3753 3674 3674 3753 3753 3673 3673 3753 3753 3674 3674 3754 3754 3675 3675 3754 3754 3674 3674 3754 3754 3675 3675 3755 3755 3676 3676 3755 3755 3675 3675 3755 3755 3676 3676 3756 3756 3677 3677 3756 3756 3676 3676 3756 3756 3677 3677 3757 3757 3678 3678 3757 3757 3677 3677 3757 3757 3678 3678 3758 3758 3679 3679 3758 3758 3678 3678 3758 3758 3679 3679 3759 3759 3680 3680 3759 3759 3679 3679 3759 3759 3680 3680 3760 3760 3681 3681 3760 3760 3680 3680 3760 3760 3681 3681 3761 3761 3682 3682 3761 3761 3681 3681 3761 3761 3682 3682 3762 3762 3683 3683 3762 3762 3682 3682 3762 3762 3683 3683 3763 3763 3684 3684 3763 3763 3683 3683 3763 3763 3684 3684 3764 3764 3685 3685 3764 3764 3684 3684 3764 3764 3685 3685 3765 3765 3686 3686 3765 3765 3685 3685 3765 3765 3686 3686 3766 3766 3687 3687 3766 3766 3686 3686 3766 3766 3687 3687 3767 3767 3688 3688 3767 3767 3687 3687 3767 3767 3688 3688 3768 3768 3689 3689 3768 3768 3688 3688 3768 3768 3689 3689 3769 3769 3690 3690 3769 3769 3689 3689 3769 3769 3690 3690 3770 3770 3691 3691 3770 3770 3690 3690 3770 3770 3691 3691 3771 3771 3692 3692 3771 3771 3691 3691 3771 3771 3692 3692 3772 3772 3693 3693 3772 3772 3692 3692 3772 3772 3693 3693 3773 3773 3694 3694 3773 3773 3693 3693 3773 3773 3694 3694 3774 3774 3695 3695 3774 3774 3694 3694 3774 3774 3695 3695 3775 3775 3696 3696 3775 3775 3695 3695 3775 3775 3696 3696 3776 3776 3697 3697 3776 3776 3696 3696 3776 3776 3697 3697 3777 3777 3698 3698 3777 3777 3697 3697 3777 3777 3698 3698 3778 3778 3699 3699 3778 3778 3698 3698 3778 3778 3699 3699 3779 3779 3700 3700 3779 3779 3699 3699 3779 3779 3700 3700 3780 3780 3342 3342 3344 3344 3348 3348 3701 3701 3348 3348 3344 3344 3348 3348 3701 3701 3349 3349 3702 3702 3349 3349 3701 3701 3349 3349 3702 3702 3350 3350 3703 3703 3350 3350 3702 3702 3350 3350 3703 3703 3351 3351 3704 3704 3351 3351 3703 3703 3351 3351 3704 3704 3352 3352 3705 3705 3352 3352 3704 3704 3352 3352 3705 3705 3353 3353 3706 3706 3353 3353 3705 3705 3353 3353 3706 3706 3354 3354 3707 3707 3354 3354 3706 3706 3354 3354 3707 3707 3355 3355 3708 3708 3355 3355 3707 3707 3355 3355 3708 3708 3356 3356 3709 3709 3356 3356 3708 3708 3356 3356 3709 3709 3357 3357 3710 3710 3357 3357 3709 3709 3357 3357 3710 3710 3358 3358 3711 3711 3358 3358 3710 3710 3358 3358 3711 3711 3359 3359 3712 3712 3359 3359 3711 3711 3359 3359 3712 3712 3360 3360 3713 3713 3360 3360 3712 3712 3360 3360 3713 3713 3361 3361 3714 3714 3361 3361 3713 3713 3361 3361 3714 3714 3362 3362 3715 3715 3362 3362 3714 3714 3362 3362 3715 3715 3363 3363 3716 3716 3363 3363 3715 3715 3363 3363 3716 3716 3364 3364 3717 3717 3364 3364 3716 3716 3364 3364 3717 3717 3365 3365 3718 3718 3365 3365 3717 3717 3365 3365 3718 3718 3368 3368 3719 3719 3368 3368 3718 3718 3368 3368 3719 3719 3367 3367 3720 3720 3367 3367 3719 3719 3367 3367 3720 3720 3366 3366 3721 3721 3366 3366 3720 3720 3366 3366 3721 3721 3369 3369 3722 3722 3369 3369 3721 3721 3369 3369 3722 3722 3371 3371 3723 3723 3371 3371 3722 3722 3371 3371 3723 3723 3370 3370 3724 3724 3370 3370 3723 3723 3370 3370 3724 3724 3373 3373 3725 3725 3373 3373 3724 3724 3373 3373 3725 3725 3372 3372 3726 3726 3372 3372 3725 3725 3372 3372 3726 3726 3376 3376 3727 3727 3376 3376 3726 3726 3376 3376 3727 3727 3375 3375 3728 3728 3375 3375 3727 3727 3375 3375 3728 3728 3374 3374 3729 3729 3374 3374 3728 3728 3374 3374 3729 3729 3377 3377 3730 3730 3377 3377 3729 3729 3377 3377 3730 3730 3378 3378 3731 3731 3378 3378 3730 3730 3378 3378 3731 3731 3380 3380 3732 3732 3380 3380 3731 3731 3380 3380 3732 3732 3379 3379 3733 3733 3379 3379 3732 3732 3379 3379 3733 3733 3382 3382 3734 3734 3382 3382 3733 3733 3382 3382 3734 3734 3381 3381 3735 3735 3381 3381 3734 3734 3381 3381 3735 3735 3383 3383 3736 3736 3383 3383 3735 3735 3383 3383 3736 3736 3386 3386 3737 3737 3386 3386 3736 3736 3386 3386 3737 3737 3385 3385 3738 3738 3385 3385 3737 3737 3385 3385 3738 3738 3384 3384 3739 3739 3384 3384 3738 3738 3384 3384 3739 3739 3387 3387 3740 3740 3387 3387 3739 3739 3387 3387 3740 3740 3390 3390 3741 3741 3390 3390 3740 3740 3390 3390 3741 3741 3389 3389 3742 3742 3389 3389 3741 3741 3389 3389 3742 3742 3388 3388 3743 3743 3388 3388 3742 3742 3388 3388 3743 3743 3392 3392 3744 3744 3392 3392 3743 3743 3392 3392 3744 3744 3391 3391 3745 3745 3391 3391 3744 3744 3391 3391 3745 3745 3393 3393 3746 3746 3393 3393 3745 3745 3393 3393 3746 3746 3394 3394 3747 3747 3394 3394 3746 3746 3394 3394 3747 3747 3396 3396 3748 3748 3396 3396 3747 3747 3396 3396 3748 3748 3395 3395 3749 3749 3395 3395 3748 3748 3395 3395 3749 3749 3399 3399 3750 3750 3399 3399 3749 3749 3399 3399 3750 3750 3398 3398 3751 3751 3398 3398 3750 3750 3398 3398 3751 3751 3397 3397 3752 3752 3397 3397 3751 3751 3397 3397 3752 3752 3401 3401 3753 3753 3401 3401 3752 3752 3401 3401 3753 3753 3400 3400 3754 3754 3400 3400 3753 3753 3400 3400 3754 3754 3402 3402 3755 3755 3402 3402 3754 3754 3402 3402 3755 3755 3403 3403 3756 3756 3403 3403 3755 3755 3403 3403 3756 3756 3404 3404 3757 3757 3404 3404 3756 3756 3404 3404 3757 3757 3405 3405 3758 3758 3405 3405 3757 3757 3405 3405 3758 3758 3406 3406 3759 3759 3406 3406 3758 3758 3406 3406 3759 3759 3407 3407 3760 3760 3407 3407 3759 3759 3407 3407 3760 3760 3408 3408 3761 3761 3408 3408 3760 3760 3408 3408 3761 3761 3409 3409 3762 3762 3409 3409 3761 3761 3409 3409 3762 3762 3410 3410 3763 3763 3410 3410 3762 3762 3410 3410 3763 3763 3411 3411 3764 3764 3411 3411 3763 3763 3411 3411 3764 3764 3412 3412 3765 3765 3412 3412 3764 3764 3412 3412 3765 3765 3413 3413 3766 3766 3413 3413 3765 3765 3413 3413 3766 3766 3414 3414 3767 3767 3414 3414 3766 3766 3414 3414 3767 3767 3415 3415 3768 3768 3415 3415 3767 3767 3415 3415 3768 3768 3416 3416 3769 3769 3416 3416 3768 3768 3416 3416 3769 3769 3417 3417 3770 3770 3417 3417 3769 3769 3417 3417 3770 3770 3418 3418 3771 3771 3418 3418 3770 3770 3418 3418 3771 3771 3419 3419 3772 3772 3419 3419 3771 3771 3419 3419 3772 3772 3420 3420 3773 3773 3420 3420 3772 3772 3420 3420 3773 3773 3421 3421 3774 3774 3421 3421 3773 3773 3421 3421 3774 3774 3422 3422 3775 3775 3422 3422 3774 3774 3422 3422 3775 3775 3423 3423 3776 3776 3423 3423 3775 3775 3423 3423 3776 3776 3424 3424 3777 3777 3424 3424 3776 3776 3424 3424 3777 3777 3425 3425 3778 3778 3425 3425 3777 3777 3425 3425 3778 3778 3426 3426 3779 3779 3426 3426 3778 3778 3426 3426 3779 3779 3427 3427 3780 3780 3427 3427 3779 3779 3427 3427 3780 3780 3309 3309 3309 3309 1107 1107 3427 3427 1109 1109 3427 3427 1107 1107 3427 3427 1109 1109 1111 1111 1103 1103 1105 1105 3781 3781 3309 3309 3781 3781 1105 1105 3781 3781 3309 3309 3782 3782 3780 3780 3782 3782 3309 3309 3782 3782 3780 3780 3783 3783 3700 3700 3783 3783 3780 3780 3783 3783 3700 3700 3784 3784 3620 3620 3784 3784 3700 3700 3784 3784 3620 3620 3785 3785 3540 3540 3785 3785 3620 3620 3785 3785 3540 3540 3786 3786 3539 3539 3786 3786 3540 3540 1101 1101 1103 1103 3308 3308 3781 3781 3308 3308 1103 1103 3308 3308 3781 3781 3787 3787 3782 3782 3787 3787 3781 3781 3787 3787 3782 3782 3788 3788 3783 3783 3788 3788 3782 3782 3788 3788 3783 3783 3789 3789 3784 3784 3789 3789 3783 3783 3789 3789 3784 3784 3790 3790 3785 3785 3790 3790 3784 3784 3790 3790 3785 3785 2143 2143 3786 3786 2143 2143 3785 3785 1097 1097 1099 1099 3791 3791 3308 3308 3791 3791 1099 1099 3791 3791 3308 3308 3792 3792 3787 3787 3792 3792 3308 3308 3792 3792 3787 3787 3793 3793 3788 3788 3793 3793 3787 3787 3793 3793 3788 3788 3794 3794 3789 3789 3794 3794 3788 3788 3794 3794 3789 3789 3795 3795 3790 3790 3795 3795 3789 3789 3795 3795 3790 3790 3796 3796 2143 2143 3796 3796 3790 3790 1095 1095 1097 1097 3307 3307 3791 3791 3307 3307 1097 1097 3307 3307 3791 3791 3797 3797 3792 3792 3797 3797 3791 3791 3797 3797 3792 3792 3798 3798 3793 3793 3798 3798 3792 3792 3798 3798 3793 3793 3799 3799 3794 3794 3799 3799 3793 3793 3799 3799 3794 3794 3800 3800 3795 3795 3800 3800 3794 3794 3800 3800 3795 3795 3801 3801 3796 3796 3801 3801 3795 3795 1091 1091 1093 1093 3319 3319 3307 3307 3319 3319 1093 1093 3319 3319 3307 3307 3323 3323 3797 3797 3323 3323 3307 3307 3323 3323 3797 3797 3316 3316 3798 3798 3316 3316 3797 3797 3316 3316 3798 3798 3317 3317 3799 3799 3317 3317 3798 3798 3317 3317 3799 3799 3327 3327 3800 3800 3327 3327 3799 3799 3327 3327 3800 3800 3331 3331 3801 3801 3331 3331 3800 3800 3802 3802 988 988 986 986 3803 3803 3804 3804 3805 3805 3806 3806 3805 3805 3804 3804 3805 3805 3806 3806 3807 3807 3808 3808 3809 3809 3803 3803 3810 3810 3811 3811 3812 3812 3809 3809 3812 3812 3811 3811 3813 3813 3814 3814 3815 3815 3816 3816 3815 3815 3814 3814 3815 3815 3816 3816 3810 3810 3817 3817 3818 3818 3819 3819 3820 3820 3819 3819 3818 3818 3819 3819 3820 3820 3813 3813 3821 3821 3822 3822 3823 3823 3802 3802 986 986 3823 3823 3824 3824 3825 3825 3826 3826 3827 3827 3826 3826 3825 3825 3828 3828 3829 3829 3830 3830 3831 3831 3832 3832 3833 3833 3834 3834 3833 3833 3832 3832 3835 3835 3836 3836 3837 3837 3838 3838 3837 3837 3836 3836 3835 3835 3839 3839 3840 3840 77 77 3840 3840 3839 3839 3823 3823 986 986 3821 3821 985 985 3821 3821 986 986 3821 3821 985 985 3841 3841 1014 1014 3842 3842 3843 3843 985 985 1004 1004 3841 3841 1006 1006 3841 3841 1004 1004 3841 3841 1006 1006 3844 3844 1008 1008 3844 3844 1006 1006 3844 3844 1008 1008 3845 3845 1010 1010 3845 3845 1008 1008 3845 3845 1010 1010 3843 3843 1012 1012 3843 3843 1010 1010 3843 3843 1012 1012 1014 1014 1014 1014 1016 1016 3842 3842 1018 1018 3842 3842 1016 1016 3842 3842 1018 1018 3846 3846 1020 1020 3846 3846 1018 1018 3846 3846 1020 1020 3847 3847 1020 1020 1022 1022 3847 3847 1024 1024 3847 3847 1022 1022 3847 3847 1024 1024 3848 3848 1026 1026 3848 3848 1024 1024 3848 3848 1026 1026 3849 3849 1026 1026 1028 1028 3849 3849 1030 1030 3849 3849 1028 1028 3849 3849 1030 1030 3850 3850 1032 1032 3850 3850 1030 1030 3850 3850 1032 1032 3851 3851 1032 1032 1034 1034 3851 3851 1036 1036 3851 3851 1034 1034 3851 3851 1036 1036 3852 3852 1038 1038 3852 3852 1036 1036 3852 3852 1038 1038 3853 3853 1038 1038 1040 1040 3853 3853 1042 1042 3853 3853 1040 1040 3853 3853 1042 1042 3854 3854 1044 1044 3854 3854 1042 1042 3854 3854 1044 1044 3855 3855 1056 1056 3856 3856 3857 3857 1044 1044 1046 1046 3855 3855 1048 1048 3855 3855 1046 1046 3855 3855 1048 1048 3858 3858 1050 1050 3858 3858 1048 1048 3858 3858 1050 1050 3859 3859 1052 1052 3859 3859 1050 1050 3859 3859 1052 1052 3857 3857 1054 1054 3857 3857 1052 1052 3857 3857 1054 1054 1056 1056 1066 1066 3860 3860 3861 3861 1056 1056 1058 1058 3856 3856 1060 1060 3856 3856 1058 1058 3856 3856 1060 1060 3862 3862 1062 1062 3862 3862 1060 1060 3862 3862 1062 1062 3861 3861 1064 1064 3861 3861 1062 1062 3861 3861 1064 1064 1066 1066 1066 1066 1068 1068 3860 3860 1070 1070 3860 3860 1068 1068 3860 3860 1070 1070 3863 3863 1072 1072 3863 3863 1070 1070 3863 3863 1072 1072 3864 3864 1072 1072 1074 1074 3864 3864 1076 1076 3864 3864 1074 1074 3864 3864 1076 1076 3865 3865 1078 1078 3865 3865 1076 1076 3865 3865 1078 1078 3866 3866 1265 1265 3867 3867 1086 1086 3868 3868 1086 1086 3867 3867 1086 1086 3868 3868 1084 1084 3869 3869 1084 1084 3868 3868 1084 1084 3869 3869 1082 1082 3866 3866 1082 1082 3869 3869 1082 1082 3866 3866 1080 1080 1078 1078 1080 1080 3866 3866 1265 1265 1264 1264 3867 3867 1262 1262 3867 3867 1264 1264 3867 3867 1262 1262 3870 3870 1260 1260 3870 3870 1262 1262 3870 3870 1260 1260 3871 3871 1260 1260 1258 1258 3871 3871 1256 1256 3871 3871 1258 1258 3871 3871 1256 1256 3872 3872 1254 1254 3872 3872 1256 1256 3872 3872 1254 1254 3873 3873 1244 1244 3874 3874 3875 3875 1254 1254 1252 1252 3873 3873 1250 1250 3873 3873 1252 1252 3873 3873 1250 1250 3876 3876 1248 1248 3876 3876 1250 1250 3876 3876 1248 1248 3875 3875 1246 1246 3875 3875 1248 1248 3875 3875 1246 1246 1244 1244 1232 1232 3877 3877 3878 3878 1244 1244 1242 1242 3874 3874 1240 1240 3874 3874 1242 1242 3874 3874 1240 1240 3879 3879 1238 1238 3879 3879 1240 1240 3879 3879 1238 1238 3880 3880 1236 1236 3880 3880 1238 1238 3880 3880 1236 1236 3878 3878 1234 1234 3878 3878 1236 1236 3878 3878 1234 1234 1232 1232 1232 1232 1230 1230 3877 3877 1228 1228 3877 3877 1230 1230 3877 3877 1228 1228 3881 3881 1226 1226 3881 3881 1228 1228 3881 3881 1226 1226 3882 3882 1224 1224 3882 3882 1226 1226 3882 3882 1224 1224 3883 3883 1224 1224 1222 1222 3883 3883 1220 1220 3883 3883 1222 1222 3883 3883 1220 1220 3884 3884 1218 1218 3884 3884 1220 1220 3884 3884 1218 1218 3885 3885 1218 1218 1216 1216 3885 3885 1214 1214 3885 3885 1216 1216 3885 3885 1214 1214 3886 3886 1212 1212 3886 3886 1214 1214 3886 3886 1212 1212 3887 3887 1210 1210 3887 3887 1212 1212 1210 1210 1208 1208 3887 3887 1206 1206 3887 3887 1208 1208 3887 3887 1206 1206 3888 3888 1204 1204 3888 3888 1206 1206 3888 3888 1204 1204 3889 3889 1204 1204 1202 1202 3889 3889 1200 1200 3889 3889 1202 1202 3889 3889 1200 1200 3890 3890 1198 1198 3890 3890 1200 1200 3890 3890 1198 1198 3891 3891 1196 1196 3891 3891 1198 1198 3891 3891 1196 1196 3892 3892 1196 1196 1194 1194 3892 3892 1192 1192 3892 3892 1194 1194 3892 3892 1192 1192 3893 3893 1190 1190 3893 3893 1192 1192 3893 3893 1190 1190 3894 3894 1188 1188 3894 3894 1190 1190 3894 3894 1188 1188 3895 3895 1186 1186 3895 3895 1188 1188 1186 1186 1184 1184 3895 3895 1182 1182 3895 3895 1184 1184 3895 3895 1182 1182 3896 3896 1180 1180 3896 3896 1182 1182 3896 3896 1180 1180 3897 3897 1180 1180 1178 1178 3897 3897 1176 1176 3897 3897 1178 1178 3897 3897 1176 1176 3898 3898 1174 1174 3898 3898 1176 1176 3898 3898 1174 1174 3899 3899 1174 1174 1172 1172 3899 3899 1170 1170 3899 3899 1172 1172 3899 3899 1170 1170 3900 3900 1168 1168 3900 3900 1170 1170 3900 3900 1168 1168 3901 3901 1158 1158 3902 3902 3903 3903 1168 1168 1166 1166 3901 3901 1164 1164 3901 3901 1166 1166 3901 3901 1164 1164 3904 3904 1162 1162 3904 3904 1164 1164 3904 3904 1162 1162 3903 3903 1160 1160 3903 3903 1162 1162 3903 3903 1160 1160 1158 1158 1146 1146 3905 3905 3906 3906 1158 1158 1156 1156 3902 3902 1154 1154 3902 3902 1156 1156 3902 3902 1154 1154 3907 3907 1152 1152 3907 3907 1154 1154 3907 3907 1152 1152 3908 3908 1150 1150 3908 3908 1152 1152 3908 3908 1150 1150 3906 3906 1148 1148 3906 3906 1150 1150 3906 3906 1148 1148 1146 1146 1146 1146 1144 1144 3905 3905 1142 1142 3905 3905 1144 1144 3905 3905 1142 1142 3909 3909 1140 1140 3909 3909 1142 1142 3909 3909 1140 1140 3910 3910 1140 1140 1138 1138 3910 3910 1136 1136 3910 3910 1138 1138 3910 3910 1136 1136 3911 3911 1134 1134 3911 3911 1136 1136 3911 3911 1134 1134 3912 3912 1134 1134 1132 1132 3912 3912 1130 1130 3912 3912 1132 1132 3912 3912 1130 1130 3913 3913 1128 1128 3913 3913 1130 1130 3913 3913 1128 1128 3914 3914 1126 1126 3914 3914 1128 1128 3914 3914 1126 1126 3915 3915 1124 1124 3915 3915 1126 1126 1124 1124 1122 1122 3915 3915 1120 1120 3915 3915 1122 1122 3915 3915 1120 1120 3916 3916 1118 1118 3916 3916 1120 1120 3916 3916 1118 1118 3917 3917 1106 1106 3918 3918 3919 3919 1118 1118 1116 1116 3917 3917 1114 1114 3917 3917 1116 1116 3917 3917 1114 1114 3920 3920 1112 1112 3920 3920 1114 1114 3920 3920 1112 1112 3921 3921 1110 1110 3921 3921 1112 1112 3921 3921 1110 1110 3919 3919 1108 1108 3919 3919 1110 1110 3919 3919 1108 1108 1106 1106 1106 1106 1104 1104 3918 3918 1102 1102 3918 3918 1104 1104 3918 3918 1102 1102 3922 3922 1100 1100 3922 3922 1102 1102 3922 3922 1100 1100 3923 3923 1100 1100 1098 1098 3923 3923 1096 1096 3923 3923 1098 1098 3923 3923 1096 1096 3924 3924 1094 1094 3924 3924 1096 1096 3924 3924 1094 1094 3819 3819 1092 1092 3819 3819 1094 1094 3819 3819 1092 1092 3817 3817 1090 1090 3817 3817 1092 1092 3813 3813 3815 3815 3819 3819 3925 3925 3819 3819 3815 3815 3819 3819 3925 3925 3924 3924 3926 3926 3924 3924 3925 3925 3924 3924 3926 3926 3923 3923 3927 3927 3923 3923 3926 3926 3923 3923 3927 3927 3922 3922 3928 3928 3922 3922 3927 3927 3922 3922 3928 3928 3918 3918 3929 3929 3918 3918 3928 3928 3918 3918 3929 3929 3919 3919 3930 3930 3919 3919 3929 3929 3919 3919 3930 3930 3921 3921 3931 3931 3921 3921 3930 3930 3921 3921 3931 3931 3920 3920 3932 3932 3920 3920 3931 3931 3920 3920 3932 3932 3917 3917 3933 3933 3917 3917 3932 3932 3917 3917 3933 3933 3916 3916 3934 3934 3916 3916 3933 3933 3916 3916 3934 3934 3915 3915 3935 3935 3915 3915 3934 3934 3915 3915 3935 3935 3914 3914 3936 3936 3914 3914 3935 3935 3914 3914 3936 3936 3913 3913 3937 3937 3913 3913 3936 3936 3913 3913 3937 3937 3912 3912 3938 3938 3912 3912 3937 3937 3912 3912 3938 3938 3911 3911 3939 3939 3911 3911 3938 3938 3911 3911 3939 3939 3910 3910 3940 3940 3910 3910 3939 3939 3910 3910 3940 3940 3909 3909 3941 3941 3909 3909 3940 3940 3909 3909 3941 3941 3905 3905 3942 3942 3905 3905 3941 3941 3905 3905 3942 3942 3906 3906 3943 3943 3906 3906 3942 3942 3906 3906 3943 3943 3908 3908 3944 3944 3908 3908 3943 3943 3908 3908 3944 3944 3907 3907 3945 3945 3907 3907 3944 3944 3907 3907 3945 3945 3902 3902 3946 3946 3902 3902 3945 3945 3902 3902 3946 3946 3903 3903 3947 3947 3903 3903 3946 3946 3903 3903 3947 3947 3904 3904 3948 3948 3904 3904 3947 3947 3904 3904 3948 3948 3901 3901 3949 3949 3901 3901 3948 3948 3901 3901 3949 3949 3900 3900 3950 3950 3900 3900 3949 3949 3900 3900 3950 3950 3899 3899 3951 3951 3899 3899 3950 3950 3899 3899 3951 3951 3898 3898 3952 3952 3898 3898 3951 3951 3898 3898 3952 3952 3897 3897 3953 3953 3897 3897 3952 3952 3897 3897 3953 3953 3896 3896 3954 3954 3896 3896 3953 3953 3896 3896 3954 3954 3895 3895 3955 3955 3895 3895 3954 3954 3895 3895 3955 3955 3894 3894 3956 3956 3894 3894 3955 3955 3894 3894 3956 3956 3893 3893 3957 3957 3893 3893 3956 3956 3893 3893 3957 3957 3892 3892 3958 3958 3892 3892 3957 3957 3892 3892 3958 3958 3891 3891 3959 3959 3891 3891 3958 3958 3891 3891 3959 3959 3890 3890 3960 3960 3890 3890 3959 3959 3890 3890 3960 3960 3889 3889 3961 3961 3889 3889 3960 3960 3889 3889 3961 3961 3888 3888 3962 3962 3888 3888 3961 3961 3888 3888 3962 3962 3887 3887 3963 3963 3887 3887 3962 3962 3887 3887 3963 3963 3886 3886 3964 3964 3886 3886 3963 3963 3886 3886 3964 3964 3885 3885 3965 3965 3885 3885 3964 3964 3885 3885 3965 3965 3884 3884 3966 3966 3884 3884 3965 3965 3884 3884 3966 3966 3883 3883 3967 3967 3883 3883 3966 3966 3883 3883 3967 3967 3882 3882 3968 3968 3882 3882 3967 3967 3882 3882 3968 3968 3881 3881 3969 3969 3881 3881 3968 3968 3881 3881 3969 3969 3877 3877 3970 3970 3877 3877 3969 3969 3877 3877 3970 3970 3878 3878 3971 3971 3878 3878 3970 3970 3878 3878 3971 3971 3880 3880 3972 3972 3880 3880 3971 3971 3880 3880 3972 3972 3879 3879 3973 3973 3879 3879 3972 3972 3879 3879 3973 3973 3874 3874 3974 3974 3874 3874 3973 3973 3874 3874 3974 3974 3875 3875 3975 3975 3875 3875 3974 3974 3875 3875 3975 3975 3876 3876 3976 3976 3876 3876 3975 3975 3876 3876 3976 3976 3873 3873 3977 3977 3873 3873 3976 3976 3873 3873 3977 3977 3872 3872 3978 3978 3872 3872 3977 3977 3872 3872 3978 3978 3871 3871 3979 3979 3871 3871 3978 3978 3871 3871 3979 3979 3870 3870 3980 3980 3870 3870 3979 3979 3870 3870 3980 3980 3867 3867 3981 3981 3867 3867 3980 3980 3867 3867 3981 3981 3868 3868 3982 3982 3868 3868 3981 3981 3868 3868 3982 3982 3869 3869 3983 3983 3869 3869 3982 3982 3869 3869 3983 3983 3866 3866 3984 3984 3866 3866 3983 3983 3866 3866 3984 3984 3865 3865 3985 3985 3865 3865 3984 3984 3865 3865 3985 3985 3864 3864 3986 3986 3864 3864 3985 3985 3864 3864 3986 3986 3863 3863 3987 3987 3863 3863 3986 3986 3863 3863 3987 3987 3860 3860 3988 3988 3860 3860 3987 3987 3860 3860 3988 3988 3861 3861 3989 3989 3861 3861 3988 3988 3861 3861 3989 3989 3862 3862 3990 3990 3862 3862 3989 3989 3862 3862 3990 3990 3856 3856 3991 3991 3856 3856 3990 3990 3856 3856 3991 3991 3857 3857 3992 3992 3857 3857 3991 3991 3857 3857 3992 3992 3859 3859 3993 3993 3859 3859 3992 3992 3859 3859 3993 3993 3858 3858 3994 3994 3858 3858 3993 3993 3858 3858 3994 3994 3855 3855 3995 3995 3855 3855 3994 3994 3855 3855 3995 3995 3854 3854 3996 3996 3854 3854 3995 3995 3854 3854 3996 3996 3853 3853 3997 3997 3853 3853 3996 3996 3853 3853 3997 3997 3852 3852 3998 3998 3852 3852 3997 3997 3852 3852 3998 3998 3851 3851 3999 3999 3851 3851 3998 3998 3851 3851 3999 3999 3850 3850 4000 4000 3850 3850 3999 3999 3850 3850 4000 4000 3849 3849 4001 4001 3849 3849 4000 4000 3849 3849 4001 4001 3848 3848 4002 4002 3848 3848 4001 4001 3848 3848 4002 4002 3847 3847 4003 4003 3847 3847 4002 4002 3847 3847 4003 4003 3846 3846 4004 4004 3846 3846 4003 4003 3846 3846 4004 4004 3842 3842 4005 4005 3842 3842 4004 4004 3842 3842 4005 4005 3843 3843 4006 4006 3843 3843 4005 4005 3843 3843 4006 4006 3845 3845 4007 4007 3845 3845 4006 4006 3845 3845 4007 4007 3844 3844 4008 4008 3844 3844 4007 4007 3844 3844 4008 4008 3841 3841 3826 3826 3841 3841 4008 4008 3841 3841 3826 3826 3821 3821 3827 3827 3821 3821 3826 3826 3821 3821 3827 3827 3822 3822 3810 3810 3812 3812 3815 3815 4009 4009 3815 3815 3812 3812 3815 3815 4009 4009 3925 3925 4010 4010 3925 3925 4009 4009 3925 3925 4010 4010 3926 3926 4011 4011 3926 3926 4010 4010 3926 3926 4011 4011 3927 3927 4012 4012 3927 3927 4011 4011 3927 3927 4012 4012 3928 3928 4013 4013 3928 3928 4012 4012 3928 3928 4013 4013 3929 3929 4014 4014 3929 3929 4013 4013 3929 3929 4014 4014 3930 3930 4015 4015 3930 3930 4014 4014 3930 3930 4015 4015 3931 3931 4016 4016 3931 3931 4015 4015 3931 3931 4016 4016 3932 3932 4017 4017 3932 3932 4016 4016 3932 3932 4017 4017 3933 3933 4018 4018 3933 3933 4017 4017 3933 3933 4018 4018 3934 3934 4019 4019 3934 3934 4018 4018 3934 3934 4019 4019 3935 3935 4020 4020 3935 3935 4019 4019 3935 3935 4020 4020 3936 3936 4021 4021 3936 3936 4020 4020 3936 3936 4021 4021 3937 3937 4022 4022 3937 3937 4021 4021 3937 3937 4022 4022 3938 3938 4023 4023 3938 3938 4022 4022 3938 3938 4023 4023 3939 3939 4024 4024 3939 3939 4023 4023 3939 3939 4024 4024 3940 3940 4025 4025 3940 3940 4024 4024 3940 3940 4025 4025 3941 3941 4026 4026 3941 3941 4025 4025 3941 3941 4026 4026 3942 3942 4027 4027 3942 3942 4026 4026 3942 3942 4027 4027 3943 3943 4028 4028 3943 3943 4027 4027 3943 3943 4028 4028 3944 3944 4029 4029 3944 3944 4028 4028 3944 3944 4029 4029 3945 3945 4030 4030 3945 3945 4029 4029 3945 3945 4030 4030 3946 3946 4031 4031 3946 3946 4030 4030 3946 3946 4031 4031 3947 3947 4032 4032 3947 3947 4031 4031 3947 3947 4032 4032 3948 3948 4033 4033 3948 3948 4032 4032 3948 3948 4033 4033 3949 3949 4034 4034 3949 3949 4033 4033 3949 3949 4034 4034 3950 3950 4035 4035 3950 3950 4034 4034 3950 3950 4035 4035 3951 3951 4036 4036 3951 3951 4035 4035 3951 3951 4036 4036 3952 3952 4037 4037 3952 3952 4036 4036 3952 3952 4037 4037 3953 3953 4038 4038 3953 3953 4037 4037 3953 3953 4038 4038 3954 3954 4039 4039 3954 3954 4038 4038 3954 3954 4039 4039 3955 3955 4040 4040 3955 3955 4039 4039 3955 3955 4040 4040 3956 3956 4041 4041 3956 3956 4040 4040 3956 3956 4041 4041 3957 3957 4042 4042 3957 3957 4041 4041 3957 3957 4042 4042 3958 3958 4043 4043 3958 3958 4042 4042 3958 3958 4043 4043 3959 3959 4044 4044 3959 3959 4043 4043 3959 3959 4044 4044 3960 3960 4045 4045 3960 3960 4044 4044 3960 3960 4045 4045 3961 3961 4046 4046 3961 3961 4045 4045 3961 3961 4046 4046 3962 3962 4047 4047 3962 3962 4046 4046 3962 3962 4047 4047 3963 3963 4048 4048 3963 3963 4047 4047 3963 3963 4048 4048 3964 3964 4049 4049 3964 3964 4048 4048 3964 3964 4049 4049 3965 3965 4050 4050 3965 3965 4049 4049 3965 3965 4050 4050 3966 3966 4051 4051 3966 3966 4050 4050 3966 3966 4051 4051 3967 3967 4052 4052 3967 3967 4051 4051 3967 3967 4052 4052 3968 3968 4053 4053 3968 3968 4052 4052 3968 3968 4053 4053 3969 3969 4054 4054 3969 3969 4053 4053 3969 3969 4054 4054 3970 3970 4055 4055 3970 3970 4054 4054 3970 3970 4055 4055 3971 3971 4056 4056 3971 3971 4055 4055 3971 3971 4056 4056 3972 3972 4057 4057 3972 3972 4056 4056 3972 3972 4057 4057 3973 3973 4058 4058 3973 3973 4057 4057 3973 3973 4058 4058 3974 3974 4059 4059 3974 3974 4058 4058 3974 3974 4059 4059 3975 3975 4060 4060 3975 3975 4059 4059 3975 3975 4060 4060 3976 3976 4061 4061 3976 3976 4060 4060 3976 3976 4061 4061 3977 3977 4062 4062 3977 3977 4061 4061 3977 3977 4062 4062 3978 3978 4063 4063 3978 3978 4062 4062 3978 3978 4063 4063 3979 3979 4064 4064 3979 3979 4063 4063 3979 3979 4064 4064 3980 3980 4065 4065 3980 3980 4064 4064 3980 3980 4065 4065 3981 3981 4066 4066 3981 3981 4065 4065 3981 3981 4066 4066 3982 3982 4067 4067 3982 3982 4066 4066 3982 3982 4067 4067 3983 3983 4068 4068 3983 3983 4067 4067 3983 3983 4068 4068 3984 3984 4069 4069 3984 3984 4068 4068 3984 3984 4069 4069 3985 3985 4070 4070 3985 3985 4069 4069 3985 3985 4070 4070 3986 3986 4071 4071 3986 3986 4070 4070 3986 3986 4071 4071 3987 3987 4072 4072 3987 3987 4071 4071 3987 3987 4072 4072 3988 3988 4073 4073 3988 3988 4072 4072 3988 3988 4073 4073 3989 3989 4074 4074 3989 3989 4073 4073 3989 3989 4074 4074 3990 3990 4075 4075 3990 3990 4074 4074 3990 3990 4075 4075 3991 3991 4076 4076 3991 3991 4075 4075 3991 3991 4076 4076 3992 3992 4077 4077 3992 3992 4076 4076 3992 3992 4077 4077 3993 3993 4078 4078 3993 3993 4077 4077 3993 3993 4078 4078 3994 3994 4079 4079 3994 3994 4078 4078 3994 3994 4079 4079 3995 3995 4080 4080 3995 3995 4079 4079 3995 3995 4080 4080 3996 3996 4081 4081 3996 3996 4080 4080 3996 3996 4081 4081 3997 3997 4082 4082 3997 3997 4081 4081 3997 3997 4082 4082 3998 3998 4083 4083 3998 3998 4082 4082 3998 3998 4083 4083 3999 3999 4084 4084 3999 3999 4083 4083 3999 3999 4084 4084 4000 4000 4085 4085 4000 4000 4084 4084 4000 4000 4085 4085 4001 4001 4086 4086 4001 4001 4085 4085 4001 4001 4086 4086 4002 4002 4087 4087 4002 4002 4086 4086 4002 4002 4087 4087 4003 4003 4088 4088 4003 4003 4087 4087 4003 4003 4088 4088 4004 4004 4089 4089 4004 4004 4088 4088 4004 4004 4089 4089 4005 4005 4090 4090 4005 4005 4089 4089 4005 4005 4090 4090 4006 4006 4091 4091 4006 4006 4090 4090 4006 4006 4091 4091 4007 4007 4092 4092 4007 4007 4091 4091 4007 4007 4092 4092 4008 4008 3828 3828 4008 4008 4092 4092 4008 4008 3828 3828 3826 3826 3830 3830 3826 3826 3828 3828 3826 3826 3830 3830 3824 3824 3809 3809 3808 3808 3812 3812 4093 4093 3812 3812 3808 3808 3812 3812 4093 4093 4009 4009 4094 4094 4009 4009 4093 4093 4009 4009 4094 4094 4010 4010 4095 4095 4010 4010 4094 4094 4010 4010 4095 4095 4011 4011 4096 4096 4011 4011 4095 4095 4011 4011 4096 4096 4012 4012 4097 4097 4012 4012 4096 4096 4012 4012 4097 4097 4013 4013 4098 4098 4013 4013 4097 4097 4013 4013 4098 4098 4014 4014 4099 4099 4014 4014 4098 4098 4014 4014 4099 4099 4015 4015 4100 4100 4015 4015 4099 4099 4015 4015 4100 4100 4016 4016 4101 4101 4016 4016 4100 4100 4016 4016 4101 4101 4017 4017 4102 4102 4017 4017 4101 4101 4017 4017 4102 4102 4018 4018 4103 4103 4018 4018 4102 4102 4018 4018 4103 4103 4019 4019 4104 4104 4019 4019 4103 4103 4019 4019 4104 4104 4020 4020 4105 4105 4020 4020 4104 4104 4020 4020 4105 4105 4021 4021 4106 4106 4021 4021 4105 4105 4021 4021 4106 4106 4022 4022 4107 4107 4022 4022 4106 4106 4022 4022 4107 4107 4023 4023 4108 4108 4023 4023 4107 4107 4023 4023 4108 4108 4024 4024 4109 4109 4024 4024 4108 4108 4024 4024 4109 4109 4025 4025 4110 4110 4025 4025 4109 4109 4025 4025 4110 4110 4026 4026 4111 4111 4026 4026 4110 4110 4026 4026 4111 4111 4027 4027 4112 4112 4027 4027 4111 4111 4027 4027 4112 4112 4028 4028 4113 4113 4028 4028 4112 4112 4028 4028 4113 4113 4029 4029 4114 4114 4029 4029 4113 4113 4029 4029 4114 4114 4030 4030 4115 4115 4030 4030 4114 4114 4030 4030 4115 4115 4031 4031 4116 4116 4031 4031 4115 4115 4031 4031 4116 4116 4032 4032 4117 4117 4032 4032 4116 4116 4032 4032 4117 4117 4033 4033 4118 4118 4033 4033 4117 4117 4033 4033 4118 4118 4034 4034 4119 4119 4034 4034 4118 4118 4034 4034 4119 4119 4035 4035 4120 4120 4035 4035 4119 4119 4035 4035 4120 4120 4036 4036 4121 4121 4036 4036 4120 4120 4036 4036 4121 4121 4037 4037 4122 4122 4037 4037 4121 4121 4037 4037 4122 4122 4038 4038 4123 4123 4038 4038 4122 4122 4038 4038 4123 4123 4039 4039 4124 4124 4039 4039 4123 4123 4039 4039 4124 4124 4040 4040 4125 4125 4040 4040 4124 4124 4040 4040 4125 4125 4041 4041 4126 4126 4041 4041 4125 4125 4041 4041 4126 4126 4042 4042 4127 4127 4042 4042 4126 4126 4042 4042 4127 4127 4043 4043 4128 4128 4043 4043 4127 4127 4043 4043 4128 4128 4044 4044 4129 4129 4044 4044 4128 4128 4044 4044 4129 4129 4045 4045 4130 4130 4045 4045 4129 4129 4045 4045 4130 4130 4046 4046 4131 4131 4046 4046 4130 4130 4046 4046 4131 4131 4047 4047 4132 4132 4047 4047 4131 4131 4047 4047 4132 4132 4048 4048 4133 4133 4048 4048 4132 4132 4048 4048 4133 4133 4049 4049 4134 4134 4049 4049 4133 4133 4049 4049 4134 4134 4050 4050 4135 4135 4050 4050 4134 4134 4050 4050 4135 4135 4051 4051 4136 4136 4051 4051 4135 4135 4051 4051 4136 4136 4052 4052 4137 4137 4052 4052 4136 4136 4052 4052 4137 4137 4053 4053 4138 4138 4053 4053 4137 4137 4053 4053 4138 4138 4054 4054 4139 4139 4054 4054 4138 4138 4054 4054 4139 4139 4055 4055 4140 4140 4055 4055 4139 4139 4055 4055 4140 4140 4056 4056 4141 4141 4056 4056 4140 4140 4056 4056 4141 4141 4057 4057 4142 4142 4057 4057 4141 4141 4057 4057 4142 4142 4058 4058 4143 4143 4058 4058 4142 4142 4058 4058 4143 4143 4059 4059 4144 4144 4059 4059 4143 4143 4059 4059 4144 4144 4060 4060 4145 4145 4060 4060 4144 4144 4060 4060 4145 4145 4061 4061 4146 4146 4061 4061 4145 4145 4061 4061 4146 4146 4062 4062 4147 4147 4062 4062 4146 4146 4062 4062 4147 4147 4063 4063 4148 4148 4063 4063 4147 4147 4063 4063 4148 4148 4064 4064 4149 4149 4064 4064 4148 4148 4064 4064 4149 4149 4065 4065 4150 4150 4065 4065 4149 4149 4065 4065 4150 4150 4066 4066 4151 4151 4066 4066 4150 4150 4066 4066 4151 4151 4067 4067 4152 4152 4067 4067 4151 4151 4067 4067 4152 4152 4068 4068 4153 4153 4068 4068 4152 4152 4068 4068 4153 4153 4069 4069 4154 4154 4069 4069 4153 4153 4069 4069 4154 4154 4070 4070 4155 4155 4070 4070 4154 4154 4070 4070 4155 4155 4071 4071 4156 4156 4071 4071 4155 4155 4071 4071 4156 4156 4072 4072 4157 4157 4072 4072 4156 4156 4072 4072 4157 4157 4073 4073 4158 4158 4073 4073 4157 4157 4073 4073 4158 4158 4074 4074 4159 4159 4074 4074 4158 4158 4074 4074 4159 4159 4075 4075 4160 4160 4075 4075 4159 4159 4075 4075 4160 4160 4076 4076 4161 4161 4076 4076 4160 4160 4076 4076 4161 4161 4077 4077 4162 4162 4077 4077 4161 4161 4077 4077 4162 4162 4078 4078 4163 4163 4078 4078 4162 4162 4078 4078 4163 4163 4079 4079 4164 4164 4079 4079 4163 4163 4079 4079 4164 4164 4080 4080 4165 4165 4080 4080 4164 4164 4080 4080 4165 4165 4081 4081 4166 4166 4081 4081 4165 4165 4081 4081 4166 4166 4082 4082 4167 4167 4082 4082 4166 4166 4082 4082 4167 4167 4083 4083 4168 4168 4083 4083 4167 4167 4083 4083 4168 4168 4084 4084 4169 4169 4084 4084 4168 4168 4084 4084 4169 4169 4085 4085 4170 4170 4085 4085 4169 4169 4085 4085 4170 4170 4086 4086 4171 4171 4086 4086 4170 4170 4086 4086 4171 4171 4087 4087 4172 4172 4087 4087 4171 4171 4087 4087 4172 4172 4088 4088 4173 4173 4088 4088 4172 4172 4088 4088 4173 4173 4089 4089 4174 4174 4089 4089 4173 4173 4089 4089 4174 4174 4090 4090 4175 4175 4090 4090 4174 4174 4090 4090 4175 4175 4091 4091 4176 4176 4091 4091 4175 4175 4091 4091 4176 4176 4092 4092 3832 3832 4092 4092 4176 4176 4092 4092 3832 3832 3828 3828 3831 3831 3828 3828 3832 3832 3828 3828 3831 3831 3829 3829 3803 3803 3805 3805 3808 3808 4177 4177 3808 3808 3805 3805 3808 3808 4177 4177 4093 4093 4178 4178 4093 4093 4177 4177 4093 4093 4178 4178 4094 4094 4179 4179 4094 4094 4178 4178 4094 4094 4179 4179 4095 4095 4180 4180 4095 4095 4179 4179 4095 4095 4180 4180 4096 4096 4181 4181 4096 4096 4180 4180 4096 4096 4181 4181 4097 4097 4182 4182 4097 4097 4181 4181 4097 4097 4182 4182 4098 4098 4183 4183 4098 4098 4182 4182 4098 4098 4183 4183 4099 4099 4184 4184 4099 4099 4183 4183 4099 4099 4184 4184 4100 4100 4185 4185 4100 4100 4184 4184 4100 4100 4185 4185 4101 4101 4186 4186 4101 4101 4185 4185 4101 4101 4186 4186 4102 4102 4187 4187 4102 4102 4186 4186 4102 4102 4187 4187 4103 4103 4188 4188 4103 4103 4187 4187 4103 4103 4188 4188 4104 4104 4189 4189 4104 4104 4188 4188 4104 4104 4189 4189 4105 4105 4190 4190 4105 4105 4189 4189 4105 4105 4190 4190 4106 4106 4191 4191 4106 4106 4190 4190 4106 4106 4191 4191 4107 4107 4192 4192 4107 4107 4191 4191 4107 4107 4192 4192 4108 4108 4193 4193 4108 4108 4192 4192 4108 4108 4193 4193 4109 4109 4194 4194 4109 4109 4193 4193 4109 4109 4194 4194 4110 4110 4195 4195 4110 4110 4194 4194 4110 4110 4195 4195 4111 4111 4196 4196 4111 4111 4195 4195 4111 4111 4196 4196 4112 4112 4197 4197 4112 4112 4196 4196 4112 4112 4197 4197 4113 4113 4198 4198 4113 4113 4197 4197 4113 4113 4198 4198 4114 4114 4199 4199 4114 4114 4198 4198 4114 4114 4199 4199 4115 4115 4200 4200 4115 4115 4199 4199 4115 4115 4200 4200 4116 4116 4201 4201 4116 4116 4200 4200 4116 4116 4201 4201 4117 4117 4202 4202 4117 4117 4201 4201 4117 4117 4202 4202 4118 4118 4203 4203 4118 4118 4202 4202 4118 4118 4203 4203 4119 4119 4204 4204 4119 4119 4203 4203 4119 4119 4204 4204 4120 4120 4205 4205 4120 4120 4204 4204 4120 4120 4205 4205 4121 4121 4206 4206 4121 4121 4205 4205 4121 4121 4206 4206 4122 4122 4207 4207 4122 4122 4206 4206 4122 4122 4207 4207 4123 4123 4208 4208 4123 4123 4207 4207 4123 4123 4208 4208 4124 4124 4209 4209 4124 4124 4208 4208 4124 4124 4209 4209 4125 4125 4210 4210 4125 4125 4209 4209 4125 4125 4210 4210 4126 4126 4211 4211 4126 4126 4210 4210 4126 4126 4211 4211 4127 4127 4212 4212 4127 4127 4211 4211 4127 4127 4212 4212 4128 4128 4213 4213 4128 4128 4212 4212 4128 4128 4213 4213 4129 4129 4214 4214 4129 4129 4213 4213 4129 4129 4214 4214 4130 4130 4215 4215 4130 4130 4214 4214 4130 4130 4215 4215 4131 4131 4216 4216 4131 4131 4215 4215 4131 4131 4216 4216 4132 4132 4217 4217 4132 4132 4216 4216 4132 4132 4217 4217 4133 4133 4218 4218 4133 4133 4217 4217 4133 4133 4218 4218 4134 4134 4219 4219 4134 4134 4218 4218 4134 4134 4219 4219 4135 4135 4220 4220 4135 4135 4219 4219 4135 4135 4220 4220 4136 4136 4221 4221 4136 4136 4220 4220 4136 4136 4221 4221 4137 4137 4222 4222 4137 4137 4221 4221 4137 4137 4222 4222 4138 4138 4223 4223 4138 4138 4222 4222 4138 4138 4223 4223 4139 4139 4224 4224 4139 4139 4223 4223 4139 4139 4224 4224 4140 4140 4225 4225 4140 4140 4224 4224 4140 4140 4225 4225 4141 4141 4226 4226 4141 4141 4225 4225 4141 4141 4226 4226 4142 4142 4227 4227 4142 4142 4226 4226 4142 4142 4227 4227 4143 4143 4228 4228 4143 4143 4227 4227 4143 4143 4228 4228 4144 4144 4229 4229 4144 4144 4228 4228 4144 4144 4229 4229 4145 4145 4230 4230 4145 4145 4229 4229 4145 4145 4230 4230 4146 4146 4231 4231 4146 4146 4230 4230 4146 4146 4231 4231 4147 4147 4232 4232 4147 4147 4231 4231 4147 4147 4232 4232 4148 4148 4233 4233 4148 4148 4232 4232 4148 4148 4233 4233 4149 4149 4234 4234 4149 4149 4233 4233 4149 4149 4234 4234 4150 4150 4235 4235 4150 4150 4234 4234 4150 4150 4235 4235 4151 4151 4236 4236 4151 4151 4235 4235 4151 4151 4236 4236 4152 4152 4237 4237 4152 4152 4236 4236 4152 4152 4237 4237 4153 4153 4238 4238 4153 4153 4237 4237 4153 4153 4238 4238 4154 4154 4239 4239 4154 4154 4238 4238 4154 4154 4239 4239 4155 4155 4240 4240 4155 4155 4239 4239 4155 4155 4240 4240 4156 4156 4241 4241 4156 4156 4240 4240 4156 4156 4241 4241 4157 4157 4242 4242 4157 4157 4241 4241 4157 4157 4242 4242 4158 4158 4243 4243 4158 4158 4242 4242 4158 4158 4243 4243 4159 4159 4244 4244 4159 4159 4243 4243 4159 4159 4244 4244 4160 4160 4245 4245 4160 4160 4244 4244 4160 4160 4245 4245 4161 4161 4246 4246 4161 4161 4245 4245 4161 4161 4246 4246 4162 4162 4247 4247 4162 4162 4246 4246 4162 4162 4247 4247 4163 4163 4248 4248 4163 4163 4247 4247 4163 4163 4248 4248 4164 4164 4249 4249 4164 4164 4248 4248 4164 4164 4249 4249 4165 4165 4250 4250 4165 4165 4249 4249 4165 4165 4250 4250 4166 4166 4251 4251 4166 4166 4250 4250 4166 4166 4251 4251 4167 4167 4252 4252 4167 4167 4251 4251 4167 4167 4252 4252 4168 4168 4253 4253 4168 4168 4252 4252 4168 4168 4253 4253 4169 4169 4254 4254 4169 4169 4253 4253 4169 4169 4254 4254 4170 4170 4255 4255 4170 4170 4254 4254 4170 4170 4255 4255 4171 4171 4256 4256 4171 4171 4255 4255 4171 4171 4256 4256 4172 4172 4257 4257 4172 4172 4256 4256 4172 4172 4257 4257 4173 4173 4258 4258 4173 4173 4257 4257 4173 4173 4258 4258 4174 4174 4259 4259 4174 4174 4258 4258 4174 4174 4259 4259 4175 4175 4260 4260 4175 4175 4259 4259 4175 4175 4260 4260 4176 4176 3837 3837 4176 4176 4260 4260 4176 4176 3837 3837 3832 3832 3838 3838 3832 3832 3837 3837 3832 3832 3838 3838 3834 3834 3835 3835 3837 3837 3839 3839 4260 4260 3839 3839 3837 3837 3839 3839 4260 4260 4261 4261 4259 4259 4261 4261 4260 4260 4261 4261 4259 4259 145 145 4258 4258 145 145 4259 4259 145 145 4258 4258 4262 4262 4257 4257 4262 4262 4258 4258 4262 4262 4257 4257 4263 4263 4256 4256 4263 4263 4257 4257 4263 4263 4256 4256 179 179 4255 4255 179 179 4256 4256 179 179 4255 4255 180 180 4254 4254 180 180 4255 4255 180 180 4254 4254 4264 4264 4253 4253 4264 4264 4254 4254 4264 4264 4253 4253 182 182 4252 4252 182 182 4253 4253 182 182 4252 4252 4265 4265 4251 4251 4265 4265 4252 4252 4265 4265 4251 4251 4266 4266 4250 4250 4266 4266 4251 4251 4266 4266 4250 4250 175 175 4249 4249 175 175 4250 4250 175 175 4249 4249 4267 4267 4248 4248 4267 4267 4249 4249 4267 4267 4248 4248 4268 4268 4247 4247 4268 4268 4248 4248 4268 4268 4247 4247 4269 4269 4246 4246 4269 4269 4247 4247 4269 4269 4246 4246 141 141 4245 4245 141 141 4246 4246 141 141 4245 4245 4270 4270 4244 4244 4270 4270 4245 4245 4270 4270 4244 4244 4271 4271 4243 4243 4271 4271 4244 4244 4271 4271 4243 4243 120 120 4242 4242 120 120 4243 4243 120 120 4242 4242 4272 4272 4241 4241 4272 4272 4242 4242 4272 4272 4241 4241 4273 4273 4240 4240 4273 4273 4241 4241 4273 4273 4240 4240 4274 4274 4239 4239 4274 4274 4240 4240 4274 4274 4239 4239 119 119 4238 4238 119 119 4239 4239 119 119 4238 4238 4275 4275 4237 4237 4275 4275 4238 4238 4275 4275 4237 4237 4276 4276 4236 4236 4276 4276 4237 4237 4276 4276 4236 4236 4277 4277 4235 4235 4277 4277 4236 4236 4277 4277 4235 4235 4278 4278 4234 4234 4278 4278 4235 4235 4278 4278 4234 4234 259 259 4233 4233 259 259 4234 4234 259 259 4233 4233 4279 4279 4232 4232 4279 4279 4233 4233 4279 4279 4232 4232 4280 4280 4231 4231 4280 4280 4232 4232 4280 4280 4231 4231 4281 4281 4230 4230 4281 4281 4231 4231 4281 4281 4230 4230 4282 4282 4229 4229 4282 4282 4230 4230 4282 4282 4229 4229 228 228 4228 4228 228 228 4229 4229 228 228 4228 4228 4283 4283 4227 4227 4283 4283 4228 4228 4283 4283 4227 4227 4284 4284 4226 4226 4284 4284 4227 4227 4284 4284 4226 4226 4285 4285 4225 4225 4285 4285 4226 4226 4285 4285 4225 4225 214 214 4224 4224 214 214 4225 4225 214 214 4224 4224 4286 4286 4223 4223 4286 4286 4224 4224 4286 4286 4223 4223 4287 4287 4222 4222 4287 4287 4223 4223 4287 4287 4222 4222 4288 4288 4221 4221 4288 4288 4222 4222 4288 4288 4221 4221 219 219 4220 4220 219 219 4221 4221 219 219 4220 4220 4289 4289 4219 4219 4289 4289 4220 4220 4289 4289 4219 4219 4290 4290 4218 4218 4290 4290 4219 4219 4290 4290 4218 4218 4291 4291 4217 4217 4291 4291 4218 4218 4291 4291 4217 4217 240 240 4216 4216 240 240 4217 4217 240 240 4216 4216 4292 4292 4215 4215 4292 4292 4216 4216 4292 4292 4215 4215 4293 4293 4214 4214 4293 4293 4215 4215 4293 4293 4214 4214 4294 4294 4213 4213 4294 4294 4214 4214 4294 4294 4213 4213 4295 4295 4212 4212 4295 4295 4213 4213 4295 4295 4212 4212 250 250 4211 4211 250 250 4212 4212 250 250 4211 4211 4296 4296 4210 4210 4296 4296 4211 4211 4296 4296 4210 4210 4297 4297 4209 4209 4297 4297 4210 4210 4297 4297 4209 4209 4298 4298 4208 4208 4298 4298 4209 4209 4298 4298 4208 4208 4299 4299 4207 4207 4299 4299 4208 4208 4299 4299 4207 4207 134 134 4206 4206 134 134 4207 4207 134 134 4206 4206 4300 4300 4205 4205 4300 4300 4206 4206 4300 4300 4205 4205 4301 4301 4204 4204 4301 4301 4205 4205 4301 4301 4204 4204 4302 4302 4203 4203 4302 4302 4204 4204 4302 4302 4203 4203 4303 4303 4202 4202 4303 4303 4203 4203 4303 4303 4202 4202 4304 4304 4201 4201 4304 4304 4202 4202 4304 4304 4201 4201 128 128 4200 4200 128 128 4201 4201 128 128 4200 4200 4305 4305 4199 4199 4305 4305 4200 4200 4305 4305 4199 4199 4306 4306 4198 4198 4306 4306 4199 4199 4306 4306 4198 4198 4307 4307 4197 4197 4307 4307 4198 4198 4307 4307 4197 4197 4308 4308 4196 4196 4308 4308 4197 4197 4308 4308 4196 4196 95 95 4195 4195 95 95 4196 4196 95 95 4195 4195 4309 4309 4194 4194 4309 4309 4195 4195 4309 4309 4194 4194 4310 4310 4193 4193 4310 4310 4194 4194 4310 4310 4193 4193 4311 4311 4192 4192 4311 4311 4193 4193 4311 4311 4192 4192 4312 4312 4191 4191 4312 4312 4192 4192 4312 4312 4191 4191 200 200 4190 4190 200 200 4191 4191 200 200 4190 4190 4313 4313 4189 4189 4313 4313 4190 4190 4313 4313 4189 4189 4314 4314 4188 4188 4314 4314 4189 4189 4314 4314 4188 4188 4315 4315 4187 4187 4315 4315 4188 4188 4315 4315 4187 4187 297 297 4186 4186 297 297 4187 4187 297 297 4186 4186 4316 4316 4185 4185 4316 4316 4186 4186 4316 4316 4185 4185 4317 4317 4184 4184 4317 4317 4185 4185 4317 4317 4184 4184 4318 4318 4183 4183 4318 4318 4184 4184 4318 4318 4183 4183 280 280 4182 4182 280 280 4183 4183 280 280 4182 4182 4319 4319 4181 4181 4319 4319 4182 4182 4319 4319 4181 4181 4320 4320 4180 4180 4320 4320 4181 4181 4320 4320 4180 4180 4321 4321 4179 4179 4321 4321 4180 4180 4321 4321 4179 4179 290 290 4178 4178 290 290 4179 4179 290 290 4178 4178 4322 4322 4177 4177 4322 4322 4178 4178 4322 4322 4177 4177 4323 4323 3805 3805 4323 4323 4177 4177 4323 4323 3805 3805 4324 4324 3807 3807 4324 4324 3805 3805 4324 4324 3807 3807 266 266 1916 1916 1918 1918 4325 4325 1924 1924 1926 1926 4326 4326 1928 1928 1930 1930 4327 4327 1934 1934 1936 1936 4328 4328 1940 1940 1942 1942 4329 4329 1946 1946 1948 1948 4330 4330 4331 4331 4332 4332 4333 4333 4334 4334 4335 4335 4336 4336 4337 4337 4338 4338 4339 4339 4340 4340 4341 4341 4342 4342 4343 4343 4344 4344 4345 4345 4346 4346 4347 4347 4348 4348 1912 1912 1914 1914 4349 4349 4350 4350 4349 4349 1914 1914 4349 4349 4350 4350 4351 4351 4352 4352 4353 4353 4354 4354 4355 4355 4354 4354 4353 4353 4354 4354 4355 4355 4350 4350 4356 4356 4350 4350 4355 4355 4350 4350 4356 4356 4351 4351 4347 4347 4346 4346 4354 4354 4357 4357 4354 4354 4346 4346 4354 4354 4357 4357 4352 4352 3806 3806 3804 3804 4358 4358 4359 4359 4358 4358 3804 3804 4358 4358 4359 4359 4348 4348 4360 4360 4348 4348 4359 4359 4348 4348 4360 4360 4346 4346 3806 3806 4358 4358 4361 4361 4362 4362 4361 4361 4358 4358 4361 4361 4362 4362 266 266 4344 4344 4363 4363 4364 4364 4365 4365 4364 4364 4363 4363 4364 4364 4365 4365 217 217 4343 4343 4345 4345 4341 4341 4340 4340 4342 4342 4338 4338 4337 4337 4339 4339 4335 4335 4334 4334 4336 4336 4332 4332 4331 4331 4333 4333 4366 4366 1910 1910 4366 4366 1911 1911 4333 4333 1911 1911 4366 4366 1911 1911 4333 4333 1988 1988 4367 4367 1988 1988 4333 4333 1988 1988 4367 4367 1986 1986 1986 1986 4367 4367 1984 1984 4368 4368 1984 1984 4367 4367 1984 1984 4368 4368 1982 1982 4369 4369 1982 1982 4368 4368 1982 1982 4369 4369 1980 1980 4370 4370 1980 1980 4369 4369 1980 1980 4370 4370 1978 1978 1978 1978 4370 4370 1976 1976 4371 4371 1976 1976 4370 4370 1976 1976 4371 4371 1974 1974 4372 4372 1974 1974 4371 4371 1974 1974 4372 4372 1972 1972 1972 1972 4372 4372 1970 1970 4373 4373 1970 1970 4372 4372 1970 1970 4373 4373 1968 1968 1968 1968 4373 4373 1966 1966 4374 4374 1966 1966 4373 4373 1966 1966 4374 4374 1964 1964 4375 4375 1964 1964 4374 4374 1964 1964 4375 4375 1962 1962 1962 1962 4375 4375 1960 1960 4376 4376 1960 1960 4375 4375 1960 1960 4376 4376 1958 1958 1958 1958 4376 4376 1956 1956 4377 4377 1956 1956 4376 4376 1956 1956 4377 4377 1954 1954 4378 4378 1954 1954 4377 4377 1954 1954 4378 4378 1952 1952 4344 4344 4364 4364 4345 4345 4379 4379 4345 4345 4364 4364 4345 4345 4379 4379 4380 4380 4381 4381 4380 4380 4379 4379 4380 4380 4381 4381 4382 4382 4383 4383 4382 4382 4381 4381 4382 4382 4383 4383 4384 4384 164 164 4384 4384 4383 4383 4384 4384 164 164 4385 4385 163 163 4385 4385 164 164 4385 4385 163 163 4386 4386 162 162 4386 4386 163 163 4386 4386 162 162 4387 4387 4388 4388 4387 4387 162 162 4387 4387 4388 4388 4389 4389 151 151 4389 4389 4388 4388 4389 4389 151 151 4390 4390 4391 4391 4390 4390 151 151 4390 4390 4391 4391 4392 4392 91 91 4392 4392 4391 4391 4392 4392 91 91 4393 4393 90 90 4393 4393 91 91 4393 4393 90 90 4394 4394 89 89 4394 4394 90 90 4394 4394 89 89 4395 4395 4396 4396 4395 4395 89 89 4395 4395 4396 4396 4397 4397 4341 4341 4345 4345 4342 4342 4380 4380 4342 4342 4345 4345 4342 4342 4380 4380 4398 4398 4382 4382 4398 4398 4380 4380 4398 4398 4382 4382 4399 4399 4384 4384 4399 4399 4382 4382 4399 4399 4384 4384 4400 4400 4385 4385 4400 4400 4384 4384 4400 4400 4385 4385 4401 4401 4386 4386 4401 4401 4385 4385 4401 4401 4386 4386 4402 4402 4387 4387 4402 4402 4386 4386 4402 4402 4387 4387 4403 4403 4389 4389 4403 4403 4387 4387 4403 4403 4389 4389 4404 4404 4390 4390 4404 4404 4389 4389 4404 4404 4390 4390 4405 4405 4392 4392 4405 4405 4390 4390 4405 4405 4392 4392 4406 4406 4393 4393 4406 4406 4392 4392 4406 4406 4393 4393 4407 4407 4394 4394 4407 4407 4393 4393 4407 4407 4394 4394 4408 4408 4395 4395 4408 4408 4394 4394 4408 4408 4395 4395 4409 4409 4397 4397 4409 4409 4395 4395 4409 4409 4397 4397 4410 4410 4338 4338 4342 4342 4339 4339 4398 4398 4339 4339 4342 4342 4339 4339 4398 4398 4411 4411 4399 4399 4411 4411 4398 4398 4411 4411 4399 4399 4412 4412 4400 4400 4412 4412 4399 4399 4412 4412 4400 4400 4413 4413 4401 4401 4413 4413 4400 4400 4413 4413 4401 4401 4414 4414 4402 4402 4414 4414 4401 4401 4414 4414 4402 4402 4415 4415 4403 4403 4415 4415 4402 4402 4415 4415 4403 4403 4416 4416 4404 4404 4416 4416 4403 4403 4416 4416 4404 4404 4417 4417 4405 4405 4417 4417 4404 4404 4417 4417 4405 4405 4418 4418 4406 4406 4418 4418 4405 4405 4418 4418 4406 4406 4419 4419 4407 4407 4419 4419 4406 4406 4419 4419 4407 4407 4420 4420 4408 4408 4420 4420 4407 4407 4420 4420 4408 4408 4421 4421 4409 4409 4421 4421 4408 4408 4421 4421 4409 4409 4422 4422 4410 4410 4422 4422 4409 4409 4422 4422 4410 4410 4423 4423 4335 4335 4339 4339 4336 4336 4411 4411 4336 4336 4339 4339 4336 4336 4411 4411 4424 4424 4412 4412 4424 4424 4411 4411 4424 4424 4412 4412 4425 4425 4413 4413 4425 4425 4412 4412 4425 4425 4413 4413 4426 4426 4414 4414 4426 4426 4413 4413 4426 4426 4414 4414 4427 4427 4415 4415 4427 4427 4414 4414 4427 4427 4415 4415 4428 4428 4416 4416 4428 4428 4415 4415 4428 4428 4416 4416 4429 4429 4417 4417 4429 4429 4416 4416 4429 4429 4417 4417 4430 4430 4418 4418 4430 4430 4417 4417 4430 4430 4418 4418 4431 4431 4419 4419 4431 4431 4418 4418 4431 4431 4419 4419 4432 4432 4420 4420 4432 4432 4419 4419 4432 4432 4420 4420 4433 4433 4421 4421 4433 4433 4420 4420 4433 4433 4421 4421 4434 4434 4422 4422 4434 4434 4421 4421 4434 4434 4422 4422 4435 4435 4423 4423 4435 4435 4422 4422 4435 4435 4423 4423 4436 4436 4332 4332 4336 4336 4333 4333 4424 4424 4333 4333 4336 4336 4333 4333 4424 4424 4367 4367 4425 4425 4367 4367 4424 4424 4367 4367 4425 4425 4368 4368 4426 4426 4368 4368 4425 4425 4368 4368 4426 4426 4369 4369 4427 4427 4369 4369 4426 4426 4369 4369 4427 4427 4370 4370 4428 4428 4370 4370 4427 4427 4370 4370 4428 4428 4371 4371 4429 4429 4371 4371 4428 4428 4371 4371 4429 4429 4372 4372 4430 4430 4372 4372 4429 4429 4372 4372 4430 4430 4373 4373 4431 4431 4373 4373 4430 4430 4373 4373 4431 4431 4374 4374 4432 4432 4374 4374 4431 4431 4374 4374 4432 4432 4375 4375 4433 4433 4375 4375 4432 4432 4375 4375 4433 4433 4376 4376 4434 4434 4376 4376 4433 4433 4376 4376 4434 4434 4377 4377 4435 4435 4377 4377 4434 4434 4377 4377 4435 4435 4378 4378 4436 4436 4378 4378 4435 4435 4378 4378 4436 4436 4330 4330 4330 4330 1948 1948 4378 4378 1950 1950 4378 4378 1948 1948 4378 4378 1950 1950 1952 1952 1944 1944 1946 1946 4437 4437 4330 4330 4437 4437 1946 1946 4437 4437 4330 4330 4438 4438 4436 4436 4438 4438 4330 4330 4438 4438 4436 4436 4439 4439 4423 4423 4439 4439 4436 4436 4439 4439 4423 4423 4440 4440 4410 4410 4440 4440 4423 4423 4440 4440 4410 4410 4441 4441 4397 4397 4441 4441 4410 4410 4441 4441 4397 4397 185 185 4396 4396 185 185 4397 4397 1942 1942 1944 1944 4329 4329 4437 4437 4329 4329 1944 1944 4329 4329 4437 4437 4442 4442 4438 4438 4442 4442 4437 4437 4442 4442 4438 4438 4443 4443 4439 4439 4443 4443 4438 4438 4443 4443 4439 4439 4444 4444 4440 4440 4444 4444 4439 4439 4444 4444 4440 4440 4445 4445 4441 4441 4445 4445 4440 4440 4445 4445 4441 4441 184 184 185 185 184 184 4441 4441 184 184 183 183 4445 4445 4446 4446 4445 4445 183 183 4445 4445 4446 4446 4444 4444 4447 4447 4444 4444 4446 4446 4444 4444 4447 4447 4443 4443 4448 4448 4443 4443 4447 4447 4443 4443 4448 4448 4442 4442 4449 4449 4442 4442 4448 4448 4442 4442 4449 4449 4329 4329 4450 4450 4329 4329 4449 4449 4329 4329 4450 4450 1940 1940 1938 1938 1940 1940 4450 4450 1936 1936 1938 1938 4328 4328 4450 4450 4328 4328 1938 1938 4328 4328 4450 4450 4451 4451 4449 4449 4451 4451 4450 4450 4451 4451 4449 4449 4452 4452 4448 4448 4452 4452 4449 4449 4452 4452 4448 4448 4453 4453 4447 4447 4453 4453 4448 4448 4453 4453 4447 4447 4454 4454 4446 4446 4454 4454 4447 4447 4454 4454 4446 4446 4455 4455 183 183 4455 4455 4446 4446 4455 4455 231 231 4454 4454 4456 4456 4454 4454 231 231 4454 4454 4456 4456 4453 4453 4457 4457 4453 4453 4456 4456 4453 4453 4457 4457 4452 4452 4458 4458 4452 4452 4457 4457 4452 4452 4458 4458 4451 4451 4459 4459 4451 4451 4458 4458 4451 4451 4459 4459 4328 4328 4460 4460 4328 4328 4459 4459 4328 4328 4460 4460 1934 1934 1932 1932 1934 1934 4460 4460 1930 1930 1932 1932 4327 4327 4460 4460 4327 4327 1932 1932 4327 4327 4460 4460 4461 4461 4459 4459 4461 4461 4460 4460 4461 4461 4459 4459 4462 4462 4458 4458 4462 4462 4459 4459 4462 4462 4458 4458 4463 4463 4457 4457 4463 4463 4458 4458 4463 4463 4457 4457 4464 4464 4456 4456 4464 4464 4457 4457 4464 4464 4456 4456 230 230 231 231 230 230 4456 4456 230 230 276 276 4464 4464 4465 4465 4464 4464 276 276 4464 4464 4465 4465 4463 4463 4466 4466 4463 4463 4465 4465 4463 4463 4466 4466 4462 4462 4467 4467 4462 4462 4466 4466 4462 4462 4467 4467 4461 4461 4468 4468 4461 4461 4467 4467 4461 4461 4468 4468 4327 4327 4326 4326 4327 4327 4468 4468 4327 4327 4326 4326 1928 1928 1926 1926 1928 1928 4326 4326 1922 1922 1924 1924 4469 4469 4326 4326 4469 4469 1924 1924 4469 4469 4326 4326 4470 4470 4468 4468 4470 4470 4326 4326 4470 4470 4468 4468 4471 4471 4467 4467 4471 4471 4468 4468 4471 4471 4467 4467 4472 4472 4466 4466 4472 4472 4467 4467 4472 4472 4466 4466 4473 4473 4465 4465 4473 4473 4466 4466 4473 4473 4465 4465 274 274 276 276 274 274 4465 4465 1920 1920 1922 1922 4474 4474 4469 4469 4474 4474 1922 1922 4474 4474 4469 4469 4475 4475 4470 4470 4475 4475 4469 4469 4475 4475 4470 4470 4476 4476 4471 4471 4476 4476 4470 4470 4476 4476 4471 4471 4477 4477 4472 4472 4477 4477 4471 4471 4477 4477 4472 4472 4478 4478 4473 4473 4478 4478 4472 4472 4478 4478 4473 4473 272 272 274 274 272 272 4473 4473 1918 1918 1920 1920 4325 4325 4474 4474 4325 4325 1920 1920 4325 4325 4474 4474 4479 4479 4475 4475 4479 4479 4474 4474 4479 4479 4475 4475 4480 4480 4476 4476 4480 4480 4475 4475 4480 4480 4476 4476 4481 4481 4477 4477 4481 4481 4476 4476 4481 4481 4477 4477 4482 4482 4478 4478 4482 4482 4477 4477 4482 4482 4478 4478 4483 4483 272 272 4483 4483 4478 4478 4483 4483 4362 4362 4482 4482 4358 4358 4482 4482 4362 4362 4482 4482 4358 4358 4481 4481 4348 4348 4481 4481 4358 4358 4481 4481 4348 4348 4480 4480 4347 4347 4480 4480 4348 4348 4480 4480 4347 4347 4479 4479 4354 4354 4479 4479 4347 4347 4479 4479 4354 4354 4325 4325 4350 4350 4325 4325 4354 4354 4325 4325 4350 4350 1916 1916 1914 1914 1916 1916 4350 4350 4484 4484 4485 4485 4486 4486 4487 4487 4488 4488 4489 4489 4490 4490 4491 4491 4492 4492 3840 3840 77 77 113 113 4492 4492 4491 4491 4493 4493 4491 4491 4494 4494 4493 4493 4495 4495 4493 4493 4494 4494 4493 4493 4495 4495 113 113 4496 4496 113 113 4495 4495 113 113 4496 4496 3840 3840 4489 4489 4488 4488 4497 4497 4488 4488 4498 4498 4497 4497 4499 4499 4497 4497 4498 4498 4497 4497 4499 4499 4492 4492 4500 4500 4492 4492 4499 4499 4492 4492 4500 4500 4490 4490 4486 4486 4485 4485 4489 4489 4501 4501 4489 4489 4485 4485 4489 4489 4501 4501 4487 4487 2429 2429 2447 2447 4486 4486 4502 4502 4486 4486 2447 2447 4486 4486 4502 4502 4484 4484 320 320 322 322 4503 4503 326 326 329 329 4504 4504 330 330 333 333 4505 4505 305 305 307 307 4506 4506 4507 4507 316 316 315 315 4508 4508 4509 4509 4510 4510 4511 4511 4510 4510 4509 4509 4510 4510 4511 4511 315 315 4512 4512 315 315 4511 4511 315 315 4512 4512 4507 4507 4508 4508 4510 4510 4513 4513 4514 4514 4513 4513 4510 4510 4513 4513 4514 4514 4515 4515 4515 4515 4514 4514 4516 4516 4517 4517 4516 4516 4514 4514 4516 4516 4517 4517 4518 4518 4519 4519 4520 4520 4517 4517 4521 4521 4517 4517 4520 4520 4517 4517 4521 4521 4518 4518 217 217 4365 4365 75 75 4522 4522 75 75 4365 4365 75 75 4522 4522 4523 4523 4524 4524 4523 4523 4522 4522 4523 4523 4524 4524 4519 4519 4525 4525 4519 4519 4524 4524 4519 4519 4525 4525 4520 4520 336 336 305 305 4526 4526 4506 4506 4526 4526 305 305 4526 4526 4506 4506 4527 4527 4528 4528 4527 4527 4506 4506 4527 4527 4528 4528 4529 4529 4530 4530 4529 4529 4528 4528 4529 4529 4530 4530 4531 4531 4532 4532 4531 4531 4530 4530 4531 4531 4532 4532 4533 4533 4534 4534 4533 4533 4532 4532 4533 4533 4534 4534 106 106 86 86 106 106 4534 4534 337 337 336 336 4535 4535 4526 4526 4535 4535 336 336 4535 4535 4526 4526 4536 4536 4527 4527 4536 4536 4526 4526 4536 4536 4527 4527 4537 4537 4529 4529 4537 4537 4527 4527 4537 4537 4529 4529 4538 4538 4531 4531 4538 4538 4529 4529 4538 4538 4531 4531 4539 4539 4533 4533 4539 4539 4531 4531 4539 4539 4533 4533 166 166 106 106 166 166 4533 4533 333 333 337 337 4505 4505 4535 4535 4505 4505 337 337 4505 4505 4535 4535 4540 4540 4536 4536 4540 4540 4535 4535 4540 4540 4536 4536 4541 4541 4537 4537 4541 4541 4536 4536 4541 4541 4537 4537 4542 4542 4538 4538 4542 4542 4537 4537 4542 4542 4538 4538 4543 4543 4539 4539 4543 4543 4538 4538 4543 4543 4539 4539 165 165 166 166 165 165 4539 4539 165 165 156 156 4543 4543 4544 4544 4543 4543 156 156 4543 4543 4544 4544 4542 4542 4545 4545 4542 4542 4544 4544 4542 4542 4545 4545 4541 4541 4546 4546 4541 4541 4545 4545 4541 4541 4546 4546 4540 4540 4547 4547 4540 4540 4546 4546 4540 4540 4547 4547 4505 4505 4504 4504 4505 4505 4547 4547 4505 4505 4504 4504 330 330 329 329 330 330 4504 4504 324 324 326 326 4548 4548 4504 4504 4548 4548 326 326 4548 4548 4504 4504 4549 4549 4547 4547 4549 4549 4504 4504 4549 4549 4547 4547 4550 4550 4546 4546 4550 4550 4547 4547 4550 4550 4546 4546 4551 4551 4545 4545 4551 4551 4546 4546 4551 4551 4545 4545 4552 4552 4544 4544 4552 4552 4545 4545 4552 4552 4544 4544 153 153 156 156 153 153 4544 4544 322 322 324 324 4503 4503 4548 4548 4503 4503 324 324 4503 4503 4548 4548 4553 4553 4549 4549 4553 4553 4548 4548 4553 4553 4549 4549 4554 4554 4550 4550 4554 4554 4549 4549 4554 4554 4550 4550 4555 4555 4551 4551 4555 4555 4550 4550 4555 4555 4551 4551 4556 4556 4552 4552 4556 4556 4551 4551 4556 4556 4552 4552 92 92 153 153 92 92 4552 4552 92 92 76 76 4556 4556 4557 4557 4556 4556 76 76 4556 4556 4557 4557 4555 4555 4558 4558 4555 4555 4557 4557 4555 4555 4558 4558 4554 4554 4559 4559 4554 4554 4558 4558 4554 4554 4559 4559 4553 4553 4560 4560 4553 4553 4559 4559 4553 4553 4560 4560 4503 4503 4561 4561 4503 4503 4560 4560 4503 4503 4561 4561 320 320 318 318 320 320 4561 4561 315 315 318 318 4510 4510 4561 4561 4510 4510 318 318 4510 4510 4561 4561 4514 4514 4560 4560 4514 4514 4561 4561 4514 4514 4560 4560 4517 4517 4559 4559 4517 4517 4560 4560 4517 4517 4559 4559 4519 4519 4558 4558 4519 4519 4559 4559 4519 4519 4558 4558 4523 4523 4557 4557 4523 4523 4558 4558 4523 4523 4557 4557 75 75 76 76 75 75 4557 4557 2179 2179 4562 4562 2802 2802 4563 4563 2802 2802 4562 4562 2802 2802 4563 4563 2803 2803 4564 4564 2803 2803 4563 4563 2803 2803 4564 4564 2804 2804 4565 4565 2804 2804 4564 4564 2804 2804 4565 4565 2805 2805 4566 4566 2805 2805 4565 4565 2805 2805 4566 4566 2806 2806 4567 4567 2806 2806 4566 4566 2806 2806 4567 4567 169 169 192 192 169 169 4567 4567 4562 4562 4568 4568 4563 4563 4569 4569 4563 4563 4568 4568 4563 4563 4569 4569 4564 4564 4570 4570 4564 4564 4569 4569 4564 4564 4570 4570 4565 4565 4571 4571 4565 4565 4570 4570 4565 4565 4571 4571 4566 4566 4572 4572 4566 4566 4571 4571 4566 4566 4572 4572 4567 4567 4573 4573 4567 4567 4572 4572 4567 4567 4573 4573 192 192 191 191 192 192 4573 4573 4568 4568 4574 4574 4569 4569 4575 4575 4569 4569 4574 4574 4569 4569 4575 4575 4570 4570 4576 4576 4570 4570 4575 4575 4570 4570 4576 4576 4571 4571 4577 4577 4571 4571 4576 4576 4571 4571 4577 4577 4572 4572 4578 4578 4572 4572 4577 4577 4572 4572 4578 4578 4573 4573 4579 4579 4573 4573 4578 4578 4573 4573 4579 4579 191 191 190 190 191 191 4579 4579 4574 4574 4580 4580 4575 4575 4581 4581 4575 4575 4580 4580 4575 4575 4581 4581 4576 4576 4582 4582 4576 4576 4581 4581 4576 4576 4582 4582 4577 4577 4583 4583 4577 4577 4582 4582 4577 4577 4583 4583 4578 4578 4584 4584 4578 4578 4583 4583 4578 4578 4584 4584 4579 4579 4585 4585 4579 4579 4584 4584 4579 4579 4585 4585 190 190 193 193 190 190 4585 4585 4580 4580 4586 4586 4581 4581 4587 4587 4581 4581 4586 4586 4581 4581 4587 4587 4582 4582 4588 4588 4582 4582 4587 4587 4582 4582 4588 4588 4583 4583 4589 4589 4583 4583 4588 4588 4583 4583 4589 4589 4584 4584 4590 4590 4584 4584 4589 4589 4584 4584 4590 4590 4585 4585 4591 4591 4585 4585 4590 4590 4585 4585 4591 4591 193 193 194 194 193 193 4591 4591 4586 4586 2429 2429 4587 4587 4486 4486 4587 4587 2429 2429 4587 4587 4486 4486 4588 4588 4489 4489 4588 4588 4486 4486 4588 4588 4489 4489 4589 4589 4497 4497 4589 4589 4489 4489 4589 4589 4497 4497 4590 4590 4492 4492 4590 4590 4497 4497 4590 4590 4492 4492 4591 4591 4493 4493 4591 4591 4492 4492 4591 4591 4493 4493 194 194 113 113 194 194 4493 4493 1906 1906 1904 1904 4592 4592 201 201 189 189 2825 2825 4593 4593 2825 2825 189 189 2825 2825 4593 4593 4594 4594 4595 4595 4594 4594 4593 4593 4595 4595 4593 4593 4596 4596 4597 4597 4596 4596 4593 4593 4596 4596 4597 4597 4598 4598 4599 4599 4598 4598 4597 4597 4598 4598 4599 4599 4600 4600 4600 4600 4599 4599 4601 4601 4602 4602 4601 4601 4599 4599 4601 4601 4602 4602 4603 4603 4604 4604 4605 4605 4606 4606 4607 4607 4606 4606 4605 4605 4606 4606 4607 4607 4602 4602 4608 4608 4602 4602 4607 4607 4602 4602 4608 4608 4603 4603 4604 4604 4606 4606 4609 4609 1898 1898 4609 4609 4606 4606 4609 4609 1898 1898 1896 1896 1900 1900 1898 1898 4610 4610 4606 4606 4610 4610 1898 1898 4610 4610 4606 4606 4611 4611 4602 4602 4611 4611 4606 4606 4611 4611 4602 4602 4612 4612 4599 4599 4612 4612 4602 4602 4612 4612 4599 4599 4613 4613 4597 4597 4613 4613 4599 4599 4613 4613 4597 4597 4614 4614 4593 4593 4614 4614 4597 4597 4614 4614 4593 4593 188 188 189 189 188 188 4593 4593 1902 1902 1900 1900 4615 4615 4610 4610 4615 4615 1900 1900 4615 4615 4610 4610 4616 4616 4611 4611 4616 4616 4610 4610 4616 4616 4611 4611 4617 4617 4612 4612 4617 4617 4611 4611 4617 4617 4612 4612 4618 4618 4613 4613 4618 4618 4612 4612 4618 4618 4613 4613 4619 4619 4614 4614 4619 4619 4613 4613 4619 4619 4614 4614 187 187 188 188 187 187 4614 4614 1904 1904 1902 1902 4592 4592 4615 4615 4592 4592 1902 1902 4592 4592 4615 4615 4620 4620 4616 4616 4620 4620 4615 4615 4620 4620 4616 4616 4621 4621 4617 4617 4621 4621 4616 4616 4621 4621 4617 4617 4622 4622 4618 4618 4622 4622 4617 4617 4622 4622 4618 4618 4623 4623 4619 4619 4623 4623 4618 4618 4623 4623 4619 4619 154 154 187 187 154 154 4619 4619 1894 1894 1906 1906 4624 4624 4592 4592 4624 4624 1906 1906 4624 4624 4592 4592 4625 4625 4620 4620 4625 4625 4592 4592 4625 4625 4620 4620 4626 4626 4621 4621 4626 4626 4620 4620 4626 4626 4621 4621 4627 4627 4622 4622 4627 4627 4621 4621 4627 4627 4622 4622 4628 4628 4623 4623 4628 4628 4622 4622 4628 4628 4623 4623 155 155 154 154 155 155 4623 4623 1892 1892 1894 1894 4629 4629 4624 4624 4629 4629 1894 1894 4629 4629 4624 4624 4630 4630 4625 4625 4630 4630 4624 4624 4630 4630 4625 4625 4631 4631 4626 4626 4631 4631 4625 4625 4631 4631 4626 4626 4632 4632 4627 4627 4632 4632 4626 4626 4632 4632 4627 4627 4633 4633 4628 4628 4633 4633 4627 4627 4633 4633 4628 4628 157 157 155 155 157 157 4628 4628 1890 1890 1892 1892 4634 4634 4629 4629 4634 4634 1892 1892 4634 4634 4629 4629 4635 4635 4630 4630 4635 4635 4629 4629 4635 4635 4630 4630 4636 4636 4631 4631 4636 4636 4630 4630 4636 4636 4631 4631 4637 4637 4632 4632 4637 4637 4631 4631 4637 4637 4632 4632 4638 4638 4633 4633 4638 4638 4632 4632 4638 4638 4633 4633 167 167 157 157 167 167 4633 4633 4639 4639 2414 2414 2409 2409 2409 2409 2736 2736 4639 4639 2738 2738 4639 4639 2736 2736 4639 4639 2738 2738 4640 4640 2738 2738 2745 2745 4640 4640 2744 2744 4640 4640 2745 2745 4640 4640 2744 2744 4641 4641 2744 2744 2751 2751 4641 4641 2750 2750 4641 4641 2751 2751 4641 4641 2750 2750 4642 4642 2759 2759 4642 4642 2750 2750 2759 2759 2758 2758 4642 4642 2756 2756 4642 4642 2758 2758 4642 4642 2756 2756 4643 4643 2755 2755 4643 4643 2756 2756 4643 4643 2755 2755 112 112 2779 2779 112 112 2755 2755 112 112 2779 2779 114 114 4644 4644 4645 4645 4646 4646 4647 4647 4648 4648 4649 4649 4649 4649 4648 4648 4646 4646 4650 4650 4646 4646 4648 4648 4646 4646 4650 4650 4644 4644 4647 4647 4649 4649 4651 4651 4652 4652 4651 4651 4649 4649 4651 4651 4652 4652 4653 4653 4654 4654 4653 4653 4652 4652 4653 4653 4654 4654 4655 4655 4655 4655 4654 4654 4656 4656 4657 4657 4656 4656 4654 4654 4656 4656 4657 4657 4658 4658 4659 4659 4658 4658 4657 4657 4658 4658 4659 4659 4660 4660 4661 4661 4662 4662 4663 4663 4664 4664 4665 4665 4666 4666 4667 4667 4666 4666 4665 4665 4666 4666 4667 4667 4663 4663 4668 4668 4663 4663 4667 4667 4663 4663 4668 4668 4661 4661 4669 4669 4670 4670 4671 4671 4672 4672 4671 4671 4670 4670 4671 4671 4672 4672 4673 4673 4671 4671 4674 4674 4669 4669 4675 4675 4669 4669 4674 4674 4669 4669 4675 4675 4664 4664 4676 4676 4664 4664 4675 4675 4664 4664 4676 4676 4665 4665 2801 2801 2800 2800 4677 4677 4678 4678 4677 4677 2800 2800 4679 4679 4680 4680 4681 4681 4682 4682 4683 4683 4684 4684 4683 4683 4682 4682 4685 4685 4686 4686 4685 4685 4682 4682 4685 4685 4686 4686 4687 4687 4681 4681 4688 4688 4679 4679 4682 4682 4679 4679 4688 4688 4679 4679 4682 4682 4689 4689 4684 4684 4689 4689 4682 4682 4690 4690 4691 4691 4692 4692 4693 4693 4694 4694 4695 4695 4696 4696 4695 4695 4694 4694 4695 4695 4696 4696 4697 4697 4698 4698 4697 4697 4696 4696 4699 4699 4700 4700 4701 4701 4702 4702 4703 4703 4704 4704 4705 4705 4704 4704 4703 4703 4704 4704 4705 4705 4706 4706 4707 4707 4708 4708 4709 4709 4692 4692 4710 4710 4711 4711 4704 4704 4712 4712 4702 4702 4713 4713 4702 4702 4712 4712 4702 4702 4713 4713 4707 4707 4714 4714 4707 4707 4713 4713 4707 4707 4714 4714 4708 4708 4706 4706 4715 4715 4704 4704 4716 4716 4704 4704 4715 4715 4704 4704 4716 4716 4692 4692 4717 4717 4692 4692 4716 4716 4692 4692 4717 4717 4710 4710 4709 4709 4699 4699 4707 4707 4701 4701 4707 4707 4699 4699 4707 4707 4701 4701 4718 4718 4719 4719 4718 4718 4701 4701 4718 4718 4719 4719 4693 4693 4720 4720 4693 4693 4719 4719 4693 4693 4720 4720 4694 4694 4711 4711 4721 4721 4692 4692 4722 4722 4692 4692 4721 4721 4692 4692 4722 4722 4690 4690 4722 4722 4723 4723 4690 4690 4724 4724 4690 4690 4723 4723 4690 4690 4724 4724 4725 4725 4726 4726 4725 4725 4724 4724 4725 4725 4726 4726 4727 4727 4728 4728 4727 4727 4726 4726 4728 4728 4729 4729 4727 4727 4730 4730 4727 4727 4729 4729 4727 4727 4730 4730 4696 4696 4731 4731 4696 4696 4730 4730 4696 4696 4731 4731 4698 4698 4732 4732 4733 4733 4734 4734 4735 4735 4736 4736 4737 4737 4738 4738 4737 4737 4736 4736 4739 4739 4740 4740 4741 4741 4742 4742 4741 4741 4740 4740 4741 4741 4742 4742 4743 4743 4744 4744 4743 4743 4742 4742 4743 4743 4744 4744 4745 4745 4746 4746 4747 4747 4741 4741 4748 4748 4741 4741 4747 4747 4741 4741 4748 4748 4739 4739 4736 4736 4749 4749 4738 4738 4750 4750 4738 4738 4749 4749 4738 4738 4750 4750 4746 4746 4751 4751 4746 4746 4750 4750 4746 4746 4751 4751 4747 4747 4751 4751 4752 4752 4747 4747 4753 4753 4747 4747 4752 4752 4747 4747 4753 4753 4754 4754 4755 4755 4754 4754 4753 4753 4754 4754 4755 4755 4756 4756 4745 4745 4757 4757 4743 4743 4758 4758 4743 4743 4757 4757 4743 4743 4758 4758 4759 4759 4760 4760 4759 4759 4758 4758 4760 4760 4761 4761 4759 4759 4762 4762 4759 4759 4761 4761 4759 4759 4762 4762 4763 4763 4764 4764 4763 4763 4762 4762 4763 4763 4764 4764 4734 4734 4765 4765 4732 4732 4766 4766 4767 4767 4766 4766 4732 4732 4764 4764 4768 4768 4734 4734 4769 4769 4734 4734 4768 4768 4734 4734 4769 4769 4732 4732 4770 4770 4732 4732 4769 4769 4732 4732 4770 4770 4767 4767 4765 4765 4771 4771 4732 4732 4772 4772 4732 4732 4771 4771 4732 4732 4772 4772 4755 4755 4773 4773 4755 4755 4772 4772 4755 4755 4773 4773 4756 4756 4774 4774 4775 4775 2890 2890 2891 2891 2890 2890 4775 4775 4776 4776 4777 4777 4778 4778 4778 4778 4779 4779 4780 4780 4778 4778 4780 4780 4776 4776 4781 4781 4776 4776 4780 4780 4776 4776 4781 4781 4782 4782 4782 4782 4783 4783 4776 4776 4784 4784 4776 4776 4783 4783 4776 4776 4784 4784 4785 4785 4786 4786 4785 4785 4784 4784 4787 4787 4788 4788 4789 4789 4790 4790 4789 4789 4788 4788 4789 4789 4790 4790 4791 4791 4792 4792 4791 4791 4790 4790 4791 4791 4792 4792 4793 4793 4794 4794 4793 4793 4792 4792 4793 4793 4794 4794 4795 4795 4796 4796 4795 4795 4794 4794 4795 4795 4796 4796 4797 4797 4798 4798 4797 4797 4796 4796 4797 4797 4798 4798 4799 4799 4800 4800 4799 4799 4798 4798 4799 4799 4800 4800 4801 4801 4802 4802 4801 4801 4800 4800 4801 4801 4802 4802 4803 4803 4804 4804 4803 4803 4802 4802 4803 4803 4804 4804 4805 4805 4806 4806 4805 4805 4804 4804 4805 4805 4806 4806 4807 4807 4808 4808 4807 4807 4806 4806 4807 4807 4808 4808 4809 4809 4810 4810 4809 4809 4808 4808 4809 4809 4810 4810 4811 4811 4812 4812 4811 4811 4810 4810 4811 4811 4812 4812 4813 4813 4814 4814 4813 4813 4812 4812 4813 4813 4814 4814 4815 4815 4816 4816 4815 4815 4814 4814 4815 4815 4816 4816 4817 4817 4818 4818 4817 4817 4816 4816 4817 4817 4818 4818 4819 4819 4820 4820 4819 4819 4818 4818 4819 4819 4820 4820 4821 4821 4822 4822 4821 4821 4820 4820 4821 4821 4822 4822 4823 4823 4824 4824 4823 4823 4822 4822 4823 4823 4824 4824 4825 4825 4826 4826 4825 4825 4824 4824 4825 4825 4826 4826 4827 4827 4828 4828 4827 4827 4826 4826 4827 4827 4828 4828 4829 4829 4830 4830 4829 4829 4828 4828 4829 4829 4830 4830 4831 4831 4832 4832 4831 4831 4830 4830 4831 4831 4832 4832 4833 4833 4834 4834 4833 4833 4832 4832 4833 4833 4834 4834 4787 4787 4788 4788 4787 4787 4834 4834 4835 4835 4836 4836 4837 4837 4838 4838 4837 4837 4836 4836 4839 4839 4840 4840 4841 4841 4839 4839 4841 4841 4842 4842 4843 4843 4842 4842 4841 4841 4842 4842 4843 4843 4844 4844 4845 4845 4846 4846 4847 4847 4845 4845 4847 4847 4848 4848 4849 4849 4848 4848 4847 4847 4848 4848 4849 4849 4850 4850 4851 4851 4852 4852 4853 4853 4854 4854 4855 4855 4853 4853 4856 4856 4853 4853 4855 4855 4853 4853 4856 4856 4851 4851 4857 4857 4858 4858 4859 4859 4860 4860 4859 4859 4858 4858 4861 4861 4862 4862 4863 4863 4864 4864 4863 4863 4862 4862 4863 4863 4864 4864 4865 4865 4866 4866 4865 4865 4864 4864 4867 4867 4868 4868 4869 4869 4870 4870 4869 4869 4868 4868 4871 4871 4872 4872 4873 4873 4874 4874 4873 4873 4872 4872 4875 4875 4876 4876 4877 4877 4878 4878 4877 4877 4876 4876 4879 4879 4880 4880 4881 4881 4882 4882 4881 4881 4880 4880 4883 4883 4884 4884 4885 4885 4886 4886 4885 4885 4884 4884 4887 4887 4888 4888 4889 4889 4890 4890 4889 4889 4888 4888 4891 4891 4892 4892 4893 4893 4894 4894 4893 4893 4892 4892 4895 4895 4896 4896 4897 4897 4898 4898 4897 4897 4896 4896 4899 4899 4900 4900 4901 4901 4902 4902 4901 4901 4900 4900 4903 4903 4904 4904 4905 4905 4906 4906 4905 4905 4904 4904 4907 4907 4908 4908 4909 4909 4910 4910 4909 4909 4908 4908 4911 4911 4912 4912 4913 4913 4914 4914 4913 4913 4912 4912 4915 4915 4916 4916 4917 4917 4918 4918 4917 4917 4916 4916 4919 4919 4920 4920 4921 4921 4922 4922 4921 4921 4920 4920 4923 4923 4924 4924 4925 4925 4926 4926 4925 4925 4924 4924 4927 4927 4928 4928 4929 4929 4930 4930 4929 4929 4928 4928 4931 4931 4932 4932 4933 4933 4934 4934 4933 4933 4932 4932 4935 4935 4936 4936 4937 4937 4938 4938 4937 4937 4936 4936 4939 4939 4940 4940 4941 4941 4942 4942 4941 4941 4940 4940 4943 4943 4944 4944 4945 4945 4946 4946 4945 4945 4944 4944 4947 4947 4948 4948 4949 4949 4950 4950 4949 4949 4948 4948 4951 4951 4952 4952 4953 4953 4954 4954 4953 4953 4952 4952 4955 4955 4956 4956 4957 4957 4958 4958 4957 4957 4956 4956 4959 4959 4960 4960 4961 4961 4962 4962 4961 4961 4960 4960 4963 4963 4964 4964 4965 4965 4966 4966 4965 4965 4964 4964 4967 4967 4968 4968 4969 4969 4970 4970 4969 4969 4968 4968 4971 4971 4972 4972 4973 4973 4974 4974 4973 4973 4972 4972 4975 4975 4976 4976 4977 4977 4978 4978 4977 4977 4976 4976 4979 4979 4980 4980 4981 4981 4982 4982 4981 4981 4980 4980 4983 4983 4984 4984 4985 4985 4986 4986 4985 4985 4984 4984 4987 4987 4988 4988 4989 4989 4990 4990 4989 4989 4988 4988 4991 4991 4992 4992 4993 4993 4994 4994 4993 4993 4992 4992 4995 4995 4996 4996 4997 4997 4998 4998 4997 4997 4996 4996 4999 4999 5000 5000 5001 5001 5002 5002 5001 5001 5000 5000 5003 5003 5004 5004 5005 5005 5006 5006 5005 5005 5004 5004 5007 5007 5008 5008 5009 5009 5010 5010 5009 5009 5008 5008 5011 5011 5012 5012 5013 5013 5014 5014 5013 5013 5012 5012 5015 5015 5016 5016 5017 5017 5018 5018 5017 5017 5016 5016 5019 5019 5020 5020 5021 5021 5022 5022 5021 5021 5020 5020 5023 5023 5024 5024 5025 5025 5026 5026 5025 5025 5024 5024 5027 5027 5028 5028 5029 5029 5030 5030 5029 5029 5028 5028 5031 5031 5032 5032 5033 5033 5034 5034 5033 5033 5032 5032 5035 5035 5036 5036 5037 5037 5038 5038 5037 5037 5036 5036 5039 5039 5040 5040 5041 5041 5042 5042 5041 5041 5040 5040 5043 5043 5044 5044 5045 5045 5046 5046 5045 5045 5044 5044 5047 5047 5048 5048 5049 5049 5050 5050 5049 5049 5048 5048 5051 5051 5052 5052 5053 5053 5054 5054 5053 5053 5052 5052 5055 5055 5056 5056 5057 5057 5058 5058 5057 5057 5056 5056 5059 5059 5060 5060 5061 5061 5062 5062 5061 5061 5060 5060 5063 5063 5064 5064 5065 5065 5066 5066 5065 5065 5064 5064 5067 5067 5068 5068 5069 5069 5070 5070 5069 5069 5068 5068 5071 5071 5072 5072 5073 5073 5074 5074 5073 5073 5072 5072 5075 5075 5076 5076 5077 5077 5078 5078 5077 5077 5076 5076 5079 5079 5080 5080 5081 5081 5082 5082 5081 5081 5080 5080 5083 5083 5084 5084 5085 5085 5086 5086 5085 5085 5084 5084 5087 5087 5088 5088 5089 5089 5090 5090 5089 5089 5088 5088 5091 5091 5092 5092 5093 5093 5094 5094 5093 5093 5092 5092 5095 5095 5096 5096 5097 5097 5098 5098 5097 5097 5096 5096 5099 5099 5100 5100 5101 5101 5102 5102 5101 5101 5100 5100 5103 5103 5104 5104 5105 5105 5106 5106 5105 5105 5104 5104 5107 5107 5108 5108 5109 5109 5110 5110 5109 5109 5108 5108 5111 5111 5112 5112 5113 5113 5114 5114 5113 5113 5112 5112 5115 5115 5116 5116 5117 5117 5118 5118 5117 5117 5116 5116 5119 5119 5120 5120 5121 5121 5122 5122 5121 5121 5120 5120 5123 5123 5124 5124 5125 5125 5126 5126 5125 5125 5124 5124 5127 5127 5128 5128 5129 5129 5130 5130 5129 5129 5128 5128 5131 5131 5132 5132 5133 5133 5134 5134 5133 5133 5132 5132 5135 5135 5136 5136 5137 5137 5138 5138 5137 5137 5136 5136 5139 5139 5140 5140 5141 5141 5142 5142 5141 5141 5140 5140 5143 5143 5144 5144 5145 5145 5146 5146 5145 5145 5144 5144 5147 5147 5148 5148 5149 5149 5150 5150 5149 5149 5148 5148 5151 5151 5152 5152 5153 5153 5154 5154 5153 5153 5152 5152 5155 5155 5156 5156 5157 5157 5158 5158 5157 5157 5156 5156 5159 5159 5160 5160 5161 5161 5162 5162 5161 5161 5160 5160 5163 5163 5164 5164 5165 5165 5166 5166 5165 5165 5164 5164 5167 5167 5168 5168 5169 5169 5170 5170 5169 5169 5168 5168 5171 5171 5172 5172 5173 5173 5174 5174 5173 5173 5172 5172 5175 5175 5176 5176 5177 5177 5178 5178 5177 5177 5176 5176 5179 5179 5180 5180 5181 5181 5182 5182 5181 5181 5180 5180 5183 5183 5184 5184 5185 5185 5186 5186 5185 5185 5184 5184 5187 5187 5188 5188 5189 5189 5190 5190 5189 5189 5188 5188 5191 5191 5192 5192 5193 5193 5194 5194 5193 5193 5192 5192 5195 5195 5196 5196 5197 5197 5198 5198 5197 5197 5196 5196 5199 5199 5200 5200 5201 5201 5202 5202 5201 5201 5200 5200 5203 5203 5204 5204 5205 5205 5206 5206 5205 5205 5204 5204 5207 5207 5208 5208 5209 5209 5210 5210 5209 5209 5208 5208 5211 5211 5212 5212 5213 5213 5214 5214 5213 5213 5212 5212 5215 5215 5216 5216 5217 5217 5218 5218 5217 5217 5216 5216 5219 5219 5220 5220 5221 5221 5222 5222 5221 5221 5220 5220 5223 5223 5224 5224 5225 5225 5226 5226 5225 5225 5224 5224 5227 5227 5228 5228 5229 5229 5230 5230 5229 5229 5228 5228 5231 5231 5232 5232 5233 5233 5234 5234 5233 5233 5232 5232 5235 5235 5236 5236 5237 5237 5238 5238 5237 5237 5236 5236 5239 5239 5240 5240 5241 5241 5242 5242 5241 5241 5240 5240 5243 5243 5244 5244 5245 5245 5246 5246 5245 5245 5244 5244 5247 5247 5248 5248 5249 5249 5250 5250 5249 5249 5248 5248 5251 5251 5252 5252 5253 5253 5254 5254 5253 5253 5252 5252 5253 5253 5254 5254 5255 5255 5251 5251 5253 5253 5256 5256 5257 5257 5256 5256 5253 5253 5256 5256 5257 5257 5258 5258 5259 5259 5260 5260 5261 5261 5262 5262 5261 5261 5260 5260 5263 5263 5264 5264 5265 5265 5266 5266 5265 5265 5264 5264 5267 5267 5268 5268 5269 5269 5270 5270 5271 5271 5272 5272 5273 5273 5274 5274 5275 5275 5275 5275 5276 5276 5273 5273 5277 5277 5273 5273 5276 5276 5273 5273 5277 5277 5278 5278 5279 5279 5278 5278 5277 5277 5271 5271 5280 5280 5272 5272 5267 5267 5272 5272 5280 5280 5272 5272 5267 5267 5273 5273 5269 5269 5273 5273 5267 5267 5273 5273 5269 5269 5274 5274 5279 5279 5281 5281 5278 5278 5282 5282 5278 5278 5281 5281 5278 5278 5282 5282 5283 5283 5284 5284 5285 5285 5272 5272 5286 5286 5272 5272 5285 5285 5272 5272 5286 5286 5270 5270 3105 3105 3104 3104 5287 5287 5288 5288 5287 5287 3104 3104 5289 5289 5290 5290 5291 5291 5292 5292 5291 5291 5290 5290 5293 5293 5294 5294 5295 5295 5296 5296 5295 5295 5294 5294 5297 5297 5298 5298 5299 5299 5300 5300 5299 5299 5298 5298 5301 5301 5302 5302 4562 4562 5303 5303 5304 5304 4586 4586 4586 4586 5304 5304 2429 2429 5305 5305 2429 2429 5304 5304 2429 2429 5305 5305 2431 2431 4580 4580 4574 4574 5306 5306 5306 5306 5307 5307 4580 4580 5308 5308 4580 4580 5307 5307 4580 4580 5308 5308 4586 4586 5309 5309 4586 4586 5308 5308 4586 4586 5309 5309 5303 5303 4562 4562 5302 5302 4568 4568 5302 5302 5310 5310 4568 4568 5311 5311 4568 4568 5310 5310 4568 4568 5311 5311 4574 4574 5312 5312 4574 4574 5311 5311 4574 4574 5312 5312 5306 5306 2179 2179 2178 2178 4562 4562 5313 5313 4562 4562 2178 2178 4562 4562 5313 5313 5301 5301 2180 2180 2181 2181 5314 5314 2734 2734 5314 5314 2181 2181 5314 5314 2734 2734 5315 5315 5315 5315 2734 2734 5316 5316 2772 2772 5316 5316 2734 2734 5316 5316 2772 2772 5317 5317 5317 5317 2772 2772 5318 5318 2766 2766 5318 5318 2772 2772 5318 5318 2766 2766 5319 5319 5319 5319 2766 2766 5320 5320 2760 2760 5320 5320 2766 2766 5320 5320 2760 2760 5321 5321 5321 5321 2760 2760 5322 5322 2735 2735 5322 5322 2760 2760 5322 5322 2735 2735 5323 5323 2409 2409 5323 5323 2735 2735 5323 5323 2409 2409 2406 2406 5324 5324 5325 5325 5326 5326 5327 5327 5328 5328 5329 5329 5330 5330 339 339 338 338 5327 5327 5331 5331 5328 5328 5332 5332 5328 5328 5331 5331 5328 5328 5332 5332 5333 5333 5330 5330 338 338 5334 5334 5333 5333 5335 5335 5328 5328 5336 5336 5328 5328 5335 5335 5328 5328 5336 5336 338 338 5337 5337 338 338 5336 5336 338 338 5337 5337 5334 5334 5338 5338 5339 5339 5340 5340 5341 5341 5342 5342 5329 5329 5341 5341 5329 5329 5343 5343 5324 5324 5344 5344 5325 5325 5345 5345 5325 5325 5344 5344 5325 5325 5345 5345 5346 5346 5346 5346 5347 5347 5325 5325 5348 5348 5325 5325 5347 5347 5325 5325 5348 5348 5329 5329 5349 5349 5329 5329 5348 5348 5329 5329 5349 5349 5343 5343 5340 5340 5327 5327 5338 5338 5329 5329 5338 5338 5327 5327 5338 5338 5329 5329 5350 5350 5342 5342 5350 5350 5329 5329 5351 5351 5324 5324 5352 5352 5326 5326 5352 5352 5324 5324 5352 5352 5326 5326 5353 5353 5354 5354 5353 5353 5326 5326 5353 5353 5354 5354 5355 5355 5355 5355 5354 5354 5356 5356 1999 1999 5356 5356 5354 5354 5356 5356 1999 1999 2001 2001 5357 5357 5358 5358 5359 5359 2002 2002 2000 2000 5360 5360 5361 5361 5360 5360 2000 2000 5362 5362 5363 5363 5364 5364 5365 5365 5364 5364 5363 5363 5364 5364 5365 5365 5361 5361 5366 5366 5361 5361 5365 5365 5361 5361 5366 5366 5360 5360 5367 5367 5368 5368 5362 5362 5369 5369 5370 5370 5371 5371 5367 5367 5362 5362 5372 5372 5371 5371 5373 5373 5369 5369 5374 5374 5369 5369 5373 5373 5369 5369 5374 5374 5362 5362 5375 5375 5362 5362 5374 5374 5362 5362 5375 5375 5372 5372 5376 5376 5363 5363 5377 5377 5362 5362 5377 5377 5363 5363 5377 5377 5362 5362 5378 5378 5368 5368 5378 5378 5362 5362 5379 5379 5380 5380 5369 5369 5381 5381 5369 5369 5380 5380 5369 5369 5381 5381 5370 5370 5382 5382 5383 5383 5379 5379 5382 5382 5379 5379 5384 5384 1328 1328 1333 1333 5385 5385 5385 5385 5386 5386 1328 1328 5387 5387 1328 1328 5386 5386 1328 1328 5387 5387 5379 5379 5388 5388 5379 5379 5387 5387 5379 5379 5388 5388 5384 5384 5359 5359 5380 5380 5357 5357 5379 5379 5357 5357 5380 5380 5357 5357 5379 5379 5389 5389 5383 5383 5389 5389 5379 5379 2000 2000 1999 1999 5390 5390 2000 2000 5390 5390 5391 5391 5392 5392 5391 5391 5390 5390 5391 5391 5392 5392 5393 5393 5394 5394 5393 5393 5392 5392 5393 5393 5394 5394 5395 5395 5396 5396 5395 5395 5394 5394 5395 5395 5396 5396 5397 5397 5398 5398 5397 5397 5396 5396 5397 5397 5398 5398 5399 5399 1269 1269 5399 5399 5398 5398 5399 5399 1269 1269 1267 1267 5400 5400 5401 5401 5402 5402 5402 5402 5403 5403 5400 5400 5404 5404 5400 5400 5403 5403 5400 5400 5404 5404 5405 5405 5400 5400 1268 1268 5401 5401 1269 1269 5401 5401 1268 1268 5401 5401 1269 1269 5406 5406 5407 5407 5406 5406 1269 1269 5406 5406 5407 5407 5408 5408 5409 5409 5408 5408 5407 5407 5408 5408 5409 5409 5410 5410 5410 5410 5409 5409 5411 5411 5412 5412 5411 5411 5409 5409 5411 5411 5412 5412 5413 5413 5414 5414 5413 5413 5412 5412 5413 5413 5414 5414 5415 5415 5416 5416 5415 5415 5414 5414 5415 5415 5416 5416 5417 5417 338 338 5417 5417 5416 5416 5417 5417 338 338 476 476 5398 5398 5396 5396 5418 5418 5419 5419 5418 5418 5396 5396 5418 5418 5419 5419 5420 5420 5421 5421 5420 5420 5419 5419 5420 5420 5421 5421 5422 5422 5423 5423 5422 5422 5421 5421 5422 5422 5423 5423 5424 5424 5425 5425 5424 5424 5423 5423 5424 5424 5425 5425 5426 5426 5427 5427 5426 5426 5425 5425 5426 5426 5427 5427 338 338 5396 5396 5394 5394 5419 5419 5428 5428 5419 5419 5394 5394 5419 5419 5428 5428 5421 5421 5429 5429 5421 5421 5428 5428 5421 5421 5429 5429 5423 5423 5430 5430 5423 5423 5429 5429 5423 5423 5430 5430 5425 5425 5431 5431 5425 5425 5430 5430 5425 5425 5431 5431 5427 5427 5432 5432 5427 5427 5431 5431 5427 5427 5432 5432 338 338 1269 1269 5398 5398 5407 5407 5418 5418 5407 5407 5398 5398 5407 5407 5418 5418 5409 5409 5420 5420 5409 5409 5418 5418 5409 5409 5420 5420 5412 5412 5422 5422 5412 5412 5420 5420 5412 5412 5422 5422 5414 5414 5424 5424 5414 5414 5422 5422 5414 5414 5424 5424 5416 5416 5426 5426 5416 5416 5424 5424 5416 5416 5426 5426 338 338 5392 5392 5390 5390 5433 5433 5434 5434 5433 5433 5390 5390 5433 5433 5434 5434 5435 5435 5436 5436 5435 5435 5434 5434 5435 5435 5436 5436 5437 5437 5438 5438 5437 5437 5436 5436 5437 5437 5438 5438 5439 5439 5440 5440 5439 5439 5438 5438 5439 5439 5440 5440 5441 5441 5442 5442 5441 5441 5440 5440 5441 5441 5442 5442 338 338 5390 5390 1999 1999 5434 5434 5354 5354 5434 5434 1999 1999 5434 5434 5354 5354 5436 5436 5326 5326 5436 5436 5354 5354 5436 5436 5326 5326 5438 5438 5325 5325 5438 5438 5326 5326 5438 5438 5325 5325 5440 5440 5329 5329 5440 5440 5325 5325 5440 5440 5329 5329 5442 5442 5328 5328 5442 5442 5329 5329 5442 5442 5328 5328 338 338 5394 5394 5392 5392 5428 5428 5433 5433 5428 5428 5392 5392 5428 5428 5433 5433 5429 5429 5435 5435 5429 5429 5433 5433 5429 5429 5435 5435 5430 5430 5437 5437 5430 5430 5435 5435 5430 5430 5437 5437 5431 5431 5439 5439 5431 5431 5437 5437 5431 5431 5439 5439 5432 5432 5441 5441 5432 5432 5439 5439 5432 5432 5441 5441 338 338 1335 1335 1328 1328 5443 5443 1335 1335 5443 5443 5444 5444 5445 5445 5444 5444 5443 5443 5444 5444 5445 5445 5446 5446 5447 5447 5446 5446 5445 5445 5446 5446 5447 5447 5448 5448 5448 5448 5447 5447 5449 5449 5450 5450 5449 5449 5447 5447 5449 5449 5450 5450 5451 5451 5451 5451 5450 5450 5452 5452 5453 5453 5452 5452 5450 5450 5452 5452 5453 5453 5454 5454 1266 1266 5455 5455 5456 5456 5455 5455 5457 5457 5458 5458 5458 5458 5459 5459 5455 5455 5460 5460 5455 5455 5459 5459 5455 5455 5460 5460 5456 5456 5454 5454 5453 5453 5456 5456 1267 1267 5456 5456 5453 5453 5456 5456 1267 1267 1266 1266 1267 1267 5453 5453 5461 5461 5462 5462 5463 5463 5464 5464 1328 1328 5379 5379 5465 5465 5464 5464 5463 5463 1328 1328 5466 5466 1328 1328 5463 5463 5466 5466 5463 5463 5467 5467 5462 5462 5467 5467 5463 5463 5467 5467 5462 5462 5468 5468 5443 5443 1328 1328 5466 5466 5469 5469 5470 5470 5471 5471 5465 5465 5471 5471 5470 5470 5471 5471 5465 5465 5472 5472 5379 5379 5472 5472 5465 5465 5472 5472 5379 5379 5369 5369 5443 5443 5466 5466 5445 5445 5467 5467 5445 5445 5466 5466 5445 5445 5467 5467 5447 5447 5468 5468 5447 5447 5467 5467 5447 5447 5468 5468 5450 5450 5473 5473 5469 5469 5474 5474 5471 5471 5474 5474 5469 5469 5474 5474 5471 5471 5475 5475 5472 5472 5475 5475 5471 5471 5475 5475 5472 5472 5476 5476 5369 5369 5476 5476 5472 5472 5476 5476 5369 5369 5362 5362 5477 5477 5473 5473 5478 5478 5474 5474 5478 5478 5473 5473 5478 5478 5474 5474 5479 5479 5475 5475 5479 5479 5474 5474 5479 5479 5475 5475 5480 5480 5476 5476 5480 5480 5475 5475 5480 5480 5476 5476 5481 5481 5362 5362 5481 5481 5476 5476 5481 5481 5362 5362 5364 5364 5453 5453 5477 5477 5461 5461 5478 5478 5461 5461 5477 5477 5461 5461 5478 5478 5482 5482 5479 5479 5482 5482 5478 5478 5482 5482 5479 5479 5483 5483 5480 5480 5483 5483 5479 5479 5483 5483 5480 5480 5484 5484 5481 5481 5484 5484 5480 5480 5484 5484 5481 5481 5485 5485 5364 5364 5485 5485 5481 5481 5485 5485 5364 5364 5361 5361 1267 1267 5461 5461 5399 5399 5482 5482 5399 5399 5461 5461 5399 5399 5482 5482 5397 5397 5483 5483 5397 5397 5482 5482 5397 5397 5483 5483 5395 5395 5484 5484 5395 5395 5483 5483 5395 5395 5484 5484 5393 5393 5485 5485 5393 5393 5484 5484 5393 5393 5485 5485 5391 5391 5361 5361 5391 5391 5485 5485 5391 5391 5361 5361 2000 2000 5470 5470 1328 1328 5465 5465 5453 5453 5450 5450 5477 5477 5468 5468 5477 5477 5450 5450 5477 5477 5468 5468 5473 5473 5462 5462 5473 5473 5468 5468 5473 5473 5462 5462 5469 5469 5464 5464 5469 5469 5462 5462 5469 5469 5464 5464 5470 5470 1328 1328 5470 5470 5464 5464 217 217 4365 4365 4365 4365 5486 5486 4365 4365 4365 4365 1910 1910 5487 5487 5488 5488 4512 4512 5488 5488 4507 4507 5487 5487 4507 4507 5488 5488 4507 4507 5487 5487 316 316 4511 4511 5489 5489 4512 4512 5490 5490 4512 4512 5489 5489 4512 4512 5490 5490 5488 5488 4366 4366 5488 5488 5490 5490 5488 5488 4366 4366 1910 1910 4515 4515 5491 5491 4513 4513 5492 5492 4513 4513 5491 5491 4513 4513 5492 5492 4508 4508 5489 5489 4508 4508 5492 5492 4508 4508 5489 5489 4509 4509 4511 4511 4509 4509 5489 5489 5491 5491 4335 4335 5492 5492 4334 4334 5492 5492 4335 4335 5492 5492 4334 4334 5489 5489 4332 4332 5489 5489 4334 4334 5489 5489 4332 4332 5490 5490 4331 4331 5490 5490 4332 4332 5490 5490 4331 4331 4366 4366 4340 4340 4338 4338 5491 5491 4337 4337 5491 5491 4338 4338 5491 5491 4337 4337 4335 4335 4516 4516 4518 4518 5493 5493 4521 4521 5493 5493 4518 4518 5493 5493 4521 4521 5494 5494 4520 4520 5494 5494 4521 4521 5494 5494 4520 4520 5495 5495 4515 4515 4516 4516 5491 5491 5493 5493 5491 5491 4516 4516 5491 5491 5493 5493 4340 4340 5494 5494 4340 4340 5493 5493 4340 4340 5494 5494 4341 4341 5495 5495 4341 4341 5494 5494 4520 4520 4525 4525 5495 5495 4524 4524 5495 5495 4525 4525 5495 5495 4524 4524 5486 5486 4522 4522 5486 5486 4524 4524 5486 5486 4522 4522 4365 4365 217 217 4365 4365 4365 4365 4363 4363 4365 4365 4365 4365 4365 4365 4363 4363 5486 5486 4344 4344 5486 5486 4363 4363 5486 5486 4344 4344 5495 5495 4343 4343 5495 5495 4344 4344 5495 5495 4343 4343 4341 4341 4758 4758 5496 5496 4760 4760 5497 5497 4760 4760 5496 5496 4760 4760 5497 5497 4761 4761 5498 5498 4761 4761 5497 5497 4761 4761 5498 5498 4762 4762 5499 5499 4762 4762 5498 5498 4762 4762 5499 5499 4764 4764 5500 5500 4764 4764 5499 5499 4764 4764 5500 5500 4768 4768 5501 5501 4768 4768 5500 5500 4768 4768 5501 5501 4769 4769 5502 5502 4769 4769 5501 5501 4769 4769 5502 5502 4770 4770 5503 5503 4770 4770 5502 5502 4770 4770 5503 5503 4767 4767 5504 5504 4767 4767 5503 5503 4767 4767 5504 5504 4766 4766 5505 5505 4766 4766 5504 5504 4766 4766 5505 5505 4765 4765 5506 5506 4765 4765 5505 5505 4765 4765 5506 5506 4771 4771 5507 5507 4771 4771 5506 5506 4771 4771 5507 5507 4772 4772 5508 5508 4772 4772 5507 5507 4772 4772 5508 5508 4773 4773 5509 5509 4773 4773 5508 5508 4773 4773 5509 5509 4756 4756 5510 5510 4756 4756 5509 5509 4756 4756 5510 5510 4754 4754 5511 5511 4754 4754 5510 5510 4754 4754 5511 5511 4747 4747 5512 5512 4747 4747 5511 5511 4747 4747 5512 5512 4748 4748 5513 5513 4748 4748 5512 5512 4748 4748 5513 5513 4739 4739 5514 5514 4739 4739 5513 5513 4739 4739 5514 5514 4740 4740 5515 5515 4740 4740 5514 5514 4740 4740 5515 5515 4742 4742 5516 5516 4742 4742 5515 5515 4742 4742 5516 5516 4744 4744 5517 5517 4744 4744 5516 5516 4744 4744 5517 5517 4745 4745 5518 5518 4745 4745 5517 5517 4745 4745 5518 5518 4757 4757 5519 5519 4757 4757 5518 5518 4757 4757 5519 5519 4758 4758 5496 5496 4758 4758 5519 5519 5519 5519 5520 5520 5496 5496 5521 5521 5496 5496 5520 5520 5496 5496 5521 5521 5497 5497 5522 5522 5497 5497 5521 5521 5497 5497 5522 5522 5498 5498 5523 5523 5498 5498 5522 5522 5498 5498 5523 5523 5499 5499 5524 5524 5499 5499 5523 5523 5499 5499 5524 5524 5500 5500 5525 5525 5500 5500 5524 5524 5500 5500 5525 5525 5501 5501 5526 5526 5501 5501 5525 5525 5501 5501 5526 5526 5502 5502 5527 5527 5502 5502 5526 5526 5502 5502 5527 5527 5503 5503 5528 5528 5503 5503 5527 5527 5503 5503 5528 5528 5504 5504 5529 5529 5504 5504 5528 5528 5504 5504 5529 5529 5505 5505 5530 5530 5505 5505 5529 5529 5505 5505 5530 5530 5506 5506 5531 5531 5506 5506 5530 5530 5506 5506 5531 5531 5507 5507 5532 5532 5507 5507 5531 5531 5507 5507 5532 5532 5508 5508 5533 5533 5508 5508 5532 5532 5508 5508 5533 5533 5509 5509 5534 5534 5509 5509 5533 5533 5509 5509 5534 5534 5510 5510 5535 5535 5510 5510 5534 5534 5510 5510 5535 5535 5511 5511 5536 5536 5511 5511 5535 5535 5511 5511 5536 5536 5512 5512 5537 5537 5512 5512 5536 5536 5512 5512 5537 5537 5513 5513 5538 5538 5513 5513 5537 5537 5513 5513 5538 5538 5514 5514 5539 5539 5514 5514 5538 5538 5514 5514 5539 5539 5515 5515 5540 5540 5515 5515 5539 5539 5515 5515 5540 5540 5516 5516 5541 5541 5516 5516 5540 5540 5516 5516 5541 5541 5517 5517 5542 5542 5517 5517 5541 5541 5517 5517 5542 5542 5518 5518 5543 5543 5518 5518 5542 5542 5518 5518 5543 5543 5519 5519 5520 5520 5519 5519 5543 5543 5543 5543 5544 5544 5520 5520 5545 5545 5520 5520 5544 5544 5520 5520 5545 5545 5521 5521 5546 5546 5521 5521 5545 5545 5521 5521 5546 5546 5522 5522 5547 5547 5522 5522 5546 5546 5522 5522 5547 5547 5523 5523 5548 5548 5523 5523 5547 5547 5523 5523 5548 5548 5524 5524 5549 5549 5524 5524 5548 5548 5524 5524 5549 5549 5525 5525 5550 5550 5525 5525 5549 5549 5525 5525 5550 5550 5526 5526 5551 5551 5526 5526 5550 5550 5526 5526 5551 5551 5527 5527 5552 5552 5527 5527 5551 5551 5527 5527 5552 5552 5528 5528 5553 5553 5528 5528 5552 5552 5528 5528 5553 5553 5529 5529 5554 5554 5529 5529 5553 5553 5529 5529 5554 5554 5530 5530 5555 5555 5530 5530 5554 5554 5530 5530 5555 5555 5531 5531 5556 5556 5531 5531 5555 5555 5531 5531 5556 5556 5532 5532 5557 5557 5532 5532 5556 5556 5532 5532 5557 5557 5533 5533 5558 5558 5533 5533 5557 5557 5533 5533 5558 5558 5534 5534 5559 5559 5534 5534 5558 5558 5534 5534 5559 5559 5535 5535 5560 5560 5535 5535 5559 5559 5535 5535 5560 5560 5536 5536 5561 5561 5536 5536 5560 5560 5536 5536 5561 5561 5537 5537 5562 5562 5537 5537 5561 5561 5537 5537 5562 5562 5538 5538 5563 5563 5538 5538 5562 5562 5538 5538 5563 5563 5539 5539 5564 5564 5539 5539 5563 5563 5539 5539 5564 5564 5540 5540 5565 5565 5540 5540 5564 5564 5540 5540 5565 5565 5541 5541 5566 5566 5541 5541 5565 5565 5541 5541 5566 5566 5542 5542 5567 5567 5542 5542 5566 5566 5542 5542 5567 5567 5543 5543 5544 5544 5543 5543 5567 5567 5567 5567 5568 5568 5544 5544 5569 5569 5544 5544 5568 5568 5544 5544 5569 5569 5545 5545 5570 5570 5545 5545 5569 5569 5545 5545 5570 5570 5546 5546 5571 5571 5546 5546 5570 5570 5546 5546 5571 5571 5547 5547 5572 5572 5547 5547 5571 5571 5547 5547 5572 5572 5548 5548 5573 5573 5548 5548 5572 5572 5548 5548 5573 5573 5549 5549 5574 5574 5549 5549 5573 5573 5549 5549 5574 5574 5550 5550 5575 5575 5550 5550 5574 5574 5550 5550 5575 5575 5551 5551 5576 5576 5551 5551 5575 5575 5551 5551 5576 5576 5552 5552 5577 5577 5552 5552 5576 5576 5552 5552 5577 5577 5553 5553 5578 5578 5553 5553 5577 5577 5553 5553 5578 5578 5554 5554 5579 5579 5554 5554 5578 5578 5554 5554 5579 5579 5555 5555 5580 5580 5555 5555 5579 5579 5555 5555 5580 5580 5556 5556 5581 5581 5556 5556 5580 5580 5556 5556 5581 5581 5557 5557 5582 5582 5557 5557 5581 5581 5557 5557 5582 5582 5558 5558 5583 5583 5558 5558 5582 5582 5558 5558 5583 5583 5559 5559 5584 5584 5559 5559 5583 5583 5559 5559 5584 5584 5560 5560 5585 5585 5560 5560 5584 5584 5560 5560 5585 5585 5561 5561 5586 5586 5561 5561 5585 5585 5561 5561 5586 5586 5562 5562 5587 5587 5562 5562 5586 5586 5562 5562 5587 5587 5563 5563 5588 5588 5563 5563 5587 5587 5563 5563 5588 5588 5564 5564 5589 5589 5564 5564 5588 5588 5564 5564 5589 5589 5565 5565 5590 5590 5565 5565 5589 5589 5565 5565 5590 5590 5566 5566 5591 5591 5566 5566 5590 5590 5566 5566 5591 5591 5567 5567 5568 5568 5567 5567 5591 5591 5591 5591 5592 5592 5568 5568 5593 5593 5568 5568 5592 5592 5568 5568 5593 5593 5569 5569 5594 5594 5569 5569 5593 5593 5569 5569 5594 5594 5570 5570 5595 5595 5570 5570 5594 5594 5570 5570 5595 5595 5571 5571 5596 5596 5571 5571 5595 5595 5571 5571 5596 5596 5572 5572 5597 5597 5572 5572 5596 5596 5572 5572 5597 5597 5573 5573 5598 5598 5573 5573 5597 5597 5573 5573 5598 5598 5574 5574 5599 5599 5574 5574 5598 5598 5574 5574 5599 5599 5575 5575 5600 5600 5575 5575 5599 5599 5575 5575 5600 5600 5576 5576 5601 5601 5576 5576 5600 5600 5576 5576 5601 5601 5577 5577 5602 5602 5577 5577 5601 5601 5577 5577 5602 5602 5578 5578 5603 5603 5578 5578 5602 5602 5578 5578 5603 5603 5579 5579 5604 5604 5579 5579 5603 5603 5579 5579 5604 5604 5580 5580 5605 5605 5580 5580 5604 5604 5580 5580 5605 5605 5581 5581 5606 5606 5581 5581 5605 5605 5581 5581 5606 5606 5582 5582 5607 5607 5582 5582 5606 5606 5582 5582 5607 5607 5583 5583 5608 5608 5583 5583 5607 5607 5583 5583 5608 5608 5584 5584 5609 5609 5584 5584 5608 5608 5584 5584 5609 5609 5585 5585 5610 5610 5585 5585 5609 5609 5585 5585 5610 5610 5586 5586 5611 5611 5586 5586 5610 5610 5586 5586 5611 5611 5587 5587 5612 5612 5587 5587 5611 5611 5587 5587 5612 5612 5588 5588 5613 5613 5588 5588 5612 5612 5588 5588 5613 5613 5589 5589 5614 5614 5589 5589 5613 5613 5589 5589 5614 5614 5590 5590 5615 5615 5590 5590 5614 5614 5590 5590 5615 5615 5591 5591 5592 5592 5591 5591 5615 5615 5615 5615 4789 4789 5592 5592 4791 4791 5592 5592 4789 4789 5592 5592 4791 4791 5593 5593 4793 4793 5593 5593 4791 4791 5593 5593 4793 4793 5594 5594 4795 4795 5594 5594 4793 4793 5594 5594 4795 4795 5595 5595 4797 4797 5595 5595 4795 4795 5595 5595 4797 4797 5596 5596 4799 4799 5596 5596 4797 4797 5596 5596 4799 4799 5597 5597 4801 4801 5597 5597 4799 4799 5597 5597 4801 4801 5598 5598 4803 4803 5598 5598 4801 4801 5598 5598 4803 4803 5599 5599 4805 4805 5599 5599 4803 4803 5599 5599 4805 4805 5600 5600 4807 4807 5600 5600 4805 4805 5600 5600 4807 4807 5601 5601 4809 4809 5601 5601 4807 4807 5601 5601 4809 4809 5602 5602 4811 4811 5602 5602 4809 4809 5602 5602 4811 4811 5603 5603 4813 4813 5603 5603 4811 4811 5603 5603 4813 4813 5604 5604 4815 4815 5604 5604 4813 4813 5604 5604 4815 4815 5605 5605 4817 4817 5605 5605 4815 4815 5605 5605 4817 4817 5606 5606 4819 4819 5606 5606 4817 4817 5606 5606 4819 4819 5607 5607 4821 4821 5607 5607 4819 4819 5607 5607 4821 4821 5608 5608 4823 4823 5608 5608 4821 4821 5608 5608 4823 4823 5609 5609 4825 4825 5609 5609 4823 4823 5609 5609 4825 4825 5610 5610 4827 4827 5610 5610 4825 4825 5610 5610 4827 4827 5611 5611 4829 4829 5611 5611 4827 4827 5611 5611 4829 4829 5612 5612 4831 4831 5612 5612 4829 4829 5612 5612 4831 4831 5613 5613 4833 4833 5613 5613 4831 4831 5613 5613 4833 4833 5614 5614 4787 4787 5614 5614 4833 4833 5614 5614 4787 4787 5615 5615 4789 4789 5615 5615 4787 4787 4716 4716 5616 5616 4717 4717 5617 5617 4717 4717 5616 5616 4717 4717 5617 5617 4710 4710 5618 5618 4710 4710 5617 5617 4710 4710 5618 5618 4711 4711 5619 5619 4711 4711 5618 5618 4711 4711 5619 5619 4721 4721 5620 5620 4721 4721 5619 5619 4721 4721 5620 5620 4722 4722 5621 5621 4722 4722 5620 5620 4722 4722 5621 5621 4723 4723 5622 5622 4723 4723 5621 5621 4723 4723 5622 5622 4724 4724 5623 5623 4724 4724 5622 5622 4724 4724 5623 5623 4726 4726 5624 5624 4726 4726 5623 5623 4726 4726 5624 5624 4728 4728 5625 5625 4728 4728 5624 5624 4728 4728 5625 5625 4729 4729 5626 5626 4729 4729 5625 5625 4729 4729 5626 5626 4730 4730 5627 5627 4730 4730 5626 5626 4730 4730 5627 5627 4731 4731 5628 5628 4731 4731 5627 5627 4731 4731 5628 5628 4698 4698 5629 5629 4698 4698 5628 5628 4698 4698 5629 5629 4697 4697 5630 5630 4697 4697 5629 5629 4697 4697 5630 5630 4695 4695 5631 5631 4695 4695 5630 5630 4695 4695 5631 5631 4693 4693 5632 5632 4693 4693 5631 5631 4693 4693 5632 5632 4718 4718 5633 5633 4718 4718 5632 5632 4718 4718 5633 5633 4707 4707 5634 5634 4707 4707 5633 5633 4707 4707 5634 5634 4702 4702 5635 5635 4702 4702 5634 5634 4702 4702 5635 5635 4703 4703 5636 5636 4703 4703 5635 5635 4703 4703 5636 5636 4705 4705 5637 5637 4705 4705 5636 5636 4705 4705 5637 5637 4706 4706 5638 5638 4706 4706 5637 5637 4706 4706 5638 5638 4715 4715 5639 5639 4715 4715 5638 5638 4715 4715 5639 5639 4716 4716 5616 5616 4716 4716 5639 5639 5639 5639 5640 5640 5616 5616 5641 5641 5616 5616 5640 5640 5616 5616 5641 5641 5617 5617 5642 5642 5617 5617 5641 5641 5617 5617 5642 5642 5618 5618 5643 5643 5618 5618 5642 5642 5618 5618 5643 5643 5619 5619 5644 5644 5619 5619 5643 5643 5619 5619 5644 5644 5620 5620 5645 5645 5620 5620 5644 5644 5620 5620 5645 5645 5621 5621 5646 5646 5621 5621 5645 5645 5621 5621 5646 5646 5622 5622 5647 5647 5622 5622 5646 5646 5622 5622 5647 5647 5623 5623 5648 5648 5623 5623 5647 5647 5623 5623 5648 5648 5624 5624 5649 5649 5624 5624 5648 5648 5624 5624 5649 5649 5625 5625 5650 5650 5625 5625 5649 5649 5625 5625 5650 5650 5626 5626 5651 5651 5626 5626 5650 5650 5626 5626 5651 5651 5627 5627 5652 5652 5627 5627 5651 5651 5627 5627 5652 5652 5628 5628 5653 5653 5628 5628 5652 5652 5628 5628 5653 5653 5629 5629 5654 5654 5629 5629 5653 5653 5629 5629 5654 5654 5630 5630 5655 5655 5630 5630 5654 5654 5630 5630 5655 5655 5631 5631 5656 5656 5631 5631 5655 5655 5631 5631 5656 5656 5632 5632 5657 5657 5632 5632 5656 5656 5632 5632 5657 5657 5633 5633 5658 5658 5633 5633 5657 5657 5633 5633 5658 5658 5634 5634 5659 5659 5634 5634 5658 5658 5634 5634 5659 5659 5635 5635 5660 5660 5635 5635 5659 5659 5635 5635 5660 5660 5636 5636 5661 5661 5636 5636 5660 5660 5636 5636 5661 5661 5637 5637 5662 5662 5637 5637 5661 5661 5637 5637 5662 5662 5638 5638 5663 5663 5638 5638 5662 5662 5638 5638 5663 5663 5639 5639 5640 5640 5639 5639 5663 5663 5663 5663 5664 5664 5640 5640 5665 5665 5640 5640 5664 5664 5640 5640 5665 5665 5641 5641 5666 5666 5641 5641 5665 5665 5641 5641 5666 5666 5642 5642 5667 5667 5642 5642 5666 5666 5642 5642 5667 5667 5643 5643 5668 5668 5643 5643 5667 5667 5643 5643 5668 5668 5644 5644 5669 5669 5644 5644 5668 5668 5644 5644 5669 5669 5645 5645 5670 5670 5645 5645 5669 5669 5645 5645 5670 5670 5646 5646 5671 5671 5646 5646 5670 5670 5646 5646 5671 5671 5647 5647 5672 5672 5647 5647 5671 5671 5647 5647 5672 5672 5648 5648 5673 5673 5648 5648 5672 5672 5648 5648 5673 5673 5649 5649 5674 5674 5649 5649 5673 5673 5649 5649 5674 5674 5650 5650 5675 5675 5650 5650 5674 5674 5650 5650 5675 5675 5651 5651 5676 5676 5651 5651 5675 5675 5651 5651 5676 5676 5652 5652 5677 5677 5652 5652 5676 5676 5652 5652 5677 5677 5653 5653 5678 5678 5653 5653 5677 5677 5653 5653 5678 5678 5654 5654 5679 5679 5654 5654 5678 5678 5654 5654 5679 5679 5655 5655 5680 5680 5655 5655 5679 5679 5655 5655 5680 5680 5656 5656 5681 5681 5656 5656 5680 5680 5656 5656 5681 5681 5657 5657 5682 5682 5657 5657 5681 5681 5657 5657 5682 5682 5658 5658 5683 5683 5658 5658 5682 5682 5658 5658 5683 5683 5659 5659 5684 5684 5659 5659 5683 5683 5659 5659 5684 5684 5660 5660 5685 5685 5660 5660 5684 5684 5660 5660 5685 5685 5661 5661 5686 5686 5661 5661 5685 5685 5661 5661 5686 5686 5662 5662 5687 5687 5662 5662 5686 5686 5662 5662 5687 5687 5663 5663 5664 5664 5663 5663 5687 5687 5687 5687 5688 5688 5664 5664 5689 5689 5664 5664 5688 5688 5664 5664 5689 5689 5665 5665 5690 5690 5665 5665 5689 5689 5665 5665 5690 5690 5666 5666 5691 5691 5666 5666 5690 5690 5666 5666 5691 5691 5667 5667 5692 5692 5667 5667 5691 5691 5667 5667 5692 5692 5668 5668 5693 5693 5668 5668 5692 5692 5668 5668 5693 5693 5669 5669 5694 5694 5669 5669 5693 5693 5669 5669 5694 5694 5670 5670 5695 5695 5670 5670 5694 5694 5670 5670 5695 5695 5671 5671 5696 5696 5671 5671 5695 5695 5671 5671 5696 5696 5672 5672 5697 5697 5672 5672 5696 5696 5672 5672 5697 5697 5673 5673 5698 5698 5673 5673 5697 5697 5673 5673 5698 5698 5674 5674 5699 5699 5674 5674 5698 5698 5674 5674 5699 5699 5675 5675 5700 5700 5675 5675 5699 5699 5675 5675 5700 5700 5676 5676 5701 5701 5676 5676 5700 5700 5676 5676 5701 5701 5677 5677 5702 5702 5677 5677 5701 5701 5677 5677 5702 5702 5678 5678 5703 5703 5678 5678 5702 5702 5678 5678 5703 5703 5679 5679 5704 5704 5679 5679 5703 5703 5679 5679 5704 5704 5680 5680 5705 5705 5680 5680 5704 5704 5680 5680 5705 5705 5681 5681 5706 5706 5681 5681 5705 5705 5681 5681 5706 5706 5682 5682 5707 5707 5682 5682 5706 5706 5682 5682 5707 5707 5683 5683 5708 5708 5683 5683 5707 5707 5683 5683 5708 5708 5684 5684 5709 5709 5684 5684 5708 5708 5684 5684 5709 5709 5685 5685 5710 5710 5685 5685 5709 5709 5685 5685 5710 5710 5686 5686 5711 5711 5686 5686 5710 5710 5686 5686 5711 5711 5687 5687 5688 5688 5687 5687 5711 5711 5711 5711 5712 5712 5688 5688 5713 5713 5688 5688 5712 5712 5688 5688 5713 5713 5689 5689 5714 5714 5689 5689 5713 5713 5689 5689 5714 5714 5690 5690 5715 5715 5690 5690 5714 5714 5690 5690 5715 5715 5691 5691 5716 5716 5691 5691 5715 5715 5691 5691 5716 5716 5692 5692 5717 5717 5692 5692 5716 5716 5692 5692 5717 5717 5693 5693 5718 5718 5693 5693 5717 5717 5693 5693 5718 5718 5694 5694 5719 5719 5694 5694 5718 5718 5694 5694 5719 5719 5695 5695 5720 5720 5695 5695 5719 5719 5695 5695 5720 5720 5696 5696 5721 5721 5696 5696 5720 5720 5696 5696 5721 5721 5697 5697 5722 5722 5697 5697 5721 5721 5697 5697 5722 5722 5698 5698 5723 5723 5698 5698 5722 5722 5698 5698 5723 5723 5699 5699 5724 5724 5699 5699 5723 5723 5699 5699 5724 5724 5700 5700 5725 5725 5700 5700 5724 5724 5700 5700 5725 5725 5701 5701 5726 5726 5701 5701 5725 5725 5701 5701 5726 5726 5702 5702 5727 5727 5702 5702 5726 5726 5702 5702 5727 5727 5703 5703 5728 5728 5703 5703 5727 5727 5703 5703 5728 5728 5704 5704 5729 5729 5704 5704 5728 5728 5704 5704 5729 5729 5705 5705 5730 5730 5705 5705 5729 5729 5705 5705 5730 5730 5706 5706 5731 5731 5706 5706 5730 5730 5706 5706 5731 5731 5707 5707 5732 5732 5707 5707 5731 5731 5707 5707 5732 5732 5708 5708 5733 5733 5708 5708 5732 5732 5708 5708 5733 5733 5709 5709 5734 5734 5709 5709 5733 5733 5709 5709 5734 5734 5710 5710 5735 5735 5710 5710 5734 5734 5710 5710 5735 5735 5711 5711 5712 5712 5711 5711 5735 5735 5735 5735 4810 4810 5712 5712 4808 4808 5712 5712 4810 4810 5712 5712 4808 4808 5713 5713 4806 4806 5713 5713 4808 4808 5713 5713 4806 4806 5714 5714 4804 4804 5714 5714 4806 4806 5714 5714 4804 4804 5715 5715 4802 4802 5715 5715 4804 4804 5715 5715 4802 4802 5716 5716 4800 4800 5716 5716 4802 4802 5716 5716 4800 4800 5717 5717 4798 4798 5717 5717 4800 4800 5717 5717 4798 4798 5718 5718 4796 4796 5718 5718 4798 4798 5718 5718 4796 4796 5719 5719 4794 4794 5719 5719 4796 4796 5719 5719 4794 4794 5720 5720 4792 4792 5720 5720 4794 4794 5720 5720 4792 4792 5721 5721 4790 4790 5721 5721 4792 4792 5721 5721 4790 4790 5722 5722 4788 4788 5722 5722 4790 4790 5722 5722 4788 4788 5723 5723 4834 4834 5723 5723 4788 4788 5723 5723 4834 4834 5724 5724 4832 4832 5724 5724 4834 4834 5724 5724 4832 4832 5725 5725 4830 4830 5725 5725 4832 4832 5725 5725 4830 4830 5726 5726 4828 4828 5726 5726 4830 4830 5726 5726 4828 4828 5727 5727 4826 4826 5727 5727 4828 4828 5727 5727 4826 4826 5728 5728 4824 4824 5728 5728 4826 4826 5728 5728 4824 4824 5729 5729 4822 4822 5729 5729 4824 4824 5729 5729 4822 4822 5730 5730 4820 4820 5730 5730 4822 4822 5730 5730 4820 4820 5731 5731 4818 4818 5731 5731 4820 4820 5731 5731 4818 4818 5732 5732 4816 4816 5732 5732 4818 4818 5732 5732 4816 4816 5733 5733 4814 4814 5733 5733 4816 4816 5733 5733 4814 4814 5734 5734 4812 4812 5734 5734 4814 4814 5734 5734 4812 4812 5735 5735 4810 4810 5735 5735 4812 4812 5736 5736 5737 5737 5738 5738 86 86 5739 5739 5740 5740 5741 5741 5739 5739 86 86 5738 5738 5737 5737 86 86 5742 5742 86 86 5737 5737 5742 5742 5737 5737 5743 5743 5736 5736 5743 5743 5737 5737 5743 5743 5736 5736 5744 5744 5745 5745 86 86 5742 5742 5746 5746 5740 5740 5747 5747 5739 5739 5747 5747 5740 5740 5747 5747 5739 5739 5748 5748 5741 5741 5748 5748 5739 5739 5748 5748 5741 5741 5749 5749 5745 5745 5742 5742 5750 5750 5743 5743 5750 5750 5742 5742 5750 5750 5743 5743 5751 5751 5744 5744 5751 5751 5743 5743 5751 5751 5744 5744 5752 5752 2790 2790 86 86 5745 5745 5753 5753 5746 5746 5754 5754 5747 5747 5754 5754 5746 5746 5754 5754 5747 5747 5755 5755 5748 5748 5755 5755 5747 5747 5755 5755 5748 5748 5756 5756 5749 5749 5756 5756 5748 5748 5756 5756 5749 5749 5757 5757 2790 2790 5745 5745 2792 2792 5750 5750 2792 2792 5745 5745 2792 2792 5750 5750 2794 2794 5751 5751 2794 2794 5750 5750 2794 2794 5751 5751 2796 2796 5752 5752 2796 2796 5751 5751 2796 2796 5752 5752 2798 2798 5758 5758 5753 5753 5759 5759 5754 5754 5759 5759 5753 5753 5759 5759 5754 5754 5760 5760 5755 5755 5760 5760 5754 5754 5760 5760 5755 5755 5761 5761 5756 5756 5761 5761 5755 5755 5761 5761 5756 5756 5762 5762 5757 5757 5762 5762 5756 5756 5762 5762 5757 5757 5763 5763 5764 5764 5758 5758 5765 5765 5759 5759 5765 5765 5758 5758 5765 5765 5759 5759 5766 5766 5760 5760 5766 5766 5759 5759 5766 5766 5760 5760 5767 5767 5761 5761 5767 5767 5760 5760 5767 5767 5761 5761 5768 5768 5762 5762 5768 5768 5761 5761 5768 5768 5762 5762 5769 5769 5763 5763 5769 5769 5762 5762 5769 5769 5763 5763 5770 5770 2800 2800 5764 5764 5771 5771 5765 5765 5771 5771 5764 5764 5771 5771 5765 5765 5772 5772 5766 5766 5772 5772 5765 5765 5772 5772 5766 5766 5773 5773 5767 5767 5773 5773 5766 5766 5773 5773 5767 5767 5774 5774 5768 5768 5774 5774 5767 5767 5774 5774 5768 5768 5775 5775 5769 5769 5775 5775 5768 5768 5775 5775 5769 5769 5776 5776 5770 5770 5776 5776 5769 5769 5776 5776 5770 5770 5777 5777 2800 2800 2798 2798 5764 5764 5752 5752 5764 5764 2798 2798 5764 5764 5752 5752 5758 5758 5744 5744 5758 5758 5752 5752 5758 5758 5744 5744 5753 5753 5736 5736 5753 5753 5744 5744 5753 5753 5736 5736 5746 5746 5738 5738 5746 5746 5736 5736 5746 5746 5738 5738 5740 5740 86 86 5740 5740 5738 5738 307 307 5777 5777 4506 4506 5770 5770 4506 4506 5777 5777 4506 4506 5770 5770 4528 4528 5763 5763 4528 4528 5770 5770 4528 4528 5763 5763 4530 4530 5757 5757 4530 4530 5763 5763 4530 4530 5757 5757 4532 4532 5749 5749 4532 4532 5757 5757 4532 4532 5749 5749 4534 4534 5741 5741 4534 4534 5749 5749 4534 4534 5741 5741 86 86 5771 5771 5772 5772 5778 5778 5773 5773 5779 5779 5772 5772 5780 5780 5772 5772 5779 5779 5772 5772 5780 5780 5778 5778 5781 5781 5782 5782 5774 5774 5783 5783 5774 5774 5782 5782 5774 5774 5783 5783 5773 5773 5784 5784 5773 5773 5783 5783 5773 5773 5784 5784 5779 5779 5781 5781 5774 5774 5785 5785 5775 5775 5785 5785 5774 5774 5785 5785 5775 5775 5786 5786 5776 5776 5787 5787 5775 5775 5788 5788 5775 5775 5787 5787 5775 5775 5788 5788 5786 5786 5789 5789 5790 5790 5777 5777 5791 5791 5777 5777 5790 5790 5777 5777 5791 5791 5776 5776 5792 5792 5776 5776 5791 5791 5776 5776 5792 5792 5787 5787 307 307 308 308 5777 5777 5793 5793 5777 5777 308 308 5777 5777 5793 5793 5789 5789 5778 5778 5794 5794 5771 5771 4678 4678 5771 5771 5794 5794 5771 5771 4678 4678 2800 2800 313 313 1994 1994 5795 5795 5796 5796 5795 5795 1994 1994 5795 5795 5796 5796 5797 5797 5798 5798 5797 5797 5796 5796 5797 5797 5798 5798 5799 5799 5800 5800 5799 5799 5798 5798 5799 5799 5800 5800 5801 5801 5802 5802 5801 5801 5800 5800 5801 5801 5802 5802 5803 5803 5804 5804 5803 5803 5802 5802 5803 5803 5804 5804 4727 4727 314 314 1993 1993 313 313 1994 1994 313 313 1993 1993 4725 4725 4727 4727 5804 5804 4725 4725 5804 5804 5805 5805 5802 5802 5805 5805 5804 5804 5805 5805 5802 5802 5806 5806 5800 5800 5806 5806 5802 5802 5806 5806 5800 5800 5807 5807 5798 5798 5807 5807 5800 5800 5807 5807 5798 5798 5808 5808 5796 5796 5808 5808 5798 5798 5808 5808 5796 5796 5809 5809 1994 1994 5809 5809 5796 5796 5809 5809 1994 1994 1992 1992 1993 1993 314 314 5810 5810 5811 5811 5810 5810 314 314 5810 5810 5811 5811 5812 5812 5813 5813 5812 5812 5811 5811 5812 5812 5813 5813 5814 5814 5815 5815 5814 5814 5813 5813 5814 5814 5815 5815 5816 5816 5817 5817 5816 5816 5815 5815 5816 5816 5817 5817 5818 5818 5819 5819 5818 5818 5817 5817 5818 5818 5819 5819 4759 4759 5820 5820 5821 5821 5822 5822 5823 5823 5824 5824 5821 5821 5825 5825 5821 5821 5824 5824 5821 5821 5825 5825 5822 5822 5826 5826 5827 5827 5823 5823 5828 5828 5823 5823 5827 5827 5823 5823 5828 5828 5824 5824 5829 5829 5830 5830 5826 5826 5831 5831 5826 5826 5830 5830 5826 5826 5831 5831 5827 5827 5832 5832 1995 1995 5829 5829 5833 5833 5829 5829 1995 1995 5829 5829 5833 5833 5830 5830 5820 5820 5834 5834 5821 5821 5835 5835 5821 5821 5834 5834 5821 5821 5835 5835 5823 5823 5836 5836 5823 5823 5835 5835 5823 5823 5836 5836 5826 5826 5837 5837 5826 5826 5836 5836 5826 5826 5837 5837 5829 5829 5838 5838 5829 5829 5837 5837 5829 5829 5838 5838 5832 5832 5839 5839 5832 5832 5838 5838 1992 1992 5839 5839 5809 5809 5838 5838 5809 5809 5839 5839 5809 5809 5838 5838 5808 5808 5837 5837 5808 5808 5838 5838 5808 5808 5837 5837 5807 5807 5836 5836 5807 5807 5837 5837 5807 5807 5836 5836 5806 5806 5835 5835 5806 5806 5836 5836 5806 5806 5835 5835 5805 5805 5834 5834 5805 5805 5835 5835 5805 5805 5834 5834 4725 4725 5820 5820 4725 4725 5834 5834 5822 5822 5840 5840 5820 5820 4725 4725 5820 5820 5840 5840 5841 5841 4741 4741 4743 4743 5841 5841 4743 4743 5842 5842 5843 5843 5842 5842 4743 4743 5842 5842 5843 5843 5844 5844 5845 5845 5846 5846 5847 5847 5848 5848 5847 5847 5846 5846 5848 5848 5849 5849 5847 5847 5850 5850 5847 5847 5849 5849 5847 5847 5850 5850 5843 5843 5851 5851 5843 5843 5850 5850 5843 5843 5851 5851 5844 5844 5852 5852 5853 5853 5854 5854 5855 5855 5854 5854 5853 5853 5854 5854 5855 5855 5845 5845 5856 5856 5845 5845 5855 5855 5845 5845 5856 5856 5846 5846 5852 5852 5854 5854 5857 5857 5858 5858 5857 5857 5854 5854 5857 5857 5858 5858 5859 5859 5858 5858 312 312 310 310 5859 5859 5858 5858 5860 5860 310 310 5860 5860 5858 5858 5860 5860 310 310 306 306 314 314 312 312 5811 5811 5858 5858 5811 5811 312 312 5811 5811 5858 5858 5813 5813 5854 5854 5813 5813 5858 5858 5813 5813 5854 5854 5815 5815 5845 5845 5815 5815 5854 5854 5815 5815 5845 5845 5817 5817 5847 5847 5817 5817 5845 5845 5817 5817 5847 5847 5819 5819 5843 5843 5819 5819 5847 5847 5819 5819 5843 5843 4759 4759 4743 4743 4759 4759 5843 5843 5861 5861 5862 5862 5863 5863 5864 5864 5865 5865 5866 5866 5866 5866 5865 5865 304 304 5860 5860 304 304 5865 5865 304 304 5860 5860 306 306 5863 5863 5862 5862 5867 5867 5862 5862 5868 5868 5867 5867 5869 5869 5867 5867 5868 5868 5867 5867 5869 5869 5866 5866 5870 5870 5866 5866 5869 5869 5866 5866 5870 5870 5864 5864 5871 5871 5872 5872 5873 5873 5874 5874 5873 5873 5872 5872 5874 5874 5875 5875 5873 5873 5876 5876 5873 5873 5875 5875 5873 5873 5876 5876 5863 5863 5877 5877 5863 5863 5876 5876 5863 5863 5877 5877 5861 5861 5878 5878 5879 5879 5880 5880 5881 5881 5880 5880 5879 5879 5880 5880 5881 5881 5871 5871 5882 5882 5871 5871 5881 5881 5871 5871 5882 5882 5872 5872 5880 5880 5883 5883 5878 5878 2891 2891 5878 5878 5883 5883 5878 5878 2891 2891 4775 4775 4759 4759 4763 4763 5884 5884 4759 4759 5884 5884 5818 5818 5885 5885 5818 5818 5884 5884 5818 5818 5885 5885 5816 5816 5886 5886 5816 5816 5885 5885 5816 5816 5886 5886 5814 5814 5887 5887 5814 5814 5886 5886 5814 5814 5887 5887 5812 5812 5888 5888 5812 5812 5887 5887 5812 5812 5888 5888 5810 5810 1991 1991 5810 5810 5888 5888 5810 5810 1991 1991 1993 1993 1992 1992 1991 1991 5889 5889 1992 1992 5889 5889 5839 5839 5890 5890 5839 5839 5889 5889 5839 5839 5890 5890 5832 5832 1996 1996 5832 5832 5890 5890 5832 5832 1996 1996 1995 1995 5891 5891 5892 5892 5822 5822 5893 5893 5822 5822 5892 5892 5822 5822 5893 5893 5840 5840 4690 4690 5840 5840 5893 5893 5840 5840 4690 4690 4725 4725 5822 5822 5825 5825 5891 5891 5824 5824 5891 5891 5825 5825 5891 5891 5824 5824 5894 5894 5824 5824 5828 5828 5894 5894 5827 5827 5894 5894 5828 5828 5894 5894 5827 5827 5895 5895 5827 5827 5831 5831 5895 5895 5830 5830 5895 5895 5831 5831 5895 5895 5830 5830 5896 5896 5833 5833 5896 5896 5830 5830 5896 5896 5833 5833 5897 5897 5897 5897 5833 5833 5898 5898 1995 1995 5898 5898 5833 5833 5898 5898 1995 1995 1997 1997 1996 1996 5890 5890 5899 5899 5900 5900 5899 5899 5890 5890 5899 5899 5900 5900 5901 5901 5902 5902 5901 5901 5900 5900 5901 5901 5902 5902 5903 5903 5904 5904 5905 5905 5906 5906 5907 5907 5906 5906 5905 5905 5906 5906 5907 5907 5902 5902 5908 5908 5902 5902 5907 5907 5902 5902 5908 5908 5903 5903 4763 4763 5909 5909 5910 5910 5911 5911 5910 5910 5909 5909 5910 5910 5911 5911 5904 5904 5912 5912 5904 5904 5911 5911 5904 5904 5912 5912 5905 5905 5890 5890 5889 5889 5900 5900 5913 5913 5900 5900 5889 5889 5900 5900 5913 5913 5902 5902 5914 5914 5902 5902 5913 5913 5902 5902 5914 5914 5906 5906 5915 5915 5906 5906 5914 5914 5906 5906 5915 5915 5904 5904 5916 5916 5904 5904 5915 5915 5904 5904 5916 5916 5910 5910 5917 5917 5910 5910 5916 5916 5910 5910 5917 5917 4763 4763 5889 5889 1991 1991 5913 5913 5888 5888 5913 5913 1991 1991 5913 5913 5888 5888 5914 5914 5887 5887 5914 5914 5888 5888 5914 5914 5887 5887 5915 5915 5886 5886 5915 5915 5887 5887 5915 5915 5886 5886 5916 5916 5885 5885 5916 5916 5886 5886 5916 5916 5885 5885 5917 5917 5884 5884 5917 5917 5885 5885 5917 5917 5884 5884 4763 4763 5918 5918 3099 3099 2005 2005 5918 5918 2005 2005 5919 5919 5920 5920 5919 5919 2005 2005 5921 5921 5920 5920 2005 2005 5922 5922 5921 5921 2005 2005 5923 5923 5922 5922 2005 2005 5924 5924 5923 5923 2005 2005 2900 2900 5924 5924 2005 2005 2900 2900 2898 2898 5925 5925 2898 2898 2896 2896 5926 5926 2896 2896 2894 2894 5927 5927 2894 2894 2892 2892 5928 5928 2892 2892 2891 2891 5883 5883 2892 2892 5883 5883 5928 5928 5880 5880 5928 5928 5883 5883 5928 5928 5880 5880 5929 5929 5871 5871 5929 5929 5880 5880 5929 5929 5871 5871 5930 5930 5873 5873 5930 5930 5871 5871 5930 5930 5873 5873 5931 5931 5863 5863 5931 5931 5873 5873 5931 5931 5863 5863 5932 5932 5867 5867 5932 5932 5863 5863 5932 5932 5867 5867 5933 5933 5866 5866 5933 5933 5867 5867 5933 5933 5866 5866 5934 5934 304 304 5934 5934 5866 5866 5934 5934 304 304 3103 3103 2894 2894 5928 5928 5927 5927 5929 5929 5927 5927 5928 5928 5927 5927 5929 5929 5935 5935 5930 5930 5935 5935 5929 5929 5935 5935 5930 5930 5936 5936 5931 5931 5936 5936 5930 5930 5936 5936 5931 5931 5937 5937 5932 5932 5937 5937 5931 5931 5937 5937 5932 5932 5938 5938 5933 5933 5938 5938 5932 5932 5938 5938 5933 5933 5939 5939 5934 5934 5939 5939 5933 5933 5939 5939 5934 5934 5940 5940 3103 3103 5940 5940 5934 5934 5940 5940 3103 3103 3102 3102 2896 2896 5927 5927 5926 5926 5935 5935 5926 5926 5927 5927 5926 5926 5935 5935 5941 5941 5936 5936 5941 5941 5935 5935 5941 5941 5936 5936 5942 5942 5937 5937 5942 5942 5936 5936 5942 5942 5937 5937 5943 5943 5938 5938 5943 5943 5937 5937 5943 5943 5938 5938 5944 5944 5939 5939 5944 5944 5938 5938 5944 5944 5939 5939 5945 5945 5940 5940 5945 5945 5939 5939 5945 5945 5940 5940 5946 5946 3102 3102 5946 5946 5940 5940 5946 5946 3102 3102 3101 3101 2898 2898 5926 5926 5925 5925 5941 5941 5925 5925 5926 5926 5925 5925 5941 5941 5947 5947 5942 5942 5947 5947 5941 5941 5947 5947 5942 5942 5948 5948 5943 5943 5948 5948 5942 5942 5948 5948 5943 5943 5949 5949 5944 5944 5949 5949 5943 5943 5949 5949 5944 5944 5950 5950 5945 5945 5950 5950 5944 5944 5950 5950 5945 5945 5951 5951 5946 5946 5951 5951 5945 5945 5951 5951 5946 5946 5952 5952 3101 3101 5952 5952 5946 5946 5952 5952 3101 3101 3100 3100 2900 2900 5925 5925 5924 5924 5947 5947 5924 5924 5925 5925 5924 5924 5947 5947 5923 5923 5948 5948 5923 5923 5947 5947 5923 5923 5948 5948 5922 5922 5949 5949 5922 5922 5948 5948 5922 5922 5949 5949 5921 5921 5950 5950 5921 5921 5949 5949 5921 5921 5950 5950 5920 5920 5951 5951 5920 5920 5950 5950 5920 5920 5951 5951 5919 5919 5952 5952 5919 5919 5951 5951 5919 5919 5952 5952 5918 5918 3100 3100 5918 5918 5952 5952 5918 5918 3100 3100 3099 3099 1998 1998 1996 1996 5953 5953 5899 5899 5953 5953 1996 1996 5954 5954 5955 5955 5901 5901 5956 5956 5901 5901 5955 5955 5901 5901 5956 5956 5899 5899 5957 5957 5899 5899 5956 5956 5899 5899 5957 5957 5953 5953 5901 5901 5903 5903 5954 5954 5908 5908 5954 5954 5903 5903 5954 5954 5908 5908 5958 5958 5908 5908 5907 5907 5958 5958 5905 5905 5958 5958 5907 5907 5958 5958 5905 5905 5959 5959 5912 5912 5959 5959 5905 5905 5912 5912 5911 5911 5959 5959 5909 5909 5959 5959 5911 5911 5959 5959 5909 5909 5960 5960 4763 4763 5960 5960 5909 5909 5960 5960 4763 4763 4734 4734 2015 2015 3059 3059 3059 3059 5961 5961 3059 3059 3059 3059 317 317 5962 5962 5963 5963 3157 3157 5963 5963 3159 3159 5962 5962 3159 3159 5963 5963 3159 3159 5962 5962 1909 1909 3156 3156 5964 5964 3157 3157 5965 5965 3157 3157 5964 5964 3157 3157 5965 5965 5963 5963 3070 3070 5963 5963 5965 5965 5963 5963 3070 3070 317 317 3166 3166 5966 5966 3160 3160 5967 5967 3160 3160 5966 5966 3160 3160 5967 5967 3161 3161 5964 5964 3161 3161 5967 5967 3161 3161 5964 5964 3163 3163 3156 3156 3163 3163 5964 5964 5966 5966 3068 3068 5967 5967 3067 3067 5967 5967 3068 3068 5967 5967 3067 3067 5964 5964 3055 3055 5964 5964 3067 3067 5964 5964 3055 3055 5965 5965 3054 3054 5965 5965 3055 3055 5965 5965 3054 3054 3070 3070 3063 3063 3062 3062 5966 5966 3069 3069 5966 5966 3062 3062 5966 5966 3069 3069 3068 3068 3165 3165 3167 3167 5968 5968 3169 3169 5968 5968 3167 3167 5968 5968 3169 3169 5969 5969 3170 3170 5969 5969 3169 3169 5969 5969 3170 3170 5970 5970 3166 3166 3165 3165 5966 5966 5968 5968 5966 5966 3165 3165 5966 5966 5968 5968 3063 3063 5969 5969 3063 3063 5968 5968 3063 3063 5969 5969 3064 3064 5970 5970 3064 3064 5969 5969 3170 3170 3174 3174 5970 5970 3172 3172 5970 5970 3174 3174 5970 5970 3172 3172 5961 5961 3171 3171 5961 5961 3172 3172 5961 5961 3171 3171 3059 3059 2015 2015 3059 3059 3059 3059 3058 3058 3059 3059 3059 3059 3059 3059 3058 3058 5961 5961 3057 3057 5961 5961 3058 3058 5961 5961 3057 3057 5970 5970 3065 3065 5970 5970 3057 3057 5970 5970 3065 3065 3064 3064 5971 5971 5972 5972 5973 5973 5974 5974 5975 5975 5976 5976 5977 5977 5978 5978 5979 5979 5793 5793 308 308 309 309 309 309 311 311 5979 5979 5979 5979 5978 5978 309 309 5980 5980 309 309 5978 5978 309 309 5980 5980 5793 5793 5976 5976 5975 5975 5981 5981 5975 5975 5982 5982 5981 5981 5983 5983 5981 5981 5982 5982 5981 5981 5983 5983 5979 5979 5984 5984 5979 5979 5983 5983 5979 5979 5984 5984 5977 5977 5973 5973 5972 5972 5976 5976 5985 5985 5976 5976 5972 5972 5976 5976 5985 5985 5974 5974 5986 5986 4696 4696 4694 4694 4694 4694 5987 5987 5986 5986 5988 5988 5986 5986 5987 5987 5986 5986 5988 5988 5973 5973 5989 5989 5973 5973 5988 5988 5973 5973 5989 5989 5971 5971 4727 4727 4696 4696 5803 5803 5986 5986 5803 5803 4696 4696 5803 5803 5986 5986 5801 5801 5973 5973 5801 5801 5986 5986 5801 5801 5973 5973 5799 5799 5976 5976 5799 5799 5973 5973 5799 5799 5976 5976 5797 5797 5981 5981 5797 5797 5976 5976 5797 5797 5981 5981 5795 5795 5979 5979 5795 5795 5981 5981 5795 5795 5979 5979 313 313 311 311 313 313 5979 5979 1910 1910 1909 1909 5487 5487 5962 5962 5487 5487 1909 1909 5487 5487 5962 5962 316 316 317 317 316 316 5962 5962 1271 1271 1270 1270 5990 5990 5991 5991 5990 5990 1270 1270 5992 5992 5993 5993 5994 5994 5995 5995 5994 5994 5993 5993 5994 5994 5995 5995 5991 5991 5996 5996 5991 5991 5995 5995 5991 5991 5996 5996 5990 5990 5992 5992 5994 5994 5997 5997 5998 5998 5997 5997 5994 5994 5997 5997 5998 5998 5999 5999 6000 6000 6001 6001 5998 5998 6002 6002 5998 5998 6001 6001 5998 5998 6002 6002 5999 5999 5405 5405 6003 6003 5400 5400 6004 6004 5400 5400 6003 6003 5400 5400 6004 6004 6000 6000 6005 6005 6000 6000 6004 6004 6000 6000 6005 6005 6001 6001 1268 1268 5400 5400 6006 6006 6000 6000 6006 6006 5400 5400 6006 6006 6000 6000 6007 6007 5998 5998 6007 6007 6000 6000 6007 6007 5998 5998 6008 6008 5994 5994 6008 6008 5998 5998 6008 6008 5994 5994 6009 6009 5991 5991 6009 6009 5994 5994 6009 6009 5991 5991 1301 1301 1270 1270 1301 1301 5991 5991 1272 1272 6010 6010 6011 6011 6012 6012 6013 6013 6014 6014 6015 6015 6016 6016 6017 6017 6018 6018 6019 6019 6020 6020 6021 6021 4755 4755 4753 4753 6018 6018 6020 6020 6022 6022 6023 6023 6024 6024 6025 6025 6026 6026 6025 6025 6024 6024 6025 6025 6026 6026 6022 6022 6027 6027 6028 6028 6029 6029 6030 6030 6029 6029 6028 6028 6029 6029 6030 6030 6023 6023 6031 6031 6032 6032 6033 6033 6032 6032 6034 6034 6033 6033 6035 6035 6033 6033 6034 6034 6033 6033 6035 6035 6027 6027 1272 1272 1271 1271 6010 6010 6036 6036 6010 6010 1271 1271 6010 6010 6036 6036 6031 6031 6037 6037 6038 6038 1283 1283 1283 1283 6038 6038 1281 1281 6039 6039 1281 1281 6038 6038 1281 1281 6039 6039 1277 1277 6040 6040 6041 6041 6042 6042 6043 6043 6042 6042 6041 6041 6042 6042 6043 6043 6037 6037 6044 6044 6045 6045 6046 6046 6047 6047 6046 6046 6045 6045 6046 6046 6047 6047 6048 6048 4735 4735 6049 6049 6050 6050 6051 6051 6050 6050 6049 6049 6050 6050 6051 6051 6052 6052 6037 6037 1283 1283 6042 6042 1285 1285 6042 6042 1283 1283 6042 6042 1285 1285 6053 6053 1287 1287 6053 6053 1285 1285 6053 6053 1287 1287 6054 6054 1287 1287 1289 1289 6054 6054 1291 1291 6054 6054 1289 1289 6054 6054 1291 1291 6055 6055 1293 1293 6055 6055 1291 1291 6055 6055 1293 1293 6011 6011 1295 1295 6011 6011 1293 1293 6011 6011 1295 1295 1272 1272 6031 6031 6033 6033 6010 6010 6056 6056 6010 6010 6033 6033 6010 6010 6056 6056 6011 6011 6057 6057 6011 6011 6056 6056 6011 6011 6057 6057 6055 6055 6058 6058 6055 6055 6057 6057 6055 6055 6058 6058 6054 6054 6059 6059 6054 6054 6058 6058 6054 6054 6059 6059 6053 6053 6017 6017 6053 6053 6059 6059 6053 6053 6017 6017 6042 6042 6016 6016 6042 6042 6017 6017 6042 6042 6016 6016 6040 6040 6027 6027 6029 6029 6033 6033 6060 6060 6033 6033 6029 6029 6033 6033 6060 6060 6056 6056 6061 6061 6056 6056 6060 6060 6056 6056 6061 6061 6057 6057 6062 6062 6057 6057 6061 6061 6057 6057 6062 6062 6058 6058 6063 6063 6058 6058 6062 6062 6058 6058 6063 6063 6059 6059 6014 6014 6059 6059 6063 6063 6059 6059 6014 6014 6017 6017 6013 6013 6017 6017 6014 6014 6017 6017 6013 6013 6015 6015 6023 6023 6025 6025 6029 6029 6064 6064 6029 6029 6025 6025 6029 6029 6064 6064 6060 6060 6065 6065 6060 6060 6064 6064 6060 6060 6065 6065 6061 6061 6066 6066 6061 6061 6065 6065 6061 6061 6066 6066 6062 6062 6067 6067 6062 6062 6066 6066 6062 6062 6067 6067 6063 6063 6046 6046 6063 6063 6067 6067 6063 6063 6046 6046 6014 6014 6048 6048 6014 6014 6046 6046 6014 6014 6048 6048 6012 6012 6022 6022 6020 6020 6025 6025 6068 6068 6025 6025 6020 6020 6025 6025 6068 6068 6064 6064 6069 6069 6064 6064 6068 6068 6064 6064 6069 6069 6065 6065 6070 6070 6065 6065 6069 6069 6065 6065 6070 6070 6066 6066 6071 6071 6066 6066 6070 6070 6066 6066 6071 6071 6067 6067 6050 6050 6067 6067 6071 6071 6067 6067 6050 6050 6046 6046 6052 6052 6046 6046 6050 6050 6046 6046 6052 6052 6044 6044 4735 4735 6050 6050 4736 4736 6071 6071 4736 4736 6050 6050 4736 4736 6071 6071 4749 4749 6070 6070 4749 4749 6071 6071 4749 4749 6070 6070 4750 4750 6069 6069 4750 4750 6070 6070 4750 4750 6069 6069 4751 4751 6068 6068 4751 4751 6069 6069 4751 4751 6068 6068 4752 4752 6020 6020 4752 4752 6068 6068 4752 4752 6020 6020 4753 4753 6019 6019 4753 4753 6020 6020 4753 4753 6019 6019 6021 6021 6072 6072 6073 6073 6074 6074 6075 6075 5457 5457 5455 5455 6076 6076 6077 6077 6078 6078 6079 6079 6078 6078 6077 6077 6078 6078 6079 6079 6080 6080 6081 6081 6080 6080 6079 6079 6080 6080 6081 6081 5455 5455 6082 6082 5455 5455 6081 6081 5455 5455 6082 6082 6075 6075 6074 6074 6073 6073 6078 6078 6083 6083 6078 6078 6073 6073 6078 6078 6083 6083 6076 6076 6084 6084 1299 1299 1298 1298 1298 1298 6085 6085 6084 6084 6086 6086 6084 6084 6085 6085 6084 6084 6086 6086 6074 6074 6087 6087 6074 6074 6086 6086 6074 6074 6087 6087 6072 6072 1300 1300 1299 1299 6088 6088 6084 6084 6088 6088 1299 1299 6088 6088 6084 6084 6089 6089 6074 6074 6089 6089 6084 6084 6089 6089 6074 6074 6090 6090 6078 6078 6090 6090 6074 6074 6090 6090 6078 6078 6091 6091 6080 6080 6091 6091 6078 6078 6091 6091 6080 6080 1266 1266 5455 5455 1266 1266 6080 6080 4774 4774 2890 2890 6092 6092 6093 6093 6092 6092 2890 2890 6092 6092 6093 6093 6094 6094 6094 6094 6093 6093 6095 6095 6096 6096 6095 6095 6093 6093 6095 6095 6096 6096 6097 6097 6098 6098 6099 6099 6100 6100 6100 6100 6101 6101 6098 6098 6102 6102 6098 6098 6101 6101 6098 6098 6102 6102 6096 6096 6103 6103 6096 6096 6102 6102 6096 6096 6103 6103 6097 6097 6099 6099 6098 6098 6104 6104 6105 6105 6104 6104 6098 6098 6104 6104 6105 6105 6106 6106 6107 6107 6108 6108 6109 6109 6109 6109 6110 6110 6107 6107 6111 6111 6107 6107 6110 6110 6107 6107 6111 6111 6112 6112 6113 6113 6112 6112 6111 6111 6112 6112 6113 6113 6105 6105 6114 6114 6105 6105 6113 6113 6105 6105 6114 6114 6106 6106 1279 1279 1277 1277 6107 6107 6115 6115 6107 6107 1277 1277 6107 6107 6115 6115 6108 6108 6116 6116 2901 2901 2007 2007 6116 6116 2007 2007 6117 6117 6118 6118 6117 6117 2007 2007 6119 6119 6118 6118 2007 2007 6120 6120 6119 6119 2007 2007 6121 6121 6120 6120 2007 2007 3022 3022 6121 6121 2007 2007 3022 3022 3020 3020 6122 6122 3020 3020 3018 3018 6123 6123 3018 3018 3016 3016 6124 6124 3016 3016 3014 3014 6125 6125 3014 3014 1279 1279 6107 6107 3014 3014 6107 6107 6125 6125 6112 6112 6125 6125 6107 6107 6125 6125 6112 6112 6126 6126 6105 6105 6126 6126 6112 6112 6126 6126 6105 6105 6127 6127 6098 6098 6127 6127 6105 6105 6127 6127 6098 6098 6128 6128 6096 6096 6128 6128 6098 6098 6128 6128 6096 6096 6129 6129 6093 6093 6129 6129 6096 6096 6129 6129 6093 6093 6130 6130 2890 2890 6130 6130 6093 6093 6130 6130 2890 2890 2893 2893 3016 3016 6125 6125 6124 6124 6126 6126 6124 6124 6125 6125 6124 6124 6126 6126 6131 6131 6127 6127 6131 6131 6126 6126 6131 6131 6127 6127 6132 6132 6128 6128 6132 6132 6127 6127 6132 6132 6128 6128 6133 6133 6129 6129 6133 6133 6128 6128 6133 6133 6129 6129 6134 6134 6130 6130 6134 6134 6129 6129 6134 6134 6130 6130 6135 6135 2893 2893 6135 6135 6130 6130 6135 6135 2893 2893 2895 2895 3018 3018 6124 6124 6123 6123 6131 6131 6123 6123 6124 6124 6123 6123 6131 6131 6136 6136 6132 6132 6136 6136 6131 6131 6136 6136 6132 6132 6137 6137 6133 6133 6137 6137 6132 6132 6137 6137 6133 6133 6138 6138 6134 6134 6138 6138 6133 6133 6138 6138 6134 6134 6139 6139 6135 6135 6139 6139 6134 6134 6139 6139 6135 6135 6140 6140 2895 2895 6140 6140 6135 6135 6140 6140 2895 2895 2897 2897 3020 3020 6123 6123 6122 6122 6136 6136 6122 6122 6123 6123 6122 6122 6136 6136 6141 6141 6137 6137 6141 6141 6136 6136 6141 6141 6137 6137 6142 6142 6138 6138 6142 6142 6137 6137 6142 6142 6138 6138 6143 6143 6139 6139 6143 6143 6138 6138 6143 6143 6139 6139 6144 6144 6140 6140 6144 6144 6139 6139 6144 6144 6140 6140 6145 6145 2897 2897 6145 6145 6140 6140 6145 6145 2897 2897 2899 2899 3022 3022 6122 6122 6121 6121 6141 6141 6121 6121 6122 6122 6121 6121 6141 6141 6120 6120 6142 6142 6120 6120 6141 6141 6120 6120 6142 6142 6119 6119 6143 6143 6119 6119 6142 6142 6119 6119 6143 6143 6118 6118 6144 6144 6118 6118 6143 6143 6118 6118 6144 6144 6117 6117 6145 6145 6117 6117 6144 6144 6117 6117 6145 6145 6116 6116 2899 2899 6116 6116 6145 6145 6116 6116 2899 2899 2901 2901 1312 1312 1890 1890 2691 2691 4634 4634 2691 2691 1890 1890 2691 2691 4634 4634 2693 2693 4635 4635 2693 2693 4634 4634 2693 2693 4635 4635 2695 2695 4636 4636 2695 2695 4635 4635 2695 2695 4636 4636 2697 2697 4637 4637 2697 2697 4636 4636 2697 2697 4637 4637 2699 2699 4638 4638 2699 2699 4637 4637 2699 2699 4638 4638 167 167 1313 1313 1891 1891 1312 1312 1890 1890 1312 1312 1891 1891 1891 1891 1313 1313 2983 2983 3045 3045 2983 2983 1313 1313 2983 2983 3045 3045 2985 2985 3046 3046 2985 2985 3045 3045 2985 2985 3046 3046 2987 2987 3047 3047 2987 2987 3046 3046 2987 2987 3047 3047 2989 2989 3048 3048 2989 2989 3047 3047 2989 2989 3048 3048 2991 2991 3049 3049 2991 2991 3048 3048 2991 2991 3049 3049 2099 2099 1294 1294 1292 1292 6146 6146 1288 1288 1286 1286 6147 6147 6148 6148 6149 6149 6150 6150 6151 6151 6150 6150 6149 6149 6150 6150 6151 6151 6152 6152 6153 6153 6152 6152 6151 6151 4712 4712 4704 4704 6151 6151 6154 6154 6151 6151 4704 4704 6151 6151 6154 6154 6153 6153 4700 4700 4699 4699 6155 6155 6156 6156 6155 6155 4699 4699 6155 6155 6156 6156 6157 6157 6158 6158 6159 6159 6160 6160 6161 6161 6160 6160 6159 6159 6160 6160 6161 6161 6156 6156 6162 6162 6156 6156 6161 6161 6156 6156 6162 6162 6157 6157 6163 6163 6164 6164 6160 6160 6165 6165 6160 6160 6164 6164 6160 6160 6165 6165 6158 6158 6166 6166 6167 6167 6163 6163 6168 6168 6163 6163 6167 6167 6163 6163 6168 6168 6164 6164 6169 6169 6170 6170 6171 6171 6171 6171 6172 6172 6169 6169 6173 6173 6169 6169 6172 6172 6169 6169 6173 6173 6166 6166 6174 6174 6166 6166 6173 6173 6166 6166 6174 6174 6167 6167 6175 6175 1282 1282 6176 6176 1275 1275 6176 6176 1282 1282 6170 6170 6169 6169 6175 6175 1284 1284 6175 6175 6169 6169 6175 6175 1284 1284 1282 1282 1298 1298 1297 1297 6177 6177 6178 6178 6177 6177 1297 1297 6179 6179 6180 6180 6181 6181 6182 6182 6181 6181 6180 6180 6181 6181 6182 6182 6178 6178 6183 6183 6178 6178 6182 6182 6178 6178 6183 6183 6177 6177 6184 6184 6185 6185 6181 6181 6186 6186 6181 6181 6185 6185 6181 6181 6186 6186 6179 6179 6148 6148 6187 6187 6149 6149 6188 6188 6149 6149 6187 6187 6149 6149 6188 6188 6184 6184 6189 6189 6184 6184 6188 6188 6184 6184 6189 6189 6185 6185 1286 1286 1284 1284 6147 6147 6169 6169 6147 6147 1284 1284 6147 6147 6169 6169 6190 6190 6166 6166 6190 6190 6169 6169 6190 6190 6166 6166 6191 6191 6163 6163 6191 6191 6166 6166 6191 6191 6163 6163 6192 6192 6160 6160 6192 6192 6163 6163 6192 6192 6160 6160 6193 6193 6156 6156 6193 6193 6160 6160 6193 6193 6156 6156 4709 4709 4699 4699 4709 4709 6156 6156 1290 1290 1288 1288 6194 6194 6147 6147 6194 6194 1288 1288 6194 6194 6147 6147 6195 6195 6190 6190 6195 6195 6147 6147 6195 6195 6190 6190 6196 6196 6191 6191 6196 6196 6190 6190 6196 6196 6191 6191 6197 6197 6192 6192 6197 6197 6191 6191 6197 6197 6192 6192 6198 6198 6193 6193 6198 6198 6192 6192 6198 6198 6193 6193 4708 4708 4709 4709 4708 4708 6193 6193 1292 1292 1290 1290 6146 6146 6194 6194 6146 6146 1290 1290 6146 6146 6194 6194 6199 6199 6195 6195 6199 6199 6194 6194 6199 6199 6195 6195 6200 6200 6196 6196 6200 6200 6195 6195 6200 6200 6196 6196 6201 6201 6197 6197 6201 6201 6196 6196 6201 6201 6197 6197 6202 6202 6198 6198 6202 6202 6197 6197 6202 6202 6198 6198 4714 4714 4708 4708 4714 4714 6198 6198 1296 1296 1294 1294 6203 6203 6146 6146 6203 6203 1294 1294 6203 6203 6146 6146 6204 6204 6199 6199 6204 6204 6146 6146 6204 6204 6199 6199 6205 6205 6200 6200 6205 6205 6199 6199 6205 6205 6200 6200 6206 6206 6201 6201 6206 6206 6200 6200 6206 6206 6201 6201 6207 6207 6202 6202 6207 6207 6201 6201 6207 6207 6202 6202 4713 4713 4714 4714 4713 4713 6202 6202 1297 1297 1296 1296 6178 6178 6203 6203 6178 6178 1296 1296 6178 6178 6203 6203 6181 6181 6204 6204 6181 6181 6203 6203 6181 6181 6204 6204 6184 6184 6205 6205 6184 6184 6204 6204 6184 6184 6205 6205 6149 6149 6206 6206 6149 6149 6205 6205 6149 6149 6206 6206 6151 6151 6207 6207 6151 6151 6206 6206 6151 6151 6207 6207 4712 4712 4713 4713 4712 4712 6207 6207 1266 1266 1268 1268 6006 6006 1266 1266 6006 6006 6091 6091 6007 6007 6091 6091 6006 6006 6091 6091 6007 6007 6090 6090 6008 6008 6090 6090 6007 6007 6090 6090 6008 6008 6089 6089 6009 6009 6089 6089 6008 6008 6089 6089 6009 6009 6088 6088 1301 1301 6088 6088 6009 6009 6088 6088 1301 1301 1300 1300 6208 6208 2801 2801 4677 4677 6209 6209 6210 6210 6211 6211 6212 6212 6211 6211 6210 6210 6211 6211 6212 6212 1274 1274 6213 6213 1274 1274 6212 6212 1274 1274 6213 6213 1275 1275 6214 6214 6215 6215 6216 6216 6216 6216 6217 6217 6214 6214 6218 6218 6214 6214 6217 6217 6214 6214 6218 6218 6211 6211 6219 6219 6211 6211 6218 6218 6211 6211 6219 6219 6209 6209 6220 6220 6221 6221 6222 6222 6223 6223 6222 6222 6221 6221 6222 6222 6223 6223 6215 6215 6224 6224 6215 6215 6223 6223 6215 6215 6224 6224 6216 6216 4677 4677 6225 6225 6208 6208 6226 6226 6208 6208 6225 6225 6208 6208 6226 6226 6227 6227 6228 6228 6227 6227 6226 6226 6228 6228 6229 6229 6227 6227 6230 6230 6227 6227 6229 6229 6227 6227 6230 6230 6222 6222 6231 6231 6222 6222 6230 6230 6222 6222 6231 6231 6220 6220 6232 6232 6233 6233 6234 6234 88 88 6235 6235 6236 6236 2791 2791 6235 6235 88 88 6234 6234 6233 6233 88 88 6237 6237 88 88 6233 6233 6237 6237 6233 6233 6238 6238 6232 6232 6238 6238 6233 6233 6238 6238 6232 6232 6239 6239 6240 6240 88 88 6237 6237 6241 6241 6236 6236 6242 6242 6235 6235 6242 6242 6236 6236 6242 6242 6235 6235 6243 6243 2791 2791 6243 6243 6235 6235 6243 6243 2791 2791 2793 2793 6240 6240 6237 6237 6244 6244 6238 6238 6244 6244 6237 6237 6244 6244 6238 6238 6245 6245 6239 6239 6245 6245 6238 6238 6245 6245 6239 6239 6246 6246 2732 2732 88 88 6240 6240 6247 6247 6241 6241 6248 6248 6242 6242 6248 6248 6241 6241 6248 6248 6242 6242 6249 6249 6243 6243 6249 6249 6242 6242 6249 6249 6243 6243 6250 6250 2793 2793 6250 6250 6243 6243 6250 6250 2793 2793 2795 2795 2732 2732 6240 6240 2731 2731 6244 6244 2731 2731 6240 6240 2731 2731 6244 6244 2730 2730 6245 6245 2730 2730 6244 6244 2730 2730 6245 6245 2729 2729 6246 6246 2729 2729 6245 6245 2729 2729 6246 6246 2728 2728 6251 6251 6247 6247 6252 6252 6248 6248 6252 6252 6247 6247 6252 6252 6248 6248 6253 6253 6249 6249 6253 6253 6248 6248 6253 6253 6249 6249 6254 6254 6250 6250 6254 6254 6249 6249 6254 6254 6250 6250 6255 6255 2795 2795 6255 6255 6250 6250 6255 6255 2795 2795 2797 2797 6256 6256 6251 6251 6257 6257 6252 6252 6257 6257 6251 6251 6257 6257 6252 6252 6258 6258 6253 6253 6258 6258 6252 6252 6258 6258 6253 6253 6259 6259 6254 6254 6259 6259 6253 6253 6259 6259 6254 6254 6260 6260 6255 6255 6260 6260 6254 6254 6260 6260 6255 6255 6261 6261 2797 2797 6261 6261 6255 6255 6261 6261 2797 2797 2799 2799 1274 1274 6256 6256 6211 6211 6257 6257 6211 6211 6256 6256 6211 6211 6257 6257 6214 6214 6258 6258 6214 6214 6257 6257 6214 6214 6258 6258 6215 6215 6259 6259 6215 6215 6258 6258 6215 6215 6259 6259 6222 6222 6260 6260 6222 6222 6259 6259 6222 6222 6260 6260 6227 6227 6261 6261 6227 6227 6260 6260 6227 6227 6261 6261 6208 6208 2799 2799 6208 6208 6261 6261 6208 6208 2799 2799 2801 2801 1274 1274 2728 2728 6256 6256 6246 6246 6256 6256 2728 2728 6256 6256 6246 6246 6251 6251 6239 6239 6251 6251 6246 6246 6251 6251 6239 6239 6247 6247 6232 6232 6247 6247 6239 6239 6247 6247 6232 6232 6241 6241 6234 6234 6241 6241 6232 6232 6241 6241 6234 6234 6236 6236 88 88 6236 6236 6234 6234 6262 6262 6263 6263 6264 6264 6264 6264 6263 6263 6265 6265 6263 6263 6266 6266 6265 6265 6267 6267 6265 6265 6266 6266 6265 6265 6267 6267 5257 5257 6268 6268 5257 5257 6267 6267 5257 5257 6268 6268 5258 5258 6269 6269 6270 6270 6271 6271 6271 6271 6272 6272 6269 6269 6273 6273 6269 6269 6272 6272 6269 6269 6273 6273 6264 6264 6274 6274 6264 6264 6273 6273 6264 6264 6274 6274 6262 6262 6275 6275 6276 6276 6277 6277 6278 6278 6277 6277 6276 6276 6277 6277 6278 6278 6270 6270 6279 6279 6270 6270 6278 6278 6270 6270 6279 6279 6271 6271 6280 6280 6281 6281 6282 6282 6283 6283 6282 6282 6281 6281 6282 6282 6283 6283 6275 6275 6284 6284 6275 6275 6283 6283 6275 6275 6284 6284 6276 6276 6280 6280 6282 6282 6285 6285 5291 5291 6285 6285 6282 6282 6285 6285 5291 5291 5292 5292 5294 5294 5293 5293 6286 6286 5294 5294 6286 6286 6287 6287 6288 6288 6287 6287 6286 6286 6287 6287 6288 6288 6289 6289 6290 6290 6291 6291 6292 6292 6292 6292 6293 6293 6290 6290 6294 6294 6290 6290 6293 6293 6290 6290 6294 6294 6288 6288 6295 6295 6288 6288 6294 6294 6288 6288 6295 6295 6289 6289 6296 6296 6297 6297 6298 6298 6298 6298 6299 6299 6296 6296 6300 6300 6296 6296 6299 6299 6296 6296 6300 6300 6291 6291 6301 6301 6291 6291 6300 6300 6291 6291 6301 6301 6292 6292 6302 6302 5299 5299 5300 5300 5300 5300 6303 6303 6302 6302 6304 6304 6302 6302 6303 6303 6302 6302 6304 6304 6297 6297 6305 6305 6297 6297 6304 6304 6297 6297 6305 6305 6298 6298 5264 5264 5263 5263 6306 6306 5264 5264 6306 6306 6307 6307 6308 6308 6307 6307 6306 6306 6307 6307 6308 6308 6309 6309 6310 6310 6311 6311 6312 6312 6312 6312 6313 6313 6310 6310 6314 6314 6310 6310 6313 6313 6310 6310 6314 6314 6308 6308 6315 6315 6308 6308 6314 6314 6308 6308 6315 6315 6309 6309 6316 6316 6317 6317 6318 6318 6318 6318 6319 6319 6316 6316 6320 6320 6316 6316 6319 6319 6316 6316 6320 6320 6311 6311 6321 6321 6311 6311 6320 6320 6311 6311 6321 6321 6312 6312 6322 6322 5261 5261 5262 5262 5262 5262 6323 6323 6322 6322 6324 6324 6322 6322 6323 6323 6322 6322 6324 6324 6317 6317 6325 6325 6317 6317 6324 6324 6317 6317 6325 6325 6318 6318 6326 6326 6327 6327 6328 6328 6327 6327 6326 6326 6329 6329 6326 6326 6330 6330 6329 6329 6331 6331 6329 6329 6330 6330 6329 6329 6331 6331 5297 5297 6331 6331 5297 5297 6331 6331 5297 5297 6331 6331 5298 5298 6332 6332 6333 6333 6334 6334 6335 6335 6334 6334 6333 6333 6334 6334 6335 6335 6328 6328 6336 6336 6328 6328 6335 6335 6328 6328 6336 6336 6326 6326 6337 6337 6337 6337 6332 6332 6338 6338 6332 6332 6337 6337 6332 6332 6338 6338 6333 6333 6332 6332 6339 6339 6337 6337 6340 6340 6337 6337 6339 6339 6337 6337 6340 6340 6341 6341 5269 5269 6341 6341 6340 6340 6341 6341 5269 5269 5268 5268 5260 5260 5259 5259 6342 6342 6343 6343 6342 6342 5259 5259 6342 6342 6343 6343 6342 6342 6342 6342 6343 6343 6344 6344 6345 6345 6344 6344 6343 6343 6344 6344 6345 6345 6346 6346 6347 6347 6346 6346 6345 6345 6346 6346 6347 6347 6348 6348 6348 6348 6347 6347 6349 6349 6350 6350 6349 6349 6347 6347 6349 6349 6350 6350 6351 6351 6352 6352 6351 6351 6350 6350 6351 6351 6352 6352 6353 6353 6353 6353 6352 6352 6354 6354 6355 6355 6354 6354 6352 6352 6354 6354 6355 6355 6354 6354 6356 6356 6354 6354 6355 6355 6354 6354 6356 6356 6357 6357 5295 5295 6357 6357 6356 6356 6357 6357 5295 5295 5296 5296 6358 6358 6359 6359 6360 6360 6361 6361 6360 6360 6359 6359 6360 6360 6361 6361 6362 6362 6363 6363 6362 6362 6361 6361 6362 6362 6363 6363 5289 5289 6364 6364 5289 5289 6363 6363 5289 5289 6364 6364 5290 5290 6365 6365 6366 6366 6367 6367 6368 6368 6367 6367 6366 6366 6367 6367 6368 6368 6360 6360 6369 6369 6360 6360 6368 6368 6360 6360 6369 6369 6358 6358 6367 6367 6370 6370 6365 6365 6371 6371 6365 6365 6370 6370 6365 6365 6371 6371 6372 6372 6373 6373 6372 6372 6371 6371 6372 6372 6373 6373 6374 6374 6375 6375 6374 6374 6373 6373 6374 6374 6375 6375 6376 6376 5265 5265 6376 6376 6375 6375 6376 6376 5265 5265 5266 5266 6377 6377 6378 6378 6379 6379 6380 6380 5266 5266 5264 5264 5264 5264 6381 6381 6380 6380 6382 6382 6380 6380 6381 6381 6380 6380 6382 6382 6383 6383 6379 6379 6378 6378 6384 6384 6385 6385 6384 6384 6378 6378 6384 6384 6385 6385 6386 6386 6382 6382 6387 6387 6383 6383 6388 6388 6383 6383 6387 6387 6383 6383 6388 6388 6389 6389 6390 6390 6389 6389 6388 6388 6389 6389 6390 6390 6391 6391 6392 6392 6391 6391 6390 6390 6391 6391 6392 6392 6393 6393 6394 6394 6393 6393 6392 6392 6393 6393 6394 6394 6395 6395 6386 6386 6395 6395 6394 6394 6395 6395 6386 6386 6396 6396 6385 6385 6396 6396 6386 6386 6377 6377 6379 6379 2415 2415 6397 6397 2415 2415 6379 6379 2415 2415 6397 6397 2416 2416 6323 6323 5262 5262 6398 6398 6399 6399 6398 6398 5262 5262 6398 6398 6399 6399 6400 6400 6401 6401 6400 6400 6399 6399 6400 6400 6401 6401 6402 6402 6403 6403 6402 6402 6401 6401 6402 6402 6403 6403 6404 6404 6405 6405 6404 6404 6403 6403 6404 6404 6405 6405 6406 6406 6407 6407 6406 6406 6405 6405 6406 6406 6407 6407 6408 6408 6409 6409 6408 6408 6407 6407 6408 6408 6409 6409 2425 2425 2426 2426 2425 2425 6409 6409 2425 2425 2424 2424 6408 6408 6410 6410 6408 6408 2424 2424 6408 6408 6410 6410 6406 6406 6411 6411 6406 6406 6410 6410 6406 6406 6411 6411 6404 6404 6412 6412 6404 6404 6411 6411 6404 6404 6412 6412 6402 6402 6413 6413 6402 6402 6412 6412 6402 6402 6413 6413 6400 6400 6414 6414 6400 6400 6413 6413 6400 6400 6414 6414 6398 6398 6415 6415 6398 6398 6414 6414 2424 2424 2408 2408 6410 6410 6416 6416 6410 6410 2408 2408 6410 6410 6416 6416 6411 6411 6417 6417 6411 6411 6416 6416 6411 6411 6417 6417 6412 6412 6418 6418 6412 6412 6417 6417 6412 6412 6418 6418 6413 6413 6419 6419 6413 6413 6418 6418 6413 6413 6419 6419 6414 6414 6420 6420 6414 6414 6419 6419 6414 6414 6420 6420 6415 6415 6421 6421 6415 6415 6420 6420 6415 6415 6421 6421 6319 6319 6319 6319 6318 6318 6415 6415 6325 6325 6415 6415 6318 6318 6415 6415 6325 6325 6398 6398 6324 6324 6398 6398 6325 6325 6398 6398 6324 6324 6323 6323 2408 2408 2407 2407 6416 6416 6422 6422 6416 6416 2407 2407 6416 6416 6422 6422 6417 6417 6423 6423 6417 6417 6422 6422 6417 6417 6423 6423 6418 6418 6424 6424 6418 6418 6423 6423 6418 6418 6424 6424 6419 6419 6425 6425 6419 6419 6424 6424 6419 6419 6425 6425 6420 6420 6426 6426 6420 6420 6425 6425 6420 6420 6426 6426 6421 6421 6427 6427 6421 6421 6426 6426 2407 2407 2423 2423 6422 6422 6428 6428 6422 6422 2423 2423 6422 6422 6428 6428 6423 6423 6429 6429 6423 6423 6428 6428 6423 6423 6429 6429 6424 6424 6430 6430 6424 6424 6429 6429 6424 6424 6430 6430 6425 6425 6431 6431 6425 6425 6430 6430 6425 6425 6431 6431 6426 6426 6432 6432 6426 6426 6431 6431 6426 6426 6432 6432 6427 6427 6433 6433 6427 6427 6432 6432 6427 6427 6433 6433 6313 6313 6313 6313 6312 6312 6427 6427 6321 6321 6427 6427 6312 6312 6427 6427 6321 6321 6421 6421 6320 6320 6421 6421 6321 6321 6421 6421 6320 6320 6319 6319 2423 2423 2422 2422 6428 6428 6434 6434 6428 6428 2422 2422 6428 6428 6434 6434 6429 6429 6435 6435 6429 6429 6434 6434 6429 6429 6435 6435 6430 6430 6436 6436 6430 6430 6435 6435 6430 6430 6436 6436 6431 6431 6437 6437 6431 6431 6436 6436 6431 6431 6437 6437 6432 6432 6438 6438 6432 6432 6437 6437 6432 6432 6438 6438 6433 6433 6439 6439 6433 6433 6438 6438 6307 6307 6309 6309 6439 6439 6315 6315 6439 6439 6309 6309 6439 6439 6315 6315 6433 6433 6314 6314 6433 6433 6315 6315 6433 6433 6314 6314 6313 6313 6440 6440 2421 2421 2416 2416 2416 2416 6397 6397 6440 6440 6379 6379 6440 6440 6397 6397 6440 6440 6379 6379 6441 6441 6379 6379 6384 6384 6441 6441 6386 6386 6441 6441 6384 6384 6441 6441 6386 6386 6442 6442 6386 6386 6394 6394 6442 6442 6392 6392 6442 6442 6394 6394 6442 6442 6392 6392 6443 6443 6392 6392 6390 6390 6443 6443 6388 6388 6443 6443 6390 6390 6443 6443 6388 6388 6444 6444 6387 6387 6444 6444 6388 6388 6444 6444 6387 6387 6445 6445 6382 6382 6445 6445 6387 6387 6445 6445 6382 6382 6381 6381 2422 2422 2421 2421 6434 6434 6440 6440 6434 6434 2421 2421 6434 6434 6440 6440 6435 6435 6441 6441 6435 6435 6440 6440 6435 6435 6441 6441 6436 6436 6442 6442 6436 6436 6441 6441 6436 6436 6442 6442 6437 6437 6443 6443 6437 6437 6442 6442 6437 6437 6443 6443 6438 6438 6444 6444 6438 6438 6443 6443 6438 6438 6444 6444 6439 6439 6445 6445 6439 6439 6444 6444 6439 6439 6445 6445 6307 6307 6381 6381 6307 6307 6445 6445 6307 6307 6381 6381 5264 5264 6303 6303 5300 5300 6446 6446 6447 6447 6446 6446 5300 5300 6446 6446 6447 6447 6448 6448 6449 6449 6448 6448 6447 6447 6448 6448 6449 6449 6450 6450 6451 6451 6450 6450 6449 6449 6450 6450 6451 6451 6452 6452 6453 6453 6452 6452 6451 6451 6452 6452 6453 6453 6454 6454 6455 6455 6454 6454 6453 6453 6454 6454 6455 6455 6456 6456 6457 6457 6456 6456 6455 6455 6456 6456 6457 6457 2413 2413 2404 2404 2413 2413 6457 6457 2413 2413 2412 2412 6456 6456 6458 6458 6456 6456 2412 2412 6456 6456 6458 6458 6454 6454 6459 6459 6454 6454 6458 6458 6454 6454 6459 6459 6452 6452 6460 6460 6452 6452 6459 6459 6452 6452 6460 6460 6450 6450 6461 6461 6450 6450 6460 6460 6450 6450 6461 6461 6448 6448 6462 6462 6448 6448 6461 6461 6448 6448 6462 6462 6446 6446 6463 6463 6446 6446 6462 6462 2412 2412 2411 2411 6458 6458 6464 6464 6458 6458 2411 2411 6458 6458 6464 6464 6459 6459 6465 6465 6459 6459 6464 6464 6459 6459 6465 6465 6460 6460 6466 6466 6460 6460 6465 6465 6460 6460 6466 6466 6461 6461 6467 6467 6461 6461 6466 6466 6461 6461 6467 6467 6462 6462 6468 6468 6462 6462 6467 6467 6462 6462 6468 6468 6463 6463 6469 6469 6463 6463 6468 6468 6463 6463 6469 6469 6299 6299 6299 6299 6298 6298 6463 6463 6305 6305 6463 6463 6298 6298 6463 6463 6305 6305 6446 6446 6304 6304 6446 6446 6305 6305 6446 6446 6304 6304 6303 6303 2411 2411 2410 2410 6464 6464 6470 6470 6464 6464 2410 2410 6464 6464 6470 6470 6465 6465 6471 6471 6465 6465 6470 6470 6465 6465 6471 6471 6466 6466 6472 6472 6466 6466 6471 6471 6466 6466 6472 6472 6467 6467 6473 6473 6467 6467 6472 6472 6467 6467 6473 6473 6468 6468 6474 6474 6468 6468 6473 6473 6468 6468 6474 6474 6469 6469 6475 6475 6469 6469 6474 6474 2410 2410 2420 2420 6470 6470 6476 6476 6470 6470 2420 2420 6470 6470 6476 6476 6471 6471 6477 6477 6471 6471 6476 6476 6471 6471 6477 6477 6472 6472 6478 6478 6472 6472 6477 6477 6472 6472 6478 6478 6473 6473 6479 6479 6473 6473 6478 6478 6473 6473 6479 6479 6474 6474 6480 6480 6474 6474 6479 6479 6474 6474 6480 6480 6475 6475 6481 6481 6475 6475 6480 6480 6475 6475 6481 6481 6293 6293 6293 6293 6292 6292 6475 6475 6301 6301 6475 6475 6292 6292 6475 6475 6301 6301 6469 6469 6300 6300 6469 6469 6301 6301 6469 6469 6300 6300 6299 6299 2420 2420 2419 2419 6476 6476 6482 6482 6476 6476 2419 2419 6476 6476 6482 6482 6477 6477 6483 6483 6477 6477 6482 6482 6477 6477 6483 6483 6478 6478 6484 6484 6478 6478 6483 6483 6478 6478 6484 6484 6479 6479 6485 6485 6479 6479 6484 6484 6479 6479 6485 6485 6480 6480 6486 6486 6480 6480 6485 6485 6480 6480 6486 6486 6481 6481 6487 6487 6481 6481 6486 6486 6287 6287 6289 6289 6487 6487 6295 6295 6487 6487 6289 6289 6487 6487 6295 6295 6481 6481 6294 6294 6481 6481 6295 6295 6481 6481 6294 6294 6293 6293 6488 6488 2418 2418 2417 2417 2417 2417 6489 6489 6488 6488 6490 6490 6488 6488 6489 6489 6488 6488 6490 6490 6491 6491 6490 6490 6492 6492 6491 6491 6493 6493 6491 6491 6492 6492 6491 6491 6493 6493 6494 6494 6493 6493 6495 6495 6494 6494 6496 6496 6494 6494 6495 6495 6494 6494 6496 6496 6497 6497 6496 6496 6498 6498 6497 6497 6499 6499 6497 6497 6498 6498 6497 6497 6499 6499 6500 6500 6501 6501 6500 6500 6499 6499 6500 6500 6501 6501 6502 6502 6503 6503 6502 6502 6501 6501 6502 6502 6503 6503 6504 6504 2419 2419 2418 2418 6482 6482 6488 6488 6482 6482 2418 2418 6482 6482 6488 6488 6483 6483 6491 6491 6483 6483 6488 6488 6483 6483 6491 6491 6484 6484 6494 6494 6484 6484 6491 6491 6484 6484 6494 6494 6485 6485 6497 6497 6485 6485 6494 6494 6485 6485 6497 6497 6486 6486 6500 6500 6486 6486 6497 6497 6486 6486 6500 6500 6487 6487 6502 6502 6487 6487 6500 6500 6487 6487 6502 6502 6287 6287 6504 6504 6287 6287 6502 6502 6287 6287 6504 6504 5294 5294 5302 5302 5301 5301 6505 6505 6506 6506 5313 5313 2178 2178 6507 6507 6507 6507 5278 5278 5273 5273 5278 5278 6507 6507 6508 6508 6509 6509 6510 6510 6510 6510 6510 6510 6509 6509 6510 6510 6510 6510 6507 6507 6511 6511 6507 6507 6510 6510 6507 6507 6511 6511 6507 6507 6512 6512 6513 6513 6508 6508 6508 6508 6508 6508 6513 6513 6508 6508 6508 6508 6509 6509 2178 2178 6514 6514 6506 6506 6515 6515 6506 6506 6514 6514 6506 6506 6515 6515 6512 6512 6512 6512 6512 6512 6515 6515 6512 6512 6512 6512 6513 6513 5301 5301 5313 5313 6505 6505 6506 6506 6505 6505 5313 5313 6505 6505 6506 6506 6516 6516 6512 6512 6516 6516 6506 6506 6516 6516 6512 6512 6517 6517 6508 6508 6517 6517 6512 6512 6517 6517 6508 6508 6518 6518 6510 6510 6518 6518 6508 6508 6518 6518 6510 6510 6519 6519 6507 6507 6519 6519 6510 6510 6519 6519 6507 6507 5283 5283 5278 5278 5283 5283 6507 6507 5310 5310 5302 5302 6520 6520 6505 6505 6520 6520 5302 5302 6520 6520 6505 6505 6521 6521 6516 6516 6521 6521 6505 6505 6521 6521 6516 6516 6522 6522 6517 6517 6522 6522 6516 6516 6522 6522 6517 6517 6523 6523 6518 6518 6523 6523 6517 6517 6523 6523 6518 6518 6524 6524 6519 6519 6524 6524 6518 6518 6524 6524 6519 6519 5282 5282 5283 5283 5282 5282 6519 6519 5282 5282 5281 5281 6524 6524 6525 6525 6524 6524 5281 5281 6524 6524 6525 6525 6523 6523 6526 6526 6523 6523 6525 6525 6523 6523 6526 6526 6522 6522 6527 6527 6522 6522 6526 6526 6522 6522 6527 6527 6521 6521 6528 6528 6521 6521 6527 6527 6521 6521 6528 6528 6520 6520 6529 6529 6520 6520 6528 6528 6529 6529 5312 5312 6520 6520 5311 5311 6520 6520 5312 5312 6520 6520 5311 5311 5310 5310 5281 5281 5279 5279 6525 6525 6530 6530 6525 6525 5279 5279 6525 6525 6530 6530 6526 6526 6531 6531 6526 6526 6530 6530 6526 6526 6531 6531 6527 6527 6532 6532 6527 6527 6531 6531 6527 6527 6532 6532 6528 6528 6533 6533 6528 6528 6532 6532 6528 6528 6533 6533 6529 6529 6534 6534 6529 6529 6533 6533 5309 5309 5308 5308 6534 6534 5307 5307 6534 6534 5308 5308 6534 6534 5307 5307 6529 6529 5306 5306 6529 6529 5307 5307 6529 6529 5306 5306 5312 5312 5277 5277 5276 5276 6535 6535 6536 6536 6535 6535 5276 5276 6535 6535 6536 6536 6537 6537 6538 6538 6537 6537 6536 6536 6537 6537 6538 6538 6539 6539 6540 6540 6539 6539 6538 6538 6539 6539 6540 6540 6541 6541 6542 6542 6541 6541 6540 6540 6541 6541 6542 6542 6543 6543 6544 6544 6543 6543 6542 6542 5279 5279 5277 5277 6530 6530 6535 6535 6530 6530 5277 5277 6530 6530 6535 6535 6531 6531 6537 6537 6531 6531 6535 6535 6531 6531 6537 6537 6532 6532 6539 6539 6532 6532 6537 6537 6532 6532 6539 6539 6533 6533 6541 6541 6533 6533 6539 6539 6533 6533 6541 6541 6534 6534 6543 6543 6534 6534 6541 6541 6534 6534 6543 6543 5309 5309 6544 6544 5309 5309 6543 6543 5305 5305 5304 5304 6544 6544 5303 5303 6544 6544 5304 5304 6544 6544 5303 5303 5309 5309 5274 5274 6545 6545 5275 5275 6546 6546 5275 5275 6545 6545 6545 6545 6547 6547 6546 6546 6548 6548 6546 6546 6547 6547 6546 6546 6548 6548 6549 6549 6548 6548 6550 6550 6549 6549 6551 6551 6549 6549 6550 6550 6549 6549 6551 6551 6552 6552 6551 6551 6553 6553 6552 6552 6554 6554 6552 6552 6553 6553 6552 6552 6554 6554 6555 6555 6554 6554 6556 6556 6555 6555 6557 6557 6555 6555 6556 6556 6555 6555 6557 6557 6558 6558 6559 6559 6558 6558 6557 6557 6558 6558 6559 6559 6560 6560 5276 5276 5275 5275 6536 6536 6546 6546 6536 6536 5275 5275 6536 6536 6546 6546 6538 6538 6549 6549 6538 6538 6546 6546 6538 6538 6549 6549 6540 6540 6552 6552 6540 6540 6549 6549 6540 6540 6552 6552 6542 6542 6555 6555 6542 6542 6552 6552 6542 6542 6555 6555 6544 6544 6558 6558 6544 6544 6555 6555 6544 6544 6558 6558 5305 5305 6560 6560 5305 5305 6558 6558 5305 5305 6560 6560 2431 2431 6561 6561 6562 6562 6563 6563 6564 6564 6563 6563 6562 6562 6563 6563 6564 6564 6565 6565 2451 2451 2450 2450 6566 6566 6563 6563 6566 6566 2450 2450 6566 6566 6563 6563 6567 6567 6565 6565 6567 6567 6563 6563 6568 6568 6569 6569 6563 6563 6570 6570 6563 6563 6569 6569 6563 6563 6570 6570 6571 6571 6571 6571 6572 6572 6563 6563 6573 6573 6563 6563 6572 6572 6563 6563 6573 6573 6561 6561 6563 6563 6574 6574 6568 6568 6575 6575 6568 6568 6574 6574 6568 6568 6575 6575 6576 6576 6575 6575 6577 6577 6576 6576 6578 6578 6576 6576 6577 6577 6576 6576 6578 6578 6579 6579 6580 6580 6579 6579 6578 6578 6579 6579 6580 6580 6581 6581 6582 6582 6581 6581 6580 6580 6581 6581 6582 6582 6583 6583 6584 6584 6583 6583 6582 6582 6583 6583 6584 6584 6585 6585 6586 6586 6585 6585 6584 6584 6585 6585 6586 6586 6587 6587 6587 6587 6586 6586 6588 6588 5257 5257 6588 6588 6586 6586 6588 6588 5257 5257 5253 5253 5257 5257 6586 6586 6589 6589 6590 6590 6591 6591 6592 6592 6593 6593 6594 6594 6595 6595 6563 6563 2450 2450 2449 2449 6563 6563 2449 2449 6594 6594 2448 2448 6594 6594 2449 2449 6594 6594 2448 2448 6595 6595 2446 2446 6595 6595 2448 2448 6595 6595 2446 2446 6596 6596 2445 2445 6596 6596 2446 2446 6596 6596 2445 2445 6597 6597 2442 2442 6597 6597 2445 2445 6597 6597 2442 2442 6598 6598 2443 2443 6598 6598 2442 2442 6598 6598 2443 2443 6599 6599 2444 2444 6599 6599 2443 2443 6599 6599 2444 2444 6600 6600 2460 2460 6600 6600 2444 2444 6600 6600 2460 2460 6601 6601 6593 6593 6595 6595 6602 6602 6596 6596 6602 6602 6595 6595 6602 6602 6596 6596 6603 6603 6597 6597 6603 6603 6596 6596 6603 6603 6597 6597 6604 6604 6598 6598 6604 6604 6597 6597 6604 6604 6598 6598 6605 6605 6599 6599 6605 6605 6598 6598 6605 6605 6599 6599 6606 6606 6600 6600 6606 6606 6599 6599 6606 6606 6600 6600 6607 6607 6601 6601 6607 6607 6600 6600 6607 6607 6601 6601 6608 6608 6578 6578 6577 6577 6593 6593 6575 6575 6593 6593 6577 6577 6593 6593 6575 6575 6594 6594 6574 6574 6594 6594 6575 6575 6594 6594 6574 6574 6563 6563 6578 6578 6593 6593 6591 6591 6602 6602 6591 6591 6593 6593 6591 6591 6602 6602 6592 6592 6603 6603 6592 6592 6602 6602 6592 6592 6603 6603 6609 6609 6604 6604 6609 6609 6603 6603 6609 6609 6604 6604 6610 6610 6605 6605 6610 6610 6604 6604 6610 6610 6605 6605 6611 6611 6606 6606 6611 6611 6605 6605 6611 6611 6606 6606 6612 6612 6607 6607 6612 6612 6606 6606 6612 6612 6607 6607 6613 6613 6608 6608 6613 6613 6607 6607 6613 6613 6608 6608 6614 6614 6590 6590 6592 6592 6615 6615 6609 6609 6615 6615 6592 6592 6615 6615 6609 6609 6616 6616 6610 6610 6616 6616 6609 6609 6616 6616 6610 6610 6617 6617 6611 6611 6617 6617 6610 6610 6617 6617 6611 6611 6618 6618 6612 6612 6618 6618 6611 6611 6618 6618 6612 6612 6619 6619 6613 6613 6619 6619 6612 6612 6619 6619 6613 6613 6620 6620 6614 6614 6620 6620 6613 6613 6620 6620 6614 6614 6621 6621 6586 6586 6584 6584 6590 6590 6582 6582 6590 6590 6584 6584 6590 6590 6582 6582 6591 6591 6580 6580 6591 6591 6582 6582 6591 6591 6580 6580 6578 6578 6586 6586 6590 6590 6589 6589 6615 6615 6589 6589 6590 6590 6589 6589 6615 6615 6622 6622 6616 6616 6622 6622 6615 6615 6622 6622 6616 6616 6623 6623 6617 6617 6623 6623 6616 6616 6623 6623 6617 6617 6624 6624 6618 6618 6624 6624 6617 6617 6624 6624 6618 6618 6625 6625 6619 6619 6625 6625 6618 6618 6625 6625 6619 6619 6626 6626 6620 6620 6626 6626 6619 6619 6626 6626 6620 6620 6627 6627 6621 6621 6627 6627 6620 6620 6627 6627 6621 6621 6628 6628 5257 5257 6589 6589 6265 6265 6622 6622 6265 6265 6589 6589 6265 6265 6622 6622 6264 6264 6623 6623 6264 6264 6622 6622 6264 6264 6623 6623 6269 6269 6624 6624 6269 6269 6623 6623 6269 6269 6624 6624 6270 6270 6625 6625 6270 6270 6624 6624 6270 6270 6625 6625 6277 6277 6626 6626 6277 6277 6625 6625 6277 6277 6626 6626 6275 6275 6627 6627 6275 6275 6626 6626 6275 6275 6627 6627 6282 6282 6628 6628 6282 6282 6627 6627 6282 6282 6628 6628 5291 5291 2460 2460 2461 2461 6629 6629 2460 2460 6629 6629 6601 6601 6630 6630 6601 6601 6629 6629 6601 6601 6630 6630 6608 6608 6631 6631 6608 6608 6630 6630 6608 6608 6631 6631 6614 6614 6632 6632 6614 6614 6631 6631 6614 6614 6632 6632 6621 6621 6633 6633 6621 6621 6632 6632 6621 6621 6633 6633 6628 6628 5289 5289 6628 6628 6633 6633 6628 6628 5289 5289 5291 5291 6634 6634 6629 6629 2461 2461 6634 6634 2461 2461 6635 6635 6636 6636 6635 6635 2461 2461 6637 6637 6636 6636 2461 2461 6638 6638 6637 6637 2461 2461 6639 6639 6638 6638 2461 2461 6640 6640 6641 6641 6642 6642 6643 6643 6644 6644 6645 6645 6644 6644 5265 5265 6375 6375 6644 6644 6375 6375 6645 6645 6373 6373 6645 6645 6375 6375 6645 6645 6373 6373 6646 6646 6371 6371 6646 6646 6373 6373 6646 6646 6371 6371 6647 6647 6370 6370 6647 6647 6371 6371 6647 6647 6370 6370 6648 6648 6367 6367 6648 6648 6370 6370 6648 6648 6367 6367 6649 6649 6360 6360 6649 6649 6367 6367 6649 6649 6360 6360 6650 6650 6362 6362 6650 6650 6360 6360 6650 6650 6362 6362 6651 6651 5289 5289 6651 6651 6362 6362 6651 6651 5289 5289 6633 6633 6643 6643 6645 6645 6652 6652 6646 6646 6652 6652 6645 6645 6652 6652 6646 6646 6653 6653 6647 6647 6653 6653 6646 6646 6653 6653 6647 6647 6654 6654 6648 6648 6654 6654 6647 6647 6654 6654 6648 6648 6655 6655 6649 6649 6655 6655 6648 6648 6655 6655 6649 6649 6656 6656 6650 6650 6656 6656 6649 6649 6656 6656 6650 6650 6657 6657 6651 6651 6657 6657 6650 6650 6657 6657 6651 6651 6658 6658 6633 6633 6658 6658 6651 6651 6658 6658 6633 6633 6632 6632 6641 6641 6659 6659 6652 6652 6660 6660 6652 6652 6659 6659 6652 6652 6660 6660 6643 6643 6641 6641 6652 6652 6642 6642 6653 6653 6642 6642 6652 6652 6642 6642 6653 6653 6661 6661 6654 6654 6661 6661 6653 6653 6661 6661 6654 6654 6662 6662 6655 6655 6662 6662 6654 6654 6662 6662 6655 6655 6663 6663 6656 6656 6663 6663 6655 6655 6663 6663 6656 6656 6664 6664 6657 6657 6664 6664 6656 6656 6664 6664 6657 6657 6665 6665 6658 6658 6665 6665 6657 6657 6665 6665 6658 6658 6666 6666 6632 6632 6666 6666 6658 6658 6666 6666 6632 6632 6631 6631 6667 6667 6668 6668 6669 6669 6640 6640 6669 6669 6668 6668 6640 6640 6642 6642 6669 6669 6661 6661 6669 6669 6642 6642 6669 6669 6661 6661 6670 6670 6662 6662 6670 6670 6661 6661 6670 6670 6662 6662 6671 6671 6663 6663 6671 6671 6662 6662 6671 6671 6663 6663 6672 6672 6664 6664 6672 6672 6663 6663 6672 6672 6664 6664 6673 6673 6665 6665 6673 6673 6664 6664 6673 6673 6665 6665 6674 6674 6666 6666 6674 6674 6665 6665 6674 6674 6666 6666 6675 6675 6631 6631 6675 6675 6666 6666 6675 6675 6631 6631 6630 6630 2461 2461 6676 6676 6677 6677 6667 6667 6677 6677 6676 6676 6639 6639 2461 2461 6677 6677 6667 6667 6669 6669 6677 6677 6670 6670 6677 6677 6669 6669 6677 6677 6670 6670 6639 6639 6671 6671 6639 6639 6670 6670 6639 6639 6671 6671 6638 6638 6672 6672 6638 6638 6671 6671 6638 6638 6672 6672 6637 6637 6673 6673 6637 6637 6672 6672 6637 6637 6673 6673 6636 6636 6674 6674 6636 6636 6673 6673 6636 6636 6674 6674 6635 6635 6675 6675 6635 6635 6674 6674 6635 6635 6675 6675 6634 6634 6630 6630 6634 6634 6675 6675 6634 6634 6630 6630 6629 6629 5263 5263 5265 5265 6644 6644 5263 5263 6644 6644 6678 6678 6643 6643 6678 6678 6644 6644 6678 6678 6643 6643 6679 6679 6660 6660 6679 6679 6643 6643 6679 6679 6660 6660 6680 6680 6660 6660 6659 6659 6680 6680 6641 6641 6680 6680 6659 6659 6680 6680 6641 6641 6681 6681 6640 6640 6681 6681 6641 6641 6681 6681 6640 6640 6682 6682 6668 6668 6682 6682 6640 6640 6668 6668 6667 6667 6682 6682 6676 6676 6682 6682 6667 6667 6682 6682 6676 6676 6683 6683 2461 2461 6683 6683 6676 6676 6683 6683 2461 2461 2459 2459 5263 5263 6678 6678 6684 6684 6685 6685 6686 6686 6687 6687 6678 6678 6679 6679 6688 6688 6679 6679 6680 6680 6689 6689 6680 6680 6681 6681 6690 6690 6682 6682 6683 6683 6691 6691 2455 2455 6692 6692 2437 2437 6693 6693 2437 2437 6692 6692 2437 2437 6693 6693 2438 2438 6694 6694 2438 2438 6693 6693 2438 2438 6694 6694 2439 2439 6695 6695 2439 2439 6694 6694 2439 2439 6695 6695 2440 2440 6696 6696 2440 2440 6695 6695 2440 2440 6696 6696 2441 2441 6697 6697 2441 2441 6696 6696 2441 2441 6697 6697 2457 2457 6691 6691 2457 2457 6697 6697 2457 2457 6691 6691 2458 2458 6683 6683 2458 2458 6691 6691 2458 2458 6683 6683 2459 2459 6682 6682 6691 6691 6698 6698 6697 6697 6698 6698 6691 6691 6698 6698 6697 6697 6699 6699 6696 6696 6699 6699 6697 6697 6699 6699 6696 6696 6700 6700 6695 6695 6700 6700 6696 6696 6700 6700 6695 6695 6701 6701 6694 6694 6701 6701 6695 6695 6701 6701 6694 6694 6702 6702 6693 6693 6702 6702 6694 6694 6702 6702 6693 6693 6703 6703 6692 6692 6703 6703 6693 6693 6703 6703 6692 6692 6704 6704 2455 2455 6705 6705 6692 6692 6706 6706 6692 6692 6705 6705 6692 6692 6706 6706 6704 6704 6707 6707 6704 6704 6706 6706 6704 6704 6707 6707 6708 6708 6708 6708 6709 6709 6704 6704 6710 6710 6704 6704 6709 6709 6704 6704 6710 6710 6703 6703 6711 6711 6703 6703 6710 6710 6703 6703 6711 6711 6702 6702 6712 6712 6702 6702 6711 6711 6702 6702 6712 6712 6701 6701 6713 6713 6701 6701 6712 6712 6701 6701 6713 6713 6700 6700 6714 6714 6700 6700 6713 6713 6700 6700 6714 6714 6699 6699 6690 6690 6699 6699 6714 6714 6699 6699 6690 6690 6698 6698 6681 6681 6698 6698 6690 6690 6698 6698 6681 6681 6682 6682 6680 6680 6690 6690 6689 6689 6714 6714 6689 6689 6690 6690 6689 6689 6714 6714 6715 6715 6713 6713 6715 6715 6714 6714 6715 6715 6713 6713 6716 6716 6712 6712 6716 6716 6713 6713 6716 6716 6712 6712 6717 6717 6711 6711 6717 6717 6712 6712 6717 6717 6711 6711 6718 6718 6710 6710 6718 6718 6711 6711 6718 6718 6710 6710 6719 6719 6709 6709 6719 6719 6710 6710 6719 6719 6709 6709 6720 6720 6708 6708 6721 6721 6709 6709 6722 6722 6709 6709 6721 6721 6709 6709 6722 6722 6720 6720 6723 6723 6720 6720 6722 6722 6720 6720 6723 6723 6724 6724 6679 6679 6689 6689 6688 6688 6715 6715 6688 6688 6689 6689 6688 6688 6715 6715 6725 6725 6716 6716 6725 6725 6715 6715 6725 6725 6716 6716 6726 6726 6717 6717 6726 6726 6716 6716 6726 6726 6717 6717 6727 6727 6718 6718 6727 6727 6717 6717 6727 6727 6718 6718 6728 6728 6719 6719 6728 6728 6718 6718 6728 6728 6719 6719 6729 6729 6720 6720 6729 6729 6719 6719 6729 6729 6720 6720 6730 6730 6724 6724 6730 6730 6720 6720 6730 6730 6724 6724 6731 6731 6678 6678 6688 6688 6684 6684 6725 6725 6684 6684 6688 6688 6684 6684 6725 6725 6732 6732 6726 6726 6732 6732 6725 6725 6732 6732 6726 6726 6733 6733 6727 6727 6733 6733 6726 6726 6733 6733 6727 6727 6734 6734 6728 6728 6734 6734 6727 6727 6734 6734 6728 6728 6735 6735 6729 6729 6735 6735 6728 6728 6735 6735 6729 6729 6736 6736 6730 6730 6736 6736 6729 6729 6736 6736 6730 6730 6687 6687 6731 6731 6687 6687 6730 6730 6687 6687 6731 6731 6685 6685 5263 5263 6684 6684 6306 6306 6732 6732 6306 6306 6684 6684 6306 6306 6732 6732 6308 6308 6733 6733 6308 6308 6732 6732 6308 6308 6733 6733 6310 6310 6734 6734 6310 6310 6733 6733 6310 6310 6734 6734 6311 6311 6735 6735 6311 6311 6734 6734 6311 6311 6735 6735 6316 6316 6736 6736 6316 6316 6735 6735 6316 6316 6736 6736 6317 6317 6687 6687 6317 6317 6736 6736 6317 6317 6687 6687 6322 6322 6686 6686 6322 6322 6687 6687 6322 6322 6686 6686 5261 5261 5259 5259 5261 5261 6737 6737 6686 6686 6737 6737 5261 5261 6737 6737 6686 6686 6738 6738 6685 6685 6738 6738 6686 6686 6738 6738 6685 6685 6739 6739 6731 6731 6739 6739 6685 6685 6739 6739 6731 6731 6740 6740 6724 6724 6740 6740 6731 6731 6740 6740 6724 6724 6741 6741 6723 6723 6741 6741 6724 6724 6741 6741 6723 6723 6742 6742 6722 6722 6742 6742 6723 6723 6742 6742 6722 6722 6743 6743 6721 6721 6743 6743 6722 6722 6743 6743 6721 6721 6744 6744 6708 6708 6744 6744 6721 6721 6744 6744 6708 6708 6745 6745 6707 6707 6745 6745 6708 6708 6745 6745 6707 6707 6746 6746 6706 6706 6746 6746 6707 6707 6746 6746 6706 6706 6747 6747 6705 6705 6747 6747 6706 6706 6747 6747 6705 6705 2456 2456 2455 2455 2456 2456 6705 6705 6748 6748 6749 6749 2456 2456 6750 6750 6751 6751 2456 2456 6750 6750 2456 2456 6752 6752 6753 6753 6752 6752 2456 2456 6746 6746 6747 6747 6749 6749 2456 2456 6749 6749 6747 6747 6751 6751 6748 6748 2456 2456 6744 6744 6745 6745 6754 6754 6755 6755 5295 5295 6356 6356 6755 6755 6356 6356 6756 6756 6355 6355 6756 6756 6356 6356 6756 6756 6355 6355 6757 6757 6352 6352 6757 6757 6355 6355 6757 6757 6352 6352 6758 6758 6350 6350 6758 6758 6352 6352 6758 6758 6350 6350 6759 6759 6347 6347 6759 6759 6350 6350 6759 6759 6347 6347 6760 6760 6345 6345 6760 6760 6347 6347 6760 6760 6345 6345 6761 6761 6343 6343 6761 6761 6345 6345 6761 6761 6343 6343 6762 6762 6763 6763 6764 6764 6765 6765 6766 6766 6765 6765 6764 6764 6343 6343 5259 5259 6762 6762 6737 6737 6762 6762 5259 5259 6762 6762 6737 6737 6738 6738 6738 6738 6767 6767 6762 6762 6768 6768 6762 6762 6767 6767 6762 6762 6768 6768 6761 6761 6769 6769 6761 6761 6768 6768 6761 6761 6769 6769 6760 6760 6770 6770 6760 6760 6769 6769 6760 6760 6770 6770 6759 6759 6771 6771 6759 6759 6770 6770 6759 6759 6771 6771 6758 6758 6772 6772 6758 6758 6771 6771 6758 6758 6772 6772 6757 6757 6765 6765 6757 6757 6772 6772 6757 6757 6765 6765 6756 6756 6766 6766 6756 6756 6765 6765 6756 6756 6766 6766 6755 6755 6773 6773 6774 6774 6775 6775 6763 6763 6775 6775 6774 6774 6763 6763 6765 6765 6775 6775 6772 6772 6775 6775 6765 6765 6775 6775 6772 6772 6776 6776 6771 6771 6776 6776 6772 6772 6776 6776 6771 6771 6777 6777 6770 6770 6777 6777 6771 6771 6777 6777 6770 6770 6778 6778 6769 6769 6778 6778 6770 6770 6778 6778 6769 6769 6779 6779 6768 6768 6779 6779 6769 6769 6779 6779 6768 6768 6780 6780 6767 6767 6780 6780 6768 6768 6780 6780 6767 6767 6781 6781 6782 6782 6783 6783 6784 6784 6773 6773 6784 6784 6783 6783 6738 6738 6739 6739 6767 6767 6740 6740 6767 6767 6739 6739 6767 6767 6740 6740 6781 6781 6741 6741 6781 6781 6740 6740 6781 6781 6741 6741 6742 6742 6773 6773 6775 6775 6784 6784 6776 6776 6784 6784 6775 6775 6784 6784 6776 6776 6785 6785 6777 6777 6785 6785 6776 6776 6785 6785 6777 6777 6786 6786 6778 6778 6786 6786 6777 6777 6786 6786 6778 6778 6787 6787 6779 6779 6787 6787 6778 6778 6787 6787 6779 6779 6788 6788 6780 6780 6788 6788 6779 6779 6788 6788 6780 6780 6789 6789 6781 6781 6789 6789 6780 6780 6789 6789 6781 6781 6790 6790 6742 6742 6790 6790 6781 6781 6790 6790 6742 6742 6743 6743 6791 6791 6792 6792 6793 6793 6782 6782 6793 6793 6792 6792 6782 6782 6784 6784 6793 6793 6785 6785 6793 6793 6784 6784 6793 6793 6785 6785 6794 6794 6786 6786 6794 6794 6785 6785 6794 6794 6786 6786 6795 6795 6787 6787 6795 6795 6786 6786 6795 6795 6787 6787 6796 6796 6788 6788 6796 6796 6787 6787 6796 6796 6788 6788 6797 6797 6789 6789 6797 6797 6788 6788 6797 6797 6789 6789 6798 6798 6790 6790 6798 6798 6789 6789 6798 6798 6790 6790 6754 6754 6743 6743 6754 6754 6790 6790 6754 6754 6743 6743 6744 6744 2456 2456 6799 6799 6800 6800 6791 6791 6800 6800 6799 6799 6753 6753 2456 2456 6800 6800 6791 6791 6793 6793 6800 6800 6794 6794 6800 6800 6793 6793 6800 6800 6794 6794 6753 6753 6795 6795 6753 6753 6794 6794 6753 6753 6795 6795 6752 6752 6796 6796 6752 6752 6795 6795 6752 6752 6796 6796 6750 6750 6797 6797 6750 6750 6796 6796 6750 6750 6797 6797 6751 6751 6798 6798 6751 6751 6797 6797 6751 6751 6798 6798 6748 6748 6754 6754 6748 6748 6798 6798 6748 6748 6754 6754 6749 6749 6745 6745 6749 6749 6754 6754 6749 6749 6745 6745 6746 6746 6799 6799 2456 2456 2454 2454 6799 6799 2454 2454 6791 6791 6801 6801 6791 6791 2454 2454 6791 6791 6801 6801 6792 6792 6802 6802 6792 6792 6801 6801 6792 6792 6802 6802 6782 6782 6782 6782 6802 6802 6783 6783 6803 6803 6783 6783 6802 6802 6783 6783 6803 6803 6773 6773 6773 6773 6803 6803 6774 6774 6804 6804 6774 6774 6803 6803 6774 6774 6804 6804 6763 6763 6763 6763 6804 6804 6764 6764 6805 6805 6764 6764 6804 6804 6764 6764 6805 6805 6766 6766 6766 6766 6805 6805 6755 6755 5293 5293 6755 6755 6805 6805 6755 6755 5293 5293 5295 5295 5293 5293 6805 6805 6806 6806 6805 6805 6804 6804 6807 6807 6804 6804 6803 6803 6808 6808 6803 6803 6802 6802 6809 6809 6802 6802 6801 6801 6810 6810 6801 6801 2454 2454 2453 2453 6801 6801 2453 2453 6810 6810 2452 2452 6810 6810 2453 2453 6810 6810 2452 2452 6811 6811 2436 2436 6811 6811 2452 2452 6811 6811 2436 2436 6812 6812 2435 2435 6812 6812 2436 2436 6812 6812 2435 2435 6813 6813 2434 2434 6813 6813 2435 2435 6813 6813 2434 2434 6814 6814 2428 2428 6814 6814 2434 2434 6814 6814 2428 2428 6815 6815 2430 2430 6815 6815 2428 2428 6815 6815 2430 2430 6816 6816 2432 2432 6816 6816 2430 2430 6816 6816 2432 2432 6817 6817 6802 6802 6810 6810 6809 6809 6811 6811 6809 6809 6810 6810 6809 6809 6811 6811 6818 6818 6812 6812 6818 6818 6811 6811 6818 6818 6812 6812 6819 6819 6813 6813 6819 6819 6812 6812 6819 6819 6813 6813 6820 6820 6814 6814 6820 6820 6813 6813 6820 6820 6814 6814 6821 6821 6815 6815 6821 6821 6814 6814 6821 6821 6815 6815 6822 6822 6816 6816 6822 6822 6815 6815 6822 6822 6816 6816 6823 6823 6817 6817 6823 6823 6816 6816 6823 6823 6817 6817 6824 6824 6803 6803 6809 6809 6808 6808 6818 6818 6808 6808 6809 6809 6808 6808 6818 6818 6825 6825 6819 6819 6825 6825 6818 6818 6825 6825 6819 6819 6826 6826 6820 6820 6826 6826 6819 6819 6826 6826 6820 6820 6827 6827 6821 6821 6827 6827 6820 6820 6827 6827 6821 6821 6828 6828 6822 6822 6828 6828 6821 6821 6828 6828 6822 6822 6829 6829 6823 6823 6829 6829 6822 6822 6829 6829 6823 6823 6830 6830 6824 6824 6830 6830 6823 6823 6830 6830 6824 6824 6831 6831 6804 6804 6808 6808 6807 6807 6825 6825 6807 6807 6808 6808 6807 6807 6825 6825 6832 6832 6826 6826 6832 6832 6825 6825 6832 6832 6826 6826 6833 6833 6827 6827 6833 6833 6826 6826 6833 6833 6827 6827 6834 6834 6828 6828 6834 6834 6827 6827 6834 6834 6828 6828 6835 6835 6829 6829 6835 6835 6828 6828 6835 6835 6829 6829 6836 6836 6830 6830 6836 6836 6829 6829 6836 6836 6830 6830 6837 6837 6831 6831 6837 6837 6830 6830 6837 6837 6831 6831 6838 6838 6805 6805 6807 6807 6806 6806 6832 6832 6806 6806 6807 6807 6806 6806 6832 6832 6839 6839 6833 6833 6839 6839 6832 6832 6839 6839 6833 6833 6840 6840 6834 6834 6840 6840 6833 6833 6840 6840 6834 6834 6841 6841 6835 6835 6841 6841 6834 6834 6841 6841 6835 6835 6842 6842 6836 6836 6842 6842 6835 6835 6842 6842 6836 6836 6843 6843 6837 6837 6843 6843 6836 6836 6843 6843 6837 6837 6844 6844 6838 6838 6844 6844 6837 6837 6844 6844 6838 6838 6845 6845 5293 5293 6806 6806 6286 6286 6839 6839 6286 6286 6806 6806 6286 6286 6839 6839 6288 6288 6840 6840 6288 6288 6839 6839 6288 6288 6840 6840 6290 6290 6841 6841 6290 6290 6840 6840 6290 6290 6841 6841 6291 6291 6842 6842 6291 6291 6841 6841 6291 6291 6842 6842 6296 6296 6843 6843 6296 6296 6842 6842 6296 6296 6843 6843 6297 6297 6844 6844 6297 6297 6843 6843 6297 6297 6844 6844 6302 6302 6845 6845 6302 6302 6844 6844 6302 6302 6845 6845 5299 5299 2432 2432 2433 2433 6846 6846 2432 2432 6846 6846 6817 6817 6847 6847 6817 6817 6846 6846 6817 6817 6847 6847 6824 6824 6848 6848 6824 6824 6847 6847 6824 6824 6848 6848 6831 6831 6849 6849 6831 6831 6848 6848 6831 6831 6849 6849 6838 6838 6850 6850 6838 6838 6849 6849 6838 6838 6850 6850 6845 6845 5297 5297 6845 6845 6850 6850 6845 6845 5297 5297 5299 5299 6851 6851 6852 6852 2433 2433 6853 6853 6854 6854 6855 6855 6856 6856 6857 6857 6858 6858 6859 6859 6327 6327 6329 6329 6860 6860 6328 6328 6327 6327 6861 6861 6332 6332 6334 6334 5269 5269 6340 6340 6862 6862 6863 6863 6862 6862 6340 6340 6862 6862 6863 6863 6864 6864 6339 6339 6332 6332 6865 6865 6861 6861 6865 6865 6332 6332 6865 6865 6861 6861 6866 6866 6864 6864 6863 6863 6867 6867 6868 6868 6867 6867 6863 6863 6867 6867 6868 6868 6869 6869 6340 6340 6339 6339 6863 6863 6865 6865 6863 6863 6339 6339 6863 6863 6865 6865 6868 6868 6866 6866 6868 6868 6865 6865 6868 6868 6866 6866 6858 6858 6870 6870 6871 6871 6872 6872 6858 6858 6857 6857 6868 6868 6873 6873 6868 6868 6857 6857 6868 6868 6873 6873 6869 6869 6872 6872 6874 6874 6875 6875 6854 6854 6856 6856 6855 6855 6858 6858 6855 6855 6856 6856 6855 6855 6858 6858 6876 6876 6866 6866 6876 6876 6858 6858 6876 6876 6866 6866 6877 6877 6861 6861 6877 6877 6866 6866 6877 6877 6861 6861 6878 6878 6334 6334 6878 6878 6861 6861 6878 6878 6334 6334 6328 6328 6875 6875 6879 6879 6880 6880 6328 6328 6860 6860 6878 6878 6881 6881 6878 6878 6860 6860 6878 6878 6881 6881 6877 6877 6882 6882 6877 6877 6881 6881 6877 6877 6882 6882 6876 6876 6883 6883 6876 6876 6882 6882 6876 6876 6883 6883 6855 6855 6884 6884 6855 6855 6883 6883 6855 6855 6884 6884 6853 6853 6852 6852 6851 6851 6880 6880 6880 6880 6879 6879 6852 6852 6885 6885 6852 6852 6879 6879 6852 6852 6885 6885 2433 2433 6875 6875 6874 6874 6879 6879 6886 6886 6879 6879 6874 6874 6879 6879 6886 6886 6885 6885 6887 6887 6885 6885 6886 6886 6885 6885 6887 6887 2433 2433 6872 6872 6871 6871 6874 6874 6888 6888 6874 6874 6871 6871 6874 6874 6888 6888 6886 6886 6889 6889 6886 6886 6888 6888 6886 6886 6889 6889 6887 6887 6890 6890 6887 6887 6889 6889 6887 6887 6890 6890 2433 2433 6329 6329 5297 5297 6870 6870 6850 6850 6870 6870 5297 5297 6870 6870 6850 6850 6871 6871 6849 6849 6871 6871 6850 6850 6871 6871 6849 6849 6888 6888 6848 6848 6888 6888 6849 6849 6888 6888 6848 6848 6889 6889 6847 6847 6889 6889 6848 6848 6889 6889 6847 6847 6890 6890 6846 6846 6890 6890 6847 6847 6890 6890 6846 6846 2433 2433 2433 2433 6891 6891 6884 6884 6892 6892 6884 6884 6891 6891 6884 6884 6892 6892 6853 6853 6327 6327 6859 6859 6860 6860 6893 6893 6860 6860 6859 6859 6860 6860 6893 6893 6881 6881 6894 6894 6881 6881 6893 6893 6881 6881 6894 6894 6882 6882 6895 6895 6882 6882 6894 6894 6882 6882 6895 6895 6883 6883 6896 6896 6883 6883 6895 6895 6883 6883 6896 6896 6884 6884 2433 2433 6884 6884 6896 6896 6329 6329 6870 6870 6859 6859 6872 6872 6859 6859 6870 6870 6859 6859 6872 6872 6893 6893 6875 6875 6893 6893 6872 6872 6893 6893 6875 6875 6894 6894 6880 6880 6894 6894 6875 6875 6894 6894 6880 6880 6895 6895 6851 6851 6895 6895 6880 6880 6895 6895 6851 6851 6896 6896 2433 2433 6896 6896 6851 6851 5269 5269 6862 6862 5274 5274 6545 6545 5274 5274 6862 6862 6545 6545 6862 6862 6547 6547 6864 6864 6547 6547 6862 6862 6547 6547 6864 6864 6548 6548 6867 6867 6548 6548 6864 6864 6548 6548 6867 6867 6550 6550 6869 6869 6550 6550 6867 6867 6550 6550 6869 6869 6551 6551 6873 6873 6551 6551 6869 6869 6551 6551 6873 6873 6553 6553 6857 6857 6553 6553 6873 6873 6553 6553 6857 6857 6554 6554 6856 6856 6554 6554 6857 6857 6554 6554 6856 6856 6556 6556 6854 6854 6556 6556 6856 6856 6556 6556 6854 6854 6557 6557 6853 6853 6557 6557 6854 6854 6557 6557 6853 6853 6559 6559 6892 6892 6559 6559 6853 6853 6559 6559 6892 6892 6560 6560 6892 6892 6891 6891 6560 6560 2433 2433 6560 6560 6891 6891 6560 6560 2433 2433 2431 2431 2178 2178 2180 2180 6514 6514 6897 6897 6514 6514 2180 2180 6514 6514 6897 6897 6515 6515 6898 6898 6515 6515 6897 6897 6515 6515 6898 6898 6512 6512 6899 6899 6512 6512 6898 6898 6512 6512 6899 6899 6513 6513 6900 6900 6513 6513 6899 6899 6513 6513 6900 6900 6508 6508 6901 6901 6508 6508 6900 6900 6508 6508 6901 6901 6509 6509 6902 6902 6509 6509 6901 6901 6509 6509 6902 6902 6510 6510 6903 6903 6510 6510 6902 6902 6510 6510 6903 6903 6511 6511 6904 6904 6511 6511 6903 6903 6511 6511 6904 6904 6507 6507 6905 6905 6507 6507 6904 6904 6507 6507 6905 6905 5273 5273 5272 5272 5273 5273 6905 6905 6906 6906 5267 5267 5280 5280 6907 6907 6908 6908 6909 6909 6910 6910 6911 6911 6912 6912 2406 2406 6910 6910 6913 6913 2406 2406 6913 6913 5323 5323 6914 6914 5323 5323 6913 6913 5323 5323 6914 6914 5322 5322 5322 5322 6914 6914 5321 5321 6915 6915 5321 5321 6914 6914 5321 5321 6915 6915 5320 5320 5320 5320 6915 6915 5319 5319 6916 6916 5319 5319 6915 6915 5319 5319 6916 6916 5318 5318 5318 5318 6916 6916 5317 5317 6917 6917 5317 5317 6916 6916 5317 5317 6917 6917 5316 5316 6906 6906 5280 5280 6918 6918 5271 5271 6918 6918 5280 5280 6918 6918 5271 5271 6919 6919 5270 5270 6919 6919 5271 5271 6919 6919 5270 5270 6920 6920 5286 5286 6920 6920 5270 5270 6920 6920 5286 5286 6921 6921 5285 5285 6921 6921 5286 5286 6921 6921 5285 5285 6922 6922 5284 5284 6922 6922 5285 5285 6922 6922 5284 5284 6923 6923 6907 6907 6909 6909 6924 6924 6925 6925 6924 6924 6909 6909 6924 6924 6925 6925 6926 6926 6927 6927 6926 6926 6925 6925 6926 6926 6927 6927 6928 6928 6929 6929 6928 6928 6927 6927 6928 6928 6929 6929 6930 6930 6931 6931 6930 6930 6929 6929 6930 6930 6931 6931 6932 6932 6933 6933 6932 6932 6931 6931 6932 6932 6933 6933 6934 6934 6910 6910 6912 6912 6913 6913 6935 6935 6913 6913 6912 6912 6913 6913 6935 6935 6914 6914 6936 6936 6914 6914 6935 6935 6914 6914 6936 6936 6915 6915 6937 6937 6915 6915 6936 6936 6915 6915 6937 6937 6916 6916 6938 6938 6916 6916 6937 6937 6916 6916 6938 6938 6917 6917 6939 6939 6917 6917 6938 6938 6917 6917 6939 6939 6940 6940 5316 5316 6917 6917 5315 5315 6940 6940 5315 5315 6917 6917 5315 5315 6940 6940 5314 5314 5284 5284 5272 5272 6923 6923 6905 6905 6923 6923 5272 5272 6923 6923 6905 6905 6904 6904 6904 6904 6933 6933 6923 6923 6931 6931 6923 6923 6933 6933 6923 6923 6931 6931 6922 6922 6929 6929 6922 6922 6931 6931 6922 6922 6929 6929 6921 6921 6927 6927 6921 6921 6929 6929 6921 6921 6927 6927 6920 6920 6925 6925 6920 6920 6927 6927 6920 6920 6925 6925 6919 6919 6909 6909 6919 6919 6925 6925 6919 6919 6909 6909 6918 6918 6908 6908 6918 6918 6909 6909 6918 6918 6908 6908 6906 6906 6904 6904 6903 6903 6933 6933 6902 6902 6933 6933 6903 6903 6933 6933 6902 6902 6934 6934 6901 6901 6934 6934 6902 6902 6934 6934 6901 6901 6900 6900 6900 6900 6939 6939 6934 6934 6938 6938 6934 6934 6939 6939 6934 6934 6938 6938 6932 6932 6937 6937 6932 6932 6938 6938 6932 6932 6937 6937 6930 6930 6936 6936 6930 6930 6937 6937 6930 6930 6936 6936 6928 6928 6935 6935 6928 6928 6936 6936 6928 6928 6935 6935 6926 6926 6912 6912 6926 6926 6935 6935 6926 6926 6912 6912 6924 6924 6911 6911 6924 6924 6912 6912 6924 6924 6911 6911 6907 6907 2180 2180 5314 5314 6897 6897 6940 6940 6897 6897 5314 5314 6897 6897 6940 6940 6898 6898 6939 6939 6898 6898 6940 6940 6898 6898 6939 6939 6899 6899 6900 6900 6899 6899 6939 6939 5268 5268 5267 5267 6941 6941 6906 6906 6941 6941 5267 5267 6908 6908 6942 6942 6906 6906 6943 6943 6906 6906 6942 6942 6906 6906 6943 6943 6941 6941 6907 6907 6944 6944 6908 6908 6945 6945 6908 6908 6944 6944 6908 6908 6945 6945 6942 6942 6946 6946 6947 6947 6911 6911 6948 6948 6911 6911 6947 6947 6911 6911 6948 6948 6907 6907 6949 6949 6907 6907 6948 6948 6907 6907 6949 6949 6944 6944 6946 6946 6911 6911 6950 6950 6910 6910 6950 6950 6911 6911 6950 6950 6910 6910 6951 6951 2406 2406 6951 6951 6910 6910 6951 6951 2406 2406 2405 2405 6952 6952 6953 6953 2405 2405 6954 6954 6955 6955 2405 2405 6954 6954 2405 2405 6956 6956 6957 6957 6956 6956 2405 2405 6958 6958 6957 6957 2405 2405 6959 6959 6958 6958 2405 2405 6950 6950 6951 6951 6953 6953 2405 2405 6953 6953 6951 6951 6955 6955 6952 6952 2405 2405 6959 6959 6960 6960 6961 6961 6947 6947 6946 6946 6962 6962 6960 6960 6963 6963 6964 6964 6963 6963 6965 6965 6966 6966 6965 6965 6967 6967 6968 6968 6341 6341 6969 6969 6337 6337 6970 6970 6337 6337 6969 6969 6337 6337 6970 6970 6337 6337 6971 6971 6337 6337 6970 6970 6337 6337 6971 6971 6338 6338 6338 6338 6971 6971 6333 6333 6972 6972 6333 6333 6971 6971 6333 6333 6972 6972 6335 6335 6973 6973 6335 6335 6972 6972 6335 6335 6973 6973 6336 6336 6336 6336 6973 6973 6326 6326 6974 6974 6326 6326 6973 6973 6326 6326 6974 6974 6330 6330 6330 6330 6974 6974 6331 6331 6975 6975 6331 6331 6974 6974 6331 6331 6975 6975 6331 6331 6976 6976 6331 6331 6975 6975 6331 6331 6976 6976 5298 5298 6341 6341 5268 5268 6969 6969 6941 6941 6969 6969 5268 5268 6969 6969 6941 6941 6943 6943 6943 6943 6977 6977 6969 6969 6978 6978 6969 6969 6977 6977 6969 6969 6978 6978 6970 6970 6979 6979 6970 6970 6978 6978 6970 6970 6979 6979 6971 6971 6980 6980 6971 6971 6979 6979 6971 6971 6980 6980 6972 6972 6981 6981 6972 6972 6980 6980 6972 6972 6981 6981 6973 6973 6982 6982 6973 6973 6981 6981 6973 6973 6982 6982 6974 6974 6968 6968 6974 6974 6982 6982 6974 6974 6968 6968 6975 6975 6967 6967 6975 6975 6968 6968 6975 6975 6967 6967 6976 6976 6965 6965 6968 6968 6966 6966 6982 6982 6966 6966 6968 6968 6966 6966 6982 6982 6983 6983 6981 6981 6983 6983 6982 6982 6983 6983 6981 6981 6984 6984 6980 6980 6984 6984 6981 6981 6984 6984 6980 6980 6985 6985 6979 6979 6985 6985 6980 6980 6985 6985 6979 6979 6986 6986 6978 6978 6986 6986 6979 6979 6986 6986 6978 6978 6987 6987 6977 6977 6987 6987 6978 6978 6987 6987 6977 6977 6988 6988 6943 6943 6942 6942 6977 6977 6945 6945 6977 6977 6942 6942 6977 6977 6945 6945 6988 6988 6944 6944 6988 6988 6945 6945 6988 6988 6944 6944 6949 6949 6963 6963 6966 6966 6964 6964 6983 6983 6964 6964 6966 6966 6964 6964 6983 6983 6989 6989 6984 6984 6989 6989 6983 6983 6989 6989 6984 6984 6990 6990 6985 6985 6990 6990 6984 6984 6990 6990 6985 6985 6991 6991 6986 6986 6991 6991 6985 6985 6991 6991 6986 6986 6992 6992 6987 6987 6992 6992 6986 6986 6992 6992 6987 6987 6993 6993 6988 6988 6993 6993 6987 6987 6993 6993 6988 6988 6994 6994 6949 6949 6994 6994 6988 6988 6994 6994 6949 6949 6948 6948 6960 6960 6964 6964 6961 6961 6989 6989 6961 6961 6964 6964 6961 6961 6989 6989 6995 6995 6990 6990 6995 6995 6989 6989 6995 6995 6990 6990 6996 6996 6991 6991 6996 6996 6990 6990 6996 6996 6991 6991 6997 6997 6992 6992 6997 6997 6991 6991 6997 6997 6992 6992 6998 6998 6993 6993 6998 6998 6992 6992 6998 6998 6993 6993 6999 6999 6994 6994 6999 6999 6993 6993 6999 6999 6994 6994 6962 6962 6948 6948 6962 6962 6994 6994 6962 6962 6948 6948 6947 6947 6959 6959 6961 6961 6958 6958 6995 6995 6958 6958 6961 6961 6958 6958 6995 6995 6957 6957 6996 6996 6957 6957 6995 6995 6957 6957 6996 6996 6956 6956 6997 6997 6956 6956 6996 6996 6956 6956 6997 6997 6954 6954 6998 6998 6954 6954 6997 6997 6954 6954 6998 6998 6955 6955 6999 6999 6955 6955 6998 6998 6955 6955 6999 6999 6952 6952 6962 6962 6952 6952 6999 6999 6952 6952 6962 6962 6953 6953 6946 6946 6953 6953 6962 6962 6953 6953 6946 6946 6950 6950 5300 5300 5298 5298 6976 6976 5300 5300 6976 6976 6447 6447 6967 6967 6447 6447 6976 6976 6447 6447 6967 6967 6449 6449 6965 6965 6449 6449 6967 6967 6449 6449 6965 6965 6451 6451 6963 6963 6451 6451 6965 6965 6451 6451 6963 6963 6453 6453 6960 6960 6453 6453 6963 6963 6453 6453 6960 6960 6455 6455 6959 6959 6455 6455 6960 6960 6455 6455 6959 6959 6457 6457 2405 2405 6457 6457 6959 6959 6457 6457 2405 2405 2404 2404 5296 5296 5294 5294 7000 7000 6504 6504 7000 7000 5294 5294 7000 7000 6504 6504 7001 7001 6503 6503 7001 7001 6504 6504 7001 7001 6503 6503 7002 7002 6501 6501 7002 7002 6503 6503 7002 7002 6501 6501 7003 7003 6499 6499 7003 7003 6501 6501 7003 7003 6499 6499 7004 7004 6498 6498 7004 7004 6499 6499 7004 7004 6498 6498 7005 7005 6496 6496 7005 7005 6498 6498 7005 7005 6496 6496 7006 7006 6495 6495 7006 7006 6496 6496 7006 7006 6495 6495 7007 7007 6493 6493 7007 7007 6495 6495 7007 7007 6493 6493 7008 7008 6492 6492 7008 7008 6493 6493 7008 7008 6492 6492 7009 7009 6490 6490 7009 7009 6492 6492 7009 7009 6490 6490 7010 7010 6489 6489 7010 7010 6490 6490 7010 7010 6489 6489 2427 2427 2417 2417 2427 2427 6489 6489 7011 7011 7012 7012 2427 2427 7013 7013 7014 7014 2427 2427 7013 7013 2427 2427 7015 7015 7016 7016 7015 7015 2427 2427 7017 7017 7016 7016 2427 2427 7018 7018 7017 7017 2427 2427 7009 7009 7010 7010 7012 7012 2427 2427 7012 7012 7010 7010 7014 7014 7011 7011 2427 2427 7018 7018 7019 7019 7020 7020 7007 7007 7008 7008 7021 7021 7019 7019 7022 7022 7023 7023 7022 7022 7024 7024 7025 7025 7024 7024 7026 7026 7027 7027 6357 6357 7028 7028 6354 6354 7029 7029 6354 6354 7028 7028 6354 6354 7029 7029 6354 6354 7030 7030 6354 6354 7029 7029 6354 6354 7030 7030 6353 6353 6353 6353 7030 7030 6351 6351 7031 7031 6351 6351 7030 7030 6351 6351 7031 7031 6349 6349 7032 7032 6349 6349 7031 7031 6349 6349 7032 7032 6348 6348 6348 6348 7032 7032 6346 6346 7033 7033 6346 6346 7032 7032 6346 6346 7033 7033 6344 6344 6344 6344 7033 7033 6342 6342 7034 7034 6342 6342 7033 7033 6342 6342 7034 7034 6342 6342 7035 7035 6342 6342 7034 7034 6342 6342 7035 7035 5260 5260 6357 6357 5296 5296 7028 7028 7000 7000 7028 7028 5296 5296 7028 7028 7000 7000 7001 7001 7001 7001 7036 7036 7028 7028 7037 7037 7028 7028 7036 7036 7028 7028 7037 7037 7029 7029 7038 7038 7029 7029 7037 7037 7029 7029 7038 7038 7030 7030 7039 7039 7030 7030 7038 7038 7030 7030 7039 7039 7031 7031 7040 7040 7031 7031 7039 7039 7031 7031 7040 7040 7032 7032 7041 7041 7032 7032 7040 7040 7032 7032 7041 7041 7033 7033 7027 7027 7033 7033 7041 7041 7033 7033 7027 7027 7034 7034 7026 7026 7034 7034 7027 7027 7034 7034 7026 7026 7035 7035 7024 7024 7027 7027 7025 7025 7041 7041 7025 7025 7027 7027 7025 7025 7041 7041 7042 7042 7040 7040 7042 7042 7041 7041 7042 7042 7040 7040 7043 7043 7039 7039 7043 7043 7040 7040 7043 7043 7039 7039 7044 7044 7038 7038 7044 7044 7039 7039 7044 7044 7038 7038 7045 7045 7037 7037 7045 7045 7038 7038 7045 7045 7037 7037 7046 7046 7036 7036 7046 7046 7037 7037 7046 7046 7036 7036 7047 7047 7001 7001 7002 7002 7036 7036 7003 7003 7036 7036 7002 7002 7036 7036 7003 7003 7047 7047 7004 7004 7047 7047 7003 7003 7047 7047 7004 7004 7005 7005 7022 7022 7025 7025 7023 7023 7042 7042 7023 7023 7025 7025 7023 7023 7042 7042 7048 7048 7043 7043 7048 7048 7042 7042 7048 7048 7043 7043 7049 7049 7044 7044 7049 7049 7043 7043 7049 7049 7044 7044 7050 7050 7045 7045 7050 7050 7044 7044 7050 7050 7045 7045 7051 7051 7046 7046 7051 7051 7045 7045 7051 7051 7046 7046 7052 7052 7047 7047 7052 7052 7046 7046 7052 7052 7047 7047 7053 7053 7005 7005 7053 7053 7047 7047 7053 7053 7005 7005 7006 7006 7019 7019 7023 7023 7020 7020 7048 7048 7020 7020 7023 7023 7020 7020 7048 7048 7054 7054 7049 7049 7054 7054 7048 7048 7054 7054 7049 7049 7055 7055 7050 7050 7055 7055 7049 7049 7055 7055 7050 7050 7056 7056 7051 7051 7056 7056 7050 7050 7056 7056 7051 7051 7057 7057 7052 7052 7057 7057 7051 7051 7057 7057 7052 7052 7058 7058 7053 7053 7058 7058 7052 7052 7058 7058 7053 7053 7021 7021 7006 7006 7021 7021 7053 7053 7021 7021 7006 7006 7007 7007 7018 7018 7020 7020 7017 7017 7054 7054 7017 7017 7020 7020 7017 7017 7054 7054 7016 7016 7055 7055 7016 7016 7054 7054 7016 7016 7055 7055 7015 7015 7056 7056 7015 7015 7055 7055 7015 7015 7056 7056 7013 7013 7057 7057 7013 7013 7056 7056 7013 7013 7057 7057 7014 7014 7058 7058 7014 7014 7057 7057 7014 7014 7058 7058 7011 7011 7021 7021 7011 7011 7058 7058 7011 7011 7021 7021 7012 7012 7008 7008 7012 7012 7021 7021 7012 7012 7008 7008 7009 7009 5262 5262 5260 5260 7035 7035 5262 5262 7035 7035 6399 6399 7026 7026 6399 6399 7035 7035 6399 6399 7026 7026 6401 6401 7024 7024 6401 6401 7026 7026 6401 6401 7024 7024 6403 6403 7022 7022 6403 6403 7024 7024 6403 6403 7022 7022 6405 6405 7019 7019 6405 6405 7022 7022 6405 6405 7019 7019 6407 6407 7018 7018 6407 6407 7019 7019 6407 6407 7018 7018 6409 6409 2427 2427 6409 6409 7018 7018 6409 6409 2427 2427 2426 2426 2414 2414 956 956 2415 2415 955 955 2415 2415 956 956 956 956 2414 2414 2829 2829 4639 4639 2829 2829 2414 2414 2829 2829 4639 4639 2831 2831 4640 4640 2831 2831 4639 4639 2831 2831 4640 4640 2833 2833 4641 4641 2833 2833 4640 4640 2833 2833 4641 4641 2835 2835 4642 4642 2835 2835 4641 4641 2835 2835 4642 4642 2837 2837 4643 4643 2837 2837 4642 4642 2837 2837 4643 4643 111 111 112 112 111 111 4643 4643 7059 7059 6576 6576 6579 6579 7060 7060 7061 7061 6568 6568 7062 7062 6568 6568 7061 7061 6568 6568 7062 7062 6569 6569 7060 7060 6568 6568 7063 7063 6576 6576 7063 7063 6568 6568 7063 7063 6576 6576 7064 7064 7059 7059 7064 7064 6576 6576 7064 7064 7059 7059 7065 7065 7066 7066 7067 7067 7068 7068 7069 7069 7068 7068 7067 7067 7068 7068 7069 7069 7070 7070 7066 7066 7071 7071 7067 7067 7072 7072 7067 7067 7071 7071 7067 7067 7072 7072 7059 7059 7073 7073 7059 7059 7072 7072 7059 7059 7073 7073 7065 7065 7074 7074 7075 7075 7076 7076 7070 7070 7076 7076 7075 7075 7077 7077 7078 7078 7074 7074 7079 7079 7074 7074 7078 7078 7074 7074 7079 7079 7075 7075 7074 7074 7080 7080 7077 7077 5287 5287 7077 7077 7080 7080 7077 7077 5287 5287 5288 5288 7074 7074 7081 7081 7080 7080 7082 7082 7080 7080 7081 7081 7080 7080 7082 7082 5287 5287 3105 3105 5287 5287 7082 7082 6581 6581 7083 7083 7084 7084 7085 7085 7084 7084 7083 7083 7084 7084 7085 7085 7086 7086 7087 7087 7086 7086 7085 7085 7086 7086 7087 7087 7076 7076 7088 7088 7076 7076 7087 7087 7076 7076 7088 7088 7074 7074 7089 7089 7074 7074 7088 7088 7074 7074 7089 7089 7081 7081 7070 7070 7069 7069 7076 7076 7067 7067 7076 7076 7069 7069 7076 7076 7067 7067 7086 7086 7059 7059 7086 7086 7067 7067 7086 7086 7059 7059 7084 7084 6579 6579 7084 7084 7059 7059 7084 7084 6579 6579 6581 6581 2447 2447 2451 2451 7090 7090 7091 7091 7090 7090 2451 2451 7090 7090 7091 7091 988 988 987 987 988 988 7091 7091 77 77 3840 3840 3840 3840 7092 7092 3840 3840 3840 3840 7093 7093 4484 4484 4502 4502 2447 2447 7090 7090 7094 7094 3823 3823 7094 7094 3802 3802 7090 7090 3802 3802 7094 7094 3802 3802 7090 7090 988 988 3822 3822 7095 7095 3823 3823 7093 7093 3823 3823 7095 7095 3823 3823 7093 7093 7094 7094 4502 4502 7094 7094 7093 7093 7094 7094 4502 4502 2447 2447 4484 4484 7093 7093 4485 4485 7095 7095 4485 4485 7093 7093 4485 4485 7095 7095 4501 4501 7096 7096 4501 4501 7095 7095 4501 4501 7096 7096 4487 4487 3830 3830 7097 7097 3824 3824 7096 7096 3824 3824 7097 7097 3824 3824 7096 7096 3825 3825 7095 7095 3825 3825 7096 7096 3825 3825 7095 7095 3827 3827 3822 3822 3827 3827 7095 7095 4500 4500 4499 4499 7097 7097 4498 4498 7097 7097 4499 4499 7097 7097 4498 4498 7096 7096 4488 4488 7096 7096 4498 4498 7096 7096 4488 4488 4487 4487 3830 3830 3829 3829 7097 7097 7098 7098 7097 7097 3829 3829 7097 7097 7098 7098 4500 4500 7099 7099 4500 4500 7098 7098 4500 4500 7099 7099 4490 4490 3829 3829 3831 3831 7098 7098 3833 3833 7098 7098 3831 3831 7098 7098 3833 3833 7099 7099 3834 3834 7099 7099 3833 3833 7099 7099 3834 3834 7100 7100 3834 3834 3838 3838 7100 7100 3836 3836 7100 7100 3838 3838 7100 7100 3836 3836 7092 7092 3835 3835 7092 7092 3836 3836 7092 7092 3835 3835 3840 3840 77 77 3840 3840 3840 3840 4496 4496 3840 3840 3840 3840 3840 3840 4496 4496 7092 7092 4495 4495 7092 7092 4496 4496 7092 7092 4495 4495 7100 7100 4494 4494 7100 7100 4495 4495 7100 7100 4494 4494 7099 7099 4491 4491 7099 7099 4494 4494 7099 7099 4491 4491 4490 4490 7101 7101 6571 6571 6570 6570 7102 7102 992 992 978 978 7101 7101 7103 7103 7104 7104 7105 7105 7104 7104 7103 7103 7104 7104 7105 7105 7102 7102 6571 6571 7101 7101 6572 6572 6569 6569 7106 7106 6570 6570 7107 7107 6570 6570 7106 7106 6570 6570 7107 7107 7101 7101 7102 7102 978 978 7104 7104 977 977 7104 7104 978 978 7104 7104 977 977 7108 7108 980 980 7108 7108 977 977 7108 7108 980 980 7109 7109 991 991 7109 7109 980 980 7109 7109 991 991 7110 7110 991 991 990 990 7110 7110 989 989 7110 7110 990 990 7110 7110 989 989 7111 7111 982 982 7111 7111 989 989 7111 7111 982 982 7112 7112 981 981 7112 7112 982 982 7112 7112 981 981 7113 7113 984 984 7113 7113 981 981 7113 7113 984 984 7114 7114 987 987 7114 7114 984 984 7114 7114 987 987 7091 7091 7101 7101 7104 7104 6572 6572 7108 7108 6572 6572 7104 7104 6572 6572 7108 7108 6573 6573 7109 7109 6573 6573 7108 7108 6573 6573 7109 7109 6561 6561 7110 7110 6561 6561 7109 7109 6561 6561 7110 7110 6562 6562 7111 7111 6562 6562 7110 7110 6562 6562 7111 7111 6564 6564 7112 7112 6564 6564 7111 7111 6564 6564 7112 7112 6565 6565 7113 7113 6565 6565 7112 7112 6565 6565 7113 7113 6567 6567 7114 7114 6567 6567 7113 7113 6567 6567 7114 7114 6566 6566 7091 7091 6566 6566 7114 7114 6566 6566 7091 7091 2451 2451 7115 7115 7116 7116 7117 7117 7083 7083 6581 6581 6583 6583 7083 7083 6583 6583 7085 7085 7118 7118 7085 7085 6583 6583 7085 7085 7118 7118 7087 7087 3107 3107 3105 3105 7119 7119 7082 7082 7119 7119 3105 3105 7119 7119 7082 7082 7081 7081 3112 3112 3107 3107 7117 7117 7119 7119 7117 7117 3107 3107 7117 7117 7119 7119 7115 7115 7081 7081 7115 7115 7119 7119 7115 7115 7081 7081 7089 7089 6583 6583 6585 6585 7118 7118 6587 6587 7118 7118 6585 6585 7118 7118 6587 6587 7120 7120 6588 6588 7120 7120 6587 6587 7120 7120 6588 6588 5253 5253 5253 5253 7121 7121 7120 7120 7122 7122 7120 7120 7121 7121 7120 7120 7122 7122 7118 7118 7123 7123 7118 7118 7122 7122 7118 7118 7123 7123 7087 7087 7088 7088 7087 7087 7123 7123 7121 7121 7124 7124 7122 7122 7116 7116 7122 7122 7124 7124 7122 7122 7116 7116 7123 7123 7115 7115 7123 7123 7116 7116 7123 7123 7115 7115 7088 7088 7089 7089 7088 7088 7115 7115 3109 3109 3112 3112 7125 7125 7117 7117 7125 7125 3112 3112 7125 7125 7117 7117 7126 7126 7116 7116 7126 7126 7117 7117 7126 7126 7116 7116 7127 7127 7124 7124 7127 7127 7116 7116 7128 7128 7129 7129 7125 7125 7125 7125 7126 7126 7128 7128 7127 7127 7128 7128 7126 7126 7128 7128 7127 7127 7130 7130 7124 7124 7130 7130 7127 7127 7130 7130 7124 7124 7131 7131 7124 7124 7121 7121 7131 7131 5253 5253 7131 7131 7121 7121 7131 7131 5253 5253 5255 5255 7129 7129 7132 7132 7125 7125 7133 7133 7125 7125 7132 7132 7125 7125 7133 7133 3109 3109 7134 7134 3109 3109 7133 7133 3109 3109 7134 7134 3110 3110 4850 4850 4849 4849 7135 7135 4850 4850 7135 7135 7136 7136 7137 7137 7136 7136 7135 7135 7136 7136 7137 7137 7138 7138 7139 7139 7138 7138 7137 7137 7138 7138 7139 7139 7140 7140 7141 7141 7140 7140 7139 7139 7140 7140 7141 7141 7142 7142 7143 7143 7142 7142 7141 7141 7142 7142 7143 7143 7144 7144 7145 7145 7144 7144 7143 7143 7144 7144 7145 7145 7146 7146 7147 7147 7146 7146 7145 7145 7146 7146 7147 7147 7148 7148 7149 7149 7148 7148 7147 7147 7148 7148 7149 7149 7150 7150 4852 4852 7150 7150 7149 7149 7150 7150 4852 4852 4851 4851 4839 4839 4842 4842 7151 7151 7152 7152 7151 7151 4842 4842 7151 7151 7152 7152 7153 7153 7154 7154 7153 7153 7152 7152 7153 7153 7154 7154 7155 7155 7156 7156 7155 7155 7154 7154 7155 7155 7156 7156 7157 7157 7158 7158 7157 7157 7156 7156 7157 7157 7158 7158 7159 7159 7160 7160 7159 7159 7158 7158 7159 7159 7160 7160 7161 7161 7162 7162 7161 7161 7160 7160 7161 7161 7162 7162 7163 7163 7164 7164 7163 7163 7162 7162 7163 7163 7164 7164 4837 4837 4835 4835 4837 4837 7164 7164 5243 5243 5245 5245 7165 7165 7166 7166 7165 7165 5245 5245 7165 7165 7166 7166 7167 7167 7168 7168 7167 7167 7166 7166 7167 7167 7168 7168 7169 7169 7170 7170 7169 7169 7168 7168 7169 7169 7170 7170 7171 7171 7172 7172 7171 7171 7170 7170 7171 7171 7172 7172 7173 7173 7174 7174 7173 7173 7172 7172 7173 7173 7174 7174 7175 7175 7176 7176 7175 7175 7174 7174 7175 7175 7176 7176 7177 7177 7178 7178 7177 7177 7176 7176 7177 7177 7178 7178 7179 7179 7180 7180 7179 7179 7178 7178 7179 7179 7180 7180 5249 5249 5247 5247 5249 5249 7180 7180 5235 5235 5237 5237 7181 7181 7182 7182 7181 7181 5237 5237 7181 7181 7182 7182 7183 7183 7184 7184 7183 7183 7182 7182 7183 7183 7184 7184 7185 7185 7186 7186 7185 7185 7184 7184 7185 7185 7186 7186 7187 7187 7188 7188 7187 7187 7186 7186 7187 7187 7188 7188 7189 7189 7190 7190 7189 7189 7188 7188 7189 7189 7190 7190 7191 7191 7192 7192 7191 7191 7190 7190 7191 7191 7192 7192 7193 7193 7194 7194 7193 7193 7192 7192 7193 7193 7194 7194 5241 5241 5239 5239 5241 5241 7194 7194 5227 5227 5229 5229 7195 7195 7196 7196 7195 7195 5229 5229 7195 7195 7196 7196 7197 7197 7198 7198 7197 7197 7196 7196 7197 7197 7198 7198 7199 7199 7200 7200 7199 7199 7198 7198 7199 7199 7200 7200 7201 7201 7202 7202 7201 7201 7200 7200 7201 7201 7202 7202 7203 7203 7204 7204 7203 7203 7202 7202 7203 7203 7204 7204 7205 7205 7206 7206 7205 7205 7204 7204 7205 7205 7206 7206 7207 7207 7208 7208 7207 7207 7206 7206 7207 7207 7208 7208 7209 7209 7210 7210 7209 7209 7208 7208 7209 7209 7210 7210 5233 5233 5231 5231 5233 5233 7210 7210 5219 5219 5221 5221 7211 7211 7212 7212 7211 7211 5221 5221 7211 7211 7212 7212 7213 7213 7214 7214 7213 7213 7212 7212 7213 7213 7214 7214 7215 7215 7216 7216 7215 7215 7214 7214 7215 7215 7216 7216 7217 7217 7218 7218 7217 7217 7216 7216 7217 7217 7218 7218 7219 7219 7220 7220 7219 7219 7218 7218 7219 7219 7220 7220 7221 7221 7222 7222 7221 7221 7220 7220 7221 7221 7222 7222 7223 7223 7224 7224 7223 7223 7222 7222 7223 7223 7224 7224 7225 7225 7226 7226 7225 7225 7224 7224 7225 7225 7226 7226 5225 5225 5223 5223 5225 5225 7226 7226 5211 5211 5213 5213 7227 7227 7228 7228 7227 7227 5213 5213 7227 7227 7228 7228 7229 7229 7230 7230 7229 7229 7228 7228 7229 7229 7230 7230 7231 7231 7232 7232 7231 7231 7230 7230 7231 7231 7232 7232 7233 7233 7234 7234 7233 7233 7232 7232 7233 7233 7234 7234 7235 7235 7236 7236 7235 7235 7234 7234 7235 7235 7236 7236 7237 7237 7238 7238 7237 7237 7236 7236 7237 7237 7238 7238 7239 7239 7240 7240 7239 7239 7238 7238 7239 7239 7240 7240 5217 5217 5215 5215 5217 5217 7240 7240 5203 5203 5205 5205 7241 7241 7242 7242 7241 7241 5205 5205 7241 7241 7242 7242 7243 7243 7244 7244 7243 7243 7242 7242 7243 7243 7244 7244 7245 7245 7246 7246 7245 7245 7244 7244 7245 7245 7246 7246 7247 7247 7248 7248 7247 7247 7246 7246 7247 7247 7248 7248 7249 7249 7250 7250 7249 7249 7248 7248 7249 7249 7250 7250 7251 7251 7252 7252 7251 7251 7250 7250 7251 7251 7252 7252 7253 7253 7254 7254 7253 7253 7252 7252 7253 7253 7254 7254 5209 5209 5207 5207 5209 5209 7254 7254 5195 5195 5197 5197 7255 7255 7256 7256 7255 7255 5197 5197 7255 7255 7256 7256 7257 7257 7258 7258 7257 7257 7256 7256 7257 7257 7258 7258 7259 7259 7260 7260 7259 7259 7258 7258 7259 7259 7260 7260 7261 7261 7262 7262 7261 7261 7260 7260 7261 7261 7262 7262 7263 7263 7264 7264 7263 7263 7262 7262 7263 7263 7264 7264 7265 7265 7266 7266 7265 7265 7264 7264 7265 7265 7266 7266 7267 7267 7268 7268 7267 7267 7266 7266 7267 7267 7268 7268 5201 5201 5199 5199 5201 5201 7268 7268 5187 5187 5189 5189 7269 7269 7270 7270 7269 7269 5189 5189 7269 7269 7270 7270 7271 7271 7272 7272 7271 7271 7270 7270 7271 7271 7272 7272 7273 7273 7274 7274 7273 7273 7272 7272 7273 7273 7274 7274 7275 7275 7276 7276 7275 7275 7274 7274 7275 7275 7276 7276 7277 7277 7278 7278 7277 7277 7276 7276 7277 7277 7278 7278 7279 7279 7280 7280 7279 7279 7278 7278 7279 7279 7280 7280 7281 7281 7282 7282 7281 7281 7280 7280 7281 7281 7282 7282 5193 5193 5191 5191 5193 5193 7282 7282 5179 5179 5181 5181 7283 7283 7284 7284 7283 7283 5181 5181 7283 7283 7284 7284 7285 7285 7286 7286 7285 7285 7284 7284 7285 7285 7286 7286 7287 7287 7288 7288 7287 7287 7286 7286 7287 7287 7288 7288 7289 7289 7290 7290 7289 7289 7288 7288 7289 7289 7290 7290 7291 7291 7292 7292 7291 7291 7290 7290 7291 7291 7292 7292 7293 7293 7294 7294 7293 7293 7292 7292 7293 7293 7294 7294 7295 7295 7296 7296 7295 7295 7294 7294 7295 7295 7296 7296 5185 5185 5183 5183 5185 5185 7296 7296 5171 5171 5173 5173 7297 7297 7298 7298 7297 7297 5173 5173 7297 7297 7298 7298 7299 7299 7300 7300 7299 7299 7298 7298 7299 7299 7300 7300 7301 7301 7302 7302 7301 7301 7300 7300 7301 7301 7302 7302 7303 7303 7304 7304 7303 7303 7302 7302 7303 7303 7304 7304 7305 7305 7306 7306 7305 7305 7304 7304 7305 7305 7306 7306 7307 7307 7308 7308 7307 7307 7306 7306 7307 7307 7308 7308 7309 7309 7310 7310 7309 7309 7308 7308 7309 7309 7310 7310 7311 7311 7312 7312 7311 7311 7310 7310 7311 7311 7312 7312 5177 5177 5175 5175 5177 5177 7312 7312 5163 5163 5165 5165 7313 7313 7314 7314 7313 7313 5165 5165 7313 7313 7314 7314 7315 7315 7316 7316 7315 7315 7314 7314 7315 7315 7316 7316 7317 7317 7318 7318 7317 7317 7316 7316 7317 7317 7318 7318 7319 7319 7320 7320 7319 7319 7318 7318 7319 7319 7320 7320 7321 7321 7322 7322 7321 7321 7320 7320 7321 7321 7322 7322 7323 7323 7324 7324 7323 7323 7322 7322 7323 7323 7324 7324 7325 7325 7326 7326 7325 7325 7324 7324 7325 7325 7326 7326 5169 5169 5167 5167 5169 5169 7326 7326 5155 5155 5157 5157 7327 7327 7328 7328 7327 7327 5157 5157 7327 7327 7328 7328 7329 7329 7330 7330 7329 7329 7328 7328 7329 7329 7330 7330 7331 7331 7332 7332 7331 7331 7330 7330 7331 7331 7332 7332 7333 7333 7334 7334 7333 7333 7332 7332 7333 7333 7334 7334 7335 7335 7336 7336 7335 7335 7334 7334 7335 7335 7336 7336 7337 7337 7338 7338 7337 7337 7336 7336 7337 7337 7338 7338 7339 7339 7340 7340 7339 7339 7338 7338 7339 7339 7340 7340 7341 7341 7342 7342 7341 7341 7340 7340 7341 7341 7342 7342 5161 5161 5159 5159 5161 5161 7342 7342 5147 5147 5149 5149 7343 7343 7344 7344 7343 7343 5149 5149 7343 7343 7344 7344 7345 7345 7346 7346 7345 7345 7344 7344 7345 7345 7346 7346 7347 7347 7348 7348 7347 7347 7346 7346 7347 7347 7348 7348 7349 7349 7350 7350 7349 7349 7348 7348 7349 7349 7350 7350 7351 7351 7352 7352 7351 7351 7350 7350 7351 7351 7352 7352 7353 7353 7354 7354 7353 7353 7352 7352 7353 7353 7354 7354 7355 7355 7356 7356 7355 7355 7354 7354 7355 7355 7356 7356 7357 7357 7358 7358 7357 7357 7356 7356 7357 7357 7358 7358 5153 5153 5151 5151 5153 5153 7358 7358 5139 5139 5141 5141 7359 7359 7360 7360 7359 7359 5141 5141 7359 7359 7360 7360 7361 7361 7362 7362 7361 7361 7360 7360 7361 7361 7362 7362 7363 7363 7364 7364 7363 7363 7362 7362 7363 7363 7364 7364 7365 7365 7366 7366 7365 7365 7364 7364 7365 7365 7366 7366 7367 7367 7368 7368 7367 7367 7366 7366 7367 7367 7368 7368 7369 7369 7370 7370 7369 7369 7368 7368 7369 7369 7370 7370 7371 7371 7372 7372 7371 7371 7370 7370 7371 7371 7372 7372 5145 5145 5143 5143 5145 5145 7372 7372 5131 5131 5133 5133 7373 7373 7374 7374 7373 7373 5133 5133 7373 7373 7374 7374 7375 7375 7376 7376 7375 7375 7374 7374 7375 7375 7376 7376 7377 7377 7378 7378 7377 7377 7376 7376 7377 7377 7378 7378 7379 7379 7380 7380 7379 7379 7378 7378 7379 7379 7380 7380 7381 7381 7382 7382 7381 7381 7380 7380 7381 7381 7382 7382 7383 7383 7384 7384 7383 7383 7382 7382 7383 7383 7384 7384 7385 7385 7386 7386 7385 7385 7384 7384 7385 7385 7386 7386 7387 7387 7388 7388 7387 7387 7386 7386 7387 7387 7388 7388 5137 5137 5135 5135 5137 5137 7388 7388 5123 5123 5125 5125 7389 7389 7390 7390 7389 7389 5125 5125 7389 7389 7390 7390 7391 7391 7392 7392 7391 7391 7390 7390 7391 7391 7392 7392 7393 7393 7394 7394 7393 7393 7392 7392 7393 7393 7394 7394 7395 7395 7396 7396 7395 7395 7394 7394 7395 7395 7396 7396 7397 7397 7398 7398 7397 7397 7396 7396 7397 7397 7398 7398 7399 7399 7400 7400 7399 7399 7398 7398 7399 7399 7400 7400 7401 7401 7402 7402 7401 7401 7400 7400 7401 7401 7402 7402 5129 5129 5127 5127 5129 5129 7402 7402 5115 5115 5117 5117 7403 7403 7404 7404 7403 7403 5117 5117 7403 7403 7404 7404 7405 7405 7406 7406 7405 7405 7404 7404 7405 7405 7406 7406 7407 7407 7408 7408 7407 7407 7406 7406 7407 7407 7408 7408 7409 7409 7410 7410 7409 7409 7408 7408 7409 7409 7410 7410 7411 7411 7412 7412 7411 7411 7410 7410 7411 7411 7412 7412 7413 7413 7414 7414 7413 7413 7412 7412 7413 7413 7414 7414 7415 7415 7416 7416 7415 7415 7414 7414 7415 7415 7416 7416 7417 7417 7418 7418 7417 7417 7416 7416 7417 7417 7418 7418 5121 5121 5119 5119 5121 5121 7418 7418 5107 5107 5109 5109 7419 7419 7420 7420 7419 7419 5109 5109 7419 7419 7420 7420 7421 7421 7422 7422 7421 7421 7420 7420 7421 7421 7422 7422 7423 7423 7424 7424 7423 7423 7422 7422 7423 7423 7424 7424 7425 7425 7426 7426 7425 7425 7424 7424 7425 7425 7426 7426 7427 7427 7428 7428 7427 7427 7426 7426 7427 7427 7428 7428 7429 7429 7430 7430 7429 7429 7428 7428 7429 7429 7430 7430 7431 7431 7432 7432 7431 7431 7430 7430 7431 7431 7432 7432 5113 5113 5111 5111 5113 5113 7432 7432 5099 5099 5101 5101 7433 7433 7434 7434 7433 7433 5101 5101 7433 7433 7434 7434 7435 7435 7436 7436 7435 7435 7434 7434 7435 7435 7436 7436 7437 7437 7438 7438 7437 7437 7436 7436 7437 7437 7438 7438 7439 7439 7440 7440 7439 7439 7438 7438 7439 7439 7440 7440 7441 7441 7442 7442 7441 7441 7440 7440 7441 7441 7442 7442 7443 7443 7444 7444 7443 7443 7442 7442 7443 7443 7444 7444 7445 7445 7446 7446 7445 7445 7444 7444 7445 7445 7446 7446 5105 5105 5103 5103 5105 5105 7446 7446 5091 5091 5093 5093 7447 7447 7448 7448 7447 7447 5093 5093 7447 7447 7448 7448 7449 7449 7450 7450 7449 7449 7448 7448 7449 7449 7450 7450 7451 7451 7452 7452 7451 7451 7450 7450 7451 7451 7452 7452 7453 7453 7454 7454 7453 7453 7452 7452 7453 7453 7454 7454 7455 7455 7456 7456 7455 7455 7454 7454 7455 7455 7456 7456 7457 7457 7458 7458 7457 7457 7456 7456 7457 7457 7458 7458 7459 7459 7460 7460 7459 7459 7458 7458 7459 7459 7460 7460 7461 7461 7462 7462 7461 7461 7460 7460 7461 7461 7462 7462 5097 5097 5095 5095 5097 5097 7462 7462 5083 5083 5085 5085 7463 7463 7464 7464 7463 7463 5085 5085 7463 7463 7464 7464 7465 7465 7466 7466 7465 7465 7464 7464 7465 7465 7466 7466 7467 7467 7468 7468 7467 7467 7466 7466 7467 7467 7468 7468 7469 7469 7470 7470 7469 7469 7468 7468 7469 7469 7470 7470 7471 7471 7472 7472 7471 7471 7470 7470 7471 7471 7472 7472 7473 7473 7474 7474 7473 7473 7472 7472 7473 7473 7474 7474 7475 7475 7476 7476 7475 7475 7474 7474 7475 7475 7476 7476 5089 5089 5087 5087 5089 5089 7476 7476 5067 5067 5069 5069 7477 7477 7478 7478 7477 7477 5069 5069 7477 7477 7478 7478 7479 7479 7480 7480 7479 7479 7478 7478 7479 7479 7480 7480 7481 7481 7482 7482 7481 7481 7480 7480 7481 7481 7482 7482 7483 7483 7484 7484 7483 7483 7482 7482 7483 7483 7484 7484 7485 7485 7486 7486 7485 7485 7484 7484 7485 7485 7486 7486 7487 7487 7488 7488 7487 7487 7486 7486 7487 7487 7488 7488 7489 7489 7490 7490 7489 7489 7488 7488 7489 7489 7490 7490 5073 5073 5071 5071 5073 5073 7490 7490 5075 5075 5077 5077 7491 7491 7492 7492 7491 7491 5077 5077 7491 7491 7492 7492 7493 7493 7494 7494 7493 7493 7492 7492 7493 7493 7494 7494 7495 7495 7496 7496 7495 7495 7494 7494 7495 7495 7496 7496 7497 7497 7498 7498 7497 7497 7496 7496 7497 7497 7498 7498 7499 7499 7500 7500 7499 7499 7498 7498 7499 7499 7500 7500 7501 7501 7502 7502 7501 7501 7500 7500 7501 7501 7502 7502 7503 7503 7504 7504 7503 7503 7502 7502 7503 7503 7504 7504 7505 7505 7506 7506 7505 7505 7504 7504 7505 7505 7506 7506 5081 5081 5079 5079 5081 5081 7506 7506 5059 5059 5061 5061 7507 7507 7508 7508 7507 7507 5061 5061 7507 7507 7508 7508 7509 7509 7510 7510 7509 7509 7508 7508 7509 7509 7510 7510 7511 7511 7512 7512 7511 7511 7510 7510 7511 7511 7512 7512 7513 7513 7514 7514 7513 7513 7512 7512 7513 7513 7514 7514 7515 7515 7516 7516 7515 7515 7514 7514 7515 7515 7516 7516 7517 7517 7518 7518 7517 7517 7516 7516 7517 7517 7518 7518 7519 7519 7520 7520 7519 7519 7518 7518 7519 7519 7520 7520 5065 5065 5063 5063 5065 5065 7520 7520 5051 5051 5053 5053 7521 7521 7522 7522 7521 7521 5053 5053 7521 7521 7522 7522 7523 7523 7524 7524 7523 7523 7522 7522 7523 7523 7524 7524 7525 7525 7526 7526 7525 7525 7524 7524 7525 7525 7526 7526 7527 7527 7528 7528 7527 7527 7526 7526 7527 7527 7528 7528 7529 7529 7530 7530 7529 7529 7528 7528 7529 7529 7530 7530 7531 7531 7532 7532 7531 7531 7530 7530 7531 7531 7532 7532 7533 7533 7534 7534 7533 7533 7532 7532 7533 7533 7534 7534 5057 5057 5055 5055 5057 5057 7534 7534 5043 5043 5045 5045 7535 7535 7536 7536 7535 7535 5045 5045 7535 7535 7536 7536 7537 7537 7538 7538 7537 7537 7536 7536 7537 7537 7538 7538 7539 7539 7540 7540 7539 7539 7538 7538 7539 7539 7540 7540 7541 7541 7542 7542 7541 7541 7540 7540 7541 7541 7542 7542 7543 7543 7544 7544 7543 7543 7542 7542 7543 7543 7544 7544 7545 7545 7546 7546 7545 7545 7544 7544 7545 7545 7546 7546 7547 7547 7548 7548 7547 7547 7546 7546 7547 7547 7548 7548 5049 5049 5047 5047 5049 5049 7548 7548 5035 5035 5037 5037 7549 7549 7550 7550 7549 7549 5037 5037 7549 7549 7550 7550 7551 7551 7552 7552 7551 7551 7550 7550 7551 7551 7552 7552 7553 7553 7554 7554 7553 7553 7552 7552 7553 7553 7554 7554 7555 7555 7556 7556 7555 7555 7554 7554 7555 7555 7556 7556 7557 7557 7558 7558 7557 7557 7556 7556 7557 7557 7558 7558 7559 7559 7560 7560 7559 7559 7558 7558 7559 7559 7560 7560 7561 7561 7562 7562 7561 7561 7560 7560 7561 7561 7562 7562 7563 7563 7564 7564 7563 7563 7562 7562 7563 7563 7564 7564 5041 5041 5039 5039 5041 5041 7564 7564 5027 5027 5029 5029 7565 7565 7566 7566 7565 7565 5029 5029 7565 7565 7566 7566 7567 7567 7568 7568 7567 7567 7566 7566 7567 7567 7568 7568 7569 7569 7570 7570 7569 7569 7568 7568 7569 7569 7570 7570 7571 7571 7572 7572 7571 7571 7570 7570 7571 7571 7572 7572 7573 7573 7574 7574 7573 7573 7572 7572 7573 7573 7574 7574 7575 7575 7576 7576 7575 7575 7574 7574 7575 7575 7576 7576 7577 7577 7578 7578 7577 7577 7576 7576 7577 7577 7578 7578 5033 5033 5031 5031 5033 5033 7578 7578 5019 5019 5021 5021 7579 7579 7580 7580 7579 7579 5021 5021 7579 7579 7580 7580 7581 7581 7582 7582 7581 7581 7580 7580 7581 7581 7582 7582 7583 7583 7584 7584 7583 7583 7582 7582 7583 7583 7584 7584 7585 7585 7586 7586 7585 7585 7584 7584 7585 7585 7586 7586 7587 7587 7588 7588 7587 7587 7586 7586 7587 7587 7588 7588 7589 7589 7590 7590 7589 7589 7588 7588 7589 7589 7590 7590 7591 7591 7592 7592 7591 7591 7590 7590 7591 7591 7592 7592 5025 5025 5023 5023 5025 5025 7592 7592 5011 5011 5013 5013 7593 7593 7594 7594 7593 7593 5013 5013 7593 7593 7594 7594 7595 7595 7596 7596 7595 7595 7594 7594 7595 7595 7596 7596 7597 7597 7598 7598 7597 7597 7596 7596 7597 7597 7598 7598 7599 7599 7600 7600 7599 7599 7598 7598 7599 7599 7600 7600 7601 7601 7602 7602 7601 7601 7600 7600 7601 7601 7602 7602 7603 7603 7604 7604 7603 7603 7602 7602 7603 7603 7604 7604 7605 7605 7606 7606 7605 7605 7604 7604 7605 7605 7606 7606 5017 5017 5015 5015 5017 5017 7606 7606 5003 5003 5005 5005 7607 7607 7608 7608 7607 7607 5005 5005 7607 7607 7608 7608 7609 7609 7610 7610 7609 7609 7608 7608 7609 7609 7610 7610 7611 7611 7612 7612 7611 7611 7610 7610 7611 7611 7612 7612 7613 7613 7614 7614 7613 7613 7612 7612 7613 7613 7614 7614 7615 7615 7616 7616 7615 7615 7614 7614 7615 7615 7616 7616 7617 7617 7618 7618 7617 7617 7616 7616 7617 7617 7618 7618 7619 7619 7620 7620 7619 7619 7618 7618 7619 7619 7620 7620 7621 7621 7622 7622 7621 7621 7620 7620 7621 7621 7622 7622 5009 5009 5007 5007 5009 5009 7622 7622 4995 4995 4997 4997 7623 7623 7624 7624 7623 7623 4997 4997 7623 7623 7624 7624 7625 7625 7626 7626 7625 7625 7624 7624 7625 7625 7626 7626 7627 7627 7628 7628 7627 7627 7626 7626 7627 7627 7628 7628 7629 7629 7630 7630 7629 7629 7628 7628 7629 7629 7630 7630 7631 7631 7632 7632 7631 7631 7630 7630 7631 7631 7632 7632 7633 7633 7634 7634 7633 7633 7632 7632 7633 7633 7634 7634 7635 7635 7636 7636 7635 7635 7634 7634 7635 7635 7636 7636 5001 5001 4999 4999 5001 5001 7636 7636 4987 4987 4989 4989 7637 7637 7638 7638 7637 7637 4989 4989 7637 7637 7638 7638 7639 7639 7640 7640 7639 7639 7638 7638 7639 7639 7640 7640 7641 7641 7642 7642 7641 7641 7640 7640 7641 7641 7642 7642 7643 7643 7644 7644 7643 7643 7642 7642 7643 7643 7644 7644 7645 7645 7646 7646 7645 7645 7644 7644 7645 7645 7646 7646 7647 7647 7648 7648 7647 7647 7646 7646 7647 7647 7648 7648 7649 7649 7650 7650 7649 7649 7648 7648 7649 7649 7650 7650 4993 4993 4991 4991 4993 4993 7650 7650 4979 4979 4981 4981 7651 7651 7652 7652 7651 7651 4981 4981 7651 7651 7652 7652 7653 7653 7654 7654 7653 7653 7652 7652 7653 7653 7654 7654 7655 7655 7656 7656 7655 7655 7654 7654 7655 7655 7656 7656 7657 7657 7658 7658 7657 7657 7656 7656 7657 7657 7658 7658 7659 7659 7660 7660 7659 7659 7658 7658 7659 7659 7660 7660 7661 7661 7662 7662 7661 7661 7660 7660 7661 7661 7662 7662 7663 7663 7664 7664 7663 7663 7662 7662 7663 7663 7664 7664 7665 7665 7666 7666 7665 7665 7664 7664 7665 7665 7666 7666 4985 4985 4983 4983 4985 4985 7666 7666 4971 4971 4973 4973 7667 7667 7668 7668 7667 7667 4973 4973 7667 7667 7668 7668 7669 7669 7670 7670 7669 7669 7668 7668 7669 7669 7670 7670 7671 7671 7672 7672 7671 7671 7670 7670 7671 7671 7672 7672 7673 7673 7674 7674 7673 7673 7672 7672 7673 7673 7674 7674 7675 7675 7676 7676 7675 7675 7674 7674 7675 7675 7676 7676 7677 7677 7678 7678 7677 7677 7676 7676 7677 7677 7678 7678 7679 7679 7680 7680 7679 7679 7678 7678 7679 7679 7680 7680 4977 4977 4975 4975 4977 4977 7680 7680 4963 4963 4965 4965 7681 7681 7682 7682 7681 7681 4965 4965 7681 7681 7682 7682 7683 7683 7684 7684 7683 7683 7682 7682 7683 7683 7684 7684 7685 7685 7686 7686 7685 7685 7684 7684 7685 7685 7686 7686 7687 7687 7688 7688 7687 7687 7686 7686 7687 7687 7688 7688 7689 7689 7690 7690 7689 7689 7688 7688 7689 7689 7690 7690 7691 7691 7692 7692 7691 7691 7690 7690 7691 7691 7692 7692 7693 7693 7694 7694 7693 7693 7692 7692 7693 7693 7694 7694 7695 7695 7696 7696 7695 7695 7694 7694 7695 7695 7696 7696 4969 4969 4967 4967 4969 4969 7696 7696 4955 4955 4957 4957 7697 7697 7698 7698 7697 7697 4957 4957 7697 7697 7698 7698 7699 7699 7700 7700 7699 7699 7698 7698 7699 7699 7700 7700 7701 7701 7702 7702 7701 7701 7700 7700 7701 7701 7702 7702 7703 7703 7704 7704 7703 7703 7702 7702 7703 7703 7704 7704 7705 7705 7706 7706 7705 7705 7704 7704 7705 7705 7706 7706 7707 7707 7708 7708 7707 7707 7706 7706 7707 7707 7708 7708 7709 7709 7710 7710 7709 7709 7708 7708 7709 7709 7710 7710 4961 4961 4959 4959 4961 4961 7710 7710 4947 4947 4949 4949 7711 7711 7712 7712 7711 7711 4949 4949 7711 7711 7712 7712 7713 7713 7714 7714 7713 7713 7712 7712 7713 7713 7714 7714 7715 7715 7716 7716 7715 7715 7714 7714 7715 7715 7716 7716 7717 7717 7718 7718 7717 7717 7716 7716 7717 7717 7718 7718 7719 7719 7720 7720 7719 7719 7718 7718 7719 7719 7720 7720 7721 7721 7722 7722 7721 7721 7720 7720 7721 7721 7722 7722 7723 7723 7724 7724 7723 7723 7722 7722 7723 7723 7724 7724 7725 7725 7726 7726 7725 7725 7724 7724 7725 7725 7726 7726 4953 4953 4951 4951 4953 4953 7726 7726 4939 4939 4941 4941 7727 7727 7728 7728 7727 7727 4941 4941 7727 7727 7728 7728 7729 7729 7730 7730 7729 7729 7728 7728 7729 7729 7730 7730 7731 7731 7732 7732 7731 7731 7730 7730 7731 7731 7732 7732 7733 7733 7734 7734 7733 7733 7732 7732 7733 7733 7734 7734 7735 7735 7736 7736 7735 7735 7734 7734 7735 7735 7736 7736 7737 7737 7738 7738 7737 7737 7736 7736 7737 7737 7738 7738 7739 7739 7740 7740 7739 7739 7738 7738 7739 7739 7740 7740 4945 4945 4943 4943 4945 4945 7740 7740 4931 4931 4933 4933 7741 7741 7742 7742 7741 7741 4933 4933 7741 7741 7742 7742 7743 7743 7744 7744 7743 7743 7742 7742 7743 7743 7744 7744 7745 7745 7746 7746 7745 7745 7744 7744 7745 7745 7746 7746 7747 7747 7748 7748 7747 7747 7746 7746 7747 7747 7748 7748 7749 7749 7750 7750 7749 7749 7748 7748 7749 7749 7750 7750 7751 7751 7752 7752 7751 7751 7750 7750 7751 7751 7752 7752 7753 7753 7754 7754 7753 7753 7752 7752 7753 7753 7754 7754 4937 4937 4935 4935 4937 4937 7754 7754 4923 4923 4925 4925 7755 7755 7756 7756 7755 7755 4925 4925 7755 7755 7756 7756 7757 7757 7758 7758 7757 7757 7756 7756 7757 7757 7758 7758 7759 7759 7760 7760 7759 7759 7758 7758 7759 7759 7760 7760 7761 7761 7762 7762 7761 7761 7760 7760 7761 7761 7762 7762 7763 7763 7764 7764 7763 7763 7762 7762 7763 7763 7764 7764 7765 7765 7766 7766 7765 7765 7764 7764 7765 7765 7766 7766 7767 7767 7768 7768 7767 7767 7766 7766 7767 7767 7768 7768 7769 7769 7770 7770 7769 7769 7768 7768 7769 7769 7770 7770 4929 4929 4927 4927 4929 4929 7770 7770 4915 4915 4917 4917 7771 7771 7772 7772 7771 7771 4917 4917 7771 7771 7772 7772 7773 7773 7774 7774 7773 7773 7772 7772 7773 7773 7774 7774 7775 7775 7776 7776 7775 7775 7774 7774 7775 7775 7776 7776 7777 7777 7778 7778 7777 7777 7776 7776 7777 7777 7778 7778 7779 7779 7780 7780 7779 7779 7778 7778 7779 7779 7780 7780 7781 7781 7782 7782 7781 7781 7780 7780 7781 7781 7782 7782 7783 7783 7784 7784 7783 7783 7782 7782 7783 7783 7784 7784 4921 4921 4919 4919 4921 4921 7784 7784 4907 4907 4909 4909 7785 7785 7786 7786 7785 7785 4909 4909 7785 7785 7786 7786 7787 7787 7788 7788 7787 7787 7786 7786 7787 7787 7788 7788 7789 7789 7790 7790 7789 7789 7788 7788 7789 7789 7790 7790 7791 7791 7792 7792 7791 7791 7790 7790 7791 7791 7792 7792 7793 7793 7794 7794 7793 7793 7792 7792 7793 7793 7794 7794 7795 7795 7796 7796 7795 7795 7794 7794 7795 7795 7796 7796 7797 7797 7798 7798 7797 7797 7796 7796 7797 7797 7798 7798 7799 7799 7800 7800 7799 7799 7798 7798 7799 7799 7800 7800 4913 4913 4911 4911 4913 4913 7800 7800 4899 4899 4901 4901 7801 7801 7802 7802 7801 7801 4901 4901 7801 7801 7802 7802 7803 7803 7804 7804 7803 7803 7802 7802 7803 7803 7804 7804 7805 7805 7806 7806 7805 7805 7804 7804 7805 7805 7806 7806 7807 7807 7808 7808 7807 7807 7806 7806 7807 7807 7808 7808 7809 7809 7810 7810 7809 7809 7808 7808 7809 7809 7810 7810 7811 7811 7812 7812 7811 7811 7810 7810 7811 7811 7812 7812 7813 7813 7814 7814 7813 7813 7812 7812 7813 7813 7814 7814 4905 4905 4903 4903 4905 4905 7814 7814 4891 4891 4893 4893 7815 7815 7816 7816 7815 7815 4893 4893 7815 7815 7816 7816 7817 7817 7818 7818 7817 7817 7816 7816 7817 7817 7818 7818 7819 7819 7820 7820 7819 7819 7818 7818 7819 7819 7820 7820 7821 7821 7822 7822 7821 7821 7820 7820 7821 7821 7822 7822 7823 7823 7824 7824 7823 7823 7822 7822 7823 7823 7824 7824 7825 7825 7826 7826 7825 7825 7824 7824 7825 7825 7826 7826 7827 7827 7828 7828 7827 7827 7826 7826 7827 7827 7828 7828 7829 7829 7830 7830 7829 7829 7828 7828 7829 7829 7830 7830 4897 4897 4895 4895 4897 4897 7830 7830 4883 4883 4885 4885 7831 7831 7832 7832 7831 7831 4885 4885 7831 7831 7832 7832 7833 7833 7834 7834 7833 7833 7832 7832 7833 7833 7834 7834 7835 7835 7836 7836 7835 7835 7834 7834 7835 7835 7836 7836 7837 7837 7838 7838 7837 7837 7836 7836 7837 7837 7838 7838 7839 7839 7840 7840 7839 7839 7838 7838 7839 7839 7840 7840 7841 7841 7842 7842 7841 7841 7840 7840 7841 7841 7842 7842 7843 7843 7844 7844 7843 7843 7842 7842 7843 7843 7844 7844 7845 7845 7846 7846 7845 7845 7844 7844 7845 7845 7846 7846 4889 4889 4887 4887 4889 4889 7846 7846 4875 4875 4877 4877 7847 7847 7848 7848 7847 7847 4877 4877 7847 7847 7848 7848 7849 7849 7850 7850 7849 7849 7848 7848 7849 7849 7850 7850 7851 7851 7852 7852 7851 7851 7850 7850 7851 7851 7852 7852 7853 7853 7854 7854 7853 7853 7852 7852 7853 7853 7854 7854 7855 7855 7856 7856 7855 7855 7854 7854 7855 7855 7856 7856 7857 7857 7858 7858 7857 7857 7856 7856 7857 7857 7858 7858 7859 7859 7860 7860 7859 7859 7858 7858 7859 7859 7860 7860 4881 4881 4879 4879 4881 4881 7860 7860 4867 4867 4869 4869 7861 7861 7862 7862 7861 7861 4869 4869 7861 7861 7862 7862 7863 7863 7864 7864 7863 7863 7862 7862 7863 7863 7864 7864 7865 7865 7866 7866 7865 7865 7864 7864 7865 7865 7866 7866 7867 7867 7868 7868 7867 7867 7866 7866 7867 7867 7868 7868 7869 7869 7870 7870 7869 7869 7868 7868 7869 7869 7870 7870 7871 7871 7872 7872 7871 7871 7870 7870 7871 7871 7872 7872 7873 7873 7874 7874 7873 7873 7872 7872 7873 7873 7874 7874 4873 4873 4871 4871 4873 4873 7874 7874 7875 7875 7876 7876 7877 7877 7875 7875 7877 7877 7878 7878 7877 7877 7879 7879 7878 7878 7880 7880 7878 7878 7879 7879 7878 7878 7880 7880 7881 7881 7882 7882 7881 7881 7880 7880 7881 7881 7882 7882 7883 7883 7884 7884 7883 7883 7882 7882 7883 7883 7884 7884 7885 7885 7886 7886 7885 7885 7884 7884 7885 7885 7886 7886 7887 7887 4865 4865 7887 7887 7886 7886 7887 7887 4865 4865 4866 4866 4857 4857 4859 4859 7888 7888 7889 7889 7888 7888 4859 4859 7888 7888 7889 7889 7890 7890 7875 7875 7891 7891 7876 7876 7892 7892 7876 7876 7891 7891 7876 7876 7892 7892 7893 7893 7890 7890 7893 7893 7892 7892 7893 7893 7890 7890 7894 7894 7889 7889 7894 7894 7890 7890 7895 7895 7896 7896 7897 7897 7897 7897 7898 7898 7895 7895 7899 7899 7895 7895 7898 7898 7895 7895 7899 7899 7900 7900 7900 7900 7901 7901 7895 7895 7902 7902 7895 7895 7901 7901 7895 7895 7902 7902 7903 7903 7904 7904 7903 7903 7902 7902 7903 7903 7904 7904 7905 7905 7905 7905 7906 7906 7903 7903 7907 7907 7903 7903 7906 7906 7903 7903 7907 7907 7908 7908 7908 7908 7909 7909 7903 7903 7910 7910 7903 7903 7909 7909 7903 7903 7910 7910 7911 7911 7912 7912 7913 7913 7914 7914 7915 7915 7916 7916 7917 7917 7916 7916 7918 7918 7917 7917 7919 7919 7917 7917 7918 7918 7917 7917 7919 7919 7920 7920 7920 7920 7921 7921 7917 7917 7922 7922 7917 7917 7921 7921 7917 7917 7922 7922 7923 7923 7924 7924 7925 7925 7912 7912 7926 7926 7912 7912 7925 7925 7926 7926 7927 7927 7912 7912 7928 7928 7912 7912 7927 7927 7912 7912 7928 7928 7913 7913 7896 7896 7895 7895 7929 7929 7903 7903 7929 7929 7895 7895 7929 7929 7903 7903 7930 7930 7931 7931 7930 7930 7903 7903 7930 7930 7931 7931 7932 7932 7933 7933 7932 7932 7931 7931 7932 7932 7933 7933 7934 7934 7935 7935 7934 7934 7933 7933 7934 7934 7935 7935 7936 7936 7937 7937 7936 7936 7935 7935 7936 7936 7937 7937 7938 7938 7939 7939 7938 7938 7937 7937 7938 7938 7939 7939 7940 7940 7941 7941 7940 7940 7939 7939 7940 7940 7941 7941 7914 7914 7917 7917 7914 7914 7941 7941 7914 7914 7917 7917 7912 7912 7923 7923 7912 7912 7917 7917 7912 7912 7923 7923 7924 7924 7942 7942 7943 7943 7944 7944 7945 7945 7944 7944 7943 7943 7944 7944 7945 7945 7946 7946 7947 7947 7948 7948 7949 7949 7950 7950 7949 7949 7948 7948 7950 7950 7951 7951 7949 7949 7952 7952 7949 7949 7951 7951 7949 7949 7952 7952 7953 7953 7954 7954 7955 7955 7944 7944 7956 7956 7944 7944 7955 7955 7944 7944 7956 7956 7957 7957 7957 7957 7958 7958 7944 7944 7959 7959 7944 7944 7958 7958 7944 7944 7959 7959 7942 7942 7960 7960 7961 7961 7962 7962 7963 7963 7962 7962 7961 7961 7962 7962 7963 7963 7964 7964 7964 7964 7965 7965 7962 7962 7966 7966 7962 7962 7965 7965 7962 7962 7966 7966 7967 7967 7967 7967 7968 7968 7962 7962 7969 7969 7962 7962 7968 7968 7962 7962 7969 7969 7970 7970 7970 7970 7971 7971 7962 7962 7972 7972 7962 7962 7971 7971 7962 7962 7972 7972 7973 7973 7953 7953 7974 7974 7949 7949 7954 7954 7949 7949 7974 7974 7949 7949 7954 7954 7947 7947 7944 7944 7947 7947 7954 7954 7947 7947 7944 7944 7975 7975 7976 7976 7975 7975 7944 7944 7975 7975 7976 7976 7977 7977 7978 7978 7977 7977 7976 7976 7977 7977 7978 7978 7979 7979 7980 7980 7979 7979 7978 7978 7979 7979 7980 7980 7981 7981 7982 7982 7981 7981 7980 7980 7981 7981 7982 7982 7983 7983 7984 7984 7983 7983 7982 7982 7983 7983 7984 7984 7985 7985 7986 7986 7985 7985 7984 7984 7985 7985 7986 7986 7987 7987 7962 7962 7987 7987 7986 7986 7987 7987 7962 7962 7988 7988 7973 7973 7988 7988 7962 7962 7946 7946 7989 7989 7944 7944 7990 7990 7944 7944 7989 7989 7944 7944 7990 7990 7991 7991 7992 7992 7991 7991 7990 7990 7991 7991 7992 7992 7993 7993 7994 7994 7993 7993 7992 7992 7993 7993 7994 7994 7995 7995 7996 7996 7995 7995 7994 7994 7995 7995 7996 7996 7997 7997 7998 7998 7997 7997 7996 7996 7997 7997 7998 7998 7999 7999 8000 8000 7999 7999 7998 7998 7999 7999 8000 8000 8001 8001 8002 8002 8001 8001 8000 8000 8001 8001 8002 8002 8003 8003 8004 8004 8003 8003 8002 8002 8003 8003 8004 8004 8005 8005 8006 8006 8005 8005 8004 8004 8005 8005 8006 8006 7917 7917 8007 8007 7917 7917 8006 8006 7917 7917 8007 8007 7915 7915 7911 7911 8008 8008 7903 7903 8009 8009 7903 7903 8008 8008 7903 7903 8009 8009 8010 8010 8011 8011 8010 8010 8009 8009 8010 8010 8011 8011 8012 8012 8013 8013 8012 8012 8011 8011 8012 8012 8013 8013 8014 8014 8015 8015 8014 8014 8013 8013 8014 8014 8015 8015 8016 8016 8017 8017 8016 8016 8015 8015 8016 8016 8017 8017 8018 8018 8019 8019 8018 8018 8017 8017 8018 8018 8019 8019 8020 8020 8021 8021 8020 8020 8019 8019 8020 8020 8021 8021 8022 8022 8023 8023 8022 8022 8021 8021 8022 8022 8023 8023 8024 8024 8025 8025 8024 8024 8023 8023 8024 8024 8025 8025 8026 8026 8027 8027 8026 8026 8025 8025 8026 8026 8027 8027 8028 8028 8029 8029 8028 8028 8027 8027 8028 8028 8029 8029 7962 7962 8030 8030 7962 7962 8029 8029 7962 7962 8030 8030 7960 7960</p>
        </triangles>
      </mesh>
    </geometry>
  </library_geometries>
  <library_materials>
    <material id="7a241e20e34b4962b8da615e295797f3" name="defaultmaterial">
      <instance_effect url="#67f84244552c424fb3fbd8f669932504"/>
    </material>
  </library_materials>
  <library_visual_scenes>
    <visual_scene id="scene">
      <node id="node0" name="node0">
        <instance_geometry url="#07fa90a33871414f9dbdc78b3e5ad66d">
          <bind_material>
            <technique_common>
              <instance_material symbol="material0" target="#7a241e20e34b4962b8da615e295797f3"/>
            </technique_common>
          </bind_material>
        </instance_geometry>
      </node>
    </visual_scene>
  </library_visual_scenes>
  <scene>
    <instance_visual_scene url="#scene"/>
  </scene>
</COLLADA>
